Fecha (Día),dia,Período (Mes),Es Pronóstico (Sí/No),Código Mercado Comercialización,Demanda Mercado Total (VR - DemaCome) [kWh],Demanda Comercial Agente (VR - DemaComeReg) [kWh],vr_total_todos_agentes_kwh,vr_total_cniors_kwh,Costo Unitario (CU - PrecPromCont) [COP/kWh],Cobertura Energía en Contratos [kWh],Exposición Energía en Bolsa Spot [kWh],Porcentaje Cobertura Contratos [%],Porcentaje Exposición Bolsa Spot [%],Estado Cobertura Demanda,Asignación Diaria PUI [kWh],Valor Diarios PUI [COP],Egreso Giro Diario al CIOR [COP],Recaudo Real Diario Agente [COP],Flujo Neto Caja Diarios [COP],Sobrecosto Diarios [COP],pct_perdida_incobrabilidad
2026-08-28,28,2026-08-01,True,ANTIOQUIA,30133969.09,439550.4175,191525236.2,124491403.53,362.8469,373617.85,65932.56,85.0,15.0,Cubierta (85.0% Contratos / 15.0% Bolsa),1318.6512525,478468.5191507423,736105.414078065,677216.9809518198,-58888.43312624516,58888.43312624516,7.999999999999995
2026-08-28,28,2026-08-01,True,BOGOTA,42121456.97,439550.4175,191525236.2,124491403.53,362.8469,373617.85,65932.56,85.0,15.0,Cubierta (85.0% Contratos / 15.0% Bolsa),1318.6512525,478468.5191507423,736105.414078065,677216.9809518198,-58888.43312624516,58888.43312624516,7.999999999999995
2026-08-28,28,2026-08-01,True,CARIBE_MAR,34168855.29,439550.4175,191525236.2,124491403.53,362.8469,373617.85,65932.56,85.0,15.0,Cubierta (85.0% Contratos / 15.0% Bolsa),1318.6512525,478468.5191507423,736105.414078065,677216.9809518198,-58888.43312624516,58888.43312624516,7.999999999999995
2026-08-28,28,2026-08-01,True,CARIBE_SOL,26591629.18,439550.4175,191525236.2,124491403.53,362.8469,373617.85,65932.56,85.0,15.0,Cubierta (85.0% Contratos / 15.0% Bolsa),1318.6512525,478468.5191507423,736105.414078065,677216.9809518198,-58888.43312624516,58888.43312624516,7.999999999999995
2026-08-28,28,2026-08-01,True,VALLE,21532942.94,439550.4175,191525236.2,124491403.53,362.8469,373617.85,65932.56,85.0,15.0,Cubierta (85.0% Contratos / 15.0% Bolsa),1318.6512525,478468.5191507423,736105.414078065,677216.9809518198,-58888.43312624516,58888.43312624516,7.999999999999995
2026-08-28,28,2026-08-01,True,SANTANDER,17026100.06,439550.4175,191525236.2,124491403.53,362.8469,373617.85,65932.56,85.0,15.0,Cubierta (85.0% Contratos / 15.0% Bolsa),1318.6512525,478468.5191507423,736105.414078065,677216.9809518198,-58888.43312624516,58888.43312624516,7.999999999999995
2026-08-28,28,2026-08-01,True,CUNDINAMARCA,10850816.79,439550.4175,191525236.2,124491403.53,362.8469,373617.85,65932.56,85.0,15.0,Cubierta (85.0% Contratos / 15.0% Bolsa),1318.6512525,478468.5191507423,736105.414078065,677216.9809518198,-58888.43312624516,58888.43312624516,7.999999999999995
2026-08-28,28,2026-08-01,True,TOLIMA,9099465.88,439550.4175,191525236.2,124491403.53,362.8469,373617.85,65932.56,85.0,15.0,Cubierta (85.0% Contratos / 15.0% Bolsa),1318.6512525,478468.5191507423,736105.414078065,677216.9809518198,-58888.43312624516,58888.43312624516,7.999999999999995
2026-08-29,29,2026-08-01,True,ANTIOQUIA,25555838.85,313588.255,162061113.95000002,105339724.07,363.5664,266550.02,47038.24,85.0,15.0,Cubierta (85.0% Contratos / 15.0% Bolsa),940.764765,342030.458857896,526200.7059227366,484104.64944891765,-42096.0564738189,42096.0564738189,7.999999999999995
2026-08-29,29,2026-08-01,True,BOGOTA,36195505.46,313588.255,162061113.95000002,105339724.07,363.5664,266550.02,47038.24,85.0,15.0,Cubierta (85.0% Contratos / 15.0% Bolsa),940.764765,342030.458857896,526200.7059227366,484104.64944891765,-42096.0564738189,42096.0564738189,7.999999999999995
2026-08-29,29,2026-08-01,True,CARIBE_MAR,28532006.91,313588.255,162061113.95000002,105339724.07,363.5664,266550.02,47038.24,85.0,15.0,Cubierta (85.0% Contratos / 15.0% Bolsa),940.764765,342030.458857896,526200.7059227366,484104.64944891765,-42096.0564738189,42096.0564738189,7.999999999999995
2026-08-29,29,2026-08-01,True,CARIBE_SOL,22494019.21,313588.255,162061113.95000002,105339724.07,363.5664,266550.02,47038.24,85.0,15.0,Cubierta (85.0% Contratos / 15.0% Bolsa),940.764765,342030.458857896,526200.7059227366,484104.64944891765,-42096.0564738189,42096.0564738189,7.999999999999995
2026-08-29,29,2026-08-01,True,VALLE,18260278.9,313588.255,162061113.95000002,105339724.07,363.5664,266550.02,47038.24,85.0,15.0,Cubierta (85.0% Contratos / 15.0% Bolsa),940.764765,342030.458857896,526200.7059227366,484104.64944891765,-42096.0564738189,42096.0564738189,7.999999999999995
2026-08-29,29,2026-08-01,True,SANTANDER,14200998.43,313588.255,162061113.95000002,105339724.07,363.5664,266550.02,47038.24,85.0,15.0,Cubierta (85.0% Contratos / 15.0% Bolsa),940.764765,342030.458857896,526200.7059227366,484104.64944891765,-42096.0564738189,42096.0564738189,7.999999999999995
2026-08-29,29,2026-08-01,True,CUNDINAMARCA,9188906.15,313588.255,162061113.95000002,105339724.07,363.5664,266550.02,47038.24,85.0,15.0,Cubierta (85.0% Contratos / 15.0% Bolsa),940.764765,342030.458857896,526200.7059227366,484104.64944891765,-42096.0564738189,42096.0564738189,7.999999999999995
2026-08-29,29,2026-08-01,True,TOLIMA,7633560.04,313588.255,162061113.95000002,105339724.07,363.5664,266550.02,47038.24,85.0,15.0,Cubierta (85.0% Contratos / 15.0% Bolsa),940.764765,342030.458857896,526200.7059227366,484104.64944891765,-42096.0564738189,42096.0564738189,7.999999999999995
2026-08-30,30,2026-08-01,True,ANTIOQUIA,25644826.42,312461.0475,161478577.39999998,104961075.31,364.2743,265591.89,46869.16,85.0,15.0,Cubierta (85.0% Contratos / 15.0% Bolsa),937.3831425,341464.58806598774,525330.1354861348,483303.72464724403,-42026.41083889076,42026.41083889076,7.9999999999999964
2026-08-30,30,2026-08-01,True,BOGOTA,35583872.24,312461.0475,161478577.39999998,104961075.31,364.2743,265591.89,46869.16,85.0,15.0,Cubierta (85.0% Contratos / 15.0% Bolsa),937.3831425,341464.58806598774,525330.1354861348,483303.72464724403,-42026.41083889076,42026.41083889076,7.9999999999999964
2026-08-30,30,2026-08-01,True,CARIBE_MAR,28722711.46,312461.0475,161478577.39999998,104961075.31,364.2743,265591.89,46869.16,85.0,15.0,Cubierta (85.0% Contratos / 15.0% Bolsa),937.3831425,341464.58806598774,525330.1354861348,483303.72464724403,-42026.41083889076,42026.41083889076,7.9999999999999964
2026-08-30,30,2026-08-01,True,CARIBE_SOL,22557603.16,312461.0475,161478577.39999998,104961075.31,364.2743,265591.89,46869.16,85.0,15.0,Cubierta (85.0% Contratos / 15.0% Bolsa),937.3831425,341464.58806598774,525330.1354861348,483303.72464724403,-42026.41083889076,42026.41083889076,7.9999999999999964
2026-08-30,30,2026-08-01,True,VALLE,18208192.99,312461.0475,161478577.39999998,104961075.31,364.2743,265591.89,46869.16,85.0,15.0,Cubierta (85.0% Contratos / 15.0% Bolsa),937.3831425,341464.58806598774,525330.1354861348,483303.72464724403,-42026.41083889076,42026.41083889076,7.9999999999999964
2026-08-30,30,2026-08-01,True,SANTANDER,13959762.09,312461.0475,161478577.39999998,104961075.31,364.2743,265591.89,46869.16,85.0,15.0,Cubierta (85.0% Contratos / 15.0% Bolsa),937.3831425,341464.58806598774,525330.1354861348,483303.72464724403,-42026.41083889076,42026.41083889076,7.9999999999999964
2026-08-30,30,2026-08-01,True,CUNDINAMARCA,9136810.85,312461.0475,161478577.39999998,104961075.31,364.2743,265591.89,46869.16,85.0,15.0,Cubierta (85.0% Contratos / 15.0% Bolsa),937.3831425,341464.58806598774,525330.1354861348,483303.72464724403,-42026.41083889076,42026.41083889076,7.9999999999999964
2026-08-30,30,2026-08-01,True,TOLIMA,7664798.19,312461.0475,161478577.39999998,104961075.31,364.2743,265591.89,46869.16,85.0,15.0,Cubierta (85.0% Contratos / 15.0% Bolsa),937.3831425,341464.58806598774,525330.1354861348,483303.72464724403,-42026.41083889076,42026.41083889076,7.9999999999999964
2026-08-31,31,2026-08-01,True,ANTIOQUIA,30054884.13,438913.0825,191247530.71999997,124310894.97,364.9592,373076.12,65836.96,85.0,15.0,Cubierta (85.0% Contratos / 15.0% Bolsa),1316.7392475000001,480556.10237620206,739317.0805668775,680171.7141215273,-59145.36644535023,59145.36644535023,8.000000000000004
2026-08-31,31,2026-08-01,True,BOGOTA,41650819.54,438913.0825,191247530.71999997,124310894.97,364.9592,373076.12,65836.96,85.0,15.0,Cubierta (85.0% Contratos / 15.0% Bolsa),1316.7392475000001,480556.10237620206,739317.0805668775,680171.7141215273,-59145.36644535023,59145.36644535023,8.000000000000004
2026-08-31,31,2026-08-01,True,CARIBE_MAR,33854766.51,438913.0825,191247530.71999997,124310894.97,364.9592,373076.12,65836.96,85.0,15.0,Cubierta (85.0% Contratos / 15.0% Bolsa),1316.7392475000001,480556.10237620206,739317.0805668775,680171.7141215273,-59145.36644535023,59145.36644535023,8.000000000000004
2026-08-31,31,2026-08-01,True,CARIBE_SOL,26503304.83,438913.0825,191247530.71999997,124310894.97,364.9592,373076.12,65836.96,85.0,15.0,Cubierta (85.0% Contratos / 15.0% Bolsa),1316.7392475000001,480556.10237620206,739317.0805668775,680171.7141215273,-59145.36644535023,59145.36644535023,8.000000000000004
2026-08-31,31,2026-08-01,True,VALLE,22115353.27,438913.0825,191247530.71999997,124310894.97,364.9592,373076.12,65836.96,85.0,15.0,Cubierta (85.0% Contratos / 15.0% Bolsa),1316.7392475000001,480556.10237620206,739317.0805668775,680171.7141215273,-59145.36644535023,59145.36644535023,8.000000000000004
2026-08-31,31,2026-08-01,True,SANTANDER,16985495.76,438913.0825,191247530.71999997,124310894.97,364.9592,373076.12,65836.96,85.0,15.0,Cubierta (85.0% Contratos / 15.0% Bolsa),1316.7392475000001,480556.10237620206,739317.0805668775,680171.7141215273,-59145.36644535023,59145.36644535023,8.000000000000004
2026-08-31,31,2026-08-01,True,CUNDINAMARCA,10881752.11,438913.0825,191247530.71999997,124310894.97,364.9592,373076.12,65836.96,85.0,15.0,Cubierta (85.0% Contratos / 15.0% Bolsa),1316.7392475000001,480556.10237620206,739317.0805668775,680171.7141215273,-59145.36644535023,59145.36644535023,8.000000000000004
2026-08-31,31,2026-08-01,True,TOLIMA,9201154.57,438913.0825,191247530.71999997,124310894.97,364.9592,373076.12,65836.96,85.0,15.0,Cubierta (85.0% Contratos / 15.0% Bolsa),1316.7392475000001,480556.10237620206,739317.0805668775,680171.7141215273,-59145.36644535023,59145.36644535023,8.000000000000004
2026-09-01,1,2026-09-01,True,ANTIOQUIA,30039447.6,437776.2275,190752168.67999998,123988909.64,365.6102,372109.79,65666.43,85.0,15.0,Cubierta (85.0% Contratos / 15.0% Bolsa),1313.3286825,480166.36227456154,738717.4804343181,679620.0819995727,-59097.39843474538,59097.39843474538,7.999999999999992
2026-09-01,1,2026-09-01,True,BOGOTA,41761734.72,437776.2275,190752168.67999998,123988909.64,365.6102,372109.79,65666.43,85.0,15.0,Cubierta (85.0% Contratos / 15.0% Bolsa),1313.3286825,480166.36227456154,738717.4804343181,679620.0819995727,-59097.39843474538,59097.39843474538,7.999999999999992
2026-09-01,1,2026-09-01,True,CARIBE_MAR,33886707.58,437776.2275,190752168.67999998,123988909.64,365.6102,372109.79,65666.43,85.0,15.0,Cubierta (85.0% Contratos / 15.0% Bolsa),1313.3286825,480166.36227456154,738717.4804343181,679620.0819995727,-59097.39843474538,59097.39843474538,7.999999999999992
2026-09-01,1,2026-09-01,True,CARIBE_SOL,26542586.17,437776.2275,190752168.67999998,123988909.64,365.6102,372109.79,65666.43,85.0,15.0,Cubierta (85.0% Contratos / 15.0% Bolsa),1313.3286825,480166.36227456154,738717.4804343181,679620.0819995727,-59097.39843474538,59097.39843474538,7.999999999999992
2026-09-01,1,2026-09-01,True,VALLE,21698485.94,437776.2275,190752168.67999998,123988909.64,365.6102,372109.79,65666.43,85.0,15.0,Cubierta (85.0% Contratos / 15.0% Bolsa),1313.3286825,480166.36227456154,738717.4804343181,679620.0819995727,-59097.39843474538,59097.39843474538,7.999999999999992
2026-09-01,1,2026-09-01,True,SANTANDER,16923832.56,437776.2275,190752168.67999998,123988909.64,365.6102,372109.79,65666.43,85.0,15.0,Cubierta (85.0% Contratos / 15.0% Bolsa),1313.3286825,480166.36227456154,738717.4804343181,679620.0819995727,-59097.39843474538,59097.39843474538,7.999999999999992
2026-09-01,1,2026-09-01,True,CUNDINAMARCA,10938068.89,437776.2275,190752168.67999998,123988909.64,365.6102,372109.79,65666.43,85.0,15.0,Cubierta (85.0% Contratos / 15.0% Bolsa),1313.3286825,480166.36227456154,738717.4804343181,679620.0819995727,-59097.39843474538,59097.39843474538,7.999999999999992
2026-09-01,1,2026-09-01,True,TOLIMA,8961305.22,437776.2275,190752168.67999998,123988909.64,365.6102,372109.79,65666.43,85.0,15.0,Cubierta (85.0% Contratos / 15.0% Bolsa),1313.3286825,480166.36227456154,738717.4804343181,679620.0819995727,-59097.39843474538,59097.39843474538,7.999999999999992
2026-09-02,2,2026-09-01,True,ANTIOQUIA,30560837.38,439836.26375,191649788.06000003,124572362.24,366.2172,373860.82,65975.44,85.0,15.0,Cubierta (85.0% Contratos / 15.0% Bolsa),1319.50879125,483226.81490695954,743425.8690816623,683951.7995551294,-59474.0695265329,59474.0695265329,7.999999999999989
2026-09-02,2,2026-09-01,True,BOGOTA,42138301.56,439836.26375,191649788.06000003,124572362.24,366.2172,373860.82,65975.44,85.0,15.0,Cubierta (85.0% Contratos / 15.0% Bolsa),1319.50879125,483226.81490695954,743425.8690816623,683951.7995551294,-59474.0695265329,59474.0695265329,7.999999999999989
2026-09-02,2,2026-09-01,True,CARIBE_MAR,33662870.06,439836.26375,191649788.06000003,124572362.24,366.2172,373860.82,65975.44,85.0,15.0,Cubierta (85.0% Contratos / 15.0% Bolsa),1319.50879125,483226.81490695954,743425.8690816623,683951.7995551294,-59474.0695265329,59474.0695265329,7.999999999999989
2026-09-02,2,2026-09-01,True,CARIBE_SOL,26698621.39,439836.26375,191649788.06000003,124572362.24,366.2172,373860.82,65975.44,85.0,15.0,Cubierta (85.0% Contratos / 15.0% Bolsa),1319.50879125,483226.81490695954,743425.8690816623,683951.7995551294,-59474.0695265329,59474.0695265329,7.999999999999989
2026-09-02,2,2026-09-01,True,VALLE,21445859.41,439836.26375,191649788.06000003,124572362.24,366.2172,373860.82,65975.44,85.0,15.0,Cubierta (85.0% Contratos / 15.0% Bolsa),1319.50879125,483226.81490695954,743425.8690816623,683951.7995551294,-59474.0695265329,59474.0695265329,7.999999999999989
2026-09-02,2,2026-09-01,True,SANTANDER,17097239.24,439836.26375,191649788.06000003,124572362.24,366.2172,373860.82,65975.44,85.0,15.0,Cubierta (85.0% Contratos / 15.0% Bolsa),1319.50879125,483226.81490695954,743425.8690816623,683951.7995551294,-59474.0695265329,59474.0695265329,7.999999999999989
2026-09-02,2,2026-09-01,True,CUNDINAMARCA,10842018.62,439836.26375,191649788.06000003,124572362.24,366.2172,373860.82,65975.44,85.0,15.0,Cubierta (85.0% Contratos / 15.0% Bolsa),1319.50879125,483226.81490695954,743425.8690816623,683951.7995551294,-59474.0695265329,59474.0695265329,7.999999999999989
2026-09-02,2,2026-09-01,True,TOLIMA,9204040.4,439836.26375,191649788.06000003,124572362.24,366.2172,373860.82,65975.44,85.0,15.0,Cubierta (85.0% Contratos / 15.0% Bolsa),1319.50879125,483226.81490695954,743425.8690816623,683951.7995551294,-59474.0695265329,59474.0695265329,7.999999999999989
2026-09-03,3,2026-09-01,True,ANTIOQUIA,29565248.67,439420.98875,191468840.42000002,124454746.27,366.7708,373507.84,65913.15,85.0,15.0,Cubierta (85.0% Contratos / 15.0% Bolsa),1318.26296625,483500.36274188553,743846.7119285237,684338.9749742418,-59507.73695428192,59507.73695428192,8.000000000000004
2026-09-03,3,2026-09-01,True,BOGOTA,42138033.28,439420.98875,191468840.42000002,124454746.27,366.7708,373507.84,65913.15,85.0,15.0,Cubierta (85.0% Contratos / 15.0% Bolsa),1318.26296625,483500.36274188553,743846.7119285237,684338.9749742418,-59507.73695428192,59507.73695428192,8.000000000000004
2026-09-03,3,2026-09-01,True,CARIBE_MAR,34059320.44,439420.98875,191468840.42000002,124454746.27,366.7708,373507.84,65913.15,85.0,15.0,Cubierta (85.0% Contratos / 15.0% Bolsa),1318.26296625,483500.36274188553,743846.7119285237,684338.9749742418,-59507.73695428192,59507.73695428192,8.000000000000004
2026-09-03,3,2026-09-01,True,CARIBE_SOL,26427865.02,439420.98875,191468840.42000002,124454746.27,366.7708,373507.84,65913.15,85.0,15.0,Cubierta (85.0% Contratos / 15.0% Bolsa),1318.26296625,483500.36274188553,743846.7119285237,684338.9749742418,-59507.73695428192,59507.73695428192,8.000000000000004
2026-09-03,3,2026-09-01,True,VALLE,22240315.37,439420.98875,191468840.42000002,124454746.27,366.7708,373507.84,65913.15,85.0,15.0,Cubierta (85.0% Contratos / 15.0% Bolsa),1318.26296625,483500.36274188553,743846.7119285237,684338.9749742418,-59507.73695428192,59507.73695428192,8.000000000000004
2026-09-03,3,2026-09-01,True,SANTANDER,16960840.28,439420.98875,191468840.42000002,124454746.27,366.7708,373507.84,65913.15,85.0,15.0,Cubierta (85.0% Contratos / 15.0% Bolsa),1318.26296625,483500.36274188553,743846.7119285237,684338.9749742418,-59507.73695428192,59507.73695428192,8.000000000000004
2026-09-03,3,2026-09-01,True,CUNDINAMARCA,10871697.46,439420.98875,191468840.42000002,124454746.27,366.7708,373507.84,65913.15,85.0,15.0,Cubierta (85.0% Contratos / 15.0% Bolsa),1318.26296625,483500.36274188553,743846.7119285237,684338.9749742418,-59507.73695428192,59507.73695428192,8.000000000000004
2026-09-03,3,2026-09-01,True,TOLIMA,9205519.9,439420.98875,191468840.42000002,124454746.27,366.7708,373507.84,65913.15,85.0,15.0,Cubierta (85.0% Contratos / 15.0% Bolsa),1318.26296625,483500.36274188553,743846.7119285237,684338.9749742418,-59507.73695428192,59507.73695428192,8.000000000000004
2026-09-04,4,2026-09-01,True,ANTIOQUIA,30385995.42,441161.32625,192227157.65999997,124947652.48,367.2628,374987.13,66174.2,85.0,15.0,Cubierta (85.0% Contratos / 15.0% Bolsa),1323.48397875,486066.43179086555,747794.5104415005,687970.9496061804,-59823.56083532004,59823.56083532004,8.0
2026-09-04,4,2026-09-01,True,BOGOTA,42421018.23,441161.32625,192227157.65999997,124947652.48,367.2628,374987.13,66174.2,85.0,15.0,Cubierta (85.0% Contratos / 15.0% Bolsa),1323.48397875,486066.43179086555,747794.5104415005,687970.9496061804,-59823.56083532004,59823.56083532004,8.0
2026-09-04,4,2026-09-01,True,CARIBE_MAR,34009317.0,441161.32625,192227157.65999997,124947652.48,367.2628,374987.13,66174.2,85.0,15.0,Cubierta (85.0% Contratos / 15.0% Bolsa),1323.48397875,486066.43179086555,747794.5104415005,687970.9496061804,-59823.56083532004,59823.56083532004,8.0
2026-09-04,4,2026-09-01,True,CARIBE_SOL,26822960.03,441161.32625,192227157.65999997,124947652.48,367.2628,374987.13,66174.2,85.0,15.0,Cubierta (85.0% Contratos / 15.0% Bolsa),1323.48397875,486066.43179086555,747794.5104415005,687970.9496061804,-59823.56083532004,59823.56083532004,8.0
2026-09-04,4,2026-09-01,True,VALLE,21630345.76,441161.32625,192227157.65999997,124947652.48,367.2628,374987.13,66174.2,85.0,15.0,Cubierta (85.0% Contratos / 15.0% Bolsa),1323.48397875,486066.43179086555,747794.5104415005,687970.9496061804,-59823.56083532004,59823.56083532004,8.0
2026-09-04,4,2026-09-01,True,SANTANDER,17144710.2,441161.32625,192227157.65999997,124947652.48,367.2628,374987.13,66174.2,85.0,15.0,Cubierta (85.0% Contratos / 15.0% Bolsa),1323.48397875,486066.43179086555,747794.5104415005,687970.9496061804,-59823.56083532004,59823.56083532004,8.0
2026-09-04,4,2026-09-01,True,CUNDINAMARCA,10757171.6,441161.32625,192227157.65999997,124947652.48,367.2628,374987.13,66174.2,85.0,15.0,Cubierta (85.0% Contratos / 15.0% Bolsa),1323.48397875,486066.43179086555,747794.5104415005,687970.9496061804,-59823.56083532004,59823.56083532004,8.0
2026-09-04,4,2026-09-01,True,TOLIMA,9055639.42,441161.32625,192227157.65999997,124947652.48,367.2628,374987.13,66174.2,85.0,15.0,Cubierta (85.0% Contratos / 15.0% Bolsa),1323.48397875,486066.43179086555,747794.5104415005,687970.9496061804,-59823.56083532004,59823.56083532004,8.0
2026-09-05,5,2026-09-01,True,ANTIOQUIA,24978284.13,311002.76625,160724943.51,104471213.28,367.6862,264352.35,46650.41,85.0,15.0,Cubierta (85.0% Contratos / 15.0% Bolsa),933.00829875,343054.27593585226,527775.8091396581,485553.7444084855,-42222.064731172635,42222.064731172635,7.999999999999997
2026-09-05,5,2026-09-01,True,BOGOTA,35612486.47,311002.76625,160724943.51,104471213.28,367.6862,264352.35,46650.41,85.0,15.0,Cubierta (85.0% Contratos / 15.0% Bolsa),933.00829875,343054.27593585226,527775.8091396581,485553.7444084855,-42222.064731172635,42222.064731172635,7.999999999999997
2026-09-05,5,2026-09-01,True,CARIBE_MAR,28418011.38,311002.76625,160724943.51,104471213.28,367.6862,264352.35,46650.41,85.0,15.0,Cubierta (85.0% Contratos / 15.0% Bolsa),933.00829875,343054.27593585226,527775.8091396581,485553.7444084855,-42222.064731172635,42222.064731172635,7.999999999999997
2026-09-05,5,2026-09-01,True,CARIBE_SOL,22563182.17,311002.76625,160724943.51,104471213.28,367.6862,264352.35,46650.41,85.0,15.0,Cubierta (85.0% Contratos / 15.0% Bolsa),933.00829875,343054.27593585226,527775.8091396581,485553.7444084855,-42222.064731172635,42222.064731172635,7.999999999999997
2026-09-05,5,2026-09-01,True,VALLE,18344559.45,311002.76625,160724943.51,104471213.28,367.6862,264352.35,46650.41,85.0,15.0,Cubierta (85.0% Contratos / 15.0% Bolsa),933.00829875,343054.27593585226,527775.8091396581,485553.7444084855,-42222.064731172635,42222.064731172635,7.999999999999997
2026-09-05,5,2026-09-01,True,SANTANDER,13993013.16,311002.76625,160724943.51,104471213.28,367.6862,264352.35,46650.41,85.0,15.0,Cubierta (85.0% Contratos / 15.0% Bolsa),933.00829875,343054.27593585226,527775.8091396581,485553.7444084855,-42222.064731172635,42222.064731172635,7.999999999999997
2026-09-05,5,2026-09-01,True,CUNDINAMARCA,9197749.06,311002.76625,160724943.51,104471213.28,367.6862,264352.35,46650.41,85.0,15.0,Cubierta (85.0% Contratos / 15.0% Bolsa),933.00829875,343054.27593585226,527775.8091396581,485553.7444084855,-42222.064731172635,42222.064731172635,7.999999999999997
2026-09-05,5,2026-09-01,True,TOLIMA,7617657.69,311002.76625,160724943.51,104471213.28,367.6862,264352.35,46650.41,85.0,15.0,Cubierta (85.0% Contratos / 15.0% Bolsa),933.00829875,343054.27593585226,527775.8091396581,485553.7444084855,-42222.064731172635,42222.064731172635,7.999999999999997
2026-09-06,6,2026-09-01,True,ANTIOQUIA,25554918.1,313643.6225,162089727.69000003,105358323.0,368.0355,266597.08,47046.54,85.0,15.0,Cubierta (85.0% Contratos / 15.0% Bolsa),940.9308675,346295.96228579624,532763.0188936401,490141.97738214897,-42621.041511491174,42621.041511491174,7.999999999999993
2026-09-06,6,2026-09-01,True,BOGOTA,35428559.77,313643.6225,162089727.69000003,105358323.0,368.0355,266597.08,47046.54,85.0,15.0,Cubierta (85.0% Contratos / 15.0% Bolsa),940.9308675,346295.96228579624,532763.0188936401,490141.97738214897,-42621.041511491174,42621.041511491174,7.999999999999993
2026-09-06,6,2026-09-01,True,CARIBE_MAR,28966486.77,313643.6225,162089727.69000003,105358323.0,368.0355,266597.08,47046.54,85.0,15.0,Cubierta (85.0% Contratos / 15.0% Bolsa),940.9308675,346295.96228579624,532763.0188936401,490141.97738214897,-42621.041511491174,42621.041511491174,7.999999999999993
2026-09-06,6,2026-09-01,True,CARIBE_SOL,22398392.2,313643.6225,162089727.69000003,105358323.0,368.0355,266597.08,47046.54,85.0,15.0,Cubierta (85.0% Contratos / 15.0% Bolsa),940.9308675,346295.96228579624,532763.0188936401,490141.97738214897,-42621.041511491174,42621.041511491174,7.999999999999993
2026-09-06,6,2026-09-01,True,VALLE,18340690.18,313643.6225,162089727.69000003,105358323.0,368.0355,266597.08,47046.54,85.0,15.0,Cubierta (85.0% Contratos / 15.0% Bolsa),940.9308675,346295.96228579624,532763.0188936401,490141.97738214897,-42621.041511491174,42621.041511491174,7.999999999999993
2026-09-06,6,2026-09-01,True,SANTANDER,14529771.23,313643.6225,162089727.69000003,105358323.0,368.0355,266597.08,47046.54,85.0,15.0,Cubierta (85.0% Contratos / 15.0% Bolsa),940.9308675,346295.96228579624,532763.0188936401,490141.97738214897,-42621.041511491174,42621.041511491174,7.999999999999993
2026-09-06,6,2026-09-01,True,CUNDINAMARCA,9225795.36,313643.6225,162089727.69000003,105358323.0,368.0355,266597.08,47046.54,85.0,15.0,Cubierta (85.0% Contratos / 15.0% Bolsa),940.9308675,346295.96228579624,532763.0188936401,490141.97738214897,-42621.041511491174,42621.041511491174,7.999999999999993
2026-09-06,6,2026-09-01,True,TOLIMA,7645114.08,313643.6225,162089727.69000003,105358323.0,368.0355,266597.08,47046.54,85.0,15.0,Cubierta (85.0% Contratos / 15.0% Bolsa),940.9308675,346295.96228579624,532763.0188936401,490141.97738214897,-42621.041511491174,42621.041511491174,7.999999999999993
2026-09-07,7,2026-09-01,True,ANTIOQUIA,30592754.62,440250.9125,191830463.16,124689801.05,368.3065,374213.28,66037.64,85.0,15.0,Cubierta (85.0% Contratos / 15.0% Bolsa),1320.7527375,486441.8181140438,748372.0278917672,688502.2656604259,-59869.76223134133,59869.76223134133,7.999999999999993
2026-09-07,7,2026-09-01,True,BOGOTA,41790656.88,440250.9125,191830463.16,124689801.05,368.3065,374213.28,66037.64,85.0,15.0,Cubierta (85.0% Contratos / 15.0% Bolsa),1320.7527375,486441.8181140438,748372.0278917672,688502.2656604259,-59869.76223134133,59869.76223134133,7.999999999999993
2026-09-07,7,2026-09-01,True,CARIBE_MAR,33973794.08,440250.9125,191830463.16,124689801.05,368.3065,374213.28,66037.64,85.0,15.0,Cubierta (85.0% Contratos / 15.0% Bolsa),1320.7527375,486441.8181140438,748372.0278917672,688502.2656604259,-59869.76223134133,59869.76223134133,7.999999999999993
2026-09-07,7,2026-09-01,True,CARIBE_SOL,26528549.11,440250.9125,191830463.16,124689801.05,368.3065,374213.28,66037.64,85.0,15.0,Cubierta (85.0% Contratos / 15.0% Bolsa),1320.7527375,486441.8181140438,748372.0278917672,688502.2656604259,-59869.76223134133,59869.76223134133,7.999999999999993
2026-09-07,7,2026-09-01,True,VALLE,21720608.72,440250.9125,191830463.16,124689801.05,368.3065,374213.28,66037.64,85.0,15.0,Cubierta (85.0% Contratos / 15.0% Bolsa),1320.7527375,486441.8181140438,748372.0278917672,688502.2656604259,-59869.76223134133,59869.76223134133,7.999999999999993
2026-09-07,7,2026-09-01,True,SANTANDER,16880243.81,440250.9125,191830463.16,124689801.05,368.3065,374213.28,66037.64,85.0,15.0,Cubierta (85.0% Contratos / 15.0% Bolsa),1320.7527375,486441.8181140438,748372.0278917672,688502.2656604259,-59869.76223134133,59869.76223134133,7.999999999999993
2026-09-07,7,2026-09-01,True,CUNDINAMARCA,11103904.79,440250.9125,191830463.16,124689801.05,368.3065,374213.28,66037.64,85.0,15.0,Cubierta (85.0% Contratos / 15.0% Bolsa),1320.7527375,486441.8181140438,748372.0278917672,688502.2656604259,-59869.76223134133,59869.76223134133,7.999999999999993
2026-09-07,7,2026-09-01,True,TOLIMA,9239951.15,440250.9125,191830463.16,124689801.05,368.3065,374213.28,66037.64,85.0,15.0,Cubierta (85.0% Contratos / 15.0% Bolsa),1320.7527375,486441.8181140438,748372.0278917672,688502.2656604259,-59869.76223134133,59869.76223134133,7.999999999999993
2026-09-08,8,2026-09-01,True,ANTIOQUIA,30139045.69,443520.53375,193255134.28999996,125615837.29,368.4969,376992.45,66528.08,85.0,15.0,Cubierta (85.0% Contratos / 15.0% Bolsa),1330.56160125,490307.82531966106,754319.7312520094,693974.1527518487,-60345.578500160715,60345.578500160715,7.999999999999995
2026-09-08,8,2026-09-01,True,BOGOTA,42779589.73,443520.53375,193255134.28999996,125615837.29,368.4969,376992.45,66528.08,85.0,15.0,Cubierta (85.0% Contratos / 15.0% Bolsa),1330.56160125,490307.82531966106,754319.7312520094,693974.1527518487,-60345.578500160715,60345.578500160715,7.999999999999995
2026-09-08,8,2026-09-01,True,CARIBE_MAR,33922184.83,443520.53375,193255134.28999996,125615837.29,368.4969,376992.45,66528.08,85.0,15.0,Cubierta (85.0% Contratos / 15.0% Bolsa),1330.56160125,490307.82531966106,754319.7312520094,693974.1527518487,-60345.578500160715,60345.578500160715,7.999999999999995
2026-09-08,8,2026-09-01,True,CARIBE_SOL,27003097.58,443520.53375,193255134.28999996,125615837.29,368.4969,376992.45,66528.08,85.0,15.0,Cubierta (85.0% Contratos / 15.0% Bolsa),1330.56160125,490307.82531966106,754319.7312520094,693974.1527518487,-60345.578500160715,60345.578500160715,7.999999999999995
2026-09-08,8,2026-09-01,True,VALLE,22093848.93,443520.53375,193255134.28999996,125615837.29,368.4969,376992.45,66528.08,85.0,15.0,Cubierta (85.0% Contratos / 15.0% Bolsa),1330.56160125,490307.82531966106,754319.7312520094,693974.1527518487,-60345.578500160715,60345.578500160715,7.999999999999995
2026-09-08,8,2026-09-01,True,SANTANDER,17123459.95,443520.53375,193255134.28999996,125615837.29,368.4969,376992.45,66528.08,85.0,15.0,Cubierta (85.0% Contratos / 15.0% Bolsa),1330.56160125,490307.82531966106,754319.7312520094,693974.1527518487,-60345.578500160715,60345.578500160715,7.999999999999995
2026-09-08,8,2026-09-01,True,CUNDINAMARCA,11053681.88,443520.53375,193255134.28999996,125615837.29,368.4969,376992.45,66528.08,85.0,15.0,Cubierta (85.0% Contratos / 15.0% Bolsa),1330.56160125,490307.82531966106,754319.7312520094,693974.1527518487,-60345.578500160715,60345.578500160715,7.999999999999995
2026-09-08,8,2026-09-01,True,TOLIMA,9140225.7,443520.53375,193255134.28999996,125615837.29,368.4969,376992.45,66528.08,85.0,15.0,Cubierta (85.0% Contratos / 15.0% Bolsa),1330.56160125,490307.82531966106,754319.7312520094,693974.1527518487,-60345.578500160715,60345.578500160715,7.999999999999995
2026-09-09,9,2026-09-01,True,ANTIOQUIA,30089019.81,441797.0075,192504142.75,125127692.79,368.6058,375527.46,66269.55,85.0,15.0,Cubierta (85.0% Contratos / 15.0% Bolsa),1325.3910225,488546.8181614305,751610.489464107,691481.6503069785,-60128.839157128474,60128.839157128474,7.999999999999989
2026-09-09,9,2026-09-01,True,BOGOTA,42568302.37,441797.0075,192504142.75,125127692.79,368.6058,375527.46,66269.55,85.0,15.0,Cubierta (85.0% Contratos / 15.0% Bolsa),1325.3910225,488546.8181614305,751610.489464107,691481.6503069785,-60128.839157128474,60128.839157128474,7.999999999999989
2026-09-09,9,2026-09-01,True,CARIBE_MAR,33789403.97,441797.0075,192504142.75,125127692.79,368.6058,375527.46,66269.55,85.0,15.0,Cubierta (85.0% Contratos / 15.0% Bolsa),1325.3910225,488546.8181614305,751610.489464107,691481.6503069785,-60128.839157128474,60128.839157128474,7.999999999999989
2026-09-09,9,2026-09-01,True,CARIBE_SOL,27127067.01,441797.0075,192504142.75,125127692.79,368.6058,375527.46,66269.55,85.0,15.0,Cubierta (85.0% Contratos / 15.0% Bolsa),1325.3910225,488546.8181614305,751610.489464107,691481.6503069785,-60128.839157128474,60128.839157128474,7.999999999999989
2026-09-09,9,2026-09-01,True,VALLE,21860007.8,441797.0075,192504142.75,125127692.79,368.6058,375527.46,66269.55,85.0,15.0,Cubierta (85.0% Contratos / 15.0% Bolsa),1325.3910225,488546.8181614305,751610.489464107,691481.6503069785,-60128.839157128474,60128.839157128474,7.999999999999989
2026-09-09,9,2026-09-01,True,SANTANDER,17038243.98,441797.0075,192504142.75,125127692.79,368.6058,375527.46,66269.55,85.0,15.0,Cubierta (85.0% Contratos / 15.0% Bolsa),1325.3910225,488546.8181614305,751610.489464107,691481.6503069785,-60128.839157128474,60128.839157128474,7.999999999999989
2026-09-09,9,2026-09-01,True,CUNDINAMARCA,10896643.84,441797.0075,192504142.75,125127692.79,368.6058,375527.46,66269.55,85.0,15.0,Cubierta (85.0% Contratos / 15.0% Bolsa),1325.3910225,488546.8181614305,751610.489464107,691481.6503069785,-60128.839157128474,60128.839157128474,7.999999999999989
2026-09-09,9,2026-09-01,True,TOLIMA,9135453.97,441797.0075,192504142.75,125127692.79,368.6058,375527.46,66269.55,85.0,15.0,Cubierta (85.0% Contratos / 15.0% Bolsa),1325.3910225,488546.8181614305,751610.489464107,691481.6503069785,-60128.839157128474,60128.839157128474,7.999999999999989
2026-09-10,10,2026-09-01,True,ANTIOQUIA,30231088.51,443659.115,193315518.76000002,125655087.19,368.634,377110.25,66548.87,85.0,15.0,Cubierta (85.0% Contratos / 15.0% Bolsa),1330.977345,490643.50259673,754836.157865152,694449.2652359399,-60386.89262921212,60386.89262921212,7.999999999999995
2026-09-10,10,2026-09-01,True,BOGOTA,42834415.16,443659.115,193315518.76000002,125655087.19,368.634,377110.25,66548.87,85.0,15.0,Cubierta (85.0% Contratos / 15.0% Bolsa),1330.977345,490643.50259673,754836.157865152,694449.2652359399,-60386.89262921212,60386.89262921212,7.999999999999995
2026-09-10,10,2026-09-01,True,CARIBE_MAR,34602721.58,443659.115,193315518.76000002,125655087.19,368.634,377110.25,66548.87,85.0,15.0,Cubierta (85.0% Contratos / 15.0% Bolsa),1330.977345,490643.50259673,754836.157865152,694449.2652359399,-60386.89262921212,60386.89262921212,7.999999999999995
2026-09-10,10,2026-09-01,True,CARIBE_SOL,26852340.7,443659.115,193315518.76000002,125655087.19,368.634,377110.25,66548.87,85.0,15.0,Cubierta (85.0% Contratos / 15.0% Bolsa),1330.977345,490643.50259673,754836.157865152,694449.2652359399,-60386.89262921212,60386.89262921212,7.999999999999995
2026-09-10,10,2026-09-01,True,VALLE,21781005.27,443659.115,193315518.76000002,125655087.19,368.634,377110.25,66548.87,85.0,15.0,Cubierta (85.0% Contratos / 15.0% Bolsa),1330.977345,490643.50259673,754836.157865152,694449.2652359399,-60386.89262921212,60386.89262921212,7.999999999999995
2026-09-10,10,2026-09-01,True,SANTANDER,16977659.02,443659.115,193315518.76000002,125655087.19,368.634,377110.25,66548.87,85.0,15.0,Cubierta (85.0% Contratos / 15.0% Bolsa),1330.977345,490643.50259673,754836.157865152,694449.2652359399,-60386.89262921212,60386.89262921212,7.999999999999995
2026-09-10,10,2026-09-01,True,CUNDINAMARCA,10785170.84,443659.115,193315518.76000002,125655087.19,368.634,377110.25,66548.87,85.0,15.0,Cubierta (85.0% Contratos / 15.0% Bolsa),1330.977345,490643.50259673,754836.157865152,694449.2652359399,-60386.89262921212,60386.89262921212,7.999999999999995
2026-09-10,10,2026-09-01,True,TOLIMA,9251117.68,443659.115,193315518.76000002,125655087.19,368.634,377110.25,66548.87,85.0,15.0,Cubierta (85.0% Contratos / 15.0% Bolsa),1330.977345,490643.50259673,754836.157865152,694449.2652359399,-60386.89262921212,60386.89262921212,7.999999999999995
2026-09-11,11,2026-09-01,True,ANTIOQUIA,30465633.23,441458.2325,192356528.22,125031743.34,368.5841,375239.5,66218.73,85.0,15.0,Cubierta (85.0% Contratos / 15.0% Bolsa),1324.3746975,488143.4559408097,750989.9322346495,690910.7376558776,-60079.194578771945,60079.194578771945,7.999999999999997
2026-09-11,11,2026-09-01,True,BOGOTA,42582474.72,441458.2325,192356528.22,125031743.34,368.5841,375239.5,66218.73,85.0,15.0,Cubierta (85.0% Contratos / 15.0% Bolsa),1324.3746975,488143.4559408097,750989.9322346495,690910.7376558776,-60079.194578771945,60079.194578771945,7.999999999999997
2026-09-11,11,2026-09-01,True,CARIBE_MAR,33455553.91,441458.2325,192356528.22,125031743.34,368.5841,375239.5,66218.73,85.0,15.0,Cubierta (85.0% Contratos / 15.0% Bolsa),1324.3746975,488143.4559408097,750989.9322346495,690910.7376558776,-60079.194578771945,60079.194578771945,7.999999999999997
2026-09-11,11,2026-09-01,True,CARIBE_SOL,26624691.48,441458.2325,192356528.22,125031743.34,368.5841,375239.5,66218.73,85.0,15.0,Cubierta (85.0% Contratos / 15.0% Bolsa),1324.3746975,488143.4559408097,750989.9322346495,690910.7376558776,-60079.194578771945,60079.194578771945,7.999999999999997
2026-09-11,11,2026-09-01,True,VALLE,22063352.72,441458.2325,192356528.22,125031743.34,368.5841,375239.5,66218.73,85.0,15.0,Cubierta (85.0% Contratos / 15.0% Bolsa),1324.3746975,488143.4559408097,750989.9322346495,690910.7376558776,-60079.194578771945,60079.194578771945,7.999999999999997
2026-09-11,11,2026-09-01,True,SANTANDER,17146494.7,441458.2325,192356528.22,125031743.34,368.5841,375239.5,66218.73,85.0,15.0,Cubierta (85.0% Contratos / 15.0% Bolsa),1324.3746975,488143.4559408097,750989.9322346495,690910.7376558776,-60079.194578771945,60079.194578771945,7.999999999999997
2026-09-11,11,2026-09-01,True,CUNDINAMARCA,10894617.9,441458.2325,192356528.22,125031743.34,368.5841,375239.5,66218.73,85.0,15.0,Cubierta (85.0% Contratos / 15.0% Bolsa),1324.3746975,488143.4559408097,750989.9322346495,690910.7376558776,-60079.194578771945,60079.194578771945,7.999999999999997
2026-09-11,11,2026-09-01,True,TOLIMA,9123709.56,441458.2325,192356528.22,125031743.34,368.5841,375239.5,66218.73,85.0,15.0,Cubierta (85.0% Contratos / 15.0% Bolsa),1324.3746975,488143.4559408097,750989.9322346495,690910.7376558776,-60079.194578771945,60079.194578771945,7.999999999999997
2026-09-12,12,2026-09-01,True,ANTIOQUIA,25362818.91,314344.75125,162452067.66,105593843.98,368.46,267193.04,47151.71,85.0,15.0,Cubierta (85.0% Contratos / 15.0% Bolsa),943.03425375,347470.401136725,534569.8478975913,491804.26006578404,-42765.587831807265,42765.587831807265,7.999999999999993
2026-09-12,12,2026-09-01,True,BOGOTA,35825649.85,314344.75125,162452067.66,105593843.98,368.46,267193.04,47151.71,85.0,15.0,Cubierta (85.0% Contratos / 15.0% Bolsa),943.03425375,347470.401136725,534569.8478975913,491804.26006578404,-42765.587831807265,42765.587831807265,7.999999999999993
2026-09-12,12,2026-09-01,True,CARIBE_MAR,28763652.83,314344.75125,162452067.66,105593843.98,368.46,267193.04,47151.71,85.0,15.0,Cubierta (85.0% Contratos / 15.0% Bolsa),943.03425375,347470.401136725,534569.8478975913,491804.26006578404,-42765.587831807265,42765.587831807265,7.999999999999993
2026-09-12,12,2026-09-01,True,CARIBE_SOL,22692206.65,314344.75125,162452067.66,105593843.98,368.46,267193.04,47151.71,85.0,15.0,Cubierta (85.0% Contratos / 15.0% Bolsa),943.03425375,347470.401136725,534569.8478975913,491804.26006578404,-42765.587831807265,42765.587831807265,7.999999999999993
2026-09-12,12,2026-09-01,True,VALLE,18363690.72,314344.75125,162452067.66,105593843.98,368.46,267193.04,47151.71,85.0,15.0,Cubierta (85.0% Contratos / 15.0% Bolsa),943.03425375,347470.401136725,534569.8478975913,491804.26006578404,-42765.587831807265,42765.587831807265,7.999999999999993
2026-09-12,12,2026-09-01,True,SANTANDER,14580031.11,314344.75125,162452067.66,105593843.98,368.46,267193.04,47151.71,85.0,15.0,Cubierta (85.0% Contratos / 15.0% Bolsa),943.03425375,347470.401136725,534569.8478975913,491804.26006578404,-42765.587831807265,42765.587831807265,7.999999999999993
2026-09-12,12,2026-09-01,True,CUNDINAMARCA,9212400.38,314344.75125,162452067.66,105593843.98,368.46,267193.04,47151.71,85.0,15.0,Cubierta (85.0% Contratos / 15.0% Bolsa),943.03425375,347470.401136725,534569.8478975913,491804.26006578404,-42765.587831807265,42765.587831807265,7.999999999999993
2026-09-12,12,2026-09-01,True,TOLIMA,7651617.21,314344.75125,162452067.66,105593843.98,368.46,267193.04,47151.71,85.0,15.0,Cubierta (85.0% Contratos / 15.0% Bolsa),943.03425375,347470.401136725,534569.8478975913,491804.26006578404,-42765.587831807265,42765.587831807265,7.999999999999993
2026-09-13,13,2026-09-01,True,ANTIOQUIA,25677451.11,313246.085,161884281.94000003,105224783.26,368.2675,266259.17,46986.91,85.0,15.0,Cubierta (85.0% Contratos / 15.0% Bolsa),939.7382550000001,346075.0578232125,532423.1658869253,489829.3126159713,-42593.85327095399,42593.85327095399,7.999999999999993
2026-09-13,13,2026-09-01,True,BOGOTA,35945521.38,313246.085,161884281.94000003,105224783.26,368.2675,266259.17,46986.91,85.0,15.0,Cubierta (85.0% Contratos / 15.0% Bolsa),939.7382550000001,346075.0578232125,532423.1658869253,489829.3126159713,-42593.85327095399,42593.85327095399,7.999999999999993
2026-09-13,13,2026-09-01,True,CARIBE_MAR,28328372.03,313246.085,161884281.94000003,105224783.26,368.2675,266259.17,46986.91,85.0,15.0,Cubierta (85.0% Contratos / 15.0% Bolsa),939.7382550000001,346075.0578232125,532423.1658869253,489829.3126159713,-42593.85327095399,42593.85327095399,7.999999999999993
2026-09-13,13,2026-09-01,True,CARIBE_SOL,22025406.76,313246.085,161884281.94000003,105224783.26,368.2675,266259.17,46986.91,85.0,15.0,Cubierta (85.0% Contratos / 15.0% Bolsa),939.7382550000001,346075.0578232125,532423.1658869253,489829.3126159713,-42593.85327095399,42593.85327095399,7.999999999999993
2026-09-13,13,2026-09-01,True,VALLE,18511734.85,313246.085,161884281.94000003,105224783.26,368.2675,266259.17,46986.91,85.0,15.0,Cubierta (85.0% Contratos / 15.0% Bolsa),939.7382550000001,346075.0578232125,532423.1658869253,489829.3126159713,-42593.85327095399,42593.85327095399,7.999999999999993
2026-09-13,13,2026-09-01,True,SANTANDER,14568079.91,313246.085,161884281.94000003,105224783.26,368.2675,266259.17,46986.91,85.0,15.0,Cubierta (85.0% Contratos / 15.0% Bolsa),939.7382550000001,346075.0578232125,532423.1658869253,489829.3126159713,-42593.85327095399,42593.85327095399,7.999999999999993
2026-09-13,13,2026-09-01,True,CUNDINAMARCA,9150033.28,313246.085,161884281.94000003,105224783.26,368.2675,266259.17,46986.91,85.0,15.0,Cubierta (85.0% Contratos / 15.0% Bolsa),939.7382550000001,346075.0578232125,532423.1658869253,489829.3126159713,-42593.85327095399,42593.85327095399,7.999999999999993
2026-09-13,13,2026-09-01,True,TOLIMA,7677682.62,313246.085,161884281.94000003,105224783.26,368.2675,266259.17,46986.91,85.0,15.0,Cubierta (85.0% Contratos / 15.0% Bolsa),939.7382550000001,346075.0578232125,532423.1658869253,489829.3126159713,-42593.85327095399,42593.85327095399,7.999999999999993
2026-09-14,14,2026-09-01,True,ANTIOQUIA,30367999.77,441917.10875,192556474.25,125161708.26,368.0134,375629.54,66287.57,85.0,15.0,Cubierta (85.0% Contratos / 15.0% Bolsa),1325.7513262500001,487894.2531277718,750606.5432884878,690558.0198254088,-60048.52346307901,60048.52346307901,7.999999999999997
2026-09-14,14,2026-09-01,True,BOGOTA,42316525.86,441917.10875,192556474.25,125161708.26,368.0134,375629.54,66287.57,85.0,15.0,Cubierta (85.0% Contratos / 15.0% Bolsa),1325.7513262500001,487894.2531277718,750606.5432884878,690558.0198254088,-60048.52346307901,60048.52346307901,7.999999999999997
2026-09-14,14,2026-09-01,True,CARIBE_MAR,34062961.94,441917.10875,192556474.25,125161708.26,368.0134,375629.54,66287.57,85.0,15.0,Cubierta (85.0% Contratos / 15.0% Bolsa),1325.7513262500001,487894.2531277718,750606.5432884878,690558.0198254088,-60048.52346307901,60048.52346307901,7.999999999999997
2026-09-14,14,2026-09-01,True,CARIBE_SOL,27045978.86,441917.10875,192556474.25,125161708.26,368.0134,375629.54,66287.57,85.0,15.0,Cubierta (85.0% Contratos / 15.0% Bolsa),1325.7513262500001,487894.2531277718,750606.5432884878,690558.0198254088,-60048.52346307901,60048.52346307901,7.999999999999997
2026-09-14,14,2026-09-01,True,VALLE,22011639.48,441917.10875,192556474.25,125161708.26,368.0134,375629.54,66287.57,85.0,15.0,Cubierta (85.0% Contratos / 15.0% Bolsa),1325.7513262500001,487894.2531277718,750606.5432884878,690558.0198254088,-60048.52346307901,60048.52346307901,7.999999999999997
2026-09-14,14,2026-09-01,True,SANTANDER,16856069.68,441917.10875,192556474.25,125161708.26,368.0134,375629.54,66287.57,85.0,15.0,Cubierta (85.0% Contratos / 15.0% Bolsa),1325.7513262500001,487894.2531277718,750606.5432884878,690558.0198254088,-60048.52346307901,60048.52346307901,7.999999999999997
2026-09-14,14,2026-09-01,True,CUNDINAMARCA,10792036.92,441917.10875,192556474.25,125161708.26,368.0134,375629.54,66287.57,85.0,15.0,Cubierta (85.0% Contratos / 15.0% Bolsa),1325.7513262500001,487894.2531277718,750606.5432884878,690558.0198254088,-60048.52346307901,60048.52346307901,7.999999999999997
2026-09-14,14,2026-09-01,True,TOLIMA,9103261.74,441917.10875,192556474.25,125161708.26,368.0134,375629.54,66287.57,85.0,15.0,Cubierta (85.0% Contratos / 15.0% Bolsa),1325.7513262500001,487894.2531277718,750606.5432884878,690558.0198254088,-60048.52346307901,60048.52346307901,7.999999999999997
2026-09-15,15,2026-09-01,True,ANTIOQUIA,30675444.88,443988.26,193458936.79,125748308.91,367.706,377390.02,66598.24,85.0,15.0,Cubierta (85.0% Contratos / 15.0% Bolsa),1331.96478,489771.44139468,753494.525243557,693214.9632240724,-60279.56201948458,60279.56201948458,8.000000000000004
2026-09-15,15,2026-09-01,True,BOGOTA,42880022.97,443988.26,193458936.79,125748308.91,367.706,377390.02,66598.24,85.0,15.0,Cubierta (85.0% Contratos / 15.0% Bolsa),1331.96478,489771.44139468,753494.525243557,693214.9632240724,-60279.56201948458,60279.56201948458,8.000000000000004
2026-09-15,15,2026-09-01,True,CARIBE_MAR,34024381.05,443988.26,193458936.79,125748308.91,367.706,377390.02,66598.24,85.0,15.0,Cubierta (85.0% Contratos / 15.0% Bolsa),1331.96478,489771.44139468,753494.525243557,693214.9632240724,-60279.56201948458,60279.56201948458,8.000000000000004
2026-09-15,15,2026-09-01,True,CARIBE_SOL,26886621.49,443988.26,193458936.79,125748308.91,367.706,377390.02,66598.24,85.0,15.0,Cubierta (85.0% Contratos / 15.0% Bolsa),1331.96478,489771.44139468,753494.525243557,693214.9632240724,-60279.56201948458,60279.56201948458,8.000000000000004
2026-09-15,15,2026-09-01,True,VALLE,22009525.72,443988.26,193458936.79,125748308.91,367.706,377390.02,66598.24,85.0,15.0,Cubierta (85.0% Contratos / 15.0% Bolsa),1331.96478,489771.44139468,753494.525243557,693214.9632240724,-60279.56201948458,60279.56201948458,8.000000000000004
2026-09-15,15,2026-09-01,True,SANTANDER,17162668.64,443988.26,193458936.79,125748308.91,367.706,377390.02,66598.24,85.0,15.0,Cubierta (85.0% Contratos / 15.0% Bolsa),1331.96478,489771.44139468,753494.525243557,693214.9632240724,-60279.56201948458,60279.56201948458,8.000000000000004
2026-09-15,15,2026-09-01,True,CUNDINAMARCA,10803110.76,443988.26,193458936.79,125748308.91,367.706,377390.02,66598.24,85.0,15.0,Cubierta (85.0% Contratos / 15.0% Bolsa),1331.96478,489771.44139468,753494.525243557,693214.9632240724,-60279.56201948458,60279.56201948458,8.000000000000004
2026-09-15,15,2026-09-01,True,TOLIMA,9017161.28,443988.26,193458936.79,125748308.91,367.706,377390.02,66598.24,85.0,15.0,Cubierta (85.0% Contratos / 15.0% Bolsa),1331.96478,489771.44139468,753494.525243557,693214.9632240724,-60279.56201948458,60279.56201948458,8.000000000000004
2026-09-16,16,2026-09-01,True,ANTIOQUIA,30246562.24,440929.62,192126196.10000002,124882027.47,367.3546,374790.18,66139.44,85.0,15.0,Cubierta (85.0% Contratos / 15.0% Bolsa),1322.78886,485932.57254975603,747588.5731235391,687781.487273656,-59807.08584988315,59807.08584988315,8.000000000000004
2026-09-16,16,2026-09-01,True,BOGOTA,42133224.3,440929.62,192126196.10000002,124882027.47,367.3546,374790.18,66139.44,85.0,15.0,Cubierta (85.0% Contratos / 15.0% Bolsa),1322.78886,485932.57254975603,747588.5731235391,687781.487273656,-59807.08584988315,59807.08584988315,8.000000000000004
2026-09-16,16,2026-09-01,True,CARIBE_MAR,33817838.22,440929.62,192126196.10000002,124882027.47,367.3546,374790.18,66139.44,85.0,15.0,Cubierta (85.0% Contratos / 15.0% Bolsa),1322.78886,485932.57254975603,747588.5731235391,687781.487273656,-59807.08584988315,59807.08584988315,8.000000000000004
2026-09-16,16,2026-09-01,True,CARIBE_SOL,26686006.46,440929.62,192126196.10000002,124882027.47,367.3546,374790.18,66139.44,85.0,15.0,Cubierta (85.0% Contratos / 15.0% Bolsa),1322.78886,485932.57254975603,747588.5731235391,687781.487273656,-59807.08584988315,59807.08584988315,8.000000000000004
2026-09-16,16,2026-09-01,True,VALLE,22187746.64,440929.62,192126196.10000002,124882027.47,367.3546,374790.18,66139.44,85.0,15.0,Cubierta (85.0% Contratos / 15.0% Bolsa),1322.78886,485932.57254975603,747588.5731235391,687781.487273656,-59807.08584988315,59807.08584988315,8.000000000000004
2026-09-16,16,2026-09-01,True,SANTANDER,16982768.05,440929.62,192126196.10000002,124882027.47,367.3546,374790.18,66139.44,85.0,15.0,Cubierta (85.0% Contratos / 15.0% Bolsa),1322.78886,485932.57254975603,747588.5731235391,687781.487273656,-59807.08584988315,59807.08584988315,8.000000000000004
2026-09-16,16,2026-09-01,True,CUNDINAMARCA,10888346.34,440929.62,192126196.10000002,124882027.47,367.3546,374790.18,66139.44,85.0,15.0,Cubierta (85.0% Contratos / 15.0% Bolsa),1322.78886,485932.57254975603,747588.5731235391,687781.487273656,-59807.08584988315,59807.08584988315,8.000000000000004
2026-09-16,16,2026-09-01,True,TOLIMA,9183703.85,440929.62,192126196.10000002,124882027.47,367.3546,374790.18,66139.44,85.0,15.0,Cubierta (85.0% Contratos / 15.0% Bolsa),1322.78886,485932.57254975603,747588.5731235391,687781.487273656,-59807.08584988315,59807.08584988315,8.000000000000004
2026-09-17,17,2026-09-01,True,ANTIOQUIA,30810723.62,443357.5975,193184138.25,125569689.86,366.9694,376853.96,66503.64,85.0,15.0,Cubierta (85.0% Contratos / 15.0% Bolsa),1330.0727924999999,488096.01462004945,750916.9455842571,690843.5899375166,-60073.35564674053,60073.35564674053,7.999999999999995
2026-09-17,17,2026-09-01,True,BOGOTA,42637990.27,443357.5975,193184138.25,125569689.86,366.9694,376853.96,66503.64,85.0,15.0,Cubierta (85.0% Contratos / 15.0% Bolsa),1330.0727924999999,488096.01462004945,750916.9455842571,690843.5899375166,-60073.35564674053,60073.35564674053,7.999999999999995
2026-09-17,17,2026-09-01,True,CARIBE_MAR,34233346.6,443357.5975,193184138.25,125569689.86,366.9694,376853.96,66503.64,85.0,15.0,Cubierta (85.0% Contratos / 15.0% Bolsa),1330.0727924999999,488096.01462004945,750916.9455842571,690843.5899375166,-60073.35564674053,60073.35564674053,7.999999999999995
2026-09-17,17,2026-09-01,True,CARIBE_SOL,26849815.65,443357.5975,193184138.25,125569689.86,366.9694,376853.96,66503.64,85.0,15.0,Cubierta (85.0% Contratos / 15.0% Bolsa),1330.0727924999999,488096.01462004945,750916.9455842571,690843.5899375166,-60073.35564674053,60073.35564674053,7.999999999999995
2026-09-17,17,2026-09-01,True,VALLE,21786540.17,443357.5975,193184138.25,125569689.86,366.9694,376853.96,66503.64,85.0,15.0,Cubierta (85.0% Contratos / 15.0% Bolsa),1330.0727924999999,488096.01462004945,750916.9455842571,690843.5899375166,-60073.35564674053,60073.35564674053,7.999999999999995
2026-09-17,17,2026-09-01,True,SANTANDER,16812000.89,443357.5975,193184138.25,125569689.86,366.9694,376853.96,66503.64,85.0,15.0,Cubierta (85.0% Contratos / 15.0% Bolsa),1330.0727924999999,488096.01462004945,750916.9455842571,690843.5899375166,-60073.35564674053,60073.35564674053,7.999999999999995
2026-09-17,17,2026-09-01,True,CUNDINAMARCA,10916350.44,443357.5975,193184138.25,125569689.86,366.9694,376853.96,66503.64,85.0,15.0,Cubierta (85.0% Contratos / 15.0% Bolsa),1330.0727924999999,488096.01462004945,750916.9455842571,690843.5899375166,-60073.35564674053,60073.35564674053,7.999999999999995
2026-09-17,17,2026-09-01,True,TOLIMA,9137370.61,443357.5975,193184138.25,125569689.86,366.9694,376853.96,66503.64,85.0,15.0,Cubierta (85.0% Contratos / 15.0% Bolsa),1330.0727924999999,488096.01462004945,750916.9455842571,690843.5899375166,-60073.35564674053,60073.35564674053,7.999999999999995
2026-09-18,18,2026-09-01,True,ANTIOQUIA,30576458.78,442977.755,193018629.71,125462109.31,366.5614,376531.09,66446.66,85.0,15.0,Cubierta (85.0% Contratos / 15.0% Bolsa),1328.9332650000001,487135.638124971,749439.4432781463,689484.2878158947,-59955.15546225163,59955.15546225163,7.999999999999989
2026-09-18,18,2026-09-01,True,BOGOTA,42881077.69,442977.755,193018629.71,125462109.31,366.5614,376531.09,66446.66,85.0,15.0,Cubierta (85.0% Contratos / 15.0% Bolsa),1328.9332650000001,487135.638124971,749439.4432781463,689484.2878158947,-59955.15546225163,59955.15546225163,7.999999999999989
2026-09-18,18,2026-09-01,True,CARIBE_MAR,34028175.58,442977.755,193018629.71,125462109.31,366.5614,376531.09,66446.66,85.0,15.0,Cubierta (85.0% Contratos / 15.0% Bolsa),1328.9332650000001,487135.638124971,749439.4432781463,689484.2878158947,-59955.15546225163,59955.15546225163,7.999999999999989
2026-09-18,18,2026-09-01,True,CARIBE_SOL,26757931.43,442977.755,193018629.71,125462109.31,366.5614,376531.09,66446.66,85.0,15.0,Cubierta (85.0% Contratos / 15.0% Bolsa),1328.9332650000001,487135.638124971,749439.4432781463,689484.2878158947,-59955.15546225163,59955.15546225163,7.999999999999989
2026-09-18,18,2026-09-01,True,VALLE,21677660.39,442977.755,193018629.71,125462109.31,366.5614,376531.09,66446.66,85.0,15.0,Cubierta (85.0% Contratos / 15.0% Bolsa),1328.9332650000001,487135.638124971,749439.4432781463,689484.2878158947,-59955.15546225163,59955.15546225163,7.999999999999989
2026-09-18,18,2026-09-01,True,SANTANDER,17070046.71,442977.755,193018629.71,125462109.31,366.5614,376531.09,66446.66,85.0,15.0,Cubierta (85.0% Contratos / 15.0% Bolsa),1328.9332650000001,487135.638124971,749439.4432781463,689484.2878158947,-59955.15546225163,59955.15546225163,7.999999999999989
2026-09-18,18,2026-09-01,True,CUNDINAMARCA,10944304.69,442977.755,193018629.71,125462109.31,366.5614,376531.09,66446.66,85.0,15.0,Cubierta (85.0% Contratos / 15.0% Bolsa),1328.9332650000001,487135.638124971,749439.4432781463,689484.2878158947,-59955.15546225163,59955.15546225163,7.999999999999989
2026-09-18,18,2026-09-01,True,TOLIMA,9082974.44,442977.755,193018629.71,125462109.31,366.5614,376531.09,66446.66,85.0,15.0,Cubierta (85.0% Contratos / 15.0% Bolsa),1328.9332650000001,487135.638124971,749439.4432781463,689484.2878158947,-59955.15546225163,59955.15546225163,7.999999999999989
2026-09-19,19,2026-09-01,True,ANTIOQUIA,25465385.65,315669.22,163136548.0,106038756.2,366.1418,268318.84,47350.38,85.0,15.0,Cubierta (85.0% Contratos / 15.0% Bolsa),947.00766,346739.089246188,533444.752686443,490769.1724715276,-42675.58021491545,42675.58021491545,8.000000000000002
2026-09-19,19,2026-09-01,True,BOGOTA,35901839.1,315669.22,163136548.0,106038756.2,366.1418,268318.84,47350.38,85.0,15.0,Cubierta (85.0% Contratos / 15.0% Bolsa),947.00766,346739.089246188,533444.752686443,490769.1724715276,-42675.58021491545,42675.58021491545,8.000000000000002
2026-09-19,19,2026-09-01,True,CARIBE_MAR,28677776.72,315669.22,163136548.0,106038756.2,366.1418,268318.84,47350.38,85.0,15.0,Cubierta (85.0% Contratos / 15.0% Bolsa),947.00766,346739.089246188,533444.752686443,490769.1724715276,-42675.58021491545,42675.58021491545,8.000000000000002
2026-09-19,19,2026-09-01,True,CARIBE_SOL,23034250.96,315669.22,163136548.0,106038756.2,366.1418,268318.84,47350.38,85.0,15.0,Cubierta (85.0% Contratos / 15.0% Bolsa),947.00766,346739.089246188,533444.752686443,490769.1724715276,-42675.58021491545,42675.58021491545,8.000000000000002
2026-09-19,19,2026-09-01,True,VALLE,18688211.95,315669.22,163136548.0,106038756.2,366.1418,268318.84,47350.38,85.0,15.0,Cubierta (85.0% Contratos / 15.0% Bolsa),947.00766,346739.089246188,533444.752686443,490769.1724715276,-42675.58021491545,42675.58021491545,8.000000000000002
2026-09-19,19,2026-09-01,True,SANTANDER,14376103.44,315669.22,163136548.0,106038756.2,366.1418,268318.84,47350.38,85.0,15.0,Cubierta (85.0% Contratos / 15.0% Bolsa),947.00766,346739.089246188,533444.752686443,490769.1724715276,-42675.58021491545,42675.58021491545,8.000000000000002
2026-09-19,19,2026-09-01,True,CUNDINAMARCA,9254196.61,315669.22,163136548.0,106038756.2,366.1418,268318.84,47350.38,85.0,15.0,Cubierta (85.0% Contratos / 15.0% Bolsa),947.00766,346739.089246188,533444.752686443,490769.1724715276,-42675.58021491545,42675.58021491545,8.000000000000002
2026-09-19,19,2026-09-01,True,TOLIMA,7738783.57,315669.22,163136548.0,106038756.2,366.1418,268318.84,47350.38,85.0,15.0,Cubierta (85.0% Contratos / 15.0% Bolsa),947.00766,346739.089246188,533444.752686443,490769.1724715276,-42675.58021491545,42675.58021491545,8.000000000000002
2026-09-20,20,2026-09-01,True,ANTIOQUIA,25384746.51,313409.2275,161968593.1,105279585.52,365.7224,266397.84,47011.38,85.0,15.0,Cubierta (85.0% Contratos / 15.0% Bolsa),940.2276824999999,343862.3245903379,529018.9608830878,486697.4440124408,-42321.51687064703,42321.51687064703,8.0
2026-09-20,20,2026-09-01,True,BOGOTA,35549212.25,313409.2275,161968593.1,105279585.52,365.7224,266397.84,47011.38,85.0,15.0,Cubierta (85.0% Contratos / 15.0% Bolsa),940.2276824999999,343862.3245903379,529018.9608830878,486697.4440124408,-42321.51687064703,42321.51687064703,8.0
2026-09-20,20,2026-09-01,True,CARIBE_MAR,28599706.27,313409.2275,161968593.1,105279585.52,365.7224,266397.84,47011.38,85.0,15.0,Cubierta (85.0% Contratos / 15.0% Bolsa),940.2276824999999,343862.3245903379,529018.9608830878,486697.4440124408,-42321.51687064703,42321.51687064703,8.0
2026-09-20,20,2026-09-01,True,CARIBE_SOL,22442565.93,313409.2275,161968593.1,105279585.52,365.7224,266397.84,47011.38,85.0,15.0,Cubierta (85.0% Contratos / 15.0% Bolsa),940.2276824999999,343862.3245903379,529018.9608830878,486697.4440124408,-42321.51687064703,42321.51687064703,8.0
2026-09-20,20,2026-09-01,True,VALLE,18465436.76,313409.2275,161968593.1,105279585.52,365.7224,266397.84,47011.38,85.0,15.0,Cubierta (85.0% Contratos / 15.0% Bolsa),940.2276824999999,343862.3245903379,529018.9608830878,486697.4440124408,-42321.51687064703,42321.51687064703,8.0
2026-09-20,20,2026-09-01,True,SANTANDER,14497712.29,313409.2275,161968593.1,105279585.52,365.7224,266397.84,47011.38,85.0,15.0,Cubierta (85.0% Contratos / 15.0% Bolsa),940.2276824999999,343862.3245903379,529018.9608830878,486697.4440124408,-42321.51687064703,42321.51687064703,8.0
2026-09-20,20,2026-09-01,True,CUNDINAMARCA,9317920.11,313409.2275,161968593.1,105279585.52,365.7224,266397.84,47011.38,85.0,15.0,Cubierta (85.0% Contratos / 15.0% Bolsa),940.2276824999999,343862.3245903379,529018.9608830878,486697.4440124408,-42321.51687064703,42321.51687064703,8.0
2026-09-20,20,2026-09-01,True,TOLIMA,7711292.98,313409.2275,161968593.1,105279585.52,365.7224,266397.84,47011.38,85.0,15.0,Cubierta (85.0% Contratos / 15.0% Bolsa),940.2276824999999,343862.3245903379,529018.9608830878,486697.4440124408,-42321.51687064703,42321.51687064703,8.0
2026-09-21,21,2026-09-01,True,ANTIOQUIA,30614284.15,445408.5725,194077809.45000002,126150576.14,365.3147,378597.29,66811.29,85.0,15.0,Cubierta (85.0% Contratos / 15.0% Bolsa),1336.2257175,488142.89712079725,750989.0725084172,690909.9467077438,-60079.125800673384,60079.125800673384,8.000000000000002
2026-09-21,21,2026-09-01,True,BOGOTA,43011526.42,445408.5725,194077809.45000002,126150576.14,365.3147,378597.29,66811.29,85.0,15.0,Cubierta (85.0% Contratos / 15.0% Bolsa),1336.2257175,488142.89712079725,750989.0725084172,690909.9467077438,-60079.125800673384,60079.125800673384,8.000000000000002
2026-09-21,21,2026-09-01,True,CARIBE_MAR,34642376.21,445408.5725,194077809.45000002,126150576.14,365.3147,378597.29,66811.29,85.0,15.0,Cubierta (85.0% Contratos / 15.0% Bolsa),1336.2257175,488142.89712079725,750989.0725084172,690909.9467077438,-60079.125800673384,60079.125800673384,8.000000000000002
2026-09-21,21,2026-09-01,True,CARIBE_SOL,26863167.91,445408.5725,194077809.45000002,126150576.14,365.3147,378597.29,66811.29,85.0,15.0,Cubierta (85.0% Contratos / 15.0% Bolsa),1336.2257175,488142.89712079725,750989.0725084172,690909.9467077438,-60079.125800673384,60079.125800673384,8.000000000000002
2026-09-21,21,2026-09-01,True,VALLE,21717424.74,445408.5725,194077809.45000002,126150576.14,365.3147,378597.29,66811.29,85.0,15.0,Cubierta (85.0% Contratos / 15.0% Bolsa),1336.2257175,488142.89712079725,750989.0725084172,690909.9467077438,-60079.125800673384,60079.125800673384,8.000000000000002
2026-09-21,21,2026-09-01,True,SANTANDER,17172099.91,445408.5725,194077809.45000002,126150576.14,365.3147,378597.29,66811.29,85.0,15.0,Cubierta (85.0% Contratos / 15.0% Bolsa),1336.2257175,488142.89712079725,750989.0725084172,690909.9467077438,-60079.125800673384,60079.125800673384,8.000000000000002
2026-09-21,21,2026-09-01,True,CUNDINAMARCA,10945170.14,445408.5725,194077809.45000002,126150576.14,365.3147,378597.29,66811.29,85.0,15.0,Cubierta (85.0% Contratos / 15.0% Bolsa),1336.2257175,488142.89712079725,750989.0725084172,690909.9467077438,-60079.125800673384,60079.125800673384,8.000000000000002
2026-09-21,21,2026-09-01,True,TOLIMA,9111759.97,445408.5725,194077809.45000002,126150576.14,365.3147,378597.29,66811.29,85.0,15.0,Cubierta (85.0% Contratos / 15.0% Bolsa),1336.2257175,488142.89712079725,750989.0725084172,690909.9467077438,-60079.125800673384,60079.125800673384,8.000000000000002
2026-09-22,22,2026-09-01,True,ANTIOQUIA,30378981.18,442475.8625,192799939.93,125319960.95,364.93,376104.48,66371.38,85.0,15.0,Cubierta (85.0% Contratos / 15.0% Bolsa),1327.4275875,484418.149506375,745258.69157503,685637.9962490277,-59620.695326002315,59620.695326002315,7.999999999999989
2026-09-22,22,2026-09-01,True,BOGOTA,42305073.66,442475.8625,192799939.93,125319960.95,364.93,376104.48,66371.38,85.0,15.0,Cubierta (85.0% Contratos / 15.0% Bolsa),1327.4275875,484418.149506375,745258.69157503,685637.9962490277,-59620.695326002315,59620.695326002315,7.999999999999989
2026-09-22,22,2026-09-01,True,CARIBE_MAR,34059913.24,442475.8625,192799939.93,125319960.95,364.93,376104.48,66371.38,85.0,15.0,Cubierta (85.0% Contratos / 15.0% Bolsa),1327.4275875,484418.149506375,745258.69157503,685637.9962490277,-59620.695326002315,59620.695326002315,7.999999999999989
2026-09-22,22,2026-09-01,True,CARIBE_SOL,27261672.54,442475.8625,192799939.93,125319960.95,364.93,376104.48,66371.38,85.0,15.0,Cubierta (85.0% Contratos / 15.0% Bolsa),1327.4275875,484418.149506375,745258.69157503,685637.9962490277,-59620.695326002315,59620.695326002315,7.999999999999989
2026-09-22,22,2026-09-01,True,VALLE,21970749.68,442475.8625,192799939.93,125319960.95,364.93,376104.48,66371.38,85.0,15.0,Cubierta (85.0% Contratos / 15.0% Bolsa),1327.4275875,484418.149506375,745258.69157503,685637.9962490277,-59620.695326002315,59620.695326002315,7.999999999999989
2026-09-22,22,2026-09-01,True,SANTANDER,16961741.26,442475.8625,192799939.93,125319960.95,364.93,376104.48,66371.38,85.0,15.0,Cubierta (85.0% Contratos / 15.0% Bolsa),1327.4275875,484418.149506375,745258.69157503,685637.9962490277,-59620.695326002315,59620.695326002315,7.999999999999989
2026-09-22,22,2026-09-01,True,CUNDINAMARCA,10806710.24,442475.8625,192799939.93,125319960.95,364.93,376104.48,66371.38,85.0,15.0,Cubierta (85.0% Contratos / 15.0% Bolsa),1327.4275875,484418.149506375,745258.69157503,685637.9962490277,-59620.695326002315,59620.695326002315,7.999999999999989
2026-09-22,22,2026-09-01,True,TOLIMA,9055098.13,442475.8625,192799939.93,125319960.95,364.93,376104.48,66371.38,85.0,15.0,Cubierta (85.0% Contratos / 15.0% Bolsa),1327.4275875,484418.149506375,745258.69157503,685637.9962490277,-59620.695326002315,59620.695326002315,7.999999999999989
2026-09-23,23,2026-09-01,True,ANTIOQUIA,30463466.18,443813.70875,193382879.37,125698871.59,364.5793,377241.65,66572.06,85.0,15.0,Cubierta (85.0% Contratos / 15.0% Bolsa),1331.44112625,485415.8737994366,746793.6520021039,687050.1598419356,-59743.49216016824,59743.49216016824,7.999999999999992
2026-09-23,23,2026-09-01,True,BOGOTA,42547466.65,443813.70875,193382879.37,125698871.59,364.5793,377241.65,66572.06,85.0,15.0,Cubierta (85.0% Contratos / 15.0% Bolsa),1331.44112625,485415.8737994366,746793.6520021039,687050.1598419356,-59743.49216016824,59743.49216016824,7.999999999999992
2026-09-23,23,2026-09-01,True,CARIBE_MAR,34636213.23,443813.70875,193382879.37,125698871.59,364.5793,377241.65,66572.06,85.0,15.0,Cubierta (85.0% Contratos / 15.0% Bolsa),1331.44112625,485415.8737994366,746793.6520021039,687050.1598419356,-59743.49216016824,59743.49216016824,7.999999999999992
2026-09-23,23,2026-09-01,True,CARIBE_SOL,26650608.41,443813.70875,193382879.37,125698871.59,364.5793,377241.65,66572.06,85.0,15.0,Cubierta (85.0% Contratos / 15.0% Bolsa),1331.44112625,485415.8737994366,746793.6520021039,687050.1598419356,-59743.49216016824,59743.49216016824,7.999999999999992
2026-09-23,23,2026-09-01,True,VALLE,21723531.13,443813.70875,193382879.37,125698871.59,364.5793,377241.65,66572.06,85.0,15.0,Cubierta (85.0% Contratos / 15.0% Bolsa),1331.44112625,485415.8737994366,746793.6520021039,687050.1598419356,-59743.49216016824,59743.49216016824,7.999999999999992
2026-09-23,23,2026-09-01,True,SANTANDER,16989206.81,443813.70875,193382879.37,125698871.59,364.5793,377241.65,66572.06,85.0,15.0,Cubierta (85.0% Contratos / 15.0% Bolsa),1331.44112625,485415.8737994366,746793.6520021039,687050.1598419356,-59743.49216016824,59743.49216016824,7.999999999999992
2026-09-23,23,2026-09-01,True,CUNDINAMARCA,10960815.31,443813.70875,193382879.37,125698871.59,364.5793,377241.65,66572.06,85.0,15.0,Cubierta (85.0% Contratos / 15.0% Bolsa),1331.44112625,485415.8737994366,746793.6520021039,687050.1598419356,-59743.49216016824,59743.49216016824,7.999999999999992
2026-09-23,23,2026-09-01,True,TOLIMA,9411571.65,443813.70875,193382879.37,125698871.59,364.5793,377241.65,66572.06,85.0,15.0,Cubierta (85.0% Contratos / 15.0% Bolsa),1331.44112625,485415.8737994366,746793.6520021039,687050.1598419356,-59743.49216016824,59743.49216016824,7.999999999999992
2026-09-24,24,2026-09-01,True,ANTIOQUIA,30532160.07,442907.94125,192988209.46,125442336.15,364.2728,376471.75,66436.19,85.0,15.0,Cubierta (85.0% Contratos / 15.0% Bolsa),1328.7238237499998,484017.94770411897,744642.9964619392,685071.5567449841,-59571.439716955065,59571.439716955065,7.99999999999999
2026-09-24,24,2026-09-01,True,BOGOTA,42579331.38,442907.94125,192988209.46,125442336.15,364.2728,376471.75,66436.19,85.0,15.0,Cubierta (85.0% Contratos / 15.0% Bolsa),1328.7238237499998,484017.94770411897,744642.9964619392,685071.5567449841,-59571.439716955065,59571.439716955065,7.99999999999999
2026-09-24,24,2026-09-01,True,CARIBE_MAR,34244889.96,442907.94125,192988209.46,125442336.15,364.2728,376471.75,66436.19,85.0,15.0,Cubierta (85.0% Contratos / 15.0% Bolsa),1328.7238237499998,484017.94770411897,744642.9964619392,685071.5567449841,-59571.439716955065,59571.439716955065,7.99999999999999
2026-09-24,24,2026-09-01,True,CARIBE_SOL,26549611.45,442907.94125,192988209.46,125442336.15,364.2728,376471.75,66436.19,85.0,15.0,Cubierta (85.0% Contratos / 15.0% Bolsa),1328.7238237499998,484017.94770411897,744642.9964619392,685071.5567449841,-59571.439716955065,59571.439716955065,7.99999999999999
2026-09-24,24,2026-09-01,True,VALLE,21730322.81,442907.94125,192988209.46,125442336.15,364.2728,376471.75,66436.19,85.0,15.0,Cubierta (85.0% Contratos / 15.0% Bolsa),1328.7238237499998,484017.94770411897,744642.9964619392,685071.5567449841,-59571.439716955065,59571.439716955065,7.99999999999999
2026-09-24,24,2026-09-01,True,SANTANDER,17051090.05,442907.94125,192988209.46,125442336.15,364.2728,376471.75,66436.19,85.0,15.0,Cubierta (85.0% Contratos / 15.0% Bolsa),1328.7238237499998,484017.94770411897,744642.9964619392,685071.5567449841,-59571.439716955065,59571.439716955065,7.99999999999999
2026-09-24,24,2026-09-01,True,CUNDINAMARCA,11132049.62,442907.94125,192988209.46,125442336.15,364.2728,376471.75,66436.19,85.0,15.0,Cubierta (85.0% Contratos / 15.0% Bolsa),1328.7238237499998,484017.94770411897,744642.9964619392,685071.5567449841,-59571.439716955065,59571.439716955065,7.99999999999999
2026-09-24,24,2026-09-01,True,TOLIMA,9168754.12,442907.94125,192988209.46,125442336.15,364.2728,376471.75,66436.19,85.0,15.0,Cubierta (85.0% Contratos / 15.0% Bolsa),1328.7238237499998,484017.94770411897,744642.9964619392,685071.5567449841,-59571.439716955065,59571.439716955065,7.99999999999999
2026-09-25,25,2026-09-01,True,ANTIOQUIA,30346557.8,442006.7275,192595524.23,125187090.75,364.0197,375705.72,66301.01,85.0,15.0,Cubierta (85.0% Contratos / 15.0% Bolsa),1326.0201825,482697.46902759525,742611.4908087188,683202.5715440214,-59408.91926469747,59408.91926469747,7.999999999999995
2026-09-25,25,2026-09-01,True,BOGOTA,42671787.97,442006.7275,192595524.23,125187090.75,364.0197,375705.72,66301.01,85.0,15.0,Cubierta (85.0% Contratos / 15.0% Bolsa),1326.0201825,482697.46902759525,742611.4908087188,683202.5715440214,-59408.91926469747,59408.91926469747,7.999999999999995
2026-09-25,25,2026-09-01,True,CARIBE_MAR,34022768.53,442006.7275,192595524.23,125187090.75,364.0197,375705.72,66301.01,85.0,15.0,Cubierta (85.0% Contratos / 15.0% Bolsa),1326.0201825,482697.46902759525,742611.4908087188,683202.5715440214,-59408.91926469747,59408.91926469747,7.999999999999995
2026-09-25,25,2026-09-01,True,CARIBE_SOL,26671508.69,442006.7275,192595524.23,125187090.75,364.0197,375705.72,66301.01,85.0,15.0,Cubierta (85.0% Contratos / 15.0% Bolsa),1326.0201825,482697.46902759525,742611.4908087188,683202.5715440214,-59408.91926469747,59408.91926469747,7.999999999999995
2026-09-25,25,2026-09-01,True,VALLE,21853139.11,442006.7275,192595524.23,125187090.75,364.0197,375705.72,66301.01,85.0,15.0,Cubierta (85.0% Contratos / 15.0% Bolsa),1326.0201825,482697.46902759525,742611.4908087188,683202.5715440214,-59408.91926469747,59408.91926469747,7.999999999999995
2026-09-25,25,2026-09-01,True,SANTANDER,16923382.07,442006.7275,192595524.23,125187090.75,364.0197,375705.72,66301.01,85.0,15.0,Cubierta (85.0% Contratos / 15.0% Bolsa),1326.0201825,482697.46902759525,742611.4908087188,683202.5715440214,-59408.91926469747,59408.91926469747,7.999999999999995
2026-09-25,25,2026-09-01,True,CUNDINAMARCA,10978112.82,442006.7275,192595524.23,125187090.75,364.0197,375705.72,66301.01,85.0,15.0,Cubierta (85.0% Contratos / 15.0% Bolsa),1326.0201825,482697.46902759525,742611.4908087188,683202.5715440214,-59408.91926469747,59408.91926469747,7.999999999999995
2026-09-25,25,2026-09-01,True,TOLIMA,9128267.24,442006.7275,192595524.23,125187090.75,364.0197,375705.72,66301.01,85.0,15.0,Cubierta (85.0% Contratos / 15.0% Bolsa),1326.0201825,482697.46902759525,742611.4908087188,683202.5715440214,-59408.91926469747,59408.91926469747,7.999999999999995
2026-09-26,26,2026-09-01,True,ANTIOQUIA,25511285.46,314077.6175,162314013.98,105504109.09,363.8283,266965.97,47111.64,85.0,15.0,Cubierta (85.0% Contratos / 15.0% Bolsa),942.2328525,342810.9769292258,527401.5029530429,485209.38271679945,-42192.12023624341,42192.12023624341,7.999999999999997
2026-09-26,26,2026-09-01,True,BOGOTA,35753940.38,314077.6175,162314013.98,105504109.09,363.8283,266965.97,47111.64,85.0,15.0,Cubierta (85.0% Contratos / 15.0% Bolsa),942.2328525,342810.9769292258,527401.5029530429,485209.38271679945,-42192.12023624341,42192.12023624341,7.999999999999997
2026-09-26,26,2026-09-01,True,CARIBE_MAR,28650489.87,314077.6175,162314013.98,105504109.09,363.8283,266965.97,47111.64,85.0,15.0,Cubierta (85.0% Contratos / 15.0% Bolsa),942.2328525,342810.9769292258,527401.5029530429,485209.38271679945,-42192.12023624341,42192.12023624341,7.999999999999997
2026-09-26,26,2026-09-01,True,CARIBE_SOL,22546903.56,314077.6175,162314013.98,105504109.09,363.8283,266965.97,47111.64,85.0,15.0,Cubierta (85.0% Contratos / 15.0% Bolsa),942.2328525,342810.9769292258,527401.5029530429,485209.38271679945,-42192.12023624341,42192.12023624341,7.999999999999997
2026-09-26,26,2026-09-01,True,VALLE,18608495.15,314077.6175,162314013.98,105504109.09,363.8283,266965.97,47111.64,85.0,15.0,Cubierta (85.0% Contratos / 15.0% Bolsa),942.2328525,342810.9769292258,527401.5029530429,485209.38271679945,-42192.12023624341,42192.12023624341,7.999999999999997
2026-09-26,26,2026-09-01,True,SANTANDER,14274541.2,314077.6175,162314013.98,105504109.09,363.8283,266965.97,47111.64,85.0,15.0,Cubierta (85.0% Contratos / 15.0% Bolsa),942.2328525,342810.9769292258,527401.5029530429,485209.38271679945,-42192.12023624341,42192.12023624341,7.999999999999997
2026-09-26,26,2026-09-01,True,CUNDINAMARCA,9251170.67,314077.6175,162314013.98,105504109.09,363.8283,266965.97,47111.64,85.0,15.0,Cubierta (85.0% Contratos / 15.0% Bolsa),942.2328525,342810.9769292258,527401.5029530429,485209.38271679945,-42192.12023624341,42192.12023624341,7.999999999999997
2026-09-26,26,2026-09-01,True,TOLIMA,7717187.69,314077.6175,162314013.98,105504109.09,363.8283,266965.97,47111.64,85.0,15.0,Cubierta (85.0% Contratos / 15.0% Bolsa),942.2328525,342810.9769292258,527401.5029530429,485209.38271679945,-42192.12023624341,42192.12023624341,7.999999999999997
2026-09-27,27,2026-09-01,True,ANTIOQUIA,25675396.16,315584.14375,163092580.82,106010177.53,363.7055,268246.52,47337.62,85.0,15.0,Cubierta (85.0% Contratos / 15.0% Bolsa),946.75243125,344339.06638399686,529752.4098365251,487372.2170496031,-42380.19278692198,42380.19278692198,7.999999999999995
2026-09-27,27,2026-09-01,True,BOGOTA,36404853.44,315584.14375,163092580.82,106010177.53,363.7055,268246.52,47337.62,85.0,15.0,Cubierta (85.0% Contratos / 15.0% Bolsa),946.75243125,344339.06638399686,529752.4098365251,487372.2170496031,-42380.19278692198,42380.19278692198,7.999999999999995
2026-09-27,27,2026-09-01,True,CARIBE_MAR,28820268.0,315584.14375,163092580.82,106010177.53,363.7055,268246.52,47337.62,85.0,15.0,Cubierta (85.0% Contratos / 15.0% Bolsa),946.75243125,344339.06638399686,529752.4098365251,487372.2170496031,-42380.19278692198,42380.19278692198,7.999999999999995
2026-09-27,27,2026-09-01,True,CARIBE_SOL,22535799.24,315584.14375,163092580.82,106010177.53,363.7055,268246.52,47337.62,85.0,15.0,Cubierta (85.0% Contratos / 15.0% Bolsa),946.75243125,344339.06638399686,529752.4098365251,487372.2170496031,-42380.19278692198,42380.19278692198,7.999999999999995
2026-09-27,27,2026-09-01,True,VALLE,18509302.99,315584.14375,163092580.82,106010177.53,363.7055,268246.52,47337.62,85.0,15.0,Cubierta (85.0% Contratos / 15.0% Bolsa),946.75243125,344339.06638399686,529752.4098365251,487372.2170496031,-42380.19278692198,42380.19278692198,7.999999999999995
2026-09-27,27,2026-09-01,True,SANTANDER,14355152.3,315584.14375,163092580.82,106010177.53,363.7055,268246.52,47337.62,85.0,15.0,Cubierta (85.0% Contratos / 15.0% Bolsa),946.75243125,344339.06638399686,529752.4098365251,487372.2170496031,-42380.19278692198,42380.19278692198,7.999999999999995
2026-09-27,27,2026-09-01,True,CUNDINAMARCA,9162730.1,315584.14375,163092580.82,106010177.53,363.7055,268246.52,47337.62,85.0,15.0,Cubierta (85.0% Contratos / 15.0% Bolsa),946.75243125,344339.06638399686,529752.4098365251,487372.2170496031,-42380.19278692198,42380.19278692198,7.999999999999995
2026-09-27,27,2026-09-01,True,TOLIMA,7629078.59,315584.14375,163092580.82,106010177.53,363.7055,268246.52,47337.62,85.0,15.0,Cubierta (85.0% Contratos / 15.0% Bolsa),946.75243125,344339.06638399686,529752.4098365251,487372.2170496031,-42380.19278692198,42380.19278692198,7.999999999999995
2026-09-28,28,2026-09-01,True,ANTIOQUIA,30051905.67,441382.95125,192323725.89,125010421.83,363.6569,375175.51,66207.44,85.0,15.0,Cubierta (85.0% Contratos / 15.0% Bolsa),1324.14885375,481535.86729327834,740824.4112115391,681558.458314616,-59265.95289692306,59265.95289692306,7.999999999999992
2026-09-28,28,2026-09-01,True,BOGOTA,42377630.62,441382.95125,192323725.89,125010421.83,363.6569,375175.51,66207.44,85.0,15.0,Cubierta (85.0% Contratos / 15.0% Bolsa),1324.14885375,481535.86729327834,740824.4112115391,681558.458314616,-59265.95289692306,59265.95289692306,7.999999999999992
2026-09-28,28,2026-09-01,True,CARIBE_MAR,33967722.77,441382.95125,192323725.89,125010421.83,363.6569,375175.51,66207.44,85.0,15.0,Cubierta (85.0% Contratos / 15.0% Bolsa),1324.14885375,481535.86729327834,740824.4112115391,681558.458314616,-59265.95289692306,59265.95289692306,7.999999999999992
2026-09-28,28,2026-09-01,True,CARIBE_SOL,27296657.11,441382.95125,192323725.89,125010421.83,363.6569,375175.51,66207.44,85.0,15.0,Cubierta (85.0% Contratos / 15.0% Bolsa),1324.14885375,481535.86729327834,740824.4112115391,681558.458314616,-59265.95289692306,59265.95289692306,7.999999999999992
2026-09-28,28,2026-09-01,True,VALLE,21553253.22,441382.95125,192323725.89,125010421.83,363.6569,375175.51,66207.44,85.0,15.0,Cubierta (85.0% Contratos / 15.0% Bolsa),1324.14885375,481535.86729327834,740824.4112115391,681558.458314616,-59265.95289692306,59265.95289692306,7.999999999999992
2026-09-28,28,2026-09-01,True,SANTANDER,17139440.75,441382.95125,192323725.89,125010421.83,363.6569,375175.51,66207.44,85.0,15.0,Cubierta (85.0% Contratos / 15.0% Bolsa),1324.14885375,481535.86729327834,740824.4112115391,681558.458314616,-59265.95289692306,59265.95289692306,7.999999999999992
2026-09-28,28,2026-09-01,True,CUNDINAMARCA,10909608.61,441382.95125,192323725.89,125010421.83,363.6569,375175.51,66207.44,85.0,15.0,Cubierta (85.0% Contratos / 15.0% Bolsa),1324.14885375,481535.86729327834,740824.4112115391,681558.458314616,-59265.95289692306,59265.95289692306,7.999999999999992
2026-09-28,28,2026-09-01,True,TOLIMA,9027507.14,441382.95125,192323725.89,125010421.83,363.6569,375175.51,66207.44,85.0,15.0,Cubierta (85.0% Contratos / 15.0% Bolsa),1324.14885375,481535.86729327834,740824.4112115391,681558.458314616,-59265.95289692306,59265.95289692306,7.999999999999992
2026-09-29,29,2026-09-01,True,ANTIOQUIA,30674449.23,443750.65875,193355406.73,125681014.37,363.6866,377188.06,66562.6,85.0,15.0,Cubierta (85.0% Contratos / 15.0% Bolsa),1331.25197625,484158.50498564326,744859.2384661208,685270.4993888312,-59588.73907728959,59588.73907728959,7.99999999999999
2026-09-29,29,2026-09-01,True,BOGOTA,42677965.38,443750.65875,193355406.73,125681014.37,363.6866,377188.06,66562.6,85.0,15.0,Cubierta (85.0% Contratos / 15.0% Bolsa),1331.25197625,484158.50498564326,744859.2384661208,685270.4993888312,-59588.73907728959,59588.73907728959,7.99999999999999
2026-09-29,29,2026-09-01,True,CARIBE_MAR,33727692.8,443750.65875,193355406.73,125681014.37,363.6866,377188.06,66562.6,85.0,15.0,Cubierta (85.0% Contratos / 15.0% Bolsa),1331.25197625,484158.50498564326,744859.2384661208,685270.4993888312,-59588.73907728959,59588.73907728959,7.99999999999999
2026-09-29,29,2026-09-01,True,CARIBE_SOL,27441611.34,443750.65875,193355406.73,125681014.37,363.6866,377188.06,66562.6,85.0,15.0,Cubierta (85.0% Contratos / 15.0% Bolsa),1331.25197625,484158.50498564326,744859.2384661208,685270.4993888312,-59588.73907728959,59588.73907728959,7.99999999999999
2026-09-29,29,2026-09-01,True,VALLE,21812934.95,443750.65875,193355406.73,125681014.37,363.6866,377188.06,66562.6,85.0,15.0,Cubierta (85.0% Contratos / 15.0% Bolsa),1331.25197625,484158.50498564326,744859.2384661208,685270.4993888312,-59588.73907728959,59588.73907728959,7.99999999999999
2026-09-29,29,2026-09-01,True,SANTANDER,17019988.91,443750.65875,193355406.73,125681014.37,363.6866,377188.06,66562.6,85.0,15.0,Cubierta (85.0% Contratos / 15.0% Bolsa),1331.25197625,484158.50498564326,744859.2384661208,685270.4993888312,-59588.73907728959,59588.73907728959,7.99999999999999
2026-09-29,29,2026-09-01,True,CUNDINAMARCA,10954802.84,443750.65875,193355406.73,125681014.37,363.6866,377188.06,66562.6,85.0,15.0,Cubierta (85.0% Contratos / 15.0% Bolsa),1331.25197625,484158.50498564326,744859.2384661208,685270.4993888312,-59588.73907728959,59588.73907728959,7.99999999999999
2026-09-29,29,2026-09-01,True,TOLIMA,9045961.28,443750.65875,193355406.73,125681014.37,363.6866,377188.06,66562.6,85.0,15.0,Cubierta (85.0% Contratos / 15.0% Bolsa),1331.25197625,484158.50498564326,744859.2384661208,685270.4993888312,-59588.73907728959,59588.73907728959,7.99999999999999
2026-09-30,30,2026-09-01,True,ANTIOQUIA,30705938.58,444441.35875,193656365.65,125876637.67,363.7969,377775.15,66666.2,85.0,15.0,Cubierta (85.0% Contratos / 15.0% Bolsa),1333.32407625,485059.1656351136,746244.8702226882,686545.2806048732,-59699.589617814985,59699.589617814985,7.99999999999999
2026-09-30,30,2026-09-01,True,BOGOTA,42758993.91,444441.35875,193656365.65,125876637.67,363.7969,377775.15,66666.2,85.0,15.0,Cubierta (85.0% Contratos / 15.0% Bolsa),1333.32407625,485059.1656351136,746244.8702226882,686545.2806048732,-59699.589617814985,59699.589617814985,7.99999999999999
2026-09-30,30,2026-09-01,True,CARIBE_MAR,34192473.85,444441.35875,193656365.65,125876637.67,363.7969,377775.15,66666.2,85.0,15.0,Cubierta (85.0% Contratos / 15.0% Bolsa),1333.32407625,485059.1656351136,746244.8702226882,686545.2806048732,-59699.589617814985,59699.589617814985,7.99999999999999
2026-09-30,30,2026-09-01,True,CARIBE_SOL,26956696.9,444441.35875,193656365.65,125876637.67,363.7969,377775.15,66666.2,85.0,15.0,Cubierta (85.0% Contratos / 15.0% Bolsa),1333.32407625,485059.1656351136,746244.8702226882,686545.2806048732,-59699.589617814985,59699.589617814985,7.99999999999999
2026-09-30,30,2026-09-01,True,VALLE,21754384.96,444441.35875,193656365.65,125876637.67,363.7969,377775.15,66666.2,85.0,15.0,Cubierta (85.0% Contratos / 15.0% Bolsa),1333.32407625,485059.1656351136,746244.8702226882,686545.2806048732,-59699.589617814985,59699.589617814985,7.99999999999999
2026-09-30,30,2026-09-01,True,SANTANDER,17205336.01,444441.35875,193656365.65,125876637.67,363.7969,377775.15,66666.2,85.0,15.0,Cubierta (85.0% Contratos / 15.0% Bolsa),1333.32407625,485059.1656351136,746244.8702226882,686545.2806048732,-59699.589617814985,59699.589617814985,7.99999999999999
2026-09-30,30,2026-09-01,True,CUNDINAMARCA,10865435.99,444441.35875,193656365.65,125876637.67,363.7969,377775.15,66666.2,85.0,15.0,Cubierta (85.0% Contratos / 15.0% Bolsa),1333.32407625,485059.1656351136,746244.8702226882,686545.2806048732,-59699.589617814985,59699.589617814985,7.99999999999999
2026-09-30,30,2026-09-01,True,TOLIMA,9217105.45,444441.35875,193656365.65,125876637.67,363.7969,377775.15,66666.2,85.0,15.0,Cubierta (85.0% Contratos / 15.0% Bolsa),1333.32407625,485059.1656351136,746244.8702226882,686545.2806048732,-59699.589617814985,59699.589617814985,7.99999999999999
2026-10-01,1,2026-10-01,True,ANTIOQUIA,30826142.02,443681.265,193325170.11,125661360.57,363.9887,377129.08,66552.19,85.0,15.0,Cubierta (85.0% Contratos / 15.0% Bolsa),1331.043795,484484.9005851165,745361.3855244613,685732.4746825044,-59628.91084195685,59628.91084195685,7.999999999999993
2026-10-01,1,2026-10-01,True,BOGOTA,42153770.11,443681.265,193325170.11,125661360.57,363.9887,377129.08,66552.19,85.0,15.0,Cubierta (85.0% Contratos / 15.0% Bolsa),1331.043795,484484.9005851165,745361.3855244613,685732.4746825044,-59628.91084195685,59628.91084195685,7.999999999999993
2026-10-01,1,2026-10-01,True,CARIBE_MAR,34777611.26,443681.265,193325170.11,125661360.57,363.9887,377129.08,66552.19,85.0,15.0,Cubierta (85.0% Contratos / 15.0% Bolsa),1331.043795,484484.9005851165,745361.3855244613,685732.4746825044,-59628.91084195685,59628.91084195685,7.999999999999993
2026-10-01,1,2026-10-01,True,CARIBE_SOL,26621469.09,443681.265,193325170.11,125661360.57,363.9887,377129.08,66552.19,85.0,15.0,Cubierta (85.0% Contratos / 15.0% Bolsa),1331.043795,484484.9005851165,745361.3855244613,685732.4746825044,-59628.91084195685,59628.91084195685,7.999999999999993
2026-10-01,1,2026-10-01,True,VALLE,21728248.83,443681.265,193325170.11,125661360.57,363.9887,377129.08,66552.19,85.0,15.0,Cubierta (85.0% Contratos / 15.0% Bolsa),1331.043795,484484.9005851165,745361.3855244613,685732.4746825044,-59628.91084195685,59628.91084195685,7.999999999999993
2026-10-01,1,2026-10-01,True,SANTANDER,17082701.42,443681.265,193325170.11,125661360.57,363.9887,377129.08,66552.19,85.0,15.0,Cubierta (85.0% Contratos / 15.0% Bolsa),1331.043795,484484.9005851165,745361.3855244613,685732.4746825044,-59628.91084195685,59628.91084195685,7.999999999999993
2026-10-01,1,2026-10-01,True,CUNDINAMARCA,10900814.74,443681.265,193325170.11,125661360.57,363.9887,377129.08,66552.19,85.0,15.0,Cubierta (85.0% Contratos / 15.0% Bolsa),1331.043795,484484.9005851165,745361.3855244613,685732.4746825044,-59628.91084195685,59628.91084195685,7.999999999999993
2026-10-01,1,2026-10-01,True,TOLIMA,9234412.64,443681.265,193325170.11,125661360.57,363.9887,377129.08,66552.19,85.0,15.0,Cubierta (85.0% Contratos / 15.0% Bolsa),1331.043795,484484.9005851165,745361.3855244613,685732.4746825044,-59628.91084195685,59628.91084195685,7.999999999999993
2026-10-02,2,2026-10-01,True,ANTIOQUIA,30583082.29,449109.4525,195690393.19,127198755.57,364.2612,381743.03,67366.42,85.0,15.0,Cubierta (85.0% Contratos / 15.0% Bolsa),1347.3283575,490779.444296979,755045.298939205,694641.6750240687,-60403.623915136326,60403.623915136326,7.99999999999999
2026-10-02,2,2026-10-01,True,BOGOTA,43859948.25,449109.4525,195690393.19,127198755.57,364.2612,381743.03,67366.42,85.0,15.0,Cubierta (85.0% Contratos / 15.0% Bolsa),1347.3283575,490779.444296979,755045.298939205,694641.6750240687,-60403.623915136326,60403.623915136326,7.99999999999999
2026-10-02,2,2026-10-01,True,CARIBE_MAR,34276769.59,449109.4525,195690393.19,127198755.57,364.2612,381743.03,67366.42,85.0,15.0,Cubierta (85.0% Contratos / 15.0% Bolsa),1347.3283575,490779.444296979,755045.298939205,694641.6750240687,-60403.623915136326,60403.623915136326,7.99999999999999
2026-10-02,2,2026-10-01,True,CARIBE_SOL,27233024.78,449109.4525,195690393.19,127198755.57,364.2612,381743.03,67366.42,85.0,15.0,Cubierta (85.0% Contratos / 15.0% Bolsa),1347.3283575,490779.444296979,755045.298939205,694641.6750240687,-60403.623915136326,60403.623915136326,7.99999999999999
2026-10-02,2,2026-10-01,True,VALLE,22269499.47,449109.4525,195690393.19,127198755.57,364.2612,381743.03,67366.42,85.0,15.0,Cubierta (85.0% Contratos / 15.0% Bolsa),1347.3283575,490779.444296979,755045.298939205,694641.6750240687,-60403.623915136326,60403.623915136326,7.99999999999999
2026-10-02,2,2026-10-01,True,SANTANDER,17204741.4,449109.4525,195690393.19,127198755.57,364.2612,381743.03,67366.42,85.0,15.0,Cubierta (85.0% Contratos / 15.0% Bolsa),1347.3283575,490779.444296979,755045.298939205,694641.6750240687,-60403.623915136326,60403.623915136326,7.99999999999999
2026-10-02,2,2026-10-01,True,CUNDINAMARCA,11111039.1,449109.4525,195690393.19,127198755.57,364.2612,381743.03,67366.42,85.0,15.0,Cubierta (85.0% Contratos / 15.0% Bolsa),1347.3283575,490779.444296979,755045.298939205,694641.6750240687,-60403.623915136326,60403.623915136326,7.99999999999999
2026-10-02,2,2026-10-01,True,TOLIMA,9152288.31,449109.4525,195690393.19,127198755.57,364.2612,381743.03,67366.42,85.0,15.0,Cubierta (85.0% Contratos / 15.0% Bolsa),1347.3283575,490779.444296979,755045.298939205,694641.6750240687,-60403.623915136326,60403.623915136326,7.99999999999999
2026-10-03,3,2026-10-01,True,ANTIOQUIA,25803380.09,317000.255,163824420.87999997,106485873.57,364.6118,269450.22,47550.04,85.0,15.0,Cubierta (85.0% Contratos / 15.0% Bolsa),951.000765,346746.100728027,533455.5395915993,490779.09642427135,-42676.4431673279,42676.4431673279,7.999999999999993
2026-10-03,3,2026-10-01,True,BOGOTA,36542542.52,317000.255,163824420.87999997,106485873.57,364.6118,269450.22,47550.04,85.0,15.0,Cubierta (85.0% Contratos / 15.0% Bolsa),951.000765,346746.100728027,533455.5395915993,490779.09642427135,-42676.4431673279,42676.4431673279,7.999999999999993
2026-10-03,3,2026-10-01,True,CARIBE_MAR,28690161.62,317000.255,163824420.87999997,106485873.57,364.6118,269450.22,47550.04,85.0,15.0,Cubierta (85.0% Contratos / 15.0% Bolsa),951.000765,346746.100728027,533455.5395915993,490779.09642427135,-42676.4431673279,42676.4431673279,7.999999999999993
2026-10-03,3,2026-10-01,True,CARIBE_SOL,22711969.97,317000.255,163824420.87999997,106485873.57,364.6118,269450.22,47550.04,85.0,15.0,Cubierta (85.0% Contratos / 15.0% Bolsa),951.000765,346746.100728027,533455.5395915993,490779.09642427135,-42676.4431673279,42676.4431673279,7.999999999999993
2026-10-03,3,2026-10-01,True,VALLE,18650400.8,317000.255,163824420.87999997,106485873.57,364.6118,269450.22,47550.04,85.0,15.0,Cubierta (85.0% Contratos / 15.0% Bolsa),951.000765,346746.100728027,533455.5395915993,490779.09642427135,-42676.4431673279,42676.4431673279,7.999999999999993
2026-10-03,3,2026-10-01,True,SANTANDER,14389221.45,317000.255,163824420.87999997,106485873.57,364.6118,269450.22,47550.04,85.0,15.0,Cubierta (85.0% Contratos / 15.0% Bolsa),951.000765,346746.100728027,533455.5395915993,490779.09642427135,-42676.4431673279,42676.4431673279,7.999999999999993
2026-10-03,3,2026-10-01,True,CUNDINAMARCA,9378469.26,317000.255,163824420.87999997,106485873.57,364.6118,269450.22,47550.04,85.0,15.0,Cubierta (85.0% Contratos / 15.0% Bolsa),951.000765,346746.100728027,533455.5395915993,490779.09642427135,-42676.4431673279,42676.4431673279,7.999999999999993
2026-10-03,3,2026-10-01,True,TOLIMA,7658275.17,317000.255,163824420.87999997,106485873.57,364.6118,269450.22,47550.04,85.0,15.0,Cubierta (85.0% Contratos / 15.0% Bolsa),951.000765,346746.100728027,533455.5395915993,490779.09642427135,-42676.4431673279,42676.4431673279,7.999999999999993
2026-10-04,4,2026-10-01,True,ANTIOQUIA,25749908.61,316109.21875,163363937.24,106186559.21,365.0365,268692.84,47416.38,85.0,15.0,Cubierta (85.0% Contratos / 15.0% Bolsa),948.32765625,346174.20849070314,532575.7053502507,489969.64892223064,-42606.05642802006,42606.05642802006,8.000000000000002
2026-10-04,4,2026-10-01,True,BOGOTA,35776679.1,316109.21875,163363937.24,106186559.21,365.0365,268692.84,47416.38,85.0,15.0,Cubierta (85.0% Contratos / 15.0% Bolsa),948.32765625,346174.20849070314,532575.7053502507,489969.64892223064,-42606.05642802006,42606.05642802006,8.000000000000002
2026-10-04,4,2026-10-01,True,CARIBE_MAR,29164726.07,316109.21875,163363937.24,106186559.21,365.0365,268692.84,47416.38,85.0,15.0,Cubierta (85.0% Contratos / 15.0% Bolsa),948.32765625,346174.20849070314,532575.7053502507,489969.64892223064,-42606.05642802006,42606.05642802006,8.000000000000002
2026-10-04,4,2026-10-01,True,CARIBE_SOL,22679055.16,316109.21875,163363937.24,106186559.21,365.0365,268692.84,47416.38,85.0,15.0,Cubierta (85.0% Contratos / 15.0% Bolsa),948.32765625,346174.20849070314,532575.7053502507,489969.64892223064,-42606.05642802006,42606.05642802006,8.000000000000002
2026-10-04,4,2026-10-01,True,VALLE,18544023.17,316109.21875,163363937.24,106186559.21,365.0365,268692.84,47416.38,85.0,15.0,Cubierta (85.0% Contratos / 15.0% Bolsa),948.32765625,346174.20849070314,532575.7053502507,489969.64892223064,-42606.05642802006,42606.05642802006,8.000000000000002
2026-10-04,4,2026-10-01,True,SANTANDER,14404248.38,316109.21875,163363937.24,106186559.21,365.0365,268692.84,47416.38,85.0,15.0,Cubierta (85.0% Contratos / 15.0% Bolsa),948.32765625,346174.20849070314,532575.7053502507,489969.64892223064,-42606.05642802006,42606.05642802006,8.000000000000002
2026-10-04,4,2026-10-01,True,CUNDINAMARCA,9314873.77,316109.21875,163363937.24,106186559.21,365.0365,268692.84,47416.38,85.0,15.0,Cubierta (85.0% Contratos / 15.0% Bolsa),948.32765625,346174.20849070314,532575.7053502507,489969.64892223064,-42606.05642802006,42606.05642802006,8.000000000000002
2026-10-04,4,2026-10-01,True,TOLIMA,7730422.98,316109.21875,163363937.24,106186559.21,365.0365,268692.84,47416.38,85.0,15.0,Cubierta (85.0% Contratos / 15.0% Bolsa),948.32765625,346174.20849070314,532575.7053502507,489969.64892223064,-42606.05642802006,42606.05642802006,8.000000000000002
2026-10-05,5,2026-10-01,True,ANTIOQUIA,30649198.94,444735.2225,193784410.51,125959866.83,365.5296,378024.94,66710.28,85.0,15.0,Cubierta (85.0% Contratos / 15.0% Bolsa),1334.2056675,487691.663959008,750294.8676381779,690271.2782271238,-60023.589411054156,60023.589411054156,7.999999999999989
2026-10-05,5,2026-10-01,True,BOGOTA,42773276.92,444735.2225,193784410.51,125959866.83,365.5296,378024.94,66710.28,85.0,15.0,Cubierta (85.0% Contratos / 15.0% Bolsa),1334.2056675,487691.663959008,750294.8676381779,690271.2782271238,-60023.589411054156,60023.589411054156,7.999999999999989
2026-10-05,5,2026-10-01,True,CARIBE_MAR,34333781.32,444735.2225,193784410.51,125959866.83,365.5296,378024.94,66710.28,85.0,15.0,Cubierta (85.0% Contratos / 15.0% Bolsa),1334.2056675,487691.663959008,750294.8676381779,690271.2782271238,-60023.589411054156,60023.589411054156,7.999999999999989
2026-10-05,5,2026-10-01,True,CARIBE_SOL,26738285.88,444735.2225,193784410.51,125959866.83,365.5296,378024.94,66710.28,85.0,15.0,Cubierta (85.0% Contratos / 15.0% Bolsa),1334.2056675,487691.663959008,750294.8676381779,690271.2782271238,-60023.589411054156,60023.589411054156,7.999999999999989
2026-10-05,5,2026-10-01,True,VALLE,22083542.9,444735.2225,193784410.51,125959866.83,365.5296,378024.94,66710.28,85.0,15.0,Cubierta (85.0% Contratos / 15.0% Bolsa),1334.2056675,487691.663959008,750294.8676381779,690271.2782271238,-60023.589411054156,60023.589411054156,7.999999999999989
2026-10-05,5,2026-10-01,True,SANTANDER,17021424.26,444735.2225,193784410.51,125959866.83,365.5296,378024.94,66710.28,85.0,15.0,Cubierta (85.0% Contratos / 15.0% Bolsa),1334.2056675,487691.663959008,750294.8676381779,690271.2782271238,-60023.589411054156,60023.589411054156,7.999999999999989
2026-10-05,5,2026-10-01,True,CUNDINAMARCA,11007390.44,444735.2225,193784410.51,125959866.83,365.5296,378024.94,66710.28,85.0,15.0,Cubierta (85.0% Contratos / 15.0% Bolsa),1334.2056675,487691.663959008,750294.8676381779,690271.2782271238,-60023.589411054156,60023.589411054156,7.999999999999989
2026-10-05,5,2026-10-01,True,TOLIMA,9177509.85,444735.2225,193784410.51,125959866.83,365.5296,378024.94,66710.28,85.0,15.0,Cubierta (85.0% Contratos / 15.0% Bolsa),1334.2056675,487691.663959008,750294.8676381779,690271.2782271238,-60023.589411054156,60023.589411054156,7.999999999999989
2026-10-06,6,2026-10-01,True,ANTIOQUIA,30413766.48,443464.9825,193230929.43,125600104.13,366.0842,376945.24,66519.75,85.0,15.0,Cubierta (85.0% Contratos / 15.0% Bolsa),1330.3949475,487036.57003957947,749287.0308271395,689344.0683609684,-59942.96246617113,59942.96246617113,7.9999999999999964
2026-10-06,6,2026-10-01,True,BOGOTA,42530624.29,443464.9825,193230929.43,125600104.13,366.0842,376945.24,66519.75,85.0,15.0,Cubierta (85.0% Contratos / 15.0% Bolsa),1330.3949475,487036.57003957947,749287.0308271395,689344.0683609684,-59942.96246617113,59942.96246617113,7.9999999999999964
2026-10-06,6,2026-10-01,True,CARIBE_MAR,34048171.39,443464.9825,193230929.43,125600104.13,366.0842,376945.24,66519.75,85.0,15.0,Cubierta (85.0% Contratos / 15.0% Bolsa),1330.3949475,487036.57003957947,749287.0308271395,689344.0683609684,-59942.96246617113,59942.96246617113,7.9999999999999964
2026-10-06,6,2026-10-01,True,CARIBE_SOL,26917401.92,443464.9825,193230929.43,125600104.13,366.0842,376945.24,66519.75,85.0,15.0,Cubierta (85.0% Contratos / 15.0% Bolsa),1330.3949475,487036.57003957947,749287.0308271395,689344.0683609684,-59942.96246617113,59942.96246617113,7.9999999999999964
2026-10-06,6,2026-10-01,True,VALLE,21864948.75,443464.9825,193230929.43,125600104.13,366.0842,376945.24,66519.75,85.0,15.0,Cubierta (85.0% Contratos / 15.0% Bolsa),1330.3949475,487036.57003957947,749287.0308271395,689344.0683609684,-59942.96246617113,59942.96246617113,7.9999999999999964
2026-10-06,6,2026-10-01,True,SANTANDER,17257406.87,443464.9825,193230929.43,125600104.13,366.0842,376945.24,66519.75,85.0,15.0,Cubierta (85.0% Contratos / 15.0% Bolsa),1330.3949475,487036.57003957947,749287.0308271395,689344.0683609684,-59942.96246617113,59942.96246617113,7.9999999999999964
2026-10-06,6,2026-10-01,True,CUNDINAMARCA,10974464.8,443464.9825,193230929.43,125600104.13,366.0842,376945.24,66519.75,85.0,15.0,Cubierta (85.0% Contratos / 15.0% Bolsa),1330.3949475,487036.57003957947,749287.0308271395,689344.0683609684,-59942.96246617113,59942.96246617113,7.9999999999999964
2026-10-06,6,2026-10-01,True,TOLIMA,9224144.93,443464.9825,193230929.43,125600104.13,366.0842,376945.24,66519.75,85.0,15.0,Cubierta (85.0% Contratos / 15.0% Bolsa),1330.3949475,487036.57003957947,749287.0308271395,689344.0683609684,-59942.96246617113,59942.96246617113,7.9999999999999964
2026-10-07,7,2026-10-01,True,ANTIOQUIA,30821857.38,447516.3125,194996214.84,126747539.65,366.6921,380388.87,67127.45,85.0,15.0,Cubierta (85.0% Contratos / 15.0% Bolsa),1342.5489375,492302.0892446437,757387.829583242,696796.8032165826,-60591.026366659324,60591.026366659324,7.9999999999999964
2026-10-07,7,2026-10-01,True,BOGOTA,42707375.01,447516.3125,194996214.84,126747539.65,366.6921,380388.87,67127.45,85.0,15.0,Cubierta (85.0% Contratos / 15.0% Bolsa),1342.5489375,492302.0892446437,757387.829583242,696796.8032165826,-60591.026366659324,60591.026366659324,7.9999999999999964
2026-10-07,7,2026-10-01,True,CARIBE_MAR,34694453.42,447516.3125,194996214.84,126747539.65,366.6921,380388.87,67127.45,85.0,15.0,Cubierta (85.0% Contratos / 15.0% Bolsa),1342.5489375,492302.0892446437,757387.829583242,696796.8032165826,-60591.026366659324,60591.026366659324,7.9999999999999964
2026-10-07,7,2026-10-01,True,CARIBE_SOL,27033742.26,447516.3125,194996214.84,126747539.65,366.6921,380388.87,67127.45,85.0,15.0,Cubierta (85.0% Contratos / 15.0% Bolsa),1342.5489375,492302.0892446437,757387.829583242,696796.8032165826,-60591.026366659324,60591.026366659324,7.9999999999999964
2026-10-07,7,2026-10-01,True,VALLE,22332532.99,447516.3125,194996214.84,126747539.65,366.6921,380388.87,67127.45,85.0,15.0,Cubierta (85.0% Contratos / 15.0% Bolsa),1342.5489375,492302.0892446437,757387.829583242,696796.8032165826,-60591.026366659324,60591.026366659324,7.9999999999999964
2026-10-07,7,2026-10-01,True,SANTANDER,17140487.45,447516.3125,194996214.84,126747539.65,366.6921,380388.87,67127.45,85.0,15.0,Cubierta (85.0% Contratos / 15.0% Bolsa),1342.5489375,492302.0892446437,757387.829583242,696796.8032165826,-60591.026366659324,60591.026366659324,7.9999999999999964
2026-10-07,7,2026-10-01,True,CUNDINAMARCA,11090666.3,447516.3125,194996214.84,126747539.65,366.6921,380388.87,67127.45,85.0,15.0,Cubierta (85.0% Contratos / 15.0% Bolsa),1342.5489375,492302.0892446437,757387.829583242,696796.8032165826,-60591.026366659324,60591.026366659324,7.9999999999999964
2026-10-07,7,2026-10-01,True,TOLIMA,9175100.03,447516.3125,194996214.84,126747539.65,366.6921,380388.87,67127.45,85.0,15.0,Cubierta (85.0% Contratos / 15.0% Bolsa),1342.5489375,492302.0892446437,757387.829583242,696796.8032165826,-60591.026366659324,60591.026366659324,7.9999999999999964
2026-10-08,8,2026-10-01,True,ANTIOQUIA,30610611.98,445024.1975,193910325.48,126041711.56,367.3438,378270.57,66753.63,85.0,15.0,Cubierta (85.0% Contratos / 15.0% Bolsa),1335.0725925000002,490430.63940480154,754508.6760193593,694147.9819378105,-60360.69408154872,60360.69408154872,7.999999999999997
2026-10-08,8,2026-10-01,True,BOGOTA,43212416.43,445024.1975,193910325.48,126041711.56,367.3438,378270.57,66753.63,85.0,15.0,Cubierta (85.0% Contratos / 15.0% Bolsa),1335.0725925000002,490430.63940480154,754508.6760193593,694147.9819378105,-60360.69408154872,60360.69408154872,7.999999999999997
2026-10-08,8,2026-10-01,True,CARIBE_MAR,34019355.38,445024.1975,193910325.48,126041711.56,367.3438,378270.57,66753.63,85.0,15.0,Cubierta (85.0% Contratos / 15.0% Bolsa),1335.0725925000002,490430.63940480154,754508.6760193593,694147.9819378105,-60360.69408154872,60360.69408154872,7.999999999999997
2026-10-08,8,2026-10-01,True,CARIBE_SOL,26901831.19,445024.1975,193910325.48,126041711.56,367.3438,378270.57,66753.63,85.0,15.0,Cubierta (85.0% Contratos / 15.0% Bolsa),1335.0725925000002,490430.63940480154,754508.6760193593,694147.9819378105,-60360.69408154872,60360.69408154872,7.999999999999997
2026-10-08,8,2026-10-01,True,VALLE,21694926.13,445024.1975,193910325.48,126041711.56,367.3438,378270.57,66753.63,85.0,15.0,Cubierta (85.0% Contratos / 15.0% Bolsa),1335.0725925000002,490430.63940480154,754508.6760193593,694147.9819378105,-60360.69408154872,60360.69408154872,7.999999999999997
2026-10-08,8,2026-10-01,True,SANTANDER,17172042.23,445024.1975,193910325.48,126041711.56,367.3438,378270.57,66753.63,85.0,15.0,Cubierta (85.0% Contratos / 15.0% Bolsa),1335.0725925000002,490430.63940480154,754508.6760193593,694147.9819378105,-60360.69408154872,60360.69408154872,7.999999999999997
2026-10-08,8,2026-10-01,True,CUNDINAMARCA,11059911.11,445024.1975,193910325.48,126041711.56,367.3438,378270.57,66753.63,85.0,15.0,Cubierta (85.0% Contratos / 15.0% Bolsa),1335.0725925000002,490430.63940480154,754508.6760193593,694147.9819378105,-60360.69408154872,60360.69408154872,7.999999999999997
2026-10-08,8,2026-10-01,True,TOLIMA,9239231.03,445024.1975,193910325.48,126041711.56,367.3438,378270.57,66753.63,85.0,15.0,Cubierta (85.0% Contratos / 15.0% Bolsa),1335.0725925000002,490430.63940480154,754508.6760193593,694147.9819378105,-60360.69408154872,60360.69408154872,7.999999999999997
2026-10-09,9,2026-10-01,True,ANTIOQUIA,30771489.15,448771.2725,195543038.24,127102974.86,368.0292,381455.58,67315.69,85.0,15.0,Cubierta (85.0% Contratos / 15.0% Bolsa),1346.3138175000001,495482.79720347107,762281.2264428892,701298.7283274581,-60982.49811543105,60982.49811543105,7.999999999999989
2026-10-09,9,2026-10-01,True,BOGOTA,43172874.19,448771.2725,195543038.24,127102974.86,368.0292,381455.58,67315.69,85.0,15.0,Cubierta (85.0% Contratos / 15.0% Bolsa),1346.3138175000001,495482.79720347107,762281.2264428892,701298.7283274581,-60982.49811543105,60982.49811543105,7.999999999999989
2026-10-09,9,2026-10-01,True,CARIBE_MAR,34743296.95,448771.2725,195543038.24,127102974.86,368.0292,381455.58,67315.69,85.0,15.0,Cubierta (85.0% Contratos / 15.0% Bolsa),1346.3138175000001,495482.79720347107,762281.2264428892,701298.7283274581,-60982.49811543105,60982.49811543105,7.999999999999989
2026-10-09,9,2026-10-01,True,CARIBE_SOL,26918873.55,448771.2725,195543038.24,127102974.86,368.0292,381455.58,67315.69,85.0,15.0,Cubierta (85.0% Contratos / 15.0% Bolsa),1346.3138175000001,495482.79720347107,762281.2264428892,701298.7283274581,-60982.49811543105,60982.49811543105,7.999999999999989
2026-10-09,9,2026-10-01,True,VALLE,22282024.94,448771.2725,195543038.24,127102974.86,368.0292,381455.58,67315.69,85.0,15.0,Cubierta (85.0% Contratos / 15.0% Bolsa),1346.3138175000001,495482.79720347107,762281.2264428892,701298.7283274581,-60982.49811543105,60982.49811543105,7.999999999999989
2026-10-09,9,2026-10-01,True,SANTANDER,17318221.87,448771.2725,195543038.24,127102974.86,368.0292,381455.58,67315.69,85.0,15.0,Cubierta (85.0% Contratos / 15.0% Bolsa),1346.3138175000001,495482.79720347107,762281.2264428892,701298.7283274581,-60982.49811543105,60982.49811543105,7.999999999999989
2026-10-09,9,2026-10-01,True,CUNDINAMARCA,11086698.62,448771.2725,195543038.24,127102974.86,368.0292,381455.58,67315.69,85.0,15.0,Cubierta (85.0% Contratos / 15.0% Bolsa),1346.3138175000001,495482.79720347107,762281.2264428892,701298.7283274581,-60982.49811543105,60982.49811543105,7.999999999999989
2026-10-09,9,2026-10-01,True,TOLIMA,9249558.97,448771.2725,195543038.24,127102974.86,368.0292,381455.58,67315.69,85.0,15.0,Cubierta (85.0% Contratos / 15.0% Bolsa),1346.3138175000001,495482.79720347107,762281.2264428892,701298.7283274581,-60982.49811543105,60982.49811543105,7.999999999999989
2026-10-10,10,2026-10-01,True,ANTIOQUIA,25549438.48,315280.6675,162935745.55999997,105908234.61,368.7374,267988.57,47292.1,85.0,15.0,Cubierta (85.0% Contratos / 15.0% Bolsa),945.8420024999999,348767.32081264345,536565.1089627936,493639.9002457701,-42925.20871702349,42925.20871702349,8.0
2026-10-10,10,2026-10-01,True,BOGOTA,36316839.35,315280.6675,162935745.55999997,105908234.61,368.7374,267988.57,47292.1,85.0,15.0,Cubierta (85.0% Contratos / 15.0% Bolsa),945.8420024999999,348767.32081264345,536565.1089627936,493639.9002457701,-42925.20871702349,42925.20871702349,8.0
2026-10-10,10,2026-10-01,True,CARIBE_MAR,28642593.3,315280.6675,162935745.55999997,105908234.61,368.7374,267988.57,47292.1,85.0,15.0,Cubierta (85.0% Contratos / 15.0% Bolsa),945.8420024999999,348767.32081264345,536565.1089627936,493639.9002457701,-42925.20871702349,42925.20871702349,8.0
2026-10-10,10,2026-10-01,True,CARIBE_SOL,22502546.1,315280.6675,162935745.55999997,105908234.61,368.7374,267988.57,47292.1,85.0,15.0,Cubierta (85.0% Contratos / 15.0% Bolsa),945.8420024999999,348767.32081264345,536565.1089627936,493639.9002457701,-42925.20871702349,42925.20871702349,8.0
2026-10-10,10,2026-10-01,True,VALLE,18425972.27,315280.6675,162935745.55999997,105908234.61,368.7374,267988.57,47292.1,85.0,15.0,Cubierta (85.0% Contratos / 15.0% Bolsa),945.8420024999999,348767.32081264345,536565.1089627936,493639.9002457701,-42925.20871702349,42925.20871702349,8.0
2026-10-10,10,2026-10-01,True,SANTANDER,14556571.22,315280.6675,162935745.55999997,105908234.61,368.7374,267988.57,47292.1,85.0,15.0,Cubierta (85.0% Contratos / 15.0% Bolsa),945.8420024999999,348767.32081264345,536565.1089627936,493639.9002457701,-42925.20871702349,42925.20871702349,8.0
2026-10-10,10,2026-10-01,True,CUNDINAMARCA,9184797.42,315280.6675,162935745.55999997,105908234.61,368.7374,267988.57,47292.1,85.0,15.0,Cubierta (85.0% Contratos / 15.0% Bolsa),945.8420024999999,348767.32081264345,536565.1089627936,493639.9002457701,-42925.20871702349,42925.20871702349,8.0
2026-10-10,10,2026-10-01,True,TOLIMA,7756987.42,315280.6675,162935745.55999997,105908234.61,368.7374,267988.57,47292.1,85.0,15.0,Cubierta (85.0% Contratos / 15.0% Bolsa),945.8420024999999,348767.32081264345,536565.1089627936,493639.9002457701,-42925.20871702349,42925.20871702349,8.0
2026-10-11,11,2026-10-01,True,ANTIOQUIA,25567478.78,315733.33625,163169682.56999996,106060293.67,369.457,268373.34,47360.0,85.0,15.0,Cubierta (85.0% Contratos / 15.0% Bolsa),947.20000875,349949.6736327488,538384.1132836898,495313.38422099466,-43070.72906269517,43070.72906269517,7.999999999999997
2026-10-11,11,2026-10-01,True,BOGOTA,36015002.48,315733.33625,163169682.56999996,106060293.67,369.457,268373.34,47360.0,85.0,15.0,Cubierta (85.0% Contratos / 15.0% Bolsa),947.20000875,349949.6736327488,538384.1132836898,495313.38422099466,-43070.72906269517,43070.72906269517,7.999999999999997
2026-10-11,11,2026-10-01,True,CARIBE_MAR,28735170.63,315733.33625,163169682.56999996,106060293.67,369.457,268373.34,47360.0,85.0,15.0,Cubierta (85.0% Contratos / 15.0% Bolsa),947.20000875,349949.6736327488,538384.1132836898,495313.38422099466,-43070.72906269517,43070.72906269517,7.999999999999997
2026-10-11,11,2026-10-01,True,CARIBE_SOL,22662451.34,315733.33625,163169682.56999996,106060293.67,369.457,268373.34,47360.0,85.0,15.0,Cubierta (85.0% Contratos / 15.0% Bolsa),947.20000875,349949.6736327488,538384.1132836898,495313.38422099466,-43070.72906269517,43070.72906269517,7.999999999999997
2026-10-11,11,2026-10-01,True,VALLE,18613646.15,315733.33625,163169682.56999996,106060293.67,369.457,268373.34,47360.0,85.0,15.0,Cubierta (85.0% Contratos / 15.0% Bolsa),947.20000875,349949.6736327488,538384.1132836898,495313.38422099466,-43070.72906269517,43070.72906269517,7.999999999999997
2026-10-11,11,2026-10-01,True,SANTANDER,14515580.64,315733.33625,163169682.56999996,106060293.67,369.457,268373.34,47360.0,85.0,15.0,Cubierta (85.0% Contratos / 15.0% Bolsa),947.20000875,349949.6736327488,538384.1132836898,495313.38422099466,-43070.72906269517,43070.72906269517,7.999999999999997
2026-10-11,11,2026-10-01,True,CUNDINAMARCA,9286350.17,315733.33625,163169682.56999996,106060293.67,369.457,268373.34,47360.0,85.0,15.0,Cubierta (85.0% Contratos / 15.0% Bolsa),947.20000875,349949.6736327488,538384.1132836898,495313.38422099466,-43070.72906269517,43070.72906269517,7.999999999999997
2026-10-11,11,2026-10-01,True,TOLIMA,7774002.38,315733.33625,163169682.56999996,106060293.67,369.457,268373.34,47360.0,85.0,15.0,Cubierta (85.0% Contratos / 15.0% Bolsa),947.20000875,349949.6736327488,538384.1132836898,495313.38422099466,-43070.72906269517,43070.72906269517,7.999999999999997
2026-10-12,12,2026-10-01,True,ANTIOQUIA,30773266.34,446175.5575,194412007.73000002,126367805.02,370.1764,379249.22,66926.33,85.0,15.0,Cubierta (85.0% Contratos / 15.0% Bolsa),1338.5266725,495490.98493002896,762293.8229964211,701310.3171567075,-60983.505839713616,60983.505839713616,7.99999999999999
2026-10-12,12,2026-10-01,True,BOGOTA,43082249.49,446175.5575,194412007.73000002,126367805.02,370.1764,379249.22,66926.33,85.0,15.0,Cubierta (85.0% Contratos / 15.0% Bolsa),1338.5266725,495490.98493002896,762293.8229964211,701310.3171567075,-60983.505839713616,60983.505839713616,7.99999999999999
2026-10-12,12,2026-10-01,True,CARIBE_MAR,34048071.22,446175.5575,194412007.73000002,126367805.02,370.1764,379249.22,66926.33,85.0,15.0,Cubierta (85.0% Contratos / 15.0% Bolsa),1338.5266725,495490.98493002896,762293.8229964211,701310.3171567075,-60983.505839713616,60983.505839713616,7.99999999999999
2026-10-12,12,2026-10-01,True,CARIBE_SOL,26926819.94,446175.5575,194412007.73000002,126367805.02,370.1764,379249.22,66926.33,85.0,15.0,Cubierta (85.0% Contratos / 15.0% Bolsa),1338.5266725,495490.98493002896,762293.8229964211,701310.3171567075,-60983.505839713616,60983.505839713616,7.99999999999999
2026-10-12,12,2026-10-01,True,VALLE,21951001.91,446175.5575,194412007.73000002,126367805.02,370.1764,379249.22,66926.33,85.0,15.0,Cubierta (85.0% Contratos / 15.0% Bolsa),1338.5266725,495490.98493002896,762293.8229964211,701310.3171567075,-60983.505839713616,60983.505839713616,7.99999999999999
2026-10-12,12,2026-10-01,True,SANTANDER,17342454.53,446175.5575,194412007.73000002,126367805.02,370.1764,379249.22,66926.33,85.0,15.0,Cubierta (85.0% Contratos / 15.0% Bolsa),1338.5266725,495490.98493002896,762293.8229964211,701310.3171567075,-60983.505839713616,60983.505839713616,7.99999999999999
2026-10-12,12,2026-10-01,True,CUNDINAMARCA,11076394.84,446175.5575,194412007.73000002,126367805.02,370.1764,379249.22,66926.33,85.0,15.0,Cubierta (85.0% Contratos / 15.0% Bolsa),1338.5266725,495490.98493002896,762293.8229964211,701310.3171567075,-60983.505839713616,60983.505839713616,7.99999999999999
2026-10-12,12,2026-10-01,True,TOLIMA,9211749.46,446175.5575,194412007.73000002,126367805.02,370.1764,379249.22,66926.33,85.0,15.0,Cubierta (85.0% Contratos / 15.0% Bolsa),1338.5266725,495490.98493002896,762293.8229964211,701310.3171567075,-60983.505839713616,60983.505839713616,7.99999999999999
2026-10-13,13,2026-10-01,True,ANTIOQUIA,30844854.23,444637.42375,193741796.89,125932167.98,370.884,377941.81,66695.61,85.0,15.0,Cubierta (85.0% Contratos / 15.0% Bolsa),1333.91227125,494726.71881028503,761118.0289298343,700228.5866154475,-60889.44231438672,60889.44231438672,7.999999999999997
2026-10-13,13,2026-10-01,True,BOGOTA,42336856.59,444637.42375,193741796.89,125932167.98,370.884,377941.81,66695.61,85.0,15.0,Cubierta (85.0% Contratos / 15.0% Bolsa),1333.91227125,494726.71881028503,761118.0289298343,700228.5866154475,-60889.44231438672,60889.44231438672,7.999999999999997
2026-10-13,13,2026-10-01,True,CARIBE_MAR,34165872.18,444637.42375,193741796.89,125932167.98,370.884,377941.81,66695.61,85.0,15.0,Cubierta (85.0% Contratos / 15.0% Bolsa),1333.91227125,494726.71881028503,761118.0289298343,700228.5866154475,-60889.44231438672,60889.44231438672,7.999999999999997
2026-10-13,13,2026-10-01,True,CARIBE_SOL,27127988.95,444637.42375,193741796.89,125932167.98,370.884,377941.81,66695.61,85.0,15.0,Cubierta (85.0% Contratos / 15.0% Bolsa),1333.91227125,494726.71881028503,761118.0289298343,700228.5866154475,-60889.44231438672,60889.44231438672,7.999999999999997
2026-10-13,13,2026-10-01,True,VALLE,21993095.16,444637.42375,193741796.89,125932167.98,370.884,377941.81,66695.61,85.0,15.0,Cubierta (85.0% Contratos / 15.0% Bolsa),1333.91227125,494726.71881028503,761118.0289298343,700228.5866154475,-60889.44231438672,60889.44231438672,7.999999999999997
2026-10-13,13,2026-10-01,True,SANTANDER,17213524.33,444637.42375,193741796.89,125932167.98,370.884,377941.81,66695.61,85.0,15.0,Cubierta (85.0% Contratos / 15.0% Bolsa),1333.91227125,494726.71881028503,761118.0289298343,700228.5866154475,-60889.44231438672,60889.44231438672,7.999999999999997
2026-10-13,13,2026-10-01,True,CUNDINAMARCA,10871947.78,444637.42375,193741796.89,125932167.98,370.884,377941.81,66695.61,85.0,15.0,Cubierta (85.0% Contratos / 15.0% Bolsa),1333.91227125,494726.71881028503,761118.0289298343,700228.5866154475,-60889.44231438672,60889.44231438672,7.999999999999997
2026-10-13,13,2026-10-01,True,TOLIMA,9187657.67,444637.42375,193741796.89,125932167.98,370.884,377941.81,66695.61,85.0,15.0,Cubierta (85.0% Contratos / 15.0% Bolsa),1333.91227125,494726.71881028503,761118.0289298343,700228.5866154475,-60889.44231438672,60889.44231438672,7.999999999999997
2026-10-14,14,2026-10-01,True,ANTIOQUIA,30698912.58,446214.2625,194428872.70000002,126378767.26,371.5684,379282.12,66932.14,85.0,15.0,Cubierta (85.0% Contratos / 15.0% Bolsa),1338.6427875000002,497397.35872291506,765226.7056972865,704008.5692415036,-61218.13645578292,61218.13645578292,8.0
2026-10-14,14,2026-10-01,True,BOGOTA,42974124.29,446214.2625,194428872.70000002,126378767.26,371.5684,379282.12,66932.14,85.0,15.0,Cubierta (85.0% Contratos / 15.0% Bolsa),1338.6427875000002,497397.35872291506,765226.7056972865,704008.5692415036,-61218.13645578292,61218.13645578292,8.0
2026-10-14,14,2026-10-01,True,CARIBE_MAR,34439799.09,446214.2625,194428872.70000002,126378767.26,371.5684,379282.12,66932.14,85.0,15.0,Cubierta (85.0% Contratos / 15.0% Bolsa),1338.6427875000002,497397.35872291506,765226.7056972865,704008.5692415036,-61218.13645578292,61218.13645578292,8.0
2026-10-14,14,2026-10-01,True,CARIBE_SOL,26958779.89,446214.2625,194428872.70000002,126378767.26,371.5684,379282.12,66932.14,85.0,15.0,Cubierta (85.0% Contratos / 15.0% Bolsa),1338.6427875000002,497397.35872291506,765226.7056972865,704008.5692415036,-61218.13645578292,61218.13645578292,8.0
2026-10-14,14,2026-10-01,True,VALLE,22142852.72,446214.2625,194428872.70000002,126378767.26,371.5684,379282.12,66932.14,85.0,15.0,Cubierta (85.0% Contratos / 15.0% Bolsa),1338.6427875000002,497397.35872291506,765226.7056972865,704008.5692415036,-61218.13645578292,61218.13645578292,8.0
2026-10-14,14,2026-10-01,True,SANTANDER,17160644.24,446214.2625,194428872.70000002,126378767.26,371.5684,379282.12,66932.14,85.0,15.0,Cubierta (85.0% Contratos / 15.0% Bolsa),1338.6427875000002,497397.35872291506,765226.7056972865,704008.5692415036,-61218.13645578292,61218.13645578292,8.0
2026-10-14,14,2026-10-01,True,CUNDINAMARCA,10948269.51,446214.2625,194428872.70000002,126378767.26,371.5684,379282.12,66932.14,85.0,15.0,Cubierta (85.0% Contratos / 15.0% Bolsa),1338.6427875000002,497397.35872291506,765226.7056972865,704008.5692415036,-61218.13645578292,61218.13645578292,8.0
2026-10-14,14,2026-10-01,True,TOLIMA,9105490.38,446214.2625,194428872.70000002,126378767.26,371.5684,379282.12,66932.14,85.0,15.0,Cubierta (85.0% Contratos / 15.0% Bolsa),1338.6427875000002,497397.35872291506,765226.7056972865,704008.5692415036,-61218.13645578292,61218.13645578292,8.0
2026-10-15,15,2026-10-01,True,ANTIOQUIA,30432164.07,442693.36,192894710.44,125381561.79,372.2187,376289.36,66404.0,85.0,15.0,Cubierta (85.0% Contratos / 15.0% Bolsa),1328.08008,494336.240873496,760517.2936272699,699675.9101370884,-60841.38349018153,60841.38349018153,7.999999999999992
2026-10-15,15,2026-10-01,True,BOGOTA,42225877.07,442693.36,192894710.44,125381561.79,372.2187,376289.36,66404.0,85.0,15.0,Cubierta (85.0% Contratos / 15.0% Bolsa),1328.08008,494336.240873496,760517.2936272699,699675.9101370884,-60841.38349018153,60841.38349018153,7.999999999999992
2026-10-15,15,2026-10-01,True,CARIBE_MAR,34081533.67,442693.36,192894710.44,125381561.79,372.2187,376289.36,66404.0,85.0,15.0,Cubierta (85.0% Contratos / 15.0% Bolsa),1328.08008,494336.240873496,760517.2936272699,699675.9101370884,-60841.38349018153,60841.38349018153,7.999999999999992
2026-10-15,15,2026-10-01,True,CARIBE_SOL,27158070.77,442693.36,192894710.44,125381561.79,372.2187,376289.36,66404.0,85.0,15.0,Cubierta (85.0% Contratos / 15.0% Bolsa),1328.08008,494336.240873496,760517.2936272699,699675.9101370884,-60841.38349018153,60841.38349018153,7.999999999999992
2026-10-15,15,2026-10-01,True,VALLE,21930771.42,442693.36,192894710.44,125381561.79,372.2187,376289.36,66404.0,85.0,15.0,Cubierta (85.0% Contratos / 15.0% Bolsa),1328.08008,494336.240873496,760517.2936272699,699675.9101370884,-60841.38349018153,60841.38349018153,7.999999999999992
2026-10-15,15,2026-10-01,True,SANTANDER,16930130.26,442693.36,192894710.44,125381561.79,372.2187,376289.36,66404.0,85.0,15.0,Cubierta (85.0% Contratos / 15.0% Bolsa),1328.08008,494336.240873496,760517.2936272699,699675.9101370884,-60841.38349018153,60841.38349018153,7.999999999999992
2026-10-15,15,2026-10-01,True,CUNDINAMARCA,10994880.62,442693.36,192894710.44,125381561.79,372.2187,376289.36,66404.0,85.0,15.0,Cubierta (85.0% Contratos / 15.0% Bolsa),1328.08008,494336.240873496,760517.2936272699,699675.9101370884,-60841.38349018153,60841.38349018153,7.999999999999992
2026-10-15,15,2026-10-01,True,TOLIMA,9141282.56,442693.36,192894710.44,125381561.79,372.2187,376289.36,66404.0,85.0,15.0,Cubierta (85.0% Contratos / 15.0% Bolsa),1328.08008,494336.240873496,760517.2936272699,699675.9101370884,-60841.38349018153,60841.38349018153,7.999999999999992
2026-10-16,16,2026-10-01,True,ANTIOQUIA,30587758.65,446148.65125,194400283.75,126360184.44,372.8248,379226.35,66922.3,85.0,15.0,Cubierta (85.0% Contratos / 15.0% Bolsa),1338.44595375,499005.84501765296,767701.3000119698,706285.1960110122,-61416.104000957566,61416.104000957566,7.999999999999999
2026-10-16,16,2026-10-01,True,BOGOTA,42755860.43,446148.65125,194400283.75,126360184.44,372.8248,379226.35,66922.3,85.0,15.0,Cubierta (85.0% Contratos / 15.0% Bolsa),1338.44595375,499005.84501765296,767701.3000119698,706285.1960110122,-61416.104000957566,61416.104000957566,7.999999999999999
2026-10-16,16,2026-10-01,True,CARIBE_MAR,34388182.23,446148.65125,194400283.75,126360184.44,372.8248,379226.35,66922.3,85.0,15.0,Cubierta (85.0% Contratos / 15.0% Bolsa),1338.44595375,499005.84501765296,767701.3000119698,706285.1960110122,-61416.104000957566,61416.104000957566,7.999999999999999
2026-10-16,16,2026-10-01,True,CARIBE_SOL,27061547.5,446148.65125,194400283.75,126360184.44,372.8248,379226.35,66922.3,85.0,15.0,Cubierta (85.0% Contratos / 15.0% Bolsa),1338.44595375,499005.84501765296,767701.3000119698,706285.1960110122,-61416.104000957566,61416.104000957566,7.999999999999999
2026-10-16,16,2026-10-01,True,VALLE,21920623.36,446148.65125,194400283.75,126360184.44,372.8248,379226.35,66922.3,85.0,15.0,Cubierta (85.0% Contratos / 15.0% Bolsa),1338.44595375,499005.84501765296,767701.3000119698,706285.1960110122,-61416.104000957566,61416.104000957566,7.999999999999999
2026-10-16,16,2026-10-01,True,SANTANDER,17301922.59,446148.65125,194400283.75,126360184.44,372.8248,379226.35,66922.3,85.0,15.0,Cubierta (85.0% Contratos / 15.0% Bolsa),1338.44595375,499005.84501765296,767701.3000119698,706285.1960110122,-61416.104000957566,61416.104000957566,7.999999999999999
2026-10-16,16,2026-10-01,True,CUNDINAMARCA,11154796.17,446148.65125,194400283.75,126360184.44,372.8248,379226.35,66922.3,85.0,15.0,Cubierta (85.0% Contratos / 15.0% Bolsa),1338.44595375,499005.84501765296,767701.3000119698,706285.1960110122,-61416.104000957566,61416.104000957566,7.999999999999999
2026-10-16,16,2026-10-01,True,TOLIMA,9229592.82,446148.65125,194400283.75,126360184.44,372.8248,379226.35,66922.3,85.0,15.0,Cubierta (85.0% Contratos / 15.0% Bolsa),1338.44595375,499005.84501765296,767701.3000119698,706285.1960110122,-61416.104000957566,61416.104000957566,7.999999999999999
2026-10-17,17,2026-10-01,True,ANTIOQUIA,25817882.41,317495.33125,164080274.29000002,106652178.29,373.3774,269871.03,47624.3,85.0,15.0,Cubierta (85.0% Contratos / 15.0% Bolsa),952.48599375,355636.74388279126,547133.4521196762,503362.7759501021,-43770.676169574086,43770.676169574086,7.999999999999999
2026-10-17,17,2026-10-01,True,BOGOTA,36007445.57,317495.33125,164080274.29000002,106652178.29,373.3774,269871.03,47624.3,85.0,15.0,Cubierta (85.0% Contratos / 15.0% Bolsa),952.48599375,355636.74388279126,547133.4521196762,503362.7759501021,-43770.676169574086,43770.676169574086,7.999999999999999
2026-10-17,17,2026-10-01,True,CARIBE_MAR,29441899.41,317495.33125,164080274.29000002,106652178.29,373.3774,269871.03,47624.3,85.0,15.0,Cubierta (85.0% Contratos / 15.0% Bolsa),952.48599375,355636.74388279126,547133.4521196762,503362.7759501021,-43770.676169574086,43770.676169574086,7.999999999999999
2026-10-17,17,2026-10-01,True,CARIBE_SOL,22709647.35,317495.33125,164080274.29000002,106652178.29,373.3774,269871.03,47624.3,85.0,15.0,Cubierta (85.0% Contratos / 15.0% Bolsa),952.48599375,355636.74388279126,547133.4521196762,503362.7759501021,-43770.676169574086,43770.676169574086,7.999999999999999
2026-10-17,17,2026-10-01,True,VALLE,18474388.74,317495.33125,164080274.29000002,106652178.29,373.3774,269871.03,47624.3,85.0,15.0,Cubierta (85.0% Contratos / 15.0% Bolsa),952.48599375,355636.74388279126,547133.4521196762,503362.7759501021,-43770.676169574086,43770.676169574086,7.999999999999999
2026-10-17,17,2026-10-01,True,SANTANDER,14653494.06,317495.33125,164080274.29000002,106652178.29,373.3774,269871.03,47624.3,85.0,15.0,Cubierta (85.0% Contratos / 15.0% Bolsa),952.48599375,355636.74388279126,547133.4521196762,503362.7759501021,-43770.676169574086,43770.676169574086,7.999999999999999
2026-10-17,17,2026-10-01,True,CUNDINAMARCA,9222666.14,317495.33125,164080274.29000002,106652178.29,373.3774,269871.03,47624.3,85.0,15.0,Cubierta (85.0% Contratos / 15.0% Bolsa),952.48599375,355636.74388279126,547133.4521196762,503362.7759501021,-43770.676169574086,43770.676169574086,7.999999999999999
2026-10-17,17,2026-10-01,True,TOLIMA,7752850.61,317495.33125,164080274.29000002,106652178.29,373.3774,269871.03,47624.3,85.0,15.0,Cubierta (85.0% Contratos / 15.0% Bolsa),952.48599375,355636.74388279126,547133.4521196762,503362.7759501021,-43770.676169574086,43770.676169574086,7.999999999999999
2026-10-18,18,2026-10-01,True,ANTIOQUIA,25940792.57,317765.31875,164219803.19,106742872.07,373.8682,270100.52,47664.8,85.0,15.0,Cubierta (85.0% Contratos / 15.0% Bolsa),953.2959562499999,356407.0432304662,548318.52806485,504453.04581966205,-43865.48224518797,43865.48224518797,7.999999999999995
2026-10-18,18,2026-10-01,True,BOGOTA,36320419.6,317765.31875,164219803.19,106742872.07,373.8682,270100.52,47664.8,85.0,15.0,Cubierta (85.0% Contratos / 15.0% Bolsa),953.2959562499999,356407.0432304662,548318.52806485,504453.04581966205,-43865.48224518797,43865.48224518797,7.999999999999995
2026-10-18,18,2026-10-01,True,CARIBE_MAR,29086656.2,317765.31875,164219803.19,106742872.07,373.8682,270100.52,47664.8,85.0,15.0,Cubierta (85.0% Contratos / 15.0% Bolsa),953.2959562499999,356407.0432304662,548318.52806485,504453.04581966205,-43865.48224518797,43865.48224518797,7.999999999999995
2026-10-18,18,2026-10-01,True,CARIBE_SOL,22787372.44,317765.31875,164219803.19,106742872.07,373.8682,270100.52,47664.8,85.0,15.0,Cubierta (85.0% Contratos / 15.0% Bolsa),953.2959562499999,356407.0432304662,548318.52806485,504453.04581966205,-43865.48224518797,43865.48224518797,7.999999999999995
2026-10-18,18,2026-10-01,True,VALLE,18544899.6,317765.31875,164219803.19,106742872.07,373.8682,270100.52,47664.8,85.0,15.0,Cubierta (85.0% Contratos / 15.0% Bolsa),953.2959562499999,356407.0432304662,548318.52806485,504453.04581966205,-43865.48224518797,43865.48224518797,7.999999999999995
2026-10-18,18,2026-10-01,True,SANTANDER,14522665.81,317765.31875,164219803.19,106742872.07,373.8682,270100.52,47664.8,85.0,15.0,Cubierta (85.0% Contratos / 15.0% Bolsa),953.2959562499999,356407.0432304662,548318.52806485,504453.04581966205,-43865.48224518797,43865.48224518797,7.999999999999995
2026-10-18,18,2026-10-01,True,CUNDINAMARCA,9399731.71,317765.31875,164219803.19,106742872.07,373.8682,270100.52,47664.8,85.0,15.0,Cubierta (85.0% Contratos / 15.0% Bolsa),953.2959562499999,356407.0432304662,548318.52806485,504453.04581966205,-43865.48224518797,43865.48224518797,7.999999999999995
2026-10-18,18,2026-10-01,True,TOLIMA,7617265.26,317765.31875,164219803.19,106742872.07,373.8682,270100.52,47664.8,85.0,15.0,Cubierta (85.0% Contratos / 15.0% Bolsa),953.2959562499999,356407.0432304662,548318.52806485,504453.04581966205,-43865.48224518797,43865.48224518797,7.999999999999995
2026-10-19,19,2026-10-01,True,ANTIOQUIA,30476516.37,447718.64,195084374.85,126804843.65,374.2904,380560.84,67157.8,85.0,15.0,Cubierta (85.0% Contratos / 15.0% Bolsa),1343.1559200000002,502730.36655916803,773431.333183199,711556.8265285431,-61874.50665465591,61874.50665465591,7.999999999999999
2026-10-19,19,2026-10-01,True,BOGOTA,43499974.7,447718.64,195084374.85,126804843.65,374.2904,380560.84,67157.8,85.0,15.0,Cubierta (85.0% Contratos / 15.0% Bolsa),1343.1559200000002,502730.36655916803,773431.333183199,711556.8265285431,-61874.50665465591,61874.50665465591,7.999999999999999
2026-10-19,19,2026-10-01,True,CARIBE_MAR,34143422.18,447718.64,195084374.85,126804843.65,374.2904,380560.84,67157.8,85.0,15.0,Cubierta (85.0% Contratos / 15.0% Bolsa),1343.1559200000002,502730.36655916803,773431.333183199,711556.8265285431,-61874.50665465591,61874.50665465591,7.999999999999999
2026-10-19,19,2026-10-01,True,CARIBE_SOL,26871060.95,447718.64,195084374.85,126804843.65,374.2904,380560.84,67157.8,85.0,15.0,Cubierta (85.0% Contratos / 15.0% Bolsa),1343.1559200000002,502730.36655916803,773431.333183199,711556.8265285431,-61874.50665465591,61874.50665465591,7.999999999999999
2026-10-19,19,2026-10-01,True,VALLE,22333870.19,447718.64,195084374.85,126804843.65,374.2904,380560.84,67157.8,85.0,15.0,Cubierta (85.0% Contratos / 15.0% Bolsa),1343.1559200000002,502730.36655916803,773431.333183199,711556.8265285431,-61874.50665465591,61874.50665465591,7.999999999999999
2026-10-19,19,2026-10-01,True,SANTANDER,17401008.24,447718.64,195084374.85,126804843.65,374.2904,380560.84,67157.8,85.0,15.0,Cubierta (85.0% Contratos / 15.0% Bolsa),1343.1559200000002,502730.36655916803,773431.333183199,711556.8265285431,-61874.50665465591,61874.50665465591,7.999999999999999
2026-10-19,19,2026-10-01,True,CUNDINAMARCA,10990927.54,447718.64,195084374.85,126804843.65,374.2904,380560.84,67157.8,85.0,15.0,Cubierta (85.0% Contratos / 15.0% Bolsa),1343.1559200000002,502730.36655916803,773431.333183199,711556.8265285431,-61874.50665465591,61874.50665465591,7.999999999999999
2026-10-19,19,2026-10-01,True,TOLIMA,9367594.68,447718.64,195084374.85,126804843.65,374.2904,380560.84,67157.8,85.0,15.0,Cubierta (85.0% Contratos / 15.0% Bolsa),1343.1559200000002,502730.36655916803,773431.333183199,711556.8265285431,-61874.50665465591,61874.50665465591,7.999999999999999
2026-10-20,20,2026-10-01,True,ANTIOQUIA,30917101.54,447041.41875,194789289.20999998,126613037.99,374.6383,379985.21,67056.21,85.0,15.0,Cubierta (85.0% Contratos / 15.0% Bolsa),1341.1242562500001,502436.5114502644,772979.2483636545,711140.9084945621,-61838.339869092335,61838.339869092335,7.999999999999997
2026-10-20,20,2026-10-01,True,BOGOTA,42980720.24,447041.41875,194789289.20999998,126613037.99,374.6383,379985.21,67056.21,85.0,15.0,Cubierta (85.0% Contratos / 15.0% Bolsa),1341.1242562500001,502436.5114502644,772979.2483636545,711140.9084945621,-61838.339869092335,61838.339869092335,7.999999999999997
2026-10-20,20,2026-10-01,True,CARIBE_MAR,34774058.76,447041.41875,194789289.20999998,126613037.99,374.6383,379985.21,67056.21,85.0,15.0,Cubierta (85.0% Contratos / 15.0% Bolsa),1341.1242562500001,502436.5114502644,772979.2483636545,711140.9084945621,-61838.339869092335,61838.339869092335,7.999999999999997
2026-10-20,20,2026-10-01,True,CARIBE_SOL,26660599.67,447041.41875,194789289.20999998,126613037.99,374.6383,379985.21,67056.21,85.0,15.0,Cubierta (85.0% Contratos / 15.0% Bolsa),1341.1242562500001,502436.5114502644,772979.2483636545,711140.9084945621,-61838.339869092335,61838.339869092335,7.999999999999997
2026-10-20,20,2026-10-01,True,VALLE,21977831.59,447041.41875,194789289.20999998,126613037.99,374.6383,379985.21,67056.21,85.0,15.0,Cubierta (85.0% Contratos / 15.0% Bolsa),1341.1242562500001,502436.5114502644,772979.2483636545,711140.9084945621,-61838.339869092335,61838.339869092335,7.999999999999997
2026-10-20,20,2026-10-01,True,SANTANDER,17046342.88,447041.41875,194789289.20999998,126613037.99,374.6383,379985.21,67056.21,85.0,15.0,Cubierta (85.0% Contratos / 15.0% Bolsa),1341.1242562500001,502436.5114502644,772979.2483636545,711140.9084945621,-61838.339869092335,61838.339869092335,7.999999999999997
2026-10-20,20,2026-10-01,True,CUNDINAMARCA,11064840.71,447041.41875,194789289.20999998,126613037.99,374.6383,379985.21,67056.21,85.0,15.0,Cubierta (85.0% Contratos / 15.0% Bolsa),1341.1242562500001,502436.5114502644,772979.2483636545,711140.9084945621,-61838.339869092335,61838.339869092335,7.999999999999997
2026-10-20,20,2026-10-01,True,TOLIMA,9367793.82,447041.41875,194789289.20999998,126613037.99,374.6383,379985.21,67056.21,85.0,15.0,Cubierta (85.0% Contratos / 15.0% Bolsa),1341.1242562500001,502436.5114502644,772979.2483636545,711140.9084945621,-61838.339869092335,61838.339869092335,7.999999999999997
2026-10-21,21,2026-10-01,True,ANTIOQUIA,30954403.91,447607.84875,195036099.75,126773464.84,374.9079,380466.67,67141.18,85.0,15.0,Cubierta (85.0% Contratos / 15.0% Bolsa),1342.82354625,503435.1557951403,774515.6242849424,712554.374342147,-61961.24994279537,61961.24994279537,7.999999999999997
2026-10-21,21,2026-10-01,True,BOGOTA,42856178.83,447607.84875,195036099.75,126773464.84,374.9079,380466.67,67141.18,85.0,15.0,Cubierta (85.0% Contratos / 15.0% Bolsa),1342.82354625,503435.1557951403,774515.6242849424,712554.374342147,-61961.24994279537,61961.24994279537,7.999999999999997
2026-10-21,21,2026-10-01,True,CARIBE_MAR,34149413.07,447607.84875,195036099.75,126773464.84,374.9079,380466.67,67141.18,85.0,15.0,Cubierta (85.0% Contratos / 15.0% Bolsa),1342.82354625,503435.1557951403,774515.6242849424,712554.374342147,-61961.24994279537,61961.24994279537,7.999999999999997
2026-10-21,21,2026-10-01,True,CARIBE_SOL,27231759.66,447607.84875,195036099.75,126773464.84,374.9079,380466.67,67141.18,85.0,15.0,Cubierta (85.0% Contratos / 15.0% Bolsa),1342.82354625,503435.1557951403,774515.6242849424,712554.374342147,-61961.24994279537,61961.24994279537,7.999999999999997
2026-10-21,21,2026-10-01,True,VALLE,22545688.15,447607.84875,195036099.75,126773464.84,374.9079,380466.67,67141.18,85.0,15.0,Cubierta (85.0% Contratos / 15.0% Bolsa),1342.82354625,503435.1557951403,774515.6242849424,712554.374342147,-61961.24994279537,61961.24994279537,7.999999999999997
2026-10-21,21,2026-10-01,True,SANTANDER,17075767.25,447607.84875,195036099.75,126773464.84,374.9079,380466.67,67141.18,85.0,15.0,Cubierta (85.0% Contratos / 15.0% Bolsa),1342.82354625,503435.1557951403,774515.6242849424,712554.374342147,-61961.24994279537,61961.24994279537,7.999999999999997
2026-10-21,21,2026-10-01,True,CUNDINAMARCA,11055914.32,447607.84875,195036099.75,126773464.84,374.9079,380466.67,67141.18,85.0,15.0,Cubierta (85.0% Contratos / 15.0% Bolsa),1342.82354625,503435.1557951403,774515.6242849424,712554.374342147,-61961.24994279537,61961.24994279537,7.999999999999997
2026-10-21,21,2026-10-01,True,TOLIMA,9166974.56,447607.84875,195036099.75,126773464.84,374.9079,380466.67,67141.18,85.0,15.0,Cubierta (85.0% Contratos / 15.0% Bolsa),1342.82354625,503435.1557951403,774515.6242849424,712554.374342147,-61961.24994279537,61961.24994279537,7.999999999999997
2026-10-22,22,2026-10-01,True,ANTIOQUIA,30640454.78,449708.3325,195951342.94,127368372.91,375.0969,382252.08,67456.25,85.0,15.0,Cubierta (85.0% Contratos / 15.0% Bolsa),1349.1249975,506052.6042747578,778542.4681211245,716259.0706714346,-62283.39744968992,62283.39744968992,7.999999999999995
2026-10-22,22,2026-10-01,True,BOGOTA,43394998.84,449708.3325,195951342.94,127368372.91,375.0969,382252.08,67456.25,85.0,15.0,Cubierta (85.0% Contratos / 15.0% Bolsa),1349.1249975,506052.6042747578,778542.4681211245,716259.0706714346,-62283.39744968992,62283.39744968992,7.999999999999995
2026-10-22,22,2026-10-01,True,CARIBE_MAR,34558108.19,449708.3325,195951342.94,127368372.91,375.0969,382252.08,67456.25,85.0,15.0,Cubierta (85.0% Contratos / 15.0% Bolsa),1349.1249975,506052.6042747578,778542.4681211245,716259.0706714346,-62283.39744968992,62283.39744968992,7.999999999999995
2026-10-22,22,2026-10-01,True,CARIBE_SOL,27275145.13,449708.3325,195951342.94,127368372.91,375.0969,382252.08,67456.25,85.0,15.0,Cubierta (85.0% Contratos / 15.0% Bolsa),1349.1249975,506052.6042747578,778542.4681211245,716259.0706714346,-62283.39744968992,62283.39744968992,7.999999999999995
2026-10-22,22,2026-10-01,True,VALLE,22315517.12,449708.3325,195951342.94,127368372.91,375.0969,382252.08,67456.25,85.0,15.0,Cubierta (85.0% Contratos / 15.0% Bolsa),1349.1249975,506052.6042747578,778542.4681211245,716259.0706714346,-62283.39744968992,62283.39744968992,7.999999999999995
2026-10-22,22,2026-10-01,True,SANTANDER,17253916.18,449708.3325,195951342.94,127368372.91,375.0969,382252.08,67456.25,85.0,15.0,Cubierta (85.0% Contratos / 15.0% Bolsa),1349.1249975,506052.6042747578,778542.4681211245,716259.0706714346,-62283.39744968992,62283.39744968992,7.999999999999995
2026-10-22,22,2026-10-01,True,CUNDINAMARCA,11159460.25,449708.3325,195951342.94,127368372.91,375.0969,382252.08,67456.25,85.0,15.0,Cubierta (85.0% Contratos / 15.0% Bolsa),1349.1249975,506052.6042747578,778542.4681211245,716259.0706714346,-62283.39744968992,62283.39744968992,7.999999999999995
2026-10-22,22,2026-10-01,True,TOLIMA,9353742.45,449708.3325,195951342.94,127368372.91,375.0969,382252.08,67456.25,85.0,15.0,Cubierta (85.0% Contratos / 15.0% Bolsa),1349.1249975,506052.6042747578,778542.4681211245,716259.0706714346,-62283.39744968992,62283.39744968992,7.999999999999995
2026-10-23,23,2026-10-01,True,ANTIOQUIA,30972632.85,447467.1875,194974809.31,126733626.05,375.2043,380347.11,67120.08,85.0,15.0,Cubierta (85.0% Contratos / 15.0% Bolsa),1342.4015625,503674.8385767187,774884.3670502772,712893.617686255,-61990.749364022166,61990.749364022166,7.999999999999999
2026-10-23,23,2026-10-01,True,BOGOTA,43158812.3,447467.1875,194974809.31,126733626.05,375.2043,380347.11,67120.08,85.0,15.0,Cubierta (85.0% Contratos / 15.0% Bolsa),1342.4015625,503674.8385767187,774884.3670502772,712893.617686255,-61990.749364022166,61990.749364022166,7.999999999999999
2026-10-23,23,2026-10-01,True,CARIBE_MAR,34064039.47,447467.1875,194974809.31,126733626.05,375.2043,380347.11,67120.08,85.0,15.0,Cubierta (85.0% Contratos / 15.0% Bolsa),1342.4015625,503674.8385767187,774884.3670502772,712893.617686255,-61990.749364022166,61990.749364022166,7.999999999999999
2026-10-23,23,2026-10-01,True,CARIBE_SOL,27044492.78,447467.1875,194974809.31,126733626.05,375.2043,380347.11,67120.08,85.0,15.0,Cubierta (85.0% Contratos / 15.0% Bolsa),1342.4015625,503674.8385767187,774884.3670502772,712893.617686255,-61990.749364022166,61990.749364022166,7.999999999999999
2026-10-23,23,2026-10-01,True,VALLE,22248181.26,447467.1875,194974809.31,126733626.05,375.2043,380347.11,67120.08,85.0,15.0,Cubierta (85.0% Contratos / 15.0% Bolsa),1342.4015625,503674.8385767187,774884.3670502772,712893.617686255,-61990.749364022166,61990.749364022166,7.999999999999999
2026-10-23,23,2026-10-01,True,SANTANDER,17128208.02,447467.1875,194974809.31,126733626.05,375.2043,380347.11,67120.08,85.0,15.0,Cubierta (85.0% Contratos / 15.0% Bolsa),1342.4015625,503674.8385767187,774884.3670502772,712893.617686255,-61990.749364022166,61990.749364022166,7.999999999999999
2026-10-23,23,2026-10-01,True,CUNDINAMARCA,11118594.17,447467.1875,194974809.31,126733626.05,375.2043,380347.11,67120.08,85.0,15.0,Cubierta (85.0% Contratos / 15.0% Bolsa),1342.4015625,503674.8385767187,774884.3670502772,712893.617686255,-61990.749364022166,61990.749364022166,7.999999999999999
2026-10-23,23,2026-10-01,True,TOLIMA,9239848.46,447467.1875,194974809.31,126733626.05,375.2043,380347.11,67120.08,85.0,15.0,Cubierta (85.0% Contratos / 15.0% Bolsa),1342.4015625,503674.8385767187,774884.3670502772,712893.617686255,-61990.749364022166,61990.749364022166,7.999999999999999
2026-10-24,24,2026-10-01,True,ANTIOQUIA,26206713.35,319363.97,165045979.45,107279886.64,375.2312,271459.37,47904.6,85.0,15.0,Cubierta (85.0% Contratos / 15.0% Bolsa),958.09191,359505.977099592,553086.1186276457,508839.22913743404,-44246.889490211615,44246.889490211615,7.999999999999993
2026-10-24,24,2026-10-01,True,BOGOTA,36619667.1,319363.97,165045979.45,107279886.64,375.2312,271459.37,47904.6,85.0,15.0,Cubierta (85.0% Contratos / 15.0% Bolsa),958.09191,359505.977099592,553086.1186276457,508839.22913743404,-44246.889490211615,44246.889490211615,7.999999999999993
2026-10-24,24,2026-10-01,True,CARIBE_MAR,29305528.33,319363.97,165045979.45,107279886.64,375.2312,271459.37,47904.6,85.0,15.0,Cubierta (85.0% Contratos / 15.0% Bolsa),958.09191,359505.977099592,553086.1186276457,508839.22913743404,-44246.889490211615,44246.889490211615,7.999999999999993
2026-10-24,24,2026-10-01,True,CARIBE_SOL,22575553.2,319363.97,165045979.45,107279886.64,375.2312,271459.37,47904.6,85.0,15.0,Cubierta (85.0% Contratos / 15.0% Bolsa),958.09191,359505.977099592,553086.1186276457,508839.22913743404,-44246.889490211615,44246.889490211615,7.999999999999993
2026-10-24,24,2026-10-01,True,VALLE,18728672.69,319363.97,165045979.45,107279886.64,375.2312,271459.37,47904.6,85.0,15.0,Cubierta (85.0% Contratos / 15.0% Bolsa),958.09191,359505.977099592,553086.1186276457,508839.22913743404,-44246.889490211615,44246.889490211615,7.999999999999993
2026-10-24,24,2026-10-01,True,SANTANDER,14464509.36,319363.97,165045979.45,107279886.64,375.2312,271459.37,47904.6,85.0,15.0,Cubierta (85.0% Contratos / 15.0% Bolsa),958.09191,359505.977099592,553086.1186276457,508839.22913743404,-44246.889490211615,44246.889490211615,7.999999999999993
2026-10-24,24,2026-10-01,True,CUNDINAMARCA,9319455.0,319363.97,165045979.45,107279886.64,375.2312,271459.37,47904.6,85.0,15.0,Cubierta (85.0% Contratos / 15.0% Bolsa),958.09191,359505.977099592,553086.1186276457,508839.22913743404,-44246.889490211615,44246.889490211615,7.999999999999993
2026-10-24,24,2026-10-01,True,TOLIMA,7825880.42,319363.97,165045979.45,107279886.64,375.2312,271459.37,47904.6,85.0,15.0,Cubierta (85.0% Contratos / 15.0% Bolsa),958.09191,359505.977099592,553086.1186276457,508839.22913743404,-44246.889490211615,44246.889490211615,7.999999999999993
2026-10-25,25,2026-10-01,True,ANTIOQUIA,25723928.26,318006.24625,164344313.3,106823803.65,375.1799,270305.31,47700.94,85.0,15.0,Cubierta (85.0% Contratos / 15.0% Bolsa),954.0187387500001,357928.65500235115,550659.4692086122,506606.7116719233,-44052.757536688936,44052.757536688936,7.999999999999992
2026-10-25,25,2026-10-01,True,BOGOTA,36267366.51,318006.24625,164344313.3,106823803.65,375.1799,270305.31,47700.94,85.0,15.0,Cubierta (85.0% Contratos / 15.0% Bolsa),954.0187387500001,357928.65500235115,550659.4692086122,506606.7116719233,-44052.757536688936,44052.757536688936,7.999999999999992
2026-10-25,25,2026-10-01,True,CARIBE_MAR,29204515.01,318006.24625,164344313.3,106823803.65,375.1799,270305.31,47700.94,85.0,15.0,Cubierta (85.0% Contratos / 15.0% Bolsa),954.0187387500001,357928.65500235115,550659.4692086122,506606.7116719233,-44052.757536688936,44052.757536688936,7.999999999999992
2026-10-25,25,2026-10-01,True,CARIBE_SOL,22744047.97,318006.24625,164344313.3,106823803.65,375.1799,270305.31,47700.94,85.0,15.0,Cubierta (85.0% Contratos / 15.0% Bolsa),954.0187387500001,357928.65500235115,550659.4692086122,506606.7116719233,-44052.757536688936,44052.757536688936,7.999999999999992
2026-10-25,25,2026-10-01,True,VALLE,18798249.14,318006.24625,164344313.3,106823803.65,375.1799,270305.31,47700.94,85.0,15.0,Cubierta (85.0% Contratos / 15.0% Bolsa),954.0187387500001,357928.65500235115,550659.4692086122,506606.7116719233,-44052.757536688936,44052.757536688936,7.999999999999992
2026-10-25,25,2026-10-01,True,SANTANDER,14674134.66,318006.24625,164344313.3,106823803.65,375.1799,270305.31,47700.94,85.0,15.0,Cubierta (85.0% Contratos / 15.0% Bolsa),954.0187387500001,357928.65500235115,550659.4692086122,506606.7116719233,-44052.757536688936,44052.757536688936,7.999999999999992
2026-10-25,25,2026-10-01,True,CUNDINAMARCA,9250021.73,318006.24625,164344313.3,106823803.65,375.1799,270305.31,47700.94,85.0,15.0,Cubierta (85.0% Contratos / 15.0% Bolsa),954.0187387500001,357928.65500235115,550659.4692086122,506606.7116719233,-44052.757536688936,44052.757536688936,7.999999999999992
2026-10-25,25,2026-10-01,True,TOLIMA,7682050.02,318006.24625,164344313.3,106823803.65,375.1799,270305.31,47700.94,85.0,15.0,Cubierta (85.0% Contratos / 15.0% Bolsa),954.0187387500001,357928.65500235115,550659.4692086122,506606.7116719233,-44052.757536688936,44052.757536688936,7.999999999999992
2026-10-26,26,2026-10-01,True,ANTIOQUIA,31024393.1,446526.285,194564830.09,126467139.56,375.0546,379547.34,66978.94,85.0,15.0,Cubierta (85.0% Contratos / 15.0% Bolsa),1339.578855,502415.211630483,772946.4794223446,711110.761068557,-61835.71835378755,61835.71835378755,7.999999999999999
2026-10-26,26,2026-10-01,True,BOGOTA,42898411.08,446526.285,194564830.09,126467139.56,375.0546,379547.34,66978.94,85.0,15.0,Cubierta (85.0% Contratos / 15.0% Bolsa),1339.578855,502415.211630483,772946.4794223446,711110.761068557,-61835.71835378755,61835.71835378755,7.999999999999999
2026-10-26,26,2026-10-01,True,CARIBE_MAR,33904670.57,446526.285,194564830.09,126467139.56,375.0546,379547.34,66978.94,85.0,15.0,Cubierta (85.0% Contratos / 15.0% Bolsa),1339.578855,502415.211630483,772946.4794223446,711110.761068557,-61835.71835378755,61835.71835378755,7.999999999999999
2026-10-26,26,2026-10-01,True,CARIBE_SOL,27025814.46,446526.285,194564830.09,126467139.56,375.0546,379547.34,66978.94,85.0,15.0,Cubierta (85.0% Contratos / 15.0% Bolsa),1339.578855,502415.211630483,772946.4794223446,711110.761068557,-61835.71835378755,61835.71835378755,7.999999999999999
2026-10-26,26,2026-10-01,True,VALLE,22442539.38,446526.285,194564830.09,126467139.56,375.0546,379547.34,66978.94,85.0,15.0,Cubierta (85.0% Contratos / 15.0% Bolsa),1339.578855,502415.211630483,772946.4794223446,711110.761068557,-61835.71835378755,61835.71835378755,7.999999999999999
2026-10-26,26,2026-10-01,True,SANTANDER,17234062.12,446526.285,194564830.09,126467139.56,375.0546,379547.34,66978.94,85.0,15.0,Cubierta (85.0% Contratos / 15.0% Bolsa),1339.578855,502415.211630483,772946.4794223446,711110.761068557,-61835.71835378755,61835.71835378755,7.999999999999999
2026-10-26,26,2026-10-01,True,CUNDINAMARCA,10848953.18,446526.285,194564830.09,126467139.56,375.0546,379547.34,66978.94,85.0,15.0,Cubierta (85.0% Contratos / 15.0% Bolsa),1339.578855,502415.211630483,772946.4794223446,711110.761068557,-61835.71835378755,61835.71835378755,7.999999999999999
2026-10-26,26,2026-10-01,True,TOLIMA,9185986.2,446526.285,194564830.09,126467139.56,375.0546,379547.34,66978.94,85.0,15.0,Cubierta (85.0% Contratos / 15.0% Bolsa),1339.578855,502415.211630483,772946.4794223446,711110.761068557,-61835.71835378755,61835.71835378755,7.999999999999999
2026-10-27,27,2026-10-01,True,ANTIOQUIA,30548208.65,448387.7225,195375914.13000003,126994344.18,374.8608,381129.56,67258.16,85.0,15.0,Cubierta (85.0% Contratos / 15.0% Bolsa),1345.1631674999999,504248.9410995839,775767.6017191568,713706.1935816243,-62061.40813753253,62061.40813753253,7.999999999999999
2026-10-27,27,2026-10-01,True,BOGOTA,43028700.15,448387.7225,195375914.13000003,126994344.18,374.8608,381129.56,67258.16,85.0,15.0,Cubierta (85.0% Contratos / 15.0% Bolsa),1345.1631674999999,504248.9410995839,775767.6017191568,713706.1935816243,-62061.40813753253,62061.40813753253,7.999999999999999
2026-10-27,27,2026-10-01,True,CARIBE_MAR,34521492.37,448387.7225,195375914.13000003,126994344.18,374.8608,381129.56,67258.16,85.0,15.0,Cubierta (85.0% Contratos / 15.0% Bolsa),1345.1631674999999,504248.9410995839,775767.6017191568,713706.1935816243,-62061.40813753253,62061.40813753253,7.999999999999999
2026-10-27,27,2026-10-01,True,CARIBE_SOL,27237890.75,448387.7225,195375914.13000003,126994344.18,374.8608,381129.56,67258.16,85.0,15.0,Cubierta (85.0% Contratos / 15.0% Bolsa),1345.1631674999999,504248.9410995839,775767.6017191568,713706.1935816243,-62061.40813753253,62061.40813753253,7.999999999999999
2026-10-27,27,2026-10-01,True,VALLE,22426529.55,448387.7225,195375914.13000003,126994344.18,374.8608,381129.56,67258.16,85.0,15.0,Cubierta (85.0% Contratos / 15.0% Bolsa),1345.1631674999999,504248.9410995839,775767.6017191568,713706.1935816243,-62061.40813753253,62061.40813753253,7.999999999999999
2026-10-27,27,2026-10-01,True,SANTANDER,17319760.58,448387.7225,195375914.13000003,126994344.18,374.8608,381129.56,67258.16,85.0,15.0,Cubierta (85.0% Contratos / 15.0% Bolsa),1345.1631674999999,504248.9410995839,775767.6017191568,713706.1935816243,-62061.40813753253,62061.40813753253,7.999999999999999
2026-10-27,27,2026-10-01,True,CUNDINAMARCA,11105430.18,448387.7225,195375914.13000003,126994344.18,374.8608,381129.56,67258.16,85.0,15.0,Cubierta (85.0% Contratos / 15.0% Bolsa),1345.1631674999999,504248.9410995839,775767.6017191568,713706.1935816243,-62061.40813753253,62061.40813753253,7.999999999999999
2026-10-27,27,2026-10-01,True,TOLIMA,9187901.9,448387.7225,195375914.13000003,126994344.18,374.8608,381129.56,67258.16,85.0,15.0,Cubierta (85.0% Contratos / 15.0% Bolsa),1345.1631674999999,504248.9410995839,775767.6017191568,713706.1935816243,-62061.40813753253,62061.40813753253,7.999999999999999
2026-10-28,28,2026-10-01,True,ANTIOQUIA,30659547.28,446648.8175,194618221.29,126501843.84,374.6057,379651.49,66997.32,85.0,15.0,Cubierta (85.0% Contratos / 15.0% Bolsa),1339.9464525,501951.5788012793,772233.1981466574,710454.5422949248,-61778.65585173259,61778.65585173259,7.999999999999999
2026-10-28,28,2026-10-01,True,BOGOTA,42897148.73,446648.8175,194618221.29,126501843.84,374.6057,379651.49,66997.32,85.0,15.0,Cubierta (85.0% Contratos / 15.0% Bolsa),1339.9464525,501951.5788012793,772233.1981466574,710454.5422949248,-61778.65585173259,61778.65585173259,7.999999999999999
2026-10-28,28,2026-10-01,True,CARIBE_MAR,34362291.41,446648.8175,194618221.29,126501843.84,374.6057,379651.49,66997.32,85.0,15.0,Cubierta (85.0% Contratos / 15.0% Bolsa),1339.9464525,501951.5788012793,772233.1981466574,710454.5422949248,-61778.65585173259,61778.65585173259,7.999999999999999
2026-10-28,28,2026-10-01,True,CARIBE_SOL,26820182.06,446648.8175,194618221.29,126501843.84,374.6057,379651.49,66997.32,85.0,15.0,Cubierta (85.0% Contratos / 15.0% Bolsa),1339.9464525,501951.5788012793,772233.1981466574,710454.5422949248,-61778.65585173259,61778.65585173259,7.999999999999999
2026-10-28,28,2026-10-01,True,VALLE,22362353.21,446648.8175,194618221.29,126501843.84,374.6057,379651.49,66997.32,85.0,15.0,Cubierta (85.0% Contratos / 15.0% Bolsa),1339.9464525,501951.5788012793,772233.1981466574,710454.5422949248,-61778.65585173259,61778.65585173259,7.999999999999999
2026-10-28,28,2026-10-01,True,SANTANDER,17281223.2,446648.8175,194618221.29,126501843.84,374.6057,379651.49,66997.32,85.0,15.0,Cubierta (85.0% Contratos / 15.0% Bolsa),1339.9464525,501951.5788012793,772233.1981466574,710454.5422949248,-61778.65585173259,61778.65585173259,7.999999999999999
2026-10-28,28,2026-10-01,True,CUNDINAMARCA,11093968.12,446648.8175,194618221.29,126501843.84,374.6057,379651.49,66997.32,85.0,15.0,Cubierta (85.0% Contratos / 15.0% Bolsa),1339.9464525,501951.5788012793,772233.1981466574,710454.5422949248,-61778.65585173259,61778.65585173259,7.999999999999999
2026-10-28,28,2026-10-01,True,TOLIMA,9141507.28,446648.8175,194618221.29,126501843.84,374.6057,379651.49,66997.32,85.0,15.0,Cubierta (85.0% Contratos / 15.0% Bolsa),1339.9464525,501951.5788012793,772233.1981466574,710454.5422949248,-61778.65585173259,61778.65585173259,7.999999999999999
2026-10-29,29,2026-10-01,True,ANTIOQUIA,31044234.93,449256.995,195754681.82,127240543.18,374.2975,381868.45,67388.55,85.0,15.0,Cubierta (85.0% Contratos / 15.0% Bolsa),1347.770985,504467.3102580376,776103.554261433,714015.2699205184,-62088.28434091457,62088.28434091457,7.999999999999992
2026-10-29,29,2026-10-01,True,BOGOTA,43295699.93,449256.995,195754681.82,127240543.18,374.2975,381868.45,67388.55,85.0,15.0,Cubierta (85.0% Contratos / 15.0% Bolsa),1347.770985,504467.3102580376,776103.554261433,714015.2699205184,-62088.28434091457,62088.28434091457,7.999999999999992
2026-10-29,29,2026-10-01,True,CARIBE_MAR,34423185.65,449256.995,195754681.82,127240543.18,374.2975,381868.45,67388.55,85.0,15.0,Cubierta (85.0% Contratos / 15.0% Bolsa),1347.770985,504467.3102580376,776103.554261433,714015.2699205184,-62088.28434091457,62088.28434091457,7.999999999999992
2026-10-29,29,2026-10-01,True,CARIBE_SOL,26901202.78,449256.995,195754681.82,127240543.18,374.2975,381868.45,67388.55,85.0,15.0,Cubierta (85.0% Contratos / 15.0% Bolsa),1347.770985,504467.3102580376,776103.554261433,714015.2699205184,-62088.28434091457,62088.28434091457,7.999999999999992
2026-10-29,29,2026-10-01,True,VALLE,22294218.62,449256.995,195754681.82,127240543.18,374.2975,381868.45,67388.55,85.0,15.0,Cubierta (85.0% Contratos / 15.0% Bolsa),1347.770985,504467.3102580376,776103.554261433,714015.2699205184,-62088.28434091457,62088.28434091457,7.999999999999992
2026-10-29,29,2026-10-01,True,SANTANDER,17320233.76,449256.995,195754681.82,127240543.18,374.2975,381868.45,67388.55,85.0,15.0,Cubierta (85.0% Contratos / 15.0% Bolsa),1347.770985,504467.3102580376,776103.554261433,714015.2699205184,-62088.28434091457,62088.28434091457,7.999999999999992
2026-10-29,29,2026-10-01,True,CUNDINAMARCA,11218347.12,449256.995,195754681.82,127240543.18,374.2975,381868.45,67388.55,85.0,15.0,Cubierta (85.0% Contratos / 15.0% Bolsa),1347.770985,504467.3102580376,776103.554261433,714015.2699205184,-62088.28434091457,62088.28434091457,7.999999999999992
2026-10-29,29,2026-10-01,True,TOLIMA,9257559.03,449256.995,195754681.82,127240543.18,374.2975,381868.45,67388.55,85.0,15.0,Cubierta (85.0% Contratos / 15.0% Bolsa),1347.770985,504467.3102580376,776103.554261433,714015.2699205184,-62088.28434091457,62088.28434091457,7.999999999999992
2026-10-30,30,2026-10-01,True,ANTIOQUIA,30402377.96,447312.7925,194907534.99,126689897.74,373.9454,380215.87,67096.92,85.0,15.0,Cubierta (85.0% Contratos / 15.0% Bolsa),1341.9383775,501811.6833495885,772017.9744053105,710256.5364528857,-61761.43795242475,61761.43795242475,7.999999999999989
2026-10-30,30,2026-10-01,True,BOGOTA,43142912.21,447312.7925,194907534.99,126689897.74,373.9454,380215.87,67096.92,85.0,15.0,Cubierta (85.0% Contratos / 15.0% Bolsa),1341.9383775,501811.6833495885,772017.9744053105,710256.5364528857,-61761.43795242475,61761.43795242475,7.999999999999989
2026-10-30,30,2026-10-01,True,CARIBE_MAR,34503119.56,447312.7925,194907534.99,126689897.74,373.9454,380215.87,67096.92,85.0,15.0,Cubierta (85.0% Contratos / 15.0% Bolsa),1341.9383775,501811.6833495885,772017.9744053105,710256.5364528857,-61761.43795242475,61761.43795242475,7.999999999999989
2026-10-30,30,2026-10-01,True,CARIBE_SOL,27211102.69,447312.7925,194907534.99,126689897.74,373.9454,380215.87,67096.92,85.0,15.0,Cubierta (85.0% Contratos / 15.0% Bolsa),1341.9383775,501811.6833495885,772017.9744053105,710256.5364528857,-61761.43795242475,61761.43795242475,7.999999999999989
2026-10-30,30,2026-10-01,True,VALLE,22066226.76,447312.7925,194907534.99,126689897.74,373.9454,380215.87,67096.92,85.0,15.0,Cubierta (85.0% Contratos / 15.0% Bolsa),1341.9383775,501811.6833495885,772017.9744053105,710256.5364528857,-61761.43795242475,61761.43795242475,7.999999999999989
2026-10-30,30,2026-10-01,True,SANTANDER,17153170.0,447312.7925,194907534.99,126689897.74,373.9454,380215.87,67096.92,85.0,15.0,Cubierta (85.0% Contratos / 15.0% Bolsa),1341.9383775,501811.6833495885,772017.9744053105,710256.5364528857,-61761.43795242475,61761.43795242475,7.999999999999989
2026-10-30,30,2026-10-01,True,CUNDINAMARCA,11201833.03,447312.7925,194907534.99,126689897.74,373.9454,380215.87,67096.92,85.0,15.0,Cubierta (85.0% Contratos / 15.0% Bolsa),1341.9383775,501811.6833495885,772017.9744053105,710256.5364528857,-61761.43795242475,61761.43795242475,7.999999999999989
2026-10-30,30,2026-10-01,True,TOLIMA,9226792.78,447312.7925,194907534.99,126689897.74,373.9454,380215.87,67096.92,85.0,15.0,Cubierta (85.0% Contratos / 15.0% Bolsa),1341.9383775,501811.6833495885,772017.9744053105,710256.5364528857,-61761.43795242475,61761.43795242475,7.999999999999989
2026-10-31,31,2026-10-01,True,ANTIOQUIA,25999036.86,318134.28125,164410481.14000002,106866812.74,373.5597,270414.14,47720.14,85.0,15.0,Cubierta (85.0% Contratos / 15.0% Bolsa),954.40284375,356526.4399903969,548502.215374974,504622.0381449761,-43880.17722999788,43880.17722999788,7.999999999999993
2026-10-31,31,2026-10-01,True,BOGOTA,35959907.84,318134.28125,164410481.14000002,106866812.74,373.5597,270414.14,47720.14,85.0,15.0,Cubierta (85.0% Contratos / 15.0% Bolsa),954.40284375,356526.4399903969,548502.215374974,504622.0381449761,-43880.17722999788,43880.17722999788,7.999999999999993
2026-10-31,31,2026-10-01,True,CARIBE_MAR,29165280.63,318134.28125,164410481.14000002,106866812.74,373.5597,270414.14,47720.14,85.0,15.0,Cubierta (85.0% Contratos / 15.0% Bolsa),954.40284375,356526.4399903969,548502.215374974,504622.0381449761,-43880.17722999788,43880.17722999788,7.999999999999993
2026-10-31,31,2026-10-01,True,CARIBE_SOL,22813381.1,318134.28125,164410481.14000002,106866812.74,373.5597,270414.14,47720.14,85.0,15.0,Cubierta (85.0% Contratos / 15.0% Bolsa),954.40284375,356526.4399903969,548502.215374974,504622.0381449761,-43880.17722999788,43880.17722999788,7.999999999999993
2026-10-31,31,2026-10-01,True,VALLE,18604356.29,318134.28125,164410481.14000002,106866812.74,373.5597,270414.14,47720.14,85.0,15.0,Cubierta (85.0% Contratos / 15.0% Bolsa),954.40284375,356526.4399903969,548502.215374974,504622.0381449761,-43880.17722999788,43880.17722999788,7.999999999999993
2026-10-31,31,2026-10-01,True,SANTANDER,14681858.65,318134.28125,164410481.14000002,106866812.74,373.5597,270414.14,47720.14,85.0,15.0,Cubierta (85.0% Contratos / 15.0% Bolsa),954.40284375,356526.4399903969,548502.215374974,504622.0381449761,-43880.17722999788,43880.17722999788,7.999999999999993
2026-10-31,31,2026-10-01,True,CUNDINAMARCA,9358295.84,318134.28125,164410481.14000002,106866812.74,373.5597,270414.14,47720.14,85.0,15.0,Cubierta (85.0% Contratos / 15.0% Bolsa),954.40284375,356526.4399903969,548502.215374974,504622.0381449761,-43880.17722999788,43880.17722999788,7.999999999999993
2026-10-31,31,2026-10-01,True,TOLIMA,7828363.93,318134.28125,164410481.14000002,106866812.74,373.5597,270414.14,47720.14,85.0,15.0,Cubierta (85.0% Contratos / 15.0% Bolsa),954.40284375,356526.4399903969,548502.215374974,504622.0381449761,-43880.17722999788,43880.17722999788,7.999999999999993
2026-11-01,1,2026-11-01,True,ANTIOQUIA,26110519.65,318394.1475,164544779.0,106954106.35,373.1514,270635.03,47759.12,85.0,15.0,Cubierta (85.0% Contratos / 15.0% Bolsa),955.1824425000001,356427.6656742946,548350.2548835301,504482.2344928477,-43868.02039068239,43868.02039068239,7.9999999999999964
2026-11-01,1,2026-11-01,True,BOGOTA,36243102.83,318394.1475,164544779.0,106954106.35,373.1514,270635.03,47759.12,85.0,15.0,Cubierta (85.0% Contratos / 15.0% Bolsa),955.1824425000001,356427.6656742946,548350.2548835301,504482.2344928477,-43868.02039068239,43868.02039068239,7.9999999999999964
2026-11-01,1,2026-11-01,True,CARIBE_MAR,29236644.74,318394.1475,164544779.0,106954106.35,373.1514,270635.03,47759.12,85.0,15.0,Cubierta (85.0% Contratos / 15.0% Bolsa),955.1824425000001,356427.6656742946,548350.2548835301,504482.2344928477,-43868.02039068239,43868.02039068239,7.9999999999999964
2026-11-01,1,2026-11-01,True,CARIBE_SOL,22820777.01,318394.1475,164544779.0,106954106.35,373.1514,270635.03,47759.12,85.0,15.0,Cubierta (85.0% Contratos / 15.0% Bolsa),955.1824425000001,356427.6656742946,548350.2548835301,504482.2344928477,-43868.02039068239,43868.02039068239,7.9999999999999964
2026-11-01,1,2026-11-01,True,VALLE,18619711.42,318394.1475,164544779.0,106954106.35,373.1514,270635.03,47759.12,85.0,15.0,Cubierta (85.0% Contratos / 15.0% Bolsa),955.1824425000001,356427.6656742946,548350.2548835301,504482.2344928477,-43868.02039068239,43868.02039068239,7.9999999999999964
2026-11-01,1,2026-11-01,True,SANTANDER,14434163.55,318394.1475,164544779.0,106954106.35,373.1514,270635.03,47759.12,85.0,15.0,Cubierta (85.0% Contratos / 15.0% Bolsa),955.1824425000001,356427.6656742946,548350.2548835301,504482.2344928477,-43868.02039068239,43868.02039068239,7.9999999999999964
2026-11-01,1,2026-11-01,True,CUNDINAMARCA,9338461.6,318394.1475,164544779.0,106954106.35,373.1514,270635.03,47759.12,85.0,15.0,Cubierta (85.0% Contratos / 15.0% Bolsa),955.1824425000001,356427.6656742946,548350.2548835301,504482.2344928477,-43868.02039068239,43868.02039068239,7.9999999999999964
2026-11-01,1,2026-11-01,True,TOLIMA,7741398.2,318394.1475,164544779.0,106954106.35,373.1514,270635.03,47759.12,85.0,15.0,Cubierta (85.0% Contratos / 15.0% Bolsa),955.1824425000001,356427.6656742946,548350.2548835301,504482.2344928477,-43868.02039068239,43868.02039068239,7.9999999999999964
2026-11-02,2,2026-11-01,True,ANTIOQUIA,30650392.51,446358.97875,194491929.78,126419754.36,372.7317,379405.13,66953.85,85.0,15.0,Cubierta (85.0% Contratos / 15.0% Bolsa),1339.07693625,499116.4228792541,767871.4197960151,706441.706212334,-61429.71358368115,61429.71358368115,7.999999999999992
2026-11-02,2,2026-11-01,True,BOGOTA,43118117.7,446358.97875,194491929.78,126419754.36,372.7317,379405.13,66953.85,85.0,15.0,Cubierta (85.0% Contratos / 15.0% Bolsa),1339.07693625,499116.4228792541,767871.4197960151,706441.706212334,-61429.71358368115,61429.71358368115,7.999999999999992
2026-11-02,2,2026-11-01,True,CARIBE_MAR,33957135.27,446358.97875,194491929.78,126419754.36,372.7317,379405.13,66953.85,85.0,15.0,Cubierta (85.0% Contratos / 15.0% Bolsa),1339.07693625,499116.4228792541,767871.4197960151,706441.706212334,-61429.71358368115,61429.71358368115,7.999999999999992
2026-11-02,2,2026-11-01,True,CARIBE_SOL,26739389.08,446358.97875,194491929.78,126419754.36,372.7317,379405.13,66953.85,85.0,15.0,Cubierta (85.0% Contratos / 15.0% Bolsa),1339.07693625,499116.4228792541,767871.4197960151,706441.706212334,-61429.71358368115,61429.71358368115,7.999999999999992
2026-11-02,2,2026-11-01,True,VALLE,22092205.72,446358.97875,194491929.78,126419754.36,372.7317,379405.13,66953.85,85.0,15.0,Cubierta (85.0% Contratos / 15.0% Bolsa),1339.07693625,499116.4228792541,767871.4197960151,706441.706212334,-61429.71358368115,61429.71358368115,7.999999999999992
2026-11-02,2,2026-11-01,True,SANTANDER,17586875.45,446358.97875,194491929.78,126419754.36,372.7317,379405.13,66953.85,85.0,15.0,Cubierta (85.0% Contratos / 15.0% Bolsa),1339.07693625,499116.4228792541,767871.4197960151,706441.706212334,-61429.71358368115,61429.71358368115,7.999999999999992
2026-11-02,2,2026-11-01,True,CUNDINAMARCA,11092393.22,446358.97875,194491929.78,126419754.36,372.7317,379405.13,66953.85,85.0,15.0,Cubierta (85.0% Contratos / 15.0% Bolsa),1339.07693625,499116.4228792541,767871.4197960151,706441.706212334,-61429.71358368115,61429.71358368115,7.999999999999992
2026-11-02,2,2026-11-01,True,TOLIMA,9255420.83,446358.97875,194491929.78,126419754.36,372.7317,379405.13,66953.85,85.0,15.0,Cubierta (85.0% Contratos / 15.0% Bolsa),1339.07693625,499116.4228792541,767871.4197960151,706441.706212334,-61429.71358368115,61429.71358368115,7.999999999999992
2026-11-03,3,2026-11-01,True,ANTIOQUIA,31007782.44,449855.05125,196015273.1,127409927.52,372.3124,382376.79,67478.26,85.0,15.0,Cubierta (85.0% Contratos / 15.0% Bolsa),1349.56515375,502459.84134903154,773015.1405066359,711173.929266105,-61841.21124053083,61841.21124053083,7.999999999999995
2026-11-03,3,2026-11-01,True,BOGOTA,43465186.53,449855.05125,196015273.1,127409927.52,372.3124,382376.79,67478.26,85.0,15.0,Cubierta (85.0% Contratos / 15.0% Bolsa),1349.56515375,502459.84134903154,773015.1405066359,711173.929266105,-61841.21124053083,61841.21124053083,7.999999999999995
2026-11-03,3,2026-11-01,True,CARIBE_MAR,34765358.2,449855.05125,196015273.1,127409927.52,372.3124,382376.79,67478.26,85.0,15.0,Cubierta (85.0% Contratos / 15.0% Bolsa),1349.56515375,502459.84134903154,773015.1405066359,711173.929266105,-61841.21124053083,61841.21124053083,7.999999999999995
2026-11-03,3,2026-11-01,True,CARIBE_SOL,26861898.79,449855.05125,196015273.1,127409927.52,372.3124,382376.79,67478.26,85.0,15.0,Cubierta (85.0% Contratos / 15.0% Bolsa),1349.56515375,502459.84134903154,773015.1405066359,711173.929266105,-61841.21124053083,61841.21124053083,7.999999999999995
2026-11-03,3,2026-11-01,True,VALLE,22336408.72,449855.05125,196015273.1,127409927.52,372.3124,382376.79,67478.26,85.0,15.0,Cubierta (85.0% Contratos / 15.0% Bolsa),1349.56515375,502459.84134903154,773015.1405066359,711173.929266105,-61841.21124053083,61841.21124053083,7.999999999999995
2026-11-03,3,2026-11-01,True,SANTANDER,17157264.83,449855.05125,196015273.1,127409927.52,372.3124,382376.79,67478.26,85.0,15.0,Cubierta (85.0% Contratos / 15.0% Bolsa),1349.56515375,502459.84134903154,773015.1405066359,711173.929266105,-61841.21124053083,61841.21124053083,7.999999999999995
2026-11-03,3,2026-11-01,True,CUNDINAMARCA,11191933.47,449855.05125,196015273.1,127409927.52,372.3124,382376.79,67478.26,85.0,15.0,Cubierta (85.0% Contratos / 15.0% Bolsa),1349.56515375,502459.84134903154,773015.1405066359,711173.929266105,-61841.21124053083,61841.21124053083,7.999999999999995
2026-11-03,3,2026-11-01,True,TOLIMA,9229440.12,449855.05125,196015273.1,127409927.52,372.3124,382376.79,67478.26,85.0,15.0,Cubierta (85.0% Contratos / 15.0% Bolsa),1349.56515375,502459.84134903154,773015.1405066359,711173.929266105,-61841.21124053083,61841.21124053083,7.999999999999995
2026-11-04,4,2026-11-01,True,ANTIOQUIA,31299975.12,449067.2975,195672024.96000004,127186816.22,371.905,381707.2,67360.09,85.0,15.0,Cubierta (85.0% Contratos / 15.0% Bolsa),1347.2018925,501031.11983021244,770817.1074553382,709151.7388589112,-61665.368596427026,61665.368596427026,7.9999999999999964
2026-11-04,4,2026-11-01,True,BOGOTA,43322324.96,449067.2975,195672024.96000004,127186816.22,371.905,381707.2,67360.09,85.0,15.0,Cubierta (85.0% Contratos / 15.0% Bolsa),1347.2018925,501031.11983021244,770817.1074553382,709151.7388589112,-61665.368596427026,61665.368596427026,7.9999999999999964
2026-11-04,4,2026-11-01,True,CARIBE_MAR,34340564.3,449067.2975,195672024.96000004,127186816.22,371.905,381707.2,67360.09,85.0,15.0,Cubierta (85.0% Contratos / 15.0% Bolsa),1347.2018925,501031.11983021244,770817.1074553382,709151.7388589112,-61665.368596427026,61665.368596427026,7.9999999999999964
2026-11-04,4,2026-11-01,True,CARIBE_SOL,26878472.81,449067.2975,195672024.96000004,127186816.22,371.905,381707.2,67360.09,85.0,15.0,Cubierta (85.0% Contratos / 15.0% Bolsa),1347.2018925,501031.11983021244,770817.1074553382,709151.7388589112,-61665.368596427026,61665.368596427026,7.9999999999999964
2026-11-04,4,2026-11-01,True,VALLE,22251490.05,449067.2975,195672024.96000004,127186816.22,371.905,381707.2,67360.09,85.0,15.0,Cubierta (85.0% Contratos / 15.0% Bolsa),1347.2018925,501031.11983021244,770817.1074553382,709151.7388589112,-61665.368596427026,61665.368596427026,7.9999999999999964
2026-11-04,4,2026-11-01,True,SANTANDER,17350154.0,449067.2975,195672024.96000004,127186816.22,371.905,381707.2,67360.09,85.0,15.0,Cubierta (85.0% Contratos / 15.0% Bolsa),1347.2018925,501031.11983021244,770817.1074553382,709151.7388589112,-61665.368596427026,61665.368596427026,7.9999999999999964
2026-11-04,4,2026-11-01,True,CUNDINAMARCA,10988946.08,449067.2975,195672024.96000004,127186816.22,371.905,381707.2,67360.09,85.0,15.0,Cubierta (85.0% Contratos / 15.0% Bolsa),1347.2018925,501031.11983021244,770817.1074553382,709151.7388589112,-61665.368596427026,61665.368596427026,7.9999999999999964
2026-11-04,4,2026-11-01,True,TOLIMA,9240097.64,449067.2975,195672024.96000004,127186816.22,371.905,381707.2,67360.09,85.0,15.0,Cubierta (85.0% Contratos / 15.0% Bolsa),1347.2018925,501031.11983021244,770817.1074553382,709151.7388589112,-61665.368596427026,61665.368596427026,7.9999999999999964
2026-11-05,5,2026-11-01,True,ANTIOQUIA,30699746.6,450269.1625,196195713.6,127527213.84,371.5208,382728.79,67540.37,85.0,15.0,Cubierta (85.0% Contratos / 15.0% Bolsa),1350.8074875,501853.07840199,772081.6590799846,710315.1263535859,-61766.532726398786,61766.532726398786,8.000000000000002
2026-11-05,5,2026-11-01,True,BOGOTA,43677397.08,450269.1625,196195713.6,127527213.84,371.5208,382728.79,67540.37,85.0,15.0,Cubierta (85.0% Contratos / 15.0% Bolsa),1350.8074875,501853.07840199,772081.6590799846,710315.1263535859,-61766.532726398786,61766.532726398786,8.000000000000002
2026-11-05,5,2026-11-01,True,CARIBE_MAR,34579382.6,450269.1625,196195713.6,127527213.84,371.5208,382728.79,67540.37,85.0,15.0,Cubierta (85.0% Contratos / 15.0% Bolsa),1350.8074875,501853.07840199,772081.6590799846,710315.1263535859,-61766.532726398786,61766.532726398786,8.000000000000002
2026-11-05,5,2026-11-01,True,CARIBE_SOL,27182047.87,450269.1625,196195713.6,127527213.84,371.5208,382728.79,67540.37,85.0,15.0,Cubierta (85.0% Contratos / 15.0% Bolsa),1350.8074875,501853.07840199,772081.6590799846,710315.1263535859,-61766.532726398786,61766.532726398786,8.000000000000002
2026-11-05,5,2026-11-01,True,VALLE,22201340.81,450269.1625,196195713.6,127527213.84,371.5208,382728.79,67540.37,85.0,15.0,Cubierta (85.0% Contratos / 15.0% Bolsa),1350.8074875,501853.07840199,772081.6590799846,710315.1263535859,-61766.532726398786,61766.532726398786,8.000000000000002
2026-11-05,5,2026-11-01,True,SANTANDER,17306006.78,450269.1625,196195713.6,127527213.84,371.5208,382728.79,67540.37,85.0,15.0,Cubierta (85.0% Contratos / 15.0% Bolsa),1350.8074875,501853.07840199,772081.6590799846,710315.1263535859,-61766.532726398786,61766.532726398786,8.000000000000002
2026-11-05,5,2026-11-01,True,CUNDINAMARCA,11218649.04,450269.1625,196195713.6,127527213.84,371.5208,382728.79,67540.37,85.0,15.0,Cubierta (85.0% Contratos / 15.0% Bolsa),1350.8074875,501853.07840199,772081.6590799846,710315.1263535859,-61766.532726398786,61766.532726398786,8.000000000000002
2026-11-05,5,2026-11-01,True,TOLIMA,9331142.82,450269.1625,196195713.6,127527213.84,371.5208,382728.79,67540.37,85.0,15.0,Cubierta (85.0% Contratos / 15.0% Bolsa),1350.8074875,501853.07840199,772081.6590799846,710315.1263535859,-61766.532726398786,61766.532726398786,8.000000000000002
2026-11-06,6,2026-11-01,True,ANTIOQUIA,31078600.27,449728.48625,195960124.98,127374081.24,371.1708,382269.21,67459.27,85.0,15.0,Cubierta (85.0% Contratos / 15.0% Bolsa),1349.1854587500002,500778.24607260455,770428.0708627844,708793.8251937617,-61634.24566902267,61634.24566902267,7.999999999999989
2026-11-06,6,2026-11-01,True,BOGOTA,43020451.11,449728.48625,195960124.98,127374081.24,371.1708,382269.21,67459.27,85.0,15.0,Cubierta (85.0% Contratos / 15.0% Bolsa),1349.1854587500002,500778.24607260455,770428.0708627844,708793.8251937617,-61634.24566902267,61634.24566902267,7.999999999999989
2026-11-06,6,2026-11-01,True,CARIBE_MAR,34890373.74,449728.48625,195960124.98,127374081.24,371.1708,382269.21,67459.27,85.0,15.0,Cubierta (85.0% Contratos / 15.0% Bolsa),1349.1854587500002,500778.24607260455,770428.0708627844,708793.8251937617,-61634.24566902267,61634.24566902267,7.999999999999989
2026-11-06,6,2026-11-01,True,CARIBE_SOL,26967695.86,449728.48625,195960124.98,127374081.24,371.1708,382269.21,67459.27,85.0,15.0,Cubierta (85.0% Contratos / 15.0% Bolsa),1349.1854587500002,500778.24607260455,770428.0708627844,708793.8251937617,-61634.24566902267,61634.24566902267,7.999999999999989
2026-11-06,6,2026-11-01,True,VALLE,22177046.46,449728.48625,195960124.98,127374081.24,371.1708,382269.21,67459.27,85.0,15.0,Cubierta (85.0% Contratos / 15.0% Bolsa),1349.1854587500002,500778.24607260455,770428.0708627844,708793.8251937617,-61634.24566902267,61634.24566902267,7.999999999999989
2026-11-06,6,2026-11-01,True,SANTANDER,17386356.17,449728.48625,195960124.98,127374081.24,371.1708,382269.21,67459.27,85.0,15.0,Cubierta (85.0% Contratos / 15.0% Bolsa),1349.1854587500002,500778.24607260455,770428.0708627844,708793.8251937617,-61634.24566902267,61634.24566902267,7.999999999999989
2026-11-06,6,2026-11-01,True,CUNDINAMARCA,11124817.7,449728.48625,195960124.98,127374081.24,371.1708,382269.21,67459.27,85.0,15.0,Cubierta (85.0% Contratos / 15.0% Bolsa),1349.1854587500002,500778.24607260455,770428.0708627844,708793.8251937617,-61634.24566902267,61634.24566902267,7.999999999999989
2026-11-06,6,2026-11-01,True,TOLIMA,9314783.67,449728.48625,195960124.98,127374081.24,371.1708,382269.21,67459.27,85.0,15.0,Cubierta (85.0% Contratos / 15.0% Bolsa),1349.1854587500002,500778.24607260455,770428.0708627844,708793.8251937617,-61634.24566902267,61634.24566902267,7.999999999999989
2026-11-07,7,2026-11-01,True,ANTIOQUIA,26236368.67,320384.18875,165573224.05,107622595.63,370.8651,272326.56,48057.63,85.0,15.0,Cubierta (85.0% Contratos / 15.0% Bolsa),961.15256625,356457.94259756285,548396.8347782203,504525.08799596265,-43871.74678225763,43871.74678225763,8.000000000000002
2026-11-07,7,2026-11-01,True,BOGOTA,36602363.1,320384.18875,165573224.05,107622595.63,370.8651,272326.56,48057.63,85.0,15.0,Cubierta (85.0% Contratos / 15.0% Bolsa),961.15256625,356457.94259756285,548396.8347782203,504525.08799596265,-43871.74678225763,43871.74678225763,8.000000000000002
2026-11-07,7,2026-11-01,True,CARIBE_MAR,29509057.13,320384.18875,165573224.05,107622595.63,370.8651,272326.56,48057.63,85.0,15.0,Cubierta (85.0% Contratos / 15.0% Bolsa),961.15256625,356457.94259756285,548396.8347782203,504525.08799596265,-43871.74678225763,43871.74678225763,8.000000000000002
2026-11-07,7,2026-11-01,True,CARIBE_SOL,22669458.23,320384.18875,165573224.05,107622595.63,370.8651,272326.56,48057.63,85.0,15.0,Cubierta (85.0% Contratos / 15.0% Bolsa),961.15256625,356457.94259756285,548396.8347782203,504525.08799596265,-43871.74678225763,43871.74678225763,8.000000000000002
2026-11-07,7,2026-11-01,True,VALLE,18777362.76,320384.18875,165573224.05,107622595.63,370.8651,272326.56,48057.63,85.0,15.0,Cubierta (85.0% Contratos / 15.0% Bolsa),961.15256625,356457.94259756285,548396.8347782203,504525.08799596265,-43871.74678225763,43871.74678225763,8.000000000000002
2026-11-07,7,2026-11-01,True,SANTANDER,14519056.37,320384.18875,165573224.05,107622595.63,370.8651,272326.56,48057.63,85.0,15.0,Cubierta (85.0% Contratos / 15.0% Bolsa),961.15256625,356457.94259756285,548396.8347782203,504525.08799596265,-43871.74678225763,43871.74678225763,8.000000000000002
2026-11-07,7,2026-11-01,True,CUNDINAMARCA,9440640.13,320384.18875,165573224.05,107622595.63,370.8651,272326.56,48057.63,85.0,15.0,Cubierta (85.0% Contratos / 15.0% Bolsa),961.15256625,356457.94259756285,548396.8347782203,504525.08799596265,-43871.74678225763,43871.74678225763,8.000000000000002
2026-11-07,7,2026-11-01,True,TOLIMA,7818917.66,320384.18875,165573224.05,107622595.63,370.8651,272326.56,48057.63,85.0,15.0,Cubierta (85.0% Contratos / 15.0% Bolsa),961.15256625,356457.94259756285,548396.8347782203,504525.08799596265,-43871.74678225763,43871.74678225763,8.000000000000002
2026-11-08,8,2026-11-01,True,ANTIOQUIA,26086651.0,318654.68125,164679421.85999998,107041624.21,370.6131,270856.48,47798.2,85.0,15.0,Cubierta (85.0% Contratos / 15.0% Bolsa),955.9640437500001,354292.79774272314,545065.8426760205,501460.57526193885,-43605.26741408161,43605.26741408161,7.999999999999995
2026-11-08,8,2026-11-01,True,BOGOTA,35710663.75,318654.68125,164679421.85999998,107041624.21,370.6131,270856.48,47798.2,85.0,15.0,Cubierta (85.0% Contratos / 15.0% Bolsa),955.9640437500001,354292.79774272314,545065.8426760205,501460.57526193885,-43605.26741408161,43605.26741408161,7.999999999999995
2026-11-08,8,2026-11-01,True,CARIBE_MAR,29473981.84,318654.68125,164679421.85999998,107041624.21,370.6131,270856.48,47798.2,85.0,15.0,Cubierta (85.0% Contratos / 15.0% Bolsa),955.9640437500001,354292.79774272314,545065.8426760205,501460.57526193885,-43605.26741408161,43605.26741408161,7.999999999999995
2026-11-08,8,2026-11-01,True,CARIBE_SOL,22767647.9,318654.68125,164679421.85999998,107041624.21,370.6131,270856.48,47798.2,85.0,15.0,Cubierta (85.0% Contratos / 15.0% Bolsa),955.9640437500001,354292.79774272314,545065.8426760205,501460.57526193885,-43605.26741408161,43605.26741408161,7.999999999999995
2026-11-08,8,2026-11-01,True,VALLE,18727382.07,318654.68125,164679421.85999998,107041624.21,370.6131,270856.48,47798.2,85.0,15.0,Cubierta (85.0% Contratos / 15.0% Bolsa),955.9640437500001,354292.79774272314,545065.8426760205,501460.57526193885,-43605.26741408161,43605.26741408161,7.999999999999995
2026-11-08,8,2026-11-01,True,SANTANDER,14717419.48,318654.68125,164679421.85999998,107041624.21,370.6131,270856.48,47798.2,85.0,15.0,Cubierta (85.0% Contratos / 15.0% Bolsa),955.9640437500001,354292.79774272314,545065.8426760205,501460.57526193885,-43605.26741408161,43605.26741408161,7.999999999999995
2026-11-08,8,2026-11-01,True,CUNDINAMARCA,9319398.79,318654.68125,164679421.85999998,107041624.21,370.6131,270856.48,47798.2,85.0,15.0,Cubierta (85.0% Contratos / 15.0% Bolsa),955.9640437500001,354292.79774272314,545065.8426760205,501460.57526193885,-43605.26741408161,43605.26741408161,7.999999999999995
2026-11-08,8,2026-11-01,True,TOLIMA,7876277.03,318654.68125,164679421.85999998,107041624.21,370.6131,270856.48,47798.2,85.0,15.0,Cubierta (85.0% Contratos / 15.0% Bolsa),955.9640437500001,354292.79774272314,545065.8426760205,501460.57526193885,-43605.26741408161,43605.26741408161,7.999999999999995
2026-11-09,9,2026-11-01,True,ANTIOQUIA,30818944.41,448555.1625,195448872.8,127041767.32,370.4228,381271.89,67283.27,85.0,15.0,Cubierta (85.0% Contratos / 15.0% Bolsa),1345.6654875,498465.17774311494,766869.504220177,705519.9438825628,-61349.56033761415,61349.56033761415,7.999999999999999
2026-11-09,9,2026-11-01,True,BOGOTA,43558852.54,448555.1625,195448872.8,127041767.32,370.4228,381271.89,67283.27,85.0,15.0,Cubierta (85.0% Contratos / 15.0% Bolsa),1345.6654875,498465.17774311494,766869.504220177,705519.9438825628,-61349.56033761415,61349.56033761415,7.999999999999999
2026-11-09,9,2026-11-01,True,CARIBE_MAR,34159712.13,448555.1625,195448872.8,127041767.32,370.4228,381271.89,67283.27,85.0,15.0,Cubierta (85.0% Contratos / 15.0% Bolsa),1345.6654875,498465.17774311494,766869.504220177,705519.9438825628,-61349.56033761415,61349.56033761415,7.999999999999999
2026-11-09,9,2026-11-01,True,CARIBE_SOL,26882891.26,448555.1625,195448872.8,127041767.32,370.4228,381271.89,67283.27,85.0,15.0,Cubierta (85.0% Contratos / 15.0% Bolsa),1345.6654875,498465.17774311494,766869.504220177,705519.9438825628,-61349.56033761415,61349.56033761415,7.999999999999999
2026-11-09,9,2026-11-01,True,VALLE,22461191.94,448555.1625,195448872.8,127041767.32,370.4228,381271.89,67283.27,85.0,15.0,Cubierta (85.0% Contratos / 15.0% Bolsa),1345.6654875,498465.17774311494,766869.504220177,705519.9438825628,-61349.56033761415,61349.56033761415,7.999999999999999
2026-11-09,9,2026-11-01,True,SANTANDER,17273865.98,448555.1625,195448872.8,127041767.32,370.4228,381271.89,67283.27,85.0,15.0,Cubierta (85.0% Contratos / 15.0% Bolsa),1345.6654875,498465.17774311494,766869.504220177,705519.9438825628,-61349.56033761415,61349.56033761415,7.999999999999999
2026-11-09,9,2026-11-01,True,CUNDINAMARCA,11038935.02,448555.1625,195448872.8,127041767.32,370.4228,381271.89,67283.27,85.0,15.0,Cubierta (85.0% Contratos / 15.0% Bolsa),1345.6654875,498465.17774311494,766869.504220177,705519.9438825628,-61349.56033761415,61349.56033761415,7.999999999999999
2026-11-09,9,2026-11-01,True,TOLIMA,9254479.52,448555.1625,195448872.8,127041767.32,370.4228,381271.89,67283.27,85.0,15.0,Cubierta (85.0% Contratos / 15.0% Bolsa),1345.6654875,498465.17774311494,766869.504220177,705519.9438825628,-61349.56033761415,61349.56033761415,7.999999999999999
2026-11-10,10,2026-11-01,True,ANTIOQUIA,30955583.93,448650.10875,195490243.29999998,127068658.14,370.3013,381352.59,67297.52,85.0,15.0,Cubierta (85.0% Contratos / 15.0% Bolsa),1345.95032625,498407.1555457992,766780.2393314012,705437.8201848891,-61342.41914651205,61342.41914651205,7.999999999999995
2026-11-10,10,2026-11-01,True,BOGOTA,42604797.18,448650.10875,195490243.29999998,127068658.14,370.3013,381352.59,67297.52,85.0,15.0,Cubierta (85.0% Contratos / 15.0% Bolsa),1345.95032625,498407.1555457992,766780.2393314012,705437.8201848891,-61342.41914651205,61342.41914651205,7.999999999999995
2026-11-10,10,2026-11-01,True,CARIBE_MAR,34793553.72,448650.10875,195490243.29999998,127068658.14,370.3013,381352.59,67297.52,85.0,15.0,Cubierta (85.0% Contratos / 15.0% Bolsa),1345.95032625,498407.1555457992,766780.2393314012,705437.8201848891,-61342.41914651205,61342.41914651205,7.999999999999995
2026-11-10,10,2026-11-01,True,CARIBE_SOL,27024924.15,448650.10875,195490243.29999998,127068658.14,370.3013,381352.59,67297.52,85.0,15.0,Cubierta (85.0% Contratos / 15.0% Bolsa),1345.95032625,498407.1555457992,766780.2393314012,705437.8201848891,-61342.41914651205,61342.41914651205,7.999999999999995
2026-11-10,10,2026-11-01,True,VALLE,22177907.44,448650.10875,195490243.29999998,127068658.14,370.3013,381352.59,67297.52,85.0,15.0,Cubierta (85.0% Contratos / 15.0% Bolsa),1345.95032625,498407.1555457992,766780.2393314012,705437.8201848891,-61342.41914651205,61342.41914651205,7.999999999999995
2026-11-10,10,2026-11-01,True,SANTANDER,17371065.08,448650.10875,195490243.29999998,127068658.14,370.3013,381352.59,67297.52,85.0,15.0,Cubierta (85.0% Contratos / 15.0% Bolsa),1345.95032625,498407.1555457992,766780.2393314012,705437.8201848891,-61342.41914651205,61342.41914651205,7.999999999999995
2026-11-10,10,2026-11-01,True,CUNDINAMARCA,11245562.17,448650.10875,195490243.29999998,127068658.14,370.3013,381352.59,67297.52,85.0,15.0,Cubierta (85.0% Contratos / 15.0% Bolsa),1345.95032625,498407.1555457992,766780.2393314012,705437.8201848891,-61342.41914651205,61342.41914651205,7.999999999999995
2026-11-10,10,2026-11-01,True,TOLIMA,9316849.63,448650.10875,195490243.29999998,127068658.14,370.3013,381352.59,67297.52,85.0,15.0,Cubierta (85.0% Contratos / 15.0% Bolsa),1345.95032625,498407.1555457992,766780.2393314012,705437.8201848891,-61342.41914651205,61342.41914651205,7.999999999999995
2026-11-11,11,2026-11-01,True,ANTIOQUIA,30842531.32,453013.73,197391603.23000002,128304542.1,370.2541,385061.67,67952.06,85.0,15.0,Cubierta (85.0% Contratos / 15.0% Bolsa),1359.04119,503190.572666379,774139.3425606432,712208.1951557918,-61931.14740485139,61931.14740485139,7.999999999999992
2026-11-11,11,2026-11-01,True,BOGOTA,44045920.8,453013.73,197391603.23000002,128304542.1,370.2541,385061.67,67952.06,85.0,15.0,Cubierta (85.0% Contratos / 15.0% Bolsa),1359.04119,503190.572666379,774139.3425606432,712208.1951557918,-61931.14740485139,61931.14740485139,7.999999999999992
2026-11-11,11,2026-11-01,True,CARIBE_MAR,35210980.27,453013.73,197391603.23000002,128304542.1,370.2541,385061.67,67952.06,85.0,15.0,Cubierta (85.0% Contratos / 15.0% Bolsa),1359.04119,503190.572666379,774139.3425606432,712208.1951557918,-61931.14740485139,61931.14740485139,7.999999999999992
2026-11-11,11,2026-11-01,True,CARIBE_SOL,27392456.39,453013.73,197391603.23000002,128304542.1,370.2541,385061.67,67952.06,85.0,15.0,Cubierta (85.0% Contratos / 15.0% Bolsa),1359.04119,503190.572666379,774139.3425606432,712208.1951557918,-61931.14740485139,61931.14740485139,7.999999999999992
2026-11-11,11,2026-11-01,True,VALLE,22107305.94,453013.73,197391603.23000002,128304542.1,370.2541,385061.67,67952.06,85.0,15.0,Cubierta (85.0% Contratos / 15.0% Bolsa),1359.04119,503190.572666379,774139.3425606432,712208.1951557918,-61931.14740485139,61931.14740485139,7.999999999999992
2026-11-11,11,2026-11-01,True,SANTANDER,17491138.66,453013.73,197391603.23000002,128304542.1,370.2541,385061.67,67952.06,85.0,15.0,Cubierta (85.0% Contratos / 15.0% Bolsa),1359.04119,503190.572666379,774139.3425606432,712208.1951557918,-61931.14740485139,61931.14740485139,7.999999999999992
2026-11-11,11,2026-11-01,True,CUNDINAMARCA,11012455.07,453013.73,197391603.23000002,128304542.1,370.2541,385061.67,67952.06,85.0,15.0,Cubierta (85.0% Contratos / 15.0% Bolsa),1359.04119,503190.572666379,774139.3425606432,712208.1951557918,-61931.14740485139,61931.14740485139,7.999999999999992
2026-11-11,11,2026-11-01,True,TOLIMA,9288814.78,453013.73,197391603.23000002,128304542.1,370.2541,385061.67,67952.06,85.0,15.0,Cubierta (85.0% Contratos / 15.0% Bolsa),1359.04119,503190.572666379,774139.3425606432,712208.1951557918,-61931.14740485139,61931.14740485139,7.999999999999992
2026-11-12,12,2026-11-01,True,ANTIOQUIA,30818864.23,450285.37625,196202778.3,127531805.9,370.2852,382742.57,67542.81,85.0,15.0,Cubierta (85.0% Contratos / 15.0% Bolsa),1350.85612875,500202.0318054194,769541.5873627824,707978.2603737599,-61563.32698902255,61563.32698902255,7.999999999999995
2026-11-12,12,2026-11-01,True,BOGOTA,43564902.28,450285.37625,196202778.3,127531805.9,370.2852,382742.57,67542.81,85.0,15.0,Cubierta (85.0% Contratos / 15.0% Bolsa),1350.85612875,500202.0318054194,769541.5873627824,707978.2603737599,-61563.32698902255,61563.32698902255,7.999999999999995
2026-11-12,12,2026-11-01,True,CARIBE_MAR,34710903.31,450285.37625,196202778.3,127531805.9,370.2852,382742.57,67542.81,85.0,15.0,Cubierta (85.0% Contratos / 15.0% Bolsa),1350.85612875,500202.0318054194,769541.5873627824,707978.2603737599,-61563.32698902255,61563.32698902255,7.999999999999995
2026-11-12,12,2026-11-01,True,CARIBE_SOL,27256476.77,450285.37625,196202778.3,127531805.9,370.2852,382742.57,67542.81,85.0,15.0,Cubierta (85.0% Contratos / 15.0% Bolsa),1350.85612875,500202.0318054194,769541.5873627824,707978.2603737599,-61563.32698902255,61563.32698902255,7.999999999999995
2026-11-12,12,2026-11-01,True,VALLE,22461580.51,450285.37625,196202778.3,127531805.9,370.2852,382742.57,67542.81,85.0,15.0,Cubierta (85.0% Contratos / 15.0% Bolsa),1350.85612875,500202.0318054194,769541.5873627824,707978.2603737599,-61563.32698902255,61563.32698902255,7.999999999999995
2026-11-12,12,2026-11-01,True,SANTANDER,16951620.46,450285.37625,196202778.3,127531805.9,370.2852,382742.57,67542.81,85.0,15.0,Cubierta (85.0% Contratos / 15.0% Bolsa),1350.85612875,500202.0318054194,769541.5873627824,707978.2603737599,-61563.32698902255,61563.32698902255,7.999999999999995
2026-11-12,12,2026-11-01,True,CUNDINAMARCA,11210194.02,450285.37625,196202778.3,127531805.9,370.2852,382742.57,67542.81,85.0,15.0,Cubierta (85.0% Contratos / 15.0% Bolsa),1350.85612875,500202.0318054194,769541.5873627824,707978.2603737599,-61563.32698902255,61563.32698902255,7.999999999999995
2026-11-12,12,2026-11-01,True,TOLIMA,9228236.72,450285.37625,196202778.3,127531805.9,370.2852,382742.57,67542.81,85.0,15.0,Cubierta (85.0% Contratos / 15.0% Bolsa),1350.85612875,500202.0318054194,769541.5873627824,707978.2603737599,-61563.32698902255,61563.32698902255,7.999999999999995
2026-11-13,13,2026-11-01,True,ANTIOQUIA,31016000.32,449979.35125,196069433.93,127445132.05,370.3969,382482.45,67496.9,85.0,15.0,Cubierta (85.0% Contratos / 15.0% Bolsa),1349.93805375,500012.8703010334,769250.5697210593,707710.5241433745,-61540.04557768477,61540.04557768477,8.000000000000004
2026-11-13,13,2026-11-01,True,BOGOTA,43373546.46,449979.35125,196069433.93,127445132.05,370.3969,382482.45,67496.9,85.0,15.0,Cubierta (85.0% Contratos / 15.0% Bolsa),1349.93805375,500012.8703010334,769250.5697210593,707710.5241433745,-61540.04557768477,61540.04557768477,8.000000000000004
2026-11-13,13,2026-11-01,True,CARIBE_MAR,34625375.25,449979.35125,196069433.93,127445132.05,370.3969,382482.45,67496.9,85.0,15.0,Cubierta (85.0% Contratos / 15.0% Bolsa),1349.93805375,500012.8703010334,769250.5697210593,707710.5241433745,-61540.04557768477,61540.04557768477,8.000000000000004
2026-11-13,13,2026-11-01,True,CARIBE_SOL,27226379.76,449979.35125,196069433.93,127445132.05,370.3969,382482.45,67496.9,85.0,15.0,Cubierta (85.0% Contratos / 15.0% Bolsa),1349.93805375,500012.8703010334,769250.5697210593,707710.5241433745,-61540.04557768477,61540.04557768477,8.000000000000004
2026-11-13,13,2026-11-01,True,VALLE,21981168.95,449979.35125,196069433.93,127445132.05,370.3969,382482.45,67496.9,85.0,15.0,Cubierta (85.0% Contratos / 15.0% Bolsa),1349.93805375,500012.8703010334,769250.5697210593,707710.5241433745,-61540.04557768477,61540.04557768477,8.000000000000004
2026-11-13,13,2026-11-01,True,SANTANDER,17418316.34,449979.35125,196069433.93,127445132.05,370.3969,382482.45,67496.9,85.0,15.0,Cubierta (85.0% Contratos / 15.0% Bolsa),1349.93805375,500012.8703010334,769250.5697210593,707710.5241433745,-61540.04557768477,61540.04557768477,8.000000000000004
2026-11-13,13,2026-11-01,True,CUNDINAMARCA,11199846.46,449979.35125,196069433.93,127445132.05,370.3969,382482.45,67496.9,85.0,15.0,Cubierta (85.0% Contratos / 15.0% Bolsa),1349.93805375,500012.8703010334,769250.5697210593,707710.5241433745,-61540.04557768477,61540.04557768477,8.000000000000004
2026-11-13,13,2026-11-01,True,TOLIMA,9228800.39,449979.35125,196069433.93,127445132.05,370.3969,382482.45,67496.9,85.0,15.0,Cubierta (85.0% Contratos / 15.0% Bolsa),1349.93805375,500012.8703010334,769250.5697210593,707710.5241433745,-61540.04557768477,61540.04557768477,8.000000000000004
2026-11-14,14,2026-11-01,True,ANTIOQUIA,26044360.06,321336.1925,166065215.64,107942390.17,370.5902,273135.76,48200.43,85.0,15.0,Cubierta (85.0% Contratos / 15.0% Bolsa),964.0085775,357252.13153744047,549618.6638833875,505649.17077271646,-43969.493110671,43969.493110671,8.0
2026-11-14,14,2026-11-01,True,BOGOTA,36903309.98,321336.1925,166065215.64,107942390.17,370.5902,273135.76,48200.43,85.0,15.0,Cubierta (85.0% Contratos / 15.0% Bolsa),964.0085775,357252.13153744047,549618.6638833875,505649.17077271646,-43969.493110671,43969.493110671,8.0
2026-11-14,14,2026-11-01,True,CARIBE_MAR,29342055.63,321336.1925,166065215.64,107942390.17,370.5902,273135.76,48200.43,85.0,15.0,Cubierta (85.0% Contratos / 15.0% Bolsa),964.0085775,357252.13153744047,549618.6638833875,505649.17077271646,-43969.493110671,43969.493110671,8.0
2026-11-14,14,2026-11-01,True,CARIBE_SOL,23116473.86,321336.1925,166065215.64,107942390.17,370.5902,273135.76,48200.43,85.0,15.0,Cubierta (85.0% Contratos / 15.0% Bolsa),964.0085775,357252.13153744047,549618.6638833875,505649.17077271646,-43969.493110671,43969.493110671,8.0
2026-11-14,14,2026-11-01,True,VALLE,18776310.28,321336.1925,166065215.64,107942390.17,370.5902,273135.76,48200.43,85.0,15.0,Cubierta (85.0% Contratos / 15.0% Bolsa),964.0085775,357252.13153744047,549618.6638833875,505649.17077271646,-43969.493110671,43969.493110671,8.0
2026-11-14,14,2026-11-01,True,SANTANDER,14634002.05,321336.1925,166065215.64,107942390.17,370.5902,273135.76,48200.43,85.0,15.0,Cubierta (85.0% Contratos / 15.0% Bolsa),964.0085775,357252.13153744047,549618.6638833875,505649.17077271646,-43969.493110671,43969.493110671,8.0
2026-11-14,14,2026-11-01,True,CUNDINAMARCA,9376114.25,321336.1925,166065215.64,107942390.17,370.5902,273135.76,48200.43,85.0,15.0,Cubierta (85.0% Contratos / 15.0% Bolsa),964.0085775,357252.13153744047,549618.6638833875,505649.17077271646,-43969.493110671,43969.493110671,8.0
2026-11-14,14,2026-11-01,True,TOLIMA,7872589.53,321336.1925,166065215.64,107942390.17,370.5902,273135.76,48200.43,85.0,15.0,Cubierta (85.0% Contratos / 15.0% Bolsa),964.0085775,357252.13153744047,549618.6638833875,505649.17077271646,-43969.493110671,43969.493110671,8.0
2026-11-15,15,2026-11-01,True,ANTIOQUIA,25936509.02,319316.68875,165021544.64,107264004.02,370.8641,271419.19,47897.5,85.0,15.0,Cubierta (85.0% Contratos / 15.0% Bolsa),957.95006625,355269.28916474665,546568.1371561511,502842.68618365907,-43725.45097249205,43725.45097249205,7.999999999999993
2026-11-15,15,2026-11-01,True,BOGOTA,36616360.98,319316.68875,165021544.64,107264004.02,370.8641,271419.19,47897.5,85.0,15.0,Cubierta (85.0% Contratos / 15.0% Bolsa),957.95006625,355269.28916474665,546568.1371561511,502842.68618365907,-43725.45097249205,43725.45097249205,7.999999999999993
2026-11-15,15,2026-11-01,True,CARIBE_MAR,29118424.41,319316.68875,165021544.64,107264004.02,370.8641,271419.19,47897.5,85.0,15.0,Cubierta (85.0% Contratos / 15.0% Bolsa),957.95006625,355269.28916474665,546568.1371561511,502842.68618365907,-43725.45097249205,43725.45097249205,7.999999999999993
2026-11-15,15,2026-11-01,True,CARIBE_SOL,22775623.25,319316.68875,165021544.64,107264004.02,370.8641,271419.19,47897.5,85.0,15.0,Cubierta (85.0% Contratos / 15.0% Bolsa),957.95006625,355269.28916474665,546568.1371561511,502842.68618365907,-43725.45097249205,43725.45097249205,7.999999999999993
2026-11-15,15,2026-11-01,True,VALLE,18793714.49,319316.68875,165021544.64,107264004.02,370.8641,271419.19,47897.5,85.0,15.0,Cubierta (85.0% Contratos / 15.0% Bolsa),957.95006625,355269.28916474665,546568.1371561511,502842.68618365907,-43725.45097249205,43725.45097249205,7.999999999999993
2026-11-15,15,2026-11-01,True,SANTANDER,14564422.92,319316.68875,165021544.64,107264004.02,370.8641,271419.19,47897.5,85.0,15.0,Cubierta (85.0% Contratos / 15.0% Bolsa),957.95006625,355269.28916474665,546568.1371561511,502842.68618365907,-43725.45097249205,43725.45097249205,7.999999999999993
2026-11-15,15,2026-11-01,True,CUNDINAMARCA,9372889.88,319316.68875,165021544.64,107264004.02,370.8641,271419.19,47897.5,85.0,15.0,Cubierta (85.0% Contratos / 15.0% Bolsa),957.95006625,355269.28916474665,546568.1371561511,502842.68618365907,-43725.45097249205,43725.45097249205,7.999999999999993
2026-11-15,15,2026-11-01,True,TOLIMA,7843599.69,319316.68875,165021544.64,107264004.02,370.8641,271419.19,47897.5,85.0,15.0,Cubierta (85.0% Contratos / 15.0% Bolsa),957.95006625,355269.28916474665,546568.1371561511,502842.68618365907,-43725.45097249205,43725.45097249205,7.999999999999993
2026-11-16,16,2026-11-01,True,ANTIOQUIA,31279239.63,450114.4375,196128294.95000002,127483391.72,371.2161,382597.27,67517.17,85.0,15.0,Cubierta (85.0% Contratos / 15.0% Bolsa),1350.3433125000001,501269.17812733125,771183.3509500017,709488.6828740017,-61694.66807600006,61694.66807600006,7.999999999999989
2026-11-16,16,2026-11-01,True,BOGOTA,43278560.72,450114.4375,196128294.95000002,127483391.72,371.2161,382597.27,67517.17,85.0,15.0,Cubierta (85.0% Contratos / 15.0% Bolsa),1350.3433125000001,501269.17812733125,771183.3509500017,709488.6828740017,-61694.66807600006,61694.66807600006,7.999999999999989
2026-11-16,16,2026-11-01,True,CARIBE_MAR,34452673.03,450114.4375,196128294.95000002,127483391.72,371.2161,382597.27,67517.17,85.0,15.0,Cubierta (85.0% Contratos / 15.0% Bolsa),1350.3433125000001,501269.17812733125,771183.3509500017,709488.6828740017,-61694.66807600006,61694.66807600006,7.999999999999989
2026-11-16,16,2026-11-01,True,CARIBE_SOL,27312812.97,450114.4375,196128294.95000002,127483391.72,371.2161,382597.27,67517.17,85.0,15.0,Cubierta (85.0% Contratos / 15.0% Bolsa),1350.3433125000001,501269.17812733125,771183.3509500017,709488.6828740017,-61694.66807600006,61694.66807600006,7.999999999999989
2026-11-16,16,2026-11-01,True,VALLE,22293813.55,450114.4375,196128294.95000002,127483391.72,371.2161,382597.27,67517.17,85.0,15.0,Cubierta (85.0% Contratos / 15.0% Bolsa),1350.3433125000001,501269.17812733125,771183.3509500017,709488.6828740017,-61694.66807600006,61694.66807600006,7.999999999999989
2026-11-16,16,2026-11-01,True,SANTANDER,17301856.67,450114.4375,196128294.95000002,127483391.72,371.2161,382597.27,67517.17,85.0,15.0,Cubierta (85.0% Contratos / 15.0% Bolsa),1350.3433125000001,501269.17812733125,771183.3509500017,709488.6828740017,-61694.66807600006,61694.66807600006,7.999999999999989
2026-11-16,16,2026-11-01,True,CUNDINAMARCA,11058464.58,450114.4375,196128294.95000002,127483391.72,371.2161,382597.27,67517.17,85.0,15.0,Cubierta (85.0% Contratos / 15.0% Bolsa),1350.3433125000001,501269.17812733125,771183.3509500017,709488.6828740017,-61694.66807600006,61694.66807600006,7.999999999999989
2026-11-16,16,2026-11-01,True,TOLIMA,9150873.8,450114.4375,196128294.95000002,127483391.72,371.2161,382597.27,67517.17,85.0,15.0,Cubierta (85.0% Contratos / 15.0% Bolsa),1350.3433125000001,501269.17812733125,771183.3509500017,709488.6828740017,-61694.66807600006,61694.66807600006,7.999999999999989
2026-11-17,17,2026-11-01,True,ANTIOQUIA,31594055.64,455115.0525,198307212.18,128899687.92,371.642,386847.79,68267.26,85.0,15.0,Cubierta (85.0% Contratos / 15.0% Bolsa),1365.3451575,507419.60502361495,780645.5461720082,718193.9024782475,-62451.64369376062,62451.64369376062,7.9999999999999964
2026-11-17,17,2026-11-01,True,BOGOTA,44380107.01,455115.0525,198307212.18,128899687.92,371.642,386847.79,68267.26,85.0,15.0,Cubierta (85.0% Contratos / 15.0% Bolsa),1365.3451575,507419.60502361495,780645.5461720082,718193.9024782475,-62451.64369376062,62451.64369376062,7.9999999999999964
2026-11-17,17,2026-11-01,True,CARIBE_MAR,34781984.65,455115.0525,198307212.18,128899687.92,371.642,386847.79,68267.26,85.0,15.0,Cubierta (85.0% Contratos / 15.0% Bolsa),1365.3451575,507419.60502361495,780645.5461720082,718193.9024782475,-62451.64369376062,62451.64369376062,7.9999999999999964
2026-11-17,17,2026-11-01,True,CARIBE_SOL,27280123.64,455115.0525,198307212.18,128899687.92,371.642,386847.79,68267.26,85.0,15.0,Cubierta (85.0% Contratos / 15.0% Bolsa),1365.3451575,507419.60502361495,780645.5461720082,718193.9024782475,-62451.64369376062,62451.64369376062,7.9999999999999964
2026-11-17,17,2026-11-01,True,VALLE,22488229.52,455115.0525,198307212.18,128899687.92,371.642,386847.79,68267.26,85.0,15.0,Cubierta (85.0% Contratos / 15.0% Bolsa),1365.3451575,507419.60502361495,780645.5461720082,718193.9024782475,-62451.64369376062,62451.64369376062,7.9999999999999964
2026-11-17,17,2026-11-01,True,SANTANDER,17214732.51,455115.0525,198307212.18,128899687.92,371.642,386847.79,68267.26,85.0,15.0,Cubierta (85.0% Contratos / 15.0% Bolsa),1365.3451575,507419.60502361495,780645.5461720082,718193.9024782475,-62451.64369376062,62451.64369376062,7.9999999999999964
2026-11-17,17,2026-11-01,True,CUNDINAMARCA,11139953.1,455115.0525,198307212.18,128899687.92,371.642,386847.79,68267.26,85.0,15.0,Cubierta (85.0% Contratos / 15.0% Bolsa),1365.3451575,507419.60502361495,780645.5461720082,718193.9024782475,-62451.64369376062,62451.64369376062,7.9999999999999964
2026-11-17,17,2026-11-01,True,TOLIMA,9428026.11,455115.0525,198307212.18,128899687.92,371.642,386847.79,68267.26,85.0,15.0,Cubierta (85.0% Contratos / 15.0% Bolsa),1365.3451575,507419.60502361495,780645.5461720082,718193.9024782475,-62451.64369376062,62451.64369376062,7.9999999999999964
2026-11-18,18,2026-11-01,True,ANTIOQUIA,31071908.96,450739.20875,196400526.68,127660342.34,372.1363,383128.33,67610.88,85.0,15.0,Cubierta (85.0% Contratos / 15.0% Bolsa),1352.21762625,503209.26422745787,774168.0988236023,712234.6509177141,-61933.4479058882,61933.4479058882,8.000000000000002
2026-11-18,18,2026-11-01,True,BOGOTA,43013753.21,450739.20875,196400526.68,127660342.34,372.1363,383128.33,67610.88,85.0,15.0,Cubierta (85.0% Contratos / 15.0% Bolsa),1352.21762625,503209.26422745787,774168.0988236023,712234.6509177141,-61933.4479058882,61933.4479058882,8.000000000000002
2026-11-18,18,2026-11-01,True,CARIBE_MAR,34799098.24,450739.20875,196400526.68,127660342.34,372.1363,383128.33,67610.88,85.0,15.0,Cubierta (85.0% Contratos / 15.0% Bolsa),1352.21762625,503209.26422745787,774168.0988236023,712234.6509177141,-61933.4479058882,61933.4479058882,8.000000000000002
2026-11-18,18,2026-11-01,True,CARIBE_SOL,27223739.64,450739.20875,196400526.68,127660342.34,372.1363,383128.33,67610.88,85.0,15.0,Cubierta (85.0% Contratos / 15.0% Bolsa),1352.21762625,503209.26422745787,774168.0988236023,712234.6509177141,-61933.4479058882,61933.4479058882,8.000000000000002
2026-11-18,18,2026-11-01,True,VALLE,22067028.18,450739.20875,196400526.68,127660342.34,372.1363,383128.33,67610.88,85.0,15.0,Cubierta (85.0% Contratos / 15.0% Bolsa),1352.21762625,503209.26422745787,774168.0988236023,712234.6509177141,-61933.4479058882,61933.4479058882,8.000000000000002
2026-11-18,18,2026-11-01,True,SANTANDER,17622848.45,450739.20875,196400526.68,127660342.34,372.1363,383128.33,67610.88,85.0,15.0,Cubierta (85.0% Contratos / 15.0% Bolsa),1352.21762625,503209.26422745787,774168.0988236023,712234.6509177141,-61933.4479058882,61933.4479058882,8.000000000000002
2026-11-18,18,2026-11-01,True,CUNDINAMARCA,11246083.87,450739.20875,196400526.68,127660342.34,372.1363,383128.33,67610.88,85.0,15.0,Cubierta (85.0% Contratos / 15.0% Bolsa),1352.21762625,503209.26422745787,774168.0988236023,712234.6509177141,-61933.4479058882,61933.4479058882,8.000000000000002
2026-11-18,18,2026-11-01,True,TOLIMA,9356066.13,450739.20875,196400526.68,127660342.34,372.1363,383128.33,67610.88,85.0,15.0,Cubierta (85.0% Contratos / 15.0% Bolsa),1352.21762625,503209.26422745787,774168.0988236023,712234.6509177141,-61933.4479058882,61933.4479058882,8.000000000000002
2026-11-19,19,2026-11-01,True,ANTIOQUIA,30645302.87,449801.95375,195992136.68,127394888.84,372.6919,382331.66,67470.29,85.0,15.0,Cubierta (85.0% Contratos / 15.0% Bolsa),1349.40586125,502912.6343003989,773711.7450896833,711814.8054825087,-61896.9396071746,61896.9396071746,7.999999999999992
2026-11-19,19,2026-11-01,True,BOGOTA,43173573.07,449801.95375,195992136.68,127394888.84,372.6919,382331.66,67470.29,85.0,15.0,Cubierta (85.0% Contratos / 15.0% Bolsa),1349.40586125,502912.6343003989,773711.7450896833,711814.8054825087,-61896.9396071746,61896.9396071746,7.999999999999992
2026-11-19,19,2026-11-01,True,CARIBE_MAR,34623361.64,449801.95375,195992136.68,127394888.84,372.6919,382331.66,67470.29,85.0,15.0,Cubierta (85.0% Contratos / 15.0% Bolsa),1349.40586125,502912.6343003989,773711.7450896833,711814.8054825087,-61896.9396071746,61896.9396071746,7.999999999999992
2026-11-19,19,2026-11-01,True,CARIBE_SOL,27127691.05,449801.95375,195992136.68,127394888.84,372.6919,382331.66,67470.29,85.0,15.0,Cubierta (85.0% Contratos / 15.0% Bolsa),1349.40586125,502912.6343003989,773711.7450896833,711814.8054825087,-61896.9396071746,61896.9396071746,7.999999999999992
2026-11-19,19,2026-11-01,True,VALLE,22460528.35,449801.95375,195992136.68,127394888.84,372.6919,382331.66,67470.29,85.0,15.0,Cubierta (85.0% Contratos / 15.0% Bolsa),1349.40586125,502912.6343003989,773711.7450896833,711814.8054825087,-61896.9396071746,61896.9396071746,7.999999999999992
2026-11-19,19,2026-11-01,True,SANTANDER,17432069.99,449801.95375,195992136.68,127394888.84,372.6919,382331.66,67470.29,85.0,15.0,Cubierta (85.0% Contratos / 15.0% Bolsa),1349.40586125,502912.6343003989,773711.7450896833,711814.8054825087,-61896.9396071746,61896.9396071746,7.999999999999992
2026-11-19,19,2026-11-01,True,CUNDINAMARCA,11228448.55,449801.95375,195992136.68,127394888.84,372.6919,382331.66,67470.29,85.0,15.0,Cubierta (85.0% Contratos / 15.0% Bolsa),1349.40586125,502912.6343003989,773711.7450896833,711814.8054825087,-61896.9396071746,61896.9396071746,7.999999999999992
2026-11-19,19,2026-11-01,True,TOLIMA,9301161.16,449801.95375,195992136.68,127394888.84,372.6919,382331.66,67470.29,85.0,15.0,Cubierta (85.0% Contratos / 15.0% Bolsa),1349.40586125,502912.6343003989,773711.7450896833,711814.8054825087,-61896.9396071746,61896.9396071746,7.999999999999992
2026-11-20,20,2026-11-01,True,ANTIOQUIA,30956813.13,450146.17375,196142123.70000002,127492380.41,373.3006,382624.25,67521.93,85.0,15.0,Cubierta (85.0% Contratos / 15.0% Bolsa),1350.4385212500001,504119.51024573774,775568.4772707189,713522.9990890614,-62045.4781816575,62045.4781816575,7.999999999999999
2026-11-20,20,2026-11-01,True,BOGOTA,43583569.78,450146.17375,196142123.70000002,127492380.41,373.3006,382624.25,67521.93,85.0,15.0,Cubierta (85.0% Contratos / 15.0% Bolsa),1350.4385212500001,504119.51024573774,775568.4772707189,713522.9990890614,-62045.4781816575,62045.4781816575,7.999999999999999
2026-11-20,20,2026-11-01,True,CARIBE_MAR,34329441.11,450146.17375,196142123.70000002,127492380.41,373.3006,382624.25,67521.93,85.0,15.0,Cubierta (85.0% Contratos / 15.0% Bolsa),1350.4385212500001,504119.51024573774,775568.4772707189,713522.9990890614,-62045.4781816575,62045.4781816575,7.999999999999999
2026-11-20,20,2026-11-01,True,CARIBE_SOL,27228316.47,450146.17375,196142123.70000002,127492380.41,373.3006,382624.25,67521.93,85.0,15.0,Cubierta (85.0% Contratos / 15.0% Bolsa),1350.4385212500001,504119.51024573774,775568.4772707189,713522.9990890614,-62045.4781816575,62045.4781816575,7.999999999999999
2026-11-20,20,2026-11-01,True,VALLE,22210840.18,450146.17375,196142123.70000002,127492380.41,373.3006,382624.25,67521.93,85.0,15.0,Cubierta (85.0% Contratos / 15.0% Bolsa),1350.4385212500001,504119.51024573774,775568.4772707189,713522.9990890614,-62045.4781816575,62045.4781816575,7.999999999999999
2026-11-20,20,2026-11-01,True,SANTANDER,17554924.46,450146.17375,196142123.70000002,127492380.41,373.3006,382624.25,67521.93,85.0,15.0,Cubierta (85.0% Contratos / 15.0% Bolsa),1350.4385212500001,504119.51024573774,775568.4772707189,713522.9990890614,-62045.4781816575,62045.4781816575,7.999999999999999
2026-11-20,20,2026-11-01,True,CUNDINAMARCA,11079055.92,450146.17375,196142123.70000002,127492380.41,373.3006,382624.25,67521.93,85.0,15.0,Cubierta (85.0% Contratos / 15.0% Bolsa),1350.4385212500001,504119.51024573774,775568.4772707189,713522.9990890614,-62045.4781816575,62045.4781816575,7.999999999999999
2026-11-20,20,2026-11-01,True,TOLIMA,9199162.65,450146.17375,196142123.70000002,127492380.41,373.3006,382624.25,67521.93,85.0,15.0,Cubierta (85.0% Contratos / 15.0% Bolsa),1350.4385212500001,504119.51024573774,775568.4772707189,713522.9990890614,-62045.4781816575,62045.4781816575,7.999999999999999
2026-11-21,21,2026-11-01,True,ANTIOQUIA,25888790.15,320324.26125,165542253.87,107602465.02,373.953,272275.62,48048.64,85.0,15.0,Cubierta (85.0% Contratos / 15.0% Bolsa),960.97278375,359358.65540166374,552859.4698255926,508630.7122395452,-44228.7575860474,44228.7575860474,7.999999999999999
2026-11-21,21,2026-11-01,True,BOGOTA,36743471.52,320324.26125,165542253.87,107602465.02,373.953,272275.62,48048.64,85.0,15.0,Cubierta (85.0% Contratos / 15.0% Bolsa),960.97278375,359358.65540166374,552859.4698255926,508630.7122395452,-44228.7575860474,44228.7575860474,7.999999999999999
2026-11-21,21,2026-11-01,True,CARIBE_MAR,29264031.13,320324.26125,165542253.87,107602465.02,373.953,272275.62,48048.64,85.0,15.0,Cubierta (85.0% Contratos / 15.0% Bolsa),960.97278375,359358.65540166374,552859.4698255926,508630.7122395452,-44228.7575860474,44228.7575860474,7.999999999999999
2026-11-21,21,2026-11-01,True,CARIBE_SOL,22994862.11,320324.26125,165542253.87,107602465.02,373.953,272275.62,48048.64,85.0,15.0,Cubierta (85.0% Contratos / 15.0% Bolsa),960.97278375,359358.65540166374,552859.4698255926,508630.7122395452,-44228.7575860474,44228.7575860474,7.999999999999999
2026-11-21,21,2026-11-01,True,VALLE,18604615.4,320324.26125,165542253.87,107602465.02,373.953,272275.62,48048.64,85.0,15.0,Cubierta (85.0% Contratos / 15.0% Bolsa),960.97278375,359358.65540166374,552859.4698255926,508630.7122395452,-44228.7575860474,44228.7575860474,7.999999999999999
2026-11-21,21,2026-11-01,True,SANTANDER,14772567.34,320324.26125,165542253.87,107602465.02,373.953,272275.62,48048.64,85.0,15.0,Cubierta (85.0% Contratos / 15.0% Bolsa),960.97278375,359358.65540166374,552859.4698255926,508630.7122395452,-44228.7575860474,44228.7575860474,7.999999999999999
2026-11-21,21,2026-11-01,True,CUNDINAMARCA,9515683.06,320324.26125,165542253.87,107602465.02,373.953,272275.62,48048.64,85.0,15.0,Cubierta (85.0% Contratos / 15.0% Bolsa),960.97278375,359358.65540166374,552859.4698255926,508630.7122395452,-44228.7575860474,44228.7575860474,7.999999999999999
2026-11-21,21,2026-11-01,True,TOLIMA,7758233.16,320324.26125,165542253.87,107602465.02,373.953,272275.62,48048.64,85.0,15.0,Cubierta (85.0% Contratos / 15.0% Bolsa),960.97278375,359358.65540166374,552859.4698255926,508630.7122395452,-44228.7575860474,44228.7575860474,7.999999999999999
2026-11-22,22,2026-11-01,True,ANTIOQUIA,26509658.7,321604.3775,166203812.81,108032478.33,374.639,273363.72,48240.66,85.0,15.0,Cubierta (85.0% Contratos / 15.0% Bolsa),964.8131325,361456.6271466675,556087.118669165,511600.14917563176,-44486.96949353319,44486.96949353319,8.0
2026-11-22,22,2026-11-01,True,BOGOTA,36843377.46,321604.3775,166203812.81,108032478.33,374.639,273363.72,48240.66,85.0,15.0,Cubierta (85.0% Contratos / 15.0% Bolsa),964.8131325,361456.6271466675,556087.118669165,511600.14917563176,-44486.96949353319,44486.96949353319,8.0
2026-11-22,22,2026-11-01,True,CARIBE_MAR,29208309.76,321604.3775,166203812.81,108032478.33,374.639,273363.72,48240.66,85.0,15.0,Cubierta (85.0% Contratos / 15.0% Bolsa),964.8131325,361456.6271466675,556087.118669165,511600.14917563176,-44486.96949353319,44486.96949353319,8.0
2026-11-22,22,2026-11-01,True,CARIBE_SOL,23074140.94,321604.3775,166203812.81,108032478.33,374.639,273363.72,48240.66,85.0,15.0,Cubierta (85.0% Contratos / 15.0% Bolsa),964.8131325,361456.6271466675,556087.118669165,511600.14917563176,-44486.96949353319,44486.96949353319,8.0
2026-11-22,22,2026-11-01,True,VALLE,18574019.98,321604.3775,166203812.81,108032478.33,374.639,273363.72,48240.66,85.0,15.0,Cubierta (85.0% Contratos / 15.0% Bolsa),964.8131325,361456.6271466675,556087.118669165,511600.14917563176,-44486.96949353319,44486.96949353319,8.0
2026-11-22,22,2026-11-01,True,SANTANDER,14858850.81,321604.3775,166203812.81,108032478.33,374.639,273363.72,48240.66,85.0,15.0,Cubierta (85.0% Contratos / 15.0% Bolsa),964.8131325,361456.6271466675,556087.118669165,511600.14917563176,-44486.96949353319,44486.96949353319,8.0
2026-11-22,22,2026-11-01,True,CUNDINAMARCA,9344854.01,321604.3775,166203812.81,108032478.33,374.639,273363.72,48240.66,85.0,15.0,Cubierta (85.0% Contratos / 15.0% Bolsa),964.8131325,361456.6271466675,556087.118669165,511600.14917563176,-44486.96949353319,44486.96949353319,8.0
2026-11-22,22,2026-11-01,True,TOLIMA,7790601.15,321604.3775,166203812.81,108032478.33,374.639,273363.72,48240.66,85.0,15.0,Cubierta (85.0% Contratos / 15.0% Bolsa),964.8131325,361456.6271466675,556087.118669165,511600.14917563176,-44486.96949353319,44486.96949353319,8.0
2026-11-23,23,2026-11-01,True,ANTIOQUIA,30730714.68,450442.19125,196271107.11999997,127576219.63,375.3474,382875.86,67566.33,85.0,15.0,Cubierta (85.0% Contratos / 15.0% Bolsa),1351.3265737499999,507216.9160079707,780333.7169231062,717907.0195692577,-62426.69735384849,62426.69735384849,7.999999999999999
2026-11-23,23,2026-11-01,True,BOGOTA,43670135.17,450442.19125,196271107.11999997,127576219.63,375.3474,382875.86,67566.33,85.0,15.0,Cubierta (85.0% Contratos / 15.0% Bolsa),1351.3265737499999,507216.9160079707,780333.7169231062,717907.0195692577,-62426.69735384849,62426.69735384849,7.999999999999999
2026-11-23,23,2026-11-01,True,CARIBE_MAR,34411978.13,450442.19125,196271107.11999997,127576219.63,375.3474,382875.86,67566.33,85.0,15.0,Cubierta (85.0% Contratos / 15.0% Bolsa),1351.3265737499999,507216.9160079707,780333.7169231062,717907.0195692577,-62426.69735384849,62426.69735384849,7.999999999999999
2026-11-23,23,2026-11-01,True,CARIBE_SOL,27418509.96,450442.19125,196271107.11999997,127576219.63,375.3474,382875.86,67566.33,85.0,15.0,Cubierta (85.0% Contratos / 15.0% Bolsa),1351.3265737499999,507216.9160079707,780333.7169231062,717907.0195692577,-62426.69735384849,62426.69735384849,7.999999999999999
2026-11-23,23,2026-11-01,True,VALLE,22181606.56,450442.19125,196271107.11999997,127576219.63,375.3474,382875.86,67566.33,85.0,15.0,Cubierta (85.0% Contratos / 15.0% Bolsa),1351.3265737499999,507216.9160079707,780333.7169231062,717907.0195692577,-62426.69735384849,62426.69735384849,7.999999999999999
2026-11-23,23,2026-11-01,True,SANTANDER,17374243.64,450442.19125,196271107.11999997,127576219.63,375.3474,382875.86,67566.33,85.0,15.0,Cubierta (85.0% Contratos / 15.0% Bolsa),1351.3265737499999,507216.9160079707,780333.7169231062,717907.0195692577,-62426.69735384849,62426.69735384849,7.999999999999999
2026-11-23,23,2026-11-01,True,CUNDINAMARCA,11113376.79,450442.19125,196271107.11999997,127576219.63,375.3474,382875.86,67566.33,85.0,15.0,Cubierta (85.0% Contratos / 15.0% Bolsa),1351.3265737499999,507216.9160079707,780333.7169231062,717907.0195692577,-62426.69735384849,62426.69735384849,7.999999999999999
2026-11-23,23,2026-11-01,True,TOLIMA,9370542.19,450442.19125,196271107.11999997,127576219.63,375.3474,382875.86,67566.33,85.0,15.0,Cubierta (85.0% Contratos / 15.0% Bolsa),1351.3265737499999,507216.9160079707,780333.7169231062,717907.0195692577,-62426.69735384849,62426.69735384849,7.999999999999999
2026-11-24,24,2026-11-01,True,ANTIOQUIA,30831560.1,451152.52,196580618.64,127777402.12,376.0671,383479.64,67672.88,85.0,15.0,Cubierta (85.0% Contratos / 15.0% Bolsa),1353.45756,508990.859562276,783062.8608405266,720417.8319732846,-62645.02886724204,62645.02886724204,7.999999999999989
2026-11-24,24,2026-11-01,True,BOGOTA,43699027.9,451152.52,196580618.64,127777402.12,376.0671,383479.64,67672.88,85.0,15.0,Cubierta (85.0% Contratos / 15.0% Bolsa),1353.45756,508990.859562276,783062.8608405266,720417.8319732846,-62645.02886724204,62645.02886724204,7.999999999999989
2026-11-24,24,2026-11-01,True,CARIBE_MAR,34806545.98,451152.52,196580618.64,127777402.12,376.0671,383479.64,67672.88,85.0,15.0,Cubierta (85.0% Contratos / 15.0% Bolsa),1353.45756,508990.859562276,783062.8608405266,720417.8319732846,-62645.02886724204,62645.02886724204,7.999999999999989
2026-11-24,24,2026-11-01,True,CARIBE_SOL,27397481.0,451152.52,196580618.64,127777402.12,376.0671,383479.64,67672.88,85.0,15.0,Cubierta (85.0% Contratos / 15.0% Bolsa),1353.45756,508990.859562276,783062.8608405266,720417.8319732846,-62645.02886724204,62645.02886724204,7.999999999999989
2026-11-24,24,2026-11-01,True,VALLE,22261158.29,451152.52,196580618.64,127777402.12,376.0671,383479.64,67672.88,85.0,15.0,Cubierta (85.0% Contratos / 15.0% Bolsa),1353.45756,508990.859562276,783062.8608405266,720417.8319732846,-62645.02886724204,62645.02886724204,7.999999999999989
2026-11-24,24,2026-11-01,True,SANTANDER,17370280.87,451152.52,196580618.64,127777402.12,376.0671,383479.64,67672.88,85.0,15.0,Cubierta (85.0% Contratos / 15.0% Bolsa),1353.45756,508990.859562276,783062.8608405266,720417.8319732846,-62645.02886724204,62645.02886724204,7.999999999999989
2026-11-24,24,2026-11-01,True,CUNDINAMARCA,10984714.56,451152.52,196580618.64,127777402.12,376.0671,383479.64,67672.88,85.0,15.0,Cubierta (85.0% Contratos / 15.0% Bolsa),1353.45756,508990.859562276,783062.8608405266,720417.8319732846,-62645.02886724204,62645.02886724204,7.999999999999989
2026-11-24,24,2026-11-01,True,TOLIMA,9229849.94,451152.52,196580618.64,127777402.12,376.0671,383479.64,67672.88,85.0,15.0,Cubierta (85.0% Contratos / 15.0% Bolsa),1353.45756,508990.859562276,783062.8608405266,720417.8319732846,-62645.02886724204,62645.02886724204,7.999999999999989
2026-11-25,25,2026-11-01,True,ANTIOQUIA,30666978.37,450293.1125,196206149.24,127533997.01,376.7864,382749.15,67543.97,85.0,15.0,Cubierta (85.0% Contratos / 15.0% Bolsa),1350.8793375,508992.96241101006,783066.0959923783,720420.808312988,-62645.28767939028,62645.28767939028,8.000000000000004
2026-11-25,25,2026-11-01,True,BOGOTA,42920029.68,450293.1125,196206149.24,127533997.01,376.7864,382749.15,67543.97,85.0,15.0,Cubierta (85.0% Contratos / 15.0% Bolsa),1350.8793375,508992.96241101006,783066.0959923783,720420.808312988,-62645.28767939028,62645.28767939028,8.000000000000004
2026-11-25,25,2026-11-01,True,CARIBE_MAR,34726419.64,450293.1125,196206149.24,127533997.01,376.7864,382749.15,67543.97,85.0,15.0,Cubierta (85.0% Contratos / 15.0% Bolsa),1350.8793375,508992.96241101006,783066.0959923783,720420.808312988,-62645.28767939028,62645.28767939028,8.000000000000004
2026-11-25,25,2026-11-01,True,CARIBE_SOL,27656106.75,450293.1125,196206149.24,127533997.01,376.7864,382749.15,67543.97,85.0,15.0,Cubierta (85.0% Contratos / 15.0% Bolsa),1350.8793375,508992.96241101006,783066.0959923783,720420.808312988,-62645.28767939028,62645.28767939028,8.000000000000004
2026-11-25,25,2026-11-01,True,VALLE,22364225.6,450293.1125,196206149.24,127533997.01,376.7864,382749.15,67543.97,85.0,15.0,Cubierta (85.0% Contratos / 15.0% Bolsa),1350.8793375,508992.96241101006,783066.0959923783,720420.808312988,-62645.28767939028,62645.28767939028,8.000000000000004
2026-11-25,25,2026-11-01,True,SANTANDER,17443625.58,450293.1125,196206149.24,127533997.01,376.7864,382749.15,67543.97,85.0,15.0,Cubierta (85.0% Contratos / 15.0% Bolsa),1350.8793375,508992.96241101006,783066.0959923783,720420.808312988,-62645.28767939028,62645.28767939028,8.000000000000004
2026-11-25,25,2026-11-01,True,CUNDINAMARCA,11230096.44,450293.1125,196206149.24,127533997.01,376.7864,382749.15,67543.97,85.0,15.0,Cubierta (85.0% Contratos / 15.0% Bolsa),1350.8793375,508992.96241101006,783066.0959923783,720420.808312988,-62645.28767939028,62645.28767939028,8.000000000000004
2026-11-25,25,2026-11-01,True,TOLIMA,9198667.18,450293.1125,196206149.24,127533997.01,376.7864,382749.15,67543.97,85.0,15.0,Cubierta (85.0% Contratos / 15.0% Bolsa),1350.8793375,508992.96241101006,783066.0959923783,720420.808312988,-62645.28767939028,62645.28767939028,8.000000000000004
2026-11-26,26,2026-11-01,True,ANTIOQUIA,30598917.04,449889.69,196030366.01,127419737.91,377.4937,382406.24,67483.45,85.0,15.0,Cubierta (85.0% Contratos / 15.0% Bolsa),1349.6690700000001,509491.57100985904,783833.1861474833,721126.5312556847,-62706.65489179862,62706.65489179862,7.999999999999995
2026-11-26,26,2026-11-01,True,BOGOTA,43251093.37,449889.69,196030366.01,127419737.91,377.4937,382406.24,67483.45,85.0,15.0,Cubierta (85.0% Contratos / 15.0% Bolsa),1349.6690700000001,509491.57100985904,783833.1861474833,721126.5312556847,-62706.65489179862,62706.65489179862,7.999999999999995
2026-11-26,26,2026-11-01,True,CARIBE_MAR,34742881.47,449889.69,196030366.01,127419737.91,377.4937,382406.24,67483.45,85.0,15.0,Cubierta (85.0% Contratos / 15.0% Bolsa),1349.6690700000001,509491.57100985904,783833.1861474833,721126.5312556847,-62706.65489179862,62706.65489179862,7.999999999999995
2026-11-26,26,2026-11-01,True,CARIBE_SOL,26957930.45,449889.69,196030366.01,127419737.91,377.4937,382406.24,67483.45,85.0,15.0,Cubierta (85.0% Contratos / 15.0% Bolsa),1349.6690700000001,509491.57100985904,783833.1861474833,721126.5312556847,-62706.65489179862,62706.65489179862,7.999999999999995
2026-11-26,26,2026-11-01,True,VALLE,22457446.11,449889.69,196030366.01,127419737.91,377.4937,382406.24,67483.45,85.0,15.0,Cubierta (85.0% Contratos / 15.0% Bolsa),1349.6690700000001,509491.57100985904,783833.1861474833,721126.5312556847,-62706.65489179862,62706.65489179862,7.999999999999995
2026-11-26,26,2026-11-01,True,SANTANDER,17364570.15,449889.69,196030366.01,127419737.91,377.4937,382406.24,67483.45,85.0,15.0,Cubierta (85.0% Contratos / 15.0% Bolsa),1349.6690700000001,509491.57100985904,783833.1861474833,721126.5312556847,-62706.65489179862,62706.65489179862,7.999999999999995
2026-11-26,26,2026-11-01,True,CUNDINAMARCA,11258007.1,449889.69,196030366.01,127419737.91,377.4937,382406.24,67483.45,85.0,15.0,Cubierta (85.0% Contratos / 15.0% Bolsa),1349.6690700000001,509491.57100985904,783833.1861474833,721126.5312556847,-62706.65489179862,62706.65489179862,7.999999999999995
2026-11-26,26,2026-11-01,True,TOLIMA,9399520.32,449889.69,196030366.01,127419737.91,377.4937,382406.24,67483.45,85.0,15.0,Cubierta (85.0% Contratos / 15.0% Bolsa),1349.6690700000001,509491.57100985904,783833.1861474833,721126.5312556847,-62706.65489179862,62706.65489179862,7.999999999999995
2026-11-27,27,2026-11-01,True,ANTIOQUIA,31543636.48,454178.74375,197899234.87000003,128634502.67,378.1776,386051.93,68126.81,85.0,15.0,Cubierta (85.0% Contratos / 15.0% Bolsa),1362.5362312500001,515280.68184717005,792739.5105063756,729320.3496658655,-63419.16084051004,63419.16084051004,7.999999999999999
2026-11-27,27,2026-11-01,True,BOGOTA,43635798.27,454178.74375,197899234.87000003,128634502.67,378.1776,386051.93,68126.81,85.0,15.0,Cubierta (85.0% Contratos / 15.0% Bolsa),1362.5362312500001,515280.68184717005,792739.5105063756,729320.3496658655,-63419.16084051004,63419.16084051004,7.999999999999999
2026-11-27,27,2026-11-01,True,CARIBE_MAR,35012222.31,454178.74375,197899234.87000003,128634502.67,378.1776,386051.93,68126.81,85.0,15.0,Cubierta (85.0% Contratos / 15.0% Bolsa),1362.5362312500001,515280.68184717005,792739.5105063756,729320.3496658655,-63419.16084051004,63419.16084051004,7.999999999999999
2026-11-27,27,2026-11-01,True,CARIBE_SOL,27476609.49,454178.74375,197899234.87000003,128634502.67,378.1776,386051.93,68126.81,85.0,15.0,Cubierta (85.0% Contratos / 15.0% Bolsa),1362.5362312500001,515280.68184717005,792739.5105063756,729320.3496658655,-63419.16084051004,63419.16084051004,7.999999999999999
2026-11-27,27,2026-11-01,True,VALLE,22286698.3,454178.74375,197899234.87000003,128634502.67,378.1776,386051.93,68126.81,85.0,15.0,Cubierta (85.0% Contratos / 15.0% Bolsa),1362.5362312500001,515280.68184717005,792739.5105063756,729320.3496658655,-63419.16084051004,63419.16084051004,7.999999999999999
2026-11-27,27,2026-11-01,True,SANTANDER,17358248.98,454178.74375,197899234.87000003,128634502.67,378.1776,386051.93,68126.81,85.0,15.0,Cubierta (85.0% Contratos / 15.0% Bolsa),1362.5362312500001,515280.68184717005,792739.5105063756,729320.3496658655,-63419.16084051004,63419.16084051004,7.999999999999999
2026-11-27,27,2026-11-01,True,CUNDINAMARCA,11174655.52,454178.74375,197899234.87000003,128634502.67,378.1776,386051.93,68126.81,85.0,15.0,Cubierta (85.0% Contratos / 15.0% Bolsa),1362.5362312500001,515280.68184717005,792739.5105063756,729320.3496658655,-63419.16084051004,63419.16084051004,7.999999999999999
2026-11-27,27,2026-11-01,True,TOLIMA,9411365.52,454178.74375,197899234.87000003,128634502.67,378.1776,386051.93,68126.81,85.0,15.0,Cubierta (85.0% Contratos / 15.0% Bolsa),1362.5362312500001,515280.68184717005,792739.5105063756,729320.3496658655,-63419.16084051004,63419.16084051004,7.999999999999999
2026-11-28,28,2026-11-01,True,ANTIOQUIA,25974480.27,321672.2725,166238900.35000002,108055285.23,378.8272,273421.43,48250.84,85.0,15.0,Cubierta (85.0% Contratos / 15.0% Bolsa),965.0168175000001,365574.61892643606,562422.4906430432,517428.6913915998,-44993.799251443415,44993.799251443415,7.999999999999993
2026-11-28,28,2026-11-01,True,BOGOTA,37050730.07,321672.2725,166238900.35000002,108055285.23,378.8272,273421.43,48250.84,85.0,15.0,Cubierta (85.0% Contratos / 15.0% Bolsa),965.0168175000001,365574.61892643606,562422.4906430432,517428.6913915998,-44993.799251443415,44993.799251443415,7.999999999999993
2026-11-28,28,2026-11-01,True,CARIBE_MAR,29392656.34,321672.2725,166238900.35000002,108055285.23,378.8272,273421.43,48250.84,85.0,15.0,Cubierta (85.0% Contratos / 15.0% Bolsa),965.0168175000001,365574.61892643606,562422.4906430432,517428.6913915998,-44993.799251443415,44993.799251443415,7.999999999999993
2026-11-28,28,2026-11-01,True,CARIBE_SOL,22946418.4,321672.2725,166238900.35000002,108055285.23,378.8272,273421.43,48250.84,85.0,15.0,Cubierta (85.0% Contratos / 15.0% Bolsa),965.0168175000001,365574.61892643606,562422.4906430432,517428.6913915998,-44993.799251443415,44993.799251443415,7.999999999999993
2026-11-28,28,2026-11-01,True,VALLE,18921738.09,321672.2725,166238900.35000002,108055285.23,378.8272,273421.43,48250.84,85.0,15.0,Cubierta (85.0% Contratos / 15.0% Bolsa),965.0168175000001,365574.61892643606,562422.4906430432,517428.6913915998,-44993.799251443415,44993.799251443415,7.999999999999993
2026-11-28,28,2026-11-01,True,SANTANDER,14772973.43,321672.2725,166238900.35000002,108055285.23,378.8272,273421.43,48250.84,85.0,15.0,Cubierta (85.0% Contratos / 15.0% Bolsa),965.0168175000001,365574.61892643606,562422.4906430432,517428.6913915998,-44993.799251443415,44993.799251443415,7.999999999999993
2026-11-28,28,2026-11-01,True,CUNDINAMARCA,9378725.75,321672.2725,166238900.35000002,108055285.23,378.8272,273421.43,48250.84,85.0,15.0,Cubierta (85.0% Contratos / 15.0% Bolsa),965.0168175000001,365574.61892643606,562422.4906430432,517428.6913915998,-44993.799251443415,44993.799251443415,7.999999999999993
2026-11-28,28,2026-11-01,True,TOLIMA,7801178.0,321672.2725,166238900.35000002,108055285.23,378.8272,273421.43,48250.84,85.0,15.0,Cubierta (85.0% Contratos / 15.0% Bolsa),965.0168175000001,365574.61892643606,562422.4906430432,517428.6913915998,-44993.799251443415,44993.799251443415,7.999999999999993
2026-11-29,29,2026-11-01,True,ANTIOQUIA,26091865.79,321507.9025,166153954.85,108000070.65,379.4325,273281.72,48226.19,85.0,15.0,Cubierta (85.0% Contratos / 15.0% Bolsa),964.5237075000001,365971.6416459938,563033.2948530236,517990.63126478175,-45042.66358824185,45042.66358824185,7.999999999999993
2026-11-29,29,2026-11-01,True,BOGOTA,36815548.54,321507.9025,166153954.85,108000070.65,379.4325,273281.72,48226.19,85.0,15.0,Cubierta (85.0% Contratos / 15.0% Bolsa),964.5237075000001,365971.6416459938,563033.2948530236,517990.63126478175,-45042.66358824185,45042.66358824185,7.999999999999993
2026-11-29,29,2026-11-01,True,CARIBE_MAR,29682034.44,321507.9025,166153954.85,108000070.65,379.4325,273281.72,48226.19,85.0,15.0,Cubierta (85.0% Contratos / 15.0% Bolsa),964.5237075000001,365971.6416459938,563033.2948530236,517990.63126478175,-45042.66358824185,45042.66358824185,7.999999999999993
2026-11-29,29,2026-11-01,True,CARIBE_SOL,23022084.93,321507.9025,166153954.85,108000070.65,379.4325,273281.72,48226.19,85.0,15.0,Cubierta (85.0% Contratos / 15.0% Bolsa),964.5237075000001,365971.6416459938,563033.2948530236,517990.63126478175,-45042.66358824185,45042.66358824185,7.999999999999993
2026-11-29,29,2026-11-01,True,VALLE,18642270.44,321507.9025,166153954.85,108000070.65,379.4325,273281.72,48226.19,85.0,15.0,Cubierta (85.0% Contratos / 15.0% Bolsa),964.5237075000001,365971.6416459938,563033.2948530236,517990.63126478175,-45042.66358824185,45042.66358824185,7.999999999999993
2026-11-29,29,2026-11-01,True,SANTANDER,14669951.45,321507.9025,166153954.85,108000070.65,379.4325,273281.72,48226.19,85.0,15.0,Cubierta (85.0% Contratos / 15.0% Bolsa),964.5237075000001,365971.6416459938,563033.2948530236,517990.63126478175,-45042.66358824185,45042.66358824185,7.999999999999993
2026-11-29,29,2026-11-01,True,CUNDINAMARCA,9387228.33,321507.9025,166153954.85,108000070.65,379.4325,273281.72,48226.19,85.0,15.0,Cubierta (85.0% Contratos / 15.0% Bolsa),964.5237075000001,365971.6416459938,563033.2948530236,517990.63126478175,-45042.66358824185,45042.66358824185,7.999999999999993
2026-11-29,29,2026-11-01,True,TOLIMA,7842970.93,321507.9025,166153954.85,108000070.65,379.4325,273281.72,48226.19,85.0,15.0,Cubierta (85.0% Contratos / 15.0% Bolsa),964.5237075000001,365971.6416459938,563033.2948530236,517990.63126478175,-45042.66358824185,45042.66358824185,7.999999999999993
2026-11-30,30,2026-11-01,True,ANTIOQUIA,31122486.73,451939.24,196923416.36999997,128000220.64,379.984,384148.35,67790.89,85.0,15.0,Cubierta (85.0% Contratos / 15.0% Bolsa),1355.81772,515189.04051648,792598.5238746037,729190.6419646355,-63407.881909968215,63407.881909968215,7.99999999999999
2026-11-30,30,2026-11-01,True,BOGOTA,43234333.48,451939.24,196923416.36999997,128000220.64,379.984,384148.35,67790.89,85.0,15.0,Cubierta (85.0% Contratos / 15.0% Bolsa),1355.81772,515189.04051648,792598.5238746037,729190.6419646355,-63407.881909968215,63407.881909968215,7.99999999999999
2026-11-30,30,2026-11-01,True,CARIBE_MAR,34886011.58,451939.24,196923416.36999997,128000220.64,379.984,384148.35,67790.89,85.0,15.0,Cubierta (85.0% Contratos / 15.0% Bolsa),1355.81772,515189.04051648,792598.5238746037,729190.6419646355,-63407.881909968215,63407.881909968215,7.99999999999999
2026-11-30,30,2026-11-01,True,CARIBE_SOL,27397424.95,451939.24,196923416.36999997,128000220.64,379.984,384148.35,67790.89,85.0,15.0,Cubierta (85.0% Contratos / 15.0% Bolsa),1355.81772,515189.04051648,792598.5238746037,729190.6419646355,-63407.881909968215,63407.881909968215,7.99999999999999
2026-11-30,30,2026-11-01,True,VALLE,22301177.4,451939.24,196923416.36999997,128000220.64,379.984,384148.35,67790.89,85.0,15.0,Cubierta (85.0% Contratos / 15.0% Bolsa),1355.81772,515189.04051648,792598.5238746037,729190.6419646355,-63407.881909968215,63407.881909968215,7.99999999999999
2026-11-30,30,2026-11-01,True,SANTANDER,17442423.5,451939.24,196923416.36999997,128000220.64,379.984,384148.35,67790.89,85.0,15.0,Cubierta (85.0% Contratos / 15.0% Bolsa),1355.81772,515189.04051648,792598.5238746037,729190.6419646355,-63407.881909968215,63407.881909968215,7.99999999999999
2026-11-30,30,2026-11-01,True,CUNDINAMARCA,11239963.22,451939.24,196923416.36999997,128000220.64,379.984,384148.35,67790.89,85.0,15.0,Cubierta (85.0% Contratos / 15.0% Bolsa),1355.81772,515189.04051648,792598.5238746037,729190.6419646355,-63407.881909968215,63407.881909968215,7.99999999999999
2026-11-30,30,2026-11-01,True,TOLIMA,9299595.51,451939.24,196923416.36999997,128000220.64,379.984,384148.35,67790.89,85.0,15.0,Cubierta (85.0% Contratos / 15.0% Bolsa),1355.81772,515189.04051648,792598.5238746037,729190.6419646355,-63407.881909968215,63407.881909968215,7.99999999999999
2026-12-01,1,2026-12-01,True,ANTIOQUIA,30956231.74,453966.655,197806821.17,128574433.76,380.4737,385871.66,68095.0,85.0,15.0,Cubierta (85.0% Contratos / 15.0% Bolsa),1361.899965,518167.1187134205,797180.1826391317,733405.7680280012,-63774.41461113049,63774.41461113049,7.999999999999995
2026-12-01,1,2026-12-01,True,BOGOTA,43627060.0,453966.655,197806821.17,128574433.76,380.4737,385871.66,68095.0,85.0,15.0,Cubierta (85.0% Contratos / 15.0% Bolsa),1361.899965,518167.1187134205,797180.1826391317,733405.7680280012,-63774.41461113049,63774.41461113049,7.999999999999995
2026-12-01,1,2026-12-01,True,CARIBE_MAR,35347326.59,453966.655,197806821.17,128574433.76,380.4737,385871.66,68095.0,85.0,15.0,Cubierta (85.0% Contratos / 15.0% Bolsa),1361.899965,518167.1187134205,797180.1826391317,733405.7680280012,-63774.41461113049,63774.41461113049,7.999999999999995
2026-12-01,1,2026-12-01,True,CARIBE_SOL,27671279.5,453966.655,197806821.17,128574433.76,380.4737,385871.66,68095.0,85.0,15.0,Cubierta (85.0% Contratos / 15.0% Bolsa),1361.899965,518167.1187134205,797180.1826391317,733405.7680280012,-63774.41461113049,63774.41461113049,7.999999999999995
2026-12-01,1,2026-12-01,True,VALLE,22315385.51,453966.655,197806821.17,128574433.76,380.4737,385871.66,68095.0,85.0,15.0,Cubierta (85.0% Contratos / 15.0% Bolsa),1361.899965,518167.1187134205,797180.1826391317,733405.7680280012,-63774.41461113049,63774.41461113049,7.999999999999995
2026-12-01,1,2026-12-01,True,SANTANDER,17347191.0,453966.655,197806821.17,128574433.76,380.4737,385871.66,68095.0,85.0,15.0,Cubierta (85.0% Contratos / 15.0% Bolsa),1361.899965,518167.1187134205,797180.1826391317,733405.7680280012,-63774.41461113049,63774.41461113049,7.999999999999995
2026-12-01,1,2026-12-01,True,CUNDINAMARCA,11203384.21,453966.655,197806821.17,128574433.76,380.4737,385871.66,68095.0,85.0,15.0,Cubierta (85.0% Contratos / 15.0% Bolsa),1361.899965,518167.1187134205,797180.1826391317,733405.7680280012,-63774.41461113049,63774.41461113049,7.999999999999995
2026-12-01,1,2026-12-01,True,TOLIMA,9338962.62,453966.655,197806821.17,128574433.76,380.4737,385871.66,68095.0,85.0,15.0,Cubierta (85.0% Contratos / 15.0% Bolsa),1361.899965,518167.1187134205,797180.1826391317,733405.7680280012,-63774.41461113049,63774.41461113049,7.999999999999995
2026-12-02,2,2026-12-01,True,ANTIOQUIA,30810073.34,452422.48125,197133978.76000002,128137086.19,380.8945,384559.11,67863.37,85.0,15.0,Cubierta (85.0% Contratos / 15.0% Bolsa),1357.26744375,516975.7043534344,795347.2374916502,731719.4584923182,-63627.77899933199,63627.77899933199,7.999999999999997
2026-12-02,2,2026-12-01,True,BOGOTA,43546406.33,452422.48125,197133978.76000002,128137086.19,380.8945,384559.11,67863.37,85.0,15.0,Cubierta (85.0% Contratos / 15.0% Bolsa),1357.26744375,516975.7043534344,795347.2374916502,731719.4584923182,-63627.77899933199,63627.77899933199,7.999999999999997
2026-12-02,2,2026-12-01,True,CARIBE_MAR,35272552.32,452422.48125,197133978.76000002,128137086.19,380.8945,384559.11,67863.37,85.0,15.0,Cubierta (85.0% Contratos / 15.0% Bolsa),1357.26744375,516975.7043534344,795347.2374916502,731719.4584923182,-63627.77899933199,63627.77899933199,7.999999999999997
2026-12-02,2,2026-12-01,True,CARIBE_SOL,27131446.87,452422.48125,197133978.76000002,128137086.19,380.8945,384559.11,67863.37,85.0,15.0,Cubierta (85.0% Contratos / 15.0% Bolsa),1357.26744375,516975.7043534344,795347.2374916502,731719.4584923182,-63627.77899933199,63627.77899933199,7.999999999999997
2026-12-02,2,2026-12-01,True,VALLE,22453154.56,452422.48125,197133978.76000002,128137086.19,380.8945,384559.11,67863.37,85.0,15.0,Cubierta (85.0% Contratos / 15.0% Bolsa),1357.26744375,516975.7043534344,795347.2374916502,731719.4584923182,-63627.77899933199,63627.77899933199,7.999999999999997
2026-12-02,2,2026-12-01,True,SANTANDER,17428946.16,452422.48125,197133978.76000002,128137086.19,380.8945,384559.11,67863.37,85.0,15.0,Cubierta (85.0% Contratos / 15.0% Bolsa),1357.26744375,516975.7043534344,795347.2374916502,731719.4584923182,-63627.77899933199,63627.77899933199,7.999999999999997
2026-12-02,2,2026-12-01,True,CUNDINAMARCA,11114771.99,452422.48125,197133978.76000002,128137086.19,380.8945,384559.11,67863.37,85.0,15.0,Cubierta (85.0% Contratos / 15.0% Bolsa),1357.26744375,516975.7043534344,795347.2374916502,731719.4584923182,-63627.77899933199,63627.77899933199,7.999999999999997
2026-12-02,2,2026-12-01,True,TOLIMA,9376627.19,452422.48125,197133978.76000002,128137086.19,380.8945,384559.11,67863.37,85.0,15.0,Cubierta (85.0% Contratos / 15.0% Bolsa),1357.26744375,516975.7043534344,795347.2374916502,731719.4584923182,-63627.77899933199,63627.77899933199,7.999999999999997
2026-12-03,3,2026-12-01,True,ANTIOQUIA,31335469.32,454671.3275,198113868.17999998,128774014.32,381.2411,386470.63,68200.7,85.0,15.0,Cubierta (85.0% Contratos / 15.0% Bolsa),1364.0139825,520018.1911036808,800027.9862947172,736025.7473911399,-64002.23890357732,64002.23890357732,7.999999999999993
2026-12-03,3,2026-12-01,True,BOGOTA,44117354.78,454671.3275,198113868.17999998,128774014.32,381.2411,386470.63,68200.7,85.0,15.0,Cubierta (85.0% Contratos / 15.0% Bolsa),1364.0139825,520018.1911036808,800027.9862947172,736025.7473911399,-64002.23890357732,64002.23890357732,7.999999999999993
2026-12-03,3,2026-12-01,True,CARIBE_MAR,35005433.29,454671.3275,198113868.17999998,128774014.32,381.2411,386470.63,68200.7,85.0,15.0,Cubierta (85.0% Contratos / 15.0% Bolsa),1364.0139825,520018.1911036808,800027.9862947172,736025.7473911399,-64002.23890357732,64002.23890357732,7.999999999999993
2026-12-03,3,2026-12-01,True,CARIBE_SOL,27144966.08,454671.3275,198113868.17999998,128774014.32,381.2411,386470.63,68200.7,85.0,15.0,Cubierta (85.0% Contratos / 15.0% Bolsa),1364.0139825,520018.1911036808,800027.9862947172,736025.7473911399,-64002.23890357732,64002.23890357732,7.999999999999993
2026-12-03,3,2026-12-01,True,VALLE,22569088.96,454671.3275,198113868.17999998,128774014.32,381.2411,386470.63,68200.7,85.0,15.0,Cubierta (85.0% Contratos / 15.0% Bolsa),1364.0139825,520018.1911036808,800027.9862947172,736025.7473911399,-64002.23890357732,64002.23890357732,7.999999999999993
2026-12-03,3,2026-12-01,True,SANTANDER,17457294.52,454671.3275,198113868.17999998,128774014.32,381.2411,386470.63,68200.7,85.0,15.0,Cubierta (85.0% Contratos / 15.0% Bolsa),1364.0139825,520018.1911036808,800027.9862947172,736025.7473911399,-64002.23890357732,64002.23890357732,7.999999999999993
2026-12-03,3,2026-12-01,True,CUNDINAMARCA,11256225.69,454671.3275,198113868.17999998,128774014.32,381.2411,386470.63,68200.7,85.0,15.0,Cubierta (85.0% Contratos / 15.0% Bolsa),1364.0139825,520018.1911036808,800027.9862947172,736025.7473911399,-64002.23890357732,64002.23890357732,7.999999999999993
2026-12-03,3,2026-12-01,True,TOLIMA,9228035.54,454671.3275,198113868.17999998,128774014.32,381.2411,386470.63,68200.7,85.0,15.0,Cubierta (85.0% Contratos / 15.0% Bolsa),1364.0139825,520018.1911036808,800027.9862947172,736025.7473911399,-64002.23890357732,64002.23890357732,7.999999999999993
2026-12-04,4,2026-12-01,True,ANTIOQUIA,31362241.01,451981.3,196941742.93999997,128012132.91,381.5093,384184.1,67797.2,85.0,15.0,Cubierta (85.0% Contratos / 15.0% Bolsa),1355.9439,517305.20812827,795854.1663574016,732185.8330488096,-63668.33330859209,63668.33330859209,7.999999999999995
2026-12-04,4,2026-12-01,True,BOGOTA,43061163.01,451981.3,196941742.93999997,128012132.91,381.5093,384184.1,67797.2,85.0,15.0,Cubierta (85.0% Contratos / 15.0% Bolsa),1355.9439,517305.20812827,795854.1663574016,732185.8330488096,-63668.33330859209,63668.33330859209,7.999999999999995
2026-12-04,4,2026-12-01,True,CARIBE_MAR,35039202.55,451981.3,196941742.93999997,128012132.91,381.5093,384184.1,67797.2,85.0,15.0,Cubierta (85.0% Contratos / 15.0% Bolsa),1355.9439,517305.20812827,795854.1663574016,732185.8330488096,-63668.33330859209,63668.33330859209,7.999999999999995
2026-12-04,4,2026-12-01,True,CARIBE_SOL,27162648.01,451981.3,196941742.93999997,128012132.91,381.5093,384184.1,67797.2,85.0,15.0,Cubierta (85.0% Contratos / 15.0% Bolsa),1355.9439,517305.20812827,795854.1663574016,732185.8330488096,-63668.33330859209,63668.33330859209,7.999999999999995
2026-12-04,4,2026-12-01,True,VALLE,22106549.45,451981.3,196941742.93999997,128012132.91,381.5093,384184.1,67797.2,85.0,15.0,Cubierta (85.0% Contratos / 15.0% Bolsa),1355.9439,517305.20812827,795854.1663574016,732185.8330488096,-63668.33330859209,63668.33330859209,7.999999999999995
2026-12-04,4,2026-12-01,True,SANTANDER,17587211.66,451981.3,196941742.93999997,128012132.91,381.5093,384184.1,67797.2,85.0,15.0,Cubierta (85.0% Contratos / 15.0% Bolsa),1355.9439,517305.20812827,795854.1663574016,732185.8330488096,-63668.33330859209,63668.33330859209,7.999999999999995
2026-12-04,4,2026-12-01,True,CUNDINAMARCA,11315937.29,451981.3,196941742.93999997,128012132.91,381.5093,384184.1,67797.2,85.0,15.0,Cubierta (85.0% Contratos / 15.0% Bolsa),1355.9439,517305.20812827,795854.1663574016,732185.8330488096,-63668.33330859209,63668.33330859209,7.999999999999995
2026-12-04,4,2026-12-01,True,TOLIMA,9306789.96,451981.3,196941742.93999997,128012132.91,381.5093,384184.1,67797.2,85.0,15.0,Cubierta (85.0% Contratos / 15.0% Bolsa),1355.9439,517305.20812827,795854.1663574016,732185.8330488096,-63668.33330859209,63668.33330859209,7.999999999999995
2026-12-05,5,2026-12-01,True,ANTIOQUIA,26058333.89,321731.81625,166269672.79000002,108075287.31,381.6968,273472.04,48259.77,85.0,15.0,Cubierta (85.0% Contratos / 15.0% Bolsa),965.19544875,368412.014162439,566787.7141144153,521444.69698526216,-45343.01712915319,45343.01712915319,7.999999999999993
2026-12-05,5,2026-12-01,True,BOGOTA,37228134.82,321731.81625,166269672.79000002,108075287.31,381.6968,273472.04,48259.77,85.0,15.0,Cubierta (85.0% Contratos / 15.0% Bolsa),965.19544875,368412.014162439,566787.7141144153,521444.69698526216,-45343.01712915319,45343.01712915319,7.999999999999993
2026-12-05,5,2026-12-01,True,CARIBE_MAR,29346220.41,321731.81625,166269672.79000002,108075287.31,381.6968,273472.04,48259.77,85.0,15.0,Cubierta (85.0% Contratos / 15.0% Bolsa),965.19544875,368412.014162439,566787.7141144153,521444.69698526216,-45343.01712915319,45343.01712915319,7.999999999999993
2026-12-05,5,2026-12-01,True,CARIBE_SOL,23022514.05,321731.81625,166269672.79000002,108075287.31,381.6968,273472.04,48259.77,85.0,15.0,Cubierta (85.0% Contratos / 15.0% Bolsa),965.19544875,368412.014162439,566787.7141144153,521444.69698526216,-45343.01712915319,45343.01712915319,7.999999999999993
2026-12-05,5,2026-12-01,True,VALLE,18816352.42,321731.81625,166269672.79000002,108075287.31,381.6968,273472.04,48259.77,85.0,15.0,Cubierta (85.0% Contratos / 15.0% Bolsa),965.19544875,368412.014162439,566787.7141144153,521444.69698526216,-45343.01712915319,45343.01712915319,7.999999999999993
2026-12-05,5,2026-12-01,True,SANTANDER,14488897.9,321731.81625,166269672.79000002,108075287.31,381.6968,273472.04,48259.77,85.0,15.0,Cubierta (85.0% Contratos / 15.0% Bolsa),965.19544875,368412.014162439,566787.7141144153,521444.69698526216,-45343.01712915319,45343.01712915319,7.999999999999993
2026-12-05,5,2026-12-01,True,CUNDINAMARCA,9536641.77,321731.81625,166269672.79000002,108075287.31,381.6968,273472.04,48259.77,85.0,15.0,Cubierta (85.0% Contratos / 15.0% Bolsa),965.19544875,368412.014162439,566787.7141144153,521444.69698526216,-45343.01712915319,45343.01712915319,7.999999999999993
2026-12-05,5,2026-12-01,True,TOLIMA,7772577.53,321731.81625,166269672.79000002,108075287.31,381.6968,273472.04,48259.77,85.0,15.0,Cubierta (85.0% Contratos / 15.0% Bolsa),965.19544875,368412.014162439,566787.7141144153,521444.69698526216,-45343.01712915319,45343.01712915319,7.999999999999993
2026-12-06,6,2026-12-01,True,ANTIOQUIA,26256318.81,321978.3175,166397063.19000003,108158091.07,381.8028,273681.57,48296.75,85.0,15.0,Cubierta (85.0% Contratos / 15.0% Bolsa),965.9349525,368796.669482367,567379.4915296944,521989.1322073189,-45390.3593223755,45390.3593223755,7.99999999999999
2026-12-06,6,2026-12-01,True,BOGOTA,36781624.67,321978.3175,166397063.19000003,108158091.07,381.8028,273681.57,48296.75,85.0,15.0,Cubierta (85.0% Contratos / 15.0% Bolsa),965.9349525,368796.669482367,567379.4915296944,521989.1322073189,-45390.3593223755,45390.3593223755,7.99999999999999
2026-12-06,6,2026-12-01,True,CARIBE_MAR,29483137.26,321978.3175,166397063.19000003,108158091.07,381.8028,273681.57,48296.75,85.0,15.0,Cubierta (85.0% Contratos / 15.0% Bolsa),965.9349525,368796.669482367,567379.4915296944,521989.1322073189,-45390.3593223755,45390.3593223755,7.99999999999999
2026-12-06,6,2026-12-01,True,CARIBE_SOL,23150620.97,321978.3175,166397063.19000003,108158091.07,381.8028,273681.57,48296.75,85.0,15.0,Cubierta (85.0% Contratos / 15.0% Bolsa),965.9349525,368796.669482367,567379.4915296944,521989.1322073189,-45390.3593223755,45390.3593223755,7.99999999999999
2026-12-06,6,2026-12-01,True,VALLE,18732825.09,321978.3175,166397063.19000003,108158091.07,381.8028,273681.57,48296.75,85.0,15.0,Cubierta (85.0% Contratos / 15.0% Bolsa),965.9349525,368796.669482367,567379.4915296944,521989.1322073189,-45390.3593223755,45390.3593223755,7.99999999999999
2026-12-06,6,2026-12-01,True,SANTANDER,14716890.75,321978.3175,166397063.19000003,108158091.07,381.8028,273681.57,48296.75,85.0,15.0,Cubierta (85.0% Contratos / 15.0% Bolsa),965.9349525,368796.669482367,567379.4915296944,521989.1322073189,-45390.3593223755,45390.3593223755,7.99999999999999
2026-12-06,6,2026-12-01,True,CUNDINAMARCA,9400267.59,321978.3175,166397063.19000003,108158091.07,381.8028,273681.57,48296.75,85.0,15.0,Cubierta (85.0% Contratos / 15.0% Bolsa),965.9349525,368796.669482367,567379.4915296944,521989.1322073189,-45390.3593223755,45390.3593223755,7.99999999999999
2026-12-06,6,2026-12-01,True,TOLIMA,7875378.05,321978.3175,166397063.19000003,108158091.07,381.8028,273681.57,48296.75,85.0,15.0,Cubierta (85.0% Contratos / 15.0% Bolsa),965.9349525,368796.669482367,567379.4915296944,521989.1322073189,-45390.3593223755,45390.3593223755,7.99999999999999
2026-12-07,7,2026-12-01,True,ANTIOQUIA,31519002.58,451686.55625,196813314.53999996,127928654.45,381.8283,383933.57,67752.98,85.0,15.0,Cubierta (85.0% Contratos / 15.0% Bolsa),1355.0596687500001,517400.1297173757,796000.1995714154,732320.1836057022,-63680.01596571319,63680.01596571319,7.999999999999995
2026-12-07,7,2026-12-01,True,BOGOTA,42654885.93,451686.55625,196813314.53999996,127928654.45,381.8283,383933.57,67752.98,85.0,15.0,Cubierta (85.0% Contratos / 15.0% Bolsa),1355.0596687500001,517400.1297173757,796000.1995714154,732320.1836057022,-63680.01596571319,63680.01596571319,7.999999999999995
2026-12-07,7,2026-12-01,True,CARIBE_MAR,34958333.7,451686.55625,196813314.53999996,127928654.45,381.8283,383933.57,67752.98,85.0,15.0,Cubierta (85.0% Contratos / 15.0% Bolsa),1355.0596687500001,517400.1297173757,796000.1995714154,732320.1836057022,-63680.01596571319,63680.01596571319,7.999999999999995
2026-12-07,7,2026-12-01,True,CARIBE_SOL,27428923.43,451686.55625,196813314.53999996,127928654.45,381.8283,383933.57,67752.98,85.0,15.0,Cubierta (85.0% Contratos / 15.0% Bolsa),1355.0596687500001,517400.1297173757,796000.1995714154,732320.1836057022,-63680.01596571319,63680.01596571319,7.999999999999995
2026-12-07,7,2026-12-01,True,VALLE,22343391.3,451686.55625,196813314.53999996,127928654.45,381.8283,383933.57,67752.98,85.0,15.0,Cubierta (85.0% Contratos / 15.0% Bolsa),1355.0596687500001,517400.1297173757,796000.1995714154,732320.1836057022,-63680.01596571319,63680.01596571319,7.999999999999995
2026-12-07,7,2026-12-01,True,SANTANDER,17314042.32,451686.55625,196813314.53999996,127928654.45,381.8283,383933.57,67752.98,85.0,15.0,Cubierta (85.0% Contratos / 15.0% Bolsa),1355.0596687500001,517400.1297173757,796000.1995714154,732320.1836057022,-63680.01596571319,63680.01596571319,7.999999999999995
2026-12-07,7,2026-12-01,True,CUNDINAMARCA,11347758.67,451686.55625,196813314.53999996,127928654.45,381.8283,383933.57,67752.98,85.0,15.0,Cubierta (85.0% Contratos / 15.0% Bolsa),1355.0596687500001,517400.1297173757,796000.1995714154,732320.1836057022,-63680.01596571319,63680.01596571319,7.999999999999995
2026-12-07,7,2026-12-01,True,TOLIMA,9246976.61,451686.55625,196813314.53999996,127928654.45,381.8283,383933.57,67752.98,85.0,15.0,Cubierta (85.0% Contratos / 15.0% Bolsa),1355.0596687500001,517400.1297173757,796000.1995714154,732320.1836057022,-63680.01596571319,63680.01596571319,7.999999999999995
2026-12-08,8,2026-12-01,True,ANTIOQUIA,31073914.35,451870.9025,196893639.58,127980865.73,381.7756,384090.27,67780.64,85.0,15.0,Cubierta (85.0% Contratos / 15.0% Bolsa),1355.6127075000002,517539.8547734371,796215.1611712391,732517.94827754,-63697.21289369906,63697.21289369906,7.999999999999992
2026-12-08,8,2026-12-01,True,BOGOTA,43498981.87,451870.9025,196893639.58,127980865.73,381.7756,384090.27,67780.64,85.0,15.0,Cubierta (85.0% Contratos / 15.0% Bolsa),1355.6127075000002,517539.8547734371,796215.1611712391,732517.94827754,-63697.21289369906,63697.21289369906,7.999999999999992
2026-12-08,8,2026-12-01,True,CARIBE_MAR,34804109.29,451870.9025,196893639.58,127980865.73,381.7756,384090.27,67780.64,85.0,15.0,Cubierta (85.0% Contratos / 15.0% Bolsa),1355.6127075000002,517539.8547734371,796215.1611712391,732517.94827754,-63697.21289369906,63697.21289369906,7.999999999999992
2026-12-08,8,2026-12-01,True,CARIBE_SOL,26921260.99,451870.9025,196893639.58,127980865.73,381.7756,384090.27,67780.64,85.0,15.0,Cubierta (85.0% Contratos / 15.0% Bolsa),1355.6127075000002,517539.8547734371,796215.1611712391,732517.94827754,-63697.21289369906,63697.21289369906,7.999999999999992
2026-12-08,8,2026-12-01,True,VALLE,22568225.11,451870.9025,196893639.58,127980865.73,381.7756,384090.27,67780.64,85.0,15.0,Cubierta (85.0% Contratos / 15.0% Bolsa),1355.6127075000002,517539.8547734371,796215.1611712391,732517.94827754,-63697.21289369906,63697.21289369906,7.999999999999992
2026-12-08,8,2026-12-01,True,SANTANDER,17340508.47,451870.9025,196893639.58,127980865.73,381.7756,384090.27,67780.64,85.0,15.0,Cubierta (85.0% Contratos / 15.0% Bolsa),1355.6127075000002,517539.8547734371,796215.1611712391,732517.94827754,-63697.21289369906,63697.21289369906,7.999999999999992
2026-12-08,8,2026-12-01,True,CUNDINAMARCA,11254769.85,451870.9025,196893639.58,127980865.73,381.7756,384090.27,67780.64,85.0,15.0,Cubierta (85.0% Contratos / 15.0% Bolsa),1355.6127075000002,517539.8547734371,796215.1611712391,732517.94827754,-63697.21289369906,63697.21289369906,7.999999999999992
2026-12-08,8,2026-12-01,True,TOLIMA,9431869.65,451870.9025,196893639.58,127980865.73,381.7756,384090.27,67780.64,85.0,15.0,Cubierta (85.0% Contratos / 15.0% Bolsa),1355.6127075000002,517539.8547734371,796215.1611712391,732517.94827754,-63697.21289369906,63697.21289369906,7.999999999999992
2026-12-09,9,2026-12-01,True,ANTIOQUIA,31177713.99,453984.5625,197814624.26999998,128579505.78,381.6491,385886.88,68097.68,85.0,15.0,Cubierta (85.0% Contratos / 15.0% Bolsa),1361.9536875000001,519788.39907605626,799674.4600890226,735700.5032819009,-63973.95680712175,63973.95680712175,7.999999999999992
2026-12-09,9,2026-12-01,True,BOGOTA,43752211.05,453984.5625,197814624.26999998,128579505.78,381.6491,385886.88,68097.68,85.0,15.0,Cubierta (85.0% Contratos / 15.0% Bolsa),1361.9536875000001,519788.39907605626,799674.4600890226,735700.5032819009,-63973.95680712175,63973.95680712175,7.999999999999992
2026-12-09,9,2026-12-01,True,CARIBE_MAR,34671461.75,453984.5625,197814624.26999998,128579505.78,381.6491,385886.88,68097.68,85.0,15.0,Cubierta (85.0% Contratos / 15.0% Bolsa),1361.9536875000001,519788.39907605626,799674.4600890226,735700.5032819009,-63973.95680712175,63973.95680712175,7.999999999999992
2026-12-09,9,2026-12-01,True,CARIBE_SOL,27426319.07,453984.5625,197814624.26999998,128579505.78,381.6491,385886.88,68097.68,85.0,15.0,Cubierta (85.0% Contratos / 15.0% Bolsa),1361.9536875000001,519788.39907605626,799674.4600890226,735700.5032819009,-63973.95680712175,63973.95680712175,7.999999999999992
2026-12-09,9,2026-12-01,True,VALLE,22631380.36,453984.5625,197814624.26999998,128579505.78,381.6491,385886.88,68097.68,85.0,15.0,Cubierta (85.0% Contratos / 15.0% Bolsa),1361.9536875000001,519788.39907605626,799674.4600890226,735700.5032819009,-63973.95680712175,63973.95680712175,7.999999999999992
2026-12-09,9,2026-12-01,True,SANTANDER,17501079.92,453984.5625,197814624.26999998,128579505.78,381.6491,385886.88,68097.68,85.0,15.0,Cubierta (85.0% Contratos / 15.0% Bolsa),1361.9536875000001,519788.39907605626,799674.4600890226,735700.5032819009,-63973.95680712175,63973.95680712175,7.999999999999992
2026-12-09,9,2026-12-01,True,CUNDINAMARCA,11197577.28,453984.5625,197814624.26999998,128579505.78,381.6491,385886.88,68097.68,85.0,15.0,Cubierta (85.0% Contratos / 15.0% Bolsa),1361.9536875000001,519788.39907605626,799674.4600890226,735700.5032819009,-63973.95680712175,63973.95680712175,7.999999999999992
2026-12-09,9,2026-12-01,True,TOLIMA,9456880.85,453984.5625,197814624.26999998,128579505.78,381.6491,385886.88,68097.68,85.0,15.0,Cubierta (85.0% Contratos / 15.0% Bolsa),1361.9536875000001,519788.39907605626,799674.4600890226,735700.5032819009,-63973.95680712175,63973.95680712175,7.999999999999992
2026-12-10,10,2026-12-01,True,ANTIOQUIA,30730715.16,453674.45875,197679502.72,128491676.77,381.4542,385623.29,68051.17,85.0,15.0,Cubierta (85.0% Contratos / 15.0% Bolsa),1361.02337625,519168.08316874277,798720.1279394798,734822.5177043214,-63897.610235158354,63897.610235158354,7.9999999999999964
2026-12-10,10,2026-12-01,True,BOGOTA,43683289.16,453674.45875,197679502.72,128491676.77,381.4542,385623.29,68051.17,85.0,15.0,Cubierta (85.0% Contratos / 15.0% Bolsa),1361.02337625,519168.08316874277,798720.1279394798,734822.5177043214,-63897.610235158354,63897.610235158354,7.9999999999999964
2026-12-10,10,2026-12-01,True,CARIBE_MAR,35207927.08,453674.45875,197679502.72,128491676.77,381.4542,385623.29,68051.17,85.0,15.0,Cubierta (85.0% Contratos / 15.0% Bolsa),1361.02337625,519168.08316874277,798720.1279394798,734822.5177043214,-63897.610235158354,63897.610235158354,7.9999999999999964
2026-12-10,10,2026-12-01,True,CARIBE_SOL,27390956.98,453674.45875,197679502.72,128491676.77,381.4542,385623.29,68051.17,85.0,15.0,Cubierta (85.0% Contratos / 15.0% Bolsa),1361.02337625,519168.08316874277,798720.1279394798,734822.5177043214,-63897.610235158354,63897.610235158354,7.9999999999999964
2026-12-10,10,2026-12-01,True,VALLE,22636443.12,453674.45875,197679502.72,128491676.77,381.4542,385623.29,68051.17,85.0,15.0,Cubierta (85.0% Contratos / 15.0% Bolsa),1361.02337625,519168.08316874277,798720.1279394798,734822.5177043214,-63897.610235158354,63897.610235158354,7.9999999999999964
2026-12-10,10,2026-12-01,True,SANTANDER,17481863.08,453674.45875,197679502.72,128491676.77,381.4542,385623.29,68051.17,85.0,15.0,Cubierta (85.0% Contratos / 15.0% Bolsa),1361.02337625,519168.08316874277,798720.1279394798,734822.5177043214,-63897.610235158354,63897.610235158354,7.9999999999999964
2026-12-10,10,2026-12-01,True,CUNDINAMARCA,11177071.08,453674.45875,197679502.72,128491676.77,381.4542,385623.29,68051.17,85.0,15.0,Cubierta (85.0% Contratos / 15.0% Bolsa),1361.02337625,519168.08316874277,798720.1279394798,734822.5177043214,-63897.610235158354,63897.610235158354,7.9999999999999964
2026-12-10,10,2026-12-01,True,TOLIMA,9371237.06,453674.45875,197679502.72,128491676.77,381.4542,385623.29,68051.17,85.0,15.0,Cubierta (85.0% Contratos / 15.0% Bolsa),1361.02337625,519168.08316874277,798720.1279394798,734822.5177043214,-63897.610235158354,63897.610235158354,7.9999999999999964
2026-12-11,11,2026-12-01,True,ANTIOQUIA,31241876.02,452183.53625,197029863.03,128069410.97,381.1981,384356.01,67827.53,85.0,15.0,Cubierta (85.0% Contratos / 15.0% Bolsa),1356.55060875,517114.51460934343,795560.7917035762,731915.9283672902,-63644.86333628604,63644.86333628604,7.999999999999993
2026-12-11,11,2026-12-01,True,BOGOTA,43420505.33,452183.53625,197029863.03,128069410.97,381.1981,384356.01,67827.53,85.0,15.0,Cubierta (85.0% Contratos / 15.0% Bolsa),1356.55060875,517114.51460934343,795560.7917035762,731915.9283672902,-63644.86333628604,63644.86333628604,7.999999999999993
2026-12-11,11,2026-12-01,True,CARIBE_MAR,34713401.03,452183.53625,197029863.03,128069410.97,381.1981,384356.01,67827.53,85.0,15.0,Cubierta (85.0% Contratos / 15.0% Bolsa),1356.55060875,517114.51460934343,795560.7917035762,731915.9283672902,-63644.86333628604,63644.86333628604,7.999999999999993
2026-12-11,11,2026-12-01,True,CARIBE_SOL,27315881.91,452183.53625,197029863.03,128069410.97,381.1981,384356.01,67827.53,85.0,15.0,Cubierta (85.0% Contratos / 15.0% Bolsa),1356.55060875,517114.51460934343,795560.7917035762,731915.9283672902,-63644.86333628604,63644.86333628604,7.999999999999993
2026-12-11,11,2026-12-01,True,VALLE,22521257.25,452183.53625,197029863.03,128069410.97,381.1981,384356.01,67827.53,85.0,15.0,Cubierta (85.0% Contratos / 15.0% Bolsa),1356.55060875,517114.51460934343,795560.7917035762,731915.9283672902,-63644.86333628604,63644.86333628604,7.999999999999993
2026-12-11,11,2026-12-01,True,SANTANDER,17406720.82,452183.53625,197029863.03,128069410.97,381.1981,384356.01,67827.53,85.0,15.0,Cubierta (85.0% Contratos / 15.0% Bolsa),1356.55060875,517114.51460934343,795560.7917035762,731915.9283672902,-63644.86333628604,63644.86333628604,7.999999999999993
2026-12-11,11,2026-12-01,True,CUNDINAMARCA,11139484.3,452183.53625,197029863.03,128069410.97,381.1981,384356.01,67827.53,85.0,15.0,Cubierta (85.0% Contratos / 15.0% Bolsa),1356.55060875,517114.51460934343,795560.7917035762,731915.9283672902,-63644.86333628604,63644.86333628604,7.999999999999993
2026-12-11,11,2026-12-01,True,TOLIMA,9270736.37,452183.53625,197029863.03,128069410.97,381.1981,384356.01,67827.53,85.0,15.0,Cubierta (85.0% Contratos / 15.0% Bolsa),1356.55060875,517114.51460934343,795560.7917035762,731915.9283672902,-63644.86333628604,63644.86333628604,7.999999999999993
2026-12-12,12,2026-12-01,True,ANTIOQUIA,26639537.73,322775.46,166809023.32999995,108425865.16,380.8889,274359.14,48416.32,85.0,15.0,Cubierta (85.0% Contratos / 15.0% Bolsa),968.3263800000001,368824.769719182,567422.722668445,522028.9048549694,-45393.81781347556,45393.81781347556,7.999999999999993
2026-12-12,12,2026-12-01,True,BOGOTA,36307115.62,322775.46,166809023.32999995,108425865.16,380.8889,274359.14,48416.32,85.0,15.0,Cubierta (85.0% Contratos / 15.0% Bolsa),968.3263800000001,368824.769719182,567422.722668445,522028.9048549694,-45393.81781347556,45393.81781347556,7.999999999999993
2026-12-12,12,2026-12-01,True,CARIBE_MAR,29462737.39,322775.46,166809023.32999995,108425865.16,380.8889,274359.14,48416.32,85.0,15.0,Cubierta (85.0% Contratos / 15.0% Bolsa),968.3263800000001,368824.769719182,567422.722668445,522028.9048549694,-45393.81781347556,45393.81781347556,7.999999999999993
2026-12-12,12,2026-12-01,True,CARIBE_SOL,23418810.55,322775.46,166809023.32999995,108425865.16,380.8889,274359.14,48416.32,85.0,15.0,Cubierta (85.0% Contratos / 15.0% Bolsa),968.3263800000001,368824.769719182,567422.722668445,522028.9048549694,-45393.81781347556,45393.81781347556,7.999999999999993
2026-12-12,12,2026-12-01,True,VALLE,18845433.67,322775.46,166809023.32999995,108425865.16,380.8889,274359.14,48416.32,85.0,15.0,Cubierta (85.0% Contratos / 15.0% Bolsa),968.3263800000001,368824.769719182,567422.722668445,522028.9048549694,-45393.81781347556,45393.81781347556,7.999999999999993
2026-12-12,12,2026-12-01,True,SANTANDER,14763048.2,322775.46,166809023.32999995,108425865.16,380.8889,274359.14,48416.32,85.0,15.0,Cubierta (85.0% Contratos / 15.0% Bolsa),968.3263800000001,368824.769719182,567422.722668445,522028.9048549694,-45393.81781347556,45393.81781347556,7.999999999999993
2026-12-12,12,2026-12-01,True,CUNDINAMARCA,9485335.41,322775.46,166809023.32999995,108425865.16,380.8889,274359.14,48416.32,85.0,15.0,Cubierta (85.0% Contratos / 15.0% Bolsa),968.3263800000001,368824.769719182,567422.722668445,522028.9048549694,-45393.81781347556,45393.81781347556,7.999999999999993
2026-12-12,12,2026-12-01,True,TOLIMA,7887004.76,322775.46,166809023.32999995,108425865.16,380.8889,274359.14,48416.32,85.0,15.0,Cubierta (85.0% Contratos / 15.0% Bolsa),968.3263800000001,368824.769719182,567422.722668445,522028.9048549694,-45393.81781347556,45393.81781347556,7.999999999999993
2026-12-13,13,2026-12-01,True,ANTIOQUIA,26269618.24,322916.93,166882134.29999998,108473387.29,380.5362,274479.39,48437.54,85.0,15.0,Cubierta (85.0% Contratos / 15.0% Bolsa),968.75079,368644.744373598,567145.7606009082,521774.0997528356,-45371.66084807261,45371.66084807261,7.999999999999993
2026-12-13,13,2026-12-01,True,BOGOTA,36617622.77,322916.93,166882134.29999998,108473387.29,380.5362,274479.39,48437.54,85.0,15.0,Cubierta (85.0% Contratos / 15.0% Bolsa),968.75079,368644.744373598,567145.7606009082,521774.0997528356,-45371.66084807261,45371.66084807261,7.999999999999993
2026-12-13,13,2026-12-01,True,CARIBE_MAR,30008165.48,322916.93,166882134.29999998,108473387.29,380.5362,274479.39,48437.54,85.0,15.0,Cubierta (85.0% Contratos / 15.0% Bolsa),968.75079,368644.744373598,567145.7606009082,521774.0997528356,-45371.66084807261,45371.66084807261,7.999999999999993
2026-12-13,13,2026-12-01,True,CARIBE_SOL,22875165.02,322916.93,166882134.29999998,108473387.29,380.5362,274479.39,48437.54,85.0,15.0,Cubierta (85.0% Contratos / 15.0% Bolsa),968.75079,368644.744373598,567145.7606009082,521774.0997528356,-45371.66084807261,45371.66084807261,7.999999999999993
2026-12-13,13,2026-12-01,True,VALLE,18803069.23,322916.93,166882134.29999998,108473387.29,380.5362,274479.39,48437.54,85.0,15.0,Cubierta (85.0% Contratos / 15.0% Bolsa),968.75079,368644.744373598,567145.7606009082,521774.0997528356,-45371.66084807261,45371.66084807261,7.999999999999993
2026-12-13,13,2026-12-01,True,SANTANDER,14807434.17,322916.93,166882134.29999998,108473387.29,380.5362,274479.39,48437.54,85.0,15.0,Cubierta (85.0% Contratos / 15.0% Bolsa),968.75079,368644.744373598,567145.7606009082,521774.0997528356,-45371.66084807261,45371.66084807261,7.999999999999993
2026-12-13,13,2026-12-01,True,CUNDINAMARCA,9580360.01,322916.93,166882134.29999998,108473387.29,380.5362,274479.39,48437.54,85.0,15.0,Cubierta (85.0% Contratos / 15.0% Bolsa),968.75079,368644.744373598,567145.7606009082,521774.0997528356,-45371.66084807261,45371.66084807261,7.999999999999993
2026-12-13,13,2026-12-01,True,TOLIMA,7920699.38,322916.93,166882134.29999998,108473387.29,380.5362,274479.39,48437.54,85.0,15.0,Cubierta (85.0% Contratos / 15.0% Bolsa),968.75079,368644.744373598,567145.7606009082,521774.0997528356,-45371.66084807261,45371.66084807261,7.999999999999993
2026-12-14,14,2026-12-01,True,ANTIOQUIA,30606124.42,454956.84,198238274.68999997,128854878.55,380.15,386713.31,68243.53,85.0,15.0,Cubierta (85.0% Contratos / 15.0% Bolsa),1364.8705200000002,518855.528178,798239.2741107077,734380.1321818511,-63859.14192885661,63859.14192885661,7.999999999999999
2026-12-14,14,2026-12-01,True,BOGOTA,44129288.46,454956.84,198238274.68999997,128854878.55,380.15,386713.31,68243.53,85.0,15.0,Cubierta (85.0% Contratos / 15.0% Bolsa),1364.8705200000002,518855.528178,798239.2741107077,734380.1321818511,-63859.14192885661,63859.14192885661,7.999999999999999
2026-12-14,14,2026-12-01,True,CARIBE_MAR,35207268.91,454956.84,198238274.68999997,128854878.55,380.15,386713.31,68243.53,85.0,15.0,Cubierta (85.0% Contratos / 15.0% Bolsa),1364.8705200000002,518855.528178,798239.2741107077,734380.1321818511,-63859.14192885661,63859.14192885661,7.999999999999999
2026-12-14,14,2026-12-01,True,CARIBE_SOL,27573246.95,454956.84,198238274.68999997,128854878.55,380.15,386713.31,68243.53,85.0,15.0,Cubierta (85.0% Contratos / 15.0% Bolsa),1364.8705200000002,518855.528178,798239.2741107077,734380.1321818511,-63859.14192885661,63859.14192885661,7.999999999999999
2026-12-14,14,2026-12-01,True,VALLE,22580215.81,454956.84,198238274.68999997,128854878.55,380.15,386713.31,68243.53,85.0,15.0,Cubierta (85.0% Contratos / 15.0% Bolsa),1364.8705200000002,518855.528178,798239.2741107077,734380.1321818511,-63859.14192885661,63859.14192885661,7.999999999999999
2026-12-14,14,2026-12-01,True,SANTANDER,17601840.26,454956.84,198238274.68999997,128854878.55,380.15,386713.31,68243.53,85.0,15.0,Cubierta (85.0% Contratos / 15.0% Bolsa),1364.8705200000002,518855.528178,798239.2741107077,734380.1321818511,-63859.14192885661,63859.14192885661,7.999999999999999
2026-12-14,14,2026-12-01,True,CUNDINAMARCA,11121561.11,454956.84,198238274.68999997,128854878.55,380.15,386713.31,68243.53,85.0,15.0,Cubierta (85.0% Contratos / 15.0% Bolsa),1364.8705200000002,518855.528178,798239.2741107077,734380.1321818511,-63859.14192885661,63859.14192885661,7.999999999999999
2026-12-14,14,2026-12-01,True,TOLIMA,9418728.77,454956.84,198238274.68999997,128854878.55,380.15,386713.31,68243.53,85.0,15.0,Cubierta (85.0% Contratos / 15.0% Bolsa),1364.8705200000002,518855.528178,798239.2741107077,734380.1321818511,-63859.14192885661,63859.14192885661,7.999999999999999
2026-12-15,15,2026-12-01,True,ANTIOQUIA,30881655.28,453065.55,197414183.01000002,128319218.96,379.7413,385105.72,67959.83,85.0,15.0,Cubierta (85.0% Contratos / 15.0% Bolsa),1359.19665,516143.1028266451,794066.3120193338,730541.0070577872,-63525.30496154667,63525.30496154667,7.9999999999999964
2026-12-15,15,2026-12-01,True,BOGOTA,43648847.21,453065.55,197414183.01000002,128319218.96,379.7413,385105.72,67959.83,85.0,15.0,Cubierta (85.0% Contratos / 15.0% Bolsa),1359.19665,516143.1028266451,794066.3120193338,730541.0070577872,-63525.30496154667,63525.30496154667,7.9999999999999964
2026-12-15,15,2026-12-01,True,CARIBE_MAR,34877103.89,453065.55,197414183.01000002,128319218.96,379.7413,385105.72,67959.83,85.0,15.0,Cubierta (85.0% Contratos / 15.0% Bolsa),1359.19665,516143.1028266451,794066.3120193338,730541.0070577872,-63525.30496154667,63525.30496154667,7.9999999999999964
2026-12-15,15,2026-12-01,True,CARIBE_SOL,27478293.49,453065.55,197414183.01000002,128319218.96,379.7413,385105.72,67959.83,85.0,15.0,Cubierta (85.0% Contratos / 15.0% Bolsa),1359.19665,516143.1028266451,794066.3120193338,730541.0070577872,-63525.30496154667,63525.30496154667,7.9999999999999964
2026-12-15,15,2026-12-01,True,VALLE,22490788.25,453065.55,197414183.01000002,128319218.96,379.7413,385105.72,67959.83,85.0,15.0,Cubierta (85.0% Contratos / 15.0% Bolsa),1359.19665,516143.1028266451,794066.3120193338,730541.0070577872,-63525.30496154667,63525.30496154667,7.9999999999999964
2026-12-15,15,2026-12-01,True,SANTANDER,17485726.74,453065.55,197414183.01000002,128319218.96,379.7413,385105.72,67959.83,85.0,15.0,Cubierta (85.0% Contratos / 15.0% Bolsa),1359.19665,516143.1028266451,794066.3120193338,730541.0070577872,-63525.30496154667,63525.30496154667,7.9999999999999964
2026-12-15,15,2026-12-01,True,CUNDINAMARCA,11280719.9,453065.55,197414183.01000002,128319218.96,379.7413,385105.72,67959.83,85.0,15.0,Cubierta (85.0% Contratos / 15.0% Bolsa),1359.19665,516143.1028266451,794066.3120193338,730541.0070577872,-63525.30496154667,63525.30496154667,7.9999999999999964
2026-12-15,15,2026-12-01,True,TOLIMA,9271048.25,453065.55,197414183.01000002,128319218.96,379.7413,385105.72,67959.83,85.0,15.0,Cubierta (85.0% Contratos / 15.0% Bolsa),1359.19665,516143.1028266451,794066.3120193338,730541.0070577872,-63525.30496154667,63525.30496154667,7.9999999999999964
2026-12-16,16,2026-12-01,True,ANTIOQUIA,31045703.96,453146.7625,197449569.45999998,128342220.15,379.3216,385174.75,67972.01,85.0,15.0,Cubierta (85.0% Contratos / 15.0% Bolsa),1359.4402875,515665.06495896,793330.8691614493,729864.3996285334,-63466.46953291586,63466.46953291586,7.999999999999989
2026-12-16,16,2026-12-01,True,BOGOTA,43786538.05,453146.7625,197449569.45999998,128342220.15,379.3216,385174.75,67972.01,85.0,15.0,Cubierta (85.0% Contratos / 15.0% Bolsa),1359.4402875,515665.06495896,793330.8691614493,729864.3996285334,-63466.46953291586,63466.46953291586,7.999999999999989
2026-12-16,16,2026-12-01,True,CARIBE_MAR,34667500.52,453146.7625,197449569.45999998,128342220.15,379.3216,385174.75,67972.01,85.0,15.0,Cubierta (85.0% Contratos / 15.0% Bolsa),1359.4402875,515665.06495896,793330.8691614493,729864.3996285334,-63466.46953291586,63466.46953291586,7.999999999999989
2026-12-16,16,2026-12-01,True,CARIBE_SOL,27421673.26,453146.7625,197449569.45999998,128342220.15,379.3216,385174.75,67972.01,85.0,15.0,Cubierta (85.0% Contratos / 15.0% Bolsa),1359.4402875,515665.06495896,793330.8691614493,729864.3996285334,-63466.46953291586,63466.46953291586,7.999999999999989
2026-12-16,16,2026-12-01,True,VALLE,22570393.44,453146.7625,197449569.45999998,128342220.15,379.3216,385174.75,67972.01,85.0,15.0,Cubierta (85.0% Contratos / 15.0% Bolsa),1359.4402875,515665.06495896,793330.8691614493,729864.3996285334,-63466.46953291586,63466.46953291586,7.999999999999989
2026-12-16,16,2026-12-01,True,SANTANDER,17551262.35,453146.7625,197449569.45999998,128342220.15,379.3216,385174.75,67972.01,85.0,15.0,Cubierta (85.0% Contratos / 15.0% Bolsa),1359.4402875,515665.06495896,793330.8691614493,729864.3996285334,-63466.46953291586,63466.46953291586,7.999999999999989
2026-12-16,16,2026-12-01,True,CUNDINAMARCA,11204242.26,453146.7625,197449569.45999998,128342220.15,379.3216,385174.75,67972.01,85.0,15.0,Cubierta (85.0% Contratos / 15.0% Bolsa),1359.4402875,515665.06495896,793330.8691614493,729864.3996285334,-63466.46953291586,63466.46953291586,7.999999999999989
2026-12-16,16,2026-12-01,True,TOLIMA,9202255.62,453146.7625,197449569.45999998,128342220.15,379.3216,385174.75,67972.01,85.0,15.0,Cubierta (85.0% Contratos / 15.0% Bolsa),1359.4402875,515665.06495896,793330.8691614493,729864.3996285334,-63466.46953291586,63466.46953291586,7.999999999999989
2026-12-17,17,2026-12-01,True,ANTIOQUIA,31182047.04,454857.725,198195087.06000003,128826806.59,378.9024,386629.07,68228.66,85.0,15.0,Cubierta (85.0% Contratos / 15.0% Bolsa),1364.573175,517040.05098312,795446.2322755486,731810.5336935048,-63635.69858204387,63635.69858204387,7.999999999999997
2026-12-17,17,2026-12-01,True,BOGOTA,43467095.18,454857.725,198195087.06000003,128826806.59,378.9024,386629.07,68228.66,85.0,15.0,Cubierta (85.0% Contratos / 15.0% Bolsa),1364.573175,517040.05098312,795446.2322755486,731810.5336935048,-63635.69858204387,63635.69858204387,7.999999999999997
2026-12-17,17,2026-12-01,True,CARIBE_MAR,35017045.72,454857.725,198195087.06000003,128826806.59,378.9024,386629.07,68228.66,85.0,15.0,Cubierta (85.0% Contratos / 15.0% Bolsa),1364.573175,517040.05098312,795446.2322755486,731810.5336935048,-63635.69858204387,63635.69858204387,7.999999999999997
2026-12-17,17,2026-12-01,True,CARIBE_SOL,27855359.21,454857.725,198195087.06000003,128826806.59,378.9024,386629.07,68228.66,85.0,15.0,Cubierta (85.0% Contratos / 15.0% Bolsa),1364.573175,517040.05098312,795446.2322755486,731810.5336935048,-63635.69858204387,63635.69858204387,7.999999999999997
2026-12-17,17,2026-12-01,True,VALLE,22414024.17,454857.725,198195087.06000003,128826806.59,378.9024,386629.07,68228.66,85.0,15.0,Cubierta (85.0% Contratos / 15.0% Bolsa),1364.573175,517040.05098312,795446.2322755486,731810.5336935048,-63635.69858204387,63635.69858204387,7.999999999999997
2026-12-17,17,2026-12-01,True,SANTANDER,17511231.67,454857.725,198195087.06000003,128826806.59,378.9024,386629.07,68228.66,85.0,15.0,Cubierta (85.0% Contratos / 15.0% Bolsa),1364.573175,517040.05098312,795446.2322755486,731810.5336935048,-63635.69858204387,63635.69858204387,7.999999999999997
2026-12-17,17,2026-12-01,True,CUNDINAMARCA,11287771.02,454857.725,198195087.06000003,128826806.59,378.9024,386629.07,68228.66,85.0,15.0,Cubierta (85.0% Contratos / 15.0% Bolsa),1364.573175,517040.05098312,795446.2322755486,731810.5336935048,-63635.69858204387,63635.69858204387,7.999999999999997
2026-12-17,17,2026-12-01,True,TOLIMA,9460513.05,454857.725,198195087.06000003,128826806.59,378.9024,386629.07,68228.66,85.0,15.0,Cubierta (85.0% Contratos / 15.0% Bolsa),1364.573175,517040.05098312,795446.2322755486,731810.5336935048,-63635.69858204387,63635.69858204387,7.999999999999997
2026-12-18,18,2026-12-01,True,ANTIOQUIA,31815953.05,459140.53375,200061234.73999998,130039802.58,378.4953,390269.45,68871.08,85.0,15.0,Cubierta (85.0% Contratos / 15.0% Bolsa),1377.42160125,521347.60219159914,802073.2341470895,737907.3754153224,-64165.85873176716,64165.85873176716,8.0
2026-12-18,18,2026-12-01,True,BOGOTA,44611448.57,459140.53375,200061234.73999998,130039802.58,378.4953,390269.45,68871.08,85.0,15.0,Cubierta (85.0% Contratos / 15.0% Bolsa),1377.42160125,521347.60219159914,802073.2341470895,737907.3754153224,-64165.85873176716,64165.85873176716,8.0
2026-12-18,18,2026-12-01,True,CARIBE_MAR,35110419.0,459140.53375,200061234.73999998,130039802.58,378.4953,390269.45,68871.08,85.0,15.0,Cubierta (85.0% Contratos / 15.0% Bolsa),1377.42160125,521347.60219159914,802073.2341470895,737907.3754153224,-64165.85873176716,64165.85873176716,8.0
2026-12-18,18,2026-12-01,True,CARIBE_SOL,27609674.75,459140.53375,200061234.73999998,130039802.58,378.4953,390269.45,68871.08,85.0,15.0,Cubierta (85.0% Contratos / 15.0% Bolsa),1377.42160125,521347.60219159914,802073.2341470895,737907.3754153224,-64165.85873176716,64165.85873176716,8.0
2026-12-18,18,2026-12-01,True,VALLE,22935943.98,459140.53375,200061234.73999998,130039802.58,378.4953,390269.45,68871.08,85.0,15.0,Cubierta (85.0% Contratos / 15.0% Bolsa),1377.42160125,521347.60219159914,802073.2341470895,737907.3754153224,-64165.85873176716,64165.85873176716,8.0
2026-12-18,18,2026-12-01,True,SANTANDER,17401783.07,459140.53375,200061234.73999998,130039802.58,378.4953,390269.45,68871.08,85.0,15.0,Cubierta (85.0% Contratos / 15.0% Bolsa),1377.42160125,521347.60219159914,802073.2341470895,737907.3754153224,-64165.85873176716,64165.85873176716,8.0
2026-12-18,18,2026-12-01,True,CUNDINAMARCA,11306031.54,459140.53375,200061234.73999998,130039802.58,378.4953,390269.45,68871.08,85.0,15.0,Cubierta (85.0% Contratos / 15.0% Bolsa),1377.42160125,521347.60219159914,802073.2341470895,737907.3754153224,-64165.85873176716,64165.85873176716,8.0
2026-12-18,18,2026-12-01,True,TOLIMA,9269980.78,459140.53375,200061234.73999998,130039802.58,378.4953,390269.45,68871.08,85.0,15.0,Cubierta (85.0% Contratos / 15.0% Bolsa),1377.42160125,521347.60219159914,802073.2341470895,737907.3754153224,-64165.85873176716,64165.85873176716,8.0
2026-12-19,19,2026-12-01,True,ANTIOQUIA,25973796.12,323495.455,167181113.56,108667723.81,378.1116,274971.14,48524.32,85.0,15.0,Cubierta (85.0% Contratos / 15.0% Bolsa),970.4863650000001,366952.152248334,564541.7727105252,519378.4308936832,-45163.341816841974,45163.341816841974,7.999999999999993
2026-12-19,19,2026-12-01,True,BOGOTA,36649548.51,323495.455,167181113.56,108667723.81,378.1116,274971.14,48524.32,85.0,15.0,Cubierta (85.0% Contratos / 15.0% Bolsa),970.4863650000001,366952.152248334,564541.7727105252,519378.4308936832,-45163.341816841974,45163.341816841974,7.999999999999993
2026-12-19,19,2026-12-01,True,CARIBE_MAR,29788665.37,323495.455,167181113.56,108667723.81,378.1116,274971.14,48524.32,85.0,15.0,Cubierta (85.0% Contratos / 15.0% Bolsa),970.4863650000001,366952.152248334,564541.7727105252,519378.4308936832,-45163.341816841974,45163.341816841974,7.999999999999993
2026-12-19,19,2026-12-01,True,CARIBE_SOL,23333443.36,323495.455,167181113.56,108667723.81,378.1116,274971.14,48524.32,85.0,15.0,Cubierta (85.0% Contratos / 15.0% Bolsa),970.4863650000001,366952.152248334,564541.7727105252,519378.4308936832,-45163.341816841974,45163.341816841974,7.999999999999993
2026-12-19,19,2026-12-01,True,VALLE,19160641.51,323495.455,167181113.56,108667723.81,378.1116,274971.14,48524.32,85.0,15.0,Cubierta (85.0% Contratos / 15.0% Bolsa),970.4863650000001,366952.152248334,564541.7727105252,519378.4308936832,-45163.341816841974,45163.341816841974,7.999999999999993
2026-12-19,19,2026-12-01,True,SANTANDER,14926317.85,323495.455,167181113.56,108667723.81,378.1116,274971.14,48524.32,85.0,15.0,Cubierta (85.0% Contratos / 15.0% Bolsa),970.4863650000001,366952.152248334,564541.7727105252,519378.4308936832,-45163.341816841974,45163.341816841974,7.999999999999993
2026-12-19,19,2026-12-01,True,CUNDINAMARCA,9414508.12,323495.455,167181113.56,108667723.81,378.1116,274971.14,48524.32,85.0,15.0,Cubierta (85.0% Contratos / 15.0% Bolsa),970.4863650000001,366952.152248334,564541.7727105252,519378.4308936832,-45163.341816841974,45163.341816841974,7.999999999999993
2026-12-19,19,2026-12-01,True,TOLIMA,7934192.72,323495.455,167181113.56,108667723.81,378.1116,274971.14,48524.32,85.0,15.0,Cubierta (85.0% Contratos / 15.0% Bolsa),970.4863650000001,366952.152248334,564541.7727105252,519378.4308936832,-45163.341816841974,45163.341816841974,7.999999999999993
2026-12-20,20,2026-12-01,True,ANTIOQUIA,26356519.94,322262.9075,166544138.12,108253689.78,377.7623,273923.47,48339.44,85.0,15.0,Cubierta (85.0% Contratos / 15.0% Bolsa),966.7887225,365216.3314256617,561871.279106022,516921.57677754026,-44949.70232848171,44949.70232848171,7.999999999999992
2026-12-20,20,2026-12-01,True,BOGOTA,36760812.15,322262.9075,166544138.12,108253689.78,377.7623,273923.47,48339.44,85.0,15.0,Cubierta (85.0% Contratos / 15.0% Bolsa),966.7887225,365216.3314256617,561871.279106022,516921.57677754026,-44949.70232848171,44949.70232848171,7.999999999999992
2026-12-20,20,2026-12-01,True,CARIBE_MAR,29488100.23,322262.9075,166544138.12,108253689.78,377.7623,273923.47,48339.44,85.0,15.0,Cubierta (85.0% Contratos / 15.0% Bolsa),966.7887225,365216.3314256617,561871.279106022,516921.57677754026,-44949.70232848171,44949.70232848171,7.999999999999992
2026-12-20,20,2026-12-01,True,CARIBE_SOL,23017688.46,322262.9075,166544138.12,108253689.78,377.7623,273923.47,48339.44,85.0,15.0,Cubierta (85.0% Contratos / 15.0% Bolsa),966.7887225,365216.3314256617,561871.279106022,516921.57677754026,-44949.70232848171,44949.70232848171,7.999999999999992
2026-12-20,20,2026-12-01,True,VALLE,18792310.25,322262.9075,166544138.12,108253689.78,377.7623,273923.47,48339.44,85.0,15.0,Cubierta (85.0% Contratos / 15.0% Bolsa),966.7887225,365216.3314256617,561871.279106022,516921.57677754026,-44949.70232848171,44949.70232848171,7.999999999999992
2026-12-20,20,2026-12-01,True,SANTANDER,14847825.82,322262.9075,166544138.12,108253689.78,377.7623,273923.47,48339.44,85.0,15.0,Cubierta (85.0% Contratos / 15.0% Bolsa),966.7887225,365216.3314256617,561871.279106022,516921.57677754026,-44949.70232848171,44949.70232848171,7.999999999999992
2026-12-20,20,2026-12-01,True,CUNDINAMARCA,9381373.25,322262.9075,166544138.12,108253689.78,377.7623,273923.47,48339.44,85.0,15.0,Cubierta (85.0% Contratos / 15.0% Bolsa),966.7887225,365216.3314256617,561871.279106022,516921.57677754026,-44949.70232848171,44949.70232848171,7.999999999999992
2026-12-20,20,2026-12-01,True,TOLIMA,7899508.02,322262.9075,166544138.12,108253689.78,377.7623,273923.47,48339.44,85.0,15.0,Cubierta (85.0% Contratos / 15.0% Bolsa),966.7887225,365216.3314256617,561871.279106022,516921.57677754026,-44949.70232848171,44949.70232848171,7.999999999999992
2026-12-21,21,2026-12-01,True,ANTIOQUIA,31745956.55,456642.27125,198972667.47000003,129332233.86,377.4575,388145.93,68496.34,85.0,15.0,Cubierta (85.0% Contratos / 15.0% Bolsa),1369.92681375,517089.1503010406,795521.7696662293,731880.0280929309,-63641.74157329835,63641.74157329835,8.000000000000002
2026-12-21,21,2026-12-01,True,BOGOTA,43412618.92,456642.27125,198972667.47000003,129332233.86,377.4575,388145.93,68496.34,85.0,15.0,Cubierta (85.0% Contratos / 15.0% Bolsa),1369.92681375,517089.1503010406,795521.7696662293,731880.0280929309,-63641.74157329835,63641.74157329835,8.000000000000002
2026-12-21,21,2026-12-01,True,CARIBE_MAR,35080330.65,456642.27125,198972667.47000003,129332233.86,377.4575,388145.93,68496.34,85.0,15.0,Cubierta (85.0% Contratos / 15.0% Bolsa),1369.92681375,517089.1503010406,795521.7696662293,731880.0280929309,-63641.74157329835,63641.74157329835,8.000000000000002
2026-12-21,21,2026-12-01,True,CARIBE_SOL,27672953.03,456642.27125,198972667.47000003,129332233.86,377.4575,388145.93,68496.34,85.0,15.0,Cubierta (85.0% Contratos / 15.0% Bolsa),1369.92681375,517089.1503010406,795521.7696662293,731880.0280929309,-63641.74157329835,63641.74157329835,8.000000000000002
2026-12-21,21,2026-12-01,True,VALLE,22620306.52,456642.27125,198972667.47000003,129332233.86,377.4575,388145.93,68496.34,85.0,15.0,Cubierta (85.0% Contratos / 15.0% Bolsa),1369.92681375,517089.1503010406,795521.7696662293,731880.0280929309,-63641.74157329835,63641.74157329835,8.000000000000002
2026-12-21,21,2026-12-01,True,SANTANDER,17630319.55,456642.27125,198972667.47000003,129332233.86,377.4575,388145.93,68496.34,85.0,15.0,Cubierta (85.0% Contratos / 15.0% Bolsa),1369.92681375,517089.1503010406,795521.7696662293,731880.0280929309,-63641.74157329835,63641.74157329835,8.000000000000002
2026-12-21,21,2026-12-01,True,CUNDINAMARCA,11353252.17,456642.27125,198972667.47000003,129332233.86,377.4575,388145.93,68496.34,85.0,15.0,Cubierta (85.0% Contratos / 15.0% Bolsa),1369.92681375,517089.1503010406,795521.7696662293,731880.0280929309,-63641.74157329835,63641.74157329835,8.000000000000002
2026-12-21,21,2026-12-01,True,TOLIMA,9456930.08,456642.27125,198972667.47000003,129332233.86,377.4575,388145.93,68496.34,85.0,15.0,Cubierta (85.0% Contratos / 15.0% Bolsa),1369.92681375,517089.1503010406,795521.7696662293,731880.0280929309,-63641.74157329835,63641.74157329835,8.000000000000002
2026-12-22,22,2026-12-01,True,ANTIOQUIA,31521338.37,456427.795,198879213.63,129271488.86,377.2065,387963.63,68464.17,85.0,15.0,Cubierta (85.0% Contratos / 15.0% Bolsa),1369.283385,516502.59316400246,794619.374095392,731049.8241677607,-63569.54992763128,63569.54992763128,7.99999999999999
2026-12-22,22,2026-12-01,True,BOGOTA,43895531.08,456427.795,198879213.63,129271488.86,377.2065,387963.63,68464.17,85.0,15.0,Cubierta (85.0% Contratos / 15.0% Bolsa),1369.283385,516502.59316400246,794619.374095392,731049.8241677607,-63569.54992763128,63569.54992763128,7.99999999999999
2026-12-22,22,2026-12-01,True,CARIBE_MAR,35080936.95,456427.795,198879213.63,129271488.86,377.2065,387963.63,68464.17,85.0,15.0,Cubierta (85.0% Contratos / 15.0% Bolsa),1369.283385,516502.59316400246,794619.374095392,731049.8241677607,-63569.54992763128,63569.54992763128,7.99999999999999
2026-12-22,22,2026-12-01,True,CARIBE_SOL,27523895.38,456427.795,198879213.63,129271488.86,377.2065,387963.63,68464.17,85.0,15.0,Cubierta (85.0% Contratos / 15.0% Bolsa),1369.283385,516502.59316400246,794619.374095392,731049.8241677607,-63569.54992763128,63569.54992763128,7.99999999999999
2026-12-22,22,2026-12-01,True,VALLE,22728279.44,456427.795,198879213.63,129271488.86,377.2065,387963.63,68464.17,85.0,15.0,Cubierta (85.0% Contratos / 15.0% Bolsa),1369.283385,516502.59316400246,794619.374095392,731049.8241677607,-63569.54992763128,63569.54992763128,7.99999999999999
2026-12-22,22,2026-12-01,True,SANTANDER,17521102.57,456427.795,198879213.63,129271488.86,377.2065,387963.63,68464.17,85.0,15.0,Cubierta (85.0% Contratos / 15.0% Bolsa),1369.283385,516502.59316400246,794619.374095392,731049.8241677607,-63569.54992763128,63569.54992763128,7.99999999999999
2026-12-22,22,2026-12-01,True,CUNDINAMARCA,11166300.24,456427.795,198879213.63,129271488.86,377.2065,387963.63,68464.17,85.0,15.0,Cubierta (85.0% Contratos / 15.0% Bolsa),1369.283385,516502.59316400246,794619.374095392,731049.8241677607,-63569.54992763128,63569.54992763128,7.99999999999999
2026-12-22,22,2026-12-01,True,TOLIMA,9441829.6,456427.795,198879213.63,129271488.86,377.2065,387963.63,68464.17,85.0,15.0,Cubierta (85.0% Contratos / 15.0% Bolsa),1369.283385,516502.59316400246,794619.374095392,731049.8241677607,-63569.54992763128,63569.54992763128,7.99999999999999
2026-12-23,23,2026-12-01,True,ANTIOQUIA,30615539.52,454609.90875,198087105.95,128756618.87,377.0174,386418.42,68191.49,85.0,15.0,Cubierta (85.0% Contratos / 15.0% Bolsa),1363.82972625,514187.5374334868,791057.7498823124,727773.1298917275,-63284.619990584906,63284.619990584906,7.999999999999989
2026-12-23,23,2026-12-01,True,BOGOTA,44073004.74,454609.90875,198087105.95,128756618.87,377.0174,386418.42,68191.49,85.0,15.0,Cubierta (85.0% Contratos / 15.0% Bolsa),1363.82972625,514187.5374334868,791057.7498823124,727773.1298917275,-63284.619990584906,63284.619990584906,7.999999999999989
2026-12-23,23,2026-12-01,True,CARIBE_MAR,35464625.79,454609.90875,198087105.95,128756618.87,377.0174,386418.42,68191.49,85.0,15.0,Cubierta (85.0% Contratos / 15.0% Bolsa),1363.82972625,514187.5374334868,791057.7498823124,727773.1298917275,-63284.619990584906,63284.619990584906,7.999999999999989
2026-12-23,23,2026-12-01,True,CARIBE_SOL,27603586.86,454609.90875,198087105.95,128756618.87,377.0174,386418.42,68191.49,85.0,15.0,Cubierta (85.0% Contratos / 15.0% Bolsa),1363.82972625,514187.5374334868,791057.7498823124,727773.1298917275,-63284.619990584906,63284.619990584906,7.999999999999989
2026-12-23,23,2026-12-01,True,VALLE,22227003.26,454609.90875,198087105.95,128756618.87,377.0174,386418.42,68191.49,85.0,15.0,Cubierta (85.0% Contratos / 15.0% Bolsa),1363.82972625,514187.5374334868,791057.7498823124,727773.1298917275,-63284.619990584906,63284.619990584906,7.999999999999989
2026-12-23,23,2026-12-01,True,SANTANDER,17565512.07,454609.90875,198087105.95,128756618.87,377.0174,386418.42,68191.49,85.0,15.0,Cubierta (85.0% Contratos / 15.0% Bolsa),1363.82972625,514187.5374334868,791057.7498823124,727773.1298917275,-63284.619990584906,63284.619990584906,7.999999999999989
2026-12-23,23,2026-12-01,True,CUNDINAMARCA,11183495.98,454609.90875,198087105.95,128756618.87,377.0174,386418.42,68191.49,85.0,15.0,Cubierta (85.0% Contratos / 15.0% Bolsa),1363.82972625,514187.5374334868,791057.7498823124,727773.1298917275,-63284.619990584906,63284.619990584906,7.999999999999989
2026-12-23,23,2026-12-01,True,TOLIMA,9354337.73,454609.90875,198087105.95,128756618.87,377.0174,386418.42,68191.49,85.0,15.0,Cubierta (85.0% Contratos / 15.0% Bolsa),1363.82972625,514187.5374334868,791057.7498823124,727773.1298917275,-63284.619990584906,63284.619990584906,7.999999999999989
2026-12-24,24,2026-12-01,True,ANTIOQUIA,31180382.65,457013.57375,199134454.98000002,129437395.74,376.8972,388461.54,68552.04,85.0,15.0,Cubierta (85.0% Contratos / 15.0% Bolsa),1371.04072125,516741.40892510547,794986.7829432753,731387.8403078133,-63598.94263546204,63598.94263546204,8.000000000000002
2026-12-24,24,2026-12-01,True,BOGOTA,43574439.3,457013.57375,199134454.98000002,129437395.74,376.8972,388461.54,68552.04,85.0,15.0,Cubierta (85.0% Contratos / 15.0% Bolsa),1371.04072125,516741.40892510547,794986.7829432753,731387.8403078133,-63598.94263546204,63598.94263546204,8.000000000000002
2026-12-24,24,2026-12-01,True,CARIBE_MAR,35541038.71,457013.57375,199134454.98000002,129437395.74,376.8972,388461.54,68552.04,85.0,15.0,Cubierta (85.0% Contratos / 15.0% Bolsa),1371.04072125,516741.40892510547,794986.7829432753,731387.8403078133,-63598.94263546204,63598.94263546204,8.000000000000002
2026-12-24,24,2026-12-01,True,CARIBE_SOL,27958974.16,457013.57375,199134454.98000002,129437395.74,376.8972,388461.54,68552.04,85.0,15.0,Cubierta (85.0% Contratos / 15.0% Bolsa),1371.04072125,516741.40892510547,794986.7829432753,731387.8403078133,-63598.94263546204,63598.94263546204,8.000000000000002
2026-12-24,24,2026-12-01,True,VALLE,22863269.55,457013.57375,199134454.98000002,129437395.74,376.8972,388461.54,68552.04,85.0,15.0,Cubierta (85.0% Contratos / 15.0% Bolsa),1371.04072125,516741.40892510547,794986.7829432753,731387.8403078133,-63598.94263546204,63598.94263546204,8.000000000000002
2026-12-24,24,2026-12-01,True,SANTANDER,17376154.03,457013.57375,199134454.98000002,129437395.74,376.8972,388461.54,68552.04,85.0,15.0,Cubierta (85.0% Contratos / 15.0% Bolsa),1371.04072125,516741.40892510547,794986.7829432753,731387.8403078133,-63598.94263546204,63598.94263546204,8.000000000000002
2026-12-24,24,2026-12-01,True,CUNDINAMARCA,11202062.37,457013.57375,199134454.98000002,129437395.74,376.8972,388461.54,68552.04,85.0,15.0,Cubierta (85.0% Contratos / 15.0% Bolsa),1371.04072125,516741.40892510547,794986.7829432753,731387.8403078133,-63598.94263546204,63598.94263546204,8.000000000000002
2026-12-24,24,2026-12-01,True,TOLIMA,9438134.21,457013.57375,199134454.98000002,129437395.74,376.8972,388461.54,68552.04,85.0,15.0,Cubierta (85.0% Contratos / 15.0% Bolsa),1371.04072125,516741.40892510547,794986.7829432753,731387.8403078133,-63598.94263546204,63598.94263546204,8.000000000000002
2026-12-25,25,2026-12-01,True,ANTIOQUIA,31640081.67,456255.75875,198804252.15000004,129222763.9,376.8513,387817.39,68438.36,85.0,15.0,Cubierta (85.0% Contratos / 15.0% Bolsa),1368.76727625,515821.72745227156,793571.8883727575,730086.1373029369,-63485.7510698206,63485.7510698206,8.0
2026-12-25,25,2026-12-01,True,BOGOTA,43751891.5,456255.75875,198804252.15000004,129222763.9,376.8513,387817.39,68438.36,85.0,15.0,Cubierta (85.0% Contratos / 15.0% Bolsa),1368.76727625,515821.72745227156,793571.8883727575,730086.1373029369,-63485.7510698206,63485.7510698206,8.0
2026-12-25,25,2026-12-01,True,CARIBE_MAR,35225371.85,456255.75875,198804252.15000004,129222763.9,376.8513,387817.39,68438.36,85.0,15.0,Cubierta (85.0% Contratos / 15.0% Bolsa),1368.76727625,515821.72745227156,793571.8883727575,730086.1373029369,-63485.7510698206,63485.7510698206,8.0
2026-12-25,25,2026-12-01,True,CARIBE_SOL,27532609.25,456255.75875,198804252.15000004,129222763.9,376.8513,387817.39,68438.36,85.0,15.0,Cubierta (85.0% Contratos / 15.0% Bolsa),1368.76727625,515821.72745227156,793571.8883727575,730086.1373029369,-63485.7510698206,63485.7510698206,8.0
2026-12-25,25,2026-12-01,True,VALLE,22401716.51,456255.75875,198804252.15000004,129222763.9,376.8513,387817.39,68438.36,85.0,15.0,Cubierta (85.0% Contratos / 15.0% Bolsa),1368.76727625,515821.72745227156,793571.8883727575,730086.1373029369,-63485.7510698206,63485.7510698206,8.0
2026-12-25,25,2026-12-01,True,SANTANDER,17559887.33,456255.75875,198804252.15000004,129222763.9,376.8513,387817.39,68438.36,85.0,15.0,Cubierta (85.0% Contratos / 15.0% Bolsa),1368.76727625,515821.72745227156,793571.8883727575,730086.1373029369,-63485.7510698206,63485.7510698206,8.0
2026-12-25,25,2026-12-01,True,CUNDINAMARCA,11286541.65,456255.75875,198804252.15000004,129222763.9,376.8513,387817.39,68438.36,85.0,15.0,Cubierta (85.0% Contratos / 15.0% Bolsa),1368.76727625,515821.72745227156,793571.8883727575,730086.1373029369,-63485.7510698206,63485.7510698206,8.0
2026-12-25,25,2026-12-01,True,TOLIMA,9406152.39,456255.75875,198804252.15000004,129222763.9,376.8513,387817.39,68438.36,85.0,15.0,Cubierta (85.0% Contratos / 15.0% Bolsa),1368.76727625,515821.72745227156,793571.8883727575,730086.1373029369,-63485.7510698206,63485.7510698206,8.0
2026-12-26,26,2026-12-01,True,ANTIOQUIA,26578769.38,325867.81125,168407137.67000002,109464639.49,376.8838,276987.64,48880.17,85.0,15.0,Cubierta (85.0% Contratos / 15.0% Bolsa),977.6034337500001,368442.8970047483,566835.2261378492,521488.40804682125,-45346.818091027904,45346.818091027904,7.999999999999995
2026-12-26,26,2026-12-01,True,BOGOTA,37343977.52,325867.81125,168407137.67000002,109464639.49,376.8838,276987.64,48880.17,85.0,15.0,Cubierta (85.0% Contratos / 15.0% Bolsa),977.6034337500001,368442.8970047483,566835.2261378492,521488.40804682125,-45346.818091027904,45346.818091027904,7.999999999999995
2026-12-26,26,2026-12-01,True,CARIBE_MAR,29622678.65,325867.81125,168407137.67000002,109464639.49,376.8838,276987.64,48880.17,85.0,15.0,Cubierta (85.0% Contratos / 15.0% Bolsa),977.6034337500001,368442.8970047483,566835.2261378492,521488.40804682125,-45346.818091027904,45346.818091027904,7.999999999999995
2026-12-26,26,2026-12-01,True,CARIBE_SOL,23590757.17,325867.81125,168407137.67000002,109464639.49,376.8838,276987.64,48880.17,85.0,15.0,Cubierta (85.0% Contratos / 15.0% Bolsa),977.6034337500001,368442.8970047483,566835.2261378492,521488.40804682125,-45346.818091027904,45346.818091027904,7.999999999999995
2026-12-26,26,2026-12-01,True,VALLE,19079347.66,325867.81125,168407137.67000002,109464639.49,376.8838,276987.64,48880.17,85.0,15.0,Cubierta (85.0% Contratos / 15.0% Bolsa),977.6034337500001,368442.8970047483,566835.2261378492,521488.40804682125,-45346.818091027904,45346.818091027904,7.999999999999995
2026-12-26,26,2026-12-01,True,SANTANDER,14635979.72,325867.81125,168407137.67000002,109464639.49,376.8838,276987.64,48880.17,85.0,15.0,Cubierta (85.0% Contratos / 15.0% Bolsa),977.6034337500001,368442.8970047483,566835.2261378492,521488.40804682125,-45346.818091027904,45346.818091027904,7.999999999999995
2026-12-26,26,2026-12-01,True,CUNDINAMARCA,9589086.18,325867.81125,168407137.67000002,109464639.49,376.8838,276987.64,48880.17,85.0,15.0,Cubierta (85.0% Contratos / 15.0% Bolsa),977.6034337500001,368442.8970047483,566835.2261378492,521488.40804682125,-45346.818091027904,45346.818091027904,7.999999999999995
2026-12-26,26,2026-12-01,True,TOLIMA,7966541.39,325867.81125,168407137.67000002,109464639.49,376.8838,276987.64,48880.17,85.0,15.0,Cubierta (85.0% Contratos / 15.0% Bolsa),977.6034337500001,368442.8970047483,566835.2261378492,521488.40804682125,-45346.818091027904,45346.818091027904,7.999999999999995
2026-12-27,27,2026-12-01,True,ANTIOQUIA,26088514.92,323858.7025,167368838.23000002,108789744.85,376.997,275279.9,48578.81,85.0,15.0,Cubierta (85.0% Contratos / 15.0% Bolsa),971.5761075,366281.2777991775,563509.658149991,518428.8854979917,-45080.77265199926,45080.77265199926,7.9999999999999964
2026-12-27,27,2026-12-01,True,BOGOTA,36969562.9,323858.7025,167368838.23000002,108789744.85,376.997,275279.9,48578.81,85.0,15.0,Cubierta (85.0% Contratos / 15.0% Bolsa),971.5761075,366281.2777991775,563509.658149991,518428.8854979917,-45080.77265199926,45080.77265199926,7.9999999999999964
2026-12-27,27,2026-12-01,True,CARIBE_MAR,29251743.12,323858.7025,167368838.23000002,108789744.85,376.997,275279.9,48578.81,85.0,15.0,Cubierta (85.0% Contratos / 15.0% Bolsa),971.5761075,366281.2777991775,563509.658149991,518428.8854979917,-45080.77265199926,45080.77265199926,7.9999999999999964
2026-12-27,27,2026-12-01,True,CARIBE_SOL,23680126.89,323858.7025,167368838.23000002,108789744.85,376.997,275279.9,48578.81,85.0,15.0,Cubierta (85.0% Contratos / 15.0% Bolsa),971.5761075,366281.2777991775,563509.658149991,518428.8854979917,-45080.77265199926,45080.77265199926,7.9999999999999964
2026-12-27,27,2026-12-01,True,VALLE,19150987.94,323858.7025,167368838.23000002,108789744.85,376.997,275279.9,48578.81,85.0,15.0,Cubierta (85.0% Contratos / 15.0% Bolsa),971.5761075,366281.2777991775,563509.658149991,518428.8854979917,-45080.77265199926,45080.77265199926,7.9999999999999964
2026-12-27,27,2026-12-01,True,SANTANDER,14739248.28,323858.7025,167368838.23000002,108789744.85,376.997,275279.9,48578.81,85.0,15.0,Cubierta (85.0% Contratos / 15.0% Bolsa),971.5761075,366281.2777991775,563509.658149991,518428.8854979917,-45080.77265199926,45080.77265199926,7.9999999999999964
2026-12-27,27,2026-12-01,True,CUNDINAMARCA,9591236.43,323858.7025,167368838.23000002,108789744.85,376.997,275279.9,48578.81,85.0,15.0,Cubierta (85.0% Contratos / 15.0% Bolsa),971.5761075,366281.2777991775,563509.658149991,518428.8854979917,-45080.77265199926,45080.77265199926,7.9999999999999964
2026-12-27,27,2026-12-01,True,TOLIMA,7897417.75,323858.7025,167368838.23000002,108789744.85,376.997,275279.9,48578.81,85.0,15.0,Cubierta (85.0% Contratos / 15.0% Bolsa),971.5761075,366281.2777991775,563509.658149991,518428.8854979917,-45080.77265199926,45080.77265199926,7.9999999999999964
2026-12-28,28,2026-12-01,True,ANTIOQUIA,31465705.4,455709.95125,198566427.45,129068177.84,377.1917,387353.46,68356.49,85.0,15.0,Cubierta (85.0% Contratos / 15.0% Bolsa),1367.12985375,515670.0336567139,793338.513333388,729871.432266717,-63467.08106667106,63467.08106667106,8.000000000000004
2026-12-28,28,2026-12-01,True,BOGOTA,43556949.89,455709.95125,198566427.45,129068177.84,377.1917,387353.46,68356.49,85.0,15.0,Cubierta (85.0% Contratos / 15.0% Bolsa),1367.12985375,515670.0336567139,793338.513333388,729871.432266717,-63467.08106667106,63467.08106667106,8.000000000000004
2026-12-28,28,2026-12-01,True,CARIBE_MAR,34649202.5,455709.95125,198566427.45,129068177.84,377.1917,387353.46,68356.49,85.0,15.0,Cubierta (85.0% Contratos / 15.0% Bolsa),1367.12985375,515670.0336567139,793338.513333388,729871.432266717,-63467.08106667106,63467.08106667106,8.000000000000004
2026-12-28,28,2026-12-01,True,CARIBE_SOL,28169438.55,455709.95125,198566427.45,129068177.84,377.1917,387353.46,68356.49,85.0,15.0,Cubierta (85.0% Contratos / 15.0% Bolsa),1367.12985375,515670.0336567139,793338.513333388,729871.432266717,-63467.08106667106,63467.08106667106,8.000000000000004
2026-12-28,28,2026-12-01,True,VALLE,22415094.17,455709.95125,198566427.45,129068177.84,377.1917,387353.46,68356.49,85.0,15.0,Cubierta (85.0% Contratos / 15.0% Bolsa),1367.12985375,515670.0336567139,793338.513333388,729871.432266717,-63467.08106667106,63467.08106667106,8.000000000000004
2026-12-28,28,2026-12-01,True,SANTANDER,17618882.91,455709.95125,198566427.45,129068177.84,377.1917,387353.46,68356.49,85.0,15.0,Cubierta (85.0% Contratos / 15.0% Bolsa),1367.12985375,515670.0336567139,793338.513333388,729871.432266717,-63467.08106667106,63467.08106667106,8.000000000000004
2026-12-28,28,2026-12-01,True,CUNDINAMARCA,11362245.38,455709.95125,198566427.45,129068177.84,377.1917,387353.46,68356.49,85.0,15.0,Cubierta (85.0% Contratos / 15.0% Bolsa),1367.12985375,515670.0336567139,793338.513333388,729871.432266717,-63467.08106667106,63467.08106667106,8.000000000000004
2026-12-28,28,2026-12-01,True,TOLIMA,9328908.65,455709.95125,198566427.45,129068177.84,377.1917,387353.46,68356.49,85.0,15.0,Cubierta (85.0% Contratos / 15.0% Bolsa),1367.12985375,515670.0336567139,793338.513333388,729871.432266717,-63467.08106667106,63467.08106667106,8.000000000000004
2026-12-29,29,2026-12-01,True,ANTIOQUIA,31218740.9,453433.0975,197574334.2,128423317.23,377.467,385418.13,68014.96,85.0,15.0,Cubierta (85.0% Contratos / 15.0% Bolsa),1360.2992924999999,513468.0930420974,789950.9123724576,726754.839382661,-63196.07298979652,63196.07298979652,7.999999999999989
2026-12-29,29,2026-12-01,True,BOGOTA,43316248.08,453433.0975,197574334.2,128423317.23,377.467,385418.13,68014.96,85.0,15.0,Cubierta (85.0% Contratos / 15.0% Bolsa),1360.2992924999999,513468.0930420974,789950.9123724576,726754.839382661,-63196.07298979652,63196.07298979652,7.999999999999989
2026-12-29,29,2026-12-01,True,CARIBE_MAR,35153247.37,453433.0975,197574334.2,128423317.23,377.467,385418.13,68014.96,85.0,15.0,Cubierta (85.0% Contratos / 15.0% Bolsa),1360.2992924999999,513468.0930420974,789950.9123724576,726754.839382661,-63196.07298979652,63196.07298979652,7.999999999999989
2026-12-29,29,2026-12-01,True,CARIBE_SOL,27496385.69,453433.0975,197574334.2,128423317.23,377.467,385418.13,68014.96,85.0,15.0,Cubierta (85.0% Contratos / 15.0% Bolsa),1360.2992924999999,513468.0930420974,789950.9123724576,726754.839382661,-63196.07298979652,63196.07298979652,7.999999999999989
2026-12-29,29,2026-12-01,True,VALLE,22421955.84,453433.0975,197574334.2,128423317.23,377.467,385418.13,68014.96,85.0,15.0,Cubierta (85.0% Contratos / 15.0% Bolsa),1360.2992924999999,513468.0930420974,789950.9123724576,726754.839382661,-63196.07298979652,63196.07298979652,7.999999999999989
2026-12-29,29,2026-12-01,True,SANTANDER,17679463.83,453433.0975,197574334.2,128423317.23,377.467,385418.13,68014.96,85.0,15.0,Cubierta (85.0% Contratos / 15.0% Bolsa),1360.2992924999999,513468.0930420974,789950.9123724576,726754.839382661,-63196.07298979652,63196.07298979652,7.999999999999989
2026-12-29,29,2026-12-01,True,CUNDINAMARCA,10961019.94,453433.0975,197574334.2,128423317.23,377.467,385418.13,68014.96,85.0,15.0,Cubierta (85.0% Contratos / 15.0% Bolsa),1360.2992924999999,513468.0930420974,789950.9123724576,726754.839382661,-63196.07298979652,63196.07298979652,7.999999999999989
2026-12-29,29,2026-12-01,True,TOLIMA,9327272.55,453433.0975,197574334.2,128423317.23,377.467,385418.13,68014.96,85.0,15.0,Cubierta (85.0% Contratos / 15.0% Bolsa),1360.2992924999999,513468.0930420974,789950.9123724576,726754.839382661,-63196.07298979652,63196.07298979652,7.999999999999989
2026-12-30,30,2026-12-01,True,ANTIOQUIA,31386294.13,455822.06125,198615277.39999995,129099930.31,377.8203,387448.75,68373.31,85.0,15.0,Cubierta (85.0% Contratos / 15.0% Bolsa),1367.46618375,516656.4837842801,794856.1288988922,731267.6385869809,-63588.49031191133,63588.49031191133,7.999999999999995
2026-12-30,30,2026-12-01,True,BOGOTA,43859743.29,455822.06125,198615277.39999995,129099930.31,377.8203,387448.75,68373.31,85.0,15.0,Cubierta (85.0% Contratos / 15.0% Bolsa),1367.46618375,516656.4837842801,794856.1288988922,731267.6385869809,-63588.49031191133,63588.49031191133,7.999999999999995
2026-12-30,30,2026-12-01,True,CARIBE_MAR,35318044.64,455822.06125,198615277.39999995,129099930.31,377.8203,387448.75,68373.31,85.0,15.0,Cubierta (85.0% Contratos / 15.0% Bolsa),1367.46618375,516656.4837842801,794856.1288988922,731267.6385869809,-63588.49031191133,63588.49031191133,7.999999999999995
2026-12-30,30,2026-12-01,True,CARIBE_SOL,27885376.83,455822.06125,198615277.39999995,129099930.31,377.8203,387448.75,68373.31,85.0,15.0,Cubierta (85.0% Contratos / 15.0% Bolsa),1367.46618375,516656.4837842801,794856.1288988922,731267.6385869809,-63588.49031191133,63588.49031191133,7.999999999999995
2026-12-30,30,2026-12-01,True,VALLE,22019676.91,455822.06125,198615277.39999995,129099930.31,377.8203,387448.75,68373.31,85.0,15.0,Cubierta (85.0% Contratos / 15.0% Bolsa),1367.46618375,516656.4837842801,794856.1288988922,731267.6385869809,-63588.49031191133,63588.49031191133,7.999999999999995
2026-12-30,30,2026-12-01,True,SANTANDER,17600588.42,455822.06125,198615277.39999995,129099930.31,377.8203,387448.75,68373.31,85.0,15.0,Cubierta (85.0% Contratos / 15.0% Bolsa),1367.46618375,516656.4837842801,794856.1288988922,731267.6385869809,-63588.49031191133,63588.49031191133,7.999999999999995
2026-12-30,30,2026-12-01,True,CUNDINAMARCA,11157489.95,455822.06125,198615277.39999995,129099930.31,377.8203,387448.75,68373.31,85.0,15.0,Cubierta (85.0% Contratos / 15.0% Bolsa),1367.46618375,516656.4837842801,794856.1288988922,731267.6385869809,-63588.49031191133,63588.49031191133,7.999999999999995
2026-12-30,30,2026-12-01,True,TOLIMA,9388063.23,455822.06125,198615277.39999995,129099930.31,377.8203,387448.75,68373.31,85.0,15.0,Cubierta (85.0% Contratos / 15.0% Bolsa),1367.46618375,516656.4837842801,794856.1288988922,731267.6385869809,-63588.49031191133,63588.49031191133,7.999999999999995
2026-12-31,31,2026-12-01,True,ANTIOQUIA,31373897.19,455817.00125,198613072.44000003,129098497.09,378.2475,387444.45,68372.55,85.0,15.0,Cubierta (85.0% Contratos / 15.0% Bolsa),1367.45100375,517234.9235409281,795746.0361921571,732086.3532967846,-63659.682895372505,63659.682895372505,7.999999999999992
2026-12-31,31,2026-12-01,True,BOGOTA,43864191.65,455817.00125,198613072.44000003,129098497.09,378.2475,387444.45,68372.55,85.0,15.0,Cubierta (85.0% Contratos / 15.0% Bolsa),1367.45100375,517234.9235409281,795746.0361921571,732086.3532967846,-63659.682895372505,63659.682895372505,7.999999999999992
2026-12-31,31,2026-12-01,True,CARIBE_MAR,34896237.94,455817.00125,198613072.44000003,129098497.09,378.2475,387444.45,68372.55,85.0,15.0,Cubierta (85.0% Contratos / 15.0% Bolsa),1367.45100375,517234.9235409281,795746.0361921571,732086.3532967846,-63659.682895372505,63659.682895372505,7.999999999999992
2026-12-31,31,2026-12-01,True,CARIBE_SOL,27825113.93,455817.00125,198613072.44000003,129098497.09,378.2475,387444.45,68372.55,85.0,15.0,Cubierta (85.0% Contratos / 15.0% Bolsa),1367.45100375,517234.9235409281,795746.0361921571,732086.3532967846,-63659.682895372505,63659.682895372505,7.999999999999992
2026-12-31,31,2026-12-01,True,VALLE,22391609.41,455817.00125,198613072.44000003,129098497.09,378.2475,387444.45,68372.55,85.0,15.0,Cubierta (85.0% Contratos / 15.0% Bolsa),1367.45100375,517234.9235409281,795746.0361921571,732086.3532967846,-63659.682895372505,63659.682895372505,7.999999999999992
2026-12-31,31,2026-12-01,True,SANTANDER,17495916.71,455817.00125,198613072.44000003,129098497.09,378.2475,387444.45,68372.55,85.0,15.0,Cubierta (85.0% Contratos / 15.0% Bolsa),1367.45100375,517234.9235409281,795746.0361921571,732086.3532967846,-63659.682895372505,63659.682895372505,7.999999999999992
2026-12-31,31,2026-12-01,True,CUNDINAMARCA,11321658.89,455817.00125,198613072.44000003,129098497.09,378.2475,387444.45,68372.55,85.0,15.0,Cubierta (85.0% Contratos / 15.0% Bolsa),1367.45100375,517234.9235409281,795746.0361921571,732086.3532967846,-63659.682895372505,63659.682895372505,7.999999999999992
2026-12-31,31,2026-12-01,True,TOLIMA,9444446.72,455817.00125,198613072.44000003,129098497.09,378.2475,387444.45,68372.55,85.0,15.0,Cubierta (85.0% Contratos / 15.0% Bolsa),1367.45100375,517234.9235409281,795746.0361921571,732086.3532967846,-63659.682895372505,63659.682895372505,7.999999999999992
2027-01-01,1,2027-01-01,True,ANTIOQUIA,31052246.99,455092.21625,198297262.07,128893220.35,378.743,386828.38,68263.83,85.0,15.0,Cubierta (85.0% Contratos / 15.0% Bolsa),1365.27664875,517088.9737775213,795521.4980914897,731879.7782441705,-63641.71984731918,63641.71984731918,8.000000000000002
2027-01-01,1,2027-01-01,True,BOGOTA,43811045.12,455092.21625,198297262.07,128893220.35,378.743,386828.38,68263.83,85.0,15.0,Cubierta (85.0% Contratos / 15.0% Bolsa),1365.27664875,517088.9737775213,795521.4980914897,731879.7782441705,-63641.71984731918,63641.71984731918,8.000000000000002
2027-01-01,1,2027-01-01,True,CARIBE_MAR,35261328.59,455092.21625,198297262.07,128893220.35,378.743,386828.38,68263.83,85.0,15.0,Cubierta (85.0% Contratos / 15.0% Bolsa),1365.27664875,517088.9737775213,795521.4980914897,731879.7782441705,-63641.71984731918,63641.71984731918,8.000000000000002
2027-01-01,1,2027-01-01,True,CARIBE_SOL,27163657.61,455092.21625,198297262.07,128893220.35,378.743,386828.38,68263.83,85.0,15.0,Cubierta (85.0% Contratos / 15.0% Bolsa),1365.27664875,517088.9737775213,795521.4980914897,731879.7782441705,-63641.71984731918,63641.71984731918,8.000000000000002
2027-01-01,1,2027-01-01,True,VALLE,22717434.73,455092.21625,198297262.07,128893220.35,378.743,386828.38,68263.83,85.0,15.0,Cubierta (85.0% Contratos / 15.0% Bolsa),1365.27664875,517088.9737775213,795521.4980914897,731879.7782441705,-63641.71984731918,63641.71984731918,8.000000000000002
2027-01-01,1,2027-01-01,True,SANTANDER,17605963.3,455092.21625,198297262.07,128893220.35,378.743,386828.38,68263.83,85.0,15.0,Cubierta (85.0% Contratos / 15.0% Bolsa),1365.27664875,517088.9737775213,795521.4980914897,731879.7782441705,-63641.71984731918,63641.71984731918,8.000000000000002
2027-01-01,1,2027-01-01,True,CUNDINAMARCA,11259097.09,455092.21625,198297262.07,128893220.35,378.743,386828.38,68263.83,85.0,15.0,Cubierta (85.0% Contratos / 15.0% Bolsa),1365.27664875,517088.9737775213,795521.4980914897,731879.7782441705,-63641.71984731918,63641.71984731918,8.000000000000002
2027-01-01,1,2027-01-01,True,TOLIMA,9426488.64,455092.21625,198297262.07,128893220.35,378.743,386828.38,68263.83,85.0,15.0,Cubierta (85.0% Contratos / 15.0% Bolsa),1365.27664875,517088.9737775213,795521.4980914897,731879.7782441705,-63641.71984731918,63641.71984731918,8.000000000000002
2027-01-02,2,2027-01-01,True,ANTIOQUIA,26551513.58,323575.8475,167222660.12,108694729.08,379.2996,275039.47,48536.38,85.0,15.0,Cubierta (85.0% Contratos / 15.0% Bolsa),970.7275424999999,368196.56857923296,566456.2593422432,521139.75859486376,-45316.50074737944,45316.50074737944,7.999999999999997
2027-01-02,2,2027-01-01,True,BOGOTA,36822628.2,323575.8475,167222660.12,108694729.08,379.2996,275039.47,48536.38,85.0,15.0,Cubierta (85.0% Contratos / 15.0% Bolsa),970.7275424999999,368196.56857923296,566456.2593422432,521139.75859486376,-45316.50074737944,45316.50074737944,7.999999999999997
2027-01-02,2,2027-01-01,True,CARIBE_MAR,29474514.67,323575.8475,167222660.12,108694729.08,379.2996,275039.47,48536.38,85.0,15.0,Cubierta (85.0% Contratos / 15.0% Bolsa),970.7275424999999,368196.56857923296,566456.2593422432,521139.75859486376,-45316.50074737944,45316.50074737944,7.999999999999997
2027-01-02,2,2027-01-01,True,CARIBE_SOL,23325559.38,323575.8475,167222660.12,108694729.08,379.2996,275039.47,48536.38,85.0,15.0,Cubierta (85.0% Contratos / 15.0% Bolsa),970.7275424999999,368196.56857923296,566456.2593422432,521139.75859486376,-45316.50074737944,45316.50074737944,7.999999999999997
2027-01-02,2,2027-01-01,True,VALLE,18906771.45,323575.8475,167222660.12,108694729.08,379.2996,275039.47,48536.38,85.0,15.0,Cubierta (85.0% Contratos / 15.0% Bolsa),970.7275424999999,368196.56857923296,566456.2593422432,521139.75859486376,-45316.50074737944,45316.50074737944,7.999999999999997
2027-01-02,2,2027-01-01,True,SANTANDER,14710263.91,323575.8475,167222660.12,108694729.08,379.2996,275039.47,48536.38,85.0,15.0,Cubierta (85.0% Contratos / 15.0% Bolsa),970.7275424999999,368196.56857923296,566456.2593422432,521139.75859486376,-45316.50074737944,45316.50074737944,7.999999999999997
2027-01-02,2,2027-01-01,True,CUNDINAMARCA,9498735.43,323575.8475,167222660.12,108694729.08,379.2996,275039.47,48536.38,85.0,15.0,Cubierta (85.0% Contratos / 15.0% Bolsa),970.7275424999999,368196.56857923296,566456.2593422432,521139.75859486376,-45316.50074737944,45316.50074737944,7.999999999999997
2027-01-02,2,2027-01-01,True,TOLIMA,7932673.5,323575.8475,167222660.12,108694729.08,379.2996,275039.47,48536.38,85.0,15.0,Cubierta (85.0% Contratos / 15.0% Bolsa),970.7275424999999,368196.56857923296,566456.2593422432,521139.75859486376,-45316.50074737944,45316.50074737944,7.999999999999997
2027-01-03,3,2027-01-01,True,ANTIOQUIA,26558084.67,324252.26875,167572231.83,108921950.69,379.9092,275614.43,48637.84,85.0,15.0,Cubierta (85.0% Contratos / 15.0% Bolsa),972.75680625,369559.26005699247,568552.7077773786,523068.49115518836,-45484.21662219026,45484.21662219026,7.999999999999995
2027-01-03,3,2027-01-01,True,BOGOTA,36964021.93,324252.26875,167572231.83,108921950.69,379.9092,275614.43,48637.84,85.0,15.0,Cubierta (85.0% Contratos / 15.0% Bolsa),972.75680625,369559.26005699247,568552.7077773786,523068.49115518836,-45484.21662219026,45484.21662219026,7.999999999999995
2027-01-03,3,2027-01-01,True,CARIBE_MAR,29514439.02,324252.26875,167572231.83,108921950.69,379.9092,275614.43,48637.84,85.0,15.0,Cubierta (85.0% Contratos / 15.0% Bolsa),972.75680625,369559.26005699247,568552.7077773786,523068.49115518836,-45484.21662219026,45484.21662219026,7.999999999999995
2027-01-03,3,2027-01-01,True,CARIBE_SOL,23149348.82,324252.26875,167572231.83,108921950.69,379.9092,275614.43,48637.84,85.0,15.0,Cubierta (85.0% Contratos / 15.0% Bolsa),972.75680625,369559.26005699247,568552.7077773786,523068.49115518836,-45484.21662219026,45484.21662219026,7.999999999999995
2027-01-03,3,2027-01-01,True,VALLE,19105995.4,324252.26875,167572231.83,108921950.69,379.9092,275614.43,48637.84,85.0,15.0,Cubierta (85.0% Contratos / 15.0% Bolsa),972.75680625,369559.26005699247,568552.7077773786,523068.49115518836,-45484.21662219026,45484.21662219026,7.999999999999995
2027-01-03,3,2027-01-01,True,SANTANDER,14938127.68,324252.26875,167572231.83,108921950.69,379.9092,275614.43,48637.84,85.0,15.0,Cubierta (85.0% Contratos / 15.0% Bolsa),972.75680625,369559.26005699247,568552.7077773786,523068.49115518836,-45484.21662219026,45484.21662219026,7.999999999999995
2027-01-03,3,2027-01-01,True,CUNDINAMARCA,9557259.13,324252.26875,167572231.83,108921950.69,379.9092,275614.43,48637.84,85.0,15.0,Cubierta (85.0% Contratos / 15.0% Bolsa),972.75680625,369559.26005699247,568552.7077773786,523068.49115518836,-45484.21662219026,45484.21662219026,7.999999999999995
2027-01-03,3,2027-01-01,True,TOLIMA,7784955.18,324252.26875,167572231.83,108921950.69,379.9092,275614.43,48637.84,85.0,15.0,Cubierta (85.0% Contratos / 15.0% Bolsa),972.75680625,369559.26005699247,568552.7077773786,523068.49115518836,-45484.21662219026,45484.21662219026,7.999999999999995
2027-01-04,4,2027-01-01,True,ANTIOQUIA,31566976.25,459553.47625,200241165.92000002,130156757.85,380.5623,390620.45,68933.02,85.0,15.0,Cubierta (85.0% Contratos / 15.0% Bolsa),1378.66042875,524666.1836840861,807178.7441169602,742604.4445876034,-64574.299529356766,64574.299529356766,7.999999999999993
2027-01-04,4,2027-01-01,True,BOGOTA,44408491.81,459553.47625,200241165.92000002,130156757.85,380.5623,390620.45,68933.02,85.0,15.0,Cubierta (85.0% Contratos / 15.0% Bolsa),1378.66042875,524666.1836840861,807178.7441169602,742604.4445876034,-64574.299529356766,64574.299529356766,7.999999999999993
2027-01-04,4,2027-01-01,True,CARIBE_MAR,35223907.21,459553.47625,200241165.92000002,130156757.85,380.5623,390620.45,68933.02,85.0,15.0,Cubierta (85.0% Contratos / 15.0% Bolsa),1378.66042875,524666.1836840861,807178.7441169602,742604.4445876034,-64574.299529356766,64574.299529356766,7.999999999999993
2027-01-04,4,2027-01-01,True,CARIBE_SOL,27755083.44,459553.47625,200241165.92000002,130156757.85,380.5623,390620.45,68933.02,85.0,15.0,Cubierta (85.0% Contratos / 15.0% Bolsa),1378.66042875,524666.1836840861,807178.7441169602,742604.4445876034,-64574.299529356766,64574.299529356766,7.999999999999993
2027-01-04,4,2027-01-01,True,VALLE,22824570.51,459553.47625,200241165.92000002,130156757.85,380.5623,390620.45,68933.02,85.0,15.0,Cubierta (85.0% Contratos / 15.0% Bolsa),1378.66042875,524666.1836840861,807178.7441169602,742604.4445876034,-64574.299529356766,64574.299529356766,7.999999999999993
2027-01-04,4,2027-01-01,True,SANTANDER,17649200.9,459553.47625,200241165.92000002,130156757.85,380.5623,390620.45,68933.02,85.0,15.0,Cubierta (85.0% Contratos / 15.0% Bolsa),1378.66042875,524666.1836840861,807178.7441169602,742604.4445876034,-64574.299529356766,64574.299529356766,7.999999999999993
2027-01-04,4,2027-01-01,True,CUNDINAMARCA,11343101.31,459553.47625,200241165.92000002,130156757.85,380.5623,390620.45,68933.02,85.0,15.0,Cubierta (85.0% Contratos / 15.0% Bolsa),1378.66042875,524666.1836840861,807178.7441169602,742604.4445876034,-64574.299529356766,64574.299529356766,7.999999999999993
2027-01-04,4,2027-01-01,True,TOLIMA,9469834.49,459553.47625,200241165.92000002,130156757.85,380.5623,390620.45,68933.02,85.0,15.0,Cubierta (85.0% Contratos / 15.0% Bolsa),1378.66042875,524666.1836840861,807178.7441169602,742604.4445876034,-64574.299529356766,64574.299529356766,7.999999999999993
2027-01-05,5,2027-01-01,True,ANTIOQUIA,31041023.73,454514.0825,198045352.0,128729478.8,381.2487,386336.97,68177.11,85.0,15.0,Cubierta (85.0% Contratos / 15.0% Bolsa),1363.5422475,519848.70925445325,799767.2450068512,735785.8654063031,-63981.37960054807,63981.37960054807,7.999999999999997
2027-01-05,5,2027-01-01,True,BOGOTA,43577497.08,454514.0825,198045352.0,128729478.8,381.2487,386336.97,68177.11,85.0,15.0,Cubierta (85.0% Contratos / 15.0% Bolsa),1363.5422475,519848.70925445325,799767.2450068512,735785.8654063031,-63981.37960054807,63981.37960054807,7.999999999999997
2027-01-05,5,2027-01-01,True,CARIBE_MAR,34690385.26,454514.0825,198045352.0,128729478.8,381.2487,386336.97,68177.11,85.0,15.0,Cubierta (85.0% Contratos / 15.0% Bolsa),1363.5422475,519848.70925445325,799767.2450068512,735785.8654063031,-63981.37960054807,63981.37960054807,7.999999999999997
2027-01-05,5,2027-01-01,True,CARIBE_SOL,27463504.59,454514.0825,198045352.0,128729478.8,381.2487,386336.97,68177.11,85.0,15.0,Cubierta (85.0% Contratos / 15.0% Bolsa),1363.5422475,519848.70925445325,799767.2450068512,735785.8654063031,-63981.37960054807,63981.37960054807,7.999999999999997
2027-01-05,5,2027-01-01,True,VALLE,22942118.47,454514.0825,198045352.0,128729478.8,381.2487,386336.97,68177.11,85.0,15.0,Cubierta (85.0% Contratos / 15.0% Bolsa),1363.5422475,519848.70925445325,799767.2450068512,735785.8654063031,-63981.37960054807,63981.37960054807,7.999999999999997
2027-01-05,5,2027-01-01,True,SANTANDER,17571553.49,454514.0825,198045352.0,128729478.8,381.2487,386336.97,68177.11,85.0,15.0,Cubierta (85.0% Contratos / 15.0% Bolsa),1363.5422475,519848.70925445325,799767.2450068512,735785.8654063031,-63981.37960054807,63981.37960054807,7.999999999999997
2027-01-05,5,2027-01-01,True,CUNDINAMARCA,11386118.03,454514.0825,198045352.0,128729478.8,381.2487,386336.97,68177.11,85.0,15.0,Cubierta (85.0% Contratos / 15.0% Bolsa),1363.5422475,519848.70925445325,799767.2450068512,735785.8654063031,-63981.37960054807,63981.37960054807,7.999999999999997
2027-01-05,5,2027-01-01,True,TOLIMA,9373151.35,454514.0825,198045352.0,128729478.8,381.2487,386336.97,68177.11,85.0,15.0,Cubierta (85.0% Contratos / 15.0% Bolsa),1363.5422475,519848.70925445325,799767.2450068512,735785.8654063031,-63981.37960054807,63981.37960054807,7.999999999999997
2027-01-06,6,2027-01-01,True,ANTIOQUIA,31126122.23,457149.8075,199193815.71,129475980.21,381.9575,388577.34,68572.47,85.0,15.0,Cubierta (85.0% Contratos / 15.0% Bolsa),1371.4494225,523835.39279454376,805900.6043086344,741428.5559639437,-64472.0483446907,64472.0483446907,7.999999999999993
2027-01-06,6,2027-01-01,True,BOGOTA,43769396.41,457149.8075,199193815.71,129475980.21,381.9575,388577.34,68572.47,85.0,15.0,Cubierta (85.0% Contratos / 15.0% Bolsa),1371.4494225,523835.39279454376,805900.6043086344,741428.5559639437,-64472.0483446907,64472.0483446907,7.999999999999993
2027-01-06,6,2027-01-01,True,CARIBE_MAR,35571434.68,457149.8075,199193815.71,129475980.21,381.9575,388577.34,68572.47,85.0,15.0,Cubierta (85.0% Contratos / 15.0% Bolsa),1371.4494225,523835.39279454376,805900.6043086344,741428.5559639437,-64472.0483446907,64472.0483446907,7.999999999999993
2027-01-06,6,2027-01-01,True,CARIBE_SOL,27576039.8,457149.8075,199193815.71,129475980.21,381.9575,388577.34,68572.47,85.0,15.0,Cubierta (85.0% Contratos / 15.0% Bolsa),1371.4494225,523835.39279454376,805900.6043086344,741428.5559639437,-64472.0483446907,64472.0483446907,7.999999999999993
2027-01-06,6,2027-01-01,True,VALLE,22668988.78,457149.8075,199193815.71,129475980.21,381.9575,388577.34,68572.47,85.0,15.0,Cubierta (85.0% Contratos / 15.0% Bolsa),1371.4494225,523835.39279454376,805900.6043086344,741428.5559639437,-64472.0483446907,64472.0483446907,7.999999999999993
2027-01-06,6,2027-01-01,True,SANTANDER,17750165.74,457149.8075,199193815.71,129475980.21,381.9575,388577.34,68572.47,85.0,15.0,Cubierta (85.0% Contratos / 15.0% Bolsa),1371.4494225,523835.39279454376,805900.6043086344,741428.5559639437,-64472.0483446907,64472.0483446907,7.999999999999993
2027-01-06,6,2027-01-01,True,CUNDINAMARCA,11303372.56,457149.8075,199193815.71,129475980.21,381.9575,388577.34,68572.47,85.0,15.0,Cubierta (85.0% Contratos / 15.0% Bolsa),1371.4494225,523835.39279454376,805900.6043086344,741428.5559639437,-64472.0483446907,64472.0483446907,7.999999999999993
2027-01-06,6,2027-01-01,True,TOLIMA,9428295.51,457149.8075,199193815.71,129475980.21,381.9575,388577.34,68572.47,85.0,15.0,Cubierta (85.0% Contratos / 15.0% Bolsa),1371.4494225,523835.39279454376,805900.6043086344,741428.5559639437,-64472.0483446907,64472.0483446907,7.999999999999993
2027-01-07,7,2027-01-01,True,ANTIOQUIA,31490122.56,458469.735,199768947.82999998,129849816.09,382.6772,389699.27,68770.46,85.0,15.0,Cubierta (85.0% Contratos / 15.0% Bolsa),1375.409205,526337.7434236261,809750.3744947681,744970.3445351867,-64780.02995958144,64780.02995958144,7.999999999999999
2027-01-07,7,2027-01-01,True,BOGOTA,44255312.91,458469.735,199768947.82999998,129849816.09,382.6772,389699.27,68770.46,85.0,15.0,Cubierta (85.0% Contratos / 15.0% Bolsa),1375.409205,526337.7434236261,809750.3744947681,744970.3445351867,-64780.02995958144,64780.02995958144,7.999999999999999
2027-01-07,7,2027-01-01,True,CARIBE_MAR,35478819.22,458469.735,199768947.82999998,129849816.09,382.6772,389699.27,68770.46,85.0,15.0,Cubierta (85.0% Contratos / 15.0% Bolsa),1375.409205,526337.7434236261,809750.3744947681,744970.3445351867,-64780.02995958144,64780.02995958144,7.999999999999999
2027-01-07,7,2027-01-01,True,CARIBE_SOL,27597951.59,458469.735,199768947.82999998,129849816.09,382.6772,389699.27,68770.46,85.0,15.0,Cubierta (85.0% Contratos / 15.0% Bolsa),1375.409205,526337.7434236261,809750.3744947681,744970.3445351867,-64780.02995958144,64780.02995958144,7.999999999999999
2027-01-07,7,2027-01-01,True,VALLE,22442874.75,458469.735,199768947.82999998,129849816.09,382.6772,389699.27,68770.46,85.0,15.0,Cubierta (85.0% Contratos / 15.0% Bolsa),1375.409205,526337.7434236261,809750.3744947681,744970.3445351867,-64780.02995958144,64780.02995958144,7.999999999999999
2027-01-07,7,2027-01-01,True,SANTANDER,17680861.2,458469.735,199768947.82999998,129849816.09,382.6772,389699.27,68770.46,85.0,15.0,Cubierta (85.0% Contratos / 15.0% Bolsa),1375.409205,526337.7434236261,809750.3744947681,744970.3445351867,-64780.02995958144,64780.02995958144,7.999999999999999
2027-01-07,7,2027-01-01,True,CUNDINAMARCA,11300548.7,458469.735,199768947.82999998,129849816.09,382.6772,389699.27,68770.46,85.0,15.0,Cubierta (85.0% Contratos / 15.0% Bolsa),1375.409205,526337.7434236261,809750.3744947681,744970.3445351867,-64780.02995958144,64780.02995958144,7.999999999999999
2027-01-07,7,2027-01-01,True,TOLIMA,9522456.9,458469.735,199768947.82999998,129849816.09,382.6772,389699.27,68770.46,85.0,15.0,Cubierta (85.0% Contratos / 15.0% Bolsa),1375.409205,526337.7434236261,809750.3744947681,744970.3445351867,-64780.02995958144,64780.02995958144,7.999999999999999
2027-01-08,8,2027-01-01,True,ANTIOQUIA,31513312.69,458216.45125,199658584.47000003,129778079.91,383.3964,389483.98,68732.47,85.0,15.0,Cubierta (85.0% Contratos / 15.0% Bolsa),1374.64935375,527035.6134900765,810824.0207258491,745958.0990677812,-64865.92165806785,64865.92165806785,7.99999999999999
2027-01-08,8,2027-01-01,True,BOGOTA,43783274.19,458216.45125,199658584.47000003,129778079.91,383.3964,389483.98,68732.47,85.0,15.0,Cubierta (85.0% Contratos / 15.0% Bolsa),1374.64935375,527035.6134900765,810824.0207258491,745958.0990677812,-64865.92165806785,64865.92165806785,7.99999999999999
2027-01-08,8,2027-01-01,True,CARIBE_MAR,35438534.68,458216.45125,199658584.47000003,129778079.91,383.3964,389483.98,68732.47,85.0,15.0,Cubierta (85.0% Contratos / 15.0% Bolsa),1374.64935375,527035.6134900765,810824.0207258491,745958.0990677812,-64865.92165806785,64865.92165806785,7.99999999999999
2027-01-08,8,2027-01-01,True,CARIBE_SOL,27941542.07,458216.45125,199658584.47000003,129778079.91,383.3964,389483.98,68732.47,85.0,15.0,Cubierta (85.0% Contratos / 15.0% Bolsa),1374.64935375,527035.6134900765,810824.0207258491,745958.0990677812,-64865.92165806785,64865.92165806785,7.99999999999999
2027-01-08,8,2027-01-01,True,VALLE,22537725.43,458216.45125,199658584.47000003,129778079.91,383.3964,389483.98,68732.47,85.0,15.0,Cubierta (85.0% Contratos / 15.0% Bolsa),1374.64935375,527035.6134900765,810824.0207258491,745958.0990677812,-64865.92165806785,64865.92165806785,7.99999999999999
2027-01-08,8,2027-01-01,True,SANTANDER,17695256.17,458216.45125,199658584.47000003,129778079.91,383.3964,389483.98,68732.47,85.0,15.0,Cubierta (85.0% Contratos / 15.0% Bolsa),1374.64935375,527035.6134900765,810824.0207258491,745958.0990677812,-64865.92165806785,64865.92165806785,7.99999999999999
2027-01-08,8,2027-01-01,True,CUNDINAMARCA,11343571.83,458216.45125,199658584.47000003,129778079.91,383.3964,389483.98,68732.47,85.0,15.0,Cubierta (85.0% Contratos / 15.0% Bolsa),1374.64935375,527035.6134900765,810824.0207258491,745958.0990677812,-64865.92165806785,64865.92165806785,7.99999999999999
2027-01-08,8,2027-01-01,True,TOLIMA,9405367.41,458216.45125,199658584.47000003,129778079.91,383.3964,389483.98,68732.47,85.0,15.0,Cubierta (85.0% Contratos / 15.0% Bolsa),1374.64935375,527035.6134900765,810824.0207258491,745958.0990677812,-64865.92165806785,64865.92165806785,7.99999999999999
2027-01-09,9,2027-01-01,True,ANTIOQUIA,26435289.62,325523.20875,168229048.18,109348881.32,384.1034,276694.73,48828.48,85.0,15.0,Cubierta (85.0% Contratos / 15.0% Bolsa),976.5696262499999,375103.71377935424,577082.6365677896,530916.0256423665,-46166.6109254231,46166.6109254231,7.999999999999988
2027-01-09,9,2027-01-01,True,BOGOTA,37207963.2,325523.20875,168229048.18,109348881.32,384.1034,276694.73,48828.48,85.0,15.0,Cubierta (85.0% Contratos / 15.0% Bolsa),976.5696262499999,375103.71377935424,577082.6365677896,530916.0256423665,-46166.6109254231,46166.6109254231,7.999999999999988
2027-01-09,9,2027-01-01,True,CARIBE_MAR,29667525.6,325523.20875,168229048.18,109348881.32,384.1034,276694.73,48828.48,85.0,15.0,Cubierta (85.0% Contratos / 15.0% Bolsa),976.5696262499999,375103.71377935424,577082.6365677896,530916.0256423665,-46166.6109254231,46166.6109254231,7.999999999999988
2027-01-09,9,2027-01-01,True,CARIBE_SOL,23404269.84,325523.20875,168229048.18,109348881.32,384.1034,276694.73,48828.48,85.0,15.0,Cubierta (85.0% Contratos / 15.0% Bolsa),976.5696262499999,375103.71377935424,577082.6365677896,530916.0256423665,-46166.6109254231,46166.6109254231,7.999999999999988
2027-01-09,9,2027-01-01,True,VALLE,19108856.98,325523.20875,168229048.18,109348881.32,384.1034,276694.73,48828.48,85.0,15.0,Cubierta (85.0% Contratos / 15.0% Bolsa),976.5696262499999,375103.71377935424,577082.6365677896,530916.0256423665,-46166.6109254231,46166.6109254231,7.999999999999988
2027-01-09,9,2027-01-01,True,SANTANDER,14904454.72,325523.20875,168229048.18,109348881.32,384.1034,276694.73,48828.48,85.0,15.0,Cubierta (85.0% Contratos / 15.0% Bolsa),976.5696262499999,375103.71377935424,577082.6365677896,530916.0256423665,-46166.6109254231,46166.6109254231,7.999999999999988
2027-01-09,9,2027-01-01,True,CUNDINAMARCA,9535604.05,325523.20875,168229048.18,109348881.32,384.1034,276694.73,48828.48,85.0,15.0,Cubierta (85.0% Contratos / 15.0% Bolsa),976.5696262499999,375103.71377935424,577082.6365677896,530916.0256423665,-46166.6109254231,46166.6109254231,7.999999999999988
2027-01-09,9,2027-01-01,True,TOLIMA,7965084.17,325523.20875,168229048.18,109348881.32,384.1034,276694.73,48828.48,85.0,15.0,Cubierta (85.0% Contratos / 15.0% Bolsa),976.5696262499999,375103.71377935424,577082.6365677896,530916.0256423665,-46166.6109254231,46166.6109254231,7.999999999999988
2027-01-10,10,2027-01-01,True,ANTIOQUIA,26314036.77,324877.4175,167895306.35999998,109131949.13,384.7867,276145.8,48731.61,85.0,15.0,Cubierta (85.0% Contratos / 15.0% Bolsa),974.6322524999999,375025.5281530417,576962.351025827,530805.3629437608,-46156.98808206618,46156.98808206618,8.000000000000004
2027-01-10,10,2027-01-01,True,BOGOTA,36857000.96,324877.4175,167895306.35999998,109131949.13,384.7867,276145.8,48731.61,85.0,15.0,Cubierta (85.0% Contratos / 15.0% Bolsa),974.6322524999999,375025.5281530417,576962.351025827,530805.3629437608,-46156.98808206618,46156.98808206618,8.000000000000004
2027-01-10,10,2027-01-01,True,CARIBE_MAR,29510285.09,324877.4175,167895306.35999998,109131949.13,384.7867,276145.8,48731.61,85.0,15.0,Cubierta (85.0% Contratos / 15.0% Bolsa),974.6322524999999,375025.5281530417,576962.351025827,530805.3629437608,-46156.98808206618,46156.98808206618,8.000000000000004
2027-01-10,10,2027-01-01,True,CARIBE_SOL,23535736.84,324877.4175,167895306.35999998,109131949.13,384.7867,276145.8,48731.61,85.0,15.0,Cubierta (85.0% Contratos / 15.0% Bolsa),974.6322524999999,375025.5281530417,576962.351025827,530805.3629437608,-46156.98808206618,46156.98808206618,8.000000000000004
2027-01-10,10,2027-01-01,True,VALLE,19165697.15,324877.4175,167895306.35999998,109131949.13,384.7867,276145.8,48731.61,85.0,15.0,Cubierta (85.0% Contratos / 15.0% Bolsa),974.6322524999999,375025.5281530417,576962.351025827,530805.3629437608,-46156.98808206618,46156.98808206618,8.000000000000004
2027-01-10,10,2027-01-01,True,SANTANDER,15021726.84,324877.4175,167895306.35999998,109131949.13,384.7867,276145.8,48731.61,85.0,15.0,Cubierta (85.0% Contratos / 15.0% Bolsa),974.6322524999999,375025.5281530417,576962.351025827,530805.3629437608,-46156.98808206618,46156.98808206618,8.000000000000004
2027-01-10,10,2027-01-01,True,CUNDINAMARCA,9572516.17,324877.4175,167895306.35999998,109131949.13,384.7867,276145.8,48731.61,85.0,15.0,Cubierta (85.0% Contratos / 15.0% Bolsa),974.6322524999999,375025.5281530417,576962.351025827,530805.3629437608,-46156.98808206618,46156.98808206618,8.000000000000004
2027-01-10,10,2027-01-01,True,TOLIMA,7918306.54,324877.4175,167895306.35999998,109131949.13,384.7867,276145.8,48731.61,85.0,15.0,Cubierta (85.0% Contratos / 15.0% Bolsa),974.6322524999999,375025.5281530417,576962.351025827,530805.3629437608,-46156.98808206618,46156.98808206618,8.000000000000004
2027-01-11,11,2027-01-01,True,ANTIOQUIA,31699298.5,458086.5175,199601968.29000002,129741279.39,385.4357,389373.54,68712.98,85.0,15.0,Cubierta (85.0% Contratos / 15.0% Bolsa),1374.2595525000002,529688.6925995243,814905.6809129236,749713.2264398898,-65192.4544730339,65192.4544730339,8.0
2027-01-11,11,2027-01-01,True,BOGOTA,44453517.64,458086.5175,199601968.29000002,129741279.39,385.4357,389373.54,68712.98,85.0,15.0,Cubierta (85.0% Contratos / 15.0% Bolsa),1374.2595525000002,529688.6925995243,814905.6809129236,749713.2264398898,-65192.4544730339,65192.4544730339,8.0
2027-01-11,11,2027-01-01,True,CARIBE_MAR,35251334.84,458086.5175,199601968.29000002,129741279.39,385.4357,389373.54,68712.98,85.0,15.0,Cubierta (85.0% Contratos / 15.0% Bolsa),1374.2595525000002,529688.6925995243,814905.6809129236,749713.2264398898,-65192.4544730339,65192.4544730339,8.0
2027-01-11,11,2027-01-01,True,CARIBE_SOL,27573776.84,458086.5175,199601968.29000002,129741279.39,385.4357,389373.54,68712.98,85.0,15.0,Cubierta (85.0% Contratos / 15.0% Bolsa),1374.2595525000002,529688.6925995243,814905.6809129236,749713.2264398898,-65192.4544730339,65192.4544730339,8.0
2027-01-11,11,2027-01-01,True,VALLE,22418487.57,458086.5175,199601968.29000002,129741279.39,385.4357,389373.54,68712.98,85.0,15.0,Cubierta (85.0% Contratos / 15.0% Bolsa),1374.2595525000002,529688.6925995243,814905.6809129236,749713.2264398898,-65192.4544730339,65192.4544730339,8.0
2027-01-11,11,2027-01-01,True,SANTANDER,17529749.24,458086.5175,199601968.29000002,129741279.39,385.4357,389373.54,68712.98,85.0,15.0,Cubierta (85.0% Contratos / 15.0% Bolsa),1374.2595525000002,529688.6925995243,814905.6809129236,749713.2264398898,-65192.4544730339,65192.4544730339,8.0
2027-01-11,11,2027-01-01,True,CUNDINAMARCA,11180460.58,458086.5175,199601968.29000002,129741279.39,385.4357,389373.54,68712.98,85.0,15.0,Cubierta (85.0% Contratos / 15.0% Bolsa),1374.2595525000002,529688.6925995243,814905.6809129236,749713.2264398898,-65192.4544730339,65192.4544730339,8.0
2027-01-11,11,2027-01-01,True,TOLIMA,9495343.08,458086.5175,199601968.29000002,129741279.39,385.4357,389373.54,68712.98,85.0,15.0,Cubierta (85.0% Contratos / 15.0% Bolsa),1374.2595525000002,529688.6925995243,814905.6809129236,749713.2264398898,-65192.4544730339,65192.4544730339,8.0
2027-01-12,12,2027-01-01,True,ANTIOQUIA,31627020.6,457766.95625,199462726.23,129650772.05,386.0401,389101.91,68665.04,85.0,15.0,Cubierta (85.0% Contratos / 15.0% Bolsa),1373.30086875,530149.2047023369,815614.1610773727,750365.028191183,-65249.132886189735,65249.132886189735,7.999999999999989
2027-01-12,12,2027-01-01,True,BOGOTA,43996757.98,457766.95625,199462726.23,129650772.05,386.0401,389101.91,68665.04,85.0,15.0,Cubierta (85.0% Contratos / 15.0% Bolsa),1373.30086875,530149.2047023369,815614.1610773727,750365.028191183,-65249.132886189735,65249.132886189735,7.999999999999989
2027-01-12,12,2027-01-01,True,CARIBE_MAR,35666132.88,457766.95625,199462726.23,129650772.05,386.0401,389101.91,68665.04,85.0,15.0,Cubierta (85.0% Contratos / 15.0% Bolsa),1373.30086875,530149.2047023369,815614.1610773727,750365.028191183,-65249.132886189735,65249.132886189735,7.999999999999989
2027-01-12,12,2027-01-01,True,CARIBE_SOL,27429198.82,457766.95625,199462726.23,129650772.05,386.0401,389101.91,68665.04,85.0,15.0,Cubierta (85.0% Contratos / 15.0% Bolsa),1373.30086875,530149.2047023369,815614.1610773727,750365.028191183,-65249.132886189735,65249.132886189735,7.999999999999989
2027-01-12,12,2027-01-01,True,VALLE,22474597.03,457766.95625,199462726.23,129650772.05,386.0401,389101.91,68665.04,85.0,15.0,Cubierta (85.0% Contratos / 15.0% Bolsa),1373.30086875,530149.2047023369,815614.1610773727,750365.028191183,-65249.132886189735,65249.132886189735,7.999999999999989
2027-01-12,12,2027-01-01,True,SANTANDER,17708141.07,457766.95625,199462726.23,129650772.05,386.0401,389101.91,68665.04,85.0,15.0,Cubierta (85.0% Contratos / 15.0% Bolsa),1373.30086875,530149.2047023369,815614.1610773727,750365.028191183,-65249.132886189735,65249.132886189735,7.999999999999989
2027-01-12,12,2027-01-01,True,CUNDINAMARCA,11338225.48,457766.95625,199462726.23,129650772.05,386.0401,389101.91,68665.04,85.0,15.0,Cubierta (85.0% Contratos / 15.0% Bolsa),1373.30086875,530149.2047023369,815614.1610773727,750365.028191183,-65249.132886189735,65249.132886189735,7.999999999999989
2027-01-12,12,2027-01-01,True,TOLIMA,9222652.37,457766.95625,199462726.23,129650772.05,386.0401,389101.91,68665.04,85.0,15.0,Cubierta (85.0% Contratos / 15.0% Bolsa),1373.30086875,530149.2047023369,815614.1610773727,750365.028191183,-65249.132886189735,65249.132886189735,7.999999999999989
2027-01-13,13,2027-01-01,True,ANTIOQUIA,31429389.4,457860.84375,199503635.58999997,129677363.13,386.5906,389181.72,68679.13,85.0,15.0,Cubierta (85.0% Contratos / 15.0% Bolsa),1373.58253125,531014.0949054563,816944.7614150589,751589.1805018542,-65355.5809132047,65355.5809132047,7.999999999999999
2027-01-13,13,2027-01-01,True,BOGOTA,43576392.63,457860.84375,199503635.58999997,129677363.13,386.5906,389181.72,68679.13,85.0,15.0,Cubierta (85.0% Contratos / 15.0% Bolsa),1373.58253125,531014.0949054563,816944.7614150589,751589.1805018542,-65355.5809132047,65355.5809132047,7.999999999999999
2027-01-13,13,2027-01-01,True,CARIBE_MAR,35574429.38,457860.84375,199503635.58999997,129677363.13,386.5906,389181.72,68679.13,85.0,15.0,Cubierta (85.0% Contratos / 15.0% Bolsa),1373.58253125,531014.0949054563,816944.7614150589,751589.1805018542,-65355.5809132047,65355.5809132047,7.999999999999999
2027-01-13,13,2027-01-01,True,CARIBE_SOL,27891012.61,457860.84375,199503635.58999997,129677363.13,386.5906,389181.72,68679.13,85.0,15.0,Cubierta (85.0% Contratos / 15.0% Bolsa),1373.58253125,531014.0949054563,816944.7614150589,751589.1805018542,-65355.5809132047,65355.5809132047,7.999999999999999
2027-01-13,13,2027-01-01,True,VALLE,22700620.07,457860.84375,199503635.58999997,129677363.13,386.5906,389181.72,68679.13,85.0,15.0,Cubierta (85.0% Contratos / 15.0% Bolsa),1373.58253125,531014.0949054563,816944.7614150589,751589.1805018542,-65355.5809132047,65355.5809132047,7.999999999999999
2027-01-13,13,2027-01-01,True,SANTANDER,17665383.56,457860.84375,199503635.58999997,129677363.13,386.5906,389181.72,68679.13,85.0,15.0,Cubierta (85.0% Contratos / 15.0% Bolsa),1373.58253125,531014.0949054563,816944.7614150589,751589.1805018542,-65355.5809132047,65355.5809132047,7.999999999999999
2027-01-13,13,2027-01-01,True,CUNDINAMARCA,11287184.85,457860.84375,199503635.58999997,129677363.13,386.5906,389181.72,68679.13,85.0,15.0,Cubierta (85.0% Contratos / 15.0% Bolsa),1373.58253125,531014.0949054563,816944.7614150589,751589.1805018542,-65355.5809132047,65355.5809132047,7.999999999999999
2027-01-13,13,2027-01-01,True,TOLIMA,9379223.09,457860.84375,199503635.58999997,129677363.13,386.5906,389181.72,68679.13,85.0,15.0,Cubierta (85.0% Contratos / 15.0% Bolsa),1373.58253125,531014.0949054563,816944.7614150589,751589.1805018542,-65355.5809132047,65355.5809132047,7.999999999999999
2027-01-14,14,2027-01-01,True,ANTIOQUIA,31887331.7,458289.48375,199690406.69,129798764.35,387.0791,389546.06,68743.42,85.0,15.0,Cubierta (85.0% Contratos / 15.0% Bolsa),1374.8684512500001,532182.8427282439,818742.8349570675,753243.4081605021,-65499.426796565414,65499.426796565414,8.000000000000002
2027-01-14,14,2027-01-01,True,BOGOTA,43805631.5,458289.48375,199690406.69,129798764.35,387.0791,389546.06,68743.42,85.0,15.0,Cubierta (85.0% Contratos / 15.0% Bolsa),1374.8684512500001,532182.8427282439,818742.8349570675,753243.4081605021,-65499.426796565414,65499.426796565414,8.000000000000002
2027-01-14,14,2027-01-01,True,CARIBE_MAR,35607918.46,458289.48375,199690406.69,129798764.35,387.0791,389546.06,68743.42,85.0,15.0,Cubierta (85.0% Contratos / 15.0% Bolsa),1374.8684512500001,532182.8427282439,818742.8349570675,753243.4081605021,-65499.426796565414,65499.426796565414,8.000000000000002
2027-01-14,14,2027-01-01,True,CARIBE_SOL,27623521.89,458289.48375,199690406.69,129798764.35,387.0791,389546.06,68743.42,85.0,15.0,Cubierta (85.0% Contratos / 15.0% Bolsa),1374.8684512500001,532182.8427282439,818742.8349570675,753243.4081605021,-65499.426796565414,65499.426796565414,8.000000000000002
2027-01-14,14,2027-01-01,True,VALLE,22486194.16,458289.48375,199690406.69,129798764.35,387.0791,389546.06,68743.42,85.0,15.0,Cubierta (85.0% Contratos / 15.0% Bolsa),1374.8684512500001,532182.8427282439,818742.8349570675,753243.4081605021,-65499.426796565414,65499.426796565414,8.000000000000002
2027-01-14,14,2027-01-01,True,SANTANDER,17593549.01,458289.48375,199690406.69,129798764.35,387.0791,389546.06,68743.42,85.0,15.0,Cubierta (85.0% Contratos / 15.0% Bolsa),1374.8684512500001,532182.8427282439,818742.8349570675,753243.4081605021,-65499.426796565414,65499.426796565414,8.000000000000002
2027-01-14,14,2027-01-01,True,CUNDINAMARCA,11312408.48,458289.48375,199690406.69,129798764.35,387.0791,389546.06,68743.42,85.0,15.0,Cubierta (85.0% Contratos / 15.0% Bolsa),1374.8684512500001,532182.8427282439,818742.8349570675,753243.4081605021,-65499.426796565414,65499.426796565414,8.000000000000002
2027-01-14,14,2027-01-01,True,TOLIMA,9373851.49,458289.48375,199690406.69,129798764.35,387.0791,389546.06,68743.42,85.0,15.0,Cubierta (85.0% Contratos / 15.0% Bolsa),1374.8684512500001,532182.8427282439,818742.8349570675,753243.4081605021,-65499.426796565414,65499.426796565414,8.000000000000002
2027-01-15,15,2027-01-01,True,ANTIOQUIA,31620141.56,460053.42625,200459009.03000003,130298355.87,387.4987,391045.41,69008.01,85.0,15.0,Cubierta (85.0% Contratos / 15.0% Bolsa),1380.16027875,534810.3138072627,822785.0981618622,756962.2903089133,-65822.8078529489,65822.8078529489,7.99999999999999
2027-01-15,15,2027-01-01,True,BOGOTA,44356990.77,460053.42625,200459009.03000003,130298355.87,387.4987,391045.41,69008.01,85.0,15.0,Cubierta (85.0% Contratos / 15.0% Bolsa),1380.16027875,534810.3138072627,822785.0981618622,756962.2903089133,-65822.8078529489,65822.8078529489,7.99999999999999
2027-01-15,15,2027-01-01,True,CARIBE_MAR,35541509.79,460053.42625,200459009.03000003,130298355.87,387.4987,391045.41,69008.01,85.0,15.0,Cubierta (85.0% Contratos / 15.0% Bolsa),1380.16027875,534810.3138072627,822785.0981618622,756962.2903089133,-65822.8078529489,65822.8078529489,7.99999999999999
2027-01-15,15,2027-01-01,True,CARIBE_SOL,27914313.56,460053.42625,200459009.03000003,130298355.87,387.4987,391045.41,69008.01,85.0,15.0,Cubierta (85.0% Contratos / 15.0% Bolsa),1380.16027875,534810.3138072627,822785.0981618622,756962.2903089133,-65822.8078529489,65822.8078529489,7.99999999999999
2027-01-15,15,2027-01-01,True,VALLE,22861296.86,460053.42625,200459009.03000003,130298355.87,387.4987,391045.41,69008.01,85.0,15.0,Cubierta (85.0% Contratos / 15.0% Bolsa),1380.16027875,534810.3138072627,822785.0981618622,756962.2903089133,-65822.8078529489,65822.8078529489,7.99999999999999
2027-01-15,15,2027-01-01,True,SANTANDER,17438269.12,460053.42625,200459009.03000003,130298355.87,387.4987,391045.41,69008.01,85.0,15.0,Cubierta (85.0% Contratos / 15.0% Bolsa),1380.16027875,534810.3138072627,822785.0981618622,756962.2903089133,-65822.8078529489,65822.8078529489,7.99999999999999
2027-01-15,15,2027-01-01,True,CUNDINAMARCA,11282307.1,460053.42625,200459009.03000003,130298355.87,387.4987,391045.41,69008.01,85.0,15.0,Cubierta (85.0% Contratos / 15.0% Bolsa),1380.16027875,534810.3138072627,822785.0981618622,756962.2903089133,-65822.8078529489,65822.8078529489,7.99999999999999
2027-01-15,15,2027-01-01,True,TOLIMA,9444180.27,460053.42625,200459009.03000003,130298355.87,387.4987,391045.41,69008.01,85.0,15.0,Cubierta (85.0% Contratos / 15.0% Bolsa),1380.16027875,534810.3138072627,822785.0981618622,756962.2903089133,-65822.8078529489,65822.8078529489,7.99999999999999
2027-01-16,16,2027-01-01,True,ANTIOQUIA,26575830.1,326629.22125,168800631.16000003,109720410.25,387.8439,277634.84,48994.38,85.0,15.0,Cubierta (85.0% Contratos / 15.0% Bolsa),979.88766375,380043.45307068864,584682.2355146825,537907.6566735079,-46774.5788411746,46774.5788411746,8.0
2027-01-16,16,2027-01-01,True,BOGOTA,37254682.08,326629.22125,168800631.16000003,109720410.25,387.8439,277634.84,48994.38,85.0,15.0,Cubierta (85.0% Contratos / 15.0% Bolsa),979.88766375,380043.45307068864,584682.2355146825,537907.6566735079,-46774.5788411746,46774.5788411746,8.0
2027-01-16,16,2027-01-01,True,CARIBE_MAR,29877783.94,326629.22125,168800631.16000003,109720410.25,387.8439,277634.84,48994.38,85.0,15.0,Cubierta (85.0% Contratos / 15.0% Bolsa),979.88766375,380043.45307068864,584682.2355146825,537907.6566735079,-46774.5788411746,46774.5788411746,8.0
2027-01-16,16,2027-01-01,True,CARIBE_SOL,23476749.59,326629.22125,168800631.16000003,109720410.25,387.8439,277634.84,48994.38,85.0,15.0,Cubierta (85.0% Contratos / 15.0% Bolsa),979.88766375,380043.45307068864,584682.2355146825,537907.6566735079,-46774.5788411746,46774.5788411746,8.0
2027-01-16,16,2027-01-01,True,VALLE,19282941.53,326629.22125,168800631.16000003,109720410.25,387.8439,277634.84,48994.38,85.0,15.0,Cubierta (85.0% Contratos / 15.0% Bolsa),979.88766375,380043.45307068864,584682.2355146825,537907.6566735079,-46774.5788411746,46774.5788411746,8.0
2027-01-16,16,2027-01-01,True,SANTANDER,14807027.36,326629.22125,168800631.16000003,109720410.25,387.8439,277634.84,48994.38,85.0,15.0,Cubierta (85.0% Contratos / 15.0% Bolsa),979.88766375,380043.45307068864,584682.2355146825,537907.6566735079,-46774.5788411746,46774.5788411746,8.0
2027-01-16,16,2027-01-01,True,CUNDINAMARCA,9505031.68,326629.22125,168800631.16000003,109720410.25,387.8439,277634.84,48994.38,85.0,15.0,Cubierta (85.0% Contratos / 15.0% Bolsa),979.88766375,380043.45307068864,584682.2355146825,537907.6566735079,-46774.5788411746,46774.5788411746,8.0
2027-01-16,16,2027-01-01,True,TOLIMA,8020584.88,326629.22125,168800631.16000003,109720410.25,387.8439,277634.84,48994.38,85.0,15.0,Cubierta (85.0% Contratos / 15.0% Bolsa),979.88766375,380043.45307068864,584682.2355146825,537907.6566735079,-46774.5788411746,46774.5788411746,8.0
2027-01-17,17,2027-01-01,True,ANTIOQUIA,26735488.48,326145.33625,168550561.4,109557864.91,388.1107,277223.54,48921.8,85.0,15.0,Cubierta (85.0% Contratos / 15.0% Bolsa),978.43600875,379741.48426116863,584217.6680941056,537480.2546465772,-46737.41344752838,46737.41344752838,7.999999999999989
2027-01-17,17,2027-01-01,True,BOGOTA,37053567.88,326145.33625,168550561.4,109557864.91,388.1107,277223.54,48921.8,85.0,15.0,Cubierta (85.0% Contratos / 15.0% Bolsa),978.43600875,379741.48426116863,584217.6680941056,537480.2546465772,-46737.41344752838,46737.41344752838,7.999999999999989
2027-01-17,17,2027-01-01,True,CARIBE_MAR,29856898.62,326145.33625,168550561.4,109557864.91,388.1107,277223.54,48921.8,85.0,15.0,Cubierta (85.0% Contratos / 15.0% Bolsa),978.43600875,379741.48426116863,584217.6680941056,537480.2546465772,-46737.41344752838,46737.41344752838,7.999999999999989
2027-01-17,17,2027-01-01,True,CARIBE_SOL,23163322.27,326145.33625,168550561.4,109557864.91,388.1107,277223.54,48921.8,85.0,15.0,Cubierta (85.0% Contratos / 15.0% Bolsa),978.43600875,379741.48426116863,584217.6680941056,537480.2546465772,-46737.41344752838,46737.41344752838,7.999999999999989
2027-01-17,17,2027-01-01,True,VALLE,19135257.91,326145.33625,168550561.4,109557864.91,388.1107,277223.54,48921.8,85.0,15.0,Cubierta (85.0% Contratos / 15.0% Bolsa),978.43600875,379741.48426116863,584217.6680941056,537480.2546465772,-46737.41344752838,46737.41344752838,7.999999999999989
2027-01-17,17,2027-01-01,True,SANTANDER,15150590.3,326145.33625,168550561.4,109557864.91,388.1107,277223.54,48921.8,85.0,15.0,Cubierta (85.0% Contratos / 15.0% Bolsa),978.43600875,379741.48426116863,584217.6680941056,537480.2546465772,-46737.41344752838,46737.41344752838,7.999999999999989
2027-01-17,17,2027-01-01,True,CUNDINAMARCA,9553440.25,326145.33625,168550561.4,109557864.91,388.1107,277223.54,48921.8,85.0,15.0,Cubierta (85.0% Contratos / 15.0% Bolsa),978.43600875,379741.48426116863,584217.6680941056,537480.2546465772,-46737.41344752838,46737.41344752838,7.999999999999989
2027-01-17,17,2027-01-01,True,TOLIMA,7901995.69,326145.33625,168550561.4,109557864.91,388.1107,277223.54,48921.8,85.0,15.0,Cubierta (85.0% Contratos / 15.0% Bolsa),978.43600875,379741.48426116863,584217.6680941056,537480.2546465772,-46737.41344752838,46737.41344752838,7.999999999999989
2027-01-18,18,2027-01-01,True,ANTIOQUIA,31958933.22,460409.23875,200614047.42999998,130399130.83,388.2968,391347.85,69061.39,85.0,15.0,Cubierta (85.0% Contratos / 15.0% Bolsa),1381.2277162500002,536326.3022911832,825117.3881371177,759107.9970861484,-66009.39105096937,66009.39105096937,7.999999999999993
2027-01-18,18,2027-01-01,True,BOGOTA,44274731.72,460409.23875,200614047.42999998,130399130.83,388.2968,391347.85,69061.39,85.0,15.0,Cubierta (85.0% Contratos / 15.0% Bolsa),1381.2277162500002,536326.3022911832,825117.3881371177,759107.9970861484,-66009.39105096937,66009.39105096937,7.999999999999993
2027-01-18,18,2027-01-01,True,CARIBE_MAR,35584412.77,460409.23875,200614047.42999998,130399130.83,388.2968,391347.85,69061.39,85.0,15.0,Cubierta (85.0% Contratos / 15.0% Bolsa),1381.2277162500002,536326.3022911832,825117.3881371177,759107.9970861484,-66009.39105096937,66009.39105096937,7.999999999999993
2027-01-18,18,2027-01-01,True,CARIBE_SOL,27454402.34,460409.23875,200614047.42999998,130399130.83,388.2968,391347.85,69061.39,85.0,15.0,Cubierta (85.0% Contratos / 15.0% Bolsa),1381.2277162500002,536326.3022911832,825117.3881371177,759107.9970861484,-66009.39105096937,66009.39105096937,7.999999999999993
2027-01-18,18,2027-01-01,True,VALLE,22686038.08,460409.23875,200614047.42999998,130399130.83,388.2968,391347.85,69061.39,85.0,15.0,Cubierta (85.0% Contratos / 15.0% Bolsa),1381.2277162500002,536326.3022911832,825117.3881371177,759107.9970861484,-66009.39105096937,66009.39105096937,7.999999999999993
2027-01-18,18,2027-01-01,True,SANTANDER,18016053.57,460409.23875,200614047.42999998,130399130.83,388.2968,391347.85,69061.39,85.0,15.0,Cubierta (85.0% Contratos / 15.0% Bolsa),1381.2277162500002,536326.3022911832,825117.3881371177,759107.9970861484,-66009.39105096937,66009.39105096937,7.999999999999993
2027-01-18,18,2027-01-01,True,CUNDINAMARCA,11226028.78,460409.23875,200614047.42999998,130399130.83,388.2968,391347.85,69061.39,85.0,15.0,Cubierta (85.0% Contratos / 15.0% Bolsa),1381.2277162500002,536326.3022911832,825117.3881371177,759107.9970861484,-66009.39105096937,66009.39105096937,7.999999999999993
2027-01-18,18,2027-01-01,True,TOLIMA,9413446.95,460409.23875,200614047.42999998,130399130.83,388.2968,391347.85,69061.39,85.0,15.0,Cubierta (85.0% Contratos / 15.0% Bolsa),1381.2277162500002,536326.3022911832,825117.3881371177,759107.9970861484,-66009.39105096937,66009.39105096937,7.999999999999993
2027-01-19,19,2027-01-01,True,ANTIOQUIA,31377675.35,456922.70875,199094862.04,129411660.33,388.4013,388384.3,68538.41,85.0,15.0,Cubierta (85.0% Contratos / 15.0% Bolsa),1370.76812625,532408.1222340642,819089.4187963197,753562.2652926142,-65527.153503705515,65527.153503705515,7.999999999999992
2027-01-19,19,2027-01-01,True,BOGOTA,44003165.37,456922.70875,199094862.04,129411660.33,388.4013,388384.3,68538.41,85.0,15.0,Cubierta (85.0% Contratos / 15.0% Bolsa),1370.76812625,532408.1222340642,819089.4187963197,753562.2652926142,-65527.153503705515,65527.153503705515,7.999999999999992
2027-01-19,19,2027-01-01,True,CARIBE_MAR,34847598.81,456922.70875,199094862.04,129411660.33,388.4013,388384.3,68538.41,85.0,15.0,Cubierta (85.0% Contratos / 15.0% Bolsa),1370.76812625,532408.1222340642,819089.4187963197,753562.2652926142,-65527.153503705515,65527.153503705515,7.999999999999992
2027-01-19,19,2027-01-01,True,CARIBE_SOL,28148104.16,456922.70875,199094862.04,129411660.33,388.4013,388384.3,68538.41,85.0,15.0,Cubierta (85.0% Contratos / 15.0% Bolsa),1370.76812625,532408.1222340642,819089.4187963197,753562.2652926142,-65527.153503705515,65527.153503705515,7.999999999999992
2027-01-19,19,2027-01-01,True,VALLE,22420921.56,456922.70875,199094862.04,129411660.33,388.4013,388384.3,68538.41,85.0,15.0,Cubierta (85.0% Contratos / 15.0% Bolsa),1370.76812625,532408.1222340642,819089.4187963197,753562.2652926142,-65527.153503705515,65527.153503705515,7.999999999999992
2027-01-19,19,2027-01-01,True,SANTANDER,17406505.48,456922.70875,199094862.04,129411660.33,388.4013,388384.3,68538.41,85.0,15.0,Cubierta (85.0% Contratos / 15.0% Bolsa),1370.76812625,532408.1222340642,819089.4187963197,753562.2652926142,-65527.153503705515,65527.153503705515,7.999999999999992
2027-01-19,19,2027-01-01,True,CUNDINAMARCA,11380194.18,456922.70875,199094862.04,129411660.33,388.4013,388384.3,68538.41,85.0,15.0,Cubierta (85.0% Contratos / 15.0% Bolsa),1370.76812625,532408.1222340642,819089.4187963197,753562.2652926142,-65527.153503705515,65527.153503705515,7.999999999999992
2027-01-19,19,2027-01-01,True,TOLIMA,9510697.13,456922.70875,199094862.04,129411660.33,388.4013,388384.3,68538.41,85.0,15.0,Cubierta (85.0% Contratos / 15.0% Bolsa),1370.76812625,532408.1222340642,819089.4187963197,753562.2652926142,-65527.153503705515,65527.153503705515,7.999999999999992
2027-01-20,20,2027-01-01,True,ANTIOQUIA,31064706.78,460117.485,200486921.52,130316498.99,388.4253,391099.86,69017.62,85.0,15.0,Cubierta (85.0% Contratos / 15.0% Bolsa),1380.352455,536163.8164391115,824867.409893666,758878.0171021728,-65989.39279149321,65989.39279149321,7.999999999999992
2027-01-20,20,2027-01-01,True,BOGOTA,44106400.39,460117.485,200486921.52,130316498.99,388.4253,391099.86,69017.62,85.0,15.0,Cubierta (85.0% Contratos / 15.0% Bolsa),1380.352455,536163.8164391115,824867.409893666,758878.0171021728,-65989.39279149321,65989.39279149321,7.999999999999992
2027-01-20,20,2027-01-01,True,CARIBE_MAR,35684320.52,460117.485,200486921.52,130316498.99,388.4253,391099.86,69017.62,85.0,15.0,Cubierta (85.0% Contratos / 15.0% Bolsa),1380.352455,536163.8164391115,824867.409893666,758878.0171021728,-65989.39279149321,65989.39279149321,7.999999999999992
2027-01-20,20,2027-01-01,True,CARIBE_SOL,28078699.43,460117.485,200486921.52,130316498.99,388.4253,391099.86,69017.62,85.0,15.0,Cubierta (85.0% Contratos / 15.0% Bolsa),1380.352455,536163.8164391115,824867.409893666,758878.0171021728,-65989.39279149321,65989.39279149321,7.999999999999992
2027-01-20,20,2027-01-01,True,VALLE,22520272.55,460117.485,200486921.52,130316498.99,388.4253,391099.86,69017.62,85.0,15.0,Cubierta (85.0% Contratos / 15.0% Bolsa),1380.352455,536163.8164391115,824867.409893666,758878.0171021728,-65989.39279149321,65989.39279149321,7.999999999999992
2027-01-20,20,2027-01-01,True,SANTANDER,18008423.74,460117.485,200486921.52,130316498.99,388.4253,391099.86,69017.62,85.0,15.0,Cubierta (85.0% Contratos / 15.0% Bolsa),1380.352455,536163.8164391115,824867.409893666,758878.0171021728,-65989.39279149321,65989.39279149321,7.999999999999992
2027-01-20,20,2027-01-01,True,CUNDINAMARCA,11419427.98,460117.485,200486921.52,130316498.99,388.4253,391099.86,69017.62,85.0,15.0,Cubierta (85.0% Contratos / 15.0% Bolsa),1380.352455,536163.8164391115,824867.409893666,758878.0171021728,-65989.39279149321,65989.39279149321,7.999999999999992
2027-01-20,20,2027-01-01,True,TOLIMA,9604670.13,460117.485,200486921.52,130316498.99,388.4253,391099.86,69017.62,85.0,15.0,Cubierta (85.0% Contratos / 15.0% Bolsa),1380.352455,536163.8164391115,824867.409893666,758878.0171021728,-65989.39279149321,65989.39279149321,7.999999999999992
2027-01-21,21,2027-01-01,True,ANTIOQUIA,31803949.92,460335.89875,200582090.87,130378359.07,388.3714,391285.51,69050.38,85.0,15.0,Cubierta (85.0% Contratos / 15.0% Bolsa),1381.00769625,536343.8924033872,825144.4498228852,759132.8938370544,-66011.55598583084,66011.55598583084,8.000000000000004
2027-01-21,21,2027-01-01,True,BOGOTA,44266815.39,460335.89875,200582090.87,130378359.07,388.3714,391285.51,69050.38,85.0,15.0,Cubierta (85.0% Contratos / 15.0% Bolsa),1381.00769625,536343.8924033872,825144.4498228852,759132.8938370544,-66011.55598583084,66011.55598583084,8.000000000000004
2027-01-21,21,2027-01-01,True,CARIBE_MAR,35534302.7,460335.89875,200582090.87,130378359.07,388.3714,391285.51,69050.38,85.0,15.0,Cubierta (85.0% Contratos / 15.0% Bolsa),1381.00769625,536343.8924033872,825144.4498228852,759132.8938370544,-66011.55598583084,66011.55598583084,8.000000000000004
2027-01-21,21,2027-01-01,True,CARIBE_SOL,27790690.25,460335.89875,200582090.87,130378359.07,388.3714,391285.51,69050.38,85.0,15.0,Cubierta (85.0% Contratos / 15.0% Bolsa),1381.00769625,536343.8924033872,825144.4498228852,759132.8938370544,-66011.55598583084,66011.55598583084,8.000000000000004
2027-01-21,21,2027-01-01,True,VALLE,22491504.03,460335.89875,200582090.87,130378359.07,388.3714,391285.51,69050.38,85.0,15.0,Cubierta (85.0% Contratos / 15.0% Bolsa),1381.00769625,536343.8924033872,825144.4498228852,759132.8938370544,-66011.55598583084,66011.55598583084,8.000000000000004
2027-01-21,21,2027-01-01,True,SANTANDER,17653020.35,460335.89875,200582090.87,130378359.07,388.3714,391285.51,69050.38,85.0,15.0,Cubierta (85.0% Contratos / 15.0% Bolsa),1381.00769625,536343.8924033872,825144.4498228852,759132.8938370544,-66011.55598583084,66011.55598583084,8.000000000000004
2027-01-21,21,2027-01-01,True,CUNDINAMARCA,11596188.83,460335.89875,200582090.87,130378359.07,388.3714,391285.51,69050.38,85.0,15.0,Cubierta (85.0% Contratos / 15.0% Bolsa),1381.00769625,536343.8924033872,825144.4498228852,759132.8938370544,-66011.55598583084,66011.55598583084,8.000000000000004
2027-01-21,21,2027-01-01,True,TOLIMA,9445619.4,460335.89875,200582090.87,130378359.07,388.3714,391285.51,69050.38,85.0,15.0,Cubierta (85.0% Contratos / 15.0% Bolsa),1381.00769625,536343.8924033872,825144.4498228852,759132.8938370544,-66011.55598583084,66011.55598583084,8.000000000000004
2027-01-22,22,2027-01-01,True,ANTIOQUIA,31838739.24,459184.435,200080364.04999998,130052236.63,388.2435,390306.77,68877.67,85.0,15.0,Cubierta (85.0% Contratos / 15.0% Bolsa),1377.553305,534826.1165697675,822809.4101231515,756984.6573132994,-65824.75280985213,65824.75280985213,8.000000000000002
2027-01-22,22,2027-01-01,True,BOGOTA,43986487.67,459184.435,200080364.04999998,130052236.63,388.2435,390306.77,68877.67,85.0,15.0,Cubierta (85.0% Contratos / 15.0% Bolsa),1377.553305,534826.1165697675,822809.4101231515,756984.6573132994,-65824.75280985213,65824.75280985213,8.000000000000002
2027-01-22,22,2027-01-01,True,CARIBE_MAR,34803259.34,459184.435,200080364.04999998,130052236.63,388.2435,390306.77,68877.67,85.0,15.0,Cubierta (85.0% Contratos / 15.0% Bolsa),1377.553305,534826.1165697675,822809.4101231515,756984.6573132994,-65824.75280985213,65824.75280985213,8.000000000000002
2027-01-22,22,2027-01-01,True,CARIBE_SOL,27995627.93,459184.435,200080364.04999998,130052236.63,388.2435,390306.77,68877.67,85.0,15.0,Cubierta (85.0% Contratos / 15.0% Bolsa),1377.553305,534826.1165697675,822809.4101231515,756984.6573132994,-65824.75280985213,65824.75280985213,8.000000000000002
2027-01-22,22,2027-01-01,True,VALLE,22931288.83,459184.435,200080364.04999998,130052236.63,388.2435,390306.77,68877.67,85.0,15.0,Cubierta (85.0% Contratos / 15.0% Bolsa),1377.553305,534826.1165697675,822809.4101231515,756984.6573132994,-65824.75280985213,65824.75280985213,8.000000000000002
2027-01-22,22,2027-01-01,True,SANTANDER,17473379.15,459184.435,200080364.04999998,130052236.63,388.2435,390306.77,68877.67,85.0,15.0,Cubierta (85.0% Contratos / 15.0% Bolsa),1377.553305,534826.1165697675,822809.4101231515,756984.6573132994,-65824.75280985213,65824.75280985213,8.000000000000002
2027-01-22,22,2027-01-01,True,CUNDINAMARCA,11456836.1,459184.435,200080364.04999998,130052236.63,388.2435,390306.77,68877.67,85.0,15.0,Cubierta (85.0% Contratos / 15.0% Bolsa),1377.553305,534826.1165697675,822809.4101231515,756984.6573132994,-65824.75280985213,65824.75280985213,8.000000000000002
2027-01-22,22,2027-01-01,True,TOLIMA,9594745.79,459184.435,200080364.04999998,130052236.63,388.2435,390306.77,68877.67,85.0,15.0,Cubierta (85.0% Contratos / 15.0% Bolsa),1377.553305,534826.1165697675,822809.4101231515,756984.6573132994,-65824.75280985213,65824.75280985213,8.000000000000002
2027-01-23,23,2027-01-01,True,ANTIOQUIA,26564412.14,327629.29125,169317463.26999998,110056351.13,388.0475,278484.9,49144.39,85.0,15.0,Cubierta (85.0% Contratos / 15.0% Bolsa),982.88787375,381407.18218900316,586780.2802667817,539837.8578454392,-46942.42242134246,46942.42242134246,7.999999999999988
2027-01-23,23,2027-01-01,True,BOGOTA,37348583.78,327629.29125,169317463.26999998,110056351.13,388.0475,278484.9,49144.39,85.0,15.0,Cubierta (85.0% Contratos / 15.0% Bolsa),982.88787375,381407.18218900316,586780.2802667817,539837.8578454392,-46942.42242134246,46942.42242134246,7.999999999999988
2027-01-23,23,2027-01-01,True,CARIBE_MAR,30179397.93,327629.29125,169317463.26999998,110056351.13,388.0475,278484.9,49144.39,85.0,15.0,Cubierta (85.0% Contratos / 15.0% Bolsa),982.88787375,381407.18218900316,586780.2802667817,539837.8578454392,-46942.42242134246,46942.42242134246,7.999999999999988
2027-01-23,23,2027-01-01,True,CARIBE_SOL,23757711.32,327629.29125,169317463.26999998,110056351.13,388.0475,278484.9,49144.39,85.0,15.0,Cubierta (85.0% Contratos / 15.0% Bolsa),982.88787375,381407.18218900316,586780.2802667817,539837.8578454392,-46942.42242134246,46942.42242134246,7.999999999999988
2027-01-23,23,2027-01-01,True,VALLE,19285280.69,327629.29125,169317463.26999998,110056351.13,388.0475,278484.9,49144.39,85.0,15.0,Cubierta (85.0% Contratos / 15.0% Bolsa),982.88787375,381407.18218900316,586780.2802667817,539837.8578454392,-46942.42242134246,46942.42242134246,7.999999999999988
2027-01-23,23,2027-01-01,True,SANTANDER,14878824.13,327629.29125,169317463.26999998,110056351.13,388.0475,278484.9,49144.39,85.0,15.0,Cubierta (85.0% Contratos / 15.0% Bolsa),982.88787375,381407.18218900316,586780.2802667817,539837.8578454392,-46942.42242134246,46942.42242134246,7.999999999999988
2027-01-23,23,2027-01-01,True,CUNDINAMARCA,9438105.41,327629.29125,169317463.26999998,110056351.13,388.0475,278484.9,49144.39,85.0,15.0,Cubierta (85.0% Contratos / 15.0% Bolsa),982.88787375,381407.18218900316,586780.2802667817,539837.8578454392,-46942.42242134246,46942.42242134246,7.999999999999988
2027-01-23,23,2027-01-01,True,TOLIMA,7865147.87,327629.29125,169317463.26999998,110056351.13,388.0475,278484.9,49144.39,85.0,15.0,Cubierta (85.0% Contratos / 15.0% Bolsa),982.88787375,381407.18218900316,586780.2802667817,539837.8578454392,-46942.42242134246,46942.42242134246,7.999999999999988
2027-01-24,24,2027-01-01,True,ANTIOQUIA,26827340.76,327605.63875,169305239.51,110048405.68,387.7904,278464.79,49140.85,85.0,15.0,Cubierta (85.0% Contratos / 15.0% Bolsa),982.81691625,381126.96507935395,586349.1770531521,539441.2428889,-46907.93416425213,46907.93416425213,7.999999999999993
2027-01-24,24,2027-01-01,True,BOGOTA,37719968.15,327605.63875,169305239.51,110048405.68,387.7904,278464.79,49140.85,85.0,15.0,Cubierta (85.0% Contratos / 15.0% Bolsa),982.81691625,381126.96507935395,586349.1770531521,539441.2428889,-46907.93416425213,46907.93416425213,7.999999999999993
2027-01-24,24,2027-01-01,True,CARIBE_MAR,29836127.59,327605.63875,169305239.51,110048405.68,387.7904,278464.79,49140.85,85.0,15.0,Cubierta (85.0% Contratos / 15.0% Bolsa),982.81691625,381126.96507935395,586349.1770531521,539441.2428889,-46907.93416425213,46907.93416425213,7.999999999999993
2027-01-24,24,2027-01-01,True,CARIBE_SOL,23352978.86,327605.63875,169305239.51,110048405.68,387.7904,278464.79,49140.85,85.0,15.0,Cubierta (85.0% Contratos / 15.0% Bolsa),982.81691625,381126.96507935395,586349.1770531521,539441.2428889,-46907.93416425213,46907.93416425213,7.999999999999993
2027-01-24,24,2027-01-01,True,VALLE,19055196.78,327605.63875,169305239.51,110048405.68,387.7904,278464.79,49140.85,85.0,15.0,Cubierta (85.0% Contratos / 15.0% Bolsa),982.81691625,381126.96507935395,586349.1770531521,539441.2428889,-46907.93416425213,46907.93416425213,7.999999999999993
2027-01-24,24,2027-01-01,True,SANTANDER,14922923.4,327605.63875,169305239.51,110048405.68,387.7904,278464.79,49140.85,85.0,15.0,Cubierta (85.0% Contratos / 15.0% Bolsa),982.81691625,381126.96507935395,586349.1770531521,539441.2428889,-46907.93416425213,46907.93416425213,7.999999999999993
2027-01-24,24,2027-01-01,True,CUNDINAMARCA,9523376.68,327605.63875,169305239.51,110048405.68,387.7904,278464.79,49140.85,85.0,15.0,Cubierta (85.0% Contratos / 15.0% Bolsa),982.81691625,381126.96507935395,586349.1770531521,539441.2428889,-46907.93416425213,46907.93416425213,7.999999999999993
2027-01-24,24,2027-01-01,True,TOLIMA,8067327.29,327605.63875,169305239.51,110048405.68,387.7904,278464.79,49140.85,85.0,15.0,Cubierta (85.0% Contratos / 15.0% Bolsa),982.81691625,381126.96507935395,586349.1770531521,539441.2428889,-46907.93416425213,46907.93416425213,7.999999999999993
2027-01-25,25,2027-01-01,True,ANTIOQUIA,31767321.48,459763.95,200332876.04,130216369.43,387.4804,390799.36,68964.59,85.0,15.0,Cubierta (85.0% Contratos / 15.0% Bolsa),1379.29185,534448.55775474,822228.5503666503,756450.2663373183,-65778.28402933199,65778.28402933199,7.9999999999999964
2027-01-25,25,2027-01-01,True,BOGOTA,43785153.95,459763.95,200332876.04,130216369.43,387.4804,390799.36,68964.59,85.0,15.0,Cubierta (85.0% Contratos / 15.0% Bolsa),1379.29185,534448.55775474,822228.5503666503,756450.2663373183,-65778.28402933199,65778.28402933199,7.9999999999999964
2027-01-25,25,2027-01-01,True,CARIBE_MAR,35494056.92,459763.95,200332876.04,130216369.43,387.4804,390799.36,68964.59,85.0,15.0,Cubierta (85.0% Contratos / 15.0% Bolsa),1379.29185,534448.55775474,822228.5503666503,756450.2663373183,-65778.28402933199,65778.28402933199,7.9999999999999964
2027-01-25,25,2027-01-01,True,CARIBE_SOL,27988069.24,459763.95,200332876.04,130216369.43,387.4804,390799.36,68964.59,85.0,15.0,Cubierta (85.0% Contratos / 15.0% Bolsa),1379.29185,534448.55775474,822228.5503666503,756450.2663373183,-65778.28402933199,65778.28402933199,7.9999999999999964
2027-01-25,25,2027-01-01,True,VALLE,22602351.01,459763.95,200332876.04,130216369.43,387.4804,390799.36,68964.59,85.0,15.0,Cubierta (85.0% Contratos / 15.0% Bolsa),1379.29185,534448.55775474,822228.5503666503,756450.2663373183,-65778.28402933199,65778.28402933199,7.9999999999999964
2027-01-25,25,2027-01-01,True,SANTANDER,17669299.03,459763.95,200332876.04,130216369.43,387.4804,390799.36,68964.59,85.0,15.0,Cubierta (85.0% Contratos / 15.0% Bolsa),1379.29185,534448.55775474,822228.5503666503,756450.2663373183,-65778.28402933199,65778.28402933199,7.9999999999999964
2027-01-25,25,2027-01-01,True,CUNDINAMARCA,11486715.43,459763.95,200332876.04,130216369.43,387.4804,390799.36,68964.59,85.0,15.0,Cubierta (85.0% Contratos / 15.0% Bolsa),1379.29185,534448.55775474,822228.5503666503,756450.2663373183,-65778.28402933199,65778.28402933199,7.9999999999999964
2027-01-25,25,2027-01-01,True,TOLIMA,9539908.98,459763.95,200332876.04,130216369.43,387.4804,390799.36,68964.59,85.0,15.0,Cubierta (85.0% Contratos / 15.0% Bolsa),1379.29185,534448.55775474,822228.5503666503,756450.2663373183,-65778.28402933199,65778.28402933199,7.9999999999999964
2027-01-26,26,2027-01-01,True,ANTIOQUIA,31288644.57,458897.42125,199955303.35999998,129970947.18,387.1269,390062.81,68834.61,85.0,15.0,Cubierta (85.0% Contratos / 15.0% Bolsa),1376.6922637500002,532954.6083195199,819930.1666706493,754335.7533369974,-65594.41333365196,65594.41333365196,8.000000000000002
2027-01-26,26,2027-01-01,True,BOGOTA,44409541.19,458897.42125,199955303.35999998,129970947.18,387.1269,390062.81,68834.61,85.0,15.0,Cubierta (85.0% Contratos / 15.0% Bolsa),1376.6922637500002,532954.6083195199,819930.1666706493,754335.7533369974,-65594.41333365196,65594.41333365196,8.000000000000002
2027-01-26,26,2027-01-01,True,CARIBE_MAR,35776518.13,458897.42125,199955303.35999998,129970947.18,387.1269,390062.81,68834.61,85.0,15.0,Cubierta (85.0% Contratos / 15.0% Bolsa),1376.6922637500002,532954.6083195199,819930.1666706493,754335.7533369974,-65594.41333365196,65594.41333365196,8.000000000000002
2027-01-26,26,2027-01-01,True,CARIBE_SOL,27670744.83,458897.42125,199955303.35999998,129970947.18,387.1269,390062.81,68834.61,85.0,15.0,Cubierta (85.0% Contratos / 15.0% Bolsa),1376.6922637500002,532954.6083195199,819930.1666706493,754335.7533369974,-65594.41333365196,65594.41333365196,8.000000000000002
2027-01-26,26,2027-01-01,True,VALLE,22660635.49,458897.42125,199955303.35999998,129970947.18,387.1269,390062.81,68834.61,85.0,15.0,Cubierta (85.0% Contratos / 15.0% Bolsa),1376.6922637500002,532954.6083195199,819930.1666706493,754335.7533369974,-65594.41333365196,65594.41333365196,8.000000000000002
2027-01-26,26,2027-01-01,True,SANTANDER,17615207.17,458897.42125,199955303.35999998,129970947.18,387.1269,390062.81,68834.61,85.0,15.0,Cubierta (85.0% Contratos / 15.0% Bolsa),1376.6922637500002,532954.6083195199,819930.1666706493,754335.7533369974,-65594.41333365196,65594.41333365196,8.000000000000002
2027-01-26,26,2027-01-01,True,CUNDINAMARCA,11259786.95,458897.42125,199955303.35999998,129970947.18,387.1269,390062.81,68834.61,85.0,15.0,Cubierta (85.0% Contratos / 15.0% Bolsa),1376.6922637500002,532954.6083195199,819930.1666706493,754335.7533369974,-65594.41333365196,65594.41333365196,8.000000000000002
2027-01-26,26,2027-01-01,True,TOLIMA,9274225.03,458897.42125,199955303.35999998,129970947.18,387.1269,390062.81,68834.61,85.0,15.0,Cubierta (85.0% Contratos / 15.0% Bolsa),1376.6922637500002,532954.6083195199,819930.1666706493,754335.7533369974,-65594.41333365196,65594.41333365196,8.000000000000002
2027-01-27,27,2027-01-01,True,ANTIOQUIA,31680329.65,461357.37375,201027178.22000006,130667665.84,386.7403,392153.77,69203.61,85.0,15.0,Cubierta (85.0% Contratos / 15.0% Bolsa),1384.07212125,535276.4673938614,823502.2575479246,757622.0769440907,-65880.18060383399,65880.18060383399,8.000000000000002
2027-01-27,27,2027-01-01,True,BOGOTA,44187179.72,461357.37375,201027178.22000006,130667665.84,386.7403,392153.77,69203.61,85.0,15.0,Cubierta (85.0% Contratos / 15.0% Bolsa),1384.07212125,535276.4673938614,823502.2575479246,757622.0769440907,-65880.18060383399,65880.18060383399,8.000000000000002
2027-01-27,27,2027-01-01,True,CARIBE_MAR,35551673.99,461357.37375,201027178.22000006,130667665.84,386.7403,392153.77,69203.61,85.0,15.0,Cubierta (85.0% Contratos / 15.0% Bolsa),1384.07212125,535276.4673938614,823502.2575479246,757622.0769440907,-65880.18060383399,65880.18060383399,8.000000000000002
2027-01-27,27,2027-01-01,True,CARIBE_SOL,27873964.42,461357.37375,201027178.22000006,130667665.84,386.7403,392153.77,69203.61,85.0,15.0,Cubierta (85.0% Contratos / 15.0% Bolsa),1384.07212125,535276.4673938614,823502.2575479246,757622.0769440907,-65880.18060383399,65880.18060383399,8.000000000000002
2027-01-27,27,2027-01-01,True,VALLE,22913944.42,461357.37375,201027178.22000006,130667665.84,386.7403,392153.77,69203.61,85.0,15.0,Cubierta (85.0% Contratos / 15.0% Bolsa),1384.07212125,535276.4673938614,823502.2575479246,757622.0769440907,-65880.18060383399,65880.18060383399,8.000000000000002
2027-01-27,27,2027-01-01,True,SANTANDER,17792768.36,461357.37375,201027178.22000006,130667665.84,386.7403,392153.77,69203.61,85.0,15.0,Cubierta (85.0% Contratos / 15.0% Bolsa),1384.07212125,535276.4673938614,823502.2575479246,757622.0769440907,-65880.18060383399,65880.18060383399,8.000000000000002
2027-01-27,27,2027-01-01,True,CUNDINAMARCA,11423704.41,461357.37375,201027178.22000006,130667665.84,386.7403,392153.77,69203.61,85.0,15.0,Cubierta (85.0% Contratos / 15.0% Bolsa),1384.07212125,535276.4673938614,823502.2575479246,757622.0769440907,-65880.18060383399,65880.18060383399,8.000000000000002
2027-01-27,27,2027-01-01,True,TOLIMA,9603613.25,461357.37375,201027178.22000006,130667665.84,386.7403,392153.77,69203.61,85.0,15.0,Cubierta (85.0% Contratos / 15.0% Bolsa),1384.07212125,535276.4673938614,823502.2575479246,757622.0769440907,-65880.18060383399,65880.18060383399,8.000000000000002
2027-01-28,28,2027-01-01,True,ANTIOQUIA,31461057.15,460071.81,200467019.57,130303562.72,386.3313,391061.04,69010.77,85.0,15.0,Cubierta (85.0% Contratos / 15.0% Bolsa),1380.21543,533220.421351959,820339.1097753925,754711.9809933611,-65627.12878203136,65627.12878203136,7.9999999999999964
2027-01-28,28,2027-01-01,True,BOGOTA,44740287.68,460071.81,200467019.57,130303562.72,386.3313,391061.04,69010.77,85.0,15.0,Cubierta (85.0% Contratos / 15.0% Bolsa),1380.21543,533220.421351959,820339.1097753925,754711.9809933611,-65627.12878203136,65627.12878203136,7.9999999999999964
2027-01-28,28,2027-01-01,True,CARIBE_MAR,34855967.89,460071.81,200467019.57,130303562.72,386.3313,391061.04,69010.77,85.0,15.0,Cubierta (85.0% Contratos / 15.0% Bolsa),1380.21543,533220.421351959,820339.1097753925,754711.9809933611,-65627.12878203136,65627.12878203136,7.9999999999999964
2027-01-28,28,2027-01-01,True,CARIBE_SOL,28142720.07,460071.81,200467019.57,130303562.72,386.3313,391061.04,69010.77,85.0,15.0,Cubierta (85.0% Contratos / 15.0% Bolsa),1380.21543,533220.421351959,820339.1097753925,754711.9809933611,-65627.12878203136,65627.12878203136,7.9999999999999964
2027-01-28,28,2027-01-01,True,VALLE,22765883.21,460071.81,200467019.57,130303562.72,386.3313,391061.04,69010.77,85.0,15.0,Cubierta (85.0% Contratos / 15.0% Bolsa),1380.21543,533220.421351959,820339.1097753925,754711.9809933611,-65627.12878203136,65627.12878203136,7.9999999999999964
2027-01-28,28,2027-01-01,True,SANTANDER,17452137.3,460071.81,200467019.57,130303562.72,386.3313,391061.04,69010.77,85.0,15.0,Cubierta (85.0% Contratos / 15.0% Bolsa),1380.21543,533220.421351959,820339.1097753925,754711.9809933611,-65627.12878203136,65627.12878203136,7.9999999999999964
2027-01-28,28,2027-01-01,True,CUNDINAMARCA,11382230.91,460071.81,200467019.57,130303562.72,386.3313,391061.04,69010.77,85.0,15.0,Cubierta (85.0% Contratos / 15.0% Bolsa),1380.21543,533220.421351959,820339.1097753925,754711.9809933611,-65627.12878203136,65627.12878203136,7.9999999999999964
2027-01-28,28,2027-01-01,True,TOLIMA,9666735.36,460071.81,200467019.57,130303562.72,386.3313,391061.04,69010.77,85.0,15.0,Cubierta (85.0% Contratos / 15.0% Bolsa),1380.21543,533220.421351959,820339.1097753925,754711.9809933611,-65627.12878203136,65627.12878203136,7.9999999999999964
2027-01-29,29,2027-01-01,True,ANTIOQUIA,31440275.02,458798.805,199912333.25000003,129943016.61,385.9115,389978.98,68819.82,85.0,15.0,Cubierta (85.0% Contratos / 15.0% Bolsa),1376.396415,531167.2051072725,817180.3155653719,751805.8903201421,-65374.42524522974,65374.42524522974,7.999999999999999
2027-01-29,29,2027-01-01,True,BOGOTA,44286592.62,458798.805,199912333.25000003,129943016.61,385.9115,389978.98,68819.82,85.0,15.0,Cubierta (85.0% Contratos / 15.0% Bolsa),1376.396415,531167.2051072725,817180.3155653719,751805.8903201421,-65374.42524522974,65374.42524522974,7.999999999999999
2027-01-29,29,2027-01-01,True,CARIBE_MAR,35134568.39,458798.805,199912333.25000003,129943016.61,385.9115,389978.98,68819.82,85.0,15.0,Cubierta (85.0% Contratos / 15.0% Bolsa),1376.396415,531167.2051072725,817180.3155653719,751805.8903201421,-65374.42524522974,65374.42524522974,7.999999999999999
2027-01-29,29,2027-01-01,True,CARIBE_SOL,28071603.55,458798.805,199912333.25000003,129943016.61,385.9115,389978.98,68819.82,85.0,15.0,Cubierta (85.0% Contratos / 15.0% Bolsa),1376.396415,531167.2051072725,817180.3155653719,751805.8903201421,-65374.42524522974,65374.42524522974,7.999999999999999
2027-01-29,29,2027-01-01,True,VALLE,22407185.53,458798.805,199912333.25000003,129943016.61,385.9115,389978.98,68819.82,85.0,15.0,Cubierta (85.0% Contratos / 15.0% Bolsa),1376.396415,531167.2051072725,817180.3155653719,751805.8903201421,-65374.42524522974,65374.42524522974,7.999999999999999
2027-01-29,29,2027-01-01,True,SANTANDER,17673267.71,458798.805,199912333.25000003,129943016.61,385.9115,389978.98,68819.82,85.0,15.0,Cubierta (85.0% Contratos / 15.0% Bolsa),1376.396415,531167.2051072725,817180.3155653719,751805.8903201421,-65374.42524522974,65374.42524522974,7.999999999999999
2027-01-29,29,2027-01-01,True,CUNDINAMARCA,11430109.87,458798.805,199912333.25000003,129943016.61,385.9115,389978.98,68819.82,85.0,15.0,Cubierta (85.0% Contratos / 15.0% Bolsa),1376.396415,531167.2051072725,817180.3155653719,751805.8903201421,-65374.42524522974,65374.42524522974,7.999999999999999
2027-01-29,29,2027-01-01,True,TOLIMA,9468730.56,458798.805,199912333.25000003,129943016.61,385.9115,389978.98,68819.82,85.0,15.0,Cubierta (85.0% Contratos / 15.0% Bolsa),1376.396415,531167.2051072725,817180.3155653719,751805.8903201421,-65374.42524522974,65374.42524522974,7.999999999999999
2027-01-30,30,2027-01-01,True,ANTIOQUIA,26590409.73,325563.0375,168249631.88,109362260.72,385.4924,276728.58,48834.46,85.0,15.0,Cubierta (85.0% Contratos / 15.0% Bolsa),976.6891125,376506.230031495,579240.3539052007,532901.1255927847,-46339.228312416,46339.228312416,7.99999999999999
2027-01-30,30,2027-01-01,True,BOGOTA,37339011.74,325563.0375,168249631.88,109362260.72,385.4924,276728.58,48834.46,85.0,15.0,Cubierta (85.0% Contratos / 15.0% Bolsa),976.6891125,376506.230031495,579240.3539052007,532901.1255927847,-46339.228312416,46339.228312416,7.99999999999999
2027-01-30,30,2027-01-01,True,CARIBE_MAR,29684975.53,325563.0375,168249631.88,109362260.72,385.4924,276728.58,48834.46,85.0,15.0,Cubierta (85.0% Contratos / 15.0% Bolsa),976.6891125,376506.230031495,579240.3539052007,532901.1255927847,-46339.228312416,46339.228312416,7.99999999999999
2027-01-30,30,2027-01-01,True,CARIBE_SOL,23132914.59,325563.0375,168249631.88,109362260.72,385.4924,276728.58,48834.46,85.0,15.0,Cubierta (85.0% Contratos / 15.0% Bolsa),976.6891125,376506.230031495,579240.3539052007,532901.1255927847,-46339.228312416,46339.228312416,7.99999999999999
2027-01-30,30,2027-01-01,True,VALLE,19224111.13,325563.0375,168249631.88,109362260.72,385.4924,276728.58,48834.46,85.0,15.0,Cubierta (85.0% Contratos / 15.0% Bolsa),976.6891125,376506.230031495,579240.3539052007,532901.1255927847,-46339.228312416,46339.228312416,7.99999999999999
2027-01-30,30,2027-01-01,True,SANTANDER,14843366.78,325563.0375,168249631.88,109362260.72,385.4924,276728.58,48834.46,85.0,15.0,Cubierta (85.0% Contratos / 15.0% Bolsa),976.6891125,376506.230031495,579240.3539052007,532901.1255927847,-46339.228312416,46339.228312416,7.99999999999999
2027-01-30,30,2027-01-01,True,CUNDINAMARCA,9562134.19,325563.0375,168249631.88,109362260.72,385.4924,276728.58,48834.46,85.0,15.0,Cubierta (85.0% Contratos / 15.0% Bolsa),976.6891125,376506.230031495,579240.3539052007,532901.1255927847,-46339.228312416,46339.228312416,7.99999999999999
2027-01-30,30,2027-01-01,True,TOLIMA,7872708.19,325563.0375,168249631.88,109362260.72,385.4924,276728.58,48834.46,85.0,15.0,Cubierta (85.0% Contratos / 15.0% Bolsa),976.6891125,376506.230031495,579240.3539052007,532901.1255927847,-46339.228312416,46339.228312416,7.99999999999999
2027-01-31,31,2027-01-01,True,ANTIOQUIA,26871667.21,327929.44375,169472580.63000003,110157177.41,385.0856,278740.03,49189.42,85.0,15.0,Cubierta (85.0% Contratos / 15.0% Bolsa),983.7883312499999,378842.719812405,582834.9535549007,536208.1572705087,-46626.79628439201,46626.79628439201,7.999999999999992
2027-01-31,31,2027-01-01,True,BOGOTA,37039793.67,327929.44375,169472580.63000003,110157177.41,385.0856,278740.03,49189.42,85.0,15.0,Cubierta (85.0% Contratos / 15.0% Bolsa),983.7883312499999,378842.719812405,582834.9535549007,536208.1572705087,-46626.79628439201,46626.79628439201,7.999999999999992
2027-01-31,31,2027-01-01,True,CARIBE_MAR,30152383.49,327929.44375,169472580.63000003,110157177.41,385.0856,278740.03,49189.42,85.0,15.0,Cubierta (85.0% Contratos / 15.0% Bolsa),983.7883312499999,378842.719812405,582834.9535549007,536208.1572705087,-46626.79628439201,46626.79628439201,7.999999999999992
2027-01-31,31,2027-01-01,True,CARIBE_SOL,23477345.0,327929.44375,169472580.63000003,110157177.41,385.0856,278740.03,49189.42,85.0,15.0,Cubierta (85.0% Contratos / 15.0% Bolsa),983.7883312499999,378842.719812405,582834.9535549007,536208.1572705087,-46626.79628439201,46626.79628439201,7.999999999999992
2027-01-31,31,2027-01-01,True,VALLE,19244799.84,327929.44375,169472580.63000003,110157177.41,385.0856,278740.03,49189.42,85.0,15.0,Cubierta (85.0% Contratos / 15.0% Bolsa),983.7883312499999,378842.719812405,582834.9535549007,536208.1572705087,-46626.79628439201,46626.79628439201,7.999999999999992
2027-01-31,31,2027-01-01,True,SANTANDER,15053210.5,327929.44375,169472580.63000003,110157177.41,385.0856,278740.03,49189.42,85.0,15.0,Cubierta (85.0% Contratos / 15.0% Bolsa),983.7883312499999,378842.719812405,582834.9535549007,536208.1572705087,-46626.79628439201,46626.79628439201,7.999999999999992
2027-01-31,31,2027-01-01,True,CUNDINAMARCA,9563478.8,327929.44375,169472580.63000003,110157177.41,385.0856,278740.03,49189.42,85.0,15.0,Cubierta (85.0% Contratos / 15.0% Bolsa),983.7883312499999,378842.719812405,582834.9535549007,536208.1572705087,-46626.79628439201,46626.79628439201,7.999999999999992
2027-01-31,31,2027-01-01,True,TOLIMA,8069902.12,327929.44375,169472580.63000003,110157177.41,385.0856,278740.03,49189.42,85.0,15.0,Cubierta (85.0% Contratos / 15.0% Bolsa),983.7883312499999,378842.719812405,582834.9535549007,536208.1572705087,-46626.79628439201,46626.79628439201,7.999999999999992
2027-02-01,1,2027-02-01,True,ANTIOQUIA,31838788.62,461291.49375,200998472.27999997,130649006.98,384.7025,392097.77,69193.72,85.0,15.0,Cubierta (85.0% Contratos / 15.0% Bolsa),1383.8744812500001,532379.9726230782,819046.1117403506,753522.4228011225,-65523.68893922807,65523.68893922807,8.000000000000004
2027-02-01,1,2027-02-01,True,BOGOTA,44390464.08,461291.49375,200998472.27999997,130649006.98,384.7025,392097.77,69193.72,85.0,15.0,Cubierta (85.0% Contratos / 15.0% Bolsa),1383.8744812500001,532379.9726230782,819046.1117403506,753522.4228011225,-65523.68893922807,65523.68893922807,8.000000000000004
2027-02-01,1,2027-02-01,True,CARIBE_MAR,35324456.49,461291.49375,200998472.27999997,130649006.98,384.7025,392097.77,69193.72,85.0,15.0,Cubierta (85.0% Contratos / 15.0% Bolsa),1383.8744812500001,532379.9726230782,819046.1117403506,753522.4228011225,-65523.68893922807,65523.68893922807,8.000000000000004
2027-02-01,1,2027-02-01,True,CARIBE_SOL,27921584.06,461291.49375,200998472.27999997,130649006.98,384.7025,392097.77,69193.72,85.0,15.0,Cubierta (85.0% Contratos / 15.0% Bolsa),1383.8744812500001,532379.9726230782,819046.1117403506,753522.4228011225,-65523.68893922807,65523.68893922807,8.000000000000004
2027-02-01,1,2027-02-01,True,VALLE,22886552.2,461291.49375,200998472.27999997,130649006.98,384.7025,392097.77,69193.72,85.0,15.0,Cubierta (85.0% Contratos / 15.0% Bolsa),1383.8744812500001,532379.9726230782,819046.1117403506,753522.4228011225,-65523.68893922807,65523.68893922807,8.000000000000004
2027-02-01,1,2027-02-01,True,SANTANDER,17702852.01,461291.49375,200998472.27999997,130649006.98,384.7025,392097.77,69193.72,85.0,15.0,Cubierta (85.0% Contratos / 15.0% Bolsa),1383.8744812500001,532379.9726230782,819046.1117403506,753522.4228011225,-65523.68893922807,65523.68893922807,8.000000000000004
2027-02-01,1,2027-02-01,True,CUNDINAMARCA,11351641.56,461291.49375,200998472.27999997,130649006.98,384.7025,392097.77,69193.72,85.0,15.0,Cubierta (85.0% Contratos / 15.0% Bolsa),1383.8744812500001,532379.9726230782,819046.1117403506,753522.4228011225,-65523.68893922807,65523.68893922807,8.000000000000004
2027-02-01,1,2027-02-01,True,TOLIMA,9582133.26,461291.49375,200998472.27999997,130649006.98,384.7025,392097.77,69193.72,85.0,15.0,Cubierta (85.0% Contratos / 15.0% Bolsa),1383.8744812500001,532379.9726230782,819046.1117403506,753522.4228011225,-65523.68893922807,65523.68893922807,8.000000000000004
2027-02-02,2,2027-02-01,True,ANTIOQUIA,31686539.65,459858.62625,200374129.32,130243184.06,384.3539,390879.83,68978.79,85.0,15.0,Cubierta (85.0% Contratos / 15.0% Bolsa),1379.57587875,530245.3693434896,815762.106669765,750501.1381361838,-65260.96853358112,65260.96853358112,7.99999999999999
2027-02-02,2,2027-02-01,True,BOGOTA,44079203.64,459858.62625,200374129.32,130243184.06,384.3539,390879.83,68978.79,85.0,15.0,Cubierta (85.0% Contratos / 15.0% Bolsa),1379.57587875,530245.3693434896,815762.106669765,750501.1381361838,-65260.96853358112,65260.96853358112,7.99999999999999
2027-02-02,2,2027-02-01,True,CARIBE_MAR,35178704.28,459858.62625,200374129.32,130243184.06,384.3539,390879.83,68978.79,85.0,15.0,Cubierta (85.0% Contratos / 15.0% Bolsa),1379.57587875,530245.3693434896,815762.106669765,750501.1381361838,-65260.96853358112,65260.96853358112,7.99999999999999
2027-02-02,2,2027-02-01,True,CARIBE_SOL,28021566.36,459858.62625,200374129.32,130243184.06,384.3539,390879.83,68978.79,85.0,15.0,Cubierta (85.0% Contratos / 15.0% Bolsa),1379.57587875,530245.3693434896,815762.106669765,750501.1381361838,-65260.96853358112,65260.96853358112,7.99999999999999
2027-02-02,2,2027-02-01,True,VALLE,22869661.18,459858.62625,200374129.32,130243184.06,384.3539,390879.83,68978.79,85.0,15.0,Cubierta (85.0% Contratos / 15.0% Bolsa),1379.57587875,530245.3693434896,815762.106669765,750501.1381361838,-65260.96853358112,65260.96853358112,7.99999999999999
2027-02-02,2,2027-02-01,True,SANTANDER,17673393.98,459858.62625,200374129.32,130243184.06,384.3539,390879.83,68978.79,85.0,15.0,Cubierta (85.0% Contratos / 15.0% Bolsa),1379.57587875,530245.3693434896,815762.106669765,750501.1381361838,-65260.96853358112,65260.96853358112,7.99999999999999
2027-02-02,2,2027-02-01,True,CUNDINAMARCA,11369532.12,459858.62625,200374129.32,130243184.06,384.3539,390879.83,68978.79,85.0,15.0,Cubierta (85.0% Contratos / 15.0% Bolsa),1379.57587875,530245.3693434896,815762.106669765,750501.1381361838,-65260.96853358112,65260.96853358112,7.99999999999999
2027-02-02,2,2027-02-01,True,TOLIMA,9495528.11,459858.62625,200374129.32,130243184.06,384.3539,390879.83,68978.79,85.0,15.0,Cubierta (85.0% Contratos / 15.0% Bolsa),1379.57587875,530245.3693434896,815762.106669765,750501.1381361838,-65260.96853358112,65260.96853358112,7.99999999999999
2027-02-03,3,2027-02-01,True,ANTIOQUIA,31915956.9,462669.5125,201598916.09000003,131039295.46,384.0499,393269.09,69400.43,85.0,15.0,Cubierta (85.0% Contratos / 15.0% Bolsa),1388.0085375,533064.5400260213,820099.2923383375,754491.3489512706,-65607.94338706695,65607.94338706695,7.999999999999993
2027-02-03,3,2027-02-01,True,BOGOTA,44756802.0,462669.5125,201598916.09000003,131039295.46,384.0499,393269.09,69400.43,85.0,15.0,Cubierta (85.0% Contratos / 15.0% Bolsa),1388.0085375,533064.5400260213,820099.2923383375,754491.3489512706,-65607.94338706695,65607.94338706695,7.999999999999993
2027-02-03,3,2027-02-01,True,CARIBE_MAR,35395338.3,462669.5125,201598916.09000003,131039295.46,384.0499,393269.09,69400.43,85.0,15.0,Cubierta (85.0% Contratos / 15.0% Bolsa),1388.0085375,533064.5400260213,820099.2923383375,754491.3489512706,-65607.94338706695,65607.94338706695,7.999999999999993
2027-02-03,3,2027-02-01,True,CARIBE_SOL,27817466.07,462669.5125,201598916.09000003,131039295.46,384.0499,393269.09,69400.43,85.0,15.0,Cubierta (85.0% Contratos / 15.0% Bolsa),1388.0085375,533064.5400260213,820099.2923383375,754491.3489512706,-65607.94338706695,65607.94338706695,7.999999999999993
2027-02-03,3,2027-02-01,True,VALLE,23115565.65,462669.5125,201598916.09000003,131039295.46,384.0499,393269.09,69400.43,85.0,15.0,Cubierta (85.0% Contratos / 15.0% Bolsa),1388.0085375,533064.5400260213,820099.2923383375,754491.3489512706,-65607.94338706695,65607.94338706695,7.999999999999993
2027-02-03,3,2027-02-01,True,SANTANDER,17762216.74,462669.5125,201598916.09000003,131039295.46,384.0499,393269.09,69400.43,85.0,15.0,Cubierta (85.0% Contratos / 15.0% Bolsa),1388.0085375,533064.5400260213,820099.2923383375,754491.3489512706,-65607.94338706695,65607.94338706695,7.999999999999993
2027-02-03,3,2027-02-01,True,CUNDINAMARCA,11481426.5,462669.5125,201598916.09000003,131039295.46,384.0499,393269.09,69400.43,85.0,15.0,Cubierta (85.0% Contratos / 15.0% Bolsa),1388.0085375,533064.5400260213,820099.2923383375,754491.3489512706,-65607.94338706695,65607.94338706695,7.999999999999993
2027-02-03,3,2027-02-01,True,TOLIMA,9354143.93,462669.5125,201598916.09000003,131039295.46,384.0499,393269.09,69400.43,85.0,15.0,Cubierta (85.0% Contratos / 15.0% Bolsa),1388.0085375,533064.5400260213,820099.2923383375,754491.3489512706,-65607.94338706695,65607.94338706695,7.999999999999993
2027-02-04,4,2027-02-01,True,ANTIOQUIA,31738091.73,461660.48125,201159250.99999997,130753513.15,383.7999,392411.41,69249.07,85.0,15.0,Cubierta (85.0% Contratos / 15.0% Bolsa),1384.9814437500002,531555.7396131057,817778.0609432393,752355.8160677801,-65422.24487545912,65422.24487545912,7.999999999999997
2027-02-04,4,2027-02-01,True,BOGOTA,44679476.81,461660.48125,201159250.99999997,130753513.15,383.7999,392411.41,69249.07,85.0,15.0,Cubierta (85.0% Contratos / 15.0% Bolsa),1384.9814437500002,531555.7396131057,817778.0609432393,752355.8160677801,-65422.24487545912,65422.24487545912,7.999999999999997
2027-02-04,4,2027-02-01,True,CARIBE_MAR,34902238.88,461660.48125,201159250.99999997,130753513.15,383.7999,392411.41,69249.07,85.0,15.0,Cubierta (85.0% Contratos / 15.0% Bolsa),1384.9814437500002,531555.7396131057,817778.0609432393,752355.8160677801,-65422.24487545912,65422.24487545912,7.999999999999997
2027-02-04,4,2027-02-01,True,CARIBE_SOL,28166439.7,461660.48125,201159250.99999997,130753513.15,383.7999,392411.41,69249.07,85.0,15.0,Cubierta (85.0% Contratos / 15.0% Bolsa),1384.9814437500002,531555.7396131057,817778.0609432393,752355.8160677801,-65422.24487545912,65422.24487545912,7.999999999999997
2027-02-04,4,2027-02-01,True,VALLE,22869586.2,461660.48125,201159250.99999997,130753513.15,383.7999,392411.41,69249.07,85.0,15.0,Cubierta (85.0% Contratos / 15.0% Bolsa),1384.9814437500002,531555.7396131057,817778.0609432393,752355.8160677801,-65422.24487545912,65422.24487545912,7.999999999999997
2027-02-04,4,2027-02-01,True,SANTANDER,17891743.95,461660.48125,201159250.99999997,130753513.15,383.7999,392411.41,69249.07,85.0,15.0,Cubierta (85.0% Contratos / 15.0% Bolsa),1384.9814437500002,531555.7396131057,817778.0609432393,752355.8160677801,-65422.24487545912,65422.24487545912,7.999999999999997
2027-02-04,4,2027-02-01,True,CUNDINAMARCA,11262038.23,461660.48125,201159250.99999997,130753513.15,383.7999,392411.41,69249.07,85.0,15.0,Cubierta (85.0% Contratos / 15.0% Bolsa),1384.9814437500002,531555.7396131057,817778.0609432393,752355.8160677801,-65422.24487545912,65422.24487545912,7.999999999999997
2027-02-04,4,2027-02-01,True,TOLIMA,9649635.5,461660.48125,201159250.99999997,130753513.15,383.7999,392411.41,69249.07,85.0,15.0,Cubierta (85.0% Contratos / 15.0% Bolsa),1384.9814437500002,531555.7396131057,817778.0609432393,752355.8160677801,-65422.24487545912,65422.24487545912,7.999999999999997
2027-02-05,5,2027-02-01,True,ANTIOQUIA,31798854.34,461615.4075,201139611.29,130740747.34,383.612,392373.1,69242.31,85.0,15.0,Cubierta (85.0% Contratos / 15.0% Bolsa),1384.8462224999998,531243.62910567,817297.8909224231,751914.0596486293,-65383.831273793825,65383.831273793825,7.999999999999997
2027-02-05,5,2027-02-01,True,BOGOTA,43863967.57,461615.4075,201139611.29,130740747.34,383.612,392373.1,69242.31,85.0,15.0,Cubierta (85.0% Contratos / 15.0% Bolsa),1384.8462224999998,531243.62910567,817297.8909224231,751914.0596486293,-65383.831273793825,65383.831273793825,7.999999999999997
2027-02-05,5,2027-02-01,True,CARIBE_MAR,35895261.15,461615.4075,201139611.29,130740747.34,383.612,392373.1,69242.31,85.0,15.0,Cubierta (85.0% Contratos / 15.0% Bolsa),1384.8462224999998,531243.62910567,817297.8909224231,751914.0596486293,-65383.831273793825,65383.831273793825,7.999999999999997
2027-02-05,5,2027-02-01,True,CARIBE_SOL,27966345.79,461615.4075,201139611.29,130740747.34,383.612,392373.1,69242.31,85.0,15.0,Cubierta (85.0% Contratos / 15.0% Bolsa),1384.8462224999998,531243.62910567,817297.8909224231,751914.0596486293,-65383.831273793825,65383.831273793825,7.999999999999997
2027-02-05,5,2027-02-01,True,VALLE,22927126.81,461615.4075,201139611.29,130740747.34,383.612,392373.1,69242.31,85.0,15.0,Cubierta (85.0% Contratos / 15.0% Bolsa),1384.8462224999998,531243.62910567,817297.8909224231,751914.0596486293,-65383.831273793825,65383.831273793825,7.999999999999997
2027-02-05,5,2027-02-01,True,SANTANDER,17805521.07,461615.4075,201139611.29,130740747.34,383.612,392373.1,69242.31,85.0,15.0,Cubierta (85.0% Contratos / 15.0% Bolsa),1384.8462224999998,531243.62910567,817297.8909224231,751914.0596486293,-65383.831273793825,65383.831273793825,7.999999999999997
2027-02-05,5,2027-02-01,True,CUNDINAMARCA,11422575.48,461615.4075,201139611.29,130740747.34,383.612,392373.1,69242.31,85.0,15.0,Cubierta (85.0% Contratos / 15.0% Bolsa),1384.8462224999998,531243.62910567,817297.8909224231,751914.0596486293,-65383.831273793825,65383.831273793825,7.999999999999997
2027-02-05,5,2027-02-01,True,TOLIMA,9459959.08,461615.4075,201139611.29,130740747.34,383.612,392373.1,69242.31,85.0,15.0,Cubierta (85.0% Contratos / 15.0% Bolsa),1384.8462224999998,531243.62910567,817297.8909224231,751914.0596486293,-65383.831273793825,65383.831273793825,7.999999999999997
2027-02-06,6,2027-02-01,True,ANTIOQUIA,26791495.63,326459.37625,168712855.92999998,109663356.35,383.4931,277490.47,48968.91,85.0,15.0,Cubierta (85.0% Contratos / 15.0% Bolsa),979.37812875,375584.75466653664,577822.69951069,531596.8835498348,-46225.81596085522,46225.81596085522,8.000000000000004
2027-02-06,6,2027-02-01,True,BOGOTA,37121732.33,326459.37625,168712855.92999998,109663356.35,383.4931,277490.47,48968.91,85.0,15.0,Cubierta (85.0% Contratos / 15.0% Bolsa),979.37812875,375584.75466653664,577822.69951069,531596.8835498348,-46225.81596085522,46225.81596085522,8.000000000000004
2027-02-06,6,2027-02-01,True,CARIBE_MAR,29742908.62,326459.37625,168712855.92999998,109663356.35,383.4931,277490.47,48968.91,85.0,15.0,Cubierta (85.0% Contratos / 15.0% Bolsa),979.37812875,375584.75466653664,577822.69951069,531596.8835498348,-46225.81596085522,46225.81596085522,8.000000000000004
2027-02-06,6,2027-02-01,True,CARIBE_SOL,23514391.42,326459.37625,168712855.92999998,109663356.35,383.4931,277490.47,48968.91,85.0,15.0,Cubierta (85.0% Contratos / 15.0% Bolsa),979.37812875,375584.75466653664,577822.69951069,531596.8835498348,-46225.81596085522,46225.81596085522,8.000000000000004
2027-02-06,6,2027-02-01,True,VALLE,19111394.54,326459.37625,168712855.92999998,109663356.35,383.4931,277490.47,48968.91,85.0,15.0,Cubierta (85.0% Contratos / 15.0% Bolsa),979.37812875,375584.75466653664,577822.69951069,531596.8835498348,-46225.81596085522,46225.81596085522,8.000000000000004
2027-02-06,6,2027-02-01,True,SANTANDER,14866319.16,326459.37625,168712855.92999998,109663356.35,383.4931,277490.47,48968.91,85.0,15.0,Cubierta (85.0% Contratos / 15.0% Bolsa),979.37812875,375584.75466653664,577822.69951069,531596.8835498348,-46225.81596085522,46225.81596085522,8.000000000000004
2027-02-06,6,2027-02-01,True,CUNDINAMARCA,9538229.73,326459.37625,168712855.92999998,109663356.35,383.4931,277490.47,48968.91,85.0,15.0,Cubierta (85.0% Contratos / 15.0% Bolsa),979.37812875,375584.75466653664,577822.69951069,531596.8835498348,-46225.81596085522,46225.81596085522,8.000000000000004
2027-02-06,6,2027-02-01,True,TOLIMA,8026384.5,326459.37625,168712855.92999998,109663356.35,383.4931,277490.47,48968.91,85.0,15.0,Cubierta (85.0% Contratos / 15.0% Bolsa),979.37812875,375584.75466653664,577822.69951069,531596.8835498348,-46225.81596085522,46225.81596085522,8.000000000000004
2027-02-07,7,2027-02-01,True,ANTIOQUIA,26538012.44,326934.20375,168958244.94,109822859.21,383.4485,277894.07,49040.13,85.0,15.0,Cubierta (85.0% Contratos / 15.0% Bolsa),980.8026112499999,376087.29007989564,578595.8308974156,532308.1644256224,-46287.6664717932,46287.6664717932,7.999999999999992
2027-02-07,7,2027-02-01,True,BOGOTA,37150035.06,326934.20375,168958244.94,109822859.21,383.4485,277894.07,49040.13,85.0,15.0,Cubierta (85.0% Contratos / 15.0% Bolsa),980.8026112499999,376087.29007989564,578595.8308974156,532308.1644256224,-46287.6664717932,46287.6664717932,7.999999999999992
2027-02-07,7,2027-02-01,True,CARIBE_MAR,29781082.23,326934.20375,168958244.94,109822859.21,383.4485,277894.07,49040.13,85.0,15.0,Cubierta (85.0% Contratos / 15.0% Bolsa),980.8026112499999,376087.29007989564,578595.8308974156,532308.1644256224,-46287.6664717932,46287.6664717932,7.999999999999992
2027-02-07,7,2027-02-01,True,CARIBE_SOL,23602887.55,326934.20375,168958244.94,109822859.21,383.4485,277894.07,49040.13,85.0,15.0,Cubierta (85.0% Contratos / 15.0% Bolsa),980.8026112499999,376087.29007989564,578595.8308974156,532308.1644256224,-46287.6664717932,46287.6664717932,7.999999999999992
2027-02-07,7,2027-02-01,True,VALLE,19157363.18,326934.20375,168958244.94,109822859.21,383.4485,277894.07,49040.13,85.0,15.0,Cubierta (85.0% Contratos / 15.0% Bolsa),980.8026112499999,376087.29007989564,578595.8308974156,532308.1644256224,-46287.6664717932,46287.6664717932,7.999999999999992
2027-02-07,7,2027-02-01,True,SANTANDER,15077166.51,326934.20375,168958244.94,109822859.21,383.4485,277894.07,49040.13,85.0,15.0,Cubierta (85.0% Contratos / 15.0% Bolsa),980.8026112499999,376087.29007989564,578595.8308974156,532308.1644256224,-46287.6664717932,46287.6664717932,7.999999999999992
2027-02-07,7,2027-02-01,True,CUNDINAMARCA,9628025.04,326934.20375,168958244.94,109822859.21,383.4485,277894.07,49040.13,85.0,15.0,Cubierta (85.0% Contratos / 15.0% Bolsa),980.8026112499999,376087.29007989564,578595.8308974156,532308.1644256224,-46287.6664717932,46287.6664717932,7.999999999999992
2027-02-07,7,2027-02-01,True,TOLIMA,8023672.93,326934.20375,168958244.94,109822859.21,383.4485,277894.07,49040.13,85.0,15.0,Cubierta (85.0% Contratos / 15.0% Bolsa),980.8026112499999,376087.29007989564,578595.8308974156,532308.1644256224,-46287.6664717932,46287.6664717932,7.999999999999992
2027-02-08,8,2027-02-01,True,ANTIOQUIA,31603735.65,461975.46625,201296499.48999998,130842724.67,383.4824,392679.15,69296.32,85.0,15.0,Cubierta (85.0% Contratos / 15.0% Bolsa),1385.92639875,531478.381616007,817659.0486306369,752246.324740186,-65412.7238904509,65412.7238904509,7.999999999999993
2027-02-08,8,2027-02-01,True,BOGOTA,44495136.12,461975.46625,201296499.48999998,130842724.67,383.4824,392679.15,69296.32,85.0,15.0,Cubierta (85.0% Contratos / 15.0% Bolsa),1385.92639875,531478.381616007,817659.0486306369,752246.324740186,-65412.7238904509,65412.7238904509,7.999999999999993
2027-02-08,8,2027-02-01,True,CARIBE_MAR,35704076.88,461975.46625,201296499.48999998,130842724.67,383.4824,392679.15,69296.32,85.0,15.0,Cubierta (85.0% Contratos / 15.0% Bolsa),1385.92639875,531478.381616007,817659.0486306369,752246.324740186,-65412.7238904509,65412.7238904509,7.999999999999993
2027-02-08,8,2027-02-01,True,CARIBE_SOL,27982225.63,461975.46625,201296499.48999998,130842724.67,383.4824,392679.15,69296.32,85.0,15.0,Cubierta (85.0% Contratos / 15.0% Bolsa),1385.92639875,531478.381616007,817659.0486306369,752246.324740186,-65412.7238904509,65412.7238904509,7.999999999999993
2027-02-08,8,2027-02-01,True,VALLE,23059803.13,461975.46625,201296499.48999998,130842724.67,383.4824,392679.15,69296.32,85.0,15.0,Cubierta (85.0% Contratos / 15.0% Bolsa),1385.92639875,531478.381616007,817659.0486306369,752246.324740186,-65412.7238904509,65412.7238904509,7.999999999999993
2027-02-08,8,2027-02-01,True,SANTANDER,17647487.69,461975.46625,201296499.48999998,130842724.67,383.4824,392679.15,69296.32,85.0,15.0,Cubierta (85.0% Contratos / 15.0% Bolsa),1385.92639875,531478.381616007,817659.0486306369,752246.324740186,-65412.7238904509,65412.7238904509,7.999999999999993
2027-02-08,8,2027-02-01,True,CUNDINAMARCA,11367560.63,461975.46625,201296499.48999998,130842724.67,383.4824,392679.15,69296.32,85.0,15.0,Cubierta (85.0% Contratos / 15.0% Bolsa),1385.92639875,531478.381616007,817659.0486306369,752246.324740186,-65412.7238904509,65412.7238904509,7.999999999999993
2027-02-08,8,2027-02-01,True,TOLIMA,9436473.76,461975.46625,201296499.48999998,130842724.67,383.4824,392679.15,69296.32,85.0,15.0,Cubierta (85.0% Contratos / 15.0% Bolsa),1385.92639875,531478.381616007,817659.0486306369,752246.324740186,-65412.7238904509,65412.7238904509,7.999999999999993
2027-02-09,9,2027-02-01,True,ANTIOQUIA,31534211.13,461855.02625,201244020.41999996,130808613.27,383.5971,392576.77,69278.25,85.0,15.0,Cubierta (85.0% Contratos / 15.0% Bolsa),1385.56507875,531498.7460697717,817690.3785876324,752275.1483006219,-65415.23028701055,65415.23028701055,7.999999999999995
2027-02-09,9,2027-02-01,True,BOGOTA,44718496.84,461855.02625,201244020.41999996,130808613.27,383.5971,392576.77,69278.25,85.0,15.0,Cubierta (85.0% Contratos / 15.0% Bolsa),1385.56507875,531498.7460697717,817690.3785876324,752275.1483006219,-65415.23028701055,65415.23028701055,7.999999999999995
2027-02-09,9,2027-02-01,True,CARIBE_MAR,35528845.51,461855.02625,201244020.41999996,130808613.27,383.5971,392576.77,69278.25,85.0,15.0,Cubierta (85.0% Contratos / 15.0% Bolsa),1385.56507875,531498.7460697717,817690.3785876324,752275.1483006219,-65415.23028701055,65415.23028701055,7.999999999999995
2027-02-09,9,2027-02-01,True,CARIBE_SOL,27849806.01,461855.02625,201244020.41999996,130808613.27,383.5971,392576.77,69278.25,85.0,15.0,Cubierta (85.0% Contratos / 15.0% Bolsa),1385.56507875,531498.7460697717,817690.3785876324,752275.1483006219,-65415.23028701055,65415.23028701055,7.999999999999995
2027-02-09,9,2027-02-01,True,VALLE,22869917.98,461855.02625,201244020.41999996,130808613.27,383.5971,392576.77,69278.25,85.0,15.0,Cubierta (85.0% Contratos / 15.0% Bolsa),1385.56507875,531498.7460697717,817690.3785876324,752275.1483006219,-65415.23028701055,65415.23028701055,7.999999999999995
2027-02-09,9,2027-02-01,True,SANTANDER,17735858.63,461855.02625,201244020.41999996,130808613.27,383.5971,392576.77,69278.25,85.0,15.0,Cubierta (85.0% Contratos / 15.0% Bolsa),1385.56507875,531498.7460697717,817690.3785876324,752275.1483006219,-65415.23028701055,65415.23028701055,7.999999999999995
2027-02-09,9,2027-02-01,True,CUNDINAMARCA,11453548.31,461855.02625,201244020.41999996,130808613.27,383.5971,392576.77,69278.25,85.0,15.0,Cubierta (85.0% Contratos / 15.0% Bolsa),1385.56507875,531498.7460697717,817690.3785876324,752275.1483006219,-65415.23028701055,65415.23028701055,7.999999999999995
2027-02-09,9,2027-02-01,True,TOLIMA,9553336.01,461855.02625,201244020.41999996,130808613.27,383.5971,392576.77,69278.25,85.0,15.0,Cubierta (85.0% Contratos / 15.0% Bolsa),1385.56507875,531498.7460697717,817690.3785876324,752275.1483006219,-65415.23028701055,65415.23028701055,7.999999999999995
2027-02-10,10,2027-02-01,True,ANTIOQUIA,31576927.68,460757.16625,200765649.67000002,130497672.29,383.7932,391643.59,69113.57,85.0,15.0,Cubierta (85.0% Contratos / 15.0% Bolsa),1382.27149875,530506.4017740586,816163.6950088692,750870.5994081596,-65293.09560070955,65293.09560070955,8.000000000000004
2027-02-10,10,2027-02-01,True,BOGOTA,44184557.16,460757.16625,200765649.67000002,130497672.29,383.7932,391643.59,69113.57,85.0,15.0,Cubierta (85.0% Contratos / 15.0% Bolsa),1382.27149875,530506.4017740586,816163.6950088692,750870.5994081596,-65293.09560070955,65293.09560070955,8.000000000000004
2027-02-10,10,2027-02-01,True,CARIBE_MAR,35139079.58,460757.16625,200765649.67000002,130497672.29,383.7932,391643.59,69113.57,85.0,15.0,Cubierta (85.0% Contratos / 15.0% Bolsa),1382.27149875,530506.4017740586,816163.6950088692,750870.5994081596,-65293.09560070955,65293.09560070955,8.000000000000004
2027-02-10,10,2027-02-01,True,CARIBE_SOL,28110893.42,460757.16625,200765649.67000002,130497672.29,383.7932,391643.59,69113.57,85.0,15.0,Cubierta (85.0% Contratos / 15.0% Bolsa),1382.27149875,530506.4017740586,816163.6950088692,750870.5994081596,-65293.09560070955,65293.09560070955,8.000000000000004
2027-02-10,10,2027-02-01,True,VALLE,23086295.33,460757.16625,200765649.67000002,130497672.29,383.7932,391643.59,69113.57,85.0,15.0,Cubierta (85.0% Contratos / 15.0% Bolsa),1382.27149875,530506.4017740586,816163.6950088692,750870.5994081596,-65293.09560070955,65293.09560070955,8.000000000000004
2027-02-10,10,2027-02-01,True,SANTANDER,17884688.22,460757.16625,200765649.67000002,130497672.29,383.7932,391643.59,69113.57,85.0,15.0,Cubierta (85.0% Contratos / 15.0% Bolsa),1382.27149875,530506.4017740586,816163.6950088692,750870.5994081596,-65293.09560070955,65293.09560070955,8.000000000000004
2027-02-10,10,2027-02-01,True,CUNDINAMARCA,11347254.12,460757.16625,200765649.67000002,130497672.29,383.7932,391643.59,69113.57,85.0,15.0,Cubierta (85.0% Contratos / 15.0% Bolsa),1382.27149875,530506.4017740586,816163.6950088692,750870.5994081596,-65293.09560070955,65293.09560070955,8.000000000000004
2027-02-10,10,2027-02-01,True,TOLIMA,9435954.16,460757.16625,200765649.67000002,130497672.29,383.7932,391643.59,69113.57,85.0,15.0,Cubierta (85.0% Contratos / 15.0% Bolsa),1382.27149875,530506.4017740586,816163.6950088692,750870.5994081596,-65293.09560070955,65293.09560070955,8.000000000000004
2027-02-11,11,2027-02-01,True,ANTIOQUIA,31623563.88,462554.47875,201548792.27999997,131006714.98,384.0699,393171.31,69383.17,85.0,15.0,Cubierta (85.0% Contratos / 15.0% Bolsa),1387.6634362500001,532959.7571941939,819938.088003585,754343.0409632982,-65595.04704028682,65595.04704028682,8.000000000000004
2027-02-11,11,2027-02-01,True,BOGOTA,44725280.54,462554.47875,201548792.27999997,131006714.98,384.0699,393171.31,69383.17,85.0,15.0,Cubierta (85.0% Contratos / 15.0% Bolsa),1387.6634362500001,532959.7571941939,819938.088003585,754343.0409632982,-65595.04704028682,65595.04704028682,8.000000000000004
2027-02-11,11,2027-02-01,True,CARIBE_MAR,35166778.96,462554.47875,201548792.27999997,131006714.98,384.0699,393171.31,69383.17,85.0,15.0,Cubierta (85.0% Contratos / 15.0% Bolsa),1387.6634362500001,532959.7571941939,819938.088003585,754343.0409632982,-65595.04704028682,65595.04704028682,8.000000000000004
2027-02-11,11,2027-02-01,True,CARIBE_SOL,28169270.04,462554.47875,201548792.27999997,131006714.98,384.0699,393171.31,69383.17,85.0,15.0,Cubierta (85.0% Contratos / 15.0% Bolsa),1387.6634362500001,532959.7571941939,819938.088003585,754343.0409632982,-65595.04704028682,65595.04704028682,8.000000000000004
2027-02-11,11,2027-02-01,True,VALLE,23048929.55,462554.47875,201548792.27999997,131006714.98,384.0699,393171.31,69383.17,85.0,15.0,Cubierta (85.0% Contratos / 15.0% Bolsa),1387.6634362500001,532959.7571941939,819938.088003585,754343.0409632982,-65595.04704028682,65595.04704028682,8.000000000000004
2027-02-11,11,2027-02-01,True,SANTANDER,17938400.98,462554.47875,201548792.27999997,131006714.98,384.0699,393171.31,69383.17,85.0,15.0,Cubierta (85.0% Contratos / 15.0% Bolsa),1387.6634362500001,532959.7571941939,819938.088003585,754343.0409632982,-65595.04704028682,65595.04704028682,8.000000000000004
2027-02-11,11,2027-02-01,True,CUNDINAMARCA,11360928.64,462554.47875,201548792.27999997,131006714.98,384.0699,393171.31,69383.17,85.0,15.0,Cubierta (85.0% Contratos / 15.0% Bolsa),1387.6634362500001,532959.7571941939,819938.088003585,754343.0409632982,-65595.04704028682,65595.04704028682,8.000000000000004
2027-02-11,11,2027-02-01,True,TOLIMA,9515639.69,462554.47875,201548792.27999997,131006714.98,384.0699,393171.31,69383.17,85.0,15.0,Cubierta (85.0% Contratos / 15.0% Bolsa),1387.6634362500001,532959.7571941939,819938.088003585,754343.0409632982,-65595.04704028682,65595.04704028682,8.000000000000004
2027-02-12,12,2027-02-01,True,ANTIOQUIA,31959438.36,460525.61875,200664757.51000002,130432092.38,384.4246,391446.78,69078.84,85.0,15.0,Cubierta (85.0% Contratos / 15.0% Bolsa),1381.57685625,531112.1303331638,817095.5851373413,751727.938326354,-65367.646810987266,65367.646810987266,7.9999999999999964
2027-02-12,12,2027-02-01,True,BOGOTA,43703721.45,460525.61875,200664757.51000002,130432092.38,384.4246,391446.78,69078.84,85.0,15.0,Cubierta (85.0% Contratos / 15.0% Bolsa),1381.57685625,531112.1303331638,817095.5851373413,751727.938326354,-65367.646810987266,65367.646810987266,7.9999999999999964
2027-02-12,12,2027-02-01,True,CARIBE_MAR,35536344.09,460525.61875,200664757.51000002,130432092.38,384.4246,391446.78,69078.84,85.0,15.0,Cubierta (85.0% Contratos / 15.0% Bolsa),1381.57685625,531112.1303331638,817095.5851373413,751727.938326354,-65367.646810987266,65367.646810987266,7.9999999999999964
2027-02-12,12,2027-02-01,True,CARIBE_SOL,27849072.3,460525.61875,200664757.51000002,130432092.38,384.4246,391446.78,69078.84,85.0,15.0,Cubierta (85.0% Contratos / 15.0% Bolsa),1381.57685625,531112.1303331638,817095.5851373413,751727.938326354,-65367.646810987266,65367.646810987266,7.9999999999999964
2027-02-12,12,2027-02-01,True,VALLE,22966048.01,460525.61875,200664757.51000002,130432092.38,384.4246,391446.78,69078.84,85.0,15.0,Cubierta (85.0% Contratos / 15.0% Bolsa),1381.57685625,531112.1303331638,817095.5851373413,751727.938326354,-65367.646810987266,65367.646810987266,7.9999999999999964
2027-02-12,12,2027-02-01,True,SANTANDER,17761875.77,460525.61875,200664757.51000002,130432092.38,384.4246,391446.78,69078.84,85.0,15.0,Cubierta (85.0% Contratos / 15.0% Bolsa),1381.57685625,531112.1303331638,817095.5851373413,751727.938326354,-65367.646810987266,65367.646810987266,7.9999999999999964
2027-02-12,12,2027-02-01,True,CUNDINAMARCA,11332352.69,460525.61875,200664757.51000002,130432092.38,384.4246,391446.78,69078.84,85.0,15.0,Cubierta (85.0% Contratos / 15.0% Bolsa),1381.57685625,531112.1303331638,817095.5851373413,751727.938326354,-65367.646810987266,65367.646810987266,7.9999999999999964
2027-02-12,12,2027-02-01,True,TOLIMA,9555904.84,460525.61875,200664757.51000002,130432092.38,384.4246,391446.78,69078.84,85.0,15.0,Cubierta (85.0% Contratos / 15.0% Bolsa),1381.57685625,531112.1303331638,817095.5851373413,751727.938326354,-65367.646810987266,65367.646810987266,7.9999999999999964
2027-02-13,13,2027-02-01,True,ANTIOQUIA,26272018.5,328032.9525,169526073.84,110191948.0,384.8531,278828.01,49204.94,85.0,15.0,Cubierta (85.0% Contratos / 15.0% Bolsa),984.0988575,378733.4960153332,582666.9169255156,536053.5635714744,-46613.35335404123,46613.35335404123,7.999999999999997
2027-02-13,13,2027-02-01,True,BOGOTA,37990532.1,328032.9525,169526073.84,110191948.0,384.8531,278828.01,49204.94,85.0,15.0,Cubierta (85.0% Contratos / 15.0% Bolsa),984.0988575,378733.4960153332,582666.9169255156,536053.5635714744,-46613.35335404123,46613.35335404123,7.999999999999997
2027-02-13,13,2027-02-01,True,CARIBE_MAR,29819712.47,328032.9525,169526073.84,110191948.0,384.8531,278828.01,49204.94,85.0,15.0,Cubierta (85.0% Contratos / 15.0% Bolsa),984.0988575,378733.4960153332,582666.9169255156,536053.5635714744,-46613.35335404123,46613.35335404123,7.999999999999997
2027-02-13,13,2027-02-01,True,CARIBE_SOL,23645556.75,328032.9525,169526073.84,110191948.0,384.8531,278828.01,49204.94,85.0,15.0,Cubierta (85.0% Contratos / 15.0% Bolsa),984.0988575,378733.4960153332,582666.9169255156,536053.5635714744,-46613.35335404123,46613.35335404123,7.999999999999997
2027-02-13,13,2027-02-01,True,VALLE,19384842.41,328032.9525,169526073.84,110191948.0,384.8531,278828.01,49204.94,85.0,15.0,Cubierta (85.0% Contratos / 15.0% Bolsa),984.0988575,378733.4960153332,582666.9169255156,536053.5635714744,-46613.35335404123,46613.35335404123,7.999999999999997
2027-02-13,13,2027-02-01,True,SANTANDER,14809588.24,328032.9525,169526073.84,110191948.0,384.8531,278828.01,49204.94,85.0,15.0,Cubierta (85.0% Contratos / 15.0% Bolsa),984.0988575,378733.4960153332,582666.9169255156,536053.5635714744,-46613.35335404123,46613.35335404123,7.999999999999997
2027-02-13,13,2027-02-01,True,CUNDINAMARCA,9568786.15,328032.9525,169526073.84,110191948.0,384.8531,278828.01,49204.94,85.0,15.0,Cubierta (85.0% Contratos / 15.0% Bolsa),984.0988575,378733.4960153332,582666.9169255156,536053.5635714744,-46613.35335404123,46613.35335404123,7.999999999999997
2027-02-13,13,2027-02-01,True,TOLIMA,8035037.22,328032.9525,169526073.84,110191948.0,384.8531,278828.01,49204.94,85.0,15.0,Cubierta (85.0% Contratos / 15.0% Bolsa),984.0988575,378733.4960153332,582666.9169255156,536053.5635714744,-46613.35335404123,46613.35335404123,7.999999999999997
2027-02-14,14,2027-02-01,True,ANTIOQUIA,26608879.67,328095.345,169558317.89000002,110212906.63,385.3496,278881.04,49214.3,85.0,15.0,Cubierta (85.0% Contratos / 15.0% Bolsa),984.286035,379294.229872836,583529.584411806,536847.2176588615,-46682.36675294442,46682.36675294442,7.99999999999999
2027-02-14,14,2027-02-01,True,BOGOTA,37435360.09,328095.345,169558317.89000002,110212906.63,385.3496,278881.04,49214.3,85.0,15.0,Cubierta (85.0% Contratos / 15.0% Bolsa),984.286035,379294.229872836,583529.584411806,536847.2176588615,-46682.36675294442,46682.36675294442,7.99999999999999
2027-02-14,14,2027-02-01,True,CARIBE_MAR,29881941.71,328095.345,169558317.89000002,110212906.63,385.3496,278881.04,49214.3,85.0,15.0,Cubierta (85.0% Contratos / 15.0% Bolsa),984.286035,379294.229872836,583529.584411806,536847.2176588615,-46682.36675294442,46682.36675294442,7.99999999999999
2027-02-14,14,2027-02-01,True,CARIBE_SOL,23382821.89,328095.345,169558317.89000002,110212906.63,385.3496,278881.04,49214.3,85.0,15.0,Cubierta (85.0% Contratos / 15.0% Bolsa),984.286035,379294.229872836,583529.584411806,536847.2176588615,-46682.36675294442,46682.36675294442,7.99999999999999
2027-02-14,14,2027-02-01,True,VALLE,19468752.34,328095.345,169558317.89000002,110212906.63,385.3496,278881.04,49214.3,85.0,15.0,Cubierta (85.0% Contratos / 15.0% Bolsa),984.286035,379294.229872836,583529.584411806,536847.2176588615,-46682.36675294442,46682.36675294442,7.99999999999999
2027-02-14,14,2027-02-01,True,SANTANDER,15149412.65,328095.345,169558317.89000002,110212906.63,385.3496,278881.04,49214.3,85.0,15.0,Cubierta (85.0% Contratos / 15.0% Bolsa),984.286035,379294.229872836,583529.584411806,536847.2176588615,-46682.36675294442,46682.36675294442,7.99999999999999
2027-02-14,14,2027-02-01,True,CUNDINAMARCA,9601371.27,328095.345,169558317.89000002,110212906.63,385.3496,278881.04,49214.3,85.0,15.0,Cubierta (85.0% Contratos / 15.0% Bolsa),984.286035,379294.229872836,583529.584411806,536847.2176588615,-46682.36675294442,46682.36675294442,7.99999999999999
2027-02-14,14,2027-02-01,True,TOLIMA,8029778.27,328095.345,169558317.89000002,110212906.63,385.3496,278881.04,49214.3,85.0,15.0,Cubierta (85.0% Contratos / 15.0% Bolsa),984.286035,379294.229872836,583529.584411806,536847.2176588615,-46682.36675294442,46682.36675294442,7.99999999999999
2027-02-15,15,2027-02-01,True,ANTIOQUIA,32242748.27,463273.61,201862139.42,131210390.62,385.9073,393782.57,69491.04,85.0,15.0,Cubierta (85.0% Contratos / 15.0% Bolsa),1389.82083,536342.003989059,825141.5446174183,759130.2210480248,-66011.32356939348,66011.32356939348,8.000000000000004
2027-02-15,15,2027-02-01,True,BOGOTA,44018354.51,463273.61,201862139.42,131210390.62,385.9073,393782.57,69491.04,85.0,15.0,Cubierta (85.0% Contratos / 15.0% Bolsa),1389.82083,536342.003989059,825141.5446174183,759130.2210480248,-66011.32356939348,66011.32356939348,8.000000000000004
2027-02-15,15,2027-02-01,True,CARIBE_MAR,35708982.55,463273.61,201862139.42,131210390.62,385.9073,393782.57,69491.04,85.0,15.0,Cubierta (85.0% Contratos / 15.0% Bolsa),1389.82083,536342.003989059,825141.5446174183,759130.2210480248,-66011.32356939348,66011.32356939348,8.000000000000004
2027-02-15,15,2027-02-01,True,CARIBE_SOL,28480668.17,463273.61,201862139.42,131210390.62,385.9073,393782.57,69491.04,85.0,15.0,Cubierta (85.0% Contratos / 15.0% Bolsa),1389.82083,536342.003989059,825141.5446174183,759130.2210480248,-66011.32356939348,66011.32356939348,8.000000000000004
2027-02-15,15,2027-02-01,True,VALLE,22868031.5,463273.61,201862139.42,131210390.62,385.9073,393782.57,69491.04,85.0,15.0,Cubierta (85.0% Contratos / 15.0% Bolsa),1389.82083,536342.003989059,825141.5446174183,759130.2210480248,-66011.32356939348,66011.32356939348,8.000000000000004
2027-02-15,15,2027-02-01,True,SANTANDER,17736243.85,463273.61,201862139.42,131210390.62,385.9073,393782.57,69491.04,85.0,15.0,Cubierta (85.0% Contratos / 15.0% Bolsa),1389.82083,536342.003989059,825141.5446174183,759130.2210480248,-66011.32356939348,66011.32356939348,8.000000000000004
2027-02-15,15,2027-02-01,True,CUNDINAMARCA,11345984.47,463273.61,201862139.42,131210390.62,385.9073,393782.57,69491.04,85.0,15.0,Cubierta (85.0% Contratos / 15.0% Bolsa),1389.82083,536342.003989059,825141.5446174183,759130.2210480248,-66011.32356939348,66011.32356939348,8.000000000000004
2027-02-15,15,2027-02-01,True,TOLIMA,9461126.1,463273.61,201862139.42,131210390.62,385.9073,393782.57,69491.04,85.0,15.0,Cubierta (85.0% Contratos / 15.0% Bolsa),1389.82083,536342.003989059,825141.5446174183,759130.2210480248,-66011.32356939348,66011.32356939348,8.000000000000004
2027-02-16,16,2027-02-01,True,ANTIOQUIA,31556957.3,464070.445,202209344.3,131436073.8,386.5177,394459.88,69610.57,85.0,15.0,Cubierta (85.0% Contratos / 15.0% Bolsa),1392.211335,538114.3231181295,827868.1893810137,761638.7342305327,-66229.45515048108,66229.45515048108,7.999999999999997
2027-02-16,16,2027-02-01,True,BOGOTA,44583140.48,464070.445,202209344.3,131436073.8,386.5177,394459.88,69610.57,85.0,15.0,Cubierta (85.0% Contratos / 15.0% Bolsa),1392.211335,538114.3231181295,827868.1893810137,761638.7342305327,-66229.45515048108,66229.45515048108,7.999999999999997
2027-02-16,16,2027-02-01,True,CARIBE_MAR,35934056.99,464070.445,202209344.3,131436073.8,386.5177,394459.88,69610.57,85.0,15.0,Cubierta (85.0% Contratos / 15.0% Bolsa),1392.211335,538114.3231181295,827868.1893810137,761638.7342305327,-66229.45515048108,66229.45515048108,7.999999999999997
2027-02-16,16,2027-02-01,True,CARIBE_SOL,28458282.47,464070.445,202209344.3,131436073.8,386.5177,394459.88,69610.57,85.0,15.0,Cubierta (85.0% Contratos / 15.0% Bolsa),1392.211335,538114.3231181295,827868.1893810137,761638.7342305327,-66229.45515048108,66229.45515048108,7.999999999999997
2027-02-16,16,2027-02-01,True,VALLE,22884905.15,464070.445,202209344.3,131436073.8,386.5177,394459.88,69610.57,85.0,15.0,Cubierta (85.0% Contratos / 15.0% Bolsa),1392.211335,538114.3231181295,827868.1893810137,761638.7342305327,-66229.45515048108,66229.45515048108,7.999999999999997
2027-02-16,16,2027-02-01,True,SANTANDER,17750095.7,464070.445,202209344.3,131436073.8,386.5177,394459.88,69610.57,85.0,15.0,Cubierta (85.0% Contratos / 15.0% Bolsa),1392.211335,538114.3231181295,827868.1893810137,761638.7342305327,-66229.45515048108,66229.45515048108,7.999999999999997
2027-02-16,16,2027-02-01,True,CUNDINAMARCA,11377626.13,464070.445,202209344.3,131436073.8,386.5177,394459.88,69610.57,85.0,15.0,Cubierta (85.0% Contratos / 15.0% Bolsa),1392.211335,538114.3231181295,827868.1893810137,761638.7342305327,-66229.45515048108,66229.45515048108,7.999999999999997
2027-02-16,16,2027-02-01,True,TOLIMA,9664280.08,464070.445,202209344.3,131436073.8,386.5177,394459.88,69610.57,85.0,15.0,Cubierta (85.0% Contratos / 15.0% Bolsa),1392.211335,538114.3231181295,827868.1893810137,761638.7342305327,-66229.45515048108,66229.45515048108,7.999999999999997
2027-02-17,17,2027-02-01,True,ANTIOQUIA,32106598.52,465260.7675,202728003.14,131773202.04,387.1715,395471.65,69789.12,85.0,15.0,Cubierta (85.0% Contratos / 15.0% Bolsa),1395.7823025,540407.1277323788,831395.5811330458,764883.9346424022,-66511.64649064362,66511.64649064362,7.999999999999993
2027-02-17,17,2027-02-01,True,BOGOTA,45203250.8,465260.7675,202728003.14,131773202.04,387.1715,395471.65,69789.12,85.0,15.0,Cubierta (85.0% Contratos / 15.0% Bolsa),1395.7823025,540407.1277323788,831395.5811330458,764883.9346424022,-66511.64649064362,66511.64649064362,7.999999999999993
2027-02-17,17,2027-02-01,True,CARIBE_MAR,35528833.88,465260.7675,202728003.14,131773202.04,387.1715,395471.65,69789.12,85.0,15.0,Cubierta (85.0% Contratos / 15.0% Bolsa),1395.7823025,540407.1277323788,831395.5811330458,764883.9346424022,-66511.64649064362,66511.64649064362,7.999999999999993
2027-02-17,17,2027-02-01,True,CARIBE_SOL,27826890.62,465260.7675,202728003.14,131773202.04,387.1715,395471.65,69789.12,85.0,15.0,Cubierta (85.0% Contratos / 15.0% Bolsa),1395.7823025,540407.1277323788,831395.5811330458,764883.9346424022,-66511.64649064362,66511.64649064362,7.999999999999993
2027-02-17,17,2027-02-01,True,VALLE,22868825.01,465260.7675,202728003.14,131773202.04,387.1715,395471.65,69789.12,85.0,15.0,Cubierta (85.0% Contratos / 15.0% Bolsa),1395.7823025,540407.1277323788,831395.5811330458,764883.9346424022,-66511.64649064362,66511.64649064362,7.999999999999993
2027-02-17,17,2027-02-01,True,SANTANDER,18215333.29,465260.7675,202728003.14,131773202.04,387.1715,395471.65,69789.12,85.0,15.0,Cubierta (85.0% Contratos / 15.0% Bolsa),1395.7823025,540407.1277323788,831395.5811330458,764883.9346424022,-66511.64649064362,66511.64649064362,7.999999999999993
2027-02-17,17,2027-02-01,True,CUNDINAMARCA,11396273.44,465260.7675,202728003.14,131773202.04,387.1715,395471.65,69789.12,85.0,15.0,Cubierta (85.0% Contratos / 15.0% Bolsa),1395.7823025,540407.1277323788,831395.5811330458,764883.9346424022,-66511.64649064362,66511.64649064362,7.999999999999993
2027-02-17,17,2027-02-01,True,TOLIMA,9581997.58,465260.7675,202728003.14,131773202.04,387.1715,395471.65,69789.12,85.0,15.0,Cubierta (85.0% Contratos / 15.0% Bolsa),1395.7823025,540407.1277323788,831395.5811330458,764883.9346424022,-66511.64649064362,66511.64649064362,7.999999999999993
2027-02-18,18,2027-02-01,True,ANTIOQUIA,32001146.8,462300.92625,201438311.89,130934902.73,387.8584,392955.79,69345.14,85.0,15.0,Cubierta (85.0% Contratos / 15.0% Bolsa),1386.9027787500002,537921.8927215291,827572.1426390253,761366.3712279034,-66205.77141112194,66205.77141112194,7.999999999999989
2027-02-18,18,2027-02-01,True,BOGOTA,44446990.89,462300.92625,201438311.89,130934902.73,387.8584,392955.79,69345.14,85.0,15.0,Cubierta (85.0% Contratos / 15.0% Bolsa),1386.9027787500002,537921.8927215291,827572.1426390253,761366.3712279034,-66205.77141112194,66205.77141112194,7.999999999999989
2027-02-18,18,2027-02-01,True,CARIBE_MAR,35451871.07,462300.92625,201438311.89,130934902.73,387.8584,392955.79,69345.14,85.0,15.0,Cubierta (85.0% Contratos / 15.0% Bolsa),1386.9027787500002,537921.8927215291,827572.1426390253,761366.3712279034,-66205.77141112194,66205.77141112194,7.999999999999989
2027-02-18,18,2027-02-01,True,CARIBE_SOL,27917482.76,462300.92625,201438311.89,130934902.73,387.8584,392955.79,69345.14,85.0,15.0,Cubierta (85.0% Contratos / 15.0% Bolsa),1386.9027787500002,537921.8927215291,827572.1426390253,761366.3712279034,-66205.77141112194,66205.77141112194,7.999999999999989
2027-02-18,18,2027-02-01,True,VALLE,22923688.52,462300.92625,201438311.89,130934902.73,387.8584,392955.79,69345.14,85.0,15.0,Cubierta (85.0% Contratos / 15.0% Bolsa),1386.9027787500002,537921.8927215291,827572.1426390253,761366.3712279034,-66205.77141112194,66205.77141112194,7.999999999999989
2027-02-18,18,2027-02-01,True,SANTANDER,17717544.26,462300.92625,201438311.89,130934902.73,387.8584,392955.79,69345.14,85.0,15.0,Cubierta (85.0% Contratos / 15.0% Bolsa),1386.9027787500002,537921.8927215291,827572.1426390253,761366.3712279034,-66205.77141112194,66205.77141112194,7.999999999999989
2027-02-18,18,2027-02-01,True,CUNDINAMARCA,11407317.95,462300.92625,201438311.89,130934902.73,387.8584,392955.79,69345.14,85.0,15.0,Cubierta (85.0% Contratos / 15.0% Bolsa),1386.9027787500002,537921.8927215291,827572.1426390253,761366.3712279034,-66205.77141112194,66205.77141112194,7.999999999999989
2027-02-18,18,2027-02-01,True,TOLIMA,9572269.64,462300.92625,201438311.89,130934902.73,387.8584,392955.79,69345.14,85.0,15.0,Cubierta (85.0% Contratos / 15.0% Bolsa),1386.9027787500002,537921.8927215291,827572.1426390253,761366.3712279034,-66205.77141112194,66205.77141112194,7.999999999999989
2027-02-19,19,2027-02-01,True,ANTIOQUIA,31857237.37,462227.49125,201406314.14,130914104.19,388.5675,392893.37,69334.12,85.0,15.0,Cubierta (85.0% Contratos / 15.0% Bolsa),1386.68247375,538819.7421188531,828953.4494199523,762637.1734663562,-66316.27595359611,66316.27595359611,7.99999999999999
2027-02-19,19,2027-02-01,True,BOGOTA,43941179.4,462227.49125,201406314.14,130914104.19,388.5675,392893.37,69334.12,85.0,15.0,Cubierta (85.0% Contratos / 15.0% Bolsa),1386.68247375,538819.7421188531,828953.4494199523,762637.1734663562,-66316.27595359611,66316.27595359611,7.99999999999999
2027-02-19,19,2027-02-01,True,CARIBE_MAR,35366411.6,462227.49125,201406314.14,130914104.19,388.5675,392893.37,69334.12,85.0,15.0,Cubierta (85.0% Contratos / 15.0% Bolsa),1386.68247375,538819.7421188531,828953.4494199523,762637.1734663562,-66316.27595359611,66316.27595359611,7.99999999999999
2027-02-19,19,2027-02-01,True,CARIBE_SOL,28162005.28,462227.49125,201406314.14,130914104.19,388.5675,392893.37,69334.12,85.0,15.0,Cubierta (85.0% Contratos / 15.0% Bolsa),1386.68247375,538819.7421188531,828953.4494199523,762637.1734663562,-66316.27595359611,66316.27595359611,7.99999999999999
2027-02-19,19,2027-02-01,True,VALLE,23003185.05,462227.49125,201406314.14,130914104.19,388.5675,392893.37,69334.12,85.0,15.0,Cubierta (85.0% Contratos / 15.0% Bolsa),1386.68247375,538819.7421188531,828953.4494199523,762637.1734663562,-66316.27595359611,66316.27595359611,7.99999999999999
2027-02-19,19,2027-02-01,True,SANTANDER,18018112.63,462227.49125,201406314.14,130914104.19,388.5675,392893.37,69334.12,85.0,15.0,Cubierta (85.0% Contratos / 15.0% Bolsa),1386.68247375,538819.7421188531,828953.4494199523,762637.1734663562,-66316.27595359611,66316.27595359611,7.99999999999999
2027-02-19,19,2027-02-01,True,CUNDINAMARCA,11499844.61,462227.49125,201406314.14,130914104.19,388.5675,392893.37,69334.12,85.0,15.0,Cubierta (85.0% Contratos / 15.0% Bolsa),1386.68247375,538819.7421188531,828953.4494199523,762637.1734663562,-66316.27595359611,66316.27595359611,7.99999999999999
2027-02-19,19,2027-02-01,True,TOLIMA,9558338.2,462227.49125,201406314.14,130914104.19,388.5675,392893.37,69334.12,85.0,15.0,Cubierta (85.0% Contratos / 15.0% Bolsa),1386.68247375,538819.7421188531,828953.4494199523,762637.1734663562,-66316.27595359611,66316.27595359611,7.99999999999999
2027-02-20,20,2027-02-01,True,ANTIOQUIA,26824524.85,331501.24375,171318472.25,111357006.96,389.2874,281776.06,49725.19,85.0,15.0,Cubierta (85.0% Contratos / 15.0% Bolsa),994.5037312500001,387147.77182861126,595611.9566727737,547963.0001389518,-47648.95653382188,47648.95653382188,7.999999999999997
2027-02-20,20,2027-02-01,True,BOGOTA,38234886.32,331501.24375,171318472.25,111357006.96,389.2874,281776.06,49725.19,85.0,15.0,Cubierta (85.0% Contratos / 15.0% Bolsa),994.5037312500001,387147.77182861126,595611.9566727737,547963.0001389518,-47648.95653382188,47648.95653382188,7.999999999999997
2027-02-20,20,2027-02-01,True,CARIBE_MAR,29949568.47,331501.24375,171318472.25,111357006.96,389.2874,281776.06,49725.19,85.0,15.0,Cubierta (85.0% Contratos / 15.0% Bolsa),994.5037312500001,387147.77182861126,595611.9566727737,547963.0001389518,-47648.95653382188,47648.95653382188,7.999999999999997
2027-02-20,20,2027-02-01,True,CARIBE_SOL,23914306.63,331501.24375,171318472.25,111357006.96,389.2874,281776.06,49725.19,85.0,15.0,Cubierta (85.0% Contratos / 15.0% Bolsa),994.5037312500001,387147.77182861126,595611.9566727737,547963.0001389518,-47648.95653382188,47648.95653382188,7.999999999999997
2027-02-20,20,2027-02-01,True,VALLE,19573942.54,331501.24375,171318472.25,111357006.96,389.2874,281776.06,49725.19,85.0,15.0,Cubierta (85.0% Contratos / 15.0% Bolsa),994.5037312500001,387147.77182861126,595611.9566727737,547963.0001389518,-47648.95653382188,47648.95653382188,7.999999999999997
2027-02-20,20,2027-02-01,True,SANTANDER,15079080.22,331501.24375,171318472.25,111357006.96,389.2874,281776.06,49725.19,85.0,15.0,Cubierta (85.0% Contratos / 15.0% Bolsa),994.5037312500001,387147.77182861126,595611.9566727737,547963.0001389518,-47648.95653382188,47648.95653382188,7.999999999999997
2027-02-20,20,2027-02-01,True,CUNDINAMARCA,9763734.54,331501.24375,171318472.25,111357006.96,389.2874,281776.06,49725.19,85.0,15.0,Cubierta (85.0% Contratos / 15.0% Bolsa),994.5037312500001,387147.77182861126,595611.9566727737,547963.0001389518,-47648.95653382188,47648.95653382188,7.999999999999997
2027-02-20,20,2027-02-01,True,TOLIMA,7978428.68,331501.24375,171318472.25,111357006.96,389.2874,281776.06,49725.19,85.0,15.0,Cubierta (85.0% Contratos / 15.0% Bolsa),994.5037312500001,387147.77182861126,595611.9566727737,547963.0001389518,-47648.95653382188,47648.95653382188,7.999999999999997
2027-02-21,21,2027-02-01,True,ANTIOQUIA,26988158.57,329220.97375,170140038.24,110591024.86,390.0064,279837.83,49383.15,85.0,15.0,Cubierta (85.0% Contratos / 15.0% Bolsa),987.6629212500001,385194.86033019604,592607.4774096366,545198.8792168658,-47408.59819277085,47408.59819277085,7.999999999999987
2027-02-21,21,2027-02-01,True,BOGOTA,37348514.73,329220.97375,170140038.24,110591024.86,390.0064,279837.83,49383.15,85.0,15.0,Cubierta (85.0% Contratos / 15.0% Bolsa),987.6629212500001,385194.86033019604,592607.4774096366,545198.8792168658,-47408.59819277085,47408.59819277085,7.999999999999987
2027-02-21,21,2027-02-01,True,CARIBE_MAR,30183162.12,329220.97375,170140038.24,110591024.86,390.0064,279837.83,49383.15,85.0,15.0,Cubierta (85.0% Contratos / 15.0% Bolsa),987.6629212500001,385194.86033019604,592607.4774096366,545198.8792168658,-47408.59819277085,47408.59819277085,7.999999999999987
2027-02-21,21,2027-02-01,True,CARIBE_SOL,23715263.11,329220.97375,170140038.24,110591024.86,390.0064,279837.83,49383.15,85.0,15.0,Cubierta (85.0% Contratos / 15.0% Bolsa),987.6629212500001,385194.86033019604,592607.4774096366,545198.8792168658,-47408.59819277085,47408.59819277085,7.999999999999987
2027-02-21,21,2027-02-01,True,VALLE,19247104.9,329220.97375,170140038.24,110591024.86,390.0064,279837.83,49383.15,85.0,15.0,Cubierta (85.0% Contratos / 15.0% Bolsa),987.6629212500001,385194.86033019604,592607.4774096366,545198.8792168658,-47408.59819277085,47408.59819277085,7.999999999999987
2027-02-21,21,2027-02-01,True,SANTANDER,14963733.51,329220.97375,170140038.24,110591024.86,390.0064,279837.83,49383.15,85.0,15.0,Cubierta (85.0% Contratos / 15.0% Bolsa),987.6629212500001,385194.86033019604,592607.4774096366,545198.8792168658,-47408.59819277085,47408.59819277085,7.999999999999987
2027-02-21,21,2027-02-01,True,CUNDINAMARCA,9673465.3,329220.97375,170140038.24,110591024.86,390.0064,279837.83,49383.15,85.0,15.0,Cubierta (85.0% Contratos / 15.0% Bolsa),987.6629212500001,385194.86033019604,592607.4774096366,545198.8792168658,-47408.59819277085,47408.59819277085,7.999999999999987
2027-02-21,21,2027-02-01,True,TOLIMA,8020636.0,329220.97375,170140038.24,110591024.86,390.0064,279837.83,49383.15,85.0,15.0,Cubierta (85.0% Contratos / 15.0% Bolsa),987.6629212500001,385194.86033019604,592607.4774096366,545198.8792168658,-47408.59819277085,47408.59819277085,7.999999999999987
2027-02-22,22,2027-02-01,True,ANTIOQUIA,32313201.82,464624.885,202450930.08,131593104.55,390.713,394931.15,69693.73,85.0,15.0,Cubierta (85.0% Contratos / 15.0% Bolsa),1393.874655,544604.948079015,837853.7662881418,770825.4649850905,-67028.3013030513,67028.3013030513,7.999999999999993
2027-02-22,22,2027-02-01,True,BOGOTA,44441552.84,464624.885,202450930.08,131593104.55,390.713,394931.15,69693.73,85.0,15.0,Cubierta (85.0% Contratos / 15.0% Bolsa),1393.874655,544604.948079015,837853.7662881418,770825.4649850905,-67028.3013030513,67028.3013030513,7.999999999999993
2027-02-22,22,2027-02-01,True,CARIBE_MAR,35610203.06,464624.885,202450930.08,131593104.55,390.713,394931.15,69693.73,85.0,15.0,Cubierta (85.0% Contratos / 15.0% Bolsa),1393.874655,544604.948079015,837853.7662881418,770825.4649850905,-67028.3013030513,67028.3013030513,7.999999999999993
2027-02-22,22,2027-02-01,True,CARIBE_SOL,28315348.93,464624.885,202450930.08,131593104.55,390.713,394931.15,69693.73,85.0,15.0,Cubierta (85.0% Contratos / 15.0% Bolsa),1393.874655,544604.948079015,837853.7662881418,770825.4649850905,-67028.3013030513,67028.3013030513,7.999999999999993
2027-02-22,22,2027-02-01,True,VALLE,22852332.92,464624.885,202450930.08,131593104.55,390.713,394931.15,69693.73,85.0,15.0,Cubierta (85.0% Contratos / 15.0% Bolsa),1393.874655,544604.948079015,837853.7662881418,770825.4649850905,-67028.3013030513,67028.3013030513,7.999999999999993
2027-02-22,22,2027-02-01,True,SANTANDER,17942946.74,464624.885,202450930.08,131593104.55,390.713,394931.15,69693.73,85.0,15.0,Cubierta (85.0% Contratos / 15.0% Bolsa),1393.874655,544604.948079015,837853.7662881418,770825.4649850905,-67028.3013030513,67028.3013030513,7.999999999999993
2027-02-22,22,2027-02-01,True,CUNDINAMARCA,11442435.46,464624.885,202450930.08,131593104.55,390.713,394931.15,69693.73,85.0,15.0,Cubierta (85.0% Contratos / 15.0% Bolsa),1393.874655,544604.948079015,837853.7662881418,770825.4649850905,-67028.3013030513,67028.3013030513,7.999999999999993
2027-02-22,22,2027-02-01,True,TOLIMA,9532908.31,464624.885,202450930.08,131593104.55,390.713,394931.15,69693.73,85.0,15.0,Cubierta (85.0% Contratos / 15.0% Bolsa),1393.874655,544604.948079015,837853.7662881418,770825.4649850905,-67028.3013030513,67028.3013030513,7.999999999999993
2027-02-23,23,2027-02-01,True,ANTIOQUIA,31818151.97,461795.4725,201218071.07000002,130791746.2,391.3959,392526.15,69269.32,85.0,15.0,Cubierta (85.0% Contratos / 15.0% Bolsa),1385.3864174999999,542234.5637251881,834207.0210869726,767470.4594000148,-66736.56168695772,66736.56168695772,7.99999999999999
2027-02-23,23,2027-02-01,True,BOGOTA,44001757.59,461795.4725,201218071.07000002,130791746.2,391.3959,392526.15,69269.32,85.0,15.0,Cubierta (85.0% Contratos / 15.0% Bolsa),1385.3864174999999,542234.5637251881,834207.0210869726,767470.4594000148,-66736.56168695772,66736.56168695772,7.99999999999999
2027-02-23,23,2027-02-01,True,CARIBE_MAR,35890632.88,461795.4725,201218071.07000002,130791746.2,391.3959,392526.15,69269.32,85.0,15.0,Cubierta (85.0% Contratos / 15.0% Bolsa),1385.3864174999999,542234.5637251881,834207.0210869726,767470.4594000148,-66736.56168695772,66736.56168695772,7.99999999999999
2027-02-23,23,2027-02-01,True,CARIBE_SOL,27718250.23,461795.4725,201218071.07000002,130791746.2,391.3959,392526.15,69269.32,85.0,15.0,Cubierta (85.0% Contratos / 15.0% Bolsa),1385.3864174999999,542234.5637251881,834207.0210869726,767470.4594000148,-66736.56168695772,66736.56168695772,7.99999999999999
2027-02-23,23,2027-02-01,True,VALLE,23080474.49,461795.4725,201218071.07000002,130791746.2,391.3959,392526.15,69269.32,85.0,15.0,Cubierta (85.0% Contratos / 15.0% Bolsa),1385.3864174999999,542234.5637251881,834207.0210869726,767470.4594000148,-66736.56168695772,66736.56168695772,7.99999999999999
2027-02-23,23,2027-02-01,True,SANTANDER,17792566.15,461795.4725,201218071.07000002,130791746.2,391.3959,392526.15,69269.32,85.0,15.0,Cubierta (85.0% Contratos / 15.0% Bolsa),1385.3864174999999,542234.5637251881,834207.0210869726,767470.4594000148,-66736.56168695772,66736.56168695772,7.99999999999999
2027-02-23,23,2027-02-01,True,CUNDINAMARCA,11565435.24,461795.4725,201218071.07000002,130791746.2,391.3959,392526.15,69269.32,85.0,15.0,Cubierta (85.0% Contratos / 15.0% Bolsa),1385.3864174999999,542234.5637251881,834207.0210869726,767470.4594000148,-66736.56168695772,66736.56168695772,7.99999999999999
2027-02-23,23,2027-02-01,True,TOLIMA,9350802.52,461795.4725,201218071.07000002,130791746.2,391.3959,392526.15,69269.32,85.0,15.0,Cubierta (85.0% Contratos / 15.0% Bolsa),1385.3864174999999,542234.5637251881,834207.0210869726,767470.4594000148,-66736.56168695772,66736.56168695772,7.99999999999999
2027-02-24,24,2027-02-01,True,ANTIOQUIA,31847456.94,462879.025,201690206.76999995,131098634.4,392.0442,393447.17,69431.85,85.0,15.0,Cubierta (85.0% Contratos / 15.0% Bolsa),1388.637075,544407.111158715,837549.4017858326,770545.449642966,-67003.95214286656,67003.95214286656,7.999999999999995
2027-02-24,24,2027-02-01,True,BOGOTA,44468206.04,462879.025,201690206.76999995,131098634.4,392.0442,393447.17,69431.85,85.0,15.0,Cubierta (85.0% Contratos / 15.0% Bolsa),1388.637075,544407.111158715,837549.4017858326,770545.449642966,-67003.95214286656,67003.95214286656,7.999999999999995
2027-02-24,24,2027-02-01,True,CARIBE_MAR,35757868.75,462879.025,201690206.76999995,131098634.4,392.0442,393447.17,69431.85,85.0,15.0,Cubierta (85.0% Contratos / 15.0% Bolsa),1388.637075,544407.111158715,837549.4017858326,770545.449642966,-67003.95214286656,67003.95214286656,7.999999999999995
2027-02-24,24,2027-02-01,True,CARIBE_SOL,27958774.37,462879.025,201690206.76999995,131098634.4,392.0442,393447.17,69431.85,85.0,15.0,Cubierta (85.0% Contratos / 15.0% Bolsa),1388.637075,544407.111158715,837549.4017858326,770545.449642966,-67003.95214286656,67003.95214286656,7.999999999999995
2027-02-24,24,2027-02-01,True,VALLE,22869251.23,462879.025,201690206.76999995,131098634.4,392.0442,393447.17,69431.85,85.0,15.0,Cubierta (85.0% Contratos / 15.0% Bolsa),1388.637075,544407.111158715,837549.4017858326,770545.449642966,-67003.95214286656,67003.95214286656,7.999999999999995
2027-02-24,24,2027-02-01,True,SANTANDER,17774024.14,462879.025,201690206.76999995,131098634.4,392.0442,393447.17,69431.85,85.0,15.0,Cubierta (85.0% Contratos / 15.0% Bolsa),1388.637075,544407.111158715,837549.4017858326,770545.449642966,-67003.95214286656,67003.95214286656,7.999999999999995
2027-02-24,24,2027-02-01,True,CUNDINAMARCA,11532274.63,462879.025,201690206.76999995,131098634.4,392.0442,393447.17,69431.85,85.0,15.0,Cubierta (85.0% Contratos / 15.0% Bolsa),1388.637075,544407.111158715,837549.4017858326,770545.449642966,-67003.95214286656,67003.95214286656,7.999999999999995
2027-02-24,24,2027-02-01,True,TOLIMA,9482350.67,462879.025,201690206.76999995,131098634.4,392.0442,393447.17,69431.85,85.0,15.0,Cubierta (85.0% Contratos / 15.0% Bolsa),1388.637075,544407.111158715,837549.4017858326,770545.449642966,-67003.95214286656,67003.95214286656,7.999999999999995
2027-02-25,25,2027-02-01,True,ANTIOQUIA,31999504.5,466178.41,203127847.25000003,132033100.71,392.6476,396251.65,69926.76,85.0,15.0,Cubierta (85.0% Contratos / 15.0% Bolsa),1398.53523,549131.501574948,844817.6947466857,777232.2791669508,-67585.41557973484,67585.41557973484,7.999999999999997
2027-02-25,25,2027-02-01,True,BOGOTA,45617763.62,466178.41,203127847.25000003,132033100.71,392.6476,396251.65,69926.76,85.0,15.0,Cubierta (85.0% Contratos / 15.0% Bolsa),1398.53523,549131.501574948,844817.6947466857,777232.2791669508,-67585.41557973484,67585.41557973484,7.999999999999997
2027-02-25,25,2027-02-01,True,CARIBE_MAR,35936469.17,466178.41,203127847.25000003,132033100.71,392.6476,396251.65,69926.76,85.0,15.0,Cubierta (85.0% Contratos / 15.0% Bolsa),1398.53523,549131.501574948,844817.6947466857,777232.2791669508,-67585.41557973484,67585.41557973484,7.999999999999997
2027-02-25,25,2027-02-01,True,CARIBE_SOL,27469676.41,466178.41,203127847.25000003,132033100.71,392.6476,396251.65,69926.76,85.0,15.0,Cubierta (85.0% Contratos / 15.0% Bolsa),1398.53523,549131.501574948,844817.6947466857,777232.2791669508,-67585.41557973484,67585.41557973484,7.999999999999997
2027-02-25,25,2027-02-01,True,VALLE,23117657.9,466178.41,203127847.25000003,132033100.71,392.6476,396251.65,69926.76,85.0,15.0,Cubierta (85.0% Contratos / 15.0% Bolsa),1398.53523,549131.501574948,844817.6947466857,777232.2791669508,-67585.41557973484,67585.41557973484,7.999999999999997
2027-02-25,25,2027-02-01,True,SANTANDER,17914634.19,466178.41,203127847.25000003,132033100.71,392.6476,396251.65,69926.76,85.0,15.0,Cubierta (85.0% Contratos / 15.0% Bolsa),1398.53523,549131.501574948,844817.6947466857,777232.2791669508,-67585.41557973484,67585.41557973484,7.999999999999997
2027-02-25,25,2027-02-01,True,CUNDINAMARCA,11497080.13,466178.41,203127847.25000003,132033100.71,392.6476,396251.65,69926.76,85.0,15.0,Cubierta (85.0% Contratos / 15.0% Bolsa),1398.53523,549131.501574948,844817.6947466857,777232.2791669508,-67585.41557973484,67585.41557973484,7.999999999999997
2027-02-25,25,2027-02-01,True,TOLIMA,9575061.33,466178.41,203127847.25000003,132033100.71,392.6476,396251.65,69926.76,85.0,15.0,Cubierta (85.0% Contratos / 15.0% Bolsa),1398.53523,549131.501574948,844817.6947466857,777232.2791669508,-67585.41557973484,67585.41557973484,7.999999999999997
2027-02-26,26,2027-02-01,True,ANTIOQUIA,31866928.14,464531.6825,202410319.20999998,131566707.49,393.1971,394851.93,69679.75,85.0,15.0,Cubierta (85.0% Contratos / 15.0% Bolsa),1393.5950475,547957.5312513622,843011.586518131,775570.6595966805,-67440.92692145042,67440.92692145042,7.999999999999993
2027-02-26,26,2027-02-01,True,BOGOTA,45124116.43,464531.6825,202410319.20999998,131566707.49,393.1971,394851.93,69679.75,85.0,15.0,Cubierta (85.0% Contratos / 15.0% Bolsa),1393.5950475,547957.5312513622,843011.586518131,775570.6595966805,-67440.92692145042,67440.92692145042,7.999999999999993
2027-02-26,26,2027-02-01,True,CARIBE_MAR,35563621.64,464531.6825,202410319.20999998,131566707.49,393.1971,394851.93,69679.75,85.0,15.0,Cubierta (85.0% Contratos / 15.0% Bolsa),1393.5950475,547957.5312513622,843011.586518131,775570.6595966805,-67440.92692145042,67440.92692145042,7.999999999999993
2027-02-26,26,2027-02-01,True,CARIBE_SOL,28135797.56,464531.6825,202410319.20999998,131566707.49,393.1971,394851.93,69679.75,85.0,15.0,Cubierta (85.0% Contratos / 15.0% Bolsa),1393.5950475,547957.5312513622,843011.586518131,775570.6595966805,-67440.92692145042,67440.92692145042,7.999999999999993
2027-02-26,26,2027-02-01,True,VALLE,22674308.65,464531.6825,202410319.20999998,131566707.49,393.1971,394851.93,69679.75,85.0,15.0,Cubierta (85.0% Contratos / 15.0% Bolsa),1393.5950475,547957.5312513622,843011.586518131,775570.6595966805,-67440.92692145042,67440.92692145042,7.999999999999993
2027-02-26,26,2027-02-01,True,SANTANDER,18057947.78,464531.6825,202410319.20999998,131566707.49,393.1971,394851.93,69679.75,85.0,15.0,Cubierta (85.0% Contratos / 15.0% Bolsa),1393.5950475,547957.5312513622,843011.586518131,775570.6595966805,-67440.92692145042,67440.92692145042,7.999999999999993
2027-02-26,26,2027-02-01,True,CUNDINAMARCA,11489059.07,464531.6825,202410319.20999998,131566707.49,393.1971,394851.93,69679.75,85.0,15.0,Cubierta (85.0% Contratos / 15.0% Bolsa),1393.5950475,547957.5312513622,843011.586518131,775570.6595966805,-67440.92692145042,67440.92692145042,7.999999999999993
2027-02-26,26,2027-02-01,True,TOLIMA,9498539.94,464531.6825,202410319.20999998,131566707.49,393.1971,394851.93,69679.75,85.0,15.0,Cubierta (85.0% Contratos / 15.0% Bolsa),1393.5950475,547957.5312513622,843011.586518131,775570.6595966805,-67440.92692145042,67440.92692145042,7.999999999999993
2027-02-27,27,2027-02-01,True,ANTIOQUIA,26916505.25,329261.49625,170160979.91000003,110604636.94,393.6845,279872.27,49389.22,85.0,15.0,Cubierta (85.0% Contratos / 15.0% Bolsa),987.7844887500002,388875.4425612994,598269.911640882,550408.3187096115,-47861.59293127048,47861.59293127048,7.999999999999987
2027-02-27,27,2027-02-01,True,BOGOTA,37627736.64,329261.49625,170160979.91000003,110604636.94,393.6845,279872.27,49389.22,85.0,15.0,Cubierta (85.0% Contratos / 15.0% Bolsa),987.7844887500002,388875.4425612994,598269.911640882,550408.3187096115,-47861.59293127048,47861.59293127048,7.999999999999987
2027-02-27,27,2027-02-01,True,CARIBE_MAR,29986857.54,329261.49625,170160979.91000003,110604636.94,393.6845,279872.27,49389.22,85.0,15.0,Cubierta (85.0% Contratos / 15.0% Bolsa),987.7844887500002,388875.4425612994,598269.911640882,550408.3187096115,-47861.59293127048,47861.59293127048,7.999999999999987
2027-02-27,27,2027-02-01,True,CARIBE_SOL,23679642.25,329261.49625,170160979.91000003,110604636.94,393.6845,279872.27,49389.22,85.0,15.0,Cubierta (85.0% Contratos / 15.0% Bolsa),987.7844887500002,388875.4425612994,598269.911640882,550408.3187096115,-47861.59293127048,47861.59293127048,7.999999999999987
2027-02-27,27,2027-02-01,True,VALLE,19214699.21,329261.49625,170160979.91000003,110604636.94,393.6845,279872.27,49389.22,85.0,15.0,Cubierta (85.0% Contratos / 15.0% Bolsa),987.7844887500002,388875.4425612994,598269.911640882,550408.3187096115,-47861.59293127048,47861.59293127048,7.999999999999987
2027-02-27,27,2027-02-01,True,SANTANDER,15048343.58,329261.49625,170160979.91000003,110604636.94,393.6845,279872.27,49389.22,85.0,15.0,Cubierta (85.0% Contratos / 15.0% Bolsa),987.7844887500002,388875.4425612994,598269.911640882,550408.3187096115,-47861.59293127048,47861.59293127048,7.999999999999987
2027-02-27,27,2027-02-01,True,CUNDINAMARCA,9687509.72,329261.49625,170160979.91000003,110604636.94,393.6845,279872.27,49389.22,85.0,15.0,Cubierta (85.0% Contratos / 15.0% Bolsa),987.7844887500002,388875.4425612994,598269.911640882,550408.3187096115,-47861.59293127048,47861.59293127048,7.999999999999987
2027-02-27,27,2027-02-01,True,TOLIMA,7999685.72,329261.49625,170160979.91000003,110604636.94,393.6845,279872.27,49389.22,85.0,15.0,Cubierta (85.0% Contratos / 15.0% Bolsa),987.7844887500002,388875.4425612994,598269.911640882,550408.3187096115,-47861.59293127048,47861.59293127048,7.999999999999987
2027-02-28,28,2027-02-01,True,ANTIOQUIA,26753372.8,327763.28375,169386710.22,110101361.64,394.1028,278598.79,49164.49,85.0,15.0,Cubierta (85.0% Contratos / 15.0% Bolsa),983.2898512500001,387517.28358920856,596180.4363073346,548486.0014027478,-47694.43490458676,47694.43490458676,7.999999999999999
2027-02-28,28,2027-02-01,True,BOGOTA,37153126.3,327763.28375,169386710.22,110101361.64,394.1028,278598.79,49164.49,85.0,15.0,Cubierta (85.0% Contratos / 15.0% Bolsa),983.2898512500001,387517.28358920856,596180.4363073346,548486.0014027478,-47694.43490458676,47694.43490458676,7.999999999999999
2027-02-28,28,2027-02-01,True,CARIBE_MAR,30134651.64,327763.28375,169386710.22,110101361.64,394.1028,278598.79,49164.49,85.0,15.0,Cubierta (85.0% Contratos / 15.0% Bolsa),983.2898512500001,387517.28358920856,596180.4363073346,548486.0014027478,-47694.43490458676,47694.43490458676,7.999999999999999
2027-02-28,28,2027-02-01,True,CARIBE_SOL,23491793.54,327763.28375,169386710.22,110101361.64,394.1028,278598.79,49164.49,85.0,15.0,Cubierta (85.0% Contratos / 15.0% Bolsa),983.2898512500001,387517.28358920856,596180.4363073346,548486.0014027478,-47694.43490458676,47694.43490458676,7.999999999999999
2027-02-28,28,2027-02-01,True,VALLE,19231723.07,327763.28375,169386710.22,110101361.64,394.1028,278598.79,49164.49,85.0,15.0,Cubierta (85.0% Contratos / 15.0% Bolsa),983.2898512500001,387517.28358920856,596180.4363073346,548486.0014027478,-47694.43490458676,47694.43490458676,7.999999999999999
2027-02-28,28,2027-02-01,True,SANTANDER,15040851.82,327763.28375,169386710.22,110101361.64,394.1028,278598.79,49164.49,85.0,15.0,Cubierta (85.0% Contratos / 15.0% Bolsa),983.2898512500001,387517.28358920856,596180.4363073346,548486.0014027478,-47694.43490458676,47694.43490458676,7.999999999999999
2027-02-28,28,2027-02-01,True,CUNDINAMARCA,9493284.46,327763.28375,169386710.22,110101361.64,394.1028,278598.79,49164.49,85.0,15.0,Cubierta (85.0% Contratos / 15.0% Bolsa),983.2898512500001,387517.28358920856,596180.4363073346,548486.0014027478,-47694.43490458676,47694.43490458676,7.999999999999999
2027-02-28,28,2027-02-01,True,TOLIMA,8087906.59,327763.28375,169386710.22,110101361.64,394.1028,278598.79,49164.49,85.0,15.0,Cubierta (85.0% Contratos / 15.0% Bolsa),983.2898512500001,387517.28358920856,596180.4363073346,548486.0014027478,-47694.43490458676,47694.43490458676,7.999999999999999
