Período (Mes),Tipo de Registro,Código Agente,Rol PUI,Código Mercado,Mercado Comercialización,Demanda Agente (VR - DemaComeReg) [kWh],Cobertura Energía en Contratos [kWh],Exposición Energía en Bolsa Spot [kWh],Porcentaje Cobertura Contratos [%],Porcentaje Exposición Bolsa Spot [%],Estado Cobertura Demanda,Costo Unitario Prestación (CU - PrecPromCont) [COP/kWh],Demanda Mercado Actual (VR) [kWh],Demanda Mercado Rezago m-1 (VR m-1) [kWh],Volumen Áreas Especiales m-1 (VPUI m-1) [kWh],Costo Unitario Rezago m-1 (CU m-1) [COP/kWh],Demanda Mercado Rezago m-2 (VR m-2) [kWh],Volumen Áreas Especiales Actual (VPUI) [kWh],Cargo Transitorio Unitario (CRPUI) [COP/kWh],Cargo Competitivo Fijo (CFPUI) [COP/kWh],Valor Total PUI Mercado [COP],Giro Obligatorio Total Mercado [COP],Recaudo Real Estimado Mercado [COP],Participación Agente CNIOR [%],Asignación Energía PUI Agente [kWh],Valor Asignación PUI Agente [COP],Egreso Giro Obligatorio al CIOR [COP],Recaudo Real Efectivo Agente [COP],Flujo Neto de Caja PUI [COP],Sobrecosto por Incobrabilidad [COP],Pérdida por Incobrabilidad [%]
2024-01-01,HISTORICO,SOUC,CNIOR,ANTIOQUIA,EPM - ANTIOQUIA,8386875.0,7128843.75,1258031.25,85.0,15.0,Cubierta (85.0% Contratos / 15.0% Bolsa),280.0,25000000.0,25000000.0,2500000.0,277.5,25000000.0,2500000.0,0.0,0.0,0.0,0.0,0.0,6.8815,0.0,0.0,0.0,0.0,0.0,0.0,0.0
2024-01-01,HISTORICO,SOUC,CNIOR,BOGOTA,ENEL - BOGOTA CUNDINAMARCA,8386875.0,7128843.75,1258031.25,85.0,15.0,Cubierta (85.0% Contratos / 15.0% Bolsa),280.0,35000000.0,35000000.0,3500000.0,277.5,35000000.0,3500000.0,0.0,0.0,0.0,0.0,0.0,6.8815,0.0,0.0,0.0,0.0,0.0,0.0,0.0
2024-01-01,HISTORICO,SOUC,CNIOR,CARIBE_MAR,AFINIA - CARIBE MAR,8386875.0,7128843.75,1258031.25,85.0,15.0,Cubierta (85.0% Contratos / 15.0% Bolsa),280.0,28000000.0,28000000.0,2800000.0,277.5,28000000.0,2800000.0,0.0,0.0,0.0,0.0,0.0,6.8815,0.0,0.0,0.0,0.0,0.0,0.0,0.0
2024-01-01,HISTORICO,SOUC,CNIOR,CARIBE_SOL,AIR-E - CARIBE SOL,8386875.0,7128843.75,1258031.25,85.0,15.0,Cubierta (85.0% Contratos / 15.0% Bolsa),280.0,22000000.0,22000000.0,2200000.0,277.5,22000000.0,2200000.0,0.0,0.0,0.0,0.0,0.0,6.8815,0.0,0.0,0.0,0.0,0.0,0.0,0.0
2024-01-01,HISTORICO,SOUC,CNIOR,CUNDINAMARCA,EEC - CUNDINAMARCA,8386875.0,7128843.75,1258031.25,85.0,15.0,Cubierta (85.0% Contratos / 15.0% Bolsa),280.0,9000000.0,9000000.0,900000.0,277.5,9000000.0,900000.0,0.0,0.0,0.0,0.0,0.0,6.8815,0.0,0.0,0.0,0.0,0.0,0.0,0.0
2024-01-01,HISTORICO,SOUC,CNIOR,SANTANDER,ESSA - SANTANDER,8386875.0,7128843.75,1258031.25,85.0,15.0,Cubierta (85.0% Contratos / 15.0% Bolsa),280.0,14000000.0,14000000.0,1400000.0,277.5,14000000.0,1400000.0,0.0,0.0,0.0,0.0,0.0,6.8815,0.0,0.0,0.0,0.0,0.0,0.0,0.0
2024-01-01,HISTORICO,SOUC,CNIOR,TOLIMA,ELET - TOLIMA,8386875.0,7128843.75,1258031.25,85.0,15.0,Cubierta (85.0% Contratos / 15.0% Bolsa),280.0,7500000.0,7500000.0,750000.0,277.5,7500000.0,750000.0,0.0,0.0,0.0,0.0,0.0,6.8815,0.0,0.0,0.0,0.0,0.0,0.0,0.0
2024-01-01,HISTORICO,SOUC,CNIOR,VALLE,CVC - VALLE DEL CAUCA,8386875.0,7128843.75,1258031.25,85.0,15.0,Cubierta (85.0% Contratos / 15.0% Bolsa),280.0,18000000.0,18000000.0,1800000.0,277.5,18000000.0,1800000.0,0.0,0.0,0.0,0.0,0.0,6.8815,0.0,0.0,0.0,0.0,0.0,0.0,0.0
2024-02-01,HISTORICO,SOUC,CNIOR,ANTIOQUIA,EPM - ANTIOQUIA,8442787.5,7176369.38,1266418.13,85.0,15.0,Cubierta (85.0% Contratos / 15.0% Bolsa),295.1221,25250000.0,25000000.0,2500000.0,280.0,25000000.0,2525000.0,0.0,0.0,0.0,0.0,0.0,6.8815,0.0,0.0,0.0,0.0,0.0,0.0,0.0
2024-02-01,HISTORICO,SOUC,CNIOR,BOGOTA,ENEL - BOGOTA CUNDINAMARCA,8442787.5,7176369.38,1266418.13,85.0,15.0,Cubierta (85.0% Contratos / 15.0% Bolsa),295.1221,35350000.0,35000000.0,3500000.0,280.0,35000000.0,3535000.0,0.0,0.0,0.0,0.0,0.0,6.8815,0.0,0.0,0.0,0.0,0.0,0.0,0.0
2024-02-01,HISTORICO,SOUC,CNIOR,CARIBE_MAR,AFINIA - CARIBE MAR,8442787.5,7176369.38,1266418.13,85.0,15.0,Cubierta (85.0% Contratos / 15.0% Bolsa),295.1221,28280000.0,28000000.0,2800000.0,280.0,28000000.0,2828000.0,0.0,0.0,0.0,0.0,0.0,6.8815,0.0,0.0,0.0,0.0,0.0,0.0,0.0
2024-02-01,HISTORICO,SOUC,CNIOR,CARIBE_SOL,AIR-E - CARIBE SOL,8442787.5,7176369.38,1266418.13,85.0,15.0,Cubierta (85.0% Contratos / 15.0% Bolsa),295.1221,22220000.0,22000000.0,2200000.0,280.0,22000000.0,2222000.0,0.0,0.0,0.0,0.0,0.0,6.8815,0.0,0.0,0.0,0.0,0.0,0.0,0.0
2024-02-01,HISTORICO,SOUC,CNIOR,CUNDINAMARCA,EEC - CUNDINAMARCA,8442787.5,7176369.38,1266418.13,85.0,15.0,Cubierta (85.0% Contratos / 15.0% Bolsa),295.1221,9090000.0,9000000.0,900000.0,280.0,9000000.0,909000.0,0.0,0.0,0.0,0.0,0.0,6.8815,0.0,0.0,0.0,0.0,0.0,0.0,0.0
2024-02-01,HISTORICO,SOUC,CNIOR,SANTANDER,ESSA - SANTANDER,8442787.5,7176369.38,1266418.13,85.0,15.0,Cubierta (85.0% Contratos / 15.0% Bolsa),295.1221,14140000.0,14000000.0,1400000.0,280.0,14000000.0,1414000.0,0.0,0.0,0.0,0.0,0.0,6.8815,0.0,0.0,0.0,0.0,0.0,0.0,0.0
2024-02-01,HISTORICO,SOUC,CNIOR,TOLIMA,ELET - TOLIMA,8442787.5,7176369.38,1266418.13,85.0,15.0,Cubierta (85.0% Contratos / 15.0% Bolsa),295.1221,7575000.0,7500000.0,750000.0,280.0,7500000.0,757500.0,0.0,0.0,0.0,0.0,0.0,6.8815,0.0,0.0,0.0,0.0,0.0,0.0,0.0
2024-02-01,HISTORICO,SOUC,CNIOR,VALLE,CVC - VALLE DEL CAUCA,8442787.5,7176369.38,1266418.13,85.0,15.0,Cubierta (85.0% Contratos / 15.0% Bolsa),295.1221,18180000.0,18000000.0,1800000.0,280.0,18000000.0,1818000.0,0.0,0.0,0.0,0.0,0.0,6.8815,0.0,0.0,0.0,0.0,0.0,0.0,0.0
2024-03-01,HISTORICO,SOUC,CNIOR,ANTIOQUIA,EPM - ANTIOQUIA,8498700.0,7223895.0,1274805.0,85.0,15.0,Cubierta (85.0% Contratos / 15.0% Bolsa),298.6395,25500000.0,25250000.0,2525000.0,295.1221,25000000.0,2550000.0,1.017e-05,0.0,254.13,254.13,233.8,6.8815,11.37,3394.73,17.49,16.09,-1.4,1.4,8.0
2024-03-01,HISTORICO,SOUC,CNIOR,BOGOTA,ENEL - BOGOTA CUNDINAMARCA,8498700.0,7223895.0,1274805.0,85.0,15.0,Cubierta (85.0% Contratos / 15.0% Bolsa),298.6395,35700000.0,35350000.0,3535000.0,295.1221,35000000.0,3570000.0,1.017e-05,0.0,355.78,355.78,327.32,6.8815,15.91,4752.63,24.48,22.52,-1.96,1.96,8.0
2024-03-01,HISTORICO,SOUC,CNIOR,CARIBE_MAR,AFINIA - CARIBE MAR,8498700.0,7223895.0,1274805.0,85.0,15.0,Cubierta (85.0% Contratos / 15.0% Bolsa),298.6395,28560000.0,28280000.0,2828000.0,295.1221,28000000.0,2856000.0,1.017e-05,0.0,284.63,284.63,261.86,6.8815,12.73,3802.1,19.59,18.02,-1.57,1.57,8.0
2024-03-01,HISTORICO,SOUC,CNIOR,CARIBE_SOL,AIR-E - CARIBE SOL,8498700.0,7223895.0,1274805.0,85.0,15.0,Cubierta (85.0% Contratos / 15.0% Bolsa),298.6395,22440000.0,22220000.0,2222000.0,295.1221,22000000.0,2244000.0,1.017e-05,0.0,223.64,223.64,205.75,6.8815,10.0,2987.37,15.39,14.16,-1.23,1.23,8.0
2024-03-01,HISTORICO,SOUC,CNIOR,CUNDINAMARCA,EEC - CUNDINAMARCA,8498700.0,7223895.0,1274805.0,85.0,15.0,Cubierta (85.0% Contratos / 15.0% Bolsa),298.6395,9180000.0,9090000.0,909000.0,295.1221,9000000.0,918000.0,1.017e-05,0.0,91.49,91.49,84.17,6.8815,4.09,1222.1,6.3,5.79,-0.5,0.5,8.0
2024-03-01,HISTORICO,SOUC,CNIOR,SANTANDER,ESSA - SANTANDER,8498700.0,7223895.0,1274805.0,85.0,15.0,Cubierta (85.0% Contratos / 15.0% Bolsa),298.6395,14280000.0,14140000.0,1414000.0,295.1221,14000000.0,1428000.0,1.017e-05,0.0,142.31,142.31,130.93,6.8815,6.37,1901.05,9.79,9.01,-0.78,0.78,8.0
2024-03-01,HISTORICO,SOUC,CNIOR,TOLIMA,ELET - TOLIMA,8498700.0,7223895.0,1274805.0,85.0,15.0,Cubierta (85.0% Contratos / 15.0% Bolsa),298.6395,7650000.0,7575000.0,757500.0,295.1221,7500000.0,765000.0,1.017e-05,0.0,76.24,76.24,70.14,6.8815,3.41,1018.42,5.25,4.83,-0.42,0.42,8.0
2024-03-01,HISTORICO,SOUC,CNIOR,VALLE,CVC - VALLE DEL CAUCA,8498700.0,7223895.0,1274805.0,85.0,15.0,Cubierta (85.0% Contratos / 15.0% Bolsa),298.6395,18360000.0,18180000.0,1818000.0,295.1221,18000000.0,1836000.0,1.017e-05,0.0,182.98,182.98,168.34,6.8815,8.18,2444.21,12.59,11.58,-1.01,1.01,8.0
2024-04-01,HISTORICO,SOUC,CNIOR,ANTIOQUIA,EPM - ANTIOQUIA,8554612.5,7271420.62,1283191.88,85.0,15.0,Cubierta (85.0% Contratos / 15.0% Bolsa),289.6168,25750000.0,25500000.0,2550000.0,298.6395,25250000.0,2575000.0,1.005e-05,0.0,253.65,253.65,233.36,6.8815,11.35,3285.93,17.46,16.06,-1.4,1.4,8.0
2024-04-01,HISTORICO,SOUC,CNIOR,BOGOTA,ENEL - BOGOTA CUNDINAMARCA,8554612.5,7271420.62,1283191.88,85.0,15.0,Cubierta (85.0% Contratos / 15.0% Bolsa),289.6168,36050000.0,35700000.0,3570000.0,298.6395,35350000.0,3605000.0,1.005e-05,0.0,355.11,355.11,326.7,6.8815,15.88,4600.3,24.44,22.48,-1.95,1.95,8.0
2024-04-01,HISTORICO,SOUC,CNIOR,CARIBE_MAR,AFINIA - CARIBE MAR,8554612.5,7271420.62,1283191.88,85.0,15.0,Cubierta (85.0% Contratos / 15.0% Bolsa),289.6168,28840000.0,28560000.0,2856000.0,298.6395,28280000.0,2884000.0,1.005e-05,0.0,284.09,284.09,261.36,6.8815,12.71,3680.24,19.55,17.99,-1.56,1.56,8.0
2024-04-01,HISTORICO,SOUC,CNIOR,CARIBE_SOL,AIR-E - CARIBE SOL,8554612.5,7271420.62,1283191.88,85.0,15.0,Cubierta (85.0% Contratos / 15.0% Bolsa),289.6168,22660000.0,22440000.0,2244000.0,298.6395,22220000.0,2266000.0,1.005e-05,0.0,223.21,223.21,205.36,6.8815,9.98,2891.62,15.36,14.13,-1.23,1.23,8.0
2024-04-01,HISTORICO,SOUC,CNIOR,CUNDINAMARCA,EEC - CUNDINAMARCA,8554612.5,7271420.62,1283191.88,85.0,15.0,Cubierta (85.0% Contratos / 15.0% Bolsa),289.6168,9270000.0,9180000.0,918000.0,298.6395,9090000.0,927000.0,1.005e-05,0.0,91.31,91.31,84.01,6.8815,4.08,1182.93,6.28,5.78,-0.5,0.5,8.0
2024-04-01,HISTORICO,SOUC,CNIOR,SANTANDER,ESSA - SANTANDER,8554612.5,7271420.62,1283191.88,85.0,15.0,Cubierta (85.0% Contratos / 15.0% Bolsa),289.6168,14420000.0,14280000.0,1428000.0,298.6395,14140000.0,1442000.0,1.005e-05,0.0,142.04,142.04,130.68,6.8815,6.35,1840.12,9.77,8.99,-0.78,0.78,8.0
2024-04-01,HISTORICO,SOUC,CNIOR,TOLIMA,ELET - TOLIMA,8554612.5,7271420.62,1283191.88,85.0,15.0,Cubierta (85.0% Contratos / 15.0% Bolsa),289.6168,7725000.0,7650000.0,765000.0,298.6395,7575000.0,772500.0,1.005e-05,0.0,76.1,76.1,70.01,6.8815,3.4,985.78,5.24,4.82,-0.42,0.42,8.0
2024-04-01,HISTORICO,SOUC,CNIOR,VALLE,CVC - VALLE DEL CAUCA,8554612.5,7271420.62,1283191.88,85.0,15.0,Cubierta (85.0% Contratos / 15.0% Bolsa),289.6168,18540000.0,18360000.0,1836000.0,298.6395,18180000.0,1854000.0,1.005e-05,0.0,182.63,182.63,168.02,6.8815,8.17,2365.87,12.57,11.56,-1.01,1.01,8.0
2024-05-01,HISTORICO,SOUC,CNIOR,ANTIOQUIA,EPM - ANTIOQUIA,8610525.0,7318946.25,1291578.75,85.0,15.0,Cubierta (85.0% Contratos / 15.0% Bolsa),278.648,26000000.0,25750000.0,2575000.0,289.6168,25500000.0,2600000.0,1.036e-05,0.0,264.14,264.14,243.01,6.8815,11.82,3292.25,18.18,16.72,-1.45,1.45,8.0
2024-05-01,HISTORICO,SOUC,CNIOR,BOGOTA,ENEL - BOGOTA CUNDINAMARCA,8610525.0,7318946.25,1291578.75,85.0,15.0,Cubierta (85.0% Contratos / 15.0% Bolsa),278.648,36400000.0,36050000.0,3605000.0,289.6168,35700000.0,3640000.0,1.036e-05,0.0,369.8,369.8,340.22,6.8815,16.54,4609.15,25.45,23.41,-2.04,2.04,8.0
2024-05-01,HISTORICO,SOUC,CNIOR,CARIBE_MAR,AFINIA - CARIBE MAR,8610525.0,7318946.25,1291578.75,85.0,15.0,Cubierta (85.0% Contratos / 15.0% Bolsa),278.648,29120000.0,28840000.0,2884000.0,289.6168,28560000.0,2912000.0,1.036e-05,0.0,295.84,295.84,272.17,6.8815,13.23,3687.32,20.36,18.73,-1.63,1.63,8.0
2024-05-01,HISTORICO,SOUC,CNIOR,CARIBE_SOL,AIR-E - CARIBE SOL,8610525.0,7318946.25,1291578.75,85.0,15.0,Cubierta (85.0% Contratos / 15.0% Bolsa),278.648,22880000.0,22660000.0,2266000.0,289.6168,22440000.0,2288000.0,1.036e-05,0.0,232.45,232.45,213.85,6.8815,10.4,2897.18,16.0,14.72,-1.28,1.28,8.0
2024-05-01,HISTORICO,SOUC,CNIOR,CUNDINAMARCA,EEC - CUNDINAMARCA,8610525.0,7318946.25,1291578.75,85.0,15.0,Cubierta (85.0% Contratos / 15.0% Bolsa),278.648,9360000.0,9270000.0,927000.0,289.6168,9180000.0,936000.0,1.036e-05,0.0,95.09,95.09,87.48,6.8815,4.25,1185.21,6.54,6.02,-0.52,0.52,8.0
2024-05-01,HISTORICO,SOUC,CNIOR,SANTANDER,ESSA - SANTANDER,8610525.0,7318946.25,1291578.75,85.0,15.0,Cubierta (85.0% Contratos / 15.0% Bolsa),278.648,14560000.0,14420000.0,1442000.0,289.6168,14280000.0,1456000.0,1.036e-05,0.0,147.92,147.92,136.09,6.8815,6.62,1843.66,10.18,9.36,-0.81,0.81,8.0
2024-05-01,HISTORICO,SOUC,CNIOR,TOLIMA,ELET - TOLIMA,8610525.0,7318946.25,1291578.75,85.0,15.0,Cubierta (85.0% Contratos / 15.0% Bolsa),278.648,7800000.0,7725000.0,772500.0,289.6168,7650000.0,780000.0,1.036e-05,0.0,79.24,79.24,72.9,6.8815,3.54,987.67,5.45,5.02,-0.44,0.44,8.0
2024-05-01,HISTORICO,SOUC,CNIOR,VALLE,CVC - VALLE DEL CAUCA,8610525.0,7318946.25,1291578.75,85.0,15.0,Cubierta (85.0% Contratos / 15.0% Bolsa),278.648,18720000.0,18540000.0,1854000.0,289.6168,18360000.0,1872000.0,1.036e-05,0.0,190.18,190.18,174.97,6.8815,8.51,2370.42,13.09,12.04,-1.05,1.05,8.0
2024-06-01,HISTORICO,SOUC,CNIOR,ANTIOQUIA,EPM - ANTIOQUIA,8666437.5,7366471.88,1299965.63,85.0,15.0,Cubierta (85.0% Contratos / 15.0% Bolsa),278.1161,26250000.0,26000000.0,2600000.0,278.648,25750000.0,2625000.0,1.077e-05,0.0,277.23,277.23,255.05,6.8815,12.4,3448.8,19.08,17.55,-1.53,1.53,8.0
2024-06-01,HISTORICO,SOUC,CNIOR,BOGOTA,ENEL - BOGOTA CUNDINAMARCA,8666437.5,7366471.88,1299965.63,85.0,15.0,Cubierta (85.0% Contratos / 15.0% Bolsa),278.1161,36750000.0,36400000.0,3640000.0,278.648,36050000.0,3675000.0,1.077e-05,0.0,388.12,388.12,357.07,6.8815,17.36,4828.32,26.71,24.57,-2.14,2.14,8.0
2024-06-01,HISTORICO,SOUC,CNIOR,CARIBE_MAR,AFINIA - CARIBE MAR,8666437.5,7366471.88,1299965.63,85.0,15.0,Cubierta (85.0% Contratos / 15.0% Bolsa),278.1161,29400000.0,29120000.0,2912000.0,278.648,28840000.0,2940000.0,1.077e-05,0.0,310.5,310.5,285.66,6.8815,13.89,3862.65,21.37,19.66,-1.71,1.71,8.0
2024-06-01,HISTORICO,SOUC,CNIOR,CARIBE_SOL,AIR-E - CARIBE SOL,8666437.5,7366471.88,1299965.63,85.0,15.0,Cubierta (85.0% Contratos / 15.0% Bolsa),278.1161,23100000.0,22880000.0,2288000.0,278.648,22660000.0,2310000.0,1.077e-05,0.0,243.96,243.96,224.45,6.8815,10.91,3034.94,16.79,15.45,-1.34,1.34,8.0
2024-06-01,HISTORICO,SOUC,CNIOR,CUNDINAMARCA,EEC - CUNDINAMARCA,8666437.5,7366471.88,1299965.63,85.0,15.0,Cubierta (85.0% Contratos / 15.0% Bolsa),278.1161,9450000.0,9360000.0,936000.0,278.648,9270000.0,945000.0,1.077e-05,0.0,99.8,99.8,91.82,6.8815,4.46,1241.57,6.87,6.32,-0.55,0.55,8.0
2024-06-01,HISTORICO,SOUC,CNIOR,SANTANDER,ESSA - SANTANDER,8666437.5,7366471.88,1299965.63,85.0,15.0,Cubierta (85.0% Contratos / 15.0% Bolsa),278.1161,14700000.0,14560000.0,1456000.0,278.648,14420000.0,1470000.0,1.077e-05,0.0,155.25,155.25,142.83,6.8815,6.94,1931.33,10.68,9.83,-0.85,0.85,8.0
2024-06-01,HISTORICO,SOUC,CNIOR,TOLIMA,ELET - TOLIMA,8666437.5,7366471.88,1299965.63,85.0,15.0,Cubierta (85.0% Contratos / 15.0% Bolsa),278.1161,7875000.0,7800000.0,780000.0,278.648,7725000.0,787500.0,1.077e-05,0.0,83.17,83.17,76.52,6.8815,3.72,1034.64,5.72,5.27,-0.46,0.46,8.0
2024-06-01,HISTORICO,SOUC,CNIOR,VALLE,CVC - VALLE DEL CAUCA,8666437.5,7366471.88,1299965.63,85.0,15.0,Cubierta (85.0% Contratos / 15.0% Bolsa),278.1161,18900000.0,18720000.0,1872000.0,278.648,18540000.0,1890000.0,1.077e-05,0.0,199.61,199.61,183.64,6.8815,8.93,2483.13,13.74,12.64,-1.1,1.1,8.0
2024-07-01,HISTORICO,SOUC,CNIOR,ANTIOQUIA,EPM - ANTIOQUIA,8722350.0,7413997.5,1308352.5,85.0,15.0,Cubierta (85.0% Contratos / 15.0% Bolsa),290.8088,26500000.0,26250000.0,2625000.0,278.1161,26000000.0,2650000.0,1.079e-05,0.0,280.46,280.46,258.02,6.8815,12.54,3648.17,19.3,17.76,-1.54,1.54,8.0
2024-07-01,HISTORICO,SOUC,CNIOR,BOGOTA,ENEL - BOGOTA CUNDINAMARCA,8722350.0,7413997.5,1308352.5,85.0,15.0,Cubierta (85.0% Contratos / 15.0% Bolsa),290.8088,37100000.0,36750000.0,3675000.0,278.1161,36400000.0,3710000.0,1.079e-05,0.0,392.64,392.64,361.23,6.8815,17.56,5107.44,27.02,24.86,-2.16,2.16,8.0
2024-07-01,HISTORICO,SOUC,CNIOR,CARIBE_MAR,AFINIA - CARIBE MAR,8722350.0,7413997.5,1308352.5,85.0,15.0,Cubierta (85.0% Contratos / 15.0% Bolsa),290.8088,29680000.0,29400000.0,2940000.0,278.1161,29120000.0,2968000.0,1.079e-05,0.0,314.11,314.11,288.98,6.8815,14.05,4085.95,21.62,19.89,-1.73,1.73,8.0
2024-07-01,HISTORICO,SOUC,CNIOR,CARIBE_SOL,AIR-E - CARIBE SOL,8722350.0,7413997.5,1308352.5,85.0,15.0,Cubierta (85.0% Contratos / 15.0% Bolsa),290.8088,23320000.0,23100000.0,2310000.0,278.1161,22880000.0,2332000.0,1.079e-05,0.0,246.8,246.8,227.06,6.8815,11.04,3210.39,16.98,15.63,-1.36,1.36,8.0
2024-07-01,HISTORICO,SOUC,CNIOR,CUNDINAMARCA,EEC - CUNDINAMARCA,8722350.0,7413997.5,1308352.5,85.0,15.0,Cubierta (85.0% Contratos / 15.0% Bolsa),290.8088,9540000.0,9450000.0,945000.0,278.1161,9360000.0,954000.0,1.079e-05,0.0,100.97,100.97,92.89,6.8815,4.52,1313.34,6.95,6.39,-0.56,0.56,8.0
2024-07-01,HISTORICO,SOUC,CNIOR,SANTANDER,ESSA - SANTANDER,8722350.0,7413997.5,1308352.5,85.0,15.0,Cubierta (85.0% Contratos / 15.0% Bolsa),290.8088,14840000.0,14700000.0,1470000.0,278.1161,14560000.0,1484000.0,1.079e-05,0.0,157.06,157.06,144.49,6.8815,7.03,2042.97,10.81,9.94,-0.86,0.86,8.0
2024-07-01,HISTORICO,SOUC,CNIOR,TOLIMA,ELET - TOLIMA,8722350.0,7413997.5,1308352.5,85.0,15.0,Cubierta (85.0% Contratos / 15.0% Bolsa),290.8088,7950000.0,7875000.0,787500.0,278.1161,7800000.0,795000.0,1.079e-05,0.0,84.14,84.14,77.41,6.8815,3.76,1094.45,5.79,5.33,-0.46,0.46,8.0
2024-07-01,HISTORICO,SOUC,CNIOR,VALLE,CVC - VALLE DEL CAUCA,8722350.0,7413997.5,1308352.5,85.0,15.0,Cubierta (85.0% Contratos / 15.0% Bolsa),290.8088,19080000.0,18900000.0,1890000.0,278.1161,18720000.0,1908000.0,1.079e-05,0.0,201.93,201.93,185.78,6.8815,9.03,2626.68,13.9,12.78,-1.11,1.11,8.0
2024-08-01,HISTORICO,SOUC,CNIOR,ANTIOQUIA,EPM - ANTIOQUIA,8778262.5,7461523.12,1316739.38,85.0,15.0,Cubierta (85.0% Contratos / 15.0% Bolsa),307.3548,26750000.0,26500000.0,2650000.0,290.8088,26250000.0,2675000.0,1.032e-05,0.0,270.8,270.8,249.13,6.8815,12.11,3722.9,18.63,17.14,-1.49,1.49,8.0
2024-08-01,HISTORICO,SOUC,CNIOR,BOGOTA,ENEL - BOGOTA CUNDINAMARCA,8778262.5,7461523.12,1316739.38,85.0,15.0,Cubierta (85.0% Contratos / 15.0% Bolsa),307.3548,37450000.0,37100000.0,3710000.0,290.8088,36750000.0,3745000.0,1.032e-05,0.0,379.12,379.12,348.79,6.8815,16.96,5212.07,26.09,24.0,-2.09,2.09,8.0
2024-08-01,HISTORICO,SOUC,CNIOR,CARIBE_MAR,AFINIA - CARIBE MAR,8778262.5,7461523.12,1316739.38,85.0,15.0,Cubierta (85.0% Contratos / 15.0% Bolsa),307.3548,29960000.0,29680000.0,2968000.0,290.8088,29400000.0,2996000.0,1.032e-05,0.0,303.29,303.29,279.03,6.8815,13.57,4169.65,20.87,19.2,-1.67,1.67,8.0
2024-08-01,HISTORICO,SOUC,CNIOR,CARIBE_SOL,AIR-E - CARIBE SOL,8778262.5,7461523.12,1316739.38,85.0,15.0,Cubierta (85.0% Contratos / 15.0% Bolsa),307.3548,23540000.0,23320000.0,2332000.0,290.8088,23100000.0,2354000.0,1.032e-05,0.0,238.3,238.3,219.24,6.8815,10.66,3276.16,16.4,15.09,-1.31,1.31,8.0
2024-08-01,HISTORICO,SOUC,CNIOR,CUNDINAMARCA,EEC - CUNDINAMARCA,8778262.5,7461523.12,1316739.38,85.0,15.0,Cubierta (85.0% Contratos / 15.0% Bolsa),307.3548,9630000.0,9540000.0,954000.0,290.8088,9450000.0,963000.0,1.032e-05,0.0,97.49,97.49,89.69,6.8815,4.36,1340.25,6.71,6.17,-0.54,0.54,8.0
2024-08-01,HISTORICO,SOUC,CNIOR,SANTANDER,ESSA - SANTANDER,8778262.5,7461523.12,1316739.38,85.0,15.0,Cubierta (85.0% Contratos / 15.0% Bolsa),307.3548,14980000.0,14840000.0,1484000.0,290.8088,14700000.0,1498000.0,1.032e-05,0.0,151.65,151.65,139.51,6.8815,6.78,2084.83,10.44,9.6,-0.83,0.83,8.0
2024-08-01,HISTORICO,SOUC,CNIOR,TOLIMA,ELET - TOLIMA,8778262.5,7461523.12,1316739.38,85.0,15.0,Cubierta (85.0% Contratos / 15.0% Bolsa),307.3548,8025000.0,7950000.0,795000.0,290.8088,7875000.0,802500.0,1.032e-05,0.0,81.24,81.24,74.74,6.8815,3.63,1116.87,5.59,5.14,-0.45,0.45,8.0
2024-08-01,HISTORICO,SOUC,CNIOR,VALLE,CVC - VALLE DEL CAUCA,8778262.5,7461523.12,1316739.38,85.0,15.0,Cubierta (85.0% Contratos / 15.0% Bolsa),307.3548,19260000.0,19080000.0,1908000.0,290.8088,18900000.0,1926000.0,1.032e-05,0.0,194.97,194.97,179.38,6.8815,8.72,2680.49,13.42,12.34,-1.07,1.07,8.0
2024-09-01,HISTORICO,SOUC,CNIOR,ANTIOQUIA,EPM - ANTIOQUIA,8834175.0,7509048.75,1325126.25,85.0,15.0,Cubierta (85.0% Contratos / 15.0% Bolsa),314.8404,27000000.0,26750000.0,2675000.0,307.3548,26500000.0,2700000.0,9.76e-06,0.0,258.66,258.66,237.97,6.8815,11.57,3642.64,17.8,16.38,-1.42,1.42,8.0
2024-09-01,HISTORICO,SOUC,CNIOR,BOGOTA,ENEL - BOGOTA CUNDINAMARCA,8834175.0,7509048.75,1325126.25,85.0,15.0,Cubierta (85.0% Contratos / 15.0% Bolsa),314.8404,37800000.0,37450000.0,3745000.0,307.3548,37100000.0,3780000.0,9.76e-06,0.0,362.12,362.12,333.15,6.8815,16.2,5099.7,24.92,22.93,-1.99,1.99,8.0
2024-09-01,HISTORICO,SOUC,CNIOR,CARIBE_MAR,AFINIA - CARIBE MAR,8834175.0,7509048.75,1325126.25,85.0,15.0,Cubierta (85.0% Contratos / 15.0% Bolsa),314.8404,30240000.0,29960000.0,2996000.0,307.3548,29680000.0,3024000.0,9.76e-06,0.0,289.7,289.7,266.52,6.8815,12.96,4079.76,19.94,18.34,-1.59,1.59,8.0
2024-09-01,HISTORICO,SOUC,CNIOR,CARIBE_SOL,AIR-E - CARIBE SOL,8834175.0,7509048.75,1325126.25,85.0,15.0,Cubierta (85.0% Contratos / 15.0% Bolsa),314.8404,23760000.0,23540000.0,2354000.0,307.3548,23320000.0,2376000.0,9.76e-06,0.0,227.62,227.62,209.41,6.8815,10.18,3205.52,15.66,14.41,-1.25,1.25,8.0
2024-09-01,HISTORICO,SOUC,CNIOR,CUNDINAMARCA,EEC - CUNDINAMARCA,8834175.0,7509048.75,1325126.25,85.0,15.0,Cubierta (85.0% Contratos / 15.0% Bolsa),314.8404,9720000.0,9630000.0,963000.0,307.3548,9540000.0,972000.0,9.76e-06,0.0,93.12,93.12,85.67,6.8815,4.17,1311.35,6.41,5.9,-0.51,0.51,8.0
2024-09-01,HISTORICO,SOUC,CNIOR,SANTANDER,ESSA - SANTANDER,8834175.0,7509048.75,1325126.25,85.0,15.0,Cubierta (85.0% Contratos / 15.0% Bolsa),314.8404,15120000.0,14980000.0,1498000.0,307.3548,14840000.0,1512000.0,9.76e-06,0.0,144.85,144.85,133.26,6.8815,6.48,2039.88,9.97,9.17,-0.8,0.8,8.0
2024-09-01,HISTORICO,SOUC,CNIOR,TOLIMA,ELET - TOLIMA,8834175.0,7509048.75,1325126.25,85.0,15.0,Cubierta (85.0% Contratos / 15.0% Bolsa),314.8404,8100000.0,8025000.0,802500.0,307.3548,7950000.0,810000.0,9.76e-06,0.0,77.6,77.6,71.39,6.8815,3.47,1092.79,5.34,4.91,-0.43,0.43,8.0
2024-09-01,HISTORICO,SOUC,CNIOR,VALLE,CVC - VALLE DEL CAUCA,8834175.0,7509048.75,1325126.25,85.0,15.0,Cubierta (85.0% Contratos / 15.0% Bolsa),314.8404,19440000.0,19260000.0,1926000.0,307.3548,19080000.0,1944000.0,9.76e-06,0.0,186.23,186.23,171.34,6.8815,8.33,2622.7,12.82,11.79,-1.03,1.03,8.0
2024-10-01,HISTORICO,SOUC,CNIOR,ANTIOQUIA,EPM - ANTIOQUIA,8890087.5,7556574.38,1333513.13,85.0,15.0,Cubierta (85.0% Contratos / 15.0% Bolsa),308.6818,27250000.0,27000000.0,2700000.0,314.8404,26750000.0,2725000.0,9.53e-06,0.0,254.89,254.89,234.5,6.8815,11.4,3519.37,17.54,16.14,-1.4,1.4,8.0
2024-10-01,HISTORICO,SOUC,CNIOR,BOGOTA,ENEL - BOGOTA CUNDINAMARCA,8890087.5,7556574.38,1333513.13,85.0,15.0,Cubierta (85.0% Contratos / 15.0% Bolsa),308.6818,38150000.0,37800000.0,3780000.0,314.8404,37450000.0,3815000.0,9.53e-06,0.0,356.85,356.85,328.3,6.8815,15.96,4927.11,24.56,22.59,-1.96,1.96,8.0
2024-10-01,HISTORICO,SOUC,CNIOR,CARIBE_MAR,AFINIA - CARIBE MAR,8890087.5,7556574.38,1333513.13,85.0,15.0,Cubierta (85.0% Contratos / 15.0% Bolsa),308.6818,30520000.0,30240000.0,3024000.0,314.8404,29960000.0,3052000.0,9.53e-06,0.0,285.48,285.48,262.64,6.8815,12.77,3941.69,19.65,18.07,-1.57,1.57,8.0
2024-10-01,HISTORICO,SOUC,CNIOR,CARIBE_SOL,AIR-E - CARIBE SOL,8890087.5,7556574.38,1333513.13,85.0,15.0,Cubierta (85.0% Contratos / 15.0% Bolsa),308.6818,23980000.0,23760000.0,2376000.0,314.8404,23540000.0,2398000.0,9.53e-06,0.0,224.3,224.3,206.36,6.8815,10.03,3097.04,15.44,14.2,-1.23,1.23,8.0
2024-10-01,HISTORICO,SOUC,CNIOR,CUNDINAMARCA,EEC - CUNDINAMARCA,8890087.5,7556574.38,1333513.13,85.0,15.0,Cubierta (85.0% Contratos / 15.0% Bolsa),308.6818,9810000.0,9720000.0,972000.0,314.8404,9630000.0,981000.0,9.53e-06,0.0,91.76,91.76,84.42,6.8815,4.1,1266.97,6.31,5.81,-0.51,0.51,8.0
2024-10-01,HISTORICO,SOUC,CNIOR,SANTANDER,ESSA - SANTANDER,8890087.5,7556574.38,1333513.13,85.0,15.0,Cubierta (85.0% Contratos / 15.0% Bolsa),308.6818,15260000.0,15120000.0,1512000.0,314.8404,14980000.0,1526000.0,9.53e-06,0.0,142.74,142.74,131.32,6.8815,6.38,1970.85,9.82,9.04,-0.79,0.79,8.0
2024-10-01,HISTORICO,SOUC,CNIOR,TOLIMA,ELET - TOLIMA,8890087.5,7556574.38,1333513.13,85.0,15.0,Cubierta (85.0% Contratos / 15.0% Bolsa),308.6818,8175000.0,8100000.0,810000.0,314.8404,8025000.0,817500.0,9.53e-06,0.0,76.47,76.47,70.35,6.8815,3.42,1055.81,5.26,4.84,-0.42,0.42,8.0
2024-10-01,HISTORICO,SOUC,CNIOR,VALLE,CVC - VALLE DEL CAUCA,8890087.5,7556574.38,1333513.13,85.0,15.0,Cubierta (85.0% Contratos / 15.0% Bolsa),308.6818,19620000.0,19440000.0,1944000.0,314.8404,19260000.0,1962000.0,9.53e-06,0.0,183.52,183.52,168.84,6.8815,8.21,2533.94,12.63,11.62,-1.01,1.01,8.0
2024-11-01,HISTORICO,SOUC,CNIOR,ANTIOQUIA,EPM - ANTIOQUIA,8946000.0,7604100.0,1341900.0,85.0,15.0,Cubierta (85.0% Contratos / 15.0% Bolsa),296.8397,27500000.0,27250000.0,2725000.0,308.6818,27000000.0,2750000.0,9.72e-06,0.0,262.41,262.41,241.41,6.8815,11.74,3484.13,18.06,16.61,-1.44,1.44,8.0
2024-11-01,HISTORICO,SOUC,CNIOR,BOGOTA,ENEL - BOGOTA CUNDINAMARCA,8946000.0,7604100.0,1341900.0,85.0,15.0,Cubierta (85.0% Contratos / 15.0% Bolsa),296.8397,38500000.0,38150000.0,3815000.0,308.6818,37800000.0,3850000.0,9.72e-06,0.0,367.37,367.37,337.98,6.8815,16.43,4877.79,25.28,23.26,-2.02,2.02,8.0
2024-11-01,HISTORICO,SOUC,CNIOR,CARIBE_MAR,AFINIA - CARIBE MAR,8946000.0,7604100.0,1341900.0,85.0,15.0,Cubierta (85.0% Contratos / 15.0% Bolsa),296.8397,30800000.0,30520000.0,3052000.0,308.6818,30240000.0,3080000.0,9.72e-06,0.0,293.89,293.89,270.38,6.8815,13.15,3902.23,20.22,18.61,-1.62,1.62,8.0
2024-11-01,HISTORICO,SOUC,CNIOR,CARIBE_SOL,AIR-E - CARIBE SOL,8946000.0,7604100.0,1341900.0,85.0,15.0,Cubierta (85.0% Contratos / 15.0% Bolsa),296.8397,24200000.0,23980000.0,2398000.0,308.6818,23760000.0,2420000.0,9.72e-06,0.0,230.92,230.92,212.44,6.8815,10.33,3066.04,15.89,14.62,-1.27,1.27,8.0
2024-11-01,HISTORICO,SOUC,CNIOR,CUNDINAMARCA,EEC - CUNDINAMARCA,8946000.0,7604100.0,1341900.0,85.0,15.0,Cubierta (85.0% Contratos / 15.0% Bolsa),296.8397,9900000.0,9810000.0,981000.0,308.6818,9720000.0,990000.0,9.72e-06,0.0,94.47,94.47,86.91,6.8815,4.23,1254.29,6.5,5.98,-0.52,0.52,8.0
2024-11-01,HISTORICO,SOUC,CNIOR,SANTANDER,ESSA - SANTANDER,8946000.0,7604100.0,1341900.0,85.0,15.0,Cubierta (85.0% Contratos / 15.0% Bolsa),296.8397,15400000.0,15260000.0,1526000.0,308.6818,15120000.0,1540000.0,9.72e-06,0.0,146.95,146.95,135.19,6.8815,6.57,1951.12,10.11,9.3,-0.81,0.81,8.0
2024-11-01,HISTORICO,SOUC,CNIOR,TOLIMA,ELET - TOLIMA,8946000.0,7604100.0,1341900.0,85.0,15.0,Cubierta (85.0% Contratos / 15.0% Bolsa),296.8397,8250000.0,8175000.0,817500.0,308.6818,8100000.0,825000.0,9.72e-06,0.0,78.72,78.72,72.42,6.8815,3.52,1045.24,5.42,4.98,-0.43,0.43,8.0
2024-11-01,HISTORICO,SOUC,CNIOR,VALLE,CVC - VALLE DEL CAUCA,8946000.0,7604100.0,1341900.0,85.0,15.0,Cubierta (85.0% Contratos / 15.0% Bolsa),296.8397,19800000.0,19620000.0,1962000.0,308.6818,19440000.0,1980000.0,9.72e-06,0.0,188.93,188.93,173.82,6.8815,8.45,2508.58,13.0,11.96,-1.04,1.04,8.0
2024-12-01,HISTORICO,SOUC,CNIOR,ANTIOQUIA,EPM - ANTIOQUIA,9001912.5,7651625.62,1350286.88,85.0,15.0,Cubierta (85.0% Contratos / 15.0% Bolsa),292.5001,27750000.0,27500000.0,2750000.0,296.8397,27250000.0,2775000.0,1.011e-05,0.0,275.4,275.4,253.37,6.8815,12.32,3603.22,18.95,17.44,-1.52,1.52,8.0
2024-12-01,HISTORICO,SOUC,CNIOR,BOGOTA,ENEL - BOGOTA CUNDINAMARCA,9001912.5,7651625.62,1350286.88,85.0,15.0,Cubierta (85.0% Contratos / 15.0% Bolsa),292.5001,38850000.0,38500000.0,3850000.0,296.8397,38150000.0,3885000.0,1.011e-05,0.0,385.56,385.56,354.72,6.8815,17.25,5044.51,26.53,24.41,-2.12,2.12,8.0
2024-12-01,HISTORICO,SOUC,CNIOR,CARIBE_MAR,AFINIA - CARIBE MAR,9001912.5,7651625.62,1350286.88,85.0,15.0,Cubierta (85.0% Contratos / 15.0% Bolsa),292.5001,31080000.0,30800000.0,3080000.0,296.8397,30520000.0,3108000.0,1.011e-05,0.0,308.45,308.45,283.77,6.8815,13.8,4035.61,21.23,19.53,-1.7,1.7,8.0
2024-12-01,HISTORICO,SOUC,CNIOR,CARIBE_SOL,AIR-E - CARIBE SOL,9001912.5,7651625.62,1350286.88,85.0,15.0,Cubierta (85.0% Contratos / 15.0% Bolsa),292.5001,24420000.0,24200000.0,2420000.0,296.8397,23980000.0,2442000.0,1.011e-05,0.0,242.35,242.35,222.96,6.8815,10.84,3170.83,16.68,15.34,-1.33,1.33,8.0
2024-12-01,HISTORICO,SOUC,CNIOR,CUNDINAMARCA,EEC - CUNDINAMARCA,9001912.5,7651625.62,1350286.88,85.0,15.0,Cubierta (85.0% Contratos / 15.0% Bolsa),292.5001,9990000.0,9900000.0,990000.0,296.8397,9810000.0,999000.0,1.011e-05,0.0,99.14,99.14,91.21,6.8815,4.43,1297.16,6.82,6.28,-0.55,0.55,8.0
2024-12-01,HISTORICO,SOUC,CNIOR,SANTANDER,ESSA - SANTANDER,9001912.5,7651625.62,1350286.88,85.0,15.0,Cubierta (85.0% Contratos / 15.0% Bolsa),292.5001,15540000.0,15400000.0,1540000.0,296.8397,15260000.0,1554000.0,1.011e-05,0.0,154.22,154.22,141.89,6.8815,6.9,2017.8,10.61,9.76,-0.85,0.85,8.0
2024-12-01,HISTORICO,SOUC,CNIOR,TOLIMA,ELET - TOLIMA,9001912.5,7651625.62,1350286.88,85.0,15.0,Cubierta (85.0% Contratos / 15.0% Bolsa),292.5001,8325000.0,8250000.0,825000.0,296.8397,8175000.0,832500.0,1.011e-05,0.0,82.62,82.62,76.01,6.8815,3.7,1080.97,5.69,5.23,-0.45,0.45,8.0
2024-12-01,HISTORICO,SOUC,CNIOR,VALLE,CVC - VALLE DEL CAUCA,9001912.5,7651625.62,1350286.88,85.0,15.0,Cubierta (85.0% Contratos / 15.0% Bolsa),292.5001,19980000.0,19800000.0,1980000.0,296.8397,19620000.0,1998000.0,1.011e-05,0.0,198.29,198.29,182.43,6.8815,8.87,2594.32,13.65,12.55,-1.09,1.09,8.0
2025-01-01,HISTORICO,SOUC,CNIOR,ANTIOQUIA,EPM - ANTIOQUIA,9057825.0,7699151.25,1358673.75,85.0,15.0,Cubierta (85.0% Contratos / 15.0% Bolsa),301.9514,28000000.0,27750000.0,2775000.0,292.5001,27500000.0,2800000.0,1.026e-05,0.0,282.05,282.05,259.49,6.8815,12.62,3809.46,19.41,17.86,-1.55,1.55,8.0
2025-01-01,HISTORICO,SOUC,CNIOR,BOGOTA,ENEL - BOGOTA CUNDINAMARCA,9057825.0,7699151.25,1358673.75,85.0,15.0,Cubierta (85.0% Contratos / 15.0% Bolsa),301.9514,39200000.0,38850000.0,3885000.0,292.5001,38500000.0,3920000.0,1.026e-05,0.0,394.87,394.87,363.28,6.8815,17.66,5333.25,27.17,25.0,-2.17,2.17,8.0
2025-01-01,HISTORICO,SOUC,CNIOR,CARIBE_MAR,AFINIA - CARIBE MAR,9057825.0,7699151.25,1358673.75,85.0,15.0,Cubierta (85.0% Contratos / 15.0% Bolsa),301.9514,31360000.0,31080000.0,3108000.0,292.5001,30800000.0,3136000.0,1.026e-05,0.0,315.9,315.9,290.63,6.8815,14.13,4266.6,21.74,20.0,-1.74,1.74,8.0
2025-01-01,HISTORICO,SOUC,CNIOR,CARIBE_SOL,AIR-E - CARIBE SOL,9057825.0,7699151.25,1358673.75,85.0,15.0,Cubierta (85.0% Contratos / 15.0% Bolsa),301.9514,24640000.0,24420000.0,2442000.0,292.5001,24200000.0,2464000.0,1.026e-05,0.0,248.21,248.21,228.35,6.8815,11.1,3352.33,17.08,15.71,-1.37,1.37,8.0
2025-01-01,HISTORICO,SOUC,CNIOR,CUNDINAMARCA,EEC - CUNDINAMARCA,9057825.0,7699151.25,1358673.75,85.0,15.0,Cubierta (85.0% Contratos / 15.0% Bolsa),301.9514,10080000.0,9990000.0,999000.0,292.5001,9900000.0,1008000.0,1.026e-05,0.0,101.54,101.54,93.42,6.8815,4.54,1371.41,6.99,6.43,-0.56,0.56,8.0
2025-01-01,HISTORICO,SOUC,CNIOR,SANTANDER,ESSA - SANTANDER,9057825.0,7699151.25,1358673.75,85.0,15.0,Cubierta (85.0% Contratos / 15.0% Bolsa),301.9514,15680000.0,15540000.0,1554000.0,292.5001,15400000.0,1568000.0,1.026e-05,0.0,157.95,157.95,145.31,6.8815,7.07,2133.3,10.87,10.0,-0.87,0.87,8.0
2025-01-01,HISTORICO,SOUC,CNIOR,TOLIMA,ELET - TOLIMA,9057825.0,7699151.25,1358673.75,85.0,15.0,Cubierta (85.0% Contratos / 15.0% Bolsa),301.9514,8400000.0,8325000.0,832500.0,292.5001,8250000.0,840000.0,1.026e-05,0.0,84.62,84.62,77.85,6.8815,3.78,1142.84,5.82,5.36,-0.47,0.47,8.0
2025-01-01,HISTORICO,SOUC,CNIOR,VALLE,CVC - VALLE DEL CAUCA,9057825.0,7699151.25,1358673.75,85.0,15.0,Cubierta (85.0% Contratos / 15.0% Bolsa),301.9514,20160000.0,19980000.0,1998000.0,292.5001,19800000.0,2016000.0,1.026e-05,0.0,203.08,203.08,186.83,6.8815,9.08,2742.81,13.97,12.86,-1.12,1.12,8.0
2025-02-01,HISTORICO,SOUC,CNIOR,ANTIOQUIA,EPM - ANTIOQUIA,9113737.5,7746676.88,1367060.63,85.0,15.0,Cubierta (85.0% Contratos / 15.0% Bolsa),318.8025,28250000.0,28000000.0,2800000.0,301.9514,27750000.0,2825000.0,9.94e-06,0.0,275.71,275.71,253.65,6.8815,12.33,3931.59,18.97,17.46,-1.52,1.52,8.0
2025-02-01,HISTORICO,SOUC,CNIOR,BOGOTA,ENEL - BOGOTA CUNDINAMARCA,9113737.5,7746676.88,1367060.63,85.0,15.0,Cubierta (85.0% Contratos / 15.0% Bolsa),318.8025,39550000.0,39200000.0,3920000.0,301.9514,38850000.0,3955000.0,9.94e-06,0.0,385.99,385.99,355.11,6.8815,17.27,5504.22,26.56,24.44,-2.12,2.12,8.0
2025-02-01,HISTORICO,SOUC,CNIOR,CARIBE_MAR,AFINIA - CARIBE MAR,9113737.5,7746676.88,1367060.63,85.0,15.0,Cubierta (85.0% Contratos / 15.0% Bolsa),318.8025,31640000.0,31360000.0,3136000.0,301.9514,31080000.0,3164000.0,9.94e-06,0.0,308.79,308.79,284.09,6.8815,13.81,4403.38,21.25,19.55,-1.7,1.7,8.0
2025-02-01,HISTORICO,SOUC,CNIOR,CARIBE_SOL,AIR-E - CARIBE SOL,9113737.5,7746676.88,1367060.63,85.0,15.0,Cubierta (85.0% Contratos / 15.0% Bolsa),318.8025,24860000.0,24640000.0,2464000.0,301.9514,24420000.0,2486000.0,9.94e-06,0.0,242.62,242.62,223.21,6.8815,10.85,3459.8,16.7,15.36,-1.34,1.34,8.0
2025-02-01,HISTORICO,SOUC,CNIOR,CUNDINAMARCA,EEC - CUNDINAMARCA,9113737.5,7746676.88,1367060.63,85.0,15.0,Cubierta (85.0% Contratos / 15.0% Bolsa),318.8025,10170000.0,10080000.0,1008000.0,301.9514,9990000.0,1017000.0,9.94e-06,0.0,99.25,99.25,91.31,6.8815,4.44,1415.37,6.83,6.28,-0.55,0.55,8.0
2025-02-01,HISTORICO,SOUC,CNIOR,SANTANDER,ESSA - SANTANDER,9113737.5,7746676.88,1367060.63,85.0,15.0,Cubierta (85.0% Contratos / 15.0% Bolsa),318.8025,15820000.0,15680000.0,1568000.0,301.9514,15540000.0,1582000.0,9.94e-06,0.0,154.4,154.4,142.04,6.8815,6.91,2201.69,10.62,9.77,-0.85,0.85,8.0
2025-02-01,HISTORICO,SOUC,CNIOR,TOLIMA,ELET - TOLIMA,9113737.5,7746676.88,1367060.63,85.0,15.0,Cubierta (85.0% Contratos / 15.0% Bolsa),318.8025,8475000.0,8400000.0,840000.0,301.9514,8325000.0,847500.0,9.94e-06,0.0,82.71,82.71,76.1,6.8815,3.7,1179.48,5.69,5.24,-0.46,0.46,8.0
2025-02-01,HISTORICO,SOUC,CNIOR,VALLE,CVC - VALLE DEL CAUCA,9113737.5,7746676.88,1367060.63,85.0,15.0,Cubierta (85.0% Contratos / 15.0% Bolsa),318.8025,20340000.0,20160000.0,2016000.0,301.9514,19980000.0,2034000.0,9.94e-06,0.0,198.51,198.51,182.63,6.8815,8.88,2830.74,13.66,12.57,-1.09,1.09,8.0
2025-03-01,HISTORICO,SOUC,CNIOR,ANTIOQUIA,EPM - ANTIOQUIA,9169650.0,7794202.5,1375447.5,85.0,15.0,Cubierta (85.0% Contratos / 15.0% Bolsa),329.8591,28500000.0,28250000.0,2825000.0,318.8025,28000000.0,2850000.0,9.41e-06,0.0,263.49,263.49,242.41,6.8815,11.79,3887.63,18.13,16.68,-1.45,1.45,8.0
2025-03-01,HISTORICO,SOUC,CNIOR,BOGOTA,ENEL - BOGOTA CUNDINAMARCA,9169650.0,7794202.5,1375447.5,85.0,15.0,Cubierta (85.0% Contratos / 15.0% Bolsa),329.8591,39900000.0,39550000.0,3955000.0,318.8025,39200000.0,3990000.0,9.41e-06,0.0,368.88,368.88,339.37,6.8815,16.5,5442.68,25.38,23.35,-2.03,2.03,8.0
2025-03-01,HISTORICO,SOUC,CNIOR,CARIBE_MAR,AFINIA - CARIBE MAR,9169650.0,7794202.5,1375447.5,85.0,15.0,Cubierta (85.0% Contratos / 15.0% Bolsa),329.8591,31920000.0,31640000.0,3164000.0,318.8025,31360000.0,3192000.0,9.41e-06,0.0,295.1,295.1,271.5,6.8815,13.2,4354.15,20.31,18.68,-1.62,1.62,8.0
2025-03-01,HISTORICO,SOUC,CNIOR,CARIBE_SOL,AIR-E - CARIBE SOL,9169650.0,7794202.5,1375447.5,85.0,15.0,Cubierta (85.0% Contratos / 15.0% Bolsa),329.8591,25080000.0,24860000.0,2486000.0,318.8025,24640000.0,2508000.0,9.41e-06,0.0,231.87,231.87,213.32,6.8815,10.37,3421.11,15.96,14.68,-1.28,1.28,8.0
2025-03-01,HISTORICO,SOUC,CNIOR,CUNDINAMARCA,EEC - CUNDINAMARCA,9169650.0,7794202.5,1375447.5,85.0,15.0,Cubierta (85.0% Contratos / 15.0% Bolsa),329.8591,10260000.0,10170000.0,1017000.0,318.8025,10080000.0,1026000.0,9.41e-06,0.0,94.85,94.85,87.27,6.8815,4.24,1399.55,6.53,6.01,-0.52,0.52,8.0
2025-03-01,HISTORICO,SOUC,CNIOR,SANTANDER,ESSA - SANTANDER,9169650.0,7794202.5,1375447.5,85.0,15.0,Cubierta (85.0% Contratos / 15.0% Bolsa),329.8591,15960000.0,15820000.0,1582000.0,318.8025,15680000.0,1596000.0,9.41e-06,0.0,147.55,147.55,135.75,6.8815,6.6,2177.07,10.15,9.34,-0.81,0.81,8.0
2025-03-01,HISTORICO,SOUC,CNIOR,TOLIMA,ELET - TOLIMA,9169650.0,7794202.5,1375447.5,85.0,15.0,Cubierta (85.0% Contratos / 15.0% Bolsa),329.8591,8550000.0,8475000.0,847500.0,318.8025,8400000.0,855000.0,9.41e-06,0.0,79.05,79.05,72.72,6.8815,3.54,1166.29,5.44,5.0,-0.44,0.44,8.0
2025-03-01,HISTORICO,SOUC,CNIOR,VALLE,CVC - VALLE DEL CAUCA,9169650.0,7794202.5,1375447.5,85.0,15.0,Cubierta (85.0% Contratos / 15.0% Bolsa),329.8591,20520000.0,20340000.0,2034000.0,318.8025,20160000.0,2052000.0,9.41e-06,0.0,189.71,189.71,174.53,6.8815,8.49,2799.09,13.05,12.01,-1.04,1.04,8.0
2025-04-01,HISTORICO,SOUC,CNIOR,ANTIOQUIA,EPM - ANTIOQUIA,9225562.5,7841728.12,1383834.38,85.0,15.0,Cubierta (85.0% Contratos / 15.0% Bolsa),327.2543,28750000.0,28500000.0,2850000.0,329.8591,28250000.0,2875000.0,9.09e-06,0.0,256.93,256.93,236.37,6.8815,11.49,3760.93,17.68,16.27,-1.41,1.41,8.0
2025-04-01,HISTORICO,SOUC,CNIOR,BOGOTA,ENEL - BOGOTA CUNDINAMARCA,9225562.5,7841728.12,1383834.38,85.0,15.0,Cubierta (85.0% Contratos / 15.0% Bolsa),327.2543,40250000.0,39900000.0,3990000.0,329.8591,39550000.0,4025000.0,9.09e-06,0.0,359.7,359.7,330.92,6.8815,16.09,5265.3,24.75,22.77,-1.98,1.98,8.0
2025-04-01,HISTORICO,SOUC,CNIOR,CARIBE_MAR,AFINIA - CARIBE MAR,9225562.5,7841728.12,1383834.38,85.0,15.0,Cubierta (85.0% Contratos / 15.0% Bolsa),327.2543,32200000.0,31920000.0,3192000.0,329.8591,31640000.0,3220000.0,9.09e-06,0.0,287.76,287.76,264.74,6.8815,12.87,4212.24,19.8,18.22,-1.58,1.58,8.0
2025-04-01,HISTORICO,SOUC,CNIOR,CARIBE_SOL,AIR-E - CARIBE SOL,9225562.5,7841728.12,1383834.38,85.0,15.0,Cubierta (85.0% Contratos / 15.0% Bolsa),327.2543,25300000.0,25080000.0,2508000.0,329.8591,24860000.0,2530000.0,9.09e-06,0.0,226.1,226.1,208.01,6.8815,10.11,3309.62,15.56,14.31,-1.24,1.24,8.0
2025-04-01,HISTORICO,SOUC,CNIOR,CUNDINAMARCA,EEC - CUNDINAMARCA,9225562.5,7841728.12,1383834.38,85.0,15.0,Cubierta (85.0% Contratos / 15.0% Bolsa),327.2543,10350000.0,10260000.0,1026000.0,329.8591,10170000.0,1035000.0,9.09e-06,0.0,92.49,92.49,85.09,6.8815,4.14,1353.94,6.37,5.86,-0.51,0.51,8.0
2025-04-01,HISTORICO,SOUC,CNIOR,SANTANDER,ESSA - SANTANDER,9225562.5,7841728.12,1383834.38,85.0,15.0,Cubierta (85.0% Contratos / 15.0% Bolsa),327.2543,16100000.0,15960000.0,1596000.0,329.8591,15820000.0,1610000.0,9.09e-06,0.0,143.88,143.88,132.37,6.8815,6.44,2106.12,9.9,9.11,-0.79,0.79,8.0
2025-04-01,HISTORICO,SOUC,CNIOR,TOLIMA,ELET - TOLIMA,9225562.5,7841728.12,1383834.38,85.0,15.0,Cubierta (85.0% Contratos / 15.0% Bolsa),327.2543,8625000.0,8550000.0,855000.0,329.8591,8475000.0,862500.0,9.09e-06,0.0,77.08,77.08,70.91,6.8815,3.45,1128.28,5.3,4.88,-0.42,0.42,8.0
2025-04-01,HISTORICO,SOUC,CNIOR,VALLE,CVC - VALLE DEL CAUCA,9225562.5,7841728.12,1383834.38,85.0,15.0,Cubierta (85.0% Contratos / 15.0% Bolsa),327.2543,20700000.0,20520000.0,2052000.0,329.8591,20340000.0,2070000.0,9.09e-06,0.0,184.99,184.99,170.19,6.8815,8.27,2707.87,12.73,11.71,-1.02,1.02,8.0
2025-05-01,HISTORICO,SOUC,CNIOR,ANTIOQUIA,EPM - ANTIOQUIA,9281475.0,7889253.75,1392221.25,85.0,15.0,Cubierta (85.0% Contratos / 15.0% Bolsa),315.6815,29000000.0,28750000.0,2875000.0,327.2543,28500000.0,2900000.0,9.17e-06,0.0,261.26,261.26,240.36,6.8815,11.69,3689.17,17.98,16.54,-1.44,1.44,8.0
2025-05-01,HISTORICO,SOUC,CNIOR,BOGOTA,ENEL - BOGOTA CUNDINAMARCA,9281475.0,7889253.75,1392221.25,85.0,15.0,Cubierta (85.0% Contratos / 15.0% Bolsa),315.6815,40600000.0,40250000.0,4025000.0,327.2543,39900000.0,4060000.0,9.17e-06,0.0,365.77,365.77,336.51,6.8815,16.36,5164.84,25.17,23.16,-2.01,2.01,8.0
2025-05-01,HISTORICO,SOUC,CNIOR,CARIBE_MAR,AFINIA - CARIBE MAR,9281475.0,7889253.75,1392221.25,85.0,15.0,Cubierta (85.0% Contratos / 15.0% Bolsa),315.6815,32480000.0,32200000.0,3220000.0,327.2543,31920000.0,3248000.0,9.17e-06,0.0,292.62,292.62,269.21,6.8815,13.09,4131.87,20.14,18.53,-1.61,1.61,8.0
2025-05-01,HISTORICO,SOUC,CNIOR,CARIBE_SOL,AIR-E - CARIBE SOL,9281475.0,7889253.75,1392221.25,85.0,15.0,Cubierta (85.0% Contratos / 15.0% Bolsa),315.6815,25520000.0,25300000.0,2530000.0,327.2543,25080000.0,2552000.0,9.17e-06,0.0,229.91,229.91,211.52,6.8815,10.28,3246.47,15.82,14.56,-1.27,1.27,8.0
2025-05-01,HISTORICO,SOUC,CNIOR,CUNDINAMARCA,EEC - CUNDINAMARCA,9281475.0,7889253.75,1392221.25,85.0,15.0,Cubierta (85.0% Contratos / 15.0% Bolsa),315.6815,10440000.0,10350000.0,1035000.0,327.2543,10260000.0,1044000.0,9.17e-06,0.0,94.06,94.06,86.53,6.8815,4.21,1328.1,6.47,5.95,-0.52,0.52,8.0
2025-05-01,HISTORICO,SOUC,CNIOR,SANTANDER,ESSA - SANTANDER,9281475.0,7889253.75,1392221.25,85.0,15.0,Cubierta (85.0% Contratos / 15.0% Bolsa),315.6815,16240000.0,16100000.0,1610000.0,327.2543,15960000.0,1624000.0,9.17e-06,0.0,146.31,146.31,134.6,6.8815,6.54,2065.94,10.07,9.26,-0.81,0.81,8.0
2025-05-01,HISTORICO,SOUC,CNIOR,TOLIMA,ELET - TOLIMA,9281475.0,7889253.75,1392221.25,85.0,15.0,Cubierta (85.0% Contratos / 15.0% Bolsa),315.6815,8700000.0,8625000.0,862500.0,327.2543,8550000.0,870000.0,9.17e-06,0.0,78.38,78.38,72.11,6.8815,3.51,1106.75,5.39,4.96,-0.43,0.43,8.0
2025-05-01,HISTORICO,SOUC,CNIOR,VALLE,CVC - VALLE DEL CAUCA,9281475.0,7889253.75,1392221.25,85.0,15.0,Cubierta (85.0% Contratos / 15.0% Bolsa),315.6815,20880000.0,20700000.0,2070000.0,327.2543,20520000.0,2088000.0,9.17e-06,0.0,188.11,188.11,173.06,6.8815,8.41,2656.2,12.94,11.91,-1.04,1.04,8.0
2025-06-01,HISTORICO,SOUC,CNIOR,ANTIOQUIA,EPM - ANTIOQUIA,9337387.5,7936779.38,1400608.13,85.0,15.0,Cubierta (85.0% Contratos / 15.0% Bolsa),308.079,29250000.0,29000000.0,2900000.0,315.6815,28750000.0,2925000.0,9.5e-06,0.0,273.22,273.22,251.36,6.8815,12.22,3765.05,18.8,17.3,-1.5,1.5,8.0
2025-06-01,HISTORICO,SOUC,CNIOR,BOGOTA,ENEL - BOGOTA CUNDINAMARCA,9337387.5,7936779.38,1400608.13,85.0,15.0,Cubierta (85.0% Contratos / 15.0% Bolsa),308.079,40950000.0,40600000.0,4060000.0,315.6815,40250000.0,4095000.0,9.5e-06,0.0,382.51,382.51,351.91,6.8815,17.11,5271.07,26.32,24.22,-2.11,2.11,8.0
2025-06-01,HISTORICO,SOUC,CNIOR,CARIBE_MAR,AFINIA - CARIBE MAR,9337387.5,7936779.38,1400608.13,85.0,15.0,Cubierta (85.0% Contratos / 15.0% Bolsa),308.079,32760000.0,32480000.0,3248000.0,315.6815,32200000.0,3276000.0,9.5e-06,0.0,306.0,306.0,281.52,6.8815,13.69,4216.86,21.06,19.37,-1.68,1.68,8.0
2025-06-01,HISTORICO,SOUC,CNIOR,CARIBE_SOL,AIR-E - CARIBE SOL,9337387.5,7936779.38,1400608.13,85.0,15.0,Cubierta (85.0% Contratos / 15.0% Bolsa),308.079,25740000.0,25520000.0,2552000.0,315.6815,25300000.0,2574000.0,9.5e-06,0.0,240.43,240.43,221.2,6.8815,10.75,3313.25,16.55,15.22,-1.32,1.32,8.0
2025-06-01,HISTORICO,SOUC,CNIOR,CUNDINAMARCA,EEC - CUNDINAMARCA,9337387.5,7936779.38,1400608.13,85.0,15.0,Cubierta (85.0% Contratos / 15.0% Bolsa),308.079,10530000.0,10440000.0,1044000.0,315.6815,10350000.0,1053000.0,9.5e-06,0.0,98.36,98.36,90.49,6.8815,4.4,1355.42,6.77,6.23,-0.54,0.54,8.0
2025-06-01,HISTORICO,SOUC,CNIOR,SANTANDER,ESSA - SANTANDER,9337387.5,7936779.38,1400608.13,85.0,15.0,Cubierta (85.0% Contratos / 15.0% Bolsa),308.079,16380000.0,16240000.0,1624000.0,315.6815,16100000.0,1638000.0,9.5e-06,0.0,153.0,153.0,140.76,6.8815,6.84,2108.43,10.53,9.69,-0.84,0.84,8.0
2025-06-01,HISTORICO,SOUC,CNIOR,TOLIMA,ELET - TOLIMA,9337387.5,7936779.38,1400608.13,85.0,15.0,Cubierta (85.0% Contratos / 15.0% Bolsa),308.079,8775000.0,8700000.0,870000.0,315.6815,8625000.0,877500.0,9.5e-06,0.0,81.97,81.97,75.41,6.8815,3.67,1129.52,5.64,5.19,-0.45,0.45,8.0
2025-06-01,HISTORICO,SOUC,CNIOR,VALLE,CVC - VALLE DEL CAUCA,9337387.5,7936779.38,1400608.13,85.0,15.0,Cubierta (85.0% Contratos / 15.0% Bolsa),308.079,21060000.0,20880000.0,2088000.0,315.6815,20700000.0,2106000.0,9.5e-06,0.0,196.72,196.72,180.98,6.8815,8.8,2710.84,13.54,12.45,-1.08,1.08,8.0
2025-07-01,HISTORICO,SOUC,CNIOR,ANTIOQUIA,EPM - ANTIOQUIA,9393300.0,7984305.0,1408995.0,85.0,15.0,Cubierta (85.0% Contratos / 15.0% Bolsa),313.7352,29500000.0,29250000.0,2925000.0,308.079,29000000.0,2950000.0,9.74e-06,0.0,282.4,282.4,259.8,6.8815,12.63,3962.96,19.43,17.88,-1.55,1.55,8.0
2025-07-01,HISTORICO,SOUC,CNIOR,BOGOTA,ENEL - BOGOTA CUNDINAMARCA,9393300.0,7984305.0,1408995.0,85.0,15.0,Cubierta (85.0% Contratos / 15.0% Bolsa),313.7352,41300000.0,40950000.0,4095000.0,308.079,40600000.0,4130000.0,9.74e-06,0.0,395.35,395.35,363.72,6.8815,17.68,5548.14,27.21,25.03,-2.18,2.18,8.0
2025-07-01,HISTORICO,SOUC,CNIOR,CARIBE_MAR,AFINIA - CARIBE MAR,9393300.0,7984305.0,1408995.0,85.0,15.0,Cubierta (85.0% Contratos / 15.0% Bolsa),313.7352,33040000.0,32760000.0,3276000.0,308.079,32480000.0,3304000.0,9.74e-06,0.0,316.28,316.28,290.98,6.8815,14.15,4438.51,21.77,20.02,-1.74,1.74,8.0
2025-07-01,HISTORICO,SOUC,CNIOR,CARIBE_SOL,AIR-E - CARIBE SOL,9393300.0,7984305.0,1408995.0,85.0,15.0,Cubierta (85.0% Contratos / 15.0% Bolsa),313.7352,25960000.0,25740000.0,2574000.0,308.079,25520000.0,2596000.0,9.74e-06,0.0,248.51,248.51,228.63,6.8815,11.12,3487.4,17.1,15.73,-1.37,1.37,8.0
2025-07-01,HISTORICO,SOUC,CNIOR,CUNDINAMARCA,EEC - CUNDINAMARCA,9393300.0,7984305.0,1408995.0,85.0,15.0,Cubierta (85.0% Contratos / 15.0% Bolsa),313.7352,10620000.0,10530000.0,1053000.0,308.079,10440000.0,1062000.0,9.74e-06,0.0,101.66,101.66,93.53,6.8815,4.55,1426.66,7.0,6.44,-0.56,0.56,8.0
2025-07-01,HISTORICO,SOUC,CNIOR,SANTANDER,ESSA - SANTANDER,9393300.0,7984305.0,1408995.0,85.0,15.0,Cubierta (85.0% Contratos / 15.0% Bolsa),313.7352,16520000.0,16380000.0,1638000.0,308.079,16240000.0,1652000.0,9.74e-06,0.0,158.14,158.14,145.49,6.8815,7.07,2219.26,10.88,10.01,-0.87,0.87,8.0
2025-07-01,HISTORICO,SOUC,CNIOR,TOLIMA,ELET - TOLIMA,9393300.0,7984305.0,1408995.0,85.0,15.0,Cubierta (85.0% Contratos / 15.0% Bolsa),313.7352,8850000.0,8775000.0,877500.0,308.079,8700000.0,885000.0,9.74e-06,0.0,84.72,84.72,77.94,6.8815,3.79,1188.89,5.83,5.36,-0.47,0.47,8.0
2025-07-01,HISTORICO,SOUC,CNIOR,VALLE,CVC - VALLE DEL CAUCA,9393300.0,7984305.0,1408995.0,85.0,15.0,Cubierta (85.0% Contratos / 15.0% Bolsa),313.7352,21240000.0,21060000.0,2106000.0,308.079,20880000.0,2124000.0,9.74e-06,0.0,203.32,203.32,187.06,6.8815,9.09,2853.33,13.99,12.87,-1.12,1.12,8.0
2025-08-01,HISTORICO,SOUC,CNIOR,ANTIOQUIA,EPM - ANTIOQUIA,9449212.5,8031830.62,1417381.88,85.0,15.0,Cubierta (85.0% Contratos / 15.0% Bolsa),329.7482,29750000.0,29500000.0,2950000.0,313.7352,29250000.0,2975000.0,9.56e-06,0.0,279.69,279.69,257.32,6.8815,12.51,4125.39,19.25,17.71,-1.54,1.54,8.0
2025-08-01,HISTORICO,SOUC,CNIOR,BOGOTA,ENEL - BOGOTA CUNDINAMARCA,9449212.5,8031830.62,1417381.88,85.0,15.0,Cubierta (85.0% Contratos / 15.0% Bolsa),329.7482,41650000.0,41300000.0,4130000.0,313.7352,40950000.0,4165000.0,9.56e-06,0.0,391.57,391.57,360.25,6.8815,17.52,5775.55,26.95,24.79,-2.16,2.16,8.0
2025-08-01,HISTORICO,SOUC,CNIOR,CARIBE_MAR,AFINIA - CARIBE MAR,9449212.5,8031830.62,1417381.88,85.0,15.0,Cubierta (85.0% Contratos / 15.0% Bolsa),329.7482,33320000.0,33040000.0,3304000.0,313.7352,32760000.0,3332000.0,9.56e-06,0.0,313.26,313.26,288.2,6.8815,14.01,4620.44,21.56,19.83,-1.72,1.72,8.0
2025-08-01,HISTORICO,SOUC,CNIOR,CARIBE_SOL,AIR-E - CARIBE SOL,9449212.5,8031830.62,1417381.88,85.0,15.0,Cubierta (85.0% Contratos / 15.0% Bolsa),329.7482,26180000.0,25960000.0,2596000.0,313.7352,25740000.0,2618000.0,9.56e-06,0.0,246.13,246.13,226.44,6.8815,11.01,3630.34,16.94,15.58,-1.36,1.36,8.0
2025-08-01,HISTORICO,SOUC,CNIOR,CUNDINAMARCA,EEC - CUNDINAMARCA,9449212.5,8031830.62,1417381.88,85.0,15.0,Cubierta (85.0% Contratos / 15.0% Bolsa),329.7482,10710000.0,10620000.0,1062000.0,313.7352,10530000.0,1071000.0,9.56e-06,0.0,100.69,100.69,92.63,6.8815,4.5,1485.14,6.93,6.37,-0.55,0.55,8.0
2025-08-01,HISTORICO,SOUC,CNIOR,SANTANDER,ESSA - SANTANDER,9449212.5,8031830.62,1417381.88,85.0,15.0,Cubierta (85.0% Contratos / 15.0% Bolsa),329.7482,16660000.0,16520000.0,1652000.0,313.7352,16380000.0,1666000.0,9.56e-06,0.0,156.63,156.63,144.1,6.8815,7.01,2310.22,10.78,9.92,-0.86,0.86,8.0
2025-08-01,HISTORICO,SOUC,CNIOR,TOLIMA,ELET - TOLIMA,9449212.5,8031830.62,1417381.88,85.0,15.0,Cubierta (85.0% Contratos / 15.0% Bolsa),329.7482,8925000.0,8850000.0,885000.0,313.7352,8775000.0,892500.0,9.56e-06,0.0,83.91,83.91,77.2,6.8815,3.75,1237.62,5.77,5.31,-0.46,0.46,8.0
2025-08-01,HISTORICO,SOUC,CNIOR,VALLE,CVC - VALLE DEL CAUCA,9449212.5,8031830.62,1417381.88,85.0,15.0,Cubierta (85.0% Contratos / 15.0% Bolsa),329.7482,21420000.0,21240000.0,2124000.0,313.7352,21060000.0,2142000.0,9.56e-06,0.0,201.38,201.38,185.27,6.8815,9.01,2970.28,13.86,12.75,-1.11,1.11,8.0
2025-09-01,HISTORICO,SOUC,CNIOR,ANTIOQUIA,EPM - ANTIOQUIA,9505125.0,8079356.25,1425768.75,85.0,15.0,Cubierta (85.0% Contratos / 15.0% Bolsa),343.6942,30000000.0,29750000.0,2975000.0,329.7482,29500000.0,3000000.0,9.1e-06,0.0,268.39,268.39,246.92,6.8815,12.0,4126.03,18.47,16.99,-1.48,1.48,8.0
2025-09-01,HISTORICO,SOUC,CNIOR,BOGOTA,ENEL - BOGOTA CUNDINAMARCA,9505125.0,8079356.25,1425768.75,85.0,15.0,Cubierta (85.0% Contratos / 15.0% Bolsa),343.6942,42000000.0,41650000.0,4165000.0,329.7482,41300000.0,4200000.0,9.1e-06,0.0,375.74,375.74,345.68,6.8815,16.81,5776.44,25.86,23.79,-2.07,2.07,8.0
2025-09-01,HISTORICO,SOUC,CNIOR,CARIBE_MAR,AFINIA - CARIBE MAR,9505125.0,8079356.25,1425768.75,85.0,15.0,Cubierta (85.0% Contratos / 15.0% Bolsa),343.6942,33600000.0,33320000.0,3332000.0,329.7482,33040000.0,3360000.0,9.1e-06,0.0,300.59,300.59,276.55,6.8815,13.45,4621.15,20.69,19.03,-1.65,1.65,8.0
2025-09-01,HISTORICO,SOUC,CNIOR,CARIBE_SOL,AIR-E - CARIBE SOL,9505125.0,8079356.25,1425768.75,85.0,15.0,Cubierta (85.0% Contratos / 15.0% Bolsa),343.6942,26400000.0,26180000.0,2618000.0,329.7482,25960000.0,2640000.0,9.1e-06,0.0,236.18,236.18,217.29,6.8815,10.56,3630.9,16.25,14.95,-1.3,1.3,8.0
2025-09-01,HISTORICO,SOUC,CNIOR,CUNDINAMARCA,EEC - CUNDINAMARCA,9505125.0,8079356.25,1425768.75,85.0,15.0,Cubierta (85.0% Contratos / 15.0% Bolsa),343.6942,10800000.0,10710000.0,1071000.0,329.7482,10620000.0,1080000.0,9.1e-06,0.0,96.62,96.62,88.89,6.8815,4.32,1485.37,6.65,6.12,-0.53,0.53,8.0
2025-09-01,HISTORICO,SOUC,CNIOR,SANTANDER,ESSA - SANTANDER,9505125.0,8079356.25,1425768.75,85.0,15.0,Cubierta (85.0% Contratos / 15.0% Bolsa),343.6942,16800000.0,16660000.0,1666000.0,329.7482,16520000.0,1680000.0,9.1e-06,0.0,150.3,150.3,138.27,6.8815,6.72,2310.57,10.34,9.52,-0.83,0.83,8.0
2025-09-01,HISTORICO,SOUC,CNIOR,TOLIMA,ELET - TOLIMA,9505125.0,8079356.25,1425768.75,85.0,15.0,Cubierta (85.0% Contratos / 15.0% Bolsa),343.6942,9000000.0,8925000.0,892500.0,329.7482,8850000.0,900000.0,9.1e-06,0.0,80.52,80.52,74.07,6.8815,3.6,1237.81,5.54,5.1,-0.44,0.44,8.0
2025-09-01,HISTORICO,SOUC,CNIOR,VALLE,CVC - VALLE DEL CAUCA,9505125.0,8079356.25,1425768.75,85.0,15.0,Cubierta (85.0% Contratos / 15.0% Bolsa),343.6942,21600000.0,21420000.0,2142000.0,329.7482,21240000.0,2160000.0,9.1e-06,0.0,193.24,193.24,177.78,6.8815,8.64,2970.74,13.3,12.23,-1.06,1.06,8.0
2025-10-01,HISTORICO,SOUC,CNIOR,ANTIOQUIA,EPM - ANTIOQUIA,9561037.5,8126881.88,1434155.63,85.0,15.0,Cubierta (85.0% Contratos / 15.0% Bolsa),345.0498,30250000.0,30000000.0,3000000.0,343.6942,29750000.0,3025000.0,8.73e-06,0.0,259.68,259.68,238.9,6.8815,11.62,4007.9,17.87,16.44,-1.43,1.43,8.0
2025-10-01,HISTORICO,SOUC,CNIOR,BOGOTA,ENEL - BOGOTA CUNDINAMARCA,9561037.5,8126881.88,1434155.63,85.0,15.0,Cubierta (85.0% Contratos / 15.0% Bolsa),345.0498,42350000.0,42000000.0,4200000.0,343.6942,41650000.0,4235000.0,8.73e-06,0.0,363.55,363.55,334.47,6.8815,16.26,5611.06,25.02,23.02,-2.0,2.0,8.0
2025-10-01,HISTORICO,SOUC,CNIOR,CARIBE_MAR,AFINIA - CARIBE MAR,9561037.5,8126881.88,1434155.63,85.0,15.0,Cubierta (85.0% Contratos / 15.0% Bolsa),345.0498,33880000.0,33600000.0,3360000.0,343.6942,33320000.0,3388000.0,8.73e-06,0.0,290.84,290.84,267.57,6.8815,13.01,4488.85,20.01,18.41,-1.6,1.6,8.0
2025-10-01,HISTORICO,SOUC,CNIOR,CARIBE_SOL,AIR-E - CARIBE SOL,9561037.5,8126881.88,1434155.63,85.0,15.0,Cubierta (85.0% Contratos / 15.0% Bolsa),345.0498,26620000.0,26400000.0,2640000.0,343.6942,26180000.0,2662000.0,8.73e-06,0.0,228.52,228.52,210.24,6.8815,10.22,3526.95,15.73,14.47,-1.26,1.26,8.0
2025-10-01,HISTORICO,SOUC,CNIOR,CUNDINAMARCA,EEC - CUNDINAMARCA,9561037.5,8126881.88,1434155.63,85.0,15.0,Cubierta (85.0% Contratos / 15.0% Bolsa),345.0498,10890000.0,10800000.0,1080000.0,343.6942,10710000.0,1089000.0,8.73e-06,0.0,93.48,93.48,86.01,6.8815,4.18,1442.84,6.43,5.92,-0.51,0.51,8.0
2025-10-01,HISTORICO,SOUC,CNIOR,SANTANDER,ESSA - SANTANDER,9561037.5,8126881.88,1434155.63,85.0,15.0,Cubierta (85.0% Contratos / 15.0% Bolsa),345.0498,16940000.0,16800000.0,1680000.0,343.6942,16660000.0,1694000.0,8.73e-06,0.0,145.42,145.42,133.79,6.8815,6.5,2244.42,10.01,9.21,-0.8,0.8,8.0
2025-10-01,HISTORICO,SOUC,CNIOR,TOLIMA,ELET - TOLIMA,9561037.5,8126881.88,1434155.63,85.0,15.0,Cubierta (85.0% Contratos / 15.0% Bolsa),345.0498,9075000.0,9000000.0,900000.0,343.6942,8925000.0,907500.0,8.73e-06,0.0,77.9,77.9,71.67,6.8815,3.48,1202.37,5.36,4.93,-0.43,0.43,8.0
2025-10-01,HISTORICO,SOUC,CNIOR,VALLE,CVC - VALLE DEL CAUCA,9561037.5,8126881.88,1434155.63,85.0,15.0,Cubierta (85.0% Contratos / 15.0% Bolsa),345.0498,21780000.0,21600000.0,2160000.0,343.6942,21420000.0,2178000.0,8.73e-06,0.0,186.97,186.97,172.01,6.8815,8.36,2885.69,12.87,11.84,-1.03,1.03,8.0
2025-11-01,HISTORICO,SOUC,CNIOR,ANTIOQUIA,EPM - ANTIOQUIA,9616950.0,8174407.5,1442542.5,85.0,15.0,Cubierta (85.0% Contratos / 15.0% Bolsa),334.8672,30500000.0,30250000.0,3025000.0,345.0498,30000000.0,3050000.0,8.69e-06,0.0,260.83,260.83,239.97,6.8815,11.67,3906.9,17.95,16.51,-1.44,1.44,8.0
2025-11-01,HISTORICO,SOUC,CNIOR,BOGOTA,ENEL - BOGOTA CUNDINAMARCA,9616950.0,8174407.5,1442542.5,85.0,15.0,Cubierta (85.0% Contratos / 15.0% Bolsa),334.8672,42700000.0,42350000.0,4235000.0,345.0498,42000000.0,4270000.0,8.69e-06,0.0,365.16,365.16,335.95,6.8815,16.33,5469.66,25.13,23.12,-2.01,2.01,8.0
2025-11-01,HISTORICO,SOUC,CNIOR,CARIBE_MAR,AFINIA - CARIBE MAR,9616950.0,8174407.5,1442542.5,85.0,15.0,Cubierta (85.0% Contratos / 15.0% Bolsa),334.8672,34160000.0,33880000.0,3388000.0,345.0498,33600000.0,3416000.0,8.69e-06,0.0,292.13,292.13,268.76,6.8815,13.07,4375.73,20.1,18.49,-1.61,1.61,8.0
2025-11-01,HISTORICO,SOUC,CNIOR,CARIBE_SOL,AIR-E - CARIBE SOL,9616950.0,8174407.5,1442542.5,85.0,15.0,Cubierta (85.0% Contratos / 15.0% Bolsa),334.8672,26840000.0,26620000.0,2662000.0,345.0498,26400000.0,2684000.0,8.69e-06,0.0,229.53,229.53,211.17,6.8815,10.27,3438.07,15.8,14.53,-1.26,1.26,8.0
2025-11-01,HISTORICO,SOUC,CNIOR,CUNDINAMARCA,EEC - CUNDINAMARCA,9616950.0,8174407.5,1442542.5,85.0,15.0,Cubierta (85.0% Contratos / 15.0% Bolsa),334.8672,10980000.0,10890000.0,1089000.0,345.0498,10800000.0,1098000.0,8.69e-06,0.0,93.9,93.9,86.39,6.8815,4.2,1406.48,6.46,5.94,-0.52,0.52,8.0
2025-11-01,HISTORICO,SOUC,CNIOR,SANTANDER,ESSA - SANTANDER,9616950.0,8174407.5,1442542.5,85.0,15.0,Cubierta (85.0% Contratos / 15.0% Bolsa),334.8672,17080000.0,16940000.0,1694000.0,345.0498,16800000.0,1708000.0,8.69e-06,0.0,146.07,146.07,134.38,6.8815,6.53,2187.86,10.05,9.25,-0.8,0.8,8.0
2025-11-01,HISTORICO,SOUC,CNIOR,TOLIMA,ELET - TOLIMA,9616950.0,8174407.5,1442542.5,85.0,15.0,Cubierta (85.0% Contratos / 15.0% Bolsa),334.8672,9150000.0,9075000.0,907500.0,345.0498,9000000.0,915000.0,8.69e-06,0.0,78.25,78.25,71.99,6.8815,3.5,1172.07,5.38,4.95,-0.43,0.43,8.0
2025-11-01,HISTORICO,SOUC,CNIOR,VALLE,CVC - VALLE DEL CAUCA,9616950.0,8174407.5,1442542.5,85.0,15.0,Cubierta (85.0% Contratos / 15.0% Bolsa),334.8672,21960000.0,21780000.0,2178000.0,345.0498,21600000.0,2196000.0,8.69e-06,0.0,187.8,187.8,172.78,6.8815,8.4,2812.97,12.92,11.89,-1.03,1.03,8.0
2025-12-01,HISTORICO,SOUC,CNIOR,ANTIOQUIA,EPM - ANTIOQUIA,9672862.5,8221933.12,1450929.38,85.0,15.0,Cubierta (85.0% Contratos / 15.0% Bolsa),324.8067,30750000.0,30500000.0,3050000.0,334.8672,30250000.0,3075000.0,8.96e-06,0.0,271.0,271.0,249.32,6.8815,12.12,3937.29,18.65,17.16,-1.49,1.49,8.0
2025-12-01,HISTORICO,SOUC,CNIOR,BOGOTA,ENEL - BOGOTA CUNDINAMARCA,9672862.5,8221933.12,1450929.38,85.0,15.0,Cubierta (85.0% Contratos / 15.0% Bolsa),324.8067,43050000.0,42700000.0,4270000.0,334.8672,42350000.0,4305000.0,8.96e-06,0.0,379.4,379.4,349.05,6.8815,16.97,5512.21,26.11,24.02,-2.09,2.09,8.0
2025-12-01,HISTORICO,SOUC,CNIOR,CARIBE_MAR,AFINIA - CARIBE MAR,9672862.5,8221933.12,1450929.38,85.0,15.0,Cubierta (85.0% Contratos / 15.0% Bolsa),324.8067,34440000.0,34160000.0,3416000.0,334.8672,33880000.0,3444000.0,8.96e-06,0.0,303.52,303.52,279.24,6.8815,13.58,4409.77,20.89,19.22,-1.67,1.67,8.0
2025-12-01,HISTORICO,SOUC,CNIOR,CARIBE_SOL,AIR-E - CARIBE SOL,9672862.5,8221933.12,1450929.38,85.0,15.0,Cubierta (85.0% Contratos / 15.0% Bolsa),324.8067,27060000.0,26840000.0,2684000.0,334.8672,26620000.0,2706000.0,8.96e-06,0.0,238.48,238.48,219.4,6.8815,10.67,3464.82,16.41,15.1,-1.31,1.31,8.0
2025-12-01,HISTORICO,SOUC,CNIOR,CUNDINAMARCA,EEC - CUNDINAMARCA,9672862.5,8221933.12,1450929.38,85.0,15.0,Cubierta (85.0% Contratos / 15.0% Bolsa),324.8067,11070000.0,10980000.0,1098000.0,334.8672,10890000.0,1107000.0,8.96e-06,0.0,97.56,97.56,89.76,6.8815,4.36,1417.43,6.71,6.18,-0.54,0.54,8.0
2025-12-01,HISTORICO,SOUC,CNIOR,SANTANDER,ESSA - SANTANDER,9672862.5,8221933.12,1450929.38,85.0,15.0,Cubierta (85.0% Contratos / 15.0% Bolsa),324.8067,17220000.0,17080000.0,1708000.0,334.8672,16940000.0,1722000.0,8.96e-06,0.0,151.76,151.76,139.62,6.8815,6.79,2204.88,10.44,9.61,-0.84,0.84,8.0
2025-12-01,HISTORICO,SOUC,CNIOR,TOLIMA,ELET - TOLIMA,9672862.5,8221933.12,1450929.38,85.0,15.0,Cubierta (85.0% Contratos / 15.0% Bolsa),324.8067,9225000.0,9150000.0,915000.0,334.8672,9075000.0,922500.0,8.96e-06,0.0,81.3,81.3,74.8,6.8815,3.64,1181.19,5.59,5.15,-0.45,0.45,8.0
2025-12-01,HISTORICO,SOUC,CNIOR,VALLE,CVC - VALLE DEL CAUCA,9672862.5,8221933.12,1450929.38,85.0,15.0,Cubierta (85.0% Contratos / 15.0% Bolsa),324.8067,22140000.0,21960000.0,2196000.0,334.8672,21780000.0,2214000.0,8.96e-06,0.0,195.12,195.12,179.51,6.8815,8.73,2834.85,13.43,12.35,-1.07,1.07,8.0
2026-01-01,HISTORICO,SOUC,CNIOR,ANTIOQUIA,EPM - ANTIOQUIA,9728775.0,8269458.75,1459316.25,85.0,15.0,Cubierta (85.0% Contratos / 15.0% Bolsa),326.4163,31000000.0,30750000.0,3075000.0,324.8067,30500000.0,3100000.0,9.24e-06,0.0,281.71,281.71,259.17,6.8815,12.6,4113.08,19.39,17.83,-1.55,1.55,8.0
2026-01-01,HISTORICO,SOUC,CNIOR,BOGOTA,ENEL - BOGOTA CUNDINAMARCA,9728775.0,8269458.75,1459316.25,85.0,15.0,Cubierta (85.0% Contratos / 15.0% Bolsa),326.4163,43400000.0,43050000.0,4305000.0,324.8067,42700000.0,4340000.0,9.24e-06,0.0,394.39,394.39,362.84,6.8815,17.64,5758.31,27.14,24.97,-2.17,2.17,8.0
2026-01-01,HISTORICO,SOUC,CNIOR,CARIBE_MAR,AFINIA - CARIBE MAR,9728775.0,8269458.75,1459316.25,85.0,15.0,Cubierta (85.0% Contratos / 15.0% Bolsa),326.4163,34720000.0,34440000.0,3444000.0,324.8067,34160000.0,3472000.0,9.24e-06,0.0,315.51,315.51,290.27,6.8815,14.11,4606.65,21.71,19.98,-1.74,1.74,8.0
2026-01-01,HISTORICO,SOUC,CNIOR,CARIBE_SOL,AIR-E - CARIBE SOL,9728775.0,8269458.75,1459316.25,85.0,15.0,Cubierta (85.0% Contratos / 15.0% Bolsa),326.4163,27280000.0,27060000.0,2706000.0,324.8067,26840000.0,2728000.0,9.24e-06,0.0,247.9,247.9,228.07,6.8815,11.09,3619.51,17.06,15.69,-1.36,1.36,8.0
2026-01-01,HISTORICO,SOUC,CNIOR,CUNDINAMARCA,EEC - CUNDINAMARCA,9728775.0,8269458.75,1459316.25,85.0,15.0,Cubierta (85.0% Contratos / 15.0% Bolsa),326.4163,11160000.0,11070000.0,1107000.0,324.8067,10980000.0,1116000.0,9.24e-06,0.0,101.41,101.41,93.3,6.8815,4.54,1480.71,6.98,6.42,-0.56,0.56,8.0
2026-01-01,HISTORICO,SOUC,CNIOR,SANTANDER,ESSA - SANTANDER,9728775.0,8269458.75,1459316.25,85.0,15.0,Cubierta (85.0% Contratos / 15.0% Bolsa),326.4163,17360000.0,17220000.0,1722000.0,324.8067,17080000.0,1736000.0,9.24e-06,0.0,157.76,157.76,145.13,6.8815,7.06,2303.32,10.86,9.99,-0.87,0.87,8.0
2026-01-01,HISTORICO,SOUC,CNIOR,TOLIMA,ELET - TOLIMA,9728775.0,8269458.75,1459316.25,85.0,15.0,Cubierta (85.0% Contratos / 15.0% Bolsa),326.4163,9300000.0,9225000.0,922500.0,324.8067,9150000.0,930000.0,9.24e-06,0.0,84.51,84.51,77.75,6.8815,3.78,1233.92,5.82,5.35,-0.47,0.47,8.0
2026-01-01,HISTORICO,SOUC,CNIOR,VALLE,CVC - VALLE DEL CAUCA,9728775.0,8269458.75,1459316.25,85.0,15.0,Cubierta (85.0% Contratos / 15.0% Bolsa),326.4163,22320000.0,22140000.0,2214000.0,324.8067,21960000.0,2232000.0,9.24e-06,0.0,202.83,202.83,186.6,6.8815,9.07,2961.42,13.96,12.84,-1.12,1.12,8.0
2026-02-01,HISTORICO,SOUC,CNIOR,ANTIOQUIA,EPM - ANTIOQUIA,9784687.5,8316984.38,1467703.13,85.0,15.0,Cubierta (85.0% Contratos / 15.0% Bolsa),340.5147,31250000.0,31000000.0,3100000.0,326.4163,30750000.0,3125000.0,9.19e-06,0.0,282.61,282.61,260.01,6.8815,12.64,4304.57,19.45,17.89,-1.56,1.56,8.0
2026-02-01,HISTORICO,SOUC,CNIOR,BOGOTA,ENEL - BOGOTA CUNDINAMARCA,9784687.5,8316984.38,1467703.13,85.0,15.0,Cubierta (85.0% Contratos / 15.0% Bolsa),340.5147,43750000.0,43400000.0,4340000.0,326.4163,43050000.0,4375000.0,9.19e-06,0.0,395.66,395.66,364.01,6.8815,17.7,6026.39,27.23,25.05,-2.18,2.18,8.0
2026-02-01,HISTORICO,SOUC,CNIOR,CARIBE_MAR,AFINIA - CARIBE MAR,9784687.5,8316984.38,1467703.13,85.0,15.0,Cubierta (85.0% Contratos / 15.0% Bolsa),340.5147,35000000.0,34720000.0,3472000.0,326.4163,34440000.0,3500000.0,9.19e-06,0.0,316.53,316.53,291.21,6.8815,14.16,4821.11,21.78,20.04,-1.74,1.74,8.0
2026-02-01,HISTORICO,SOUC,CNIOR,CARIBE_SOL,AIR-E - CARIBE SOL,9784687.5,8316984.38,1467703.13,85.0,15.0,Cubierta (85.0% Contratos / 15.0% Bolsa),340.5147,27500000.0,27280000.0,2728000.0,326.4163,27060000.0,2750000.0,9.19e-06,0.0,248.7,248.7,228.8,6.8815,11.12,3788.02,17.11,15.75,-1.37,1.37,8.0
2026-02-01,HISTORICO,SOUC,CNIOR,CUNDINAMARCA,EEC - CUNDINAMARCA,9784687.5,8316984.38,1467703.13,85.0,15.0,Cubierta (85.0% Contratos / 15.0% Bolsa),340.5147,11250000.0,11160000.0,1116000.0,326.4163,11070000.0,1125000.0,9.19e-06,0.0,101.74,101.74,93.6,6.8815,4.55,1549.64,7.0,6.44,-0.56,0.56,8.0
2026-02-01,HISTORICO,SOUC,CNIOR,SANTANDER,ESSA - SANTANDER,9784687.5,8316984.38,1467703.13,85.0,15.0,Cubierta (85.0% Contratos / 15.0% Bolsa),340.5147,17500000.0,17360000.0,1736000.0,326.4163,17220000.0,1750000.0,9.19e-06,0.0,158.26,158.26,145.6,6.8815,7.08,2410.56,10.89,10.02,-0.87,0.87,8.0
2026-02-01,HISTORICO,SOUC,CNIOR,TOLIMA,ELET - TOLIMA,9784687.5,8316984.38,1467703.13,85.0,15.0,Cubierta (85.0% Contratos / 15.0% Bolsa),340.5147,9375000.0,9300000.0,930000.0,326.4163,9225000.0,937500.0,9.19e-06,0.0,84.78,84.78,78.0,6.8815,3.79,1291.37,5.83,5.37,-0.47,0.47,8.0
2026-02-01,HISTORICO,SOUC,CNIOR,VALLE,CVC - VALLE DEL CAUCA,9784687.5,8316984.38,1467703.13,85.0,15.0,Cubierta (85.0% Contratos / 15.0% Bolsa),340.5147,22500000.0,22320000.0,2232000.0,326.4163,22140000.0,2250000.0,9.19e-06,0.0,203.48,203.48,187.2,6.8815,9.1,3099.29,14.0,12.88,-1.12,1.12,8.0
2026-03-01,HISTORICO,SOUC,CNIOR,ANTIOQUIA,EPM - ANTIOQUIA,9840600.0,8364510.0,1476090.0,85.0,15.0,Cubierta (85.0% Contratos / 15.0% Bolsa),356.4384,31500000.0,31250000.0,3125000.0,340.5147,31000000.0,3150000.0,8.81e-06,0.0,273.12,273.12,251.27,6.8815,12.22,4354.42,18.79,17.29,-1.5,1.5,8.0
2026-03-01,HISTORICO,SOUC,CNIOR,BOGOTA,ENEL - BOGOTA CUNDINAMARCA,9840600.0,8364510.0,1476090.0,85.0,15.0,Cubierta (85.0% Contratos / 15.0% Bolsa),356.4384,44100000.0,43750000.0,4375000.0,340.5147,43400000.0,4410000.0,8.81e-06,0.0,382.36,382.36,351.77,6.8815,17.1,6096.19,26.31,24.21,-2.1,2.1,8.0
2026-03-01,HISTORICO,SOUC,CNIOR,CARIBE_MAR,AFINIA - CARIBE MAR,9840600.0,8364510.0,1476090.0,85.0,15.0,Cubierta (85.0% Contratos / 15.0% Bolsa),356.4384,35280000.0,35000000.0,3500000.0,340.5147,34720000.0,3528000.0,8.81e-06,0.0,305.89,305.89,281.42,6.8815,13.68,4876.95,21.05,19.37,-1.68,1.68,8.0
2026-03-01,HISTORICO,SOUC,CNIOR,CARIBE_SOL,AIR-E - CARIBE SOL,9840600.0,8364510.0,1476090.0,85.0,15.0,Cubierta (85.0% Contratos / 15.0% Bolsa),356.4384,27720000.0,27500000.0,2750000.0,340.5147,27280000.0,2772000.0,8.81e-06,0.0,240.34,240.34,221.11,6.8815,10.75,3831.89,16.54,15.22,-1.32,1.32,8.0
2026-03-01,HISTORICO,SOUC,CNIOR,CUNDINAMARCA,EEC - CUNDINAMARCA,9840600.0,8364510.0,1476090.0,85.0,15.0,Cubierta (85.0% Contratos / 15.0% Bolsa),356.4384,11340000.0,11250000.0,1125000.0,340.5147,11160000.0,1134000.0,8.81e-06,0.0,98.32,98.32,90.46,6.8815,4.4,1567.59,6.77,6.22,-0.54,0.54,8.0
2026-03-01,HISTORICO,SOUC,CNIOR,SANTANDER,ESSA - SANTANDER,9840600.0,8364510.0,1476090.0,85.0,15.0,Cubierta (85.0% Contratos / 15.0% Bolsa),356.4384,17640000.0,17500000.0,1750000.0,340.5147,17360000.0,1764000.0,8.81e-06,0.0,152.94,152.94,140.71,6.8815,6.84,2438.48,10.52,9.68,-0.84,0.84,8.0
2026-03-01,HISTORICO,SOUC,CNIOR,TOLIMA,ELET - TOLIMA,9840600.0,8364510.0,1476090.0,85.0,15.0,Cubierta (85.0% Contratos / 15.0% Bolsa),356.4384,9450000.0,9375000.0,937500.0,340.5147,9300000.0,945000.0,8.81e-06,0.0,81.93,81.93,75.38,6.8815,3.66,1306.33,5.64,5.19,-0.45,0.45,8.0
2026-03-01,HISTORICO,SOUC,CNIOR,VALLE,CVC - VALLE DEL CAUCA,9840600.0,8364510.0,1476090.0,85.0,15.0,Cubierta (85.0% Contratos / 15.0% Bolsa),356.4384,22680000.0,22500000.0,2250000.0,340.5147,22320000.0,2268000.0,8.81e-06,0.0,196.64,196.64,180.91,6.8815,8.8,3135.18,13.53,12.45,-1.08,1.08,8.0
2026-04-01,HISTORICO,SOUC,CNIOR,ANTIOQUIA,EPM - ANTIOQUIA,9896512.5,8412035.62,1484476.88,85.0,15.0,Cubierta (85.0% Contratos / 15.0% Bolsa),361.8456,31750000.0,31500000.0,3150000.0,356.4384,31250000.0,3175000.0,8.42e-06,0.0,263.02,263.02,241.98,6.8815,11.76,4257.05,18.1,16.65,-1.45,1.45,8.0
2026-04-01,HISTORICO,SOUC,CNIOR,BOGOTA,ENEL - BOGOTA CUNDINAMARCA,9896512.5,8412035.62,1484476.88,85.0,15.0,Cubierta (85.0% Contratos / 15.0% Bolsa),361.8456,44450000.0,44100000.0,4410000.0,356.4384,43750000.0,4445000.0,8.42e-06,0.0,368.23,368.23,338.77,6.8815,16.47,5959.87,25.34,23.31,-2.03,2.03,8.0
2026-04-01,HISTORICO,SOUC,CNIOR,CARIBE_MAR,AFINIA - CARIBE MAR,9896512.5,8412035.62,1484476.88,85.0,15.0,Cubierta (85.0% Contratos / 15.0% Bolsa),361.8456,35560000.0,35280000.0,3528000.0,356.4384,35000000.0,3556000.0,8.42e-06,0.0,294.58,294.58,271.01,6.8815,13.18,4767.9,20.27,18.65,-1.62,1.62,8.0
2026-04-01,HISTORICO,SOUC,CNIOR,CARIBE_SOL,AIR-E - CARIBE SOL,9896512.5,8412035.62,1484476.88,85.0,15.0,Cubierta (85.0% Contratos / 15.0% Bolsa),361.8456,27940000.0,27720000.0,2772000.0,356.4384,27500000.0,2794000.0,8.42e-06,0.0,231.46,231.46,212.94,6.8815,10.35,3746.21,15.93,14.65,-1.27,1.27,8.0
2026-04-01,HISTORICO,SOUC,CNIOR,CUNDINAMARCA,EEC - CUNDINAMARCA,9896512.5,8412035.62,1484476.88,85.0,15.0,Cubierta (85.0% Contratos / 15.0% Bolsa),361.8456,11430000.0,11340000.0,1134000.0,356.4384,11250000.0,1143000.0,8.42e-06,0.0,94.69,94.69,87.11,6.8815,4.24,1532.54,6.52,5.99,-0.52,0.52,8.0
2026-04-01,HISTORICO,SOUC,CNIOR,SANTANDER,ESSA - SANTANDER,9896512.5,8412035.62,1484476.88,85.0,15.0,Cubierta (85.0% Contratos / 15.0% Bolsa),361.8456,17780000.0,17640000.0,1764000.0,356.4384,17500000.0,1778000.0,8.42e-06,0.0,147.29,147.29,135.51,6.8815,6.59,2383.95,10.14,9.32,-0.81,0.81,8.0
2026-04-01,HISTORICO,SOUC,CNIOR,TOLIMA,ELET - TOLIMA,9896512.5,8412035.62,1484476.88,85.0,15.0,Cubierta (85.0% Contratos / 15.0% Bolsa),361.8456,9525000.0,9450000.0,945000.0,356.4384,9375000.0,952500.0,8.42e-06,0.0,78.91,78.91,72.59,6.8815,3.53,1277.12,5.43,5.0,-0.43,0.43,8.0
2026-04-01,HISTORICO,SOUC,CNIOR,VALLE,CVC - VALLE DEL CAUCA,9896512.5,8412035.62,1484476.88,85.0,15.0,Cubierta (85.0% Contratos / 15.0% Bolsa),361.8456,22860000.0,22680000.0,2268000.0,356.4384,22500000.0,2286000.0,8.42e-06,0.0,189.37,189.37,174.22,6.8815,8.47,3065.08,13.03,11.99,-1.04,1.04,8.0
2026-05-01,HISTORICO,SOUC,CNIOR,ANTIOQUIA,EPM - ANTIOQUIA,9952425.0,8459561.25,1492863.75,85.0,15.0,Cubierta (85.0% Contratos / 15.0% Bolsa),354.0636,32000000.0,31750000.0,3175000.0,361.8456,31500000.0,3200000.0,8.29e-06,0.0,261.16,261.16,240.27,6.8815,11.68,4136.08,17.97,16.53,-1.44,1.44,8.0
2026-05-01,HISTORICO,SOUC,CNIOR,BOGOTA,ENEL - BOGOTA CUNDINAMARCA,9952425.0,8459561.25,1492863.75,85.0,15.0,Cubierta (85.0% Contratos / 15.0% Bolsa),354.0636,44800000.0,44450000.0,4445000.0,361.8456,44100000.0,4480000.0,8.29e-06,0.0,365.63,365.63,336.38,6.8815,16.35,5790.51,25.16,23.15,-2.01,2.01,8.0
2026-05-01,HISTORICO,SOUC,CNIOR,CARIBE_MAR,AFINIA - CARIBE MAR,9952425.0,8459561.25,1492863.75,85.0,15.0,Cubierta (85.0% Contratos / 15.0% Bolsa),354.0636,35840000.0,35560000.0,3556000.0,361.8456,35280000.0,3584000.0,8.29e-06,0.0,292.5,292.5,269.1,6.8815,13.08,4632.41,20.13,18.52,-1.61,1.61,8.0
2026-05-01,HISTORICO,SOUC,CNIOR,CARIBE_SOL,AIR-E - CARIBE SOL,9952425.0,8459561.25,1492863.75,85.0,15.0,Cubierta (85.0% Contratos / 15.0% Bolsa),354.0636,28160000.0,27940000.0,2794000.0,361.8456,27720000.0,2816000.0,8.29e-06,0.0,229.82,229.82,211.44,6.8815,10.28,3639.75,15.82,14.55,-1.27,1.27,8.0
2026-05-01,HISTORICO,SOUC,CNIOR,CUNDINAMARCA,EEC - CUNDINAMARCA,9952425.0,8459561.25,1492863.75,85.0,15.0,Cubierta (85.0% Contratos / 15.0% Bolsa),354.0636,11520000.0,11430000.0,1143000.0,361.8456,11340000.0,1152000.0,8.29e-06,0.0,94.02,94.02,86.5,6.8815,4.21,1488.99,6.47,5.95,-0.52,0.52,8.0
2026-05-01,HISTORICO,SOUC,CNIOR,SANTANDER,ESSA - SANTANDER,9952425.0,8459561.25,1492863.75,85.0,15.0,Cubierta (85.0% Contratos / 15.0% Bolsa),354.0636,17920000.0,17780000.0,1778000.0,361.8456,17640000.0,1792000.0,8.29e-06,0.0,146.25,146.25,134.55,6.8815,6.54,2316.2,10.06,9.26,-0.81,0.81,8.0
2026-05-01,HISTORICO,SOUC,CNIOR,TOLIMA,ELET - TOLIMA,9952425.0,8459561.25,1492863.75,85.0,15.0,Cubierta (85.0% Contratos / 15.0% Bolsa),354.0636,9600000.0,9525000.0,952500.0,361.8456,9450000.0,960000.0,8.29e-06,0.0,78.35,78.35,72.08,6.8815,3.5,1240.82,5.39,4.96,-0.43,0.43,8.0
2026-05-01,HISTORICO,SOUC,CNIOR,VALLE,CVC - VALLE DEL CAUCA,9952425.0,8459561.25,1492863.75,85.0,15.0,Cubierta (85.0% Contratos / 15.0% Bolsa),354.0636,23040000.0,22860000.0,2286000.0,361.8456,22680000.0,2304000.0,8.29e-06,0.0,188.04,188.04,172.99,6.8815,8.41,2977.98,12.94,11.9,-1.04,1.04,8.0
2026-06-01,HISTORICO,SOUC,CNIOR,ANTIOQUIA,EPM - ANTIOQUIA,10008337.5,8507086.88,1501250.63,85.0,15.0,Cubierta (85.0% Contratos / 15.0% Bolsa),342.5455,32250000.0,32000000.0,3200000.0,354.0636,31750000.0,3225000.0,8.47e-06,0.0,269.02,269.02,247.5,6.8815,12.03,4121.93,18.51,17.03,-1.48,1.48,8.0
2026-06-01,HISTORICO,SOUC,CNIOR,BOGOTA,ENEL - BOGOTA CUNDINAMARCA,10008337.5,8507086.88,1501250.63,85.0,15.0,Cubierta (85.0% Contratos / 15.0% Bolsa),342.5455,45150000.0,44800000.0,4480000.0,354.0636,44450000.0,4515000.0,8.47e-06,0.0,376.63,376.63,346.5,6.8815,16.85,5770.71,25.92,23.84,-2.07,2.07,8.0
2026-06-01,HISTORICO,SOUC,CNIOR,CARIBE_MAR,AFINIA - CARIBE MAR,10008337.5,8507086.88,1501250.63,85.0,15.0,Cubierta (85.0% Contratos / 15.0% Bolsa),342.5455,36120000.0,35840000.0,3584000.0,354.0636,35560000.0,3612000.0,8.47e-06,0.0,301.3,301.3,277.2,6.8815,13.48,4616.56,20.73,19.08,-1.66,1.66,8.0
2026-06-01,HISTORICO,SOUC,CNIOR,CARIBE_SOL,AIR-E - CARIBE SOL,10008337.5,8507086.88,1501250.63,85.0,15.0,Cubierta (85.0% Contratos / 15.0% Bolsa),342.5455,28380000.0,28160000.0,2816000.0,354.0636,27940000.0,2838000.0,8.47e-06,0.0,236.74,236.74,217.8,6.8815,10.59,3627.3,16.29,14.99,-1.3,1.3,8.0
2026-06-01,HISTORICO,SOUC,CNIOR,CUNDINAMARCA,EEC - CUNDINAMARCA,10008337.5,8507086.88,1501250.63,85.0,15.0,Cubierta (85.0% Contratos / 15.0% Bolsa),342.5455,11610000.0,11520000.0,1152000.0,354.0636,11430000.0,1161000.0,8.47e-06,0.0,96.85,96.85,89.1,6.8815,4.33,1483.9,6.66,6.13,-0.53,0.53,8.0
2026-06-01,HISTORICO,SOUC,CNIOR,SANTANDER,ESSA - SANTANDER,10008337.5,8507086.88,1501250.63,85.0,15.0,Cubierta (85.0% Contratos / 15.0% Bolsa),342.5455,18060000.0,17920000.0,1792000.0,354.0636,17780000.0,1806000.0,8.47e-06,0.0,150.65,150.65,138.6,6.8815,6.74,2308.28,10.37,9.54,-0.83,0.83,8.0
2026-06-01,HISTORICO,SOUC,CNIOR,TOLIMA,ELET - TOLIMA,10008337.5,8507086.88,1501250.63,85.0,15.0,Cubierta (85.0% Contratos / 15.0% Bolsa),342.5455,9675000.0,9600000.0,960000.0,354.0636,9525000.0,967500.0,8.47e-06,0.0,80.71,80.71,74.25,6.8815,3.61,1236.58,5.55,5.11,-0.44,0.44,8.0
2026-06-01,HISTORICO,SOUC,CNIOR,VALLE,CVC - VALLE DEL CAUCA,10008337.5,8507086.88,1501250.63,85.0,15.0,Cubierta (85.0% Contratos / 15.0% Bolsa),342.5455,23220000.0,23040000.0,2304000.0,354.0636,22860000.0,2322000.0,8.47e-06,0.0,193.69,193.69,178.2,6.8815,8.66,2967.79,13.33,12.26,-1.07,1.07,8.0
2026-07-01,HISTORICO,SOUC,CNIOR,ANTIOQUIA,EPM - ANTIOQUIA,10064250.0,8554612.5,1509637.5,85.0,15.0,Cubierta (85.0% Contratos / 15.0% Bolsa),340.1795,32500000.0,32250000.0,3225000.0,342.5455,32000000.0,3250000.0,8.76e-06,0.0,280.25,280.25,257.83,6.8815,12.54,4264.42,19.29,17.74,-1.54,1.54,8.0
2026-07-01,HISTORICO,SOUC,CNIOR,BOGOTA,ENEL - BOGOTA CUNDINAMARCA,10064250.0,8554612.5,1509637.5,85.0,15.0,Cubierta (85.0% Contratos / 15.0% Bolsa),340.1795,45500000.0,45150000.0,4515000.0,342.5455,44800000.0,4550000.0,8.76e-06,0.0,392.36,392.36,360.97,6.8815,17.55,5970.19,27.0,24.84,-2.16,2.16,8.0
2026-07-01,HISTORICO,SOUC,CNIOR,CARIBE_MAR,AFINIA - CARIBE MAR,10064250.0,8554612.5,1509637.5,85.0,15.0,Cubierta (85.0% Contratos / 15.0% Bolsa),340.1795,36400000.0,36120000.0,3612000.0,342.5455,35840000.0,3640000.0,8.76e-06,0.0,313.89,313.89,288.77,6.8815,14.04,4776.15,21.6,19.87,-1.73,1.73,8.0
2026-07-01,HISTORICO,SOUC,CNIOR,CARIBE_SOL,AIR-E - CARIBE SOL,10064250.0,8554612.5,1509637.5,85.0,15.0,Cubierta (85.0% Contratos / 15.0% Bolsa),340.1795,28600000.0,28380000.0,2838000.0,342.5455,28160000.0,2860000.0,8.76e-06,0.0,246.62,246.62,226.89,6.8815,11.03,3752.69,16.97,15.61,-1.36,1.36,8.0
2026-07-01,HISTORICO,SOUC,CNIOR,CUNDINAMARCA,EEC - CUNDINAMARCA,10064250.0,8554612.5,1509637.5,85.0,15.0,Cubierta (85.0% Contratos / 15.0% Bolsa),340.1795,11700000.0,11610000.0,1161000.0,342.5455,11520000.0,1170000.0,8.76e-06,0.0,100.89,100.89,92.82,6.8815,4.51,1535.19,6.94,6.39,-0.56,0.56,8.0
2026-07-01,HISTORICO,SOUC,CNIOR,SANTANDER,ESSA - SANTANDER,10064250.0,8554612.5,1509637.5,85.0,15.0,Cubierta (85.0% Contratos / 15.0% Bolsa),340.1795,18200000.0,18060000.0,1806000.0,342.5455,17920000.0,1820000.0,8.76e-06,0.0,156.94,156.94,144.39,6.8815,7.02,2388.08,10.8,9.94,-0.86,0.86,8.0
2026-07-01,HISTORICO,SOUC,CNIOR,TOLIMA,ELET - TOLIMA,10064250.0,8554612.5,1509637.5,85.0,15.0,Cubierta (85.0% Contratos / 15.0% Bolsa),340.1795,9750000.0,9675000.0,967500.0,342.5455,9600000.0,975000.0,8.76e-06,0.0,84.08,84.08,77.35,6.8815,3.76,1279.33,5.79,5.32,-0.46,0.46,8.0
2026-07-01,HISTORICO,SOUC,CNIOR,VALLE,CVC - VALLE DEL CAUCA,10064250.0,8554612.5,1509637.5,85.0,15.0,Cubierta (85.0% Contratos / 15.0% Bolsa),340.1795,23400000.0,23220000.0,2322000.0,342.5455,23040000.0,2340000.0,8.76e-06,0.0,201.78,201.78,185.64,6.8815,9.03,3070.38,13.89,12.77,-1.11,1.11,8.0
2026-08-01,HISTORICO,SOUC,CNIOR,ANTIOQUIA,EPM - ANTIOQUIA,10120162.5,8602138.12,1518024.38,85.0,15.0,Cubierta (85.0% Contratos / 15.0% Bolsa),351.4394,32750000.0,32500000.0,3250000.0,340.1795,32250000.0,3275000.0,8.82e-06,0.0,284.41,284.41,261.66,6.8815,12.72,4470.87,19.57,18.01,-1.57,1.57,8.0
2026-08-01,FORECAST,SOUC,CNIOR,ANTIOQUIA,EPM - ANTIOQUIA,1504059.78,1278450.82,225608.97,85.0,15.0,Cubierta (85.0% Contratos / 15.0% Bolsa),363.9117,111406411.34,109178283.11,10917828.31,360.2726,106950154.89,11140641.13,1.05e-05,0.0,225608.97,126310144.12,116205332.59,0.3277,4512.18,1642031.87,2526202.88,2324106.65,-202096.23,202096.23,8.0
2026-08-01,HISTORICO,SOUC,CNIOR,BOGOTA,ENEL - BOGOTA CUNDINAMARCA,10120162.5,8602138.12,1518024.38,85.0,15.0,Cubierta (85.0% Contratos / 15.0% Bolsa),351.4394,45850000.0,45500000.0,4550000.0,340.1795,45150000.0,4585000.0,8.82e-06,0.0,398.17,398.17,366.32,6.8815,17.81,6259.22,27.4,25.21,-2.19,2.19,8.0
2026-08-01,FORECAST,SOUC,CNIOR,BOGOTA,ENEL - BOGOTA CUNDINAMARCA,1504059.78,1278450.82,225608.97,85.0,15.0,Cubierta (85.0% Contratos / 15.0% Bolsa),363.9117,154915914.87,151817596.57,15181759.66,360.2726,148719278.28,15491591.49,1.05e-05,0.0,225608.97,126310144.12,116205332.59,0.3277,4512.18,1642031.87,2526202.88,2324106.65,-202096.23,202096.23,8.0
2026-08-01,HISTORICO,SOUC,CNIOR,CARIBE_MAR,AFINIA - CARIBE MAR,10120162.5,8602138.12,1518024.38,85.0,15.0,Cubierta (85.0% Contratos / 15.0% Bolsa),351.4394,36680000.0,36400000.0,3640000.0,340.1795,36120000.0,3668000.0,8.82e-06,0.0,318.54,318.54,293.05,6.8815,14.25,5007.38,21.92,20.17,-1.75,1.75,8.0
2026-08-01,FORECAST,SOUC,CNIOR,CARIBE_MAR,AFINIA - CARIBE MAR,1504059.78,1278450.82,225608.97,85.0,15.0,Cubierta (85.0% Contratos / 15.0% Bolsa),363.9117,124945867.76,122446950.4,12244695.04,360.2726,119948033.05,12494586.78,1.05e-05,0.0,225608.97,126310144.12,116205332.59,0.3277,4512.18,1642031.87,2526202.88,2324106.65,-202096.23,202096.23,8.0
2026-08-01,HISTORICO,SOUC,CNIOR,CARIBE_SOL,AIR-E - CARIBE SOL,10120162.5,8602138.12,1518024.38,85.0,15.0,Cubierta (85.0% Contratos / 15.0% Bolsa),351.4394,28820000.0,28600000.0,2860000.0,340.1795,28380000.0,2882000.0,8.82e-06,0.0,250.28,250.28,230.26,6.8815,11.2,3934.37,17.22,15.85,-1.38,1.38,8.0
2026-08-01,FORECAST,SOUC,CNIOR,CARIBE_SOL,AIR-E - CARIBE SOL,1504059.78,1278450.82,225608.97,85.0,15.0,Cubierta (85.0% Contratos / 15.0% Bolsa),363.9117,97914973.07,95956673.61,9595667.36,360.2726,93998374.15,9791497.31,1.05e-05,0.0,225608.97,126310144.12,116205332.59,0.3277,4512.18,1642031.87,2526202.88,2324106.65,-202096.23,202096.23,8.0
2026-08-01,HISTORICO,SOUC,CNIOR,CUNDINAMARCA,EEC - CUNDINAMARCA,10120162.5,8602138.12,1518024.38,85.0,15.0,Cubierta (85.0% Contratos / 15.0% Bolsa),351.4394,11790000.0,11700000.0,1170000.0,340.1795,11610000.0,1179000.0,8.82e-06,0.0,102.39,102.39,94.2,6.8815,4.58,1609.51,7.05,6.48,-0.56,0.56,8.0
2026-08-01,FORECAST,SOUC,CNIOR,CUNDINAMARCA,EEC - CUNDINAMARCA,1504059.78,1278450.82,225608.97,85.0,15.0,Cubierta (85.0% Contratos / 15.0% Bolsa),363.9117,40398590.53,39590618.72,3959061.87,360.2726,38782646.91,4039859.05,1.05e-05,0.0,225608.97,126310144.12,116205332.59,0.3277,4512.18,1642031.87,2526202.88,2324106.65,-202096.23,202096.23,8.0
2026-08-01,HISTORICO,SOUC,CNIOR,SANTANDER,ESSA - SANTANDER,10120162.5,8602138.12,1518024.38,85.0,15.0,Cubierta (85.0% Contratos / 15.0% Bolsa),351.4394,18340000.0,18200000.0,1820000.0,340.1795,18060000.0,1834000.0,8.82e-06,0.0,159.27,159.27,146.53,6.8815,7.12,2503.69,10.96,10.08,-0.88,0.88,8.0
2026-08-01,FORECAST,SOUC,CNIOR,SANTANDER,ESSA - SANTANDER,1504059.78,1278450.82,225608.97,85.0,15.0,Cubierta (85.0% Contratos / 15.0% Bolsa),363.9117,62369676.47,61122282.94,6112228.29,360.2726,59874889.41,6236967.65,1.05e-05,0.0,225608.97,126310144.12,116205332.59,0.3277,4512.18,1642031.87,2526202.88,2324106.65,-202096.23,202096.23,8.0
2026-08-01,HISTORICO,SOUC,CNIOR,TOLIMA,ELET - TOLIMA,10120162.5,8602138.12,1518024.38,85.0,15.0,Cubierta (85.0% Contratos / 15.0% Bolsa),351.4394,9825000.0,9750000.0,975000.0,340.1795,9675000.0,982500.0,8.82e-06,0.0,85.32,85.32,78.5,6.8815,3.82,1341.26,5.87,5.4,-0.47,0.47,8.0
2026-08-01,FORECAST,SOUC,CNIOR,TOLIMA,ELET - TOLIMA,1504059.78,1278450.82,225608.97,85.0,15.0,Cubierta (85.0% Contratos / 15.0% Bolsa),363.9117,33502030.07,32831989.47,3283198.95,360.2726,32161948.87,3350203.01,1.05e-05,0.0,225608.97,126310144.12,116205332.59,0.3277,4512.18,1642031.87,2526202.88,2324106.65,-202096.23,202096.23,8.0
2026-08-01,HISTORICO,SOUC,CNIOR,VALLE,CVC - VALLE DEL CAUCA,10120162.5,8602138.12,1518024.38,85.0,15.0,Cubierta (85.0% Contratos / 15.0% Bolsa),351.4394,23580000.0,23400000.0,2340000.0,340.1795,23220000.0,2358000.0,8.82e-06,0.0,204.77,204.77,188.39,6.8815,9.16,3219.03,14.09,12.96,-1.13,1.13,8.0
2026-08-01,FORECAST,SOUC,CNIOR,VALLE,CVC - VALLE DEL CAUCA,1504059.78,1278450.82,225608.97,85.0,15.0,Cubierta (85.0% Contratos / 15.0% Bolsa),363.9117,80717326.65,79102980.12,7910298.01,360.2726,77488633.58,8071732.67,1.05e-05,0.0,225608.97,126310144.12,116205332.59,0.3277,4512.18,1642031.87,2526202.88,2324106.65,-202096.23,202096.23,8.0
2026-09-01,HISTORICO,SOUC,CNIOR,ANTIOQUIA,EPM - ANTIOQUIA,10176075.0,8649663.75,1526411.25,85.0,15.0,Cubierta (85.0% Contratos / 15.0% Bolsa),368.2714,33000000.0,32750000.0,3275000.0,351.4394,32500000.0,3300000.0,8.54e-06,0.0,277.43,277.43,255.24,6.8815,12.41,4570.05,19.09,17.56,-1.53,1.53,8.0
2026-09-01,FORECAST,SOUC,CNIOR,ANTIOQUIA,EPM - ANTIOQUIA,12250867.7,10413237.54,1837630.15,85.0,15.0,Cubierta (85.0% Contratos / 15.0% Bolsa),366.3732,873436860.01,855968122.81,85596812.28,362.7095,838499385.61,87343686.0,1.05e-05,0.0,1837630.15,1035744214.24,952884677.1,0.3401,36752.6,13464674.79,20714884.28,19057693.54,-1657190.74,1657190.74,8.0
2026-09-01,HISTORICO,SOUC,CNIOR,BOGOTA,ENEL - BOGOTA CUNDINAMARCA,10176075.0,8649663.75,1526411.25,85.0,15.0,Cubierta (85.0% Contratos / 15.0% Bolsa),368.2714,46200000.0,45850000.0,4585000.0,351.4394,45500000.0,4620000.0,8.54e-06,0.0,388.4,388.4,357.33,6.8815,17.37,6398.07,26.73,24.59,-2.14,2.14,8.0
2026-09-01,FORECAST,SOUC,CNIOR,BOGOTA,ENEL - BOGOTA CUNDINAMARCA,12250867.7,10413237.54,1837630.15,85.0,15.0,Cubierta (85.0% Contratos / 15.0% Bolsa),366.3732,1224191489.06,1199707659.28,119970765.93,362.7095,1175223829.5,122419148.91,1.05e-05,0.0,1837630.15,1035744214.24,952884677.1,0.3401,36752.6,13464674.79,20714884.28,19057693.54,-1657190.74,1657190.74,8.0
2026-09-01,HISTORICO,SOUC,CNIOR,CARIBE_MAR,AFINIA - CARIBE MAR,10176075.0,8649663.75,1526411.25,85.0,15.0,Cubierta (85.0% Contratos / 15.0% Bolsa),368.2714,36960000.0,36680000.0,3668000.0,351.4394,36400000.0,3696000.0,8.54e-06,0.0,310.72,310.72,285.86,6.8815,13.9,5118.46,21.38,19.67,-1.71,1.71,8.0
2026-09-01,FORECAST,SOUC,CNIOR,CARIBE_MAR,AFINIA - CARIBE MAR,12250867.7,10413237.54,1837630.15,85.0,15.0,Cubierta (85.0% Contratos / 15.0% Bolsa),366.3732,978475354.19,958905847.11,95890584.71,362.7095,939336340.02,97847535.42,1.05e-05,0.0,1837630.15,1035744214.24,952884677.1,0.3401,36752.6,13464674.79,20714884.28,19057693.54,-1657190.74,1657190.74,8.0
2026-09-01,HISTORICO,SOUC,CNIOR,CARIBE_SOL,AIR-E - CARIBE SOL,10176075.0,8649663.75,1526411.25,85.0,15.0,Cubierta (85.0% Contratos / 15.0% Bolsa),368.2714,29040000.0,28820000.0,2882000.0,351.4394,28600000.0,2904000.0,8.54e-06,0.0,244.14,244.14,224.61,6.8815,10.92,4021.64,16.8,15.46,-1.34,1.34,8.0
2026-09-01,FORECAST,SOUC,CNIOR,CARIBE_SOL,AIR-E - CARIBE SOL,12250867.7,10413237.54,1837630.15,85.0,15.0,Cubierta (85.0% Contratos / 15.0% Bolsa),366.3732,770814479.2,755398189.62,75539818.96,362.7095,739981900.03,77081447.92,1.05e-05,0.0,1837630.15,1035744214.24,952884677.1,0.3401,36752.6,13464674.79,20714884.28,19057693.54,-1657190.74,1657190.74,8.0
2026-09-01,HISTORICO,SOUC,CNIOR,CUNDINAMARCA,EEC - CUNDINAMARCA,10176075.0,8649663.75,1526411.25,85.0,15.0,Cubierta (85.0% Contratos / 15.0% Bolsa),368.2714,11880000.0,11790000.0,1179000.0,351.4394,11700000.0,1188000.0,8.54e-06,0.0,99.87,99.87,91.88,6.8815,4.47,1645.22,6.87,6.32,-0.55,0.55,8.0
2026-09-01,FORECAST,SOUC,CNIOR,CUNDINAMARCA,EEC - CUNDINAMARCA,12250867.7,10413237.54,1837630.15,85.0,15.0,Cubierta (85.0% Contratos / 15.0% Bolsa),366.3732,314385438.07,308097729.31,30809772.93,362.7095,301810020.55,31438543.81,1.05e-05,0.0,1837630.15,1035744214.24,952884677.1,0.3401,36752.6,13464674.79,20714884.28,19057693.54,-1657190.74,1657190.74,8.0
2026-09-01,HISTORICO,SOUC,CNIOR,SANTANDER,ESSA - SANTANDER,10176075.0,8649663.75,1526411.25,85.0,15.0,Cubierta (85.0% Contratos / 15.0% Bolsa),368.2714,18480000.0,18340000.0,1834000.0,351.4394,18200000.0,1848000.0,8.54e-06,0.0,155.36,155.36,142.93,6.8815,6.95,2559.23,10.69,9.84,-0.86,0.86,8.0
2026-09-01,FORECAST,SOUC,CNIOR,SANTANDER,ESSA - SANTANDER,12250867.7,10413237.54,1837630.15,85.0,15.0,Cubierta (85.0% Contratos / 15.0% Bolsa),366.3732,489576620.28,479785087.87,47978508.79,362.7095,469993555.47,48957662.03,1.05e-05,0.0,1837630.15,1035744214.24,952884677.1,0.3401,36752.6,13464674.79,20714884.28,19057693.54,-1657190.74,1657190.74,8.0
2026-09-01,HISTORICO,SOUC,CNIOR,TOLIMA,ELET - TOLIMA,10176075.0,8649663.75,1526411.25,85.0,15.0,Cubierta (85.0% Contratos / 15.0% Bolsa),368.2714,9900000.0,9825000.0,982500.0,351.4394,9750000.0,990000.0,8.54e-06,0.0,83.23,83.23,76.57,6.8815,3.72,1371.02,5.73,5.27,-0.46,0.46,8.0
2026-09-01,FORECAST,SOUC,CNIOR,TOLIMA,ELET - TOLIMA,12250867.7,10413237.54,1837630.15,85.0,15.0,Cubierta (85.0% Contratos / 15.0% Bolsa),366.3732,262099575.66,256857584.15,25685758.41,362.7095,251615592.63,26209957.57,1.05e-05,0.0,1837630.15,1035744214.24,952884677.1,0.3401,36752.6,13464674.79,20714884.28,19057693.54,-1657190.74,1657190.74,8.0
2026-09-01,HISTORICO,SOUC,CNIOR,VALLE,CVC - VALLE DEL CAUCA,10176075.0,8649663.75,1526411.25,85.0,15.0,Cubierta (85.0% Contratos / 15.0% Bolsa),368.2714,23760000.0,23580000.0,2358000.0,351.4394,23400000.0,2376000.0,8.54e-06,0.0,199.75,199.75,183.77,6.8815,8.93,3290.44,13.75,12.65,-1.1,1.1,8.0
2026-09-01,FORECAST,SOUC,CNIOR,VALLE,CVC - VALLE DEL CAUCA,12250867.7,10413237.54,1837630.15,85.0,15.0,Cubierta (85.0% Contratos / 15.0% Bolsa),366.3732,628871643.09,616294210.23,61629421.02,362.7095,603716777.37,62887164.31,1.05e-05,0.0,1837630.15,1035744214.24,952884677.1,0.3401,36752.6,13464674.79,20714884.28,19057693.54,-1657190.74,1657190.74,8.0
2026-10-01,HISTORICO,SOUC,CNIOR,ANTIOQUIA,EPM - ANTIOQUIA,10231987.5,8697189.38,1534798.13,85.0,15.0,Cubierta (85.0% Contratos / 15.0% Bolsa),377.4987,33250000.0,33000000.0,3300000.0,368.2714,32750000.0,3325000.0,8.15e-06,0.0,266.79,266.79,245.44,6.8815,11.93,4504.84,18.36,16.89,-1.47,1.47,8.0
2026-10-01,FORECAST,SOUC,CNIOR,ANTIOQUIA,EPM - ANTIOQUIA,12675674.88,10774323.65,1901351.23,85.0,15.0,Cubierta (85.0% Contratos / 15.0% Bolsa),371.1472,909445002.11,891256102.07,89125610.21,367.4357,873067202.03,90944500.21,1.05e-05,0.0,1901351.23,1085714886.55,998857695.62,0.3389,38027.02,14114293.53,21714297.73,19977153.91,-1737143.82,1737143.82,8.0
2026-10-01,HISTORICO,SOUC,CNIOR,BOGOTA,ENEL - BOGOTA CUNDINAMARCA,10231987.5,8697189.38,1534798.13,85.0,15.0,Cubierta (85.0% Contratos / 15.0% Bolsa),377.4987,46550000.0,46200000.0,4620000.0,368.2714,45850000.0,4655000.0,8.15e-06,0.0,373.5,373.5,343.62,6.8815,16.71,6306.77,25.7,23.65,-2.06,2.06,8.0
2026-10-01,FORECAST,SOUC,CNIOR,BOGOTA,ENEL - BOGOTA CUNDINAMARCA,12675674.88,10774323.65,1901351.23,85.0,15.0,Cubierta (85.0% Contratos / 15.0% Bolsa),371.1472,1269102220.31,1243720175.9,124372017.59,367.4357,1218338131.5,126910222.03,1.05e-05,0.0,1901351.23,1085714886.55,998857695.62,0.3389,38027.02,14114293.53,21714297.73,19977153.91,-1737143.82,1737143.82,8.0
2026-10-01,HISTORICO,SOUC,CNIOR,CARIBE_MAR,AFINIA - CARIBE MAR,10231987.5,8697189.38,1534798.13,85.0,15.0,Cubierta (85.0% Contratos / 15.0% Bolsa),377.4987,37240000.0,36960000.0,3696000.0,368.2714,36680000.0,3724000.0,8.15e-06,0.0,298.8,298.8,274.9,6.8815,13.37,5045.42,20.56,18.92,-1.64,1.64,8.0
2026-10-01,FORECAST,SOUC,CNIOR,CARIBE_MAR,AFINIA - CARIBE MAR,12675674.88,10774323.65,1901351.23,85.0,15.0,Cubierta (85.0% Contratos / 15.0% Bolsa),371.1472,1016674199.97,996340715.97,99634071.6,367.4357,976007231.97,101667420.0,1.05e-05,0.0,1901351.23,1085714886.55,998857695.62,0.3389,38027.02,14114293.53,21714297.73,19977153.91,-1737143.82,1737143.82,8.0
2026-10-01,HISTORICO,SOUC,CNIOR,CARIBE_SOL,AIR-E - CARIBE SOL,10231987.5,8697189.38,1534798.13,85.0,15.0,Cubierta (85.0% Contratos / 15.0% Bolsa),377.4987,29260000.0,29040000.0,2904000.0,368.2714,28820000.0,2926000.0,8.15e-06,0.0,234.77,234.77,215.99,6.8815,10.5,3964.26,16.16,14.86,-1.29,1.29,8.0
2026-10-01,FORECAST,SOUC,CNIOR,CARIBE_SOL,AIR-E - CARIBE SOL,12675674.88,10774323.65,1901351.23,85.0,15.0,Cubierta (85.0% Contratos / 15.0% Bolsa),371.1472,799430124.03,783441521.55,78344152.15,367.4357,767452919.07,79943012.4,1.05e-05,0.0,1901351.23,1085714886.55,998857695.62,0.3389,38027.02,14114293.53,21714297.73,19977153.91,-1737143.82,1737143.82,8.0
2026-10-01,HISTORICO,SOUC,CNIOR,CUNDINAMARCA,EEC - CUNDINAMARCA,10231987.5,8697189.38,1534798.13,85.0,15.0,Cubierta (85.0% Contratos / 15.0% Bolsa),377.4987,11970000.0,11880000.0,1188000.0,368.2714,11790000.0,1197000.0,8.15e-06,0.0,96.04,96.04,88.36,6.8815,4.3,1621.74,6.61,6.08,-0.53,0.53,8.0
2026-10-01,FORECAST,SOUC,CNIOR,CUNDINAMARCA,EEC - CUNDINAMARCA,12675674.88,10774323.65,1901351.23,85.0,15.0,Cubierta (85.0% Contratos / 15.0% Bolsa),371.1472,326871213.26,320333788.99,32033378.9,367.4357,313796364.73,32687121.33,1.05e-05,0.0,1901351.23,1085714886.55,998857695.62,0.3389,38027.02,14114293.53,21714297.73,19977153.91,-1737143.82,1737143.82,8.0
2026-10-01,HISTORICO,SOUC,CNIOR,SANTANDER,ESSA - SANTANDER,10231987.5,8697189.38,1534798.13,85.0,15.0,Cubierta (85.0% Contratos / 15.0% Bolsa),377.4987,18620000.0,18480000.0,1848000.0,368.2714,18340000.0,1862000.0,8.15e-06,0.0,149.4,149.4,137.45,6.8815,6.68,2522.71,10.28,9.46,-0.82,0.82,8.0
2026-10-01,FORECAST,SOUC,CNIOR,SANTANDER,ESSA - SANTANDER,12675674.88,10774323.65,1901351.23,85.0,15.0,Cubierta (85.0% Contratos / 15.0% Bolsa),371.1472,508588544.52,498416773.63,49841677.36,367.4357,488245002.74,50858854.45,1.05e-05,0.0,1901351.23,1085714886.55,998857695.62,0.3389,38027.02,14114293.53,21714297.73,19977153.91,-1737143.82,1737143.82,8.0
2026-10-01,HISTORICO,SOUC,CNIOR,TOLIMA,ELET - TOLIMA,10231987.5,8697189.38,1534798.13,85.0,15.0,Cubierta (85.0% Contratos / 15.0% Bolsa),377.4987,9975000.0,9900000.0,990000.0,368.2714,9825000.0,997500.0,8.15e-06,0.0,80.04,80.04,73.63,6.8815,3.58,1351.45,5.51,5.07,-0.44,0.44,8.0
2026-10-01,FORECAST,SOUC,CNIOR,TOLIMA,ELET - TOLIMA,12675674.88,10774323.65,1901351.23,85.0,15.0,Cubierta (85.0% Contratos / 15.0% Bolsa),371.1472,271872330.99,266434884.37,26643488.44,367.4357,260997437.75,27187233.1,1.05e-05,0.0,1901351.23,1085714886.55,998857695.62,0.3389,38027.02,14114293.53,21714297.73,19977153.91,-1737143.82,1737143.82,8.0
2026-10-01,HISTORICO,SOUC,CNIOR,VALLE,CVC - VALLE DEL CAUCA,10231987.5,8697189.38,1534798.13,85.0,15.0,Cubierta (85.0% Contratos / 15.0% Bolsa),377.4987,23940000.0,23760000.0,2376000.0,368.2714,23580000.0,2394000.0,8.15e-06,0.0,192.09,192.09,176.72,6.8815,8.59,3243.48,13.22,12.16,-1.06,1.06,8.0
2026-10-01,FORECAST,SOUC,CNIOR,VALLE,CVC - VALLE DEL CAUCA,12675674.88,10774323.65,1901351.23,85.0,15.0,Cubierta (85.0% Contratos / 15.0% Bolsa),371.1472,652560160.18,639508956.98,63950895.7,367.4357,626457753.77,65256016.02,1.05e-05,0.0,1901351.23,1085714886.55,998857695.62,0.3389,38027.02,14114293.53,21714297.73,19977153.91,-1737143.82,1737143.82,8.0
2026-11-01,HISTORICO,SOUC,CNIOR,ANTIOQUIA,EPM - ANTIOQUIA,10287900.0,8744715.0,1543185.0,85.0,15.0,Cubierta (85.0% Contratos / 15.0% Bolsa),372.9362,33500000.0,33250000.0,3325000.0,377.4987,33000000.0,3350000.0,7.95e-06,0.0,262.25,262.25,241.27,6.8815,11.73,4374.75,18.05,16.6,-1.44,1.44,8.0
2026-11-01,FORECAST,SOUC,CNIOR,ANTIOQUIA,EPM - ANTIOQUIA,12341909.75,10490623.29,1851286.46,85.0,15.0,Cubierta (85.0% Contratos / 15.0% Bolsa),373.3027,885209313.56,867505127.29,86750512.73,369.5696,849800941.02,88520931.36,1.05e-05,0.0,1851286.46,1063140065.84,978088860.57,0.3384,37025.73,13820820.86,21262801.32,19561777.21,-1701024.11,1701024.11,8.0
2026-11-01,HISTORICO,SOUC,CNIOR,BOGOTA,ENEL - BOGOTA CUNDINAMARCA,10287900.0,8744715.0,1543185.0,85.0,15.0,Cubierta (85.0% Contratos / 15.0% Bolsa),372.9362,46900000.0,46550000.0,4655000.0,377.4987,46200000.0,4690000.0,7.95e-06,0.0,367.15,367.15,337.78,6.8815,16.42,6124.65,25.27,23.24,-2.02,2.02,8.0
2026-11-01,FORECAST,SOUC,CNIOR,BOGOTA,ENEL - BOGOTA CUNDINAMARCA,12341909.75,10490623.29,1851286.46,85.0,15.0,Cubierta (85.0% Contratos / 15.0% Bolsa),373.3027,1240499502.49,1215689512.44,121568951.24,369.5696,1190879522.39,124049950.25,1.05e-05,0.0,1851286.46,1063140065.84,978088860.57,0.3384,37025.73,13820820.86,21262801.32,19561777.21,-1701024.11,1701024.11,8.0
2026-11-01,HISTORICO,SOUC,CNIOR,CARIBE_MAR,AFINIA - CARIBE MAR,10287900.0,8744715.0,1543185.0,85.0,15.0,Cubierta (85.0% Contratos / 15.0% Bolsa),372.9362,37520000.0,37240000.0,3724000.0,377.4987,36960000.0,3752000.0,7.95e-06,0.0,293.72,293.72,270.23,6.8815,13.14,4899.72,20.21,18.6,-1.62,1.62,8.0
2026-11-01,FORECAST,SOUC,CNIOR,CARIBE_MAR,AFINIA - CARIBE MAR,12341909.75,10490623.29,1851286.46,85.0,15.0,Cubierta (85.0% Contratos / 15.0% Bolsa),373.3027,992472618.99,972623166.61,97262316.66,369.5696,952773714.23,99247261.9,1.05e-05,0.0,1851286.46,1063140065.84,978088860.57,0.3384,37025.73,13820820.86,21262801.32,19561777.21,-1701024.11,1701024.11,8.0
2026-11-01,HISTORICO,SOUC,CNIOR,CARIBE_SOL,AIR-E - CARIBE SOL,10287900.0,8744715.0,1543185.0,85.0,15.0,Cubierta (85.0% Contratos / 15.0% Bolsa),372.9362,29480000.0,29260000.0,2926000.0,377.4987,29040000.0,2948000.0,7.95e-06,0.0,230.78,230.78,212.32,6.8815,10.32,3849.78,15.88,14.61,-1.27,1.27,8.0
2026-11-01,FORECAST,SOUC,CNIOR,CARIBE_SOL,AIR-E - CARIBE SOL,12341909.75,10490623.29,1851286.46,85.0,15.0,Cubierta (85.0% Contratos / 15.0% Bolsa),373.3027,777667404.05,762114055.97,76211405.6,369.5696,746560707.89,77766740.41,1.05e-05,0.0,1851286.46,1063140065.84,978088860.57,0.3384,37025.73,13820820.86,21262801.32,19561777.21,-1701024.11,1701024.11,8.0
2026-11-01,HISTORICO,SOUC,CNIOR,CUNDINAMARCA,EEC - CUNDINAMARCA,10287900.0,8744715.0,1543185.0,85.0,15.0,Cubierta (85.0% Contratos / 15.0% Bolsa),372.9362,12060000.0,11970000.0,1197000.0,377.4987,11880000.0,1206000.0,7.95e-06,0.0,94.41,94.41,86.86,6.8815,4.22,1574.91,6.5,5.98,-0.52,0.52,8.0
2026-11-01,FORECAST,SOUC,CNIOR,CUNDINAMARCA,EEC - CUNDINAMARCA,12341909.75,10490623.29,1851286.46,85.0,15.0,Cubierta (85.0% Contratos / 15.0% Bolsa),373.3027,319158266.81,312775101.47,31277510.15,369.5696,306391936.14,31915826.68,1.05e-05,0.0,1851286.46,1063140065.84,978088860.57,0.3384,37025.73,13820820.86,21262801.32,19561777.21,-1701024.11,1701024.11,8.0
2026-11-01,HISTORICO,SOUC,CNIOR,SANTANDER,ESSA - SANTANDER,10287900.0,8744715.0,1543185.0,85.0,15.0,Cubierta (85.0% Contratos / 15.0% Bolsa),372.9362,18760000.0,18620000.0,1862000.0,377.4987,18480000.0,1876000.0,7.95e-06,0.0,146.86,146.86,135.11,6.8815,6.57,2449.86,10.11,9.3,-0.81,0.81,8.0
2026-11-01,FORECAST,SOUC,CNIOR,SANTANDER,ESSA - SANTANDER,12341909.75,10490623.29,1851286.46,85.0,15.0,Cubierta (85.0% Contratos / 15.0% Bolsa),373.3027,495109637.27,485207444.52,48520744.45,369.5696,475305251.78,49510963.73,1.05e-05,0.0,1851286.46,1063140065.84,978088860.57,0.3384,37025.73,13820820.86,21262801.32,19561777.21,-1701024.11,1701024.11,8.0
2026-11-01,HISTORICO,SOUC,CNIOR,TOLIMA,ELET - TOLIMA,10287900.0,8744715.0,1543185.0,85.0,15.0,Cubierta (85.0% Contratos / 15.0% Bolsa),372.9362,10050000.0,9975000.0,997500.0,377.4987,9900000.0,1005000.0,7.95e-06,0.0,78.68,78.68,72.38,6.8815,3.52,1312.42,5.41,4.98,-0.43,0.43,8.0
2026-11-01,FORECAST,SOUC,CNIOR,TOLIMA,ELET - TOLIMA,12341909.75,10490623.29,1851286.46,85.0,15.0,Cubierta (85.0% Contratos / 15.0% Bolsa),373.3027,265191655.64,259887822.53,25988782.25,369.5696,254583989.41,26519165.56,1.05e-05,0.0,1851286.46,1063140065.84,978088860.57,0.3384,37025.73,13820820.86,21262801.32,19561777.21,-1701024.11,1701024.11,8.0
2026-11-01,HISTORICO,SOUC,CNIOR,VALLE,CVC - VALLE DEL CAUCA,10287900.0,8744715.0,1543185.0,85.0,15.0,Cubierta (85.0% Contratos / 15.0% Bolsa),372.9362,24120000.0,23940000.0,2394000.0,377.4987,23760000.0,2412000.0,7.95e-06,0.0,188.82,188.82,173.72,6.8815,8.45,3149.82,12.99,11.95,-1.04,1.04,8.0
2026-11-01,FORECAST,SOUC,CNIOR,VALLE,CVC - VALLE DEL CAUCA,12341909.75,10490623.29,1851286.46,85.0,15.0,Cubierta (85.0% Contratos / 15.0% Bolsa),373.3027,636174088.34,623450606.57,62345060.66,369.5696,610727124.81,63617408.83,1.05e-05,0.0,1851286.46,1063140065.84,978088860.57,0.3384,37025.73,13820820.86,21262801.32,19561777.21,-1701024.11,1701024.11,8.0
2026-12-01,HISTORICO,SOUC,CNIOR,ANTIOQUIA,EPM - ANTIOQUIA,10343812.5,8792240.62,1551571.88,85.0,15.0,Cubierta (85.0% Contratos / 15.0% Bolsa),361.0773,33750000.0,33500000.0,3350000.0,372.9362,33250000.0,3375000.0,8.04e-06,0.0,267.47,267.47,246.07,6.8815,11.96,4319.94,18.41,16.93,-1.47,1.47,8.0
2026-12-01,FORECAST,SOUC,CNIOR,ANTIOQUIA,EPM - ANTIOQUIA,13010001.99,11058501.69,1951500.3,85.0,15.0,Cubierta (85.0% Contratos / 15.0% Bolsa),379.3378,926361753.91,907834518.83,90783451.88,375.5444,889307283.75,92636175.39,1.05e-05,0.0,1951500.3,1138872387.5,1047762596.5,0.3405,39030.01,14805341.04,22777447.75,20955251.93,-1822195.82,1822195.82,8.0
2026-12-01,HISTORICO,SOUC,CNIOR,BOGOTA,ENEL - BOGOTA CUNDINAMARCA,10343812.5,8792240.62,1551571.88,85.0,15.0,Cubierta (85.0% Contratos / 15.0% Bolsa),361.0773,47250000.0,46900000.0,4690000.0,372.9362,46550000.0,4725000.0,8.04e-06,0.0,374.46,374.46,344.5,6.8815,16.75,6047.91,25.77,23.71,-2.06,2.06,8.0
2026-12-01,FORECAST,SOUC,CNIOR,BOGOTA,ENEL - BOGOTA CUNDINAMARCA,13010001.99,11058501.69,1951500.3,85.0,15.0,Cubierta (85.0% Contratos / 15.0% Bolsa),379.3378,1301143146.63,1275120283.7,127512028.37,375.5444,1249097420.76,130114314.66,1.05e-05,0.0,1951500.3,1138872387.5,1047762596.5,0.3405,39030.01,14805341.04,22777447.75,20955251.93,-1822195.82,1822195.82,8.0
2026-12-01,HISTORICO,SOUC,CNIOR,CARIBE_MAR,AFINIA - CARIBE MAR,10343812.5,8792240.62,1551571.88,85.0,15.0,Cubierta (85.0% Contratos / 15.0% Bolsa),361.0773,37800000.0,37520000.0,3752000.0,372.9362,37240000.0,3780000.0,8.04e-06,0.0,299.57,299.57,275.6,6.8815,13.4,4838.33,20.61,18.97,-1.65,1.65,8.0
2026-12-01,FORECAST,SOUC,CNIOR,CARIBE_MAR,AFINIA - CARIBE MAR,13010001.99,11058501.69,1951500.3,85.0,15.0,Cubierta (85.0% Contratos / 15.0% Bolsa),379.3378,1035899413.81,1015181425.53,101518142.55,375.5444,994463437.26,103589941.38,1.05e-05,0.0,1951500.3,1138872387.5,1047762596.5,0.3405,39030.01,14805341.04,22777447.75,20955251.93,-1822195.82,1822195.82,8.0
2026-12-01,HISTORICO,SOUC,CNIOR,CARIBE_SOL,AIR-E - CARIBE SOL,10343812.5,8792240.62,1551571.88,85.0,15.0,Cubierta (85.0% Contratos / 15.0% Bolsa),361.0773,29700000.0,29480000.0,2948000.0,372.9362,29260000.0,2970000.0,8.04e-06,0.0,235.38,235.38,216.55,6.8815,10.53,3801.54,16.2,14.9,-1.3,1.3,8.0
2026-12-01,FORECAST,SOUC,CNIOR,CARIBE_SOL,AIR-E - CARIBE SOL,13010001.99,11058501.69,1951500.3,85.0,15.0,Cubierta (85.0% Contratos / 15.0% Bolsa),379.3378,815900995.34,799582975.43,79958297.54,375.5444,783264955.53,81590099.53,1.05e-05,0.0,1951500.3,1138872387.5,1047762596.5,0.3405,39030.01,14805341.04,22777447.75,20955251.93,-1822195.82,1822195.82,8.0
2026-12-01,HISTORICO,SOUC,CNIOR,CUNDINAMARCA,EEC - CUNDINAMARCA,10343812.5,8792240.62,1551571.88,85.0,15.0,Cubierta (85.0% Contratos / 15.0% Bolsa),361.0773,12150000.0,12060000.0,1206000.0,372.9362,11970000.0,1215000.0,8.04e-06,0.0,96.29,96.29,88.59,6.8815,4.31,1555.18,6.63,6.1,-0.53,0.53,8.0
2026-12-01,FORECAST,SOUC,CNIOR,CUNDINAMARCA,EEC - CUNDINAMARCA,13010001.99,11058501.69,1951500.3,85.0,15.0,Cubierta (85.0% Contratos / 15.0% Bolsa),379.3378,334020405.27,327339997.16,32733999.72,375.5444,320659589.06,33402040.53,1.05e-05,0.0,1951500.3,1138872387.5,1047762596.5,0.3405,39030.01,14805341.04,22777447.75,20955251.93,-1822195.82,1822195.82,8.0
2026-12-01,HISTORICO,SOUC,CNIOR,SANTANDER,ESSA - SANTANDER,10343812.5,8792240.62,1551571.88,85.0,15.0,Cubierta (85.0% Contratos / 15.0% Bolsa),361.0773,18900000.0,18760000.0,1876000.0,372.9362,18620000.0,1890000.0,8.04e-06,0.0,149.78,149.78,137.8,6.8815,6.7,2419.16,10.31,9.48,-0.82,0.82,8.0
2026-12-01,FORECAST,SOUC,CNIOR,SANTANDER,ESSA - SANTANDER,13010001.99,11058501.69,1951500.3,85.0,15.0,Cubierta (85.0% Contratos / 15.0% Bolsa),379.3378,518230933.47,507866314.8,50786631.48,375.5444,497501696.13,51823093.35,1.05e-05,0.0,1951500.3,1138872387.5,1047762596.5,0.3405,39030.01,14805341.04,22777447.75,20955251.93,-1822195.82,1822195.82,8.0
2026-12-01,HISTORICO,SOUC,CNIOR,TOLIMA,ELET - TOLIMA,10343812.5,8792240.62,1551571.88,85.0,15.0,Cubierta (85.0% Contratos / 15.0% Bolsa),361.0773,10125000.0,10050000.0,1005000.0,372.9362,9975000.0,1012500.0,8.04e-06,0.0,80.24,80.24,73.82,6.8815,3.59,1295.98,5.52,5.08,-0.44,0.44,8.0
2026-12-01,FORECAST,SOUC,CNIOR,TOLIMA,ELET - TOLIMA,13010001.99,11058501.69,1951500.3,85.0,15.0,Cubierta (85.0% Contratos / 15.0% Bolsa),379.3378,277851250.83,272294225.81,27229422.58,375.5444,266737200.8,27785125.08,1.05e-05,0.0,1951500.3,1138872387.5,1047762596.5,0.3405,39030.01,14805341.04,22777447.75,20955251.93,-1822195.82,1822195.82,8.0
2026-12-01,HISTORICO,SOUC,CNIOR,VALLE,CVC - VALLE DEL CAUCA,10343812.5,8792240.62,1551571.88,85.0,15.0,Cubierta (85.0% Contratos / 15.0% Bolsa),361.0773,24300000.0,24120000.0,2412000.0,372.9362,23940000.0,2430000.0,8.04e-06,0.0,192.58,192.58,177.17,6.8815,8.61,3110.35,13.25,12.19,-1.06,1.06,8.0
2026-12-01,FORECAST,SOUC,CNIOR,VALLE,CVC - VALLE DEL CAUCA,13010001.99,11058501.69,1951500.3,85.0,15.0,Cubierta (85.0% Contratos / 15.0% Bolsa),379.3378,668357302.01,654990155.97,65499015.6,375.5444,641623009.93,66835730.2,1.05e-05,0.0,1951500.3,1138872387.5,1047762596.5,0.3405,39030.01,14805341.04,22777447.75,20955251.93,-1822195.82,1822195.82,8.0
2027-01-01,HISTORICO,SOUC,CNIOR,ANTIOQUIA,EPM - ANTIOQUIA,10399725.0,8839766.25,1559958.75,85.0,15.0,Cubierta (85.0% Contratos / 15.0% Bolsa),355.1233,34000000.0,33750000.0,3375000.0,361.0773,33500000.0,3400000.0,8.31e-06,0.0,278.33,278.33,256.07,6.8815,12.45,4421.24,19.15,17.62,-1.53,1.53,8.0
2027-01-01,FORECAST,SOUC,CNIOR,ANTIOQUIA,EPM - ANTIOQUIA,12872030.85,10941226.22,1930804.63,85.0,15.0,Cubierta (85.0% Contratos / 15.0% Bolsa),385.388,925065362.3,906564055.05,90656405.51,381.5341,888062747.81,92506536.23,1.05e-05,0.0,1930804.63,1144905022.99,1053312621.15,0.3372,38616.09,14883765.3,22898100.46,21066252.42,-1831848.04,1831848.04,8.0
2027-01-01,HISTORICO,SOUC,CNIOR,BOGOTA,ENEL - BOGOTA CUNDINAMARCA,10399725.0,8839766.25,1559958.75,85.0,15.0,Cubierta (85.0% Contratos / 15.0% Bolsa),355.1233,47600000.0,47250000.0,4725000.0,361.0773,46900000.0,4760000.0,8.31e-06,0.0,389.67,389.67,358.49,6.8815,17.43,6189.73,26.82,24.67,-2.15,2.15,8.0
2027-01-01,FORECAST,SOUC,CNIOR,BOGOTA,ENEL - BOGOTA CUNDINAMARCA,12872030.85,10941226.22,1930804.63,85.0,15.0,Cubierta (85.0% Contratos / 15.0% Bolsa),385.388,1295035372.38,1269134664.93,126913466.49,381.5341,1243233957.48,129503537.24,1.05e-05,0.0,1930804.63,1144905022.99,1053312621.15,0.3372,38616.09,14883765.3,22898100.46,21066252.42,-1831848.04,1831848.04,8.0
2027-01-01,HISTORICO,SOUC,CNIOR,CARIBE_MAR,AFINIA - CARIBE MAR,10399725.0,8839766.25,1559958.75,85.0,15.0,Cubierta (85.0% Contratos / 15.0% Bolsa),355.1233,38080000.0,37800000.0,3780000.0,361.0773,37520000.0,3808000.0,8.31e-06,0.0,311.73,311.73,286.8,6.8815,13.94,4951.79,21.45,19.74,-1.72,1.72,8.0
2027-01-01,FORECAST,SOUC,CNIOR,CARIBE_MAR,AFINIA - CARIBE MAR,12872030.85,10941226.22,1930804.63,85.0,15.0,Cubierta (85.0% Contratos / 15.0% Bolsa),385.388,1037229221.03,1016484636.61,101648463.66,381.5341,995740052.19,103722922.1,1.05e-05,0.0,1930804.63,1144905022.99,1053312621.15,0.3372,38616.09,14883765.3,22898100.46,21066252.42,-1831848.04,1831848.04,8.0
2027-01-01,HISTORICO,SOUC,CNIOR,CARIBE_SOL,AIR-E - CARIBE SOL,10399725.0,8839766.25,1559958.75,85.0,15.0,Cubierta (85.0% Contratos / 15.0% Bolsa),355.1233,29920000.0,29700000.0,2970000.0,361.0773,29480000.0,2992000.0,8.31e-06,0.0,244.93,244.93,225.34,6.8815,10.96,3890.69,16.86,15.51,-1.35,1.35,8.0
2027-01-01,FORECAST,SOUC,CNIOR,CARIBE_SOL,AIR-E - CARIBE SOL,12872030.85,10941226.22,1930804.63,85.0,15.0,Cubierta (85.0% Contratos / 15.0% Bolsa),385.388,815364677.6,799057384.05,79905738.4,381.5341,782750090.5,81536467.76,1.05e-05,0.0,1930804.63,1144905022.99,1053312621.15,0.3372,38616.09,14883765.3,22898100.46,21066252.42,-1831848.04,1831848.04,8.0
2027-01-01,HISTORICO,SOUC,CNIOR,CUNDINAMARCA,EEC - CUNDINAMARCA,10399725.0,8839766.25,1559958.75,85.0,15.0,Cubierta (85.0% Contratos / 15.0% Bolsa),355.1233,12240000.0,12150000.0,1215000.0,361.0773,12060000.0,1224000.0,8.31e-06,0.0,100.2,100.2,92.18,6.8815,4.48,1591.65,6.9,6.34,-0.55,0.55,8.0
2027-01-01,FORECAST,SOUC,CNIOR,CUNDINAMARCA,EEC - CUNDINAMARCA,12872030.85,10941226.22,1930804.63,85.0,15.0,Cubierta (85.0% Contratos / 15.0% Bolsa),385.388,333601387.98,326929360.22,32692936.02,381.5341,320257332.46,33360138.8,1.05e-05,0.0,1930804.63,1144905022.99,1053312621.15,0.3372,38616.09,14883765.3,22898100.46,21066252.42,-1831848.04,1831848.04,8.0
2027-01-01,HISTORICO,SOUC,CNIOR,SANTANDER,ESSA - SANTANDER,10399725.0,8839766.25,1559958.75,85.0,15.0,Cubierta (85.0% Contratos / 15.0% Bolsa),355.1233,19040000.0,18900000.0,1890000.0,361.0773,18760000.0,1904000.0,8.31e-06,0.0,155.87,155.87,143.4,6.8815,6.97,2475.89,10.73,9.87,-0.86,0.86,8.0
2027-01-01,FORECAST,SOUC,CNIOR,SANTANDER,ESSA - SANTANDER,12872030.85,10941226.22,1930804.63,85.0,15.0,Cubierta (85.0% Contratos / 15.0% Bolsa),385.388,520696023.33,510282102.86,51028210.29,381.5341,499868182.4,52069602.33,1.05e-05,0.0,1930804.63,1144905022.99,1053312621.15,0.3372,38616.09,14883765.3,22898100.46,21066252.42,-1831848.04,1831848.04,8.0
2027-01-01,HISTORICO,SOUC,CNIOR,TOLIMA,ELET - TOLIMA,10399725.0,8839766.25,1559958.75,85.0,15.0,Cubierta (85.0% Contratos / 15.0% Bolsa),355.1233,10200000.0,10125000.0,1012500.0,361.0773,10050000.0,1020000.0,8.31e-06,0.0,83.5,83.5,76.82,6.8815,3.73,1326.37,5.75,5.29,-0.46,0.46,8.0
2027-01-01,FORECAST,SOUC,CNIOR,TOLIMA,ELET - TOLIMA,12872030.85,10941226.22,1930804.63,85.0,15.0,Cubierta (85.0% Contratos / 15.0% Bolsa),385.388,278888627.28,273310854.73,27331085.47,381.5341,267733082.19,27888862.73,1.05e-05,0.0,1930804.63,1144905022.99,1053312621.15,0.3372,38616.09,14883765.3,22898100.46,21066252.42,-1831848.04,1831848.04,8.0
2027-01-01,HISTORICO,SOUC,CNIOR,VALLE,CVC - VALLE DEL CAUCA,10399725.0,8839766.25,1559958.75,85.0,15.0,Cubierta (85.0% Contratos / 15.0% Bolsa),355.1233,24480000.0,24300000.0,2430000.0,361.0773,24120000.0,2448000.0,8.31e-06,0.0,200.4,200.4,184.37,6.8815,8.96,3183.29,13.79,12.69,-1.1,1.1,8.0
2027-01-01,FORECAST,SOUC,CNIOR,VALLE,CVC - VALLE DEL CAUCA,12872030.85,10941226.22,1930804.63,85.0,15.0,Cubierta (85.0% Contratos / 15.0% Bolsa),385.388,666827434.71,653490886.02,65349088.6,381.5341,640154337.32,66682743.47,1.05e-05,0.0,1930804.63,1144905022.99,1053312621.15,0.3372,38616.09,14883765.3,22898100.46,21066252.42,-1831848.04,1831848.04,8.0
2027-02-01,HISTORICO,SOUC,CNIOR,ANTIOQUIA,EPM - ANTIOQUIA,10455637.5,8887291.88,1568345.63,85.0,15.0,Cubierta (85.0% Contratos / 15.0% Bolsa),362.8469,34250000.0,34000000.0,3400000.0,355.1233,33750000.0,3425000.0,8.45e-06,0.0,285.11,285.11,262.3,6.8815,12.75,4627.41,19.62,18.05,-1.57,1.57,8.0
2027-02-01,FORECAST,SOUC,CNIOR,ANTIOQUIA,EPM - ANTIOQUIA,11869303.41,10088907.9,1780395.51,85.0,15.0,Cubierta (85.0% Contratos / 15.0% Bolsa),387.1475,848315282.13,831348976.49,83134897.65,383.2761,814382670.84,84831528.21,1.05e-05,0.0,1780395.51,1060222003.77,975404243.46,0.3391,35607.91,13782886.05,21204440.08,19508084.87,-1696355.21,1696355.21,8.0
2027-02-01,HISTORICO,SOUC,CNIOR,BOGOTA,ENEL - BOGOTA CUNDINAMARCA,10455637.5,8887291.88,1568345.63,85.0,15.0,Cubierta (85.0% Contratos / 15.0% Bolsa),362.8469,47950000.0,47600000.0,4760000.0,355.1233,47250000.0,4795000.0,8.45e-06,0.0,399.16,399.16,367.22,6.8815,17.85,6478.38,27.47,25.27,-2.2,2.2,8.0
2027-02-01,FORECAST,SOUC,CNIOR,BOGOTA,ENEL - BOGOTA CUNDINAMARCA,11869303.41,10088907.9,1780395.51,85.0,15.0,Cubierta (85.0% Contratos / 15.0% Bolsa),387.1475,1189189465.28,1165405675.97,116540567.6,383.2761,1141621886.67,118918946.53,1.05e-05,0.0,1780395.51,1060222003.77,975404243.46,0.3391,35607.91,13782886.05,21204440.08,19508084.87,-1696355.21,1696355.21,8.0
2027-02-01,HISTORICO,SOUC,CNIOR,CARIBE_MAR,AFINIA - CARIBE MAR,10455637.5,8887291.88,1568345.63,85.0,15.0,Cubierta (85.0% Contratos / 15.0% Bolsa),362.8469,38360000.0,38080000.0,3808000.0,355.1233,37800000.0,3836000.0,8.45e-06,0.0,319.33,319.33,293.78,6.8815,14.28,5182.7,21.97,20.22,-1.76,1.76,8.0
2027-02-01,FORECAST,SOUC,CNIOR,CARIBE_MAR,AFINIA - CARIBE MAR,11869303.41,10088907.9,1780395.51,85.0,15.0,Cubierta (85.0% Contratos / 15.0% Bolsa),387.1475,952532138.31,933481495.54,93348149.55,383.2761,914430852.78,95253213.83,1.05e-05,0.0,1780395.51,1060222003.77,975404243.46,0.3391,35607.91,13782886.05,21204440.08,19508084.87,-1696355.21,1696355.21,8.0
2027-02-01,HISTORICO,SOUC,CNIOR,CARIBE_SOL,AIR-E - CARIBE SOL,10455637.5,8887291.88,1568345.63,85.0,15.0,Cubierta (85.0% Contratos / 15.0% Bolsa),362.8469,30140000.0,29920000.0,2992000.0,355.1233,29700000.0,3014000.0,8.45e-06,0.0,250.9,250.9,230.83,6.8815,11.22,4072.12,17.27,15.88,-1.38,1.38,8.0
2027-02-01,FORECAST,SOUC,CNIOR,CARIBE_SOL,AIR-E - CARIBE SOL,11869303.41,10088907.9,1780395.51,85.0,15.0,Cubierta (85.0% Contratos / 15.0% Bolsa),387.1475,746373671.82,731446198.38,73144619.84,383.2761,716518724.95,74637367.18,1.05e-05,0.0,1780395.51,1060222003.77,975404243.46,0.3391,35607.91,13782886.05,21204440.08,19508084.87,-1696355.21,1696355.21,8.0
2027-02-01,HISTORICO,SOUC,CNIOR,CUNDINAMARCA,EEC - CUNDINAMARCA,10455637.5,8887291.88,1568345.63,85.0,15.0,Cubierta (85.0% Contratos / 15.0% Bolsa),362.8469,12330000.0,12240000.0,1224000.0,355.1233,12150000.0,1233000.0,8.45e-06,0.0,102.64,102.64,94.43,6.8815,4.59,1665.87,7.06,6.5,-0.57,0.57,8.0
2027-02-01,FORECAST,SOUC,CNIOR,CUNDINAMARCA,EEC - CUNDINAMARCA,11869303.41,10088907.9,1780395.51,85.0,15.0,Cubierta (85.0% Contratos / 15.0% Bolsa),387.1475,304893093.12,298795231.26,29879523.13,383.2761,292697369.4,30489309.31,1.05e-05,0.0,1780395.51,1060222003.77,975404243.46,0.3391,35607.91,13782886.05,21204440.08,19508084.87,-1696355.21,1696355.21,8.0
2027-02-01,HISTORICO,SOUC,CNIOR,SANTANDER,ESSA - SANTANDER,10455637.5,8887291.88,1568345.63,85.0,15.0,Cubierta (85.0% Contratos / 15.0% Bolsa),362.8469,19180000.0,19040000.0,1904000.0,355.1233,18900000.0,1918000.0,8.45e-06,0.0,159.66,159.66,146.89,6.8815,7.14,2591.35,10.99,10.11,-0.88,0.88,8.0
2027-02-01,FORECAST,SOUC,CNIOR,SANTANDER,ESSA - SANTANDER,11869303.41,10088907.9,1780395.51,85.0,15.0,Cubierta (85.0% Contratos / 15.0% Bolsa),387.1475,475939038.64,466420257.87,46642025.79,383.2761,456901477.09,47593903.86,1.05e-05,0.0,1780395.51,1060222003.77,975404243.46,0.3391,35607.91,13782886.05,21204440.08,19508084.87,-1696355.21,1696355.21,8.0
2027-02-01,HISTORICO,SOUC,CNIOR,TOLIMA,ELET - TOLIMA,10455637.5,8887291.88,1568345.63,85.0,15.0,Cubierta (85.0% Contratos / 15.0% Bolsa),362.8469,10275000.0,10200000.0,1020000.0,355.1233,10125000.0,1027500.0,8.45e-06,0.0,85.53,85.53,78.69,6.8815,3.83,1388.22,5.89,5.42,-0.47,0.47,8.0
2027-02-01,FORECAST,SOUC,CNIOR,TOLIMA,ELET - TOLIMA,11869303.41,10088907.9,1780395.51,85.0,15.0,Cubierta (85.0% Contratos / 15.0% Bolsa),387.1475,254762945.26,249667686.35,24966768.64,383.2761,244572427.45,25476294.53,1.05e-05,0.0,1780395.51,1060222003.77,975404243.46,0.3391,35607.91,13782886.05,21204440.08,19508084.87,-1696355.21,1696355.21,8.0
2027-02-01,HISTORICO,SOUC,CNIOR,VALLE,CVC - VALLE DEL CAUCA,10455637.5,8887291.88,1568345.63,85.0,15.0,Cubierta (85.0% Contratos / 15.0% Bolsa),362.8469,24660000.0,24480000.0,2448000.0,355.1233,24300000.0,2466000.0,8.45e-06,0.0,205.28,205.28,188.86,6.8815,9.18,3331.74,14.13,13.0,-1.13,1.13,8.0
2027-02-01,FORECAST,SOUC,CNIOR,VALLE,CVC - VALLE DEL CAUCA,11869303.41,10088907.9,1780395.51,85.0,15.0,Cubierta (85.0% Contratos / 15.0% Bolsa),387.1475,612555643.28,600304530.41,60030453.04,383.2761,588053417.55,61255564.33,1.05e-05,0.0,1780395.51,1060222003.77,975404243.46,0.3391,35607.91,13782886.05,21204440.08,19508084.87,-1696355.21,1696355.21,8.0
