Fecha (Día),dia,Período (Mes),Es Pronóstico (Sí/No),Código Mercado Comercialización,Demanda Mercado Total (VR - DemaCome) [kWh],Demanda Comercial Agente (VR - DemaComeReg) [kWh],vr_total_todos_agentes_kwh,vr_total_cniors_kwh,Costo Unitario (CU - PrecPromCont) [COP/kWh],Cobertura Energía en Contratos [kWh],Exposición Energía en Bolsa Spot [kWh],Porcentaje Cobertura Contratos [%],Porcentaje Exposición Bolsa Spot [%],Estado Cobertura Demanda,Asignación Diaria PUI [kWh],Valor Diarios PUI [COP],Egreso Giro Diario al CIOR [COP],Recaudo Real Diario Agente [COP],Flujo Neto Caja Diarios [COP],Sobrecosto Diarios [COP],pct_perdida_incobrabilidad
2026-08-28,28,2026-08-01,True,ANTIOQUIA,30103403.65,439781.6825,191626005.27,124556903.43,362.8469,373814.43,65967.25,85.0,15.0,Cubierta (85.0% Contratos / 15.0% Bolsa),1319.3450475,478720.26051572774,736492.708459127,677573.2917823968,-58919.41667673015,58919.41667673015,7.999999999999999
2026-08-28,28,2026-08-01,True,BOGOTA,42419216.49,439781.6825,191626005.27,124556903.43,362.8469,373814.43,65967.25,85.0,15.0,Cubierta (85.0% Contratos / 15.0% Bolsa),1319.3450475,478720.26051572774,736492.708459127,677573.2917823968,-58919.41667673015,58919.41667673015,7.999999999999999
2026-08-28,28,2026-08-01,True,CARIBE_MAR,33802291.64,439781.6825,191626005.27,124556903.43,362.8469,373814.43,65967.25,85.0,15.0,Cubierta (85.0% Contratos / 15.0% Bolsa),1319.3450475,478720.26051572774,736492.708459127,677573.2917823968,-58919.41667673015,58919.41667673015,7.999999999999999
2026-08-28,28,2026-08-01,True,CARIBE_SOL,26596782.53,439781.6825,191626005.27,124556903.43,362.8469,373814.43,65967.25,85.0,15.0,Cubierta (85.0% Contratos / 15.0% Bolsa),1319.3450475,478720.26051572774,736492.708459127,677573.2917823968,-58919.41667673015,58919.41667673015,7.999999999999999
2026-08-28,28,2026-08-01,True,VALLE,22002581.53,439781.6825,191626005.27,124556903.43,362.8469,373814.43,65967.25,85.0,15.0,Cubierta (85.0% Contratos / 15.0% Bolsa),1319.3450475,478720.26051572774,736492.708459127,677573.2917823968,-58919.41667673015,58919.41667673015,7.999999999999999
2026-08-28,28,2026-08-01,True,SANTANDER,16926796.89,439781.6825,191626005.27,124556903.43,362.8469,373814.43,65967.25,85.0,15.0,Cubierta (85.0% Contratos / 15.0% Bolsa),1319.3450475,478720.26051572774,736492.708459127,677573.2917823968,-58919.41667673015,58919.41667673015,7.999999999999999
2026-08-28,28,2026-08-01,True,CUNDINAMARCA,10711411.0,439781.6825,191626005.27,124556903.43,362.8469,373814.43,65967.25,85.0,15.0,Cubierta (85.0% Contratos / 15.0% Bolsa),1319.3450475,478720.26051572774,736492.708459127,677573.2917823968,-58919.41667673015,58919.41667673015,7.999999999999999
2026-08-28,28,2026-08-01,True,TOLIMA,9063521.54,439781.6825,191626005.27,124556903.43,362.8469,373814.43,65967.25,85.0,15.0,Cubierta (85.0% Contratos / 15.0% Bolsa),1319.3450475,478720.26051572774,736492.708459127,677573.2917823968,-58919.41667673015,58919.41667673015,7.999999999999999
2026-08-29,29,2026-08-01,True,ANTIOQUIA,25351430.81,313080.9325,161798931.57,105169305.52,363.5664,266118.79,46962.14,85.0,15.0,Cubierta (85.0% Contratos / 15.0% Bolsa),939.2427975,341477.122613004,525349.4194071192,483321.46585454966,-42027.953552569496,42027.953552569496,7.999999999999993
2026-08-29,29,2026-08-01,True,BOGOTA,35694924.63,313080.9325,161798931.57,105169305.52,363.5664,266118.79,46962.14,85.0,15.0,Cubierta (85.0% Contratos / 15.0% Bolsa),939.2427975,341477.122613004,525349.4194071192,483321.46585454966,-42027.953552569496,42027.953552569496,7.999999999999993
2026-08-29,29,2026-08-01,True,CARIBE_MAR,28713494.24,313080.9325,161798931.57,105169305.52,363.5664,266118.79,46962.14,85.0,15.0,Cubierta (85.0% Contratos / 15.0% Bolsa),939.2427975,341477.122613004,525349.4194071192,483321.46585454966,-42027.953552569496,42027.953552569496,7.999999999999993
2026-08-29,29,2026-08-01,True,CARIBE_SOL,22704832.26,313080.9325,161798931.57,105169305.52,363.5664,266118.79,46962.14,85.0,15.0,Cubierta (85.0% Contratos / 15.0% Bolsa),939.2427975,341477.122613004,525349.4194071192,483321.46585454966,-42027.953552569496,42027.953552569496,7.999999999999993
2026-08-29,29,2026-08-01,True,VALLE,18236463.63,313080.9325,161798931.57,105169305.52,363.5664,266118.79,46962.14,85.0,15.0,Cubierta (85.0% Contratos / 15.0% Bolsa),939.2427975,341477.122613004,525349.4194071192,483321.46585454966,-42027.953552569496,42027.953552569496,7.999999999999993
2026-08-29,29,2026-08-01,True,SANTANDER,14284019.27,313080.9325,161798931.57,105169305.52,363.5664,266118.79,46962.14,85.0,15.0,Cubierta (85.0% Contratos / 15.0% Bolsa),939.2427975,341477.122613004,525349.4194071192,483321.46585454966,-42027.953552569496,42027.953552569496,7.999999999999993
2026-08-29,29,2026-08-01,True,CUNDINAMARCA,9168149.86,313080.9325,161798931.57,105169305.52,363.5664,266118.79,46962.14,85.0,15.0,Cubierta (85.0% Contratos / 15.0% Bolsa),939.2427975,341477.122613004,525349.4194071192,483321.46585454966,-42027.953552569496,42027.953552569496,7.999999999999993
2026-08-29,29,2026-08-01,True,TOLIMA,7645616.87,313080.9325,161798931.57,105169305.52,363.5664,266118.79,46962.14,85.0,15.0,Cubierta (85.0% Contratos / 15.0% Bolsa),939.2427975,341477.122613004,525349.4194071192,483321.46585454966,-42027.953552569496,42027.953552569496,7.999999999999993
2026-08-30,30,2026-08-01,True,ANTIOQUIA,25610701.11,313951.09875,162248630.10999998,105461609.57,364.2743,266858.43,47092.66,85.0,15.0,Cubierta (85.0% Contratos / 15.0% Bolsa),941.8532962500001,343092.9501941614,527835.307998525,485608.483358643,-42226.82463988196,42226.82463988196,7.999999999999993
2026-08-30,30,2026-08-01,True,BOGOTA,35939115.28,313951.09875,162248630.10999998,105461609.57,364.2743,266858.43,47092.66,85.0,15.0,Cubierta (85.0% Contratos / 15.0% Bolsa),941.8532962500001,343092.9501941614,527835.307998525,485608.483358643,-42226.82463988196,42226.82463988196,7.999999999999993
2026-08-30,30,2026-08-01,True,CARIBE_MAR,28570460.31,313951.09875,162248630.10999998,105461609.57,364.2743,266858.43,47092.66,85.0,15.0,Cubierta (85.0% Contratos / 15.0% Bolsa),941.8532962500001,343092.9501941614,527835.307998525,485608.483358643,-42226.82463988196,42226.82463988196,7.999999999999993
2026-08-30,30,2026-08-01,True,CARIBE_SOL,22779245.73,313951.09875,162248630.10999998,105461609.57,364.2743,266858.43,47092.66,85.0,15.0,Cubierta (85.0% Contratos / 15.0% Bolsa),941.8532962500001,343092.9501941614,527835.307998525,485608.483358643,-42226.82463988196,42226.82463988196,7.999999999999993
2026-08-30,30,2026-08-01,True,VALLE,18147833.28,313951.09875,162248630.10999998,105461609.57,364.2743,266858.43,47092.66,85.0,15.0,Cubierta (85.0% Contratos / 15.0% Bolsa),941.8532962500001,343092.9501941614,527835.307998525,485608.483358643,-42226.82463988196,42226.82463988196,7.999999999999993
2026-08-30,30,2026-08-01,True,SANTANDER,14324430.42,313951.09875,162248630.10999998,105461609.57,364.2743,266858.43,47092.66,85.0,15.0,Cubierta (85.0% Contratos / 15.0% Bolsa),941.8532962500001,343092.9501941614,527835.307998525,485608.483358643,-42226.82463988196,42226.82463988196,7.999999999999993
2026-08-30,30,2026-08-01,True,CUNDINAMARCA,9244657.25,313951.09875,162248630.10999998,105461609.57,364.2743,266858.43,47092.66,85.0,15.0,Cubierta (85.0% Contratos / 15.0% Bolsa),941.8532962500001,343092.9501941614,527835.307998525,485608.483358643,-42226.82463988196,42226.82463988196,7.999999999999993
2026-08-30,30,2026-08-01,True,TOLIMA,7632186.73,313951.09875,162248630.10999998,105461609.57,364.2743,266858.43,47092.66,85.0,15.0,Cubierta (85.0% Contratos / 15.0% Bolsa),941.8532962500001,343092.9501941614,527835.307998525,485608.483358643,-42226.82463988196,42226.82463988196,7.999999999999993
2026-08-31,31,2026-08-01,True,ANTIOQUIA,30769978.32,443659.23,193315568.44000003,125655119.49,364.9592,377110.35,66548.88,85.0,15.0,Cubierta (85.0% Contratos / 15.0% Bolsa),1330.97769,485752.55296024797,747311.619915054,687526.6903218497,-59784.92959320429,59784.92959320429,7.9999999999999964
2026-08-31,31,2026-08-01,True,BOGOTA,43113433.08,443659.23,193315568.44000003,125655119.49,364.9592,377110.35,66548.88,85.0,15.0,Cubierta (85.0% Contratos / 15.0% Bolsa),1330.97769,485752.55296024797,747311.619915054,687526.6903218497,-59784.92959320429,59784.92959320429,7.9999999999999964
2026-08-31,31,2026-08-01,True,CARIBE_MAR,33901700.52,443659.23,193315568.44000003,125655119.49,364.9592,377110.35,66548.88,85.0,15.0,Cubierta (85.0% Contratos / 15.0% Bolsa),1330.97769,485752.55296024797,747311.619915054,687526.6903218497,-59784.92959320429,59784.92959320429,7.9999999999999964
2026-08-31,31,2026-08-01,True,CARIBE_SOL,26630953.75,443659.23,193315568.44000003,125655119.49,364.9592,377110.35,66548.88,85.0,15.0,Cubierta (85.0% Contratos / 15.0% Bolsa),1330.97769,485752.55296024797,747311.619915054,687526.6903218497,-59784.92959320429,59784.92959320429,7.9999999999999964
2026-08-31,31,2026-08-01,True,VALLE,22156662.52,443659.23,193315568.44000003,125655119.49,364.9592,377110.35,66548.88,85.0,15.0,Cubierta (85.0% Contratos / 15.0% Bolsa),1330.97769,485752.55296024797,747311.619915054,687526.6903218497,-59784.92959320429,59784.92959320429,7.9999999999999964
2026-08-31,31,2026-08-01,True,SANTANDER,16800755.72,443659.23,193315568.44000003,125655119.49,364.9592,377110.35,66548.88,85.0,15.0,Cubierta (85.0% Contratos / 15.0% Bolsa),1330.97769,485752.55296024797,747311.619915054,687526.6903218497,-59784.92959320429,59784.92959320429,7.9999999999999964
2026-08-31,31,2026-08-01,True,CUNDINAMARCA,10921070.16,443659.23,193315568.44000003,125655119.49,364.9592,377110.35,66548.88,85.0,15.0,Cubierta (85.0% Contratos / 15.0% Bolsa),1330.97769,485752.55296024797,747311.619915054,687526.6903218497,-59784.92959320429,59784.92959320429,7.9999999999999964
2026-08-31,31,2026-08-01,True,TOLIMA,9021014.37,443659.23,193315568.44000003,125655119.49,364.9592,377110.35,66548.88,85.0,15.0,Cubierta (85.0% Contratos / 15.0% Bolsa),1330.97769,485752.55296024797,747311.619915054,687526.6903218497,-59784.92959320429,59784.92959320429,7.9999999999999964
2026-09-01,1,2026-09-01,True,ANTIOQUIA,29857369.2,438634.775,191126263.83,124232071.49,365.6102,372839.56,65795.22,85.0,15.0,Cubierta (85.0% Contratos / 15.0% Bolsa),1315.9043250000002,481108.0434441151,740166.2206802751,680952.9230258531,-59213.297654422,59213.297654422,7.999999999999999
2026-09-01,1,2026-09-01,True,BOGOTA,42105590.69,438634.775,191126263.83,124232071.49,365.6102,372839.56,65795.22,85.0,15.0,Cubierta (85.0% Contratos / 15.0% Bolsa),1315.9043250000002,481108.0434441151,740166.2206802751,680952.9230258531,-59213.297654422,59213.297654422,7.999999999999999
2026-09-01,1,2026-09-01,True,CARIBE_MAR,33725540.33,438634.775,191126263.83,124232071.49,365.6102,372839.56,65795.22,85.0,15.0,Cubierta (85.0% Contratos / 15.0% Bolsa),1315.9043250000002,481108.0434441151,740166.2206802751,680952.9230258531,-59213.297654422,59213.297654422,7.999999999999999
2026-09-01,1,2026-09-01,True,CARIBE_SOL,26569976.99,438634.775,191126263.83,124232071.49,365.6102,372839.56,65795.22,85.0,15.0,Cubierta (85.0% Contratos / 15.0% Bolsa),1315.9043250000002,481108.0434441151,740166.2206802751,680952.9230258531,-59213.297654422,59213.297654422,7.999999999999999
2026-09-01,1,2026-09-01,True,VALLE,21775586.97,438634.775,191126263.83,124232071.49,365.6102,372839.56,65795.22,85.0,15.0,Cubierta (85.0% Contratos / 15.0% Bolsa),1315.9043250000002,481108.0434441151,740166.2206802751,680952.9230258531,-59213.297654422,59213.297654422,7.999999999999999
2026-09-01,1,2026-09-01,True,SANTANDER,16977587.62,438634.775,191126263.83,124232071.49,365.6102,372839.56,65795.22,85.0,15.0,Cubierta (85.0% Contratos / 15.0% Bolsa),1315.9043250000002,481108.0434441151,740166.2206802751,680952.9230258531,-59213.297654422,59213.297654422,7.999999999999999
2026-09-01,1,2026-09-01,True,CUNDINAMARCA,10992027.19,438634.775,191126263.83,124232071.49,365.6102,372839.56,65795.22,85.0,15.0,Cubierta (85.0% Contratos / 15.0% Bolsa),1315.9043250000002,481108.0434441151,740166.2206802751,680952.9230258531,-59213.297654422,59213.297654422,7.999999999999999
2026-09-01,1,2026-09-01,True,TOLIMA,9122584.84,438634.775,191126263.83,124232071.49,365.6102,372839.56,65795.22,85.0,15.0,Cubierta (85.0% Contratos / 15.0% Bolsa),1315.9043250000002,481108.0434441151,740166.2206802751,680952.9230258531,-59213.297654422,59213.297654422,7.999999999999999
2026-09-02,2,2026-09-01,True,ANTIOQUIA,30119449.96,442744.7175,192917088.27999997,125396107.38,366.2172,376333.01,66411.71,85.0,15.0,Cubierta (85.0% Contratos / 15.0% Bolsa),1328.2341525000002,486422.1922729231,748341.8342779711,688474.4875357334,-59867.346742237685,59867.346742237685,8.0
2026-09-02,2,2026-09-01,True,BOGOTA,42300275.7,442744.7175,192917088.27999997,125396107.38,366.2172,376333.01,66411.71,85.0,15.0,Cubierta (85.0% Contratos / 15.0% Bolsa),1328.2341525000002,486422.1922729231,748341.8342779711,688474.4875357334,-59867.346742237685,59867.346742237685,8.0
2026-09-02,2,2026-09-01,True,CARIBE_MAR,34481411.19,442744.7175,192917088.27999997,125396107.38,366.2172,376333.01,66411.71,85.0,15.0,Cubierta (85.0% Contratos / 15.0% Bolsa),1328.2341525000002,486422.1922729231,748341.8342779711,688474.4875357334,-59867.346742237685,59867.346742237685,8.0
2026-09-02,2,2026-09-01,True,CARIBE_SOL,27052790.52,442744.7175,192917088.27999997,125396107.38,366.2172,376333.01,66411.71,85.0,15.0,Cubierta (85.0% Contratos / 15.0% Bolsa),1328.2341525000002,486422.1922729231,748341.8342779711,688474.4875357334,-59867.346742237685,59867.346742237685,8.0
2026-09-02,2,2026-09-01,True,VALLE,21916104.9,442744.7175,192917088.27999997,125396107.38,366.2172,376333.01,66411.71,85.0,15.0,Cubierta (85.0% Contratos / 15.0% Bolsa),1328.2341525000002,486422.1922729231,748341.8342779711,688474.4875357334,-59867.346742237685,59867.346742237685,8.0
2026-09-02,2,2026-09-01,True,SANTANDER,17001887.04,442744.7175,192917088.27999997,125396107.38,366.2172,376333.01,66411.71,85.0,15.0,Cubierta (85.0% Contratos / 15.0% Bolsa),1328.2341525000002,486422.1922729231,748341.8342779711,688474.4875357334,-59867.346742237685,59867.346742237685,8.0
2026-09-02,2,2026-09-01,True,CUNDINAMARCA,10897563.36,442744.7175,192917088.27999997,125396107.38,366.2172,376333.01,66411.71,85.0,15.0,Cubierta (85.0% Contratos / 15.0% Bolsa),1328.2341525000002,486422.1922729231,748341.8342779711,688474.4875357334,-59867.346742237685,59867.346742237685,8.0
2026-09-02,2,2026-09-01,True,TOLIMA,9147605.61,442744.7175,192917088.27999997,125396107.38,366.2172,376333.01,66411.71,85.0,15.0,Cubierta (85.0% Contratos / 15.0% Bolsa),1328.2341525000002,486422.1922729231,748341.8342779711,688474.4875357334,-59867.346742237685,59867.346742237685,8.0
2026-09-03,3,2026-09-01,True,ANTIOQUIA,30382489.86,440479.6225,191930118.91000003,124754577.29,366.7708,374407.68,66071.94,85.0,15.0,Cubierta (85.0% Contratos / 15.0% Bolsa),1321.4388675,484665.190584069,745638.754753687,685987.654373392,-59651.100380294956,59651.100380294956,8.0
2026-09-03,3,2026-09-01,True,BOGOTA,42049376.95,440479.6225,191930118.91000003,124754577.29,366.7708,374407.68,66071.94,85.0,15.0,Cubierta (85.0% Contratos / 15.0% Bolsa),1321.4388675,484665.190584069,745638.754753687,685987.654373392,-59651.100380294956,59651.100380294956,8.0
2026-09-03,3,2026-09-01,True,CARIBE_MAR,34039329.13,440479.6225,191930118.91000003,124754577.29,366.7708,374407.68,66071.94,85.0,15.0,Cubierta (85.0% Contratos / 15.0% Bolsa),1321.4388675,484665.190584069,745638.754753687,685987.654373392,-59651.100380294956,59651.100380294956,8.0
2026-09-03,3,2026-09-01,True,CARIBE_SOL,26526919.56,440479.6225,191930118.91000003,124754577.29,366.7708,374407.68,66071.94,85.0,15.0,Cubierta (85.0% Contratos / 15.0% Bolsa),1321.4388675,484665.190584069,745638.754753687,685987.654373392,-59651.100380294956,59651.100380294956,8.0
2026-09-03,3,2026-09-01,True,VALLE,22012335.6,440479.6225,191930118.91000003,124754577.29,366.7708,374407.68,66071.94,85.0,15.0,Cubierta (85.0% Contratos / 15.0% Bolsa),1321.4388675,484665.190584069,745638.754753687,685987.654373392,-59651.100380294956,59651.100380294956,8.0
2026-09-03,3,2026-09-01,True,SANTANDER,16863551.14,440479.6225,191930118.91000003,124754577.29,366.7708,374407.68,66071.94,85.0,15.0,Cubierta (85.0% Contratos / 15.0% Bolsa),1321.4388675,484665.190584069,745638.754753687,685987.654373392,-59651.100380294956,59651.100380294956,8.0
2026-09-03,3,2026-09-01,True,CUNDINAMARCA,10860065.15,440479.6225,191930118.91000003,124754577.29,366.7708,374407.68,66071.94,85.0,15.0,Cubierta (85.0% Contratos / 15.0% Bolsa),1321.4388675,484665.190584069,745638.754753687,685987.654373392,-59651.100380294956,59651.100380294956,8.0
2026-09-03,3,2026-09-01,True,TOLIMA,9196051.52,440479.6225,191930118.91000003,124754577.29,366.7708,374407.68,66071.94,85.0,15.0,Cubierta (85.0% Contratos / 15.0% Bolsa),1321.4388675,484665.190584069,745638.754753687,685987.654373392,-59651.100380294956,59651.100380294956,8.0
2026-09-04,4,2026-09-01,True,ANTIOQUIA,30109097.56,439990.765,191717109.13,124616120.93,367.2628,373992.15,65998.61,85.0,15.0,Cubierta (85.0% Contratos / 15.0% Bolsa),1319.972295,484776.72098412603,745810.3400025103,686145.5128023096,-59664.82720020076,59664.82720020076,7.99999999999999
2026-09-04,4,2026-09-01,True,BOGOTA,42692873.5,439990.765,191717109.13,124616120.93,367.2628,373992.15,65998.61,85.0,15.0,Cubierta (85.0% Contratos / 15.0% Bolsa),1319.972295,484776.72098412603,745810.3400025103,686145.5128023096,-59664.82720020076,59664.82720020076,7.99999999999999
2026-09-04,4,2026-09-01,True,CARIBE_MAR,33726453.65,439990.765,191717109.13,124616120.93,367.2628,373992.15,65998.61,85.0,15.0,Cubierta (85.0% Contratos / 15.0% Bolsa),1319.972295,484776.72098412603,745810.3400025103,686145.5128023096,-59664.82720020076,59664.82720020076,7.99999999999999
2026-09-04,4,2026-09-01,True,CARIBE_SOL,26902367.69,439990.765,191717109.13,124616120.93,367.2628,373992.15,65998.61,85.0,15.0,Cubierta (85.0% Contratos / 15.0% Bolsa),1319.972295,484776.72098412603,745810.3400025103,686145.5128023096,-59664.82720020076,59664.82720020076,7.99999999999999
2026-09-04,4,2026-09-01,True,VALLE,21679774.51,439990.765,191717109.13,124616120.93,367.2628,373992.15,65998.61,85.0,15.0,Cubierta (85.0% Contratos / 15.0% Bolsa),1319.972295,484776.72098412603,745810.3400025103,686145.5128023096,-59664.82720020076,59664.82720020076,7.99999999999999
2026-09-04,4,2026-09-01,True,SANTANDER,16675631.11,439990.765,191717109.13,124616120.93,367.2628,373992.15,65998.61,85.0,15.0,Cubierta (85.0% Contratos / 15.0% Bolsa),1319.972295,484776.72098412603,745810.3400025103,686145.5128023096,-59664.82720020076,59664.82720020076,7.99999999999999
2026-09-04,4,2026-09-01,True,CUNDINAMARCA,10862918.24,439990.765,191717109.13,124616120.93,367.2628,373992.15,65998.61,85.0,15.0,Cubierta (85.0% Contratos / 15.0% Bolsa),1319.972295,484776.72098412603,745810.3400025103,686145.5128023096,-59664.82720020076,59664.82720020076,7.99999999999999
2026-09-04,4,2026-09-01,True,TOLIMA,9067992.87,439990.765,191717109.13,124616120.93,367.2628,373992.15,65998.61,85.0,15.0,Cubierta (85.0% Contratos / 15.0% Bolsa),1319.972295,484776.72098412603,745810.3400025103,686145.5128023096,-59664.82720020076,59664.82720020076,7.99999999999999
2026-09-05,5,2026-09-01,True,ANTIOQUIA,25578243.09,313307.545,161916043.85,105245428.5,367.6862,266311.41,46996.13,85.0,15.0,Cubierta (85.0% Contratos / 15.0% Bolsa),939.922635,345596.581957137,531687.0491774558,489152.0852432594,-42534.96393419645,42534.96393419645,7.999999999999997
2026-09-05,5,2026-09-01,True,BOGOTA,35537785.6,313307.545,161916043.85,105245428.5,367.6862,266311.41,46996.13,85.0,15.0,Cubierta (85.0% Contratos / 15.0% Bolsa),939.922635,345596.581957137,531687.0491774558,489152.0852432594,-42534.96393419645,42534.96393419645,7.999999999999997
2026-09-05,5,2026-09-01,True,CARIBE_MAR,28495571.43,313307.545,161916043.85,105245428.5,367.6862,266311.41,46996.13,85.0,15.0,Cubierta (85.0% Contratos / 15.0% Bolsa),939.922635,345596.581957137,531687.0491774558,489152.0852432594,-42534.96393419645,42534.96393419645,7.999999999999997
2026-09-05,5,2026-09-01,True,CARIBE_SOL,22525616.83,313307.545,161916043.85,105245428.5,367.6862,266311.41,46996.13,85.0,15.0,Cubierta (85.0% Contratos / 15.0% Bolsa),939.922635,345596.581957137,531687.0491774558,489152.0852432594,-42534.96393419645,42534.96393419645,7.999999999999997
2026-09-05,5,2026-09-01,True,VALLE,18662458.31,313307.545,161916043.85,105245428.5,367.6862,266311.41,46996.13,85.0,15.0,Cubierta (85.0% Contratos / 15.0% Bolsa),939.922635,345596.581957137,531687.0491774558,489152.0852432594,-42534.96393419645,42534.96393419645,7.999999999999997
2026-09-05,5,2026-09-01,True,SANTANDER,14363124.24,313307.545,161916043.85,105245428.5,367.6862,266311.41,46996.13,85.0,15.0,Cubierta (85.0% Contratos / 15.0% Bolsa),939.922635,345596.581957137,531687.0491774558,489152.0852432594,-42534.96393419645,42534.96393419645,7.999999999999997
2026-09-05,5,2026-09-01,True,CUNDINAMARCA,9057584.56,313307.545,161916043.85,105245428.5,367.6862,266311.41,46996.13,85.0,15.0,Cubierta (85.0% Contratos / 15.0% Bolsa),939.922635,345596.581957137,531687.0491774558,489152.0852432594,-42534.96393419645,42534.96393419645,7.999999999999997
2026-09-05,5,2026-09-01,True,TOLIMA,7695659.79,313307.545,161916043.85,105245428.5,367.6862,266311.41,46996.13,85.0,15.0,Cubierta (85.0% Contratos / 15.0% Bolsa),939.922635,345596.581957137,531687.0491774558,489152.0852432594,-42534.96393419645,42534.96393419645,7.999999999999997
2026-09-06,6,2026-09-01,True,ANTIOQUIA,25461566.61,314436.91,162499695.39000002,105624802.0,368.0355,267271.37,47165.54,85.0,15.0,Cubierta (85.0% Contratos / 15.0% Bolsa),943.3107299999999,347171.836170915,534110.5172037216,491381.67582742387,-42728.8413762977,42728.8413762977,7.999999999999995
2026-09-06,6,2026-09-01,True,BOGOTA,35779015.29,314436.91,162499695.39000002,105624802.0,368.0355,267271.37,47165.54,85.0,15.0,Cubierta (85.0% Contratos / 15.0% Bolsa),943.3107299999999,347171.836170915,534110.5172037216,491381.67582742387,-42728.8413762977,42728.8413762977,7.999999999999995
2026-09-06,6,2026-09-01,True,CARIBE_MAR,29096196.53,314436.91,162499695.39000002,105624802.0,368.0355,267271.37,47165.54,85.0,15.0,Cubierta (85.0% Contratos / 15.0% Bolsa),943.3107299999999,347171.836170915,534110.5172037216,491381.67582742387,-42728.8413762977,42728.8413762977,7.999999999999995
2026-09-06,6,2026-09-01,True,CARIBE_SOL,22671252.01,314436.91,162499695.39000002,105624802.0,368.0355,267271.37,47165.54,85.0,15.0,Cubierta (85.0% Contratos / 15.0% Bolsa),943.3107299999999,347171.836170915,534110.5172037216,491381.67582742387,-42728.8413762977,42728.8413762977,7.999999999999995
2026-09-06,6,2026-09-01,True,VALLE,18359792.73,314436.91,162499695.39000002,105624802.0,368.0355,267271.37,47165.54,85.0,15.0,Cubierta (85.0% Contratos / 15.0% Bolsa),943.3107299999999,347171.836170915,534110.5172037216,491381.67582742387,-42728.8413762977,42728.8413762977,7.999999999999995
2026-09-06,6,2026-09-01,True,SANTANDER,14361992.67,314436.91,162499695.39000002,105624802.0,368.0355,267271.37,47165.54,85.0,15.0,Cubierta (85.0% Contratos / 15.0% Bolsa),943.3107299999999,347171.836170915,534110.5172037216,491381.67582742387,-42728.8413762977,42728.8413762977,7.999999999999995
2026-09-06,6,2026-09-01,True,CUNDINAMARCA,9174981.72,314436.91,162499695.39000002,105624802.0,368.0355,267271.37,47165.54,85.0,15.0,Cubierta (85.0% Contratos / 15.0% Bolsa),943.3107299999999,347171.836170915,534110.5172037216,491381.67582742387,-42728.8413762977,42728.8413762977,7.999999999999995
2026-09-06,6,2026-09-01,True,TOLIMA,7594897.83,314436.91,162499695.39000002,105624802.0,368.0355,267271.37,47165.54,85.0,15.0,Cubierta (85.0% Contratos / 15.0% Bolsa),943.3107299999999,347171.836170915,534110.5172037216,491381.67582742387,-42728.8413762977,42728.8413762977,7.999999999999995
2026-09-07,7,2026-09-01,True,ANTIOQUIA,30423262.65,441466.37375,192360075.93,125034049.35,368.3065,375246.42,66219.96,85.0,15.0,Cubierta (85.0% Contratos / 15.0% Bolsa),1324.39912125,487784.8049506632,750438.1614895674,690403.108570402,-60035.05291916535,60035.05291916535,7.999999999999995
2026-09-07,7,2026-09-01,True,BOGOTA,42629828.8,441466.37375,192360075.93,125034049.35,368.3065,375246.42,66219.96,85.0,15.0,Cubierta (85.0% Contratos / 15.0% Bolsa),1324.39912125,487784.8049506632,750438.1614895674,690403.108570402,-60035.05291916535,60035.05291916535,7.999999999999995
2026-09-07,7,2026-09-01,True,CARIBE_MAR,33665132.41,441466.37375,192360075.93,125034049.35,368.3065,375246.42,66219.96,85.0,15.0,Cubierta (85.0% Contratos / 15.0% Bolsa),1324.39912125,487784.8049506632,750438.1614895674,690403.108570402,-60035.05291916535,60035.05291916535,7.999999999999995
2026-09-07,7,2026-09-01,True,CARIBE_SOL,26873475.9,441466.37375,192360075.93,125034049.35,368.3065,375246.42,66219.96,85.0,15.0,Cubierta (85.0% Contratos / 15.0% Bolsa),1324.39912125,487784.8049506632,750438.1614895674,690403.108570402,-60035.05291916535,60035.05291916535,7.999999999999995
2026-09-07,7,2026-09-01,True,VALLE,21931714.68,441466.37375,192360075.93,125034049.35,368.3065,375246.42,66219.96,85.0,15.0,Cubierta (85.0% Contratos / 15.0% Bolsa),1324.39912125,487784.8049506632,750438.1614895674,690403.108570402,-60035.05291916535,60035.05291916535,7.999999999999995
2026-09-07,7,2026-09-01,True,SANTANDER,17044329.52,441466.37375,192360075.93,125034049.35,368.3065,375246.42,66219.96,85.0,15.0,Cubierta (85.0% Contratos / 15.0% Bolsa),1324.39912125,487784.8049506632,750438.1614895674,690403.108570402,-60035.05291916535,60035.05291916535,7.999999999999995
2026-09-07,7,2026-09-01,True,CUNDINAMARCA,10773067.05,441466.37375,192360075.93,125034049.35,368.3065,375246.42,66219.96,85.0,15.0,Cubierta (85.0% Contratos / 15.0% Bolsa),1324.39912125,487784.8049506632,750438.1614895674,690403.108570402,-60035.05291916535,60035.05291916535,7.999999999999995
2026-09-07,7,2026-09-01,True,TOLIMA,9019264.92,441466.37375,192360075.93,125034049.35,368.3065,375246.42,66219.96,85.0,15.0,Cubierta (85.0% Contratos / 15.0% Bolsa),1324.39912125,487784.8049506632,750438.1614895674,690403.108570402,-60035.05291916535,60035.05291916535,7.999999999999995
2026-09-08,8,2026-09-01,True,ANTIOQUIA,30503820.39,441552.43875,192397576.93,125058425.0,368.4969,375319.57,66232.87,85.0,15.0,Cubierta (85.0% Contratos / 15.0% Bolsa),1324.65731625,488132.11460044456,750972.4840277064,690894.6853054899,-60077.79872221651,60077.79872221651,7.999999999999999
2026-09-08,8,2026-09-01,True,BOGOTA,41994899.35,441552.43875,192397576.93,125058425.0,368.4969,375319.57,66232.87,85.0,15.0,Cubierta (85.0% Contratos / 15.0% Bolsa),1324.65731625,488132.11460044456,750972.4840277064,690894.6853054899,-60077.79872221651,60077.79872221651,7.999999999999999
2026-09-08,8,2026-09-01,True,CARIBE_MAR,34051621.43,441552.43875,192397576.93,125058425.0,368.4969,375319.57,66232.87,85.0,15.0,Cubierta (85.0% Contratos / 15.0% Bolsa),1324.65731625,488132.11460044456,750972.4840277064,690894.6853054899,-60077.79872221651,60077.79872221651,7.999999999999999
2026-09-08,8,2026-09-01,True,CARIBE_SOL,26691910.9,441552.43875,192397576.93,125058425.0,368.4969,375319.57,66232.87,85.0,15.0,Cubierta (85.0% Contratos / 15.0% Bolsa),1324.65731625,488132.11460044456,750972.4840277064,690894.6853054899,-60077.79872221651,60077.79872221651,7.999999999999999
2026-09-08,8,2026-09-01,True,VALLE,22019039.72,441552.43875,192397576.93,125058425.0,368.4969,375319.57,66232.87,85.0,15.0,Cubierta (85.0% Contratos / 15.0% Bolsa),1324.65731625,488132.11460044456,750972.4840277064,690894.6853054899,-60077.79872221651,60077.79872221651,7.999999999999999
2026-09-08,8,2026-09-01,True,SANTANDER,17142634.57,441552.43875,192397576.93,125058425.0,368.4969,375319.57,66232.87,85.0,15.0,Cubierta (85.0% Contratos / 15.0% Bolsa),1324.65731625,488132.11460044456,750972.4840277064,690894.6853054899,-60077.79872221651,60077.79872221651,7.999999999999999
2026-09-08,8,2026-09-01,True,CUNDINAMARCA,10799602.04,441552.43875,192397576.93,125058425.0,368.4969,375319.57,66232.87,85.0,15.0,Cubierta (85.0% Contratos / 15.0% Bolsa),1324.65731625,488132.11460044456,750972.4840277064,690894.6853054899,-60077.79872221651,60077.79872221651,7.999999999999999
2026-09-08,8,2026-09-01,True,TOLIMA,9194048.53,441552.43875,192397576.93,125058425.0,368.4969,375319.57,66232.87,85.0,15.0,Cubierta (85.0% Contratos / 15.0% Bolsa),1324.65731625,488132.11460044456,750972.4840277064,690894.6853054899,-60077.79872221651,60077.79872221651,7.999999999999999
2026-09-09,9,2026-09-01,True,ANTIOQUIA,30381313.2,440814.86875,192076195.63,124849527.16,368.6058,374692.64,66122.23,85.0,15.0,Cubierta (85.0% Contratos / 15.0% Bolsa),1322.44460625,487460.75204246625,749939.6185238679,689944.4490419585,-59995.16948190937,59995.16948190937,7.999999999999992
2026-09-09,9,2026-09-01,True,BOGOTA,42492589.48,440814.86875,192076195.63,124849527.16,368.6058,374692.64,66122.23,85.0,15.0,Cubierta (85.0% Contratos / 15.0% Bolsa),1322.44460625,487460.75204246625,749939.6185238679,689944.4490419585,-59995.16948190937,59995.16948190937,7.999999999999992
2026-09-09,9,2026-09-01,True,CARIBE_MAR,33818325.11,440814.86875,192076195.63,124849527.16,368.6058,374692.64,66122.23,85.0,15.0,Cubierta (85.0% Contratos / 15.0% Bolsa),1322.44460625,487460.75204246625,749939.6185238679,689944.4490419585,-59995.16948190937,59995.16948190937,7.999999999999992
2026-09-09,9,2026-09-01,True,CARIBE_SOL,26599862.39,440814.86875,192076195.63,124849527.16,368.6058,374692.64,66122.23,85.0,15.0,Cubierta (85.0% Contratos / 15.0% Bolsa),1322.44460625,487460.75204246625,749939.6185238679,689944.4490419585,-59995.16948190937,59995.16948190937,7.999999999999992
2026-09-09,9,2026-09-01,True,VALLE,21708898.48,440814.86875,192076195.63,124849527.16,368.6058,374692.64,66122.23,85.0,15.0,Cubierta (85.0% Contratos / 15.0% Bolsa),1322.44460625,487460.75204246625,749939.6185238679,689944.4490419585,-59995.16948190937,59995.16948190937,7.999999999999992
2026-09-09,9,2026-09-01,True,SANTANDER,16993459.77,440814.86875,192076195.63,124849527.16,368.6058,374692.64,66122.23,85.0,15.0,Cubierta (85.0% Contratos / 15.0% Bolsa),1322.44460625,487460.75204246625,749939.6185238679,689944.4490419585,-59995.16948190937,59995.16948190937,7.999999999999992
2026-09-09,9,2026-09-01,True,CUNDINAMARCA,10952733.51,440814.86875,192076195.63,124849527.16,368.6058,374692.64,66122.23,85.0,15.0,Cubierta (85.0% Contratos / 15.0% Bolsa),1322.44460625,487460.75204246625,749939.6185238679,689944.4490419585,-59995.16948190937,59995.16948190937,7.999999999999992
2026-09-09,9,2026-09-01,True,TOLIMA,9129013.69,440814.86875,192076195.63,124849527.16,368.6058,374692.64,66122.23,85.0,15.0,Cubierta (85.0% Contratos / 15.0% Bolsa),1322.44460625,487460.75204246625,749939.6185238679,689944.4490419585,-59995.16948190937,59995.16948190937,7.999999999999992
2026-09-10,10,2026-09-01,True,ANTIOQUIA,30728370.81,442654.615,192877828.13,125370588.28,368.634,376256.42,66398.19,85.0,15.0,Cubierta (85.0% Contratos / 15.0% Bolsa),1327.963845,489532.62403773004,753127.1139312324,692876.9448167338,-60250.16911449854,60250.16911449854,7.999999999999993
2026-09-10,10,2026-09-01,True,BOGOTA,42356167.3,442654.615,192877828.13,125370588.28,368.634,376256.42,66398.19,85.0,15.0,Cubierta (85.0% Contratos / 15.0% Bolsa),1327.963845,489532.62403773004,753127.1139312324,692876.9448167338,-60250.16911449854,60250.16911449854,7.999999999999993
2026-09-10,10,2026-09-01,True,CARIBE_MAR,34029899.95,442654.615,192877828.13,125370588.28,368.634,376256.42,66398.19,85.0,15.0,Cubierta (85.0% Contratos / 15.0% Bolsa),1327.963845,489532.62403773004,753127.1139312324,692876.9448167338,-60250.16911449854,60250.16911449854,7.999999999999993
2026-09-10,10,2026-09-01,True,CARIBE_SOL,27054514.77,442654.615,192877828.13,125370588.28,368.634,376256.42,66398.19,85.0,15.0,Cubierta (85.0% Contratos / 15.0% Bolsa),1327.963845,489532.62403773004,753127.1139312324,692876.9448167338,-60250.16911449854,60250.16911449854,7.999999999999993
2026-09-10,10,2026-09-01,True,VALLE,21719606.5,442654.615,192877828.13,125370588.28,368.634,376256.42,66398.19,85.0,15.0,Cubierta (85.0% Contratos / 15.0% Bolsa),1327.963845,489532.62403773004,753127.1139312324,692876.9448167338,-60250.16911449854,60250.16911449854,7.999999999999993
2026-09-10,10,2026-09-01,True,SANTANDER,16918151.71,442654.615,192877828.13,125370588.28,368.634,376256.42,66398.19,85.0,15.0,Cubierta (85.0% Contratos / 15.0% Bolsa),1327.963845,489532.62403773004,753127.1139312324,692876.9448167338,-60250.16911449854,60250.16911449854,7.999999999999993
2026-09-10,10,2026-09-01,True,CUNDINAMARCA,10883203.7,442654.615,192877828.13,125370588.28,368.634,376256.42,66398.19,85.0,15.0,Cubierta (85.0% Contratos / 15.0% Bolsa),1327.963845,489532.62403773004,753127.1139312324,692876.9448167338,-60250.16911449854,60250.16911449854,7.999999999999993
2026-09-10,10,2026-09-01,True,TOLIMA,9187913.39,442654.615,192877828.13,125370588.28,368.634,376256.42,66398.19,85.0,15.0,Cubierta (85.0% Contratos / 15.0% Bolsa),1327.963845,489532.62403773004,753127.1139312324,692876.9448167338,-60250.16911449854,60250.16911449854,7.999999999999993
2026-09-11,11,2026-09-01,True,ANTIOQUIA,30329255.49,439053.18125,191308575.79999998,124350574.27,368.5841,373195.2,65857.98,85.0,15.0,Cubierta (85.0% Contratos / 15.0% Bolsa),1317.15954375,485484.06498950435,746898.5615223144,687146.6766005293,-59751.884921785095,59751.884921785095,7.999999999999992
2026-09-11,11,2026-09-01,True,BOGOTA,42203406.83,439053.18125,191308575.79999998,124350574.27,368.5841,373195.2,65857.98,85.0,15.0,Cubierta (85.0% Contratos / 15.0% Bolsa),1317.15954375,485484.06498950435,746898.5615223144,687146.6766005293,-59751.884921785095,59751.884921785095,7.999999999999992
2026-09-11,11,2026-09-01,True,CARIBE_MAR,33927083.29,439053.18125,191308575.79999998,124350574.27,368.5841,373195.2,65857.98,85.0,15.0,Cubierta (85.0% Contratos / 15.0% Bolsa),1317.15954375,485484.06498950435,746898.5615223144,687146.6766005293,-59751.884921785095,59751.884921785095,7.999999999999992
2026-09-11,11,2026-09-01,True,CARIBE_SOL,26746104.89,439053.18125,191308575.79999998,124350574.27,368.5841,373195.2,65857.98,85.0,15.0,Cubierta (85.0% Contratos / 15.0% Bolsa),1317.15954375,485484.06498950435,746898.5615223144,687146.6766005293,-59751.884921785095,59751.884921785095,7.999999999999992
2026-09-11,11,2026-09-01,True,VALLE,21450936.57,439053.18125,191308575.79999998,124350574.27,368.5841,373195.2,65857.98,85.0,15.0,Cubierta (85.0% Contratos / 15.0% Bolsa),1317.15954375,485484.06498950435,746898.5615223144,687146.6766005293,-59751.884921785095,59751.884921785095,7.999999999999992
2026-09-11,11,2026-09-01,True,SANTANDER,16642660.2,439053.18125,191308575.79999998,124350574.27,368.5841,373195.2,65857.98,85.0,15.0,Cubierta (85.0% Contratos / 15.0% Bolsa),1317.15954375,485484.06498950435,746898.5615223144,687146.6766005293,-59751.884921785095,59751.884921785095,7.999999999999992
2026-09-11,11,2026-09-01,True,CUNDINAMARCA,10948434.85,439053.18125,191308575.79999998,124350574.27,368.5841,373195.2,65857.98,85.0,15.0,Cubierta (85.0% Contratos / 15.0% Bolsa),1317.15954375,485484.06498950435,746898.5615223144,687146.6766005293,-59751.884921785095,59751.884921785095,7.999999999999992
2026-09-11,11,2026-09-01,True,TOLIMA,9060693.68,439053.18125,191308575.79999998,124350574.27,368.5841,373195.2,65857.98,85.0,15.0,Cubierta (85.0% Contratos / 15.0% Bolsa),1317.15954375,485484.06498950435,746898.5615223144,687146.6766005293,-59751.884921785095,59751.884921785095,7.999999999999992
2026-09-12,12,2026-09-01,True,ANTIOQUIA,25845891.87,315751.145,163178886.46000004,106066276.2,368.46,268388.47,47362.67,85.0,15.0,Cubierta (85.0% Contratos / 15.0% Bolsa),947.2534350000001,349025.0006601,536961.5394720145,494004.61631425336,-42956.923157761164,42956.923157761164,8.0
2026-09-12,12,2026-09-01,True,BOGOTA,36216259.17,315751.145,163178886.46000004,106066276.2,368.46,268388.47,47362.67,85.0,15.0,Cubierta (85.0% Contratos / 15.0% Bolsa),947.2534350000001,349025.0006601,536961.5394720145,494004.61631425336,-42956.923157761164,42956.923157761164,8.0
2026-09-12,12,2026-09-01,True,CARIBE_MAR,28877062.04,315751.145,163178886.46000004,106066276.2,368.46,268388.47,47362.67,85.0,15.0,Cubierta (85.0% Contratos / 15.0% Bolsa),947.2534350000001,349025.0006601,536961.5394720145,494004.61631425336,-42956.923157761164,42956.923157761164,8.0
2026-09-12,12,2026-09-01,True,CARIBE_SOL,22556904.35,315751.145,163178886.46000004,106066276.2,368.46,268388.47,47362.67,85.0,15.0,Cubierta (85.0% Contratos / 15.0% Bolsa),947.2534350000001,349025.0006601,536961.5394720145,494004.61631425336,-42956.923157761164,42956.923157761164,8.0
2026-09-12,12,2026-09-01,True,VALLE,18608052.59,315751.145,163178886.46000004,106066276.2,368.46,268388.47,47362.67,85.0,15.0,Cubierta (85.0% Contratos / 15.0% Bolsa),947.2534350000001,349025.0006601,536961.5394720145,494004.61631425336,-42956.923157761164,42956.923157761164,8.0
2026-09-12,12,2026-09-01,True,SANTANDER,14234583.18,315751.145,163178886.46000004,106066276.2,368.46,268388.47,47362.67,85.0,15.0,Cubierta (85.0% Contratos / 15.0% Bolsa),947.2534350000001,349025.0006601,536961.5394720145,494004.61631425336,-42956.923157761164,42956.923157761164,8.0
2026-09-12,12,2026-09-01,True,CUNDINAMARCA,9232880.64,315751.145,163178886.46000004,106066276.2,368.46,268388.47,47362.67,85.0,15.0,Cubierta (85.0% Contratos / 15.0% Bolsa),947.2534350000001,349025.0006601,536961.5394720145,494004.61631425336,-42956.923157761164,42956.923157761164,8.0
2026-09-12,12,2026-09-01,True,TOLIMA,7607252.62,315751.145,163178886.46000004,106066276.2,368.46,268388.47,47362.67,85.0,15.0,Cubierta (85.0% Contratos / 15.0% Bolsa),947.2534350000001,349025.0006601,536961.5394720145,494004.61631425336,-42956.923157761164,42956.923157761164,8.0
2026-09-13,13,2026-09-01,True,ANTIOQUIA,25746409.39,313922.97125,162234093.38000003,105452160.7,368.2675,266834.53,47088.45,85.0,15.0,Cubierta (85.0% Contratos / 15.0% Bolsa),941.76891375,346822.8834444281,533573.6668224023,490887.77347661013,-42685.89334579214,42685.89334579214,7.999999999999992
2026-09-13,13,2026-09-01,True,BOGOTA,35697358.27,313922.97125,162234093.38000003,105452160.7,368.2675,266834.53,47088.45,85.0,15.0,Cubierta (85.0% Contratos / 15.0% Bolsa),941.76891375,346822.8834444281,533573.6668224023,490887.77347661013,-42685.89334579214,42685.89334579214,7.999999999999992
2026-09-13,13,2026-09-01,True,CARIBE_MAR,28800562.72,313922.97125,162234093.38000003,105452160.7,368.2675,266834.53,47088.45,85.0,15.0,Cubierta (85.0% Contratos / 15.0% Bolsa),941.76891375,346822.8834444281,533573.6668224023,490887.77347661013,-42685.89334579214,42685.89334579214,7.999999999999992
2026-09-13,13,2026-09-01,True,CARIBE_SOL,22467409.47,313922.97125,162234093.38000003,105452160.7,368.2675,266834.53,47088.45,85.0,15.0,Cubierta (85.0% Contratos / 15.0% Bolsa),941.76891375,346822.8834444281,533573.6668224023,490887.77347661013,-42685.89334579214,42685.89334579214,7.999999999999992
2026-09-13,13,2026-09-01,True,VALLE,18548221.02,313922.97125,162234093.38000003,105452160.7,368.2675,266834.53,47088.45,85.0,15.0,Cubierta (85.0% Contratos / 15.0% Bolsa),941.76891375,346822.8834444281,533573.6668224023,490887.77347661013,-42685.89334579214,42685.89334579214,7.999999999999992
2026-09-13,13,2026-09-01,True,SANTANDER,14246865.6,313922.97125,162234093.38000003,105452160.7,368.2675,266834.53,47088.45,85.0,15.0,Cubierta (85.0% Contratos / 15.0% Bolsa),941.76891375,346822.8834444281,533573.6668224023,490887.77347661013,-42685.89334579214,42685.89334579214,7.999999999999992
2026-09-13,13,2026-09-01,True,CUNDINAMARCA,9138328.08,313922.97125,162234093.38000003,105452160.7,368.2675,266834.53,47088.45,85.0,15.0,Cubierta (85.0% Contratos / 15.0% Bolsa),941.76891375,346822.8834444281,533573.6668224023,490887.77347661013,-42685.89334579214,42685.89334579214,7.999999999999992
2026-09-13,13,2026-09-01,True,TOLIMA,7588938.83,313922.97125,162234093.38000003,105452160.7,368.2675,266834.53,47088.45,85.0,15.0,Cubierta (85.0% Contratos / 15.0% Bolsa),941.76891375,346822.8834444281,533573.6668224023,490887.77347661013,-42685.89334579214,42685.89334579214,7.999999999999992
2026-09-14,14,2026-09-01,True,ANTIOQUIA,30473662.68,440612.62875,191988073.67999998,124792247.89,368.0134,374520.73,66091.89,85.0,15.0,Cubierta (85.0% Contratos / 15.0% Bolsa),1321.8378862499999,486454.0547676757,748390.8535007259,688519.5852206679,-59871.26828005805,59871.26828005805,7.999999999999997
2026-09-14,14,2026-09-01,True,BOGOTA,42309259.62,440612.62875,191988073.67999998,124792247.89,368.0134,374520.73,66091.89,85.0,15.0,Cubierta (85.0% Contratos / 15.0% Bolsa),1321.8378862499999,486454.0547676757,748390.8535007259,688519.5852206679,-59871.26828005805,59871.26828005805,7.999999999999997
2026-09-14,14,2026-09-01,True,CARIBE_MAR,33960897.33,440612.62875,191988073.67999998,124792247.89,368.0134,374520.73,66091.89,85.0,15.0,Cubierta (85.0% Contratos / 15.0% Bolsa),1321.8378862499999,486454.0547676757,748390.8535007259,688519.5852206679,-59871.26828005805,59871.26828005805,7.999999999999997
2026-09-14,14,2026-09-01,True,CARIBE_SOL,26242863.16,440612.62875,191988073.67999998,124792247.89,368.0134,374520.73,66091.89,85.0,15.0,Cubierta (85.0% Contratos / 15.0% Bolsa),1321.8378862499999,486454.0547676757,748390.8535007259,688519.5852206679,-59871.26828005805,59871.26828005805,7.999999999999997
2026-09-14,14,2026-09-01,True,VALLE,21747166.95,440612.62875,191988073.67999998,124792247.89,368.0134,374520.73,66091.89,85.0,15.0,Cubierta (85.0% Contratos / 15.0% Bolsa),1321.8378862499999,486454.0547676757,748390.8535007259,688519.5852206679,-59871.26828005805,59871.26828005805,7.999999999999997
2026-09-14,14,2026-09-01,True,SANTANDER,16971194.75,440612.62875,191988073.67999998,124792247.89,368.0134,374520.73,66091.89,85.0,15.0,Cubierta (85.0% Contratos / 15.0% Bolsa),1321.8378862499999,486454.0547676757,748390.8535007259,688519.5852206679,-59871.26828005805,59871.26828005805,7.999999999999997
2026-09-14,14,2026-09-01,True,CUNDINAMARCA,11126162.5,440612.62875,191988073.67999998,124792247.89,368.0134,374520.73,66091.89,85.0,15.0,Cubierta (85.0% Contratos / 15.0% Bolsa),1321.8378862499999,486454.0547676757,748390.8535007259,688519.5852206679,-59871.26828005805,59871.26828005805,7.999999999999997
2026-09-14,14,2026-09-01,True,TOLIMA,9156866.69,440612.62875,191988073.67999998,124792247.89,368.0134,374520.73,66091.89,85.0,15.0,Cubierta (85.0% Contratos / 15.0% Bolsa),1321.8378862499999,486454.0547676757,748390.8535007259,688519.5852206679,-59871.26828005805,59871.26828005805,7.999999999999997
2026-09-15,15,2026-09-01,True,ANTIOQUIA,30516023.55,443497.875,193245261.66,125609420.08,367.706,376973.19,66524.68,85.0,15.0,Cubierta (85.0% Contratos / 15.0% Bolsa),1330.493625,489230.48887425003,752662.2905697771,692449.307324195,-60212.98324558209,60212.98324558209,7.999999999999989
2026-09-15,15,2026-09-01,True,BOGOTA,42545209.18,443497.875,193245261.66,125609420.08,367.706,376973.19,66524.68,85.0,15.0,Cubierta (85.0% Contratos / 15.0% Bolsa),1330.493625,489230.48887425003,752662.2905697771,692449.307324195,-60212.98324558209,60212.98324558209,7.999999999999989
2026-09-15,15,2026-09-01,True,CARIBE_MAR,34045768.9,443497.875,193245261.66,125609420.08,367.706,376973.19,66524.68,85.0,15.0,Cubierta (85.0% Contratos / 15.0% Bolsa),1330.493625,489230.48887425003,752662.2905697771,692449.307324195,-60212.98324558209,60212.98324558209,7.999999999999989
2026-09-15,15,2026-09-01,True,CARIBE_SOL,27168212.36,443497.875,193245261.66,125609420.08,367.706,376973.19,66524.68,85.0,15.0,Cubierta (85.0% Contratos / 15.0% Bolsa),1330.493625,489230.48887425003,752662.2905697771,692449.307324195,-60212.98324558209,60212.98324558209,7.999999999999989
2026-09-15,15,2026-09-01,True,VALLE,21832124.25,443497.875,193245261.66,125609420.08,367.706,376973.19,66524.68,85.0,15.0,Cubierta (85.0% Contratos / 15.0% Bolsa),1330.493625,489230.48887425003,752662.2905697771,692449.307324195,-60212.98324558209,60212.98324558209,7.999999999999989
2026-09-15,15,2026-09-01,True,SANTANDER,17200854.37,443497.875,193245261.66,125609420.08,367.706,376973.19,66524.68,85.0,15.0,Cubierta (85.0% Contratos / 15.0% Bolsa),1330.493625,489230.48887425003,752662.2905697771,692449.307324195,-60212.98324558209,60212.98324558209,7.999999999999989
2026-09-15,15,2026-09-01,True,CUNDINAMARCA,10987988.38,443497.875,193245261.66,125609420.08,367.706,376973.19,66524.68,85.0,15.0,Cubierta (85.0% Contratos / 15.0% Bolsa),1330.493625,489230.48887425003,752662.2905697771,692449.307324195,-60212.98324558209,60212.98324558209,7.999999999999989
2026-09-15,15,2026-09-01,True,TOLIMA,8949080.67,443497.875,193245261.66,125609420.08,367.706,376973.19,66524.68,85.0,15.0,Cubierta (85.0% Contratos / 15.0% Bolsa),1330.493625,489230.48887425003,752662.2905697771,692449.307324195,-60212.98324558209,60212.98324558209,7.999999999999989
2026-09-16,16,2026-09-01,True,ANTIOQUIA,30287770.39,443134.7925,193087055.38,125506586.0,367.3546,376664.57,66470.22,85.0,15.0,Cubierta (85.0% Contratos / 15.0% Bolsa),1329.4043775,488362.81333476154,751327.4051124431,691221.2127034477,-60106.19240899547,60106.19240899547,8.000000000000004
2026-09-16,16,2026-09-01,True,BOGOTA,42963585.04,443134.7925,193087055.38,125506586.0,367.3546,376664.57,66470.22,85.0,15.0,Cubierta (85.0% Contratos / 15.0% Bolsa),1329.4043775,488362.81333476154,751327.4051124431,691221.2127034477,-60106.19240899547,60106.19240899547,8.000000000000004
2026-09-16,16,2026-09-01,True,CARIBE_MAR,34059130.92,443134.7925,193087055.38,125506586.0,367.3546,376664.57,66470.22,85.0,15.0,Cubierta (85.0% Contratos / 15.0% Bolsa),1329.4043775,488362.81333476154,751327.4051124431,691221.2127034477,-60106.19240899547,60106.19240899547,8.000000000000004
2026-09-16,16,2026-09-01,True,CARIBE_SOL,26642942.35,443134.7925,193087055.38,125506586.0,367.3546,376664.57,66470.22,85.0,15.0,Cubierta (85.0% Contratos / 15.0% Bolsa),1329.4043775,488362.81333476154,751327.4051124431,691221.2127034477,-60106.19240899547,60106.19240899547,8.000000000000004
2026-09-16,16,2026-09-01,True,VALLE,21977708.48,443134.7925,193087055.38,125506586.0,367.3546,376664.57,66470.22,85.0,15.0,Cubierta (85.0% Contratos / 15.0% Bolsa),1329.4043775,488362.81333476154,751327.4051124431,691221.2127034477,-60106.19240899547,60106.19240899547,8.000000000000004
2026-09-16,16,2026-09-01,True,SANTANDER,17078978.0,443134.7925,193087055.38,125506586.0,367.3546,376664.57,66470.22,85.0,15.0,Cubierta (85.0% Contratos / 15.0% Bolsa),1329.4043775,488362.81333476154,751327.4051124431,691221.2127034477,-60106.19240899547,60106.19240899547,8.000000000000004
2026-09-16,16,2026-09-01,True,CUNDINAMARCA,10948253.19,443134.7925,193087055.38,125506586.0,367.3546,376664.57,66470.22,85.0,15.0,Cubierta (85.0% Contratos / 15.0% Bolsa),1329.4043775,488362.81333476154,751327.4051124431,691221.2127034477,-60106.19240899547,60106.19240899547,8.000000000000004
2026-09-16,16,2026-09-01,True,TOLIMA,9128687.01,443134.7925,193087055.38,125506586.0,367.3546,376664.57,66470.22,85.0,15.0,Cubierta (85.0% Contratos / 15.0% Bolsa),1329.4043775,488362.81333476154,751327.4051124431,691221.2127034477,-60106.19240899547,60106.19240899547,8.000000000000004
2026-09-17,17,2026-09-01,True,ANTIOQUIA,30276313.5,442124.9475,192647035.69000003,125220573.2,366.9694,375806.21,66318.74,85.0,15.0,Cubierta (85.0% Contratos / 15.0% Bolsa),1326.3748425,486738.9801273196,748829.2001869063,688922.8641719538,-59906.33601495251,59906.33601495251,8.000000000000002
2026-09-17,17,2026-09-01,True,BOGOTA,42355251.76,442124.9475,192647035.69000003,125220573.2,366.9694,375806.21,66318.74,85.0,15.0,Cubierta (85.0% Contratos / 15.0% Bolsa),1326.3748425,486738.9801273196,748829.2001869063,688922.8641719538,-59906.33601495251,59906.33601495251,8.000000000000002
2026-09-17,17,2026-09-01,True,CARIBE_MAR,34355391.55,442124.9475,192647035.69000003,125220573.2,366.9694,375806.21,66318.74,85.0,15.0,Cubierta (85.0% Contratos / 15.0% Bolsa),1326.3748425,486738.9801273196,748829.2001869063,688922.8641719538,-59906.33601495251,59906.33601495251,8.000000000000002
2026-09-17,17,2026-09-01,True,CARIBE_SOL,26696501.54,442124.9475,192647035.69000003,125220573.2,366.9694,375806.21,66318.74,85.0,15.0,Cubierta (85.0% Contratos / 15.0% Bolsa),1326.3748425,486738.9801273196,748829.2001869063,688922.8641719538,-59906.33601495251,59906.33601495251,8.000000000000002
2026-09-17,17,2026-09-01,True,VALLE,21749354.52,442124.9475,192647035.69000003,125220573.2,366.9694,375806.21,66318.74,85.0,15.0,Cubierta (85.0% Contratos / 15.0% Bolsa),1326.3748425,486738.9801273196,748829.2001869063,688922.8641719538,-59906.33601495251,59906.33601495251,8.000000000000002
2026-09-17,17,2026-09-01,True,SANTANDER,17072858.27,442124.9475,192647035.69000003,125220573.2,366.9694,375806.21,66318.74,85.0,15.0,Cubierta (85.0% Contratos / 15.0% Bolsa),1326.3748425,486738.9801273196,748829.2001869063,688922.8641719538,-59906.33601495251,59906.33601495251,8.000000000000002
2026-09-17,17,2026-09-01,True,CUNDINAMARCA,11000430.75,442124.9475,192647035.69000003,125220573.2,366.9694,375806.21,66318.74,85.0,15.0,Cubierta (85.0% Contratos / 15.0% Bolsa),1326.3748425,486738.9801273196,748829.2001869063,688922.8641719538,-59906.33601495251,59906.33601495251,8.000000000000002
2026-09-17,17,2026-09-01,True,TOLIMA,9140933.8,442124.9475,192647035.69000003,125220573.2,366.9694,375806.21,66318.74,85.0,15.0,Cubierta (85.0% Contratos / 15.0% Bolsa),1326.3748425,486738.9801273196,748829.2001869063,688922.8641719538,-59906.33601495251,59906.33601495251,8.000000000000002
2026-09-18,18,2026-09-01,True,ANTIOQUIA,30187954.41,444476.96375,193671879.68000004,125886721.79,366.5614,377805.42,66671.54,85.0,15.0,Cubierta (85.0% Contratos / 15.0% Bolsa),1333.43089125,488784.29429984774,751975.8373963282,691817.770404622,-60158.06699170626,60158.06699170626,8.0
2026-09-18,18,2026-09-01,True,BOGOTA,43345464.36,444476.96375,193671879.68000004,125886721.79,366.5614,377805.42,66671.54,85.0,15.0,Cubierta (85.0% Contratos / 15.0% Bolsa),1333.43089125,488784.29429984774,751975.8373963282,691817.770404622,-60158.06699170626,60158.06699170626,8.0
2026-09-18,18,2026-09-01,True,CARIBE_MAR,34258364.76,444476.96375,193671879.68000004,125886721.79,366.5614,377805.42,66671.54,85.0,15.0,Cubierta (85.0% Contratos / 15.0% Bolsa),1333.43089125,488784.29429984774,751975.8373963282,691817.770404622,-60158.06699170626,60158.06699170626,8.0
2026-09-18,18,2026-09-01,True,CARIBE_SOL,26738599.77,444476.96375,193671879.68000004,125886721.79,366.5614,377805.42,66671.54,85.0,15.0,Cubierta (85.0% Contratos / 15.0% Bolsa),1333.43089125,488784.29429984774,751975.8373963282,691817.770404622,-60158.06699170626,60158.06699170626,8.0
2026-09-18,18,2026-09-01,True,VALLE,21766965.03,444476.96375,193671879.68000004,125886721.79,366.5614,377805.42,66671.54,85.0,15.0,Cubierta (85.0% Contratos / 15.0% Bolsa),1333.43089125,488784.29429984774,751975.8373963282,691817.770404622,-60158.06699170626,60158.06699170626,8.0
2026-09-18,18,2026-09-01,True,SANTANDER,17227248.65,444476.96375,193671879.68000004,125886721.79,366.5614,377805.42,66671.54,85.0,15.0,Cubierta (85.0% Contratos / 15.0% Bolsa),1333.43089125,488784.29429984774,751975.8373963282,691817.770404622,-60158.06699170626,60158.06699170626,8.0
2026-09-18,18,2026-09-01,True,CUNDINAMARCA,10983829.86,444476.96375,193671879.68000004,125886721.79,366.5614,377805.42,66671.54,85.0,15.0,Cubierta (85.0% Contratos / 15.0% Bolsa),1333.43089125,488784.29429984774,751975.8373963282,691817.770404622,-60158.06699170626,60158.06699170626,8.0
2026-09-18,18,2026-09-01,True,TOLIMA,9163452.84,444476.96375,193671879.68000004,125886721.79,366.5614,377805.42,66671.54,85.0,15.0,Cubierta (85.0% Contratos / 15.0% Bolsa),1333.43089125,488784.29429984774,751975.8373963282,691817.770404622,-60158.06699170626,60158.06699170626,8.0
2026-09-19,19,2026-09-01,True,ANTIOQUIA,25715430.42,313521.04375,162026379.01999998,105317146.36,366.1418,266492.89,47028.16,85.0,15.0,Cubierta (85.0% Contratos / 15.0% Bolsa),940.5631312500001,344379.47788951127,529814.5813835708,487429.41487288516,-42385.16651068564,42385.16651068564,7.999999999999995
2026-09-19,19,2026-09-01,True,BOGOTA,35929373.77,313521.04375,162026379.01999998,105317146.36,366.1418,266492.89,47028.16,85.0,15.0,Cubierta (85.0% Contratos / 15.0% Bolsa),940.5631312500001,344379.47788951127,529814.5813835708,487429.41487288516,-42385.16651068564,42385.16651068564,7.999999999999995
2026-09-19,19,2026-09-01,True,CARIBE_MAR,28170881.81,313521.04375,162026379.01999998,105317146.36,366.1418,266492.89,47028.16,85.0,15.0,Cubierta (85.0% Contratos / 15.0% Bolsa),940.5631312500001,344379.47788951127,529814.5813835708,487429.41487288516,-42385.16651068564,42385.16651068564,7.999999999999995
2026-09-19,19,2026-09-01,True,CARIBE_SOL,22434986.98,313521.04375,162026379.01999998,105317146.36,366.1418,266492.89,47028.16,85.0,15.0,Cubierta (85.0% Contratos / 15.0% Bolsa),940.5631312500001,344379.47788951127,529814.5813835708,487429.41487288516,-42385.16651068564,42385.16651068564,7.999999999999995
2026-09-19,19,2026-09-01,True,VALLE,18349844.74,313521.04375,162026379.01999998,105317146.36,366.1418,266492.89,47028.16,85.0,15.0,Cubierta (85.0% Contratos / 15.0% Bolsa),940.5631312500001,344379.47788951127,529814.5813835708,487429.41487288516,-42385.16651068564,42385.16651068564,7.999999999999995
2026-09-19,19,2026-09-01,True,SANTANDER,14449273.42,313521.04375,162026379.01999998,105317146.36,366.1418,266492.89,47028.16,85.0,15.0,Cubierta (85.0% Contratos / 15.0% Bolsa),940.5631312500001,344379.47788951127,529814.5813835708,487429.41487288516,-42385.16651068564,42385.16651068564,7.999999999999995
2026-09-19,19,2026-09-01,True,CUNDINAMARCA,9281729.28,313521.04375,162026379.01999998,105317146.36,366.1418,266492.89,47028.16,85.0,15.0,Cubierta (85.0% Contratos / 15.0% Bolsa),940.5631312500001,344379.47788951127,529814.5813835708,487429.41487288516,-42385.16651068564,42385.16651068564,7.999999999999995
2026-09-19,19,2026-09-01,True,TOLIMA,7694858.6,313521.04375,162026379.01999998,105317146.36,366.1418,266492.89,47028.16,85.0,15.0,Cubierta (85.0% Contratos / 15.0% Bolsa),940.5631312500001,344379.47788951127,529814.5813835708,487429.41487288516,-42385.16651068564,42385.16651068564,7.999999999999995
2026-09-20,20,2026-09-01,True,ANTIOQUIA,25673106.08,313993.47625,162270530.67,105475844.94,365.7224,266894.45,47099.02,85.0,15.0,Cubierta (85.0% Contratos / 15.0% Bolsa),941.98042875,344503.343155479,530005.1432935095,487604.73183002876,-42400.411463480734,42400.411463480734,7.999999999999995
2026-09-20,20,2026-09-01,True,BOGOTA,35908145.89,313993.47625,162270530.67,105475844.94,365.7224,266894.45,47099.02,85.0,15.0,Cubierta (85.0% Contratos / 15.0% Bolsa),941.98042875,344503.343155479,530005.1432935095,487604.73183002876,-42400.411463480734,42400.411463480734,7.999999999999995
2026-09-20,20,2026-09-01,True,CARIBE_MAR,28471671.1,313993.47625,162270530.67,105475844.94,365.7224,266894.45,47099.02,85.0,15.0,Cubierta (85.0% Contratos / 15.0% Bolsa),941.98042875,344503.343155479,530005.1432935095,487604.73183002876,-42400.411463480734,42400.411463480734,7.999999999999995
2026-09-20,20,2026-09-01,True,CARIBE_SOL,22573964.65,313993.47625,162270530.67,105475844.94,365.7224,266894.45,47099.02,85.0,15.0,Cubierta (85.0% Contratos / 15.0% Bolsa),941.98042875,344503.343155479,530005.1432935095,487604.73183002876,-42400.411463480734,42400.411463480734,7.999999999999995
2026-09-20,20,2026-09-01,True,VALLE,18235598.83,313993.47625,162270530.67,105475844.94,365.7224,266894.45,47099.02,85.0,15.0,Cubierta (85.0% Contratos / 15.0% Bolsa),941.98042875,344503.343155479,530005.1432935095,487604.73183002876,-42400.411463480734,42400.411463480734,7.999999999999995
2026-09-20,20,2026-09-01,True,SANTANDER,14360844.57,313993.47625,162270530.67,105475844.94,365.7224,266894.45,47099.02,85.0,15.0,Cubierta (85.0% Contratos / 15.0% Bolsa),941.98042875,344503.343155479,530005.1432935095,487604.73183002876,-42400.411463480734,42400.411463480734,7.999999999999995
2026-09-20,20,2026-09-01,True,CUNDINAMARCA,9381037.66,313993.47625,162270530.67,105475844.94,365.7224,266894.45,47099.02,85.0,15.0,Cubierta (85.0% Contratos / 15.0% Bolsa),941.98042875,344503.343155479,530005.1432935095,487604.73183002876,-42400.411463480734,42400.411463480734,7.999999999999995
2026-09-20,20,2026-09-01,True,TOLIMA,7666161.89,313993.47625,162270530.67,105475844.94,365.7224,266894.45,47099.02,85.0,15.0,Cubierta (85.0% Contratos / 15.0% Bolsa),941.98042875,344503.343155479,530005.1432935095,487604.73183002876,-42400.411463480734,42400.411463480734,7.999999999999995
2026-09-21,21,2026-09-01,True,ANTIOQUIA,30453201.07,443413.645,193208559.93,125585563.95,365.3147,376901.6,66512.05,85.0,15.0,Cubierta (85.0% Contratos / 15.0% Bolsa),1330.240935,485956.56809724454,747625.4894071654,687815.4502545922,-59810.03915257321,59810.03915257321,7.999999999999997
2026-09-21,21,2026-09-01,True,BOGOTA,42933260.22,443413.645,193208559.93,125585563.95,365.3147,376901.6,66512.05,85.0,15.0,Cubierta (85.0% Contratos / 15.0% Bolsa),1330.240935,485956.56809724454,747625.4894071654,687815.4502545922,-59810.03915257321,59810.03915257321,7.999999999999997
2026-09-21,21,2026-09-01,True,CARIBE_MAR,33868703.77,443413.645,193208559.93,125585563.95,365.3147,376901.6,66512.05,85.0,15.0,Cubierta (85.0% Contratos / 15.0% Bolsa),1330.240935,485956.56809724454,747625.4894071654,687815.4502545922,-59810.03915257321,59810.03915257321,7.999999999999997
2026-09-21,21,2026-09-01,True,CARIBE_SOL,27110512.9,443413.645,193208559.93,125585563.95,365.3147,376901.6,66512.05,85.0,15.0,Cubierta (85.0% Contratos / 15.0% Bolsa),1330.240935,485956.56809724454,747625.4894071654,687815.4502545922,-59810.03915257321,59810.03915257321,7.999999999999997
2026-09-21,21,2026-09-01,True,VALLE,21744926.03,443413.645,193208559.93,125585563.95,365.3147,376901.6,66512.05,85.0,15.0,Cubierta (85.0% Contratos / 15.0% Bolsa),1330.240935,485956.56809724454,747625.4894071654,687815.4502545922,-59810.03915257321,59810.03915257321,7.999999999999997
2026-09-21,21,2026-09-01,True,SANTANDER,17127384.65,443413.645,193208559.93,125585563.95,365.3147,376901.6,66512.05,85.0,15.0,Cubierta (85.0% Contratos / 15.0% Bolsa),1330.240935,485956.56809724454,747625.4894071654,687815.4502545922,-59810.03915257321,59810.03915257321,7.999999999999997
2026-09-21,21,2026-09-01,True,CUNDINAMARCA,10873774.45,443413.645,193208559.93,125585563.95,365.3147,376901.6,66512.05,85.0,15.0,Cubierta (85.0% Contratos / 15.0% Bolsa),1330.240935,485956.56809724454,747625.4894071654,687815.4502545922,-59810.03915257321,59810.03915257321,7.999999999999997
2026-09-21,21,2026-09-01,True,TOLIMA,9096796.84,443413.645,193208559.93,125585563.95,365.3147,376901.6,66512.05,85.0,15.0,Cubierta (85.0% Contratos / 15.0% Bolsa),1330.240935,485956.56809724454,747625.4894071654,687815.4502545922,-59810.03915257321,59810.03915257321,7.999999999999997
2026-09-22,22,2026-09-01,True,ANTIOQUIA,30198160.81,442193.02625,192676700.03,125239855.02,364.93,375864.07,66328.95,85.0,15.0,Cubierta (85.0% Contratos / 15.0% Bolsa),1326.57907875,484108.5032082375,744782.3126250843,685199.7276150776,-59582.585010006675,59582.585010006675,7.99999999999999
2026-09-22,22,2026-09-01,True,BOGOTA,43046626.01,442193.02625,192676700.03,125239855.02,364.93,375864.07,66328.95,85.0,15.0,Cubierta (85.0% Contratos / 15.0% Bolsa),1326.57907875,484108.5032082375,744782.3126250843,685199.7276150776,-59582.585010006675,59582.585010006675,7.99999999999999
2026-09-22,22,2026-09-01,True,CARIBE_MAR,34196631.42,442193.02625,192676700.03,125239855.02,364.93,375864.07,66328.95,85.0,15.0,Cubierta (85.0% Contratos / 15.0% Bolsa),1326.57907875,484108.5032082375,744782.3126250843,685199.7276150776,-59582.585010006675,59582.585010006675,7.99999999999999
2026-09-22,22,2026-09-01,True,CARIBE_SOL,26310264.42,442193.02625,192676700.03,125239855.02,364.93,375864.07,66328.95,85.0,15.0,Cubierta (85.0% Contratos / 15.0% Bolsa),1326.57907875,484108.5032082375,744782.3126250843,685199.7276150776,-59582.585010006675,59582.585010006675,7.99999999999999
2026-09-22,22,2026-09-01,True,VALLE,21917967.06,442193.02625,192676700.03,125239855.02,364.93,375864.07,66328.95,85.0,15.0,Cubierta (85.0% Contratos / 15.0% Bolsa),1326.57907875,484108.5032082375,744782.3126250843,685199.7276150776,-59582.585010006675,59582.585010006675,7.99999999999999
2026-09-22,22,2026-09-01,True,SANTANDER,16909977.78,442193.02625,192676700.03,125239855.02,364.93,375864.07,66328.95,85.0,15.0,Cubierta (85.0% Contratos / 15.0% Bolsa),1326.57907875,484108.5032082375,744782.3126250843,685199.7276150776,-59582.585010006675,59582.585010006675,7.99999999999999
2026-09-22,22,2026-09-01,True,CUNDINAMARCA,11030257.32,442193.02625,192676700.03,125239855.02,364.93,375864.07,66328.95,85.0,15.0,Cubierta (85.0% Contratos / 15.0% Bolsa),1326.57907875,484108.5032082375,744782.3126250843,685199.7276150776,-59582.585010006675,59582.585010006675,7.99999999999999
2026-09-22,22,2026-09-01,True,TOLIMA,9066815.21,442193.02625,192676700.03,125239855.02,364.93,375864.07,66328.95,85.0,15.0,Cubierta (85.0% Contratos / 15.0% Bolsa),1326.57907875,484108.5032082375,744782.3126250843,685199.7276150776,-59582.585010006675,59582.585010006675,7.99999999999999
2026-09-23,23,2026-09-01,True,ANTIOQUIA,30874028.89,444775.055,193801766.83999997,125971148.45,364.5793,378058.8,66716.26,85.0,15.0,Cubierta (85.0% Contratos / 15.0% Bolsa),1334.325165,486467.3346280845,748411.2840194423,688538.381297887,-59872.90272155532,59872.90272155532,7.999999999999992
2026-09-23,23,2026-09-01,True,BOGOTA,42590179.18,444775.055,193801766.83999997,125971148.45,364.5793,378058.8,66716.26,85.0,15.0,Cubierta (85.0% Contratos / 15.0% Bolsa),1334.325165,486467.3346280845,748411.2840194423,688538.381297887,-59872.90272155532,59872.90272155532,7.999999999999992
2026-09-23,23,2026-09-01,True,CARIBE_MAR,34572203.96,444775.055,193801766.83999997,125971148.45,364.5793,378058.8,66716.26,85.0,15.0,Cubierta (85.0% Contratos / 15.0% Bolsa),1334.325165,486467.3346280845,748411.2840194423,688538.381297887,-59872.90272155532,59872.90272155532,7.999999999999992
2026-09-23,23,2026-09-01,True,CARIBE_SOL,26509994.02,444775.055,193801766.83999997,125971148.45,364.5793,378058.8,66716.26,85.0,15.0,Cubierta (85.0% Contratos / 15.0% Bolsa),1334.325165,486467.3346280845,748411.2840194423,688538.381297887,-59872.90272155532,59872.90272155532,7.999999999999992
2026-09-23,23,2026-09-01,True,VALLE,21913478.98,444775.055,193801766.83999997,125971148.45,364.5793,378058.8,66716.26,85.0,15.0,Cubierta (85.0% Contratos / 15.0% Bolsa),1334.325165,486467.3346280845,748411.2840194423,688538.381297887,-59872.90272155532,59872.90272155532,7.999999999999992
2026-09-23,23,2026-09-01,True,SANTANDER,17181974.2,444775.055,193801766.83999997,125971148.45,364.5793,378058.8,66716.26,85.0,15.0,Cubierta (85.0% Contratos / 15.0% Bolsa),1334.325165,486467.3346280845,748411.2840194423,688538.381297887,-59872.90272155532,59872.90272155532,7.999999999999992
2026-09-23,23,2026-09-01,True,CUNDINAMARCA,11028448.25,444775.055,193801766.83999997,125971148.45,364.5793,378058.8,66716.26,85.0,15.0,Cubierta (85.0% Contratos / 15.0% Bolsa),1334.325165,486467.3346280845,748411.2840194423,688538.381297887,-59872.90272155532,59872.90272155532,7.999999999999992
2026-09-23,23,2026-09-01,True,TOLIMA,9131459.36,444775.055,193801766.83999997,125971148.45,364.5793,378058.8,66716.26,85.0,15.0,Cubierta (85.0% Contratos / 15.0% Bolsa),1334.325165,486467.3346280845,748411.2840194423,688538.381297887,-59872.90272155532,59872.90272155532,7.999999999999992
2026-09-24,24,2026-09-01,True,ANTIOQUIA,30315882.27,443039.07,193045346.14,125479474.99,364.2728,376583.21,66455.86,85.0,15.0,Cubierta (85.0% Contratos / 15.0% Bolsa),1329.1172100000001,484161.24761488807,744863.4578749947,685274.3812449952,-59589.07662999956,59589.07662999956,7.999999999999997
2026-09-24,24,2026-09-01,True,BOGOTA,42534752.66,443039.07,193045346.14,125479474.99,364.2728,376583.21,66455.86,85.0,15.0,Cubierta (85.0% Contratos / 15.0% Bolsa),1329.1172100000001,484161.24761488807,744863.4578749947,685274.3812449952,-59589.07662999956,59589.07662999956,7.999999999999997
2026-09-24,24,2026-09-01,True,CARIBE_MAR,34072176.76,443039.07,193045346.14,125479474.99,364.2728,376583.21,66455.86,85.0,15.0,Cubierta (85.0% Contratos / 15.0% Bolsa),1329.1172100000001,484161.24761488807,744863.4578749947,685274.3812449952,-59589.07662999956,59589.07662999956,7.999999999999997
2026-09-24,24,2026-09-01,True,CARIBE_SOL,27022650.21,443039.07,193045346.14,125479474.99,364.2728,376583.21,66455.86,85.0,15.0,Cubierta (85.0% Contratos / 15.0% Bolsa),1329.1172100000001,484161.24761488807,744863.4578749947,685274.3812449952,-59589.07662999956,59589.07662999956,7.999999999999997
2026-09-24,24,2026-09-01,True,VALLE,21847398.91,443039.07,193045346.14,125479474.99,364.2728,376583.21,66455.86,85.0,15.0,Cubierta (85.0% Contratos / 15.0% Bolsa),1329.1172100000001,484161.24761488807,744863.4578749947,685274.3812449952,-59589.07662999956,59589.07662999956,7.999999999999997
2026-09-24,24,2026-09-01,True,SANTANDER,16947954.13,443039.07,193045346.14,125479474.99,364.2728,376583.21,66455.86,85.0,15.0,Cubierta (85.0% Contratos / 15.0% Bolsa),1329.1172100000001,484161.24761488807,744863.4578749947,685274.3812449952,-59589.07662999956,59589.07662999956,7.999999999999997
2026-09-24,24,2026-09-01,True,CUNDINAMARCA,11051747.56,443039.07,193045346.14,125479474.99,364.2728,376583.21,66455.86,85.0,15.0,Cubierta (85.0% Contratos / 15.0% Bolsa),1329.1172100000001,484161.24761488807,744863.4578749947,685274.3812449952,-59589.07662999956,59589.07662999956,7.999999999999997
2026-09-24,24,2026-09-01,True,TOLIMA,9252783.64,443039.07,193045346.14,125479474.99,364.2728,376583.21,66455.86,85.0,15.0,Cubierta (85.0% Contratos / 15.0% Bolsa),1329.1172100000001,484161.24761488807,744863.4578749947,685274.3812449952,-59589.07662999956,59589.07662999956,7.999999999999997
2026-09-25,25,2026-09-01,True,ANTIOQUIA,29986795.96,445740.845,194222590.19000003,126244683.62,364.0197,378879.72,66861.13,85.0,15.0,Cubierta (85.0% Contratos / 15.0% Bolsa),1337.2225349999999,486775.34602393943,748885.1477498997,688974.3359299077,-59910.81181999191,59910.81181999191,7.999999999999992
2026-09-25,25,2026-09-01,True,BOGOTA,43012222.89,445740.845,194222590.19000003,126244683.62,364.0197,378879.72,66861.13,85.0,15.0,Cubierta (85.0% Contratos / 15.0% Bolsa),1337.2225349999999,486775.34602393943,748885.1477498997,688974.3359299077,-59910.81181999191,59910.81181999191,7.999999999999992
2026-09-25,25,2026-09-01,True,CARIBE_MAR,34454310.59,445740.845,194222590.19000003,126244683.62,364.0197,378879.72,66861.13,85.0,15.0,Cubierta (85.0% Contratos / 15.0% Bolsa),1337.2225349999999,486775.34602393943,748885.1477498997,688974.3359299077,-59910.81181999191,59910.81181999191,7.999999999999992
2026-09-25,25,2026-09-01,True,CARIBE_SOL,27167901.06,445740.845,194222590.19000003,126244683.62,364.0197,378879.72,66861.13,85.0,15.0,Cubierta (85.0% Contratos / 15.0% Bolsa),1337.2225349999999,486775.34602393943,748885.1477498997,688974.3359299077,-59910.81181999191,59910.81181999191,7.999999999999992
2026-09-25,25,2026-09-01,True,VALLE,22025867.15,445740.845,194222590.19000003,126244683.62,364.0197,378879.72,66861.13,85.0,15.0,Cubierta (85.0% Contratos / 15.0% Bolsa),1337.2225349999999,486775.34602393943,748885.1477498997,688974.3359299077,-59910.81181999191,59910.81181999191,7.999999999999992
2026-09-25,25,2026-09-01,True,SANTANDER,17248554.49,445740.845,194222590.19000003,126244683.62,364.0197,378879.72,66861.13,85.0,15.0,Cubierta (85.0% Contratos / 15.0% Bolsa),1337.2225349999999,486775.34602393943,748885.1477498997,688974.3359299077,-59910.81181999191,59910.81181999191,7.999999999999992
2026-09-25,25,2026-09-01,True,CUNDINAMARCA,11052441.08,445740.845,194222590.19000003,126244683.62,364.0197,378879.72,66861.13,85.0,15.0,Cubierta (85.0% Contratos / 15.0% Bolsa),1337.2225349999999,486775.34602393943,748885.1477498997,688974.3359299077,-59910.81181999191,59910.81181999191,7.999999999999992
2026-09-25,25,2026-09-01,True,TOLIMA,9274496.97,445740.845,194222590.19000003,126244683.62,364.0197,378879.72,66861.13,85.0,15.0,Cubierta (85.0% Contratos / 15.0% Bolsa),1337.2225349999999,486775.34602393943,748885.1477498997,688974.3359299077,-59910.81181999191,59910.81181999191,7.999999999999992
2026-09-26,26,2026-09-01,True,ANTIOQUIA,25575058.99,314542.18875,162554102.72999996,105660166.77,363.8283,267360.86,47181.33,85.0,15.0,Cubierta (85.0% Contratos / 15.0% Bolsa),943.6265662499999,343318.04943357484,528181.6145356869,485927.08537283196,-42254.529162854946,42254.529162854946,7.999999999999999
2026-09-26,26,2026-09-01,True,BOGOTA,36164657.07,314542.18875,162554102.72999996,105660166.77,363.8283,267360.86,47181.33,85.0,15.0,Cubierta (85.0% Contratos / 15.0% Bolsa),943.6265662499999,343318.04943357484,528181.6145356869,485927.08537283196,-42254.529162854946,42254.529162854946,7.999999999999999
2026-09-26,26,2026-09-01,True,CARIBE_MAR,28429981.82,314542.18875,162554102.72999996,105660166.77,363.8283,267360.86,47181.33,85.0,15.0,Cubierta (85.0% Contratos / 15.0% Bolsa),943.6265662499999,343318.04943357484,528181.6145356869,485927.08537283196,-42254.529162854946,42254.529162854946,7.999999999999999
2026-09-26,26,2026-09-01,True,CARIBE_SOL,22494856.56,314542.18875,162554102.72999996,105660166.77,363.8283,267360.86,47181.33,85.0,15.0,Cubierta (85.0% Contratos / 15.0% Bolsa),943.6265662499999,343318.04943357484,528181.6145356869,485927.08537283196,-42254.529162854946,42254.529162854946,7.999999999999999
2026-09-26,26,2026-09-01,True,VALLE,18628219.41,314542.18875,162554102.72999996,105660166.77,363.8283,267360.86,47181.33,85.0,15.0,Cubierta (85.0% Contratos / 15.0% Bolsa),943.6265662499999,343318.04943357484,528181.6145356869,485927.08537283196,-42254.529162854946,42254.529162854946,7.999999999999999
2026-09-26,26,2026-09-01,True,SANTANDER,14275972.67,314542.18875,162554102.72999996,105660166.77,363.8283,267360.86,47181.33,85.0,15.0,Cubierta (85.0% Contratos / 15.0% Bolsa),943.6265662499999,343318.04943357484,528181.6145356869,485927.08537283196,-42254.529162854946,42254.529162854946,7.999999999999999
2026-09-26,26,2026-09-01,True,CUNDINAMARCA,9315948.67,314542.18875,162554102.72999996,105660166.77,363.8283,267360.86,47181.33,85.0,15.0,Cubierta (85.0% Contratos / 15.0% Bolsa),943.6265662499999,343318.04943357484,528181.6145356869,485927.08537283196,-42254.529162854946,42254.529162854946,7.999999999999999
2026-09-26,26,2026-09-01,True,TOLIMA,7669407.54,314542.18875,162554102.72999996,105660166.77,363.8283,267360.86,47181.33,85.0,15.0,Cubierta (85.0% Contratos / 15.0% Bolsa),943.6265662499999,343318.04943357484,528181.6145356869,485927.08537283196,-42254.529162854946,42254.529162854946,7.999999999999999
2026-09-27,27,2026-09-01,True,ANTIOQUIA,25480395.69,315609.7,163105788.21999997,106018762.34,363.7055,268268.24,47341.46,85.0,15.0,Cubierta (85.0% Contratos / 15.0% Bolsa),946.8291,344366.95123005,529795.3095996837,487411.6848317091,-42383.62476797466,42383.62476797466,7.999999999999992
2026-09-27,27,2026-09-01,True,BOGOTA,36306765.56,315609.7,163105788.21999997,106018762.34,363.7055,268268.24,47341.46,85.0,15.0,Cubierta (85.0% Contratos / 15.0% Bolsa),946.8291,344366.95123005,529795.3095996837,487411.6848317091,-42383.62476797466,42383.62476797466,7.999999999999992
2026-09-27,27,2026-09-01,True,CARIBE_MAR,29262860.05,315609.7,163105788.21999997,106018762.34,363.7055,268268.24,47341.46,85.0,15.0,Cubierta (85.0% Contratos / 15.0% Bolsa),946.8291,344366.95123005,529795.3095996837,487411.6848317091,-42383.62476797466,42383.62476797466,7.999999999999992
2026-09-27,27,2026-09-01,True,CARIBE_SOL,22536464.34,315609.7,163105788.21999997,106018762.34,363.7055,268268.24,47341.46,85.0,15.0,Cubierta (85.0% Contratos / 15.0% Bolsa),946.8291,344366.95123005,529795.3095996837,487411.6848317091,-42383.62476797466,42383.62476797466,7.999999999999992
2026-09-27,27,2026-09-01,True,VALLE,18533713.56,315609.7,163105788.21999997,106018762.34,363.7055,268268.24,47341.46,85.0,15.0,Cubierta (85.0% Contratos / 15.0% Bolsa),946.8291,344366.95123005,529795.3095996837,487411.6848317091,-42383.62476797466,42383.62476797466,7.999999999999992
2026-09-27,27,2026-09-01,True,SANTANDER,14236720.59,315609.7,163105788.21999997,106018762.34,363.7055,268268.24,47341.46,85.0,15.0,Cubierta (85.0% Contratos / 15.0% Bolsa),946.8291,344366.95123005,529795.3095996837,487411.6848317091,-42383.62476797466,42383.62476797466,7.999999999999992
2026-09-27,27,2026-09-01,True,CUNDINAMARCA,9181672.54,315609.7,163105788.21999997,106018762.34,363.7055,268268.24,47341.46,85.0,15.0,Cubierta (85.0% Contratos / 15.0% Bolsa),946.8291,344366.95123005,529795.3095996837,487411.6848317091,-42383.62476797466,42383.62476797466,7.999999999999992
2026-09-27,27,2026-09-01,True,TOLIMA,7567195.89,315609.7,163105788.21999997,106018762.34,363.7055,268268.24,47341.46,85.0,15.0,Cubierta (85.0% Contratos / 15.0% Bolsa),946.8291,344366.95123005,529795.3095996837,487411.6848317091,-42383.62476797466,42383.62476797466,7.999999999999992
2026-09-28,28,2026-09-01,True,ANTIOQUIA,30518211.91,445861.905,194275339.85999995,126278970.91,363.6569,378982.62,66879.29,85.0,15.0,Cubierta (85.0% Contratos / 15.0% Bolsa),1337.5857150000002,486422.27460118354,748341.9609189716,688474.6040454538,-59867.35687351774,59867.35687351774,8.000000000000002
2026-09-28,28,2026-09-01,True,BOGOTA,43163103.19,445861.905,194275339.85999995,126278970.91,363.6569,378982.62,66879.29,85.0,15.0,Cubierta (85.0% Contratos / 15.0% Bolsa),1337.5857150000002,486422.27460118354,748341.9609189716,688474.6040454538,-59867.35687351774,59867.35687351774,8.000000000000002
2026-09-28,28,2026-09-01,True,CARIBE_MAR,34343853.0,445861.905,194275339.85999995,126278970.91,363.6569,378982.62,66879.29,85.0,15.0,Cubierta (85.0% Contratos / 15.0% Bolsa),1337.5857150000002,486422.27460118354,748341.9609189716,688474.6040454538,-59867.35687351774,59867.35687351774,8.000000000000002
2026-09-28,28,2026-09-01,True,CARIBE_SOL,27228516.92,445861.905,194275339.85999995,126278970.91,363.6569,378982.62,66879.29,85.0,15.0,Cubierta (85.0% Contratos / 15.0% Bolsa),1337.5857150000002,486422.27460118354,748341.9609189716,688474.6040454538,-59867.35687351774,59867.35687351774,8.000000000000002
2026-09-28,28,2026-09-01,True,VALLE,21552512.26,445861.905,194275339.85999995,126278970.91,363.6569,378982.62,66879.29,85.0,15.0,Cubierta (85.0% Contratos / 15.0% Bolsa),1337.5857150000002,486422.27460118354,748341.9609189716,688474.6040454538,-59867.35687351774,59867.35687351774,8.000000000000002
2026-09-28,28,2026-09-01,True,SANTANDER,17194992.72,445861.905,194275339.85999995,126278970.91,363.6569,378982.62,66879.29,85.0,15.0,Cubierta (85.0% Contratos / 15.0% Bolsa),1337.5857150000002,486422.27460118354,748341.9609189716,688474.6040454538,-59867.35687351774,59867.35687351774,8.000000000000002
2026-09-28,28,2026-09-01,True,CUNDINAMARCA,11101375.1,445861.905,194275339.85999995,126278970.91,363.6569,378982.62,66879.29,85.0,15.0,Cubierta (85.0% Contratos / 15.0% Bolsa),1337.5857150000002,486422.27460118354,748341.9609189716,688474.6040454538,-59867.35687351774,59867.35687351774,8.000000000000002
2026-09-28,28,2026-09-01,True,TOLIMA,9172774.76,445861.905,194275339.85999995,126278970.91,363.6569,378982.62,66879.29,85.0,15.0,Cubierta (85.0% Contratos / 15.0% Bolsa),1337.5857150000002,486422.27460118354,748341.9609189716,688474.6040454538,-59867.35687351774,59867.35687351774,8.000000000000002
2026-09-29,29,2026-09-01,True,ANTIOQUIA,30038262.18,442137.19,192652370.33999997,125224040.72,363.6866,375816.61,66320.58,85.0,15.0,Cubierta (85.0% Contratos / 15.0% Bolsa),1326.41157,482398.114093962,742150.9447658681,682778.8691845987,-59372.075581269455,59372.075581269455,8.0
2026-09-29,29,2026-09-01,True,BOGOTA,42223891.74,442137.19,192652370.33999997,125224040.72,363.6866,375816.61,66320.58,85.0,15.0,Cubierta (85.0% Contratos / 15.0% Bolsa),1326.41157,482398.114093962,742150.9447658681,682778.8691845987,-59372.075581269455,59372.075581269455,8.0
2026-09-29,29,2026-09-01,True,CARIBE_MAR,33925385.53,442137.19,192652370.33999997,125224040.72,363.6866,375816.61,66320.58,85.0,15.0,Cubierta (85.0% Contratos / 15.0% Bolsa),1326.41157,482398.114093962,742150.9447658681,682778.8691845987,-59372.075581269455,59372.075581269455,8.0
2026-09-29,29,2026-09-01,True,CARIBE_SOL,27320261.96,442137.19,192652370.33999997,125224040.72,363.6866,375816.61,66320.58,85.0,15.0,Cubierta (85.0% Contratos / 15.0% Bolsa),1326.41157,482398.114093962,742150.9447658681,682778.8691845987,-59372.075581269455,59372.075581269455,8.0
2026-09-29,29,2026-09-01,True,VALLE,22022145.51,442137.19,192652370.33999997,125224040.72,363.6866,375816.61,66320.58,85.0,15.0,Cubierta (85.0% Contratos / 15.0% Bolsa),1326.41157,482398.114093962,742150.9447658681,682778.8691845987,-59372.075581269455,59372.075581269455,8.0
2026-09-29,29,2026-09-01,True,SANTANDER,17032536.96,442137.19,192652370.33999997,125224040.72,363.6866,375816.61,66320.58,85.0,15.0,Cubierta (85.0% Contratos / 15.0% Bolsa),1326.41157,482398.114093962,742150.9447658681,682778.8691845987,-59372.075581269455,59372.075581269455,8.0
2026-09-29,29,2026-09-01,True,CUNDINAMARCA,10995748.6,442137.19,192652370.33999997,125224040.72,363.6866,375816.61,66320.58,85.0,15.0,Cubierta (85.0% Contratos / 15.0% Bolsa),1326.41157,482398.114093962,742150.9447658681,682778.8691845987,-59372.075581269455,59372.075581269455,8.0
2026-09-29,29,2026-09-01,True,TOLIMA,9094137.86,442137.19,192652370.33999997,125224040.72,363.6866,375816.61,66320.58,85.0,15.0,Cubierta (85.0% Contratos / 15.0% Bolsa),1326.41157,482398.114093962,742150.9447658681,682778.8691845987,-59372.075581269455,59372.075581269455,8.0
2026-09-30,30,2026-09-01,True,ANTIOQUIA,30910496.62,443993.15875,193461071.61000004,125749696.55,363.7969,377394.18,66598.97,85.0,15.0,Cubierta (85.0% Contratos / 15.0% Bolsa),1331.97947625,484570.00432337367,745492.3143229026,685852.9291770704,-59639.3851458322,59639.3851458322,7.999999999999999
2026-09-30,30,2026-09-01,True,BOGOTA,42565515.56,443993.15875,193461071.61000004,125749696.55,363.7969,377394.18,66598.97,85.0,15.0,Cubierta (85.0% Contratos / 15.0% Bolsa),1331.97947625,484570.00432337367,745492.3143229026,685852.9291770704,-59639.3851458322,59639.3851458322,7.999999999999999
2026-09-30,30,2026-09-01,True,CARIBE_MAR,33725916.02,443993.15875,193461071.61000004,125749696.55,363.7969,377394.18,66598.97,85.0,15.0,Cubierta (85.0% Contratos / 15.0% Bolsa),1331.97947625,484570.00432337367,745492.3143229026,685852.9291770704,-59639.3851458322,59639.3851458322,7.999999999999999
2026-09-30,30,2026-09-01,True,CARIBE_SOL,26794706.47,443993.15875,193461071.61000004,125749696.55,363.7969,377394.18,66598.97,85.0,15.0,Cubierta (85.0% Contratos / 15.0% Bolsa),1331.97947625,484570.00432337367,745492.3143229026,685852.9291770704,-59639.3851458322,59639.3851458322,7.999999999999999
2026-09-30,30,2026-09-01,True,VALLE,22105326.21,443993.15875,193461071.61000004,125749696.55,363.7969,377394.18,66598.97,85.0,15.0,Cubierta (85.0% Contratos / 15.0% Bolsa),1331.97947625,484570.00432337367,745492.3143229026,685852.9291770704,-59639.3851458322,59639.3851458322,7.999999999999999
2026-09-30,30,2026-09-01,True,SANTANDER,17107663.55,443993.15875,193461071.61000004,125749696.55,363.7969,377394.18,66598.97,85.0,15.0,Cubierta (85.0% Contratos / 15.0% Bolsa),1331.97947625,484570.00432337367,745492.3143229026,685852.9291770704,-59639.3851458322,59639.3851458322,7.999999999999999
2026-09-30,30,2026-09-01,True,CUNDINAMARCA,10963754.46,443993.15875,193461071.61000004,125749696.55,363.7969,377394.18,66598.97,85.0,15.0,Cubierta (85.0% Contratos / 15.0% Bolsa),1331.97947625,484570.00432337367,745492.3143229026,685852.9291770704,-59639.3851458322,59639.3851458322,7.999999999999999
2026-09-30,30,2026-09-01,True,TOLIMA,9287692.72,443993.15875,193461071.61000004,125749696.55,363.7969,377394.18,66598.97,85.0,15.0,Cubierta (85.0% Contratos / 15.0% Bolsa),1331.97947625,484570.00432337367,745492.3143229026,685852.9291770704,-59639.3851458322,59639.3851458322,7.999999999999999
2026-10-01,1,2026-10-01,True,ANTIOQUIA,30718540.74,444029.54375,193476925.52,125760001.59,363.9887,377425.11,66604.43,85.0,15.0,Cubierta (85.0% Contratos / 15.0% Bolsa),1332.0886312500002,484865.20917346695,745946.4756396245,686270.7575884546,-59675.71805116988,59675.71805116988,7.999999999999989
2026-10-01,1,2026-10-01,True,BOGOTA,42939543.23,444029.54375,193476925.52,125760001.59,363.9887,377425.11,66604.43,85.0,15.0,Cubierta (85.0% Contratos / 15.0% Bolsa),1332.0886312500002,484865.20917346695,745946.4756396245,686270.7575884546,-59675.71805116988,59675.71805116988,7.999999999999989
2026-10-01,1,2026-10-01,True,CARIBE_MAR,34364611.15,444029.54375,193476925.52,125760001.59,363.9887,377425.11,66604.43,85.0,15.0,Cubierta (85.0% Contratos / 15.0% Bolsa),1332.0886312500002,484865.20917346695,745946.4756396245,686270.7575884546,-59675.71805116988,59675.71805116988,7.999999999999989
2026-10-01,1,2026-10-01,True,CARIBE_SOL,26503445.49,444029.54375,193476925.52,125760001.59,363.9887,377425.11,66604.43,85.0,15.0,Cubierta (85.0% Contratos / 15.0% Bolsa),1332.0886312500002,484865.20917346695,745946.4756396245,686270.7575884546,-59675.71805116988,59675.71805116988,7.999999999999989
2026-10-01,1,2026-10-01,True,VALLE,21740140.88,444029.54375,193476925.52,125760001.59,363.9887,377425.11,66604.43,85.0,15.0,Cubierta (85.0% Contratos / 15.0% Bolsa),1332.0886312500002,484865.20917346695,745946.4756396245,686270.7575884546,-59675.71805116988,59675.71805116988,7.999999999999989
2026-10-01,1,2026-10-01,True,SANTANDER,16955151.49,444029.54375,193476925.52,125760001.59,363.9887,377425.11,66604.43,85.0,15.0,Cubierta (85.0% Contratos / 15.0% Bolsa),1332.0886312500002,484865.20917346695,745946.4756396245,686270.7575884546,-59675.71805116988,59675.71805116988,7.999999999999989
2026-10-01,1,2026-10-01,True,CUNDINAMARCA,11085122.17,444029.54375,193476925.52,125760001.59,363.9887,377425.11,66604.43,85.0,15.0,Cubierta (85.0% Contratos / 15.0% Bolsa),1332.0886312500002,484865.20917346695,745946.4756396245,686270.7575884546,-59675.71805116988,59675.71805116988,7.999999999999989
2026-10-01,1,2026-10-01,True,TOLIMA,9170370.37,444029.54375,193476925.52,125760001.59,363.9887,377425.11,66604.43,85.0,15.0,Cubierta (85.0% Contratos / 15.0% Bolsa),1332.0886312500002,484865.20917346695,745946.4756396245,686270.7575884546,-59675.71805116988,59675.71805116988,7.999999999999989
2026-10-02,2,2026-10-01,True,ANTIOQUIA,30482789.04,446888.205,194722529.44000003,126569644.14,364.2612,379854.97,67033.23,85.0,15.0,Cubierta (85.0% Contratos / 15.0% Bolsa),1340.6646150000001,488352.101457438,751310.9252953917,691206.0512717604,-60104.87402363133,60104.87402363133,7.999999999999999
2026-10-02,2,2026-10-01,True,BOGOTA,43531114.52,446888.205,194722529.44000003,126569644.14,364.2612,379854.97,67033.23,85.0,15.0,Cubierta (85.0% Contratos / 15.0% Bolsa),1340.6646150000001,488352.101457438,751310.9252953917,691206.0512717604,-60104.87402363133,60104.87402363133,7.999999999999999
2026-10-02,2,2026-10-01,True,CARIBE_MAR,34457792.75,446888.205,194722529.44000003,126569644.14,364.2612,379854.97,67033.23,85.0,15.0,Cubierta (85.0% Contratos / 15.0% Bolsa),1340.6646150000001,488352.101457438,751310.9252953917,691206.0512717604,-60104.87402363133,60104.87402363133,7.999999999999999
2026-10-02,2,2026-10-01,True,CARIBE_SOL,26864677.04,446888.205,194722529.44000003,126569644.14,364.2612,379854.97,67033.23,85.0,15.0,Cubierta (85.0% Contratos / 15.0% Bolsa),1340.6646150000001,488352.101457438,751310.9252953917,691206.0512717604,-60104.87402363133,60104.87402363133,7.999999999999999
2026-10-02,2,2026-10-01,True,VALLE,22099484.9,446888.205,194722529.44000003,126569644.14,364.2612,379854.97,67033.23,85.0,15.0,Cubierta (85.0% Contratos / 15.0% Bolsa),1340.6646150000001,488352.101457438,751310.9252953917,691206.0512717604,-60104.87402363133,60104.87402363133,7.999999999999999
2026-10-02,2,2026-10-01,True,SANTANDER,17128552.78,446888.205,194722529.44000003,126569644.14,364.2612,379854.97,67033.23,85.0,15.0,Cubierta (85.0% Contratos / 15.0% Bolsa),1340.6646150000001,488352.101457438,751310.9252953917,691206.0512717604,-60104.87402363133,60104.87402363133,7.999999999999999
2026-10-02,2,2026-10-01,True,CUNDINAMARCA,10939682.08,446888.205,194722529.44000003,126569644.14,364.2612,379854.97,67033.23,85.0,15.0,Cubierta (85.0% Contratos / 15.0% Bolsa),1340.6646150000001,488352.101457438,751310.9252953917,691206.0512717604,-60104.87402363133,60104.87402363133,7.999999999999999
2026-10-02,2,2026-10-01,True,TOLIMA,9218436.33,446888.205,194722529.44000003,126569644.14,364.2612,379854.97,67033.23,85.0,15.0,Cubierta (85.0% Contratos / 15.0% Bolsa),1340.6646150000001,488352.101457438,751310.9252953917,691206.0512717604,-60104.87402363133,60104.87402363133,7.999999999999999
2026-10-03,3,2026-10-01,True,ANTIOQUIA,25802406.38,315611.14625,163106535.28,106019247.93,364.6118,268269.47,47341.67,85.0,15.0,Cubierta (85.0% Contratos / 15.0% Bolsa),946.83343875,345226.64440282725,531117.9144759073,488628.48131783475,-42489.433158072585,42489.433158072585,8.0
2026-10-03,3,2026-10-01,True,BOGOTA,36045503.28,315611.14625,163106535.28,106019247.93,364.6118,268269.47,47341.67,85.0,15.0,Cubierta (85.0% Contratos / 15.0% Bolsa),946.83343875,345226.64440282725,531117.9144759073,488628.48131783475,-42489.433158072585,42489.433158072585,8.0
2026-10-03,3,2026-10-01,True,CARIBE_MAR,28750929.61,315611.14625,163106535.28,106019247.93,364.6118,268269.47,47341.67,85.0,15.0,Cubierta (85.0% Contratos / 15.0% Bolsa),946.83343875,345226.64440282725,531117.9144759073,488628.48131783475,-42489.433158072585,42489.433158072585,8.0
2026-10-03,3,2026-10-01,True,CARIBE_SOL,22602335.67,315611.14625,163106535.28,106019247.93,364.6118,268269.47,47341.67,85.0,15.0,Cubierta (85.0% Contratos / 15.0% Bolsa),946.83343875,345226.64440282725,531117.9144759073,488628.48131783475,-42489.433158072585,42489.433158072585,8.0
2026-10-03,3,2026-10-01,True,VALLE,18695624.25,315611.14625,163106535.28,106019247.93,364.6118,268269.47,47341.67,85.0,15.0,Cubierta (85.0% Contratos / 15.0% Bolsa),946.83343875,345226.64440282725,531117.9144759073,488628.48131783475,-42489.433158072585,42489.433158072585,8.0
2026-10-03,3,2026-10-01,True,SANTANDER,14280642.72,315611.14625,163106535.28,106019247.93,364.6118,268269.47,47341.67,85.0,15.0,Cubierta (85.0% Contratos / 15.0% Bolsa),946.83343875,345226.64440282725,531117.9144759073,488628.48131783475,-42489.433158072585,42489.433158072585,8.0
2026-10-03,3,2026-10-01,True,CUNDINAMARCA,9229883.1,315611.14625,163106535.28,106019247.93,364.6118,268269.47,47341.67,85.0,15.0,Cubierta (85.0% Contratos / 15.0% Bolsa),946.83343875,345226.64440282725,531117.9144759073,488628.48131783475,-42489.433158072585,42489.433158072585,8.0
2026-10-03,3,2026-10-01,True,TOLIMA,7699210.27,315611.14625,163106535.28,106019247.93,364.6118,268269.47,47341.67,85.0,15.0,Cubierta (85.0% Contratos / 15.0% Bolsa),946.83343875,345226.64440282725,531117.9144759073,488628.48131783475,-42489.433158072585,42489.433158072585,8.0
2026-10-04,4,2026-10-01,True,ANTIOQUIA,26190400.79,316621.68875,163628779.77,106358706.85,365.0365,269128.44,47493.25,85.0,15.0,Cubierta (85.0% Contratos / 15.0% Bolsa),949.8650662499999,346735.41925616807,533439.1065504588,490763.97802642215,-42675.12852403667,42675.12852403667,7.999999999999993
2026-10-04,4,2026-10-01,True,BOGOTA,36075326.28,316621.68875,163628779.77,106358706.85,365.0365,269128.44,47493.25,85.0,15.0,Cubierta (85.0% Contratos / 15.0% Bolsa),949.8650662499999,346735.41925616807,533439.1065504588,490763.97802642215,-42675.12852403667,42675.12852403667,7.999999999999993
2026-10-04,4,2026-10-01,True,CARIBE_MAR,28738118.0,316621.68875,163628779.77,106358706.85,365.0365,269128.44,47493.25,85.0,15.0,Cubierta (85.0% Contratos / 15.0% Bolsa),949.8650662499999,346735.41925616807,533439.1065504588,490763.97802642215,-42675.12852403667,42675.12852403667,7.999999999999993
2026-10-04,4,2026-10-01,True,CARIBE_SOL,22652483.04,316621.68875,163628779.77,106358706.85,365.0365,269128.44,47493.25,85.0,15.0,Cubierta (85.0% Contratos / 15.0% Bolsa),949.8650662499999,346735.41925616807,533439.1065504588,490763.97802642215,-42675.12852403667,42675.12852403667,7.999999999999993
2026-10-04,4,2026-10-01,True,VALLE,18485344.06,316621.68875,163628779.77,106358706.85,365.0365,269128.44,47493.25,85.0,15.0,Cubierta (85.0% Contratos / 15.0% Bolsa),949.8650662499999,346735.41925616807,533439.1065504588,490763.97802642215,-42675.12852403667,42675.12852403667,7.999999999999993
2026-10-04,4,2026-10-01,True,SANTANDER,14414497.93,316621.68875,163628779.77,106358706.85,365.0365,269128.44,47493.25,85.0,15.0,Cubierta (85.0% Contratos / 15.0% Bolsa),949.8650662499999,346735.41925616807,533439.1065504588,490763.97802642215,-42675.12852403667,42675.12852403667,7.999999999999993
2026-10-04,4,2026-10-01,True,CUNDINAMARCA,9263745.96,316621.68875,163628779.77,106358706.85,365.0365,269128.44,47493.25,85.0,15.0,Cubierta (85.0% Contratos / 15.0% Bolsa),949.8650662499999,346735.41925616807,533439.1065504588,490763.97802642215,-42675.12852403667,42675.12852403667,7.999999999999993
2026-10-04,4,2026-10-01,True,TOLIMA,7808863.71,316621.68875,163628779.77,106358706.85,365.0365,269128.44,47493.25,85.0,15.0,Cubierta (85.0% Contratos / 15.0% Bolsa),949.8650662499999,346735.41925616807,533439.1065504588,490763.97802642215,-42675.12852403667,42675.12852403667,7.999999999999993
2026-10-05,5,2026-10-01,True,ANTIOQUIA,30418518.29,442897.52375,192983670.40999997,125439385.77,365.5296,376462.9,66434.63,85.0,15.0,Cubierta (85.0% Contratos / 15.0% Bolsa),1328.69257125,485676.464091984,747194.5601206657,687418.9953110125,-59775.56480965321,59775.56480965321,7.999999999999993
2026-10-05,5,2026-10-01,True,BOGOTA,42214105.5,442897.52375,192983670.40999997,125439385.77,365.5296,376462.9,66434.63,85.0,15.0,Cubierta (85.0% Contratos / 15.0% Bolsa),1328.69257125,485676.464091984,747194.5601206657,687418.9953110125,-59775.56480965321,59775.56480965321,7.999999999999993
2026-10-05,5,2026-10-01,True,CARIBE_MAR,34339874.02,442897.52375,192983670.40999997,125439385.77,365.5296,376462.9,66434.63,85.0,15.0,Cubierta (85.0% Contratos / 15.0% Bolsa),1328.69257125,485676.464091984,747194.5601206657,687418.9953110125,-59775.56480965321,59775.56480965321,7.999999999999993
2026-10-05,5,2026-10-01,True,CARIBE_SOL,26784086.26,442897.52375,192983670.40999997,125439385.77,365.5296,376462.9,66434.63,85.0,15.0,Cubierta (85.0% Contratos / 15.0% Bolsa),1328.69257125,485676.464091984,747194.5601206657,687418.9953110125,-59775.56480965321,59775.56480965321,7.999999999999993
2026-10-05,5,2026-10-01,True,VALLE,22004327.75,442897.52375,192983670.40999997,125439385.77,365.5296,376462.9,66434.63,85.0,15.0,Cubierta (85.0% Contratos / 15.0% Bolsa),1328.69257125,485676.464091984,747194.5601206657,687418.9953110125,-59775.56480965321,59775.56480965321,7.999999999999993
2026-10-05,5,2026-10-01,True,SANTANDER,17068671.83,442897.52375,192983670.40999997,125439385.77,365.5296,376462.9,66434.63,85.0,15.0,Cubierta (85.0% Contratos / 15.0% Bolsa),1328.69257125,485676.464091984,747194.5601206657,687418.9953110125,-59775.56480965321,59775.56480965321,7.999999999999993
2026-10-05,5,2026-10-01,True,CUNDINAMARCA,11051384.28,442897.52375,192983670.40999997,125439385.77,365.5296,376462.9,66434.63,85.0,15.0,Cubierta (85.0% Contratos / 15.0% Bolsa),1328.69257125,485676.464091984,747194.5601206657,687418.9953110125,-59775.56480965321,59775.56480965321,7.999999999999993
2026-10-05,5,2026-10-01,True,TOLIMA,9102702.48,442897.52375,192983670.40999997,125439385.77,365.5296,376462.9,66434.63,85.0,15.0,Cubierta (85.0% Contratos / 15.0% Bolsa),1328.69257125,485676.464091984,747194.5601206657,687418.9953110125,-59775.56480965321,59775.56480965321,7.999999999999993
2026-10-06,6,2026-10-01,True,ANTIOQUIA,30605044.58,445998.9275,194335044.79,126317779.11,366.0842,379099.09,66899.84,85.0,15.0,Cubierta (85.0% Contratos / 15.0% Bolsa),1337.9967825,489819.48172408657,753568.4334425514,693282.9587671473,-60285.47467540414,60285.47467540414,8.000000000000004
2026-10-06,6,2026-10-01,True,BOGOTA,43089104.24,445998.9275,194335044.79,126317779.11,366.0842,379099.09,66899.84,85.0,15.0,Cubierta (85.0% Contratos / 15.0% Bolsa),1337.9967825,489819.48172408657,753568.4334425514,693282.9587671473,-60285.47467540414,60285.47467540414,8.000000000000004
2026-10-06,6,2026-10-01,True,CARIBE_MAR,34216478.35,445998.9275,194335044.79,126317779.11,366.0842,379099.09,66899.84,85.0,15.0,Cubierta (85.0% Contratos / 15.0% Bolsa),1337.9967825,489819.48172408657,753568.4334425514,693282.9587671473,-60285.47467540414,60285.47467540414,8.000000000000004
2026-10-06,6,2026-10-01,True,CARIBE_SOL,26837146.62,445998.9275,194335044.79,126317779.11,366.0842,379099.09,66899.84,85.0,15.0,Cubierta (85.0% Contratos / 15.0% Bolsa),1337.9967825,489819.48172408657,753568.4334425514,693282.9587671473,-60285.47467540414,60285.47467540414,8.000000000000004
2026-10-06,6,2026-10-01,True,VALLE,22153881.72,445998.9275,194335044.79,126317779.11,366.0842,379099.09,66899.84,85.0,15.0,Cubierta (85.0% Contratos / 15.0% Bolsa),1337.9967825,489819.48172408657,753568.4334425514,693282.9587671473,-60285.47467540414,60285.47467540414,8.000000000000004
2026-10-06,6,2026-10-01,True,SANTANDER,17172338.2,445998.9275,194335044.79,126317779.11,366.0842,379099.09,66899.84,85.0,15.0,Cubierta (85.0% Contratos / 15.0% Bolsa),1337.9967825,489819.48172408657,753568.4334425514,693282.9587671473,-60285.47467540414,60285.47467540414,8.000000000000004
2026-10-06,6,2026-10-01,True,CUNDINAMARCA,11026255.52,445998.9275,194335044.79,126317779.11,366.0842,379099.09,66899.84,85.0,15.0,Cubierta (85.0% Contratos / 15.0% Bolsa),1337.9967825,489819.48172408657,753568.4334425514,693282.9587671473,-60285.47467540414,60285.47467540414,8.000000000000004
2026-10-06,6,2026-10-01,True,TOLIMA,9234795.56,445998.9275,194335044.79,126317779.11,366.0842,379099.09,66899.84,85.0,15.0,Cubierta (85.0% Contratos / 15.0% Bolsa),1337.9967825,489819.48172408657,753568.4334425514,693282.9587671473,-60285.47467540414,60285.47467540414,8.000000000000004
2026-10-07,7,2026-10-01,True,ANTIOQUIA,30685223.12,444231.3,193564836.37,125817143.64,366.6921,377596.6,66634.7,85.0,15.0,Cubierta (85.0% Contratos / 15.0% Bolsa),1332.6939,488688.32484818995,751828.1920771261,691681.936710956,-60146.25536617008,60146.25536617008,7.999999999999999
2026-10-07,7,2026-10-01,True,BOGOTA,42647938.17,444231.3,193564836.37,125817143.64,366.6921,377596.6,66634.7,85.0,15.0,Cubierta (85.0% Contratos / 15.0% Bolsa),1332.6939,488688.32484818995,751828.1920771261,691681.936710956,-60146.25536617008,60146.25536617008,7.999999999999999
2026-10-07,7,2026-10-01,True,CARIBE_MAR,34397634.97,444231.3,193564836.37,125817143.64,366.6921,377596.6,66634.7,85.0,15.0,Cubierta (85.0% Contratos / 15.0% Bolsa),1332.6939,488688.32484818995,751828.1920771261,691681.936710956,-60146.25536617008,60146.25536617008,7.999999999999999
2026-10-07,7,2026-10-01,True,CARIBE_SOL,26465704.81,444231.3,193564836.37,125817143.64,366.6921,377596.6,66634.7,85.0,15.0,Cubierta (85.0% Contratos / 15.0% Bolsa),1332.6939,488688.32484818995,751828.1920771261,691681.936710956,-60146.25536617008,60146.25536617008,7.999999999999999
2026-10-07,7,2026-10-01,True,VALLE,21913957.62,444231.3,193564836.37,125817143.64,366.6921,377596.6,66634.7,85.0,15.0,Cubierta (85.0% Contratos / 15.0% Bolsa),1332.6939,488688.32484818995,751828.1920771261,691681.936710956,-60146.25536617008,60146.25536617008,7.999999999999999
2026-10-07,7,2026-10-01,True,SANTANDER,17170033.21,444231.3,193564836.37,125817143.64,366.6921,377596.6,66634.7,85.0,15.0,Cubierta (85.0% Contratos / 15.0% Bolsa),1332.6939,488688.32484818995,751828.1920771261,691681.936710956,-60146.25536617008,60146.25536617008,7.999999999999999
2026-10-07,7,2026-10-01,True,CUNDINAMARCA,11113772.8,444231.3,193564836.37,125817143.64,366.6921,377596.6,66634.7,85.0,15.0,Cubierta (85.0% Contratos / 15.0% Bolsa),1332.6939,488688.32484818995,751828.1920771261,691681.936710956,-60146.25536617008,60146.25536617008,7.999999999999999
2026-10-07,7,2026-10-01,True,TOLIMA,9170571.67,444231.3,193564836.37,125817143.64,366.6921,377596.6,66634.7,85.0,15.0,Cubierta (85.0% Contratos / 15.0% Bolsa),1332.6939,488688.32484818995,751828.1920771261,691681.936710956,-60146.25536617008,60146.25536617008,7.999999999999999
2026-10-08,8,2026-10-01,True,ANTIOQUIA,30632445.78,446244.07875,194441864.47,126387211.91,367.3438,379307.47,66936.61,85.0,15.0,Cubierta (85.0% Contratos / 15.0% Bolsa),1338.73223625,491774.9868465727,756576.9028139433,696050.7505888279,-60526.15222511545,60526.15222511545,7.999999999999999
2026-10-08,8,2026-10-01,True,BOGOTA,43265437.0,446244.07875,194441864.47,126387211.91,367.3438,379307.47,66936.61,85.0,15.0,Cubierta (85.0% Contratos / 15.0% Bolsa),1338.73223625,491774.9868465727,756576.9028139433,696050.7505888279,-60526.15222511545,60526.15222511545,7.999999999999999
2026-10-08,8,2026-10-01,True,CARIBE_MAR,34188685.17,446244.07875,194441864.47,126387211.91,367.3438,379307.47,66936.61,85.0,15.0,Cubierta (85.0% Contratos / 15.0% Bolsa),1338.73223625,491774.9868465727,756576.9028139433,696050.7505888279,-60526.15222511545,60526.15222511545,7.999999999999999
2026-10-08,8,2026-10-01,True,CARIBE_SOL,26913124.92,446244.07875,194441864.47,126387211.91,367.3438,379307.47,66936.61,85.0,15.0,Cubierta (85.0% Contratos / 15.0% Bolsa),1338.73223625,491774.9868465727,756576.9028139433,696050.7505888279,-60526.15222511545,60526.15222511545,7.999999999999999
2026-10-08,8,2026-10-01,True,VALLE,22056716.48,446244.07875,194441864.47,126387211.91,367.3438,379307.47,66936.61,85.0,15.0,Cubierta (85.0% Contratos / 15.0% Bolsa),1338.73223625,491774.9868465727,756576.9028139433,696050.7505888279,-60526.15222511545,60526.15222511545,7.999999999999999
2026-10-08,8,2026-10-01,True,SANTANDER,17126269.0,446244.07875,194441864.47,126387211.91,367.3438,379307.47,66936.61,85.0,15.0,Cubierta (85.0% Contratos / 15.0% Bolsa),1338.73223625,491774.9868465727,756576.9028139433,696050.7505888279,-60526.15222511545,60526.15222511545,7.999999999999999
2026-10-08,8,2026-10-01,True,CUNDINAMARCA,11063505.37,446244.07875,194441864.47,126387211.91,367.3438,379307.47,66936.61,85.0,15.0,Cubierta (85.0% Contratos / 15.0% Bolsa),1338.73223625,491774.9868465727,756576.9028139433,696050.7505888279,-60526.15222511545,60526.15222511545,7.999999999999999
2026-10-08,8,2026-10-01,True,TOLIMA,9195680.75,446244.07875,194441864.47,126387211.91,367.3438,379307.47,66936.61,85.0,15.0,Cubierta (85.0% Contratos / 15.0% Bolsa),1338.73223625,491774.9868465727,756576.9028139433,696050.7505888279,-60526.15222511545,60526.15222511545,7.999999999999999
2026-10-09,9,2026-10-01,True,ANTIOQUIA,30682270.28,445358.205,194055862.97,126136310.93,368.0292,378554.47,66803.73,85.0,15.0,Cubierta (85.0% Contratos / 15.0% Bolsa),1336.074615,491714.471698758,756483.8026164726,695965.0984071548,-60518.7042093178,60518.7042093178,7.999999999999999
2026-10-09,9,2026-10-01,True,BOGOTA,42735883.95,445358.205,194055862.97,126136310.93,368.0292,378554.47,66803.73,85.0,15.0,Cubierta (85.0% Contratos / 15.0% Bolsa),1336.074615,491714.471698758,756483.8026164726,695965.0984071548,-60518.7042093178,60518.7042093178,7.999999999999999
2026-10-09,9,2026-10-01,True,CARIBE_MAR,34362584.86,445358.205,194055862.97,126136310.93,368.0292,378554.47,66803.73,85.0,15.0,Cubierta (85.0% Contratos / 15.0% Bolsa),1336.074615,491714.471698758,756483.8026164726,695965.0984071548,-60518.7042093178,60518.7042093178,7.999999999999999
2026-10-09,9,2026-10-01,True,CARIBE_SOL,26856645.68,445358.205,194055862.97,126136310.93,368.0292,378554.47,66803.73,85.0,15.0,Cubierta (85.0% Contratos / 15.0% Bolsa),1336.074615,491714.471698758,756483.8026164726,695965.0984071548,-60518.7042093178,60518.7042093178,7.999999999999999
2026-10-09,9,2026-10-01,True,VALLE,22017971.04,445358.205,194055862.97,126136310.93,368.0292,378554.47,66803.73,85.0,15.0,Cubierta (85.0% Contratos / 15.0% Bolsa),1336.074615,491714.471698758,756483.8026164726,695965.0984071548,-60518.7042093178,60518.7042093178,7.999999999999999
2026-10-09,9,2026-10-01,True,SANTANDER,17178340.88,445358.205,194055862.97,126136310.93,368.0292,378554.47,66803.73,85.0,15.0,Cubierta (85.0% Contratos / 15.0% Bolsa),1336.074615,491714.471698758,756483.8026164726,695965.0984071548,-60518.7042093178,60518.7042093178,7.999999999999999
2026-10-09,9,2026-10-01,True,CUNDINAMARCA,11079873.01,445358.205,194055862.97,126136310.93,368.0292,378554.47,66803.73,85.0,15.0,Cubierta (85.0% Contratos / 15.0% Bolsa),1336.074615,491714.471698758,756483.8026164726,695965.0984071548,-60518.7042093178,60518.7042093178,7.999999999999999
2026-10-09,9,2026-10-01,True,TOLIMA,9142293.27,445358.205,194055862.97,126136310.93,368.0292,378554.47,66803.73,85.0,15.0,Cubierta (85.0% Contratos / 15.0% Bolsa),1336.074615,491714.471698758,756483.8026164726,695965.0984071548,-60518.7042093178,60518.7042093178,7.999999999999999
2026-10-10,10,2026-10-01,True,ANTIOQUIA,25916788.55,317825.12125,164250708.85,106762960.75,368.7374,270151.35,47673.77,85.0,15.0,Cubierta (85.0% Contratos / 15.0% Bolsa),953.47536375,351582.02659322927,540895.4255407108,497623.79149745393,-43271.63404325687,43271.63404325687,8.000000000000002
2026-10-10,10,2026-10-01,True,BOGOTA,36580187.51,317825.12125,164250708.85,106762960.75,368.7374,270151.35,47673.77,85.0,15.0,Cubierta (85.0% Contratos / 15.0% Bolsa),953.47536375,351582.02659322927,540895.4255407108,497623.79149745393,-43271.63404325687,43271.63404325687,8.000000000000002
2026-10-10,10,2026-10-01,True,CARIBE_MAR,29534391.33,317825.12125,164250708.85,106762960.75,368.7374,270151.35,47673.77,85.0,15.0,Cubierta (85.0% Contratos / 15.0% Bolsa),953.47536375,351582.02659322927,540895.4255407108,497623.79149745393,-43271.63404325687,43271.63404325687,8.000000000000002
2026-10-10,10,2026-10-01,True,CARIBE_SOL,22426788.43,317825.12125,164250708.85,106762960.75,368.7374,270151.35,47673.77,85.0,15.0,Cubierta (85.0% Contratos / 15.0% Bolsa),953.47536375,351582.02659322927,540895.4255407108,497623.79149745393,-43271.63404325687,43271.63404325687,8.000000000000002
2026-10-10,10,2026-10-01,True,VALLE,18629356.46,317825.12125,164250708.85,106762960.75,368.7374,270151.35,47673.77,85.0,15.0,Cubierta (85.0% Contratos / 15.0% Bolsa),953.47536375,351582.02659322927,540895.4255407108,497623.79149745393,-43271.63404325687,43271.63404325687,8.000000000000002
2026-10-10,10,2026-10-01,True,SANTANDER,14290170.19,317825.12125,164250708.85,106762960.75,368.7374,270151.35,47673.77,85.0,15.0,Cubierta (85.0% Contratos / 15.0% Bolsa),953.47536375,351582.02659322927,540895.4255407108,497623.79149745393,-43271.63404325687,43271.63404325687,8.000000000000002
2026-10-10,10,2026-10-01,True,CUNDINAMARCA,9154615.98,317825.12125,164250708.85,106762960.75,368.7374,270151.35,47673.77,85.0,15.0,Cubierta (85.0% Contratos / 15.0% Bolsa),953.47536375,351582.02659322927,540895.4255407108,497623.79149745393,-43271.63404325687,43271.63404325687,8.000000000000002
2026-10-10,10,2026-10-01,True,TOLIMA,7718410.4,317825.12125,164250708.85,106762960.75,368.7374,270151.35,47673.77,85.0,15.0,Cubierta (85.0% Contratos / 15.0% Bolsa),953.47536375,351582.02659322927,540895.4255407108,497623.79149745393,-43271.63404325687,43271.63404325687,8.000000000000002
2026-10-11,11,2026-10-01,True,ANTIOQUIA,25866952.02,316249.2375,163436298.34000003,106233593.92,369.457,268811.85,47437.39,85.0,15.0,Cubierta (85.0% Contratos / 15.0% Bolsa),948.7477125,350521.4836171125,539263.8209544801,496122.7152781217,-43141.10567635839,43141.10567635839,7.999999999999997
2026-10-11,11,2026-10-01,True,BOGOTA,35914020.89,316249.2375,163436298.34000003,106233593.92,369.457,268811.85,47437.39,85.0,15.0,Cubierta (85.0% Contratos / 15.0% Bolsa),948.7477125,350521.4836171125,539263.8209544801,496122.7152781217,-43141.10567635839,43141.10567635839,7.999999999999997
2026-10-11,11,2026-10-01,True,CARIBE_MAR,28820489.01,316249.2375,163436298.34000003,106233593.92,369.457,268811.85,47437.39,85.0,15.0,Cubierta (85.0% Contratos / 15.0% Bolsa),948.7477125,350521.4836171125,539263.8209544801,496122.7152781217,-43141.10567635839,43141.10567635839,7.999999999999997
2026-10-11,11,2026-10-01,True,CARIBE_SOL,22711746.59,316249.2375,163436298.34000003,106233593.92,369.457,268811.85,47437.39,85.0,15.0,Cubierta (85.0% Contratos / 15.0% Bolsa),948.7477125,350521.4836171125,539263.8209544801,496122.7152781217,-43141.10567635839,43141.10567635839,7.999999999999997
2026-10-11,11,2026-10-01,True,VALLE,18549566.5,316249.2375,163436298.34000003,106233593.92,369.457,268811.85,47437.39,85.0,15.0,Cubierta (85.0% Contratos / 15.0% Bolsa),948.7477125,350521.4836171125,539263.8209544801,496122.7152781217,-43141.10567635839,43141.10567635839,7.999999999999997
2026-10-11,11,2026-10-01,True,SANTANDER,14543862.82,316249.2375,163436298.34000003,106233593.92,369.457,268811.85,47437.39,85.0,15.0,Cubierta (85.0% Contratos / 15.0% Bolsa),948.7477125,350521.4836171125,539263.8209544801,496122.7152781217,-43141.10567635839,43141.10567635839,7.999999999999997
2026-10-11,11,2026-10-01,True,CUNDINAMARCA,9315798.8,316249.2375,163436298.34000003,106233593.92,369.457,268811.85,47437.39,85.0,15.0,Cubierta (85.0% Contratos / 15.0% Bolsa),948.7477125,350521.4836171125,539263.8209544801,496122.7152781217,-43141.10567635839,43141.10567635839,7.999999999999997
2026-10-11,11,2026-10-01,True,TOLIMA,7713861.71,316249.2375,163436298.34000003,106233593.92,369.457,268811.85,47437.39,85.0,15.0,Cubierta (85.0% Contratos / 15.0% Bolsa),948.7477125,350521.4836171125,539263.8209544801,496122.7152781217,-43141.10567635839,43141.10567635839,7.999999999999997
2026-10-12,12,2026-10-01,True,ANTIOQUIA,30793734.78,446688.46875,194635498.23000002,126513073.85,370.1764,379685.2,67003.27,85.0,15.0,Cubierta (85.0% Contratos / 15.0% Bolsa),1340.06540625,496060.5878501625,763170.1351510801,702116.5243389937,-61053.61081208638,61053.61081208638,7.9999999999999964
2026-10-12,12,2026-10-01,True,BOGOTA,43226867.65,446688.46875,194635498.23000002,126513073.85,370.1764,379685.2,67003.27,85.0,15.0,Cubierta (85.0% Contratos / 15.0% Bolsa),1340.06540625,496060.5878501625,763170.1351510801,702116.5243389937,-61053.61081208638,61053.61081208638,7.9999999999999964
2026-10-12,12,2026-10-01,True,CARIBE_MAR,34211083.11,446688.46875,194635498.23000002,126513073.85,370.1764,379685.2,67003.27,85.0,15.0,Cubierta (85.0% Contratos / 15.0% Bolsa),1340.06540625,496060.5878501625,763170.1351510801,702116.5243389937,-61053.61081208638,61053.61081208638,7.9999999999999964
2026-10-12,12,2026-10-01,True,CARIBE_SOL,27223473.16,446688.46875,194635498.23000002,126513073.85,370.1764,379685.2,67003.27,85.0,15.0,Cubierta (85.0% Contratos / 15.0% Bolsa),1340.06540625,496060.5878501625,763170.1351510801,702116.5243389937,-61053.61081208638,61053.61081208638,7.9999999999999964
2026-10-12,12,2026-10-01,True,VALLE,21875373.56,446688.46875,194635498.23000002,126513073.85,370.1764,379685.2,67003.27,85.0,15.0,Cubierta (85.0% Contratos / 15.0% Bolsa),1340.06540625,496060.5878501625,763170.1351510801,702116.5243389937,-61053.61081208638,61053.61081208638,7.9999999999999964
2026-10-12,12,2026-10-01,True,SANTANDER,17086718.68,446688.46875,194635498.23000002,126513073.85,370.1764,379685.2,67003.27,85.0,15.0,Cubierta (85.0% Contratos / 15.0% Bolsa),1340.06540625,496060.5878501625,763170.1351510801,702116.5243389937,-61053.61081208638,61053.61081208638,7.9999999999999964
2026-10-12,12,2026-10-01,True,CUNDINAMARCA,11029500.81,446688.46875,194635498.23000002,126513073.85,370.1764,379685.2,67003.27,85.0,15.0,Cubierta (85.0% Contratos / 15.0% Bolsa),1340.06540625,496060.5878501625,763170.1351510801,702116.5243389937,-61053.61081208638,61053.61081208638,7.9999999999999964
2026-10-12,12,2026-10-01,True,TOLIMA,9188746.48,446688.46875,194635498.23000002,126513073.85,370.1764,379685.2,67003.27,85.0,15.0,Cubierta (85.0% Contratos / 15.0% Bolsa),1340.06540625,496060.5878501625,763170.1351510801,702116.5243389937,-61053.61081208638,61053.61081208638,7.9999999999999964
2026-10-13,13,2026-10-01,True,ANTIOQUIA,30724053.47,447019.90625,194779915.48999998,126606945.07,370.884,379966.92,67052.99,85.0,15.0,Cubierta (85.0% Contratos / 15.0% Bolsa),1341.05971875,497377.592728875,765196.2964968957,703980.592777144,-61215.70371975168,61215.70371975168,8.000000000000004
2026-10-13,13,2026-10-01,True,BOGOTA,43261480.54,447019.90625,194779915.48999998,126606945.07,370.884,379966.92,67052.99,85.0,15.0,Cubierta (85.0% Contratos / 15.0% Bolsa),1341.05971875,497377.592728875,765196.2964968957,703980.592777144,-61215.70371975168,61215.70371975168,8.000000000000004
2026-10-13,13,2026-10-01,True,CARIBE_MAR,34458022.83,447019.90625,194779915.48999998,126606945.07,370.884,379966.92,67052.99,85.0,15.0,Cubierta (85.0% Contratos / 15.0% Bolsa),1341.05971875,497377.592728875,765196.2964968957,703980.592777144,-61215.70371975168,61215.70371975168,8.000000000000004
2026-10-13,13,2026-10-01,True,CARIBE_SOL,26812500.77,447019.90625,194779915.48999998,126606945.07,370.884,379966.92,67052.99,85.0,15.0,Cubierta (85.0% Contratos / 15.0% Bolsa),1341.05971875,497377.592728875,765196.2964968957,703980.592777144,-61215.70371975168,61215.70371975168,8.000000000000004
2026-10-13,13,2026-10-01,True,VALLE,22008942.23,447019.90625,194779915.48999998,126606945.07,370.884,379966.92,67052.99,85.0,15.0,Cubierta (85.0% Contratos / 15.0% Bolsa),1341.05971875,497377.592728875,765196.2964968957,703980.592777144,-61215.70371975168,61215.70371975168,8.000000000000004
2026-10-13,13,2026-10-01,True,SANTANDER,17172451.21,447019.90625,194779915.48999998,126606945.07,370.884,379966.92,67052.99,85.0,15.0,Cubierta (85.0% Contratos / 15.0% Bolsa),1341.05971875,497377.592728875,765196.2964968957,703980.592777144,-61215.70371975168,61215.70371975168,8.000000000000004
2026-10-13,13,2026-10-01,True,CUNDINAMARCA,11065600.22,447019.90625,194779915.48999998,126606945.07,370.884,379966.92,67052.99,85.0,15.0,Cubierta (85.0% Contratos / 15.0% Bolsa),1341.05971875,497377.592728875,765196.2964968957,703980.592777144,-61215.70371975168,61215.70371975168,8.000000000000004
2026-10-13,13,2026-10-01,True,TOLIMA,9276864.22,447019.90625,194779915.48999998,126606945.07,370.884,379966.92,67052.99,85.0,15.0,Cubierta (85.0% Contratos / 15.0% Bolsa),1341.05971875,497377.592728875,765196.2964968957,703980.592777144,-61215.70371975168,61215.70371975168,8.000000000000004
2026-10-14,14,2026-10-01,True,ANTIOQUIA,30650117.07,446837.645,194700498.76000005,126555324.19,371.5684,379812.0,67025.65,85.0,15.0,Cubierta (85.0% Contratos / 15.0% Bolsa),1340.512935,498092.246437254,766295.7637738419,704992.1026719345,-61303.661101907375,61303.661101907375,8.000000000000004
2026-10-14,14,2026-10-01,True,BOGOTA,43085282.52,446837.645,194700498.76000005,126555324.19,371.5684,379812.0,67025.65,85.0,15.0,Cubierta (85.0% Contratos / 15.0% Bolsa),1340.512935,498092.246437254,766295.7637738419,704992.1026719345,-61303.661101907375,61303.661101907375,8.000000000000004
2026-10-14,14,2026-10-01,True,CARIBE_MAR,34421400.96,446837.645,194700498.76000005,126555324.19,371.5684,379812.0,67025.65,85.0,15.0,Cubierta (85.0% Contratos / 15.0% Bolsa),1340.512935,498092.246437254,766295.7637738419,704992.1026719345,-61303.661101907375,61303.661101907375,8.000000000000004
2026-10-14,14,2026-10-01,True,CARIBE_SOL,26856129.11,446837.645,194700498.76000005,126555324.19,371.5684,379812.0,67025.65,85.0,15.0,Cubierta (85.0% Contratos / 15.0% Bolsa),1340.512935,498092.246437254,766295.7637738419,704992.1026719345,-61303.661101907375,61303.661101907375,8.000000000000004
2026-10-14,14,2026-10-01,True,VALLE,22341775.1,446837.645,194700498.76000005,126555324.19,371.5684,379812.0,67025.65,85.0,15.0,Cubierta (85.0% Contratos / 15.0% Bolsa),1340.512935,498092.246437254,766295.7637738419,704992.1026719345,-61303.661101907375,61303.661101907375,8.000000000000004
2026-10-14,14,2026-10-01,True,SANTANDER,17237388.06,446837.645,194700498.76000005,126555324.19,371.5684,379812.0,67025.65,85.0,15.0,Cubierta (85.0% Contratos / 15.0% Bolsa),1340.512935,498092.246437254,766295.7637738419,704992.1026719345,-61303.661101907375,61303.661101907375,8.000000000000004
2026-10-14,14,2026-10-01,True,CUNDINAMARCA,10999229.33,446837.645,194700498.76000005,126555324.19,371.5684,379812.0,67025.65,85.0,15.0,Cubierta (85.0% Contratos / 15.0% Bolsa),1340.512935,498092.246437254,766295.7637738419,704992.1026719345,-61303.661101907375,61303.661101907375,8.000000000000004
2026-10-14,14,2026-10-01,True,TOLIMA,9109176.61,446837.645,194700498.76000005,126555324.19,371.5684,379812.0,67025.65,85.0,15.0,Cubierta (85.0% Contratos / 15.0% Bolsa),1340.512935,498092.246437254,766295.7637738419,704992.1026719345,-61303.661101907375,61303.661101907375,8.000000000000004
2026-10-15,15,2026-10-01,True,ANTIOQUIA,31087755.29,447545.67125,195009006.89,126755854.48,372.2187,380413.82,67131.85,85.0,15.0,Cubierta (85.0% Contratos / 15.0% Bolsa),1342.63701375,499754.60382990714,768853.2366522971,707344.9777201134,-61508.25893218373,61508.25893218373,7.999999999999995
2026-10-15,15,2026-10-01,True,BOGOTA,42900586.76,447545.67125,195009006.89,126755854.48,372.2187,380413.82,67131.85,85.0,15.0,Cubierta (85.0% Contratos / 15.0% Bolsa),1342.63701375,499754.60382990714,768853.2366522971,707344.9777201134,-61508.25893218373,61508.25893218373,7.999999999999995
2026-10-15,15,2026-10-01,True,CARIBE_MAR,34423587.91,447545.67125,195009006.89,126755854.48,372.2187,380413.82,67131.85,85.0,15.0,Cubierta (85.0% Contratos / 15.0% Bolsa),1342.63701375,499754.60382990714,768853.2366522971,707344.9777201134,-61508.25893218373,61508.25893218373,7.999999999999995
2026-10-15,15,2026-10-01,True,CARIBE_SOL,27111714.73,447545.67125,195009006.89,126755854.48,372.2187,380413.82,67131.85,85.0,15.0,Cubierta (85.0% Contratos / 15.0% Bolsa),1342.63701375,499754.60382990714,768853.2366522971,707344.9777201134,-61508.25893218373,61508.25893218373,7.999999999999995
2026-10-15,15,2026-10-01,True,VALLE,22008002.38,447545.67125,195009006.89,126755854.48,372.2187,380413.82,67131.85,85.0,15.0,Cubierta (85.0% Contratos / 15.0% Bolsa),1342.63701375,499754.60382990714,768853.2366522971,707344.9777201134,-61508.25893218373,61508.25893218373,7.999999999999995
2026-10-15,15,2026-10-01,True,SANTANDER,17277597.78,447545.67125,195009006.89,126755854.48,372.2187,380413.82,67131.85,85.0,15.0,Cubierta (85.0% Contratos / 15.0% Bolsa),1342.63701375,499754.60382990714,768853.2366522971,707344.9777201134,-61508.25893218373,61508.25893218373,7.999999999999995
2026-10-15,15,2026-10-01,True,CUNDINAMARCA,10916881.28,447545.67125,195009006.89,126755854.48,372.2187,380413.82,67131.85,85.0,15.0,Cubierta (85.0% Contratos / 15.0% Bolsa),1342.63701375,499754.60382990714,768853.2366522971,707344.9777201134,-61508.25893218373,61508.25893218373,7.999999999999995
2026-10-15,15,2026-10-01,True,TOLIMA,9282880.76,447545.67125,195009006.89,126755854.48,372.2187,380413.82,67131.85,85.0,15.0,Cubierta (85.0% Contratos / 15.0% Bolsa),1342.63701375,499754.60382990714,768853.2366522971,707344.9777201134,-61508.25893218373,61508.25893218373,7.999999999999995
2026-10-16,16,2026-10-01,True,ANTIOQUIA,30719669.32,446654.89,194620867.01000002,126503563.56,372.8248,379656.66,66998.23,85.0,15.0,Cubierta (85.0% Contratos / 15.0% Bolsa),1339.96467,499572.060099816,768572.4001322988,707086.6081217149,-61485.792010583915,61485.792010583915,8.000000000000002
2026-10-16,16,2026-10-01,True,BOGOTA,42863838.75,446654.89,194620867.01000002,126503563.56,372.8248,379656.66,66998.23,85.0,15.0,Cubierta (85.0% Contratos / 15.0% Bolsa),1339.96467,499572.060099816,768572.4001322988,707086.6081217149,-61485.792010583915,61485.792010583915,8.000000000000002
2026-10-16,16,2026-10-01,True,CARIBE_MAR,34516860.35,446654.89,194620867.01000002,126503563.56,372.8248,379656.66,66998.23,85.0,15.0,Cubierta (85.0% Contratos / 15.0% Bolsa),1339.96467,499572.060099816,768572.4001322988,707086.6081217149,-61485.792010583915,61485.792010583915,8.000000000000002
2026-10-16,16,2026-10-01,True,CARIBE_SOL,27175851.55,446654.89,194620867.01000002,126503563.56,372.8248,379656.66,66998.23,85.0,15.0,Cubierta (85.0% Contratos / 15.0% Bolsa),1339.96467,499572.060099816,768572.4001322988,707086.6081217149,-61485.792010583915,61485.792010583915,8.000000000000002
2026-10-16,16,2026-10-01,True,VALLE,21848582.59,446654.89,194620867.01000002,126503563.56,372.8248,379656.66,66998.23,85.0,15.0,Cubierta (85.0% Contratos / 15.0% Bolsa),1339.96467,499572.060099816,768572.4001322988,707086.6081217149,-61485.792010583915,61485.792010583915,8.000000000000002
2026-10-16,16,2026-10-01,True,SANTANDER,17119452.49,446654.89,194620867.01000002,126503563.56,372.8248,379656.66,66998.23,85.0,15.0,Cubierta (85.0% Contratos / 15.0% Bolsa),1339.96467,499572.060099816,768572.4001322988,707086.6081217149,-61485.792010583915,61485.792010583915,8.000000000000002
2026-10-16,16,2026-10-01,True,CUNDINAMARCA,11031989.74,446654.89,194620867.01000002,126503563.56,372.8248,379656.66,66998.23,85.0,15.0,Cubierta (85.0% Contratos / 15.0% Bolsa),1339.96467,499572.060099816,768572.4001322988,707086.6081217149,-61485.792010583915,61485.792010583915,8.000000000000002
2026-10-16,16,2026-10-01,True,TOLIMA,9344622.22,446654.89,194620867.01000002,126503563.56,372.8248,379656.66,66998.23,85.0,15.0,Cubierta (85.0% Contratos / 15.0% Bolsa),1339.96467,499572.060099816,768572.4001322988,707086.6081217149,-61485.792010583915,61485.792010583915,8.000000000000002
2026-10-17,17,2026-10-01,True,ANTIOQUIA,26065748.08,317413.0025,164037727.7,106624523.0,373.3774,269801.05,47611.95,85.0,15.0,Cubierta (85.0% Contratos / 15.0% Bolsa),952.2390075000001,355544.52479893056,546991.5766393896,503232.25050823845,-43759.326131151174,43759.326131151174,8.0
2026-10-17,17,2026-10-01,True,BOGOTA,35997334.33,317413.0025,164037727.7,106624523.0,373.3774,269801.05,47611.95,85.0,15.0,Cubierta (85.0% Contratos / 15.0% Bolsa),952.2390075000001,355544.52479893056,546991.5766393896,503232.25050823845,-43759.326131151174,43759.326131151174,8.0
2026-10-17,17,2026-10-01,True,CARIBE_MAR,29187805.67,317413.0025,164037727.7,106624523.0,373.3774,269801.05,47611.95,85.0,15.0,Cubierta (85.0% Contratos / 15.0% Bolsa),952.2390075000001,355544.52479893056,546991.5766393896,503232.25050823845,-43759.326131151174,43759.326131151174,8.0
2026-10-17,17,2026-10-01,True,CARIBE_SOL,22684089.67,317413.0025,164037727.7,106624523.0,373.3774,269801.05,47611.95,85.0,15.0,Cubierta (85.0% Contratos / 15.0% Bolsa),952.2390075000001,355544.52479893056,546991.5766393896,503232.25050823845,-43759.326131151174,43759.326131151174,8.0
2026-10-17,17,2026-10-01,True,VALLE,18554316.77,317413.0025,164037727.7,106624523.0,373.3774,269801.05,47611.95,85.0,15.0,Cubierta (85.0% Contratos / 15.0% Bolsa),952.2390075000001,355544.52479893056,546991.5766393896,503232.25050823845,-43759.326131151174,43759.326131151174,8.0
2026-10-17,17,2026-10-01,True,SANTANDER,14454678.49,317413.0025,164037727.7,106624523.0,373.3774,269801.05,47611.95,85.0,15.0,Cubierta (85.0% Contratos / 15.0% Bolsa),952.2390075000001,355544.52479893056,546991.5766393896,503232.25050823845,-43759.326131151174,43759.326131151174,8.0
2026-10-17,17,2026-10-01,True,CUNDINAMARCA,9301053.41,317413.0025,164037727.7,106624523.0,373.3774,269801.05,47611.95,85.0,15.0,Cubierta (85.0% Contratos / 15.0% Bolsa),952.2390075000001,355544.52479893056,546991.5766393896,503232.25050823845,-43759.326131151174,43759.326131151174,8.0
2026-10-17,17,2026-10-01,True,TOLIMA,7792701.28,317413.0025,164037727.7,106624523.0,373.3774,269801.05,47611.95,85.0,15.0,Cubierta (85.0% Contratos / 15.0% Bolsa),952.2390075000001,355544.52479893056,546991.5766393896,503232.25050823845,-43759.326131151174,43759.326131151174,8.0
2026-10-18,18,2026-10-01,True,ANTIOQUIA,25733177.68,315971.175,163292596.81,106140187.93,373.8682,268575.5,47395.68,85.0,15.0,Cubierta (85.0% Contratos / 15.0% Bolsa),947.9135249999999,354394.723347405,545222.6512857211,501604.8391828634,-43617.812102857686,43617.812102857686,8.0
2026-10-18,18,2026-10-01,True,BOGOTA,35695795.72,315971.175,163292596.81,106140187.93,373.8682,268575.5,47395.68,85.0,15.0,Cubierta (85.0% Contratos / 15.0% Bolsa),947.9135249999999,354394.723347405,545222.6512857211,501604.8391828634,-43617.812102857686,43617.812102857686,8.0
2026-10-18,18,2026-10-01,True,CARIBE_MAR,29169066.91,315971.175,163292596.81,106140187.93,373.8682,268575.5,47395.68,85.0,15.0,Cubierta (85.0% Contratos / 15.0% Bolsa),947.9135249999999,354394.723347405,545222.6512857211,501604.8391828634,-43617.812102857686,43617.812102857686,8.0
2026-10-18,18,2026-10-01,True,CARIBE_SOL,22782083.1,315971.175,163292596.81,106140187.93,373.8682,268575.5,47395.68,85.0,15.0,Cubierta (85.0% Contratos / 15.0% Bolsa),947.9135249999999,354394.723347405,545222.6512857211,501604.8391828634,-43617.812102857686,43617.812102857686,8.0
2026-10-18,18,2026-10-01,True,VALLE,18479639.12,315971.175,163292596.81,106140187.93,373.8682,268575.5,47395.68,85.0,15.0,Cubierta (85.0% Contratos / 15.0% Bolsa),947.9135249999999,354394.723347405,545222.6512857211,501604.8391828634,-43617.812102857686,43617.812102857686,8.0
2026-10-18,18,2026-10-01,True,SANTANDER,14406019.44,315971.175,163292596.81,106140187.93,373.8682,268575.5,47395.68,85.0,15.0,Cubierta (85.0% Contratos / 15.0% Bolsa),947.9135249999999,354394.723347405,545222.6512857211,501604.8391828634,-43617.812102857686,43617.812102857686,8.0
2026-10-18,18,2026-10-01,True,CUNDINAMARCA,9286059.03,315971.175,163292596.81,106140187.93,373.8682,268575.5,47395.68,85.0,15.0,Cubierta (85.0% Contratos / 15.0% Bolsa),947.9135249999999,354394.723347405,545222.6512857211,501604.8391828634,-43617.812102857686,43617.812102857686,8.0
2026-10-18,18,2026-10-01,True,TOLIMA,7740755.81,315971.175,163292596.81,106140187.93,373.8682,268575.5,47395.68,85.0,15.0,Cubierta (85.0% Contratos / 15.0% Bolsa),947.9135249999999,354394.723347405,545222.6512857211,501604.8391828634,-43617.812102857686,43617.812102857686,8.0
2026-10-19,19,2026-10-01,True,ANTIOQUIA,30062924.51,443180.60375,193107017.0,125519561.05,374.2904,376703.51,66477.09,85.0,15.0,Cubierta (85.0% Contratos / 15.0% Bolsa),1329.5418112500001,497634.73634948704,765591.9020761338,704344.5499100431,-61247.352166090626,61247.352166090626,7.99999999999999
2026-10-19,19,2026-10-01,True,BOGOTA,42782846.42,443180.60375,193107017.0,125519561.05,374.2904,376703.51,66477.09,85.0,15.0,Cubierta (85.0% Contratos / 15.0% Bolsa),1329.5418112500001,497634.73634948704,765591.9020761338,704344.5499100431,-61247.352166090626,61247.352166090626,7.99999999999999
2026-10-19,19,2026-10-01,True,CARIBE_MAR,33941482.22,443180.60375,193107017.0,125519561.05,374.2904,376703.51,66477.09,85.0,15.0,Cubierta (85.0% Contratos / 15.0% Bolsa),1329.5418112500001,497634.73634948704,765591.9020761338,704344.5499100431,-61247.352166090626,61247.352166090626,7.99999999999999
2026-10-19,19,2026-10-01,True,CARIBE_SOL,26910338.92,443180.60375,193107017.0,125519561.05,374.2904,376703.51,66477.09,85.0,15.0,Cubierta (85.0% Contratos / 15.0% Bolsa),1329.5418112500001,497634.73634948704,765591.9020761338,704344.5499100431,-61247.352166090626,61247.352166090626,7.99999999999999
2026-10-19,19,2026-10-01,True,VALLE,22041857.8,443180.60375,193107017.0,125519561.05,374.2904,376703.51,66477.09,85.0,15.0,Cubierta (85.0% Contratos / 15.0% Bolsa),1329.5418112500001,497634.73634948704,765591.9020761338,704344.5499100431,-61247.352166090626,61247.352166090626,7.99999999999999
2026-10-19,19,2026-10-01,True,SANTANDER,17160564.5,443180.60375,193107017.0,125519561.05,374.2904,376703.51,66477.09,85.0,15.0,Cubierta (85.0% Contratos / 15.0% Bolsa),1329.5418112500001,497634.73634948704,765591.9020761338,704344.5499100431,-61247.352166090626,61247.352166090626,7.99999999999999
2026-10-19,19,2026-10-01,True,CUNDINAMARCA,11057010.96,443180.60375,193107017.0,125519561.05,374.2904,376703.51,66477.09,85.0,15.0,Cubierta (85.0% Contratos / 15.0% Bolsa),1329.5418112500001,497634.73634948704,765591.9020761338,704344.5499100431,-61247.352166090626,61247.352166090626,7.99999999999999
2026-10-19,19,2026-10-01,True,TOLIMA,9149991.67,443180.60375,193107017.0,125519561.05,374.2904,376703.51,66477.09,85.0,15.0,Cubierta (85.0% Contratos / 15.0% Bolsa),1329.5418112500001,497634.73634948704,765591.9020761338,704344.5499100431,-61247.352166090626,61247.352166090626,7.99999999999999
2026-10-20,20,2026-10-01,True,ANTIOQUIA,30837024.93,446390.30625,194505580.30999997,126428627.2,374.6383,379431.76,66958.55,85.0,15.0,Cubierta (85.0% Contratos / 15.0% Bolsa),1339.17091875,501704.7164099382,771853.4098706009,710105.1370809529,-61748.272789648036,61748.272789648036,7.999999999999995
2026-10-20,20,2026-10-01,True,BOGOTA,42754882.21,446390.30625,194505580.30999997,126428627.2,374.6383,379431.76,66958.55,85.0,15.0,Cubierta (85.0% Contratos / 15.0% Bolsa),1339.17091875,501704.7164099382,771853.4098706009,710105.1370809529,-61748.272789648036,61748.272789648036,7.999999999999995
2026-10-20,20,2026-10-01,True,CARIBE_MAR,34481769.43,446390.30625,194505580.30999997,126428627.2,374.6383,379431.76,66958.55,85.0,15.0,Cubierta (85.0% Contratos / 15.0% Bolsa),1339.17091875,501704.7164099382,771853.4098706009,710105.1370809529,-61748.272789648036,61748.272789648036,7.999999999999995
2026-10-20,20,2026-10-01,True,CARIBE_SOL,26808606.2,446390.30625,194505580.30999997,126428627.2,374.6383,379431.76,66958.55,85.0,15.0,Cubierta (85.0% Contratos / 15.0% Bolsa),1339.17091875,501704.7164099382,771853.4098706009,710105.1370809529,-61748.272789648036,61748.272789648036,7.999999999999995
2026-10-20,20,2026-10-01,True,VALLE,22022341.04,446390.30625,194505580.30999997,126428627.2,374.6383,379431.76,66958.55,85.0,15.0,Cubierta (85.0% Contratos / 15.0% Bolsa),1339.17091875,501704.7164099382,771853.4098706009,710105.1370809529,-61748.272789648036,61748.272789648036,7.999999999999995
2026-10-20,20,2026-10-01,True,SANTANDER,17320845.31,446390.30625,194505580.30999997,126428627.2,374.6383,379431.76,66958.55,85.0,15.0,Cubierta (85.0% Contratos / 15.0% Bolsa),1339.17091875,501704.7164099382,771853.4098706009,710105.1370809529,-61748.272789648036,61748.272789648036,7.999999999999995
2026-10-20,20,2026-10-01,True,CUNDINAMARCA,11125365.62,446390.30625,194505580.30999997,126428627.2,374.6383,379431.76,66958.55,85.0,15.0,Cubierta (85.0% Contratos / 15.0% Bolsa),1339.17091875,501704.7164099382,771853.4098706009,710105.1370809529,-61748.272789648036,61748.272789648036,7.999999999999995
2026-10-20,20,2026-10-01,True,TOLIMA,9154745.57,446390.30625,194505580.30999997,126428627.2,374.6383,379431.76,66958.55,85.0,15.0,Cubierta (85.0% Contratos / 15.0% Bolsa),1339.17091875,501704.7164099382,771853.4098706009,710105.1370809529,-61748.272789648036,61748.272789648036,7.999999999999995
2026-10-21,21,2026-10-01,True,ANTIOQUIA,30798089.35,447383.05625,194938150.70999998,126709797.96,374.9079,380275.6,67107.46,85.0,15.0,Cubierta (85.0% Contratos / 15.0% Bolsa),1342.1491687500002,503182.32634280814,774126.6559211768,712196.5234474826,-61930.13247369416,61930.13247369416,8.000000000000004
2026-10-21,21,2026-10-01,True,BOGOTA,42793694.6,447383.05625,194938150.70999998,126709797.96,374.9079,380275.6,67107.46,85.0,15.0,Cubierta (85.0% Contratos / 15.0% Bolsa),1342.1491687500002,503182.32634280814,774126.6559211768,712196.5234474826,-61930.13247369416,61930.13247369416,8.000000000000004
2026-10-21,21,2026-10-01,True,CARIBE_MAR,34345651.16,447383.05625,194938150.70999998,126709797.96,374.9079,380275.6,67107.46,85.0,15.0,Cubierta (85.0% Contratos / 15.0% Bolsa),1342.1491687500002,503182.32634280814,774126.6559211768,712196.5234474826,-61930.13247369416,61930.13247369416,8.000000000000004
2026-10-21,21,2026-10-01,True,CARIBE_SOL,27043543.72,447383.05625,194938150.70999998,126709797.96,374.9079,380275.6,67107.46,85.0,15.0,Cubierta (85.0% Contratos / 15.0% Bolsa),1342.1491687500002,503182.32634280814,774126.6559211768,712196.5234474826,-61930.13247369416,61930.13247369416,8.000000000000004
2026-10-21,21,2026-10-01,True,VALLE,22114832.19,447383.05625,194938150.70999998,126709797.96,374.9079,380275.6,67107.46,85.0,15.0,Cubierta (85.0% Contratos / 15.0% Bolsa),1342.1491687500002,503182.32634280814,774126.6559211768,712196.5234474826,-61930.13247369416,61930.13247369416,8.000000000000004
2026-10-21,21,2026-10-01,True,SANTANDER,17415305.72,447383.05625,194938150.70999998,126709797.96,374.9079,380275.6,67107.46,85.0,15.0,Cubierta (85.0% Contratos / 15.0% Bolsa),1342.1491687500002,503182.32634280814,774126.6559211768,712196.5234474826,-61930.13247369416,61930.13247369416,8.000000000000004
2026-10-21,21,2026-10-01,True,CUNDINAMARCA,11115124.75,447383.05625,194938150.70999998,126709797.96,374.9079,380275.6,67107.46,85.0,15.0,Cubierta (85.0% Contratos / 15.0% Bolsa),1342.1491687500002,503182.32634280814,774126.6559211768,712196.5234474826,-61930.13247369416,61930.13247369416,8.000000000000004
2026-10-21,21,2026-10-01,True,TOLIMA,9311909.22,447383.05625,194938150.70999998,126709797.96,374.9079,380275.6,67107.46,85.0,15.0,Cubierta (85.0% Contratos / 15.0% Bolsa),1342.1491687500002,503182.32634280814,774126.6559211768,712196.5234474826,-61930.13247369416,61930.13247369416,8.000000000000004
2026-10-22,22,2026-10-01,True,ANTIOQUIA,30708810.06,446490.82375,194549378.8,126457096.22,375.0969,379517.2,66973.62,85.0,15.0,Cubierta (85.0% Contratos / 15.0% Bolsa),1339.47247125,502431.9716012141,772972.264001868,711134.4828817185,-61837.78112014942,61837.78112014942,7.999999999999997
2026-10-22,22,2026-10-01,True,BOGOTA,42891628.51,446490.82375,194549378.8,126457096.22,375.0969,379517.2,66973.62,85.0,15.0,Cubierta (85.0% Contratos / 15.0% Bolsa),1339.47247125,502431.9716012141,772972.264001868,711134.4828817185,-61837.78112014942,61837.78112014942,7.999999999999997
2026-10-22,22,2026-10-01,True,CARIBE_MAR,34258982.74,446490.82375,194549378.8,126457096.22,375.0969,379517.2,66973.62,85.0,15.0,Cubierta (85.0% Contratos / 15.0% Bolsa),1339.47247125,502431.9716012141,772972.264001868,711134.4828817185,-61837.78112014942,61837.78112014942,7.999999999999997
2026-10-22,22,2026-10-01,True,CARIBE_SOL,26962068.69,446490.82375,194549378.8,126457096.22,375.0969,379517.2,66973.62,85.0,15.0,Cubierta (85.0% Contratos / 15.0% Bolsa),1339.47247125,502431.9716012141,772972.264001868,711134.4828817185,-61837.78112014942,61837.78112014942,7.999999999999997
2026-10-22,22,2026-10-01,True,VALLE,22188734.67,446490.82375,194549378.8,126457096.22,375.0969,379517.2,66973.62,85.0,15.0,Cubierta (85.0% Contratos / 15.0% Bolsa),1339.47247125,502431.9716012141,772972.264001868,711134.4828817185,-61837.78112014942,61837.78112014942,7.999999999999997
2026-10-22,22,2026-10-01,True,SANTANDER,17189411.03,446490.82375,194549378.8,126457096.22,375.0969,379517.2,66973.62,85.0,15.0,Cubierta (85.0% Contratos / 15.0% Bolsa),1339.47247125,502431.9716012141,772972.264001868,711134.4828817185,-61837.78112014942,61837.78112014942,7.999999999999997
2026-10-22,22,2026-10-01,True,CUNDINAMARCA,10972874.76,446490.82375,194549378.8,126457096.22,375.0969,379517.2,66973.62,85.0,15.0,Cubierta (85.0% Contratos / 15.0% Bolsa),1339.47247125,502431.9716012141,772972.264001868,711134.4828817185,-61837.78112014942,61837.78112014942,7.999999999999997
2026-10-22,22,2026-10-01,True,TOLIMA,9376868.34,446490.82375,194549378.8,126457096.22,375.0969,379517.2,66973.62,85.0,15.0,Cubierta (85.0% Contratos / 15.0% Bolsa),1339.47247125,502431.9716012141,772972.264001868,711134.4828817185,-61837.78112014942,61837.78112014942,7.999999999999997
2026-10-23,23,2026-10-01,True,ANTIOQUIA,30362251.36,446977.9475,194761632.74,126595061.28,375.2043,379931.26,67046.69,85.0,15.0,Cubierta (85.0% Contratos / 15.0% Bolsa),1340.9338425,503124.14372152276,774037.1441930725,712114.1726576267,-61922.97153544577,61922.97153544577,7.999999999999997
2026-10-23,23,2026-10-01,True,BOGOTA,43095145.81,446977.9475,194761632.74,126595061.28,375.2043,379931.26,67046.69,85.0,15.0,Cubierta (85.0% Contratos / 15.0% Bolsa),1340.9338425,503124.14372152276,774037.1441930725,712114.1726576267,-61922.97153544577,61922.97153544577,7.999999999999997
2026-10-23,23,2026-10-01,True,CARIBE_MAR,34131977.09,446977.9475,194761632.74,126595061.28,375.2043,379931.26,67046.69,85.0,15.0,Cubierta (85.0% Contratos / 15.0% Bolsa),1340.9338425,503124.14372152276,774037.1441930725,712114.1726576267,-61922.97153544577,61922.97153544577,7.999999999999997
2026-10-23,23,2026-10-01,True,CARIBE_SOL,27408321.01,446977.9475,194761632.74,126595061.28,375.2043,379931.26,67046.69,85.0,15.0,Cubierta (85.0% Contratos / 15.0% Bolsa),1340.9338425,503124.14372152276,774037.1441930725,712114.1726576267,-61922.97153544577,61922.97153544577,7.999999999999997
2026-10-23,23,2026-10-01,True,VALLE,22246912.73,446977.9475,194761632.74,126595061.28,375.2043,379931.26,67046.69,85.0,15.0,Cubierta (85.0% Contratos / 15.0% Bolsa),1340.9338425,503124.14372152276,774037.1441930725,712114.1726576267,-61922.97153544577,61922.97153544577,7.999999999999997
2026-10-23,23,2026-10-01,True,SANTANDER,17149979.14,446977.9475,194761632.74,126595061.28,375.2043,379931.26,67046.69,85.0,15.0,Cubierta (85.0% Contratos / 15.0% Bolsa),1340.9338425,503124.14372152276,774037.1441930725,712114.1726576267,-61922.97153544577,61922.97153544577,7.999999999999997
2026-10-23,23,2026-10-01,True,CUNDINAMARCA,11112117.24,446977.9475,194761632.74,126595061.28,375.2043,379931.26,67046.69,85.0,15.0,Cubierta (85.0% Contratos / 15.0% Bolsa),1340.9338425,503124.14372152276,774037.1441930725,712114.1726576267,-61922.97153544577,61922.97153544577,7.999999999999997
2026-10-23,23,2026-10-01,True,TOLIMA,9254928.36,446977.9475,194761632.74,126595061.28,375.2043,379931.26,67046.69,85.0,15.0,Cubierta (85.0% Contratos / 15.0% Bolsa),1340.9338425,503124.14372152276,774037.1441930725,712114.1726576267,-61922.97153544577,61922.97153544577,7.999999999999997
2026-10-24,24,2026-10-01,True,ANTIOQUIA,25977780.82,317927.4175,164303575.11,106797323.82,375.2312,270238.3,47689.11,85.0,15.0,Cubierta (85.0% Contratos / 15.0% Bolsa),953.7822524999999,357888.859144278,550598.2448450841,506550.38525747746,-44047.85958760668,44047.85958760668,7.99999999999999
2026-10-24,24,2026-10-01,True,BOGOTA,36408109.54,317927.4175,164303575.11,106797323.82,375.2312,270238.3,47689.11,85.0,15.0,Cubierta (85.0% Contratos / 15.0% Bolsa),953.7822524999999,357888.859144278,550598.2448450841,506550.38525747746,-44047.85958760668,44047.85958760668,7.99999999999999
2026-10-24,24,2026-10-01,True,CARIBE_MAR,29023584.45,317927.4175,164303575.11,106797323.82,375.2312,270238.3,47689.11,85.0,15.0,Cubierta (85.0% Contratos / 15.0% Bolsa),953.7822524999999,357888.859144278,550598.2448450841,506550.38525747746,-44047.85958760668,44047.85958760668,7.99999999999999
2026-10-24,24,2026-10-01,True,CARIBE_SOL,22628572.48,317927.4175,164303575.11,106797323.82,375.2312,270238.3,47689.11,85.0,15.0,Cubierta (85.0% Contratos / 15.0% Bolsa),953.7822524999999,357888.859144278,550598.2448450841,506550.38525747746,-44047.85958760668,44047.85958760668,7.99999999999999
2026-10-24,24,2026-10-01,True,VALLE,18593610.93,317927.4175,164303575.11,106797323.82,375.2312,270238.3,47689.11,85.0,15.0,Cubierta (85.0% Contratos / 15.0% Bolsa),953.7822524999999,357888.859144278,550598.2448450841,506550.38525747746,-44047.85958760668,44047.85958760668,7.99999999999999
2026-10-24,24,2026-10-01,True,SANTANDER,14511169.02,317927.4175,164303575.11,106797323.82,375.2312,270238.3,47689.11,85.0,15.0,Cubierta (85.0% Contratos / 15.0% Bolsa),953.7822524999999,357888.859144278,550598.2448450841,506550.38525747746,-44047.85958760668,44047.85958760668,7.99999999999999
2026-10-24,24,2026-10-01,True,CUNDINAMARCA,9325377.82,317927.4175,164303575.11,106797323.82,375.2312,270238.3,47689.11,85.0,15.0,Cubierta (85.0% Contratos / 15.0% Bolsa),953.7822524999999,357888.859144278,550598.2448450841,506550.38525747746,-44047.85958760668,44047.85958760668,7.99999999999999
2026-10-24,24,2026-10-01,True,TOLIMA,7835370.05,317927.4175,164303575.11,106797323.82,375.2312,270238.3,47689.11,85.0,15.0,Cubierta (85.0% Contratos / 15.0% Bolsa),953.7822524999999,357888.859144278,550598.2448450841,506550.38525747746,-44047.85958760668,44047.85958760668,7.99999999999999
2026-10-25,25,2026-10-01,True,ANTIOQUIA,25871363.19,319321.45375,165024007.07000002,107265604.6,375.1799,271423.24,47898.22,85.0,15.0,Cubierta (85.0% Contratos / 15.0% Bolsa),957.96436125,359408.97325733886,552936.8819111708,508701.93135827716,-44234.95055289363,44234.95055289363,7.999999999999993
2026-10-25,25,2026-10-01,True,BOGOTA,36284615.77,319321.45375,165024007.07000002,107265604.6,375.1799,271423.24,47898.22,85.0,15.0,Cubierta (85.0% Contratos / 15.0% Bolsa),957.96436125,359408.97325733886,552936.8819111708,508701.93135827716,-44234.95055289363,44234.95055289363,7.999999999999993
2026-10-25,25,2026-10-01,True,CARIBE_MAR,29273938.32,319321.45375,165024007.07000002,107265604.6,375.1799,271423.24,47898.22,85.0,15.0,Cubierta (85.0% Contratos / 15.0% Bolsa),957.96436125,359408.97325733886,552936.8819111708,508701.93135827716,-44234.95055289363,44234.95055289363,7.999999999999993
2026-10-25,25,2026-10-01,True,CARIBE_SOL,22785792.12,319321.45375,165024007.07000002,107265604.6,375.1799,271423.24,47898.22,85.0,15.0,Cubierta (85.0% Contratos / 15.0% Bolsa),957.96436125,359408.97325733886,552936.8819111708,508701.93135827716,-44234.95055289363,44234.95055289363,7.999999999999993
2026-10-25,25,2026-10-01,True,VALLE,18913566.81,319321.45375,165024007.07000002,107265604.6,375.1799,271423.24,47898.22,85.0,15.0,Cubierta (85.0% Contratos / 15.0% Bolsa),957.96436125,359408.97325733886,552936.8819111708,508701.93135827716,-44234.95055289363,44234.95055289363,7.999999999999993
2026-10-25,25,2026-10-01,True,SANTANDER,14775795.52,319321.45375,165024007.07000002,107265604.6,375.1799,271423.24,47898.22,85.0,15.0,Cubierta (85.0% Contratos / 15.0% Bolsa),957.96436125,359408.97325733886,552936.8819111708,508701.93135827716,-44234.95055289363,44234.95055289363,7.999999999999993
2026-10-25,25,2026-10-01,True,CUNDINAMARCA,9359594.34,319321.45375,165024007.07000002,107265604.6,375.1799,271423.24,47898.22,85.0,15.0,Cubierta (85.0% Contratos / 15.0% Bolsa),957.96436125,359408.97325733886,552936.8819111708,508701.93135827716,-44234.95055289363,44234.95055289363,7.999999999999993
2026-10-25,25,2026-10-01,True,TOLIMA,7759341.0,319321.45375,165024007.07000002,107265604.6,375.1799,271423.24,47898.22,85.0,15.0,Cubierta (85.0% Contratos / 15.0% Bolsa),957.96436125,359408.97325733886,552936.8819111708,508701.93135827716,-44234.95055289363,44234.95055289363,7.999999999999993
2026-10-26,26,2026-10-01,True,ANTIOQUIA,31084323.63,448772.13,195543411.51999998,127103217.49,375.0546,381456.31,67315.82,85.0,15.0,Cubierta (85.0% Contratos / 15.0% Bolsa),1346.31639,504942.155124894,776834.0847953056,714687.3580116812,-62146.726783624385,62146.726783624385,7.999999999999992
2026-10-26,26,2026-10-01,True,BOGOTA,43230503.05,448772.13,195543411.51999998,127103217.49,375.0546,381456.31,67315.82,85.0,15.0,Cubierta (85.0% Contratos / 15.0% Bolsa),1346.31639,504942.155124894,776834.0847953056,714687.3580116812,-62146.726783624385,62146.726783624385,7.999999999999992
2026-10-26,26,2026-10-01,True,CARIBE_MAR,34446418.27,448772.13,195543411.51999998,127103217.49,375.0546,381456.31,67315.82,85.0,15.0,Cubierta (85.0% Contratos / 15.0% Bolsa),1346.31639,504942.155124894,776834.0847953056,714687.3580116812,-62146.726783624385,62146.726783624385,7.999999999999992
2026-10-26,26,2026-10-01,True,CARIBE_SOL,27215301.11,448772.13,195543411.51999998,127103217.49,375.0546,381456.31,67315.82,85.0,15.0,Cubierta (85.0% Contratos / 15.0% Bolsa),1346.31639,504942.155124894,776834.0847953056,714687.3580116812,-62146.726783624385,62146.726783624385,7.999999999999992
2026-10-26,26,2026-10-01,True,VALLE,22216879.57,448772.13,195543411.51999998,127103217.49,375.0546,381456.31,67315.82,85.0,15.0,Cubierta (85.0% Contratos / 15.0% Bolsa),1346.31639,504942.155124894,776834.0847953056,714687.3580116812,-62146.726783624385,62146.726783624385,7.999999999999992
2026-10-26,26,2026-10-01,True,SANTANDER,17119964.79,448772.13,195543411.51999998,127103217.49,375.0546,381456.31,67315.82,85.0,15.0,Cubierta (85.0% Contratos / 15.0% Bolsa),1346.31639,504942.155124894,776834.0847953056,714687.3580116812,-62146.726783624385,62146.726783624385,7.999999999999992
2026-10-26,26,2026-10-01,True,CUNDINAMARCA,11000008.54,448772.13,195543411.51999998,127103217.49,375.0546,381456.31,67315.82,85.0,15.0,Cubierta (85.0% Contratos / 15.0% Bolsa),1346.31639,504942.155124894,776834.0847953056,714687.3580116812,-62146.726783624385,62146.726783624385,7.999999999999992
2026-10-26,26,2026-10-01,True,TOLIMA,9230012.56,448772.13,195543411.51999998,127103217.49,375.0546,381456.31,67315.82,85.0,15.0,Cubierta (85.0% Contratos / 15.0% Bolsa),1346.31639,504942.155124894,776834.0847953056,714687.3580116812,-62146.726783624385,62146.726783624385,7.999999999999992
2026-10-27,27,2026-10-01,True,ANTIOQUIA,30757406.72,448032.38875,195221084.24000004,126893704.76,374.8608,380827.53,67204.86,85.0,15.0,Cubierta (85.0% Contratos / 15.0% Bolsa),1344.0971662499999,503849.3390182079,775152.8292343469,713140.6028955991,-62012.22633874777,62012.22633874777,8.000000000000004
2026-10-27,27,2026-10-01,True,BOGOTA,43354885.7,448032.38875,195221084.24000004,126893704.76,374.8608,380827.53,67204.86,85.0,15.0,Cubierta (85.0% Contratos / 15.0% Bolsa),1344.0971662499999,503849.3390182079,775152.8292343469,713140.6028955991,-62012.22633874777,62012.22633874777,8.000000000000004
2026-10-27,27,2026-10-01,True,CARIBE_MAR,34157322.42,448032.38875,195221084.24000004,126893704.76,374.8608,380827.53,67204.86,85.0,15.0,Cubierta (85.0% Contratos / 15.0% Bolsa),1344.0971662499999,503849.3390182079,775152.8292343469,713140.6028955991,-62012.22633874777,62012.22633874777,8.000000000000004
2026-10-27,27,2026-10-01,True,CARIBE_SOL,27216097.33,448032.38875,195221084.24000004,126893704.76,374.8608,380827.53,67204.86,85.0,15.0,Cubierta (85.0% Contratos / 15.0% Bolsa),1344.0971662499999,503849.3390182079,775152.8292343469,713140.6028955991,-62012.22633874777,62012.22633874777,8.000000000000004
2026-10-27,27,2026-10-01,True,VALLE,22433195.43,448032.38875,195221084.24000004,126893704.76,374.8608,380827.53,67204.86,85.0,15.0,Cubierta (85.0% Contratos / 15.0% Bolsa),1344.0971662499999,503849.3390182079,775152.8292343469,713140.6028955991,-62012.22633874777,62012.22633874777,8.000000000000004
2026-10-27,27,2026-10-01,True,SANTANDER,17130502.42,448032.38875,195221084.24000004,126893704.76,374.8608,380827.53,67204.86,85.0,15.0,Cubierta (85.0% Contratos / 15.0% Bolsa),1344.0971662499999,503849.3390182079,775152.8292343469,713140.6028955991,-62012.22633874777,62012.22633874777,8.000000000000004
2026-10-27,27,2026-10-01,True,CUNDINAMARCA,10993518.94,448032.38875,195221084.24000004,126893704.76,374.8608,380827.53,67204.86,85.0,15.0,Cubierta (85.0% Contratos / 15.0% Bolsa),1344.0971662499999,503849.3390182079,775152.8292343469,713140.6028955991,-62012.22633874777,62012.22633874777,8.000000000000004
2026-10-27,27,2026-10-01,True,TOLIMA,9178155.28,448032.38875,195221084.24000004,126893704.76,374.8608,380827.53,67204.86,85.0,15.0,Cubierta (85.0% Contratos / 15.0% Bolsa),1344.0971662499999,503849.3390182079,775152.8292343469,713140.6028955991,-62012.22633874777,62012.22633874777,8.000000000000004
2026-10-28,28,2026-10-01,True,ANTIOQUIA,30436249.28,446528.3025,194565709.05,126467710.88,374.6057,379549.06,66979.25,85.0,15.0,Cubierta (85.0% Contratos / 15.0% Bolsa),1339.5849075,501816.1419834728,772024.8338359888,710262.8471291097,-61761.986706879106,61761.986706879106,8.0
2026-10-28,28,2026-10-01,True,BOGOTA,43268678.76,446528.3025,194565709.05,126467710.88,374.6057,379549.06,66979.25,85.0,15.0,Cubierta (85.0% Contratos / 15.0% Bolsa),1339.5849075,501816.1419834728,772024.8338359888,710262.8471291097,-61761.986706879106,61761.986706879106,8.0
2026-10-28,28,2026-10-01,True,CARIBE_MAR,34618472.95,446528.3025,194565709.05,126467710.88,374.6057,379549.06,66979.25,85.0,15.0,Cubierta (85.0% Contratos / 15.0% Bolsa),1339.5849075,501816.1419834728,772024.8338359888,710262.8471291097,-61761.986706879106,61761.986706879106,8.0
2026-10-28,28,2026-10-01,True,CARIBE_SOL,26900349.57,446528.3025,194565709.05,126467710.88,374.6057,379549.06,66979.25,85.0,15.0,Cubierta (85.0% Contratos / 15.0% Bolsa),1339.5849075,501816.1419834728,772024.8338359888,710262.8471291097,-61761.986706879106,61761.986706879106,8.0
2026-10-28,28,2026-10-01,True,VALLE,21884475.37,446528.3025,194565709.05,126467710.88,374.6057,379549.06,66979.25,85.0,15.0,Cubierta (85.0% Contratos / 15.0% Bolsa),1339.5849075,501816.1419834728,772024.8338359888,710262.8471291097,-61761.986706879106,61761.986706879106,8.0
2026-10-28,28,2026-10-01,True,SANTANDER,17172015.55,446528.3025,194565709.05,126467710.88,374.6057,379549.06,66979.25,85.0,15.0,Cubierta (85.0% Contratos / 15.0% Bolsa),1339.5849075,501816.1419834728,772024.8338359888,710262.8471291097,-61761.986706879106,61761.986706879106,8.0
2026-10-28,28,2026-10-01,True,CUNDINAMARCA,11134024.67,446528.3025,194565709.05,126467710.88,374.6057,379549.06,66979.25,85.0,15.0,Cubierta (85.0% Contratos / 15.0% Bolsa),1339.5849075,501816.1419834728,772024.8338359888,710262.8471291097,-61761.986706879106,61761.986706879106,8.0
2026-10-28,28,2026-10-01,True,TOLIMA,9151442.9,446528.3025,194565709.05,126467710.88,374.6057,379549.06,66979.25,85.0,15.0,Cubierta (85.0% Contratos / 15.0% Bolsa),1339.5849075,501816.1419834728,772024.8338359888,710262.8471291097,-61761.986706879106,61761.986706879106,8.0
2026-10-29,29,2026-10-01,True,ANTIOQUIA,30696379.34,447759.09125,195102000.73999998,126816300.48,374.2975,380595.23,67163.86,85.0,15.0,Cubierta (85.0% Contratos / 15.0% Bolsa),1343.27727375,502785.3253714406,773515.8851929312,711634.6143774966,-61881.27081543452,61881.27081543452,8.000000000000004
2026-10-29,29,2026-10-01,True,BOGOTA,42843173.37,447759.09125,195102000.73999998,126816300.48,374.2975,380595.23,67163.86,85.0,15.0,Cubierta (85.0% Contratos / 15.0% Bolsa),1343.27727375,502785.3253714406,773515.8851929312,711634.6143774966,-61881.27081543452,61881.27081543452,8.000000000000004
2026-10-29,29,2026-10-01,True,CARIBE_MAR,34436250.77,447759.09125,195102000.73999998,126816300.48,374.2975,380595.23,67163.86,85.0,15.0,Cubierta (85.0% Contratos / 15.0% Bolsa),1343.27727375,502785.3253714406,773515.8851929312,711634.6143774966,-61881.27081543452,61881.27081543452,8.000000000000004
2026-10-29,29,2026-10-01,True,CARIBE_SOL,27615235.06,447759.09125,195102000.73999998,126816300.48,374.2975,380595.23,67163.86,85.0,15.0,Cubierta (85.0% Contratos / 15.0% Bolsa),1343.27727375,502785.3253714406,773515.8851929312,711634.6143774966,-61881.27081543452,61881.27081543452,8.000000000000004
2026-10-29,29,2026-10-01,True,VALLE,22085333.13,447759.09125,195102000.73999998,126816300.48,374.2975,380595.23,67163.86,85.0,15.0,Cubierta (85.0% Contratos / 15.0% Bolsa),1343.27727375,502785.3253714406,773515.8851929312,711634.6143774966,-61881.27081543452,61881.27081543452,8.000000000000004
2026-10-29,29,2026-10-01,True,SANTANDER,17271099.53,447759.09125,195102000.73999998,126816300.48,374.2975,380595.23,67163.86,85.0,15.0,Cubierta (85.0% Contratos / 15.0% Bolsa),1343.27727375,502785.3253714406,773515.8851929312,711634.6143774966,-61881.27081543452,61881.27081543452,8.000000000000004
2026-10-29,29,2026-10-01,True,CUNDINAMARCA,11006057.31,447759.09125,195102000.73999998,126816300.48,374.2975,380595.23,67163.86,85.0,15.0,Cubierta (85.0% Contratos / 15.0% Bolsa),1343.27727375,502785.3253714406,773515.8851929312,711634.6143774966,-61881.27081543452,61881.27081543452,8.000000000000004
2026-10-29,29,2026-10-01,True,TOLIMA,9148472.23,447759.09125,195102000.73999998,126816300.48,374.2975,380595.23,67163.86,85.0,15.0,Cubierta (85.0% Contratos / 15.0% Bolsa),1343.27727375,502785.3253714406,773515.8851929312,711634.6143774966,-61881.27081543452,61881.27081543452,8.000000000000004
2026-10-30,30,2026-10-01,True,ANTIOQUIA,30809006.2,448022.66375,195216846.9,126890950.49,373.9454,380819.26,67203.4,85.0,15.0,Cubierta (85.0% Contratos / 15.0% Bolsa),1344.06799125,502608.04261517775,773243.1424544201,711383.6910580666,-61859.45139635354,61859.45139635354,7.999999999999992
2026-10-30,30,2026-10-01,True,BOGOTA,43300221.2,448022.66375,195216846.9,126890950.49,373.9454,380819.26,67203.4,85.0,15.0,Cubierta (85.0% Contratos / 15.0% Bolsa),1344.06799125,502608.04261517775,773243.1424544201,711383.6910580666,-61859.45139635354,61859.45139635354,7.999999999999992
2026-10-30,30,2026-10-01,True,CARIBE_MAR,34366591.66,448022.66375,195216846.9,126890950.49,373.9454,380819.26,67203.4,85.0,15.0,Cubierta (85.0% Contratos / 15.0% Bolsa),1344.06799125,502608.04261517775,773243.1424544201,711383.6910580666,-61859.45139635354,61859.45139635354,7.999999999999992
2026-10-30,30,2026-10-01,True,CARIBE_SOL,27105750.76,448022.66375,195216846.9,126890950.49,373.9454,380819.26,67203.4,85.0,15.0,Cubierta (85.0% Contratos / 15.0% Bolsa),1344.06799125,502608.04261517775,773243.1424544201,711383.6910580666,-61859.45139635354,61859.45139635354,7.999999999999992
2026-10-30,30,2026-10-01,True,VALLE,22074921.12,448022.66375,195216846.9,126890950.49,373.9454,380819.26,67203.4,85.0,15.0,Cubierta (85.0% Contratos / 15.0% Bolsa),1344.06799125,502608.04261517775,773243.1424544201,711383.6910580666,-61859.45139635354,61859.45139635354,7.999999999999992
2026-10-30,30,2026-10-01,True,SANTANDER,17257920.72,448022.66375,195216846.9,126890950.49,373.9454,380819.26,67203.4,85.0,15.0,Cubierta (85.0% Contratos / 15.0% Bolsa),1344.06799125,502608.04261517775,773243.1424544201,711383.6910580666,-61859.45139635354,61859.45139635354,7.999999999999992
2026-10-30,30,2026-10-01,True,CUNDINAMARCA,11124425.06,448022.66375,195216846.9,126890950.49,373.9454,380819.26,67203.4,85.0,15.0,Cubierta (85.0% Contratos / 15.0% Bolsa),1344.06799125,502608.04261517775,773243.1424544201,711383.6910580666,-61859.45139635354,61859.45139635354,7.999999999999992
2026-10-30,30,2026-10-01,True,TOLIMA,9178010.18,448022.66375,195216846.9,126890950.49,373.9454,380819.26,67203.4,85.0,15.0,Cubierta (85.0% Contratos / 15.0% Bolsa),1344.06799125,502608.04261517775,773243.1424544201,711383.6910580666,-61859.45139635354,61859.45139635354,7.999999999999992
2026-10-31,31,2026-10-01,True,ANTIOQUIA,25897946.06,318299.72625,164495982.82999998,106922388.84,373.5597,270554.77,47744.96,85.0,15.0,Cubierta (85.0% Contratos / 15.0% Bolsa),954.89917875,356711.8507440964,548787.4626806589,504884.4656662062,-43902.9970144527,43902.9970144527,7.999999999999999
2026-10-31,31,2026-10-01,True,BOGOTA,36203025.5,318299.72625,164495982.82999998,106922388.84,373.5597,270554.77,47744.96,85.0,15.0,Cubierta (85.0% Contratos / 15.0% Bolsa),954.89917875,356711.8507440964,548787.4626806589,504884.4656662062,-43902.9970144527,43902.9970144527,7.999999999999999
2026-10-31,31,2026-10-01,True,CARIBE_MAR,29315545.35,318299.72625,164495982.82999998,106922388.84,373.5597,270554.77,47744.96,85.0,15.0,Cubierta (85.0% Contratos / 15.0% Bolsa),954.89917875,356711.8507440964,548787.4626806589,504884.4656662062,-43902.9970144527,43902.9970144527,7.999999999999999
2026-10-31,31,2026-10-01,True,CARIBE_SOL,22993053.18,318299.72625,164495982.82999998,106922388.84,373.5597,270554.77,47744.96,85.0,15.0,Cubierta (85.0% Contratos / 15.0% Bolsa),954.89917875,356711.8507440964,548787.4626806589,504884.4656662062,-43902.9970144527,43902.9970144527,7.999999999999999
2026-10-31,31,2026-10-01,True,VALLE,18584093.49,318299.72625,164495982.82999998,106922388.84,373.5597,270554.77,47744.96,85.0,15.0,Cubierta (85.0% Contratos / 15.0% Bolsa),954.89917875,356711.8507440964,548787.4626806589,504884.4656662062,-43902.9970144527,43902.9970144527,7.999999999999999
2026-10-31,31,2026-10-01,True,SANTANDER,14311060.5,318299.72625,164495982.82999998,106922388.84,373.5597,270554.77,47744.96,85.0,15.0,Cubierta (85.0% Contratos / 15.0% Bolsa),954.89917875,356711.8507440964,548787.4626806589,504884.4656662062,-43902.9970144527,43902.9970144527,7.999999999999999
2026-10-31,31,2026-10-01,True,CUNDINAMARCA,9314679.55,318299.72625,164495982.82999998,106922388.84,373.5597,270554.77,47744.96,85.0,15.0,Cubierta (85.0% Contratos / 15.0% Bolsa),954.89917875,356711.8507440964,548787.4626806589,504884.4656662062,-43902.9970144527,43902.9970144527,7.999999999999999
2026-10-31,31,2026-10-01,True,TOLIMA,7876579.2,318299.72625,164495982.82999998,106922388.84,373.5597,270554.77,47744.96,85.0,15.0,Cubierta (85.0% Contratos / 15.0% Bolsa),954.89917875,356711.8507440964,548787.4626806589,504884.4656662062,-43902.9970144527,43902.9970144527,7.999999999999999
2026-11-01,1,2026-11-01,True,ANTIOQUIA,25836777.02,318509.58375,164604436.21,106992883.54,373.1514,270733.15,47776.44,85.0,15.0,Cubierta (85.0% Contratos / 15.0% Bolsa),955.52875125,356556.8912691893,548549.063473116,504665.1383952668,-43883.92507784924,43883.92507784924,7.999999999999993
2026-11-01,1,2026-11-01,True,BOGOTA,36640072.17,318509.58375,164604436.21,106992883.54,373.1514,270733.15,47776.44,85.0,15.0,Cubierta (85.0% Contratos / 15.0% Bolsa),955.52875125,356556.8912691893,548549.063473116,504665.1383952668,-43883.92507784924,43883.92507784924,7.999999999999993
2026-11-01,1,2026-11-01,True,CARIBE_MAR,29021590.81,318509.58375,164604436.21,106992883.54,373.1514,270733.15,47776.44,85.0,15.0,Cubierta (85.0% Contratos / 15.0% Bolsa),955.52875125,356556.8912691893,548549.063473116,504665.1383952668,-43883.92507784924,43883.92507784924,7.999999999999993
2026-11-01,1,2026-11-01,True,CARIBE_SOL,22684302.28,318509.58375,164604436.21,106992883.54,373.1514,270733.15,47776.44,85.0,15.0,Cubierta (85.0% Contratos / 15.0% Bolsa),955.52875125,356556.8912691893,548549.063473116,504665.1383952668,-43883.92507784924,43883.92507784924,7.999999999999993
2026-11-01,1,2026-11-01,True,VALLE,18803096.4,318509.58375,164604436.21,106992883.54,373.1514,270733.15,47776.44,85.0,15.0,Cubierta (85.0% Contratos / 15.0% Bolsa),955.52875125,356556.8912691893,548549.063473116,504665.1383952668,-43883.92507784924,43883.92507784924,7.999999999999993
2026-11-01,1,2026-11-01,True,SANTANDER,14505954.06,318509.58375,164604436.21,106992883.54,373.1514,270733.15,47776.44,85.0,15.0,Cubierta (85.0% Contratos / 15.0% Bolsa),955.52875125,356556.8912691893,548549.063473116,504665.1383952668,-43883.92507784924,43883.92507784924,7.999999999999993
2026-11-01,1,2026-11-01,True,CUNDINAMARCA,9283767.05,318509.58375,164604436.21,106992883.54,373.1514,270733.15,47776.44,85.0,15.0,Cubierta (85.0% Contratos / 15.0% Bolsa),955.52875125,356556.8912691893,548549.063473116,504665.1383952668,-43883.92507784924,43883.92507784924,7.999999999999993
2026-11-01,1,2026-11-01,True,TOLIMA,7828876.42,318509.58375,164604436.21,106992883.54,373.1514,270733.15,47776.44,85.0,15.0,Cubierta (85.0% Contratos / 15.0% Bolsa),955.52875125,356556.8912691893,548549.063473116,504665.1383952668,-43883.92507784924,43883.92507784924,7.999999999999993
2026-11-02,2,2026-11-01,True,ANTIOQUIA,30728087.16,449214.4625,195736149.39000002,127228497.1,372.7317,381832.29,67382.17,85.0,15.0,Cubierta (85.0% Contratos / 15.0% Bolsa),1347.6433875,502309.4108166337,772783.7089699265,710961.0122523324,-61822.69671759405,61822.69671759405,7.999999999999992
2026-11-02,2,2026-11-01,True,BOGOTA,43456887.65,449214.4625,195736149.39000002,127228497.1,372.7317,381832.29,67382.17,85.0,15.0,Cubierta (85.0% Contratos / 15.0% Bolsa),1347.6433875,502309.4108166337,772783.7089699265,710961.0122523324,-61822.69671759405,61822.69671759405,7.999999999999992
2026-11-02,2,2026-11-01,True,CARIBE_MAR,34631317.8,449214.4625,195736149.39000002,127228497.1,372.7317,381832.29,67382.17,85.0,15.0,Cubierta (85.0% Contratos / 15.0% Bolsa),1347.6433875,502309.4108166337,772783.7089699265,710961.0122523324,-61822.69671759405,61822.69671759405,7.999999999999992
2026-11-02,2,2026-11-01,True,CARIBE_SOL,27102009.24,449214.4625,195736149.39000002,127228497.1,372.7317,381832.29,67382.17,85.0,15.0,Cubierta (85.0% Contratos / 15.0% Bolsa),1347.6433875,502309.4108166337,772783.7089699265,710961.0122523324,-61822.69671759405,61822.69671759405,7.999999999999992
2026-11-02,2,2026-11-01,True,VALLE,22133569.62,449214.4625,195736149.39000002,127228497.1,372.7317,381832.29,67382.17,85.0,15.0,Cubierta (85.0% Contratos / 15.0% Bolsa),1347.6433875,502309.4108166337,772783.7089699265,710961.0122523324,-61822.69671759405,61822.69671759405,7.999999999999992
2026-11-02,2,2026-11-01,True,SANTANDER,17255232.8,449214.4625,195736149.39000002,127228497.1,372.7317,381832.29,67382.17,85.0,15.0,Cubierta (85.0% Contratos / 15.0% Bolsa),1347.6433875,502309.4108166337,772783.7089699265,710961.0122523324,-61822.69671759405,61822.69671759405,7.999999999999992
2026-11-02,2,2026-11-01,True,CUNDINAMARCA,11188950.6,449214.4625,195736149.39000002,127228497.1,372.7317,381832.29,67382.17,85.0,15.0,Cubierta (85.0% Contratos / 15.0% Bolsa),1347.6433875,502309.4108166337,772783.7089699265,710961.0122523324,-61822.69671759405,61822.69671759405,7.999999999999992
2026-11-02,2,2026-11-01,True,TOLIMA,9240094.52,449214.4625,195736149.39000002,127228497.1,372.7317,381832.29,67382.17,85.0,15.0,Cubierta (85.0% Contratos / 15.0% Bolsa),1347.6433875,502309.4108166337,772783.7089699265,710961.0122523324,-61822.69671759405,61822.69671759405,7.999999999999992
2026-11-03,3,2026-11-01,True,ANTIOQUIA,30808140.98,446826.48125,194695634.79,126552162.61,372.3124,379802.51,67023.97,85.0,15.0,Cubierta (85.0% Contratos / 15.0% Bolsa),1340.47944375,499077.1188532275,767810.9521031235,706386.0759348737,-61424.87616824987,61424.87616824987,7.999999999999999
2026-11-03,3,2026-11-01,True,BOGOTA,42960972.66,446826.48125,194695634.79,126552162.61,372.3124,379802.51,67023.97,85.0,15.0,Cubierta (85.0% Contratos / 15.0% Bolsa),1340.47944375,499077.1188532275,767810.9521031235,706386.0759348737,-61424.87616824987,61424.87616824987,7.999999999999999
2026-11-03,3,2026-11-01,True,CARIBE_MAR,34256474.64,446826.48125,194695634.79,126552162.61,372.3124,379802.51,67023.97,85.0,15.0,Cubierta (85.0% Contratos / 15.0% Bolsa),1340.47944375,499077.1188532275,767810.9521031235,706386.0759348737,-61424.87616824987,61424.87616824987,7.999999999999999
2026-11-03,3,2026-11-01,True,CARIBE_SOL,26989770.34,446826.48125,194695634.79,126552162.61,372.3124,379802.51,67023.97,85.0,15.0,Cubierta (85.0% Contratos / 15.0% Bolsa),1340.47944375,499077.1188532275,767810.9521031235,706386.0759348737,-61424.87616824987,61424.87616824987,7.999999999999999
2026-11-03,3,2026-11-01,True,VALLE,22308831.77,446826.48125,194695634.79,126552162.61,372.3124,379802.51,67023.97,85.0,15.0,Cubierta (85.0% Contratos / 15.0% Bolsa),1340.47944375,499077.1188532275,767810.9521031235,706386.0759348737,-61424.87616824987,61424.87616824987,7.999999999999999
2026-11-03,3,2026-11-01,True,SANTANDER,17218919.73,446826.48125,194695634.79,126552162.61,372.3124,379802.51,67023.97,85.0,15.0,Cubierta (85.0% Contratos / 15.0% Bolsa),1340.47944375,499077.1188532275,767810.9521031235,706386.0759348737,-61424.87616824987,61424.87616824987,7.999999999999999
2026-11-03,3,2026-11-01,True,CUNDINAMARCA,11026338.88,446826.48125,194695634.79,126552162.61,372.3124,379802.51,67023.97,85.0,15.0,Cubierta (85.0% Contratos / 15.0% Bolsa),1340.47944375,499077.1188532275,767810.9521031235,706386.0759348737,-61424.87616824987,61424.87616824987,7.999999999999999
2026-11-03,3,2026-11-01,True,TOLIMA,9126185.79,446826.48125,194695634.79,126552162.61,372.3124,379802.51,67023.97,85.0,15.0,Cubierta (85.0% Contratos / 15.0% Bolsa),1340.47944375,499077.1188532275,767810.9521031235,706386.0759348737,-61424.87616824987,61424.87616824987,7.999999999999999
2026-11-04,4,2026-11-01,True,ANTIOQUIA,31034048.24,450022.02625,196088028.76,127457218.69,371.905,382518.72,67503.3,85.0,15.0,Cubierta (85.0% Contratos / 15.0% Bolsa),1350.06607875,502096.3250175188,772455.8846665784,710659.4138932521,-61796.47077332623,61796.47077332623,7.999999999999995
2026-11-04,4,2026-11-01,True,BOGOTA,42847912.22,450022.02625,196088028.76,127457218.69,371.905,382518.72,67503.3,85.0,15.0,Cubierta (85.0% Contratos / 15.0% Bolsa),1350.06607875,502096.3250175188,772455.8846665784,710659.4138932521,-61796.47077332623,61796.47077332623,7.999999999999995
2026-11-04,4,2026-11-01,True,CARIBE_MAR,35008296.65,450022.02625,196088028.76,127457218.69,371.905,382518.72,67503.3,85.0,15.0,Cubierta (85.0% Contratos / 15.0% Bolsa),1350.06607875,502096.3250175188,772455.8846665784,710659.4138932521,-61796.47077332623,61796.47077332623,7.999999999999995
2026-11-04,4,2026-11-01,True,CARIBE_SOL,27201201.04,450022.02625,196088028.76,127457218.69,371.905,382518.72,67503.3,85.0,15.0,Cubierta (85.0% Contratos / 15.0% Bolsa),1350.06607875,502096.3250175188,772455.8846665784,710659.4138932521,-61796.47077332623,61796.47077332623,7.999999999999995
2026-11-04,4,2026-11-01,True,VALLE,22146846.0,450022.02625,196088028.76,127457218.69,371.905,382518.72,67503.3,85.0,15.0,Cubierta (85.0% Contratos / 15.0% Bolsa),1350.06607875,502096.3250175188,772455.8846665784,710659.4138932521,-61796.47077332623,61796.47077332623,7.999999999999995
2026-11-04,4,2026-11-01,True,SANTANDER,17338783.21,450022.02625,196088028.76,127457218.69,371.905,382518.72,67503.3,85.0,15.0,Cubierta (85.0% Contratos / 15.0% Bolsa),1350.06607875,502096.3250175188,772455.8846665784,710659.4138932521,-61796.47077332623,61796.47077332623,7.999999999999995
2026-11-04,4,2026-11-01,True,CUNDINAMARCA,11241551.37,450022.02625,196088028.76,127457218.69,371.905,382518.72,67503.3,85.0,15.0,Cubierta (85.0% Contratos / 15.0% Bolsa),1350.06607875,502096.3250175188,772455.8846665784,710659.4138932521,-61796.47077332623,61796.47077332623,7.999999999999995
2026-11-04,4,2026-11-01,True,TOLIMA,9269390.03,450022.02625,196088028.76,127457218.69,371.905,382518.72,67503.3,85.0,15.0,Cubierta (85.0% Contratos / 15.0% Bolsa),1350.06607875,502096.3250175188,772455.8846665784,710659.4138932521,-61796.47077332623,61796.47077332623,7.999999999999995
2026-11-05,5,2026-11-01,True,ANTIOQUIA,30738908.61,448922.70875,195609023.57000002,127145865.32,371.5208,381584.3,67338.41,85.0,15.0,Cubierta (85.0% Contratos / 15.0% Bolsa),1346.76812625,500352.371678901,769772.8795090287,708191.0491483065,-61581.83036072226,61581.83036072226,7.999999999999995
2026-11-05,5,2026-11-01,True,BOGOTA,43224111.6,448922.70875,195609023.57000002,127145865.32,371.5208,381584.3,67338.41,85.0,15.0,Cubierta (85.0% Contratos / 15.0% Bolsa),1346.76812625,500352.371678901,769772.8795090287,708191.0491483065,-61581.83036072226,61581.83036072226,7.999999999999995
2026-11-05,5,2026-11-01,True,CARIBE_MAR,34469344.94,448922.70875,195609023.57000002,127145865.32,371.5208,381584.3,67338.41,85.0,15.0,Cubierta (85.0% Contratos / 15.0% Bolsa),1346.76812625,500352.371678901,769772.8795090287,708191.0491483065,-61581.83036072226,61581.83036072226,7.999999999999995
2026-11-05,5,2026-11-01,True,CARIBE_SOL,27266693.71,448922.70875,195609023.57000002,127145865.32,371.5208,381584.3,67338.41,85.0,15.0,Cubierta (85.0% Contratos / 15.0% Bolsa),1346.76812625,500352.371678901,769772.8795090287,708191.0491483065,-61581.83036072226,61581.83036072226,7.999999999999995
2026-11-05,5,2026-11-01,True,VALLE,22211193.24,448922.70875,195609023.57000002,127145865.32,371.5208,381584.3,67338.41,85.0,15.0,Cubierta (85.0% Contratos / 15.0% Bolsa),1346.76812625,500352.371678901,769772.8795090287,708191.0491483065,-61581.83036072226,61581.83036072226,7.999999999999995
2026-11-05,5,2026-11-01,True,SANTANDER,17203584.19,448922.70875,195609023.57000002,127145865.32,371.5208,381584.3,67338.41,85.0,15.0,Cubierta (85.0% Contratos / 15.0% Bolsa),1346.76812625,500352.371678901,769772.8795090287,708191.0491483065,-61581.83036072226,61581.83036072226,7.999999999999995
2026-11-05,5,2026-11-01,True,CUNDINAMARCA,11235039.99,448922.70875,195609023.57000002,127145865.32,371.5208,381584.3,67338.41,85.0,15.0,Cubierta (85.0% Contratos / 15.0% Bolsa),1346.76812625,500352.371678901,769772.8795090287,708191.0491483065,-61581.83036072226,61581.83036072226,7.999999999999995
2026-11-05,5,2026-11-01,True,TOLIMA,9260147.29,448922.70875,195609023.57000002,127145865.32,371.5208,381584.3,67338.41,85.0,15.0,Cubierta (85.0% Contratos / 15.0% Bolsa),1346.76812625,500352.371678901,769772.8795090287,708191.0491483065,-61581.83036072226,61581.83036072226,7.999999999999995
2026-11-06,6,2026-11-01,True,ANTIOQUIA,30642727.0,447875.2375,195152609.10999998,126849195.92,371.1708,380693.95,67181.29,85.0,15.0,Cubierta (85.0% Contratos / 15.0% Bolsa),1343.6257125,498714.630609195,767253.2778693727,705873.0156398229,-61380.262229549815,61380.262229549815,7.999999999999999
2026-11-06,6,2026-11-01,True,BOGOTA,42548852.99,447875.2375,195152609.10999998,126849195.92,371.1708,380693.95,67181.29,85.0,15.0,Cubierta (85.0% Contratos / 15.0% Bolsa),1343.6257125,498714.630609195,767253.2778693727,705873.0156398229,-61380.262229549815,61380.262229549815,7.999999999999999
2026-11-06,6,2026-11-01,True,CARIBE_MAR,34764134.84,447875.2375,195152609.10999998,126849195.92,371.1708,380693.95,67181.29,85.0,15.0,Cubierta (85.0% Contratos / 15.0% Bolsa),1343.6257125,498714.630609195,767253.2778693727,705873.0156398229,-61380.262229549815,61380.262229549815,7.999999999999999
2026-11-06,6,2026-11-01,True,CARIBE_SOL,27061515.7,447875.2375,195152609.10999998,126849195.92,371.1708,380693.95,67181.29,85.0,15.0,Cubierta (85.0% Contratos / 15.0% Bolsa),1343.6257125,498714.630609195,767253.2778693727,705873.0156398229,-61380.262229549815,61380.262229549815,7.999999999999999
2026-11-06,6,2026-11-01,True,VALLE,22400711.67,447875.2375,195152609.10999998,126849195.92,371.1708,380693.95,67181.29,85.0,15.0,Cubierta (85.0% Contratos / 15.0% Bolsa),1343.6257125,498714.630609195,767253.2778693727,705873.0156398229,-61380.262229549815,61380.262229549815,7.999999999999999
2026-11-06,6,2026-11-01,True,SANTANDER,17282952.85,447875.2375,195152609.10999998,126849195.92,371.1708,380693.95,67181.29,85.0,15.0,Cubierta (85.0% Contratos / 15.0% Bolsa),1343.6257125,498714.630609195,767253.2778693727,705873.0156398229,-61380.262229549815,61380.262229549815,7.999999999999999
2026-11-06,6,2026-11-01,True,CUNDINAMARCA,11163872.26,447875.2375,195152609.10999998,126849195.92,371.1708,380693.95,67181.29,85.0,15.0,Cubierta (85.0% Contratos / 15.0% Bolsa),1343.6257125,498714.630609195,767253.2778693727,705873.0156398229,-61380.262229549815,61380.262229549815,7.999999999999999
2026-11-06,6,2026-11-01,True,TOLIMA,9287841.8,447875.2375,195152609.10999998,126849195.92,371.1708,380693.95,67181.29,85.0,15.0,Cubierta (85.0% Contratos / 15.0% Bolsa),1343.6257125,498714.630609195,767253.2778693727,705873.0156398229,-61380.262229549815,61380.262229549815,7.999999999999999
2026-11-07,7,2026-11-01,True,ANTIOQUIA,25946536.39,319043.1125,164880161.35999998,107172104.88,370.8651,271186.65,47856.47,85.0,15.0,Cubierta (85.0% Contratos / 15.0% Bolsa),957.1293375,354965.86746487126,546101.3345817225,502413.22781518474,-43688.10676653776,43688.10676653776,7.999999999999993
2026-11-07,7,2026-11-01,True,BOGOTA,36277150.78,319043.1125,164880161.35999998,107172104.88,370.8651,271186.65,47856.47,85.0,15.0,Cubierta (85.0% Contratos / 15.0% Bolsa),957.1293375,354965.86746487126,546101.3345817225,502413.22781518474,-43688.10676653776,43688.10676653776,7.999999999999993
2026-11-07,7,2026-11-01,True,CARIBE_MAR,29292080.48,319043.1125,164880161.35999998,107172104.88,370.8651,271186.65,47856.47,85.0,15.0,Cubierta (85.0% Contratos / 15.0% Bolsa),957.1293375,354965.86746487126,546101.3345817225,502413.22781518474,-43688.10676653776,43688.10676653776,7.999999999999993
2026-11-07,7,2026-11-01,True,CARIBE_SOL,23042137.85,319043.1125,164880161.35999998,107172104.88,370.8651,271186.65,47856.47,85.0,15.0,Cubierta (85.0% Contratos / 15.0% Bolsa),957.1293375,354965.86746487126,546101.3345817225,502413.22781518474,-43688.10676653776,43688.10676653776,7.999999999999993
2026-11-07,7,2026-11-01,True,VALLE,18511132.67,319043.1125,164880161.35999998,107172104.88,370.8651,271186.65,47856.47,85.0,15.0,Cubierta (85.0% Contratos / 15.0% Bolsa),957.1293375,354965.86746487126,546101.3345817225,502413.22781518474,-43688.10676653776,43688.10676653776,7.999999999999993
2026-11-07,7,2026-11-01,True,SANTANDER,14444517.32,319043.1125,164880161.35999998,107172104.88,370.8651,271186.65,47856.47,85.0,15.0,Cubierta (85.0% Contratos / 15.0% Bolsa),957.1293375,354965.86746487126,546101.3345817225,502413.22781518474,-43688.10676653776,43688.10676653776,7.999999999999993
2026-11-07,7,2026-11-01,True,CUNDINAMARCA,9535349.39,319043.1125,164880161.35999998,107172104.88,370.8651,271186.65,47856.47,85.0,15.0,Cubierta (85.0% Contratos / 15.0% Bolsa),957.1293375,354965.86746487126,546101.3345817225,502413.22781518474,-43688.10676653776,43688.10676653776,7.999999999999993
2026-11-07,7,2026-11-01,True,TOLIMA,7831256.48,319043.1125,164880161.35999998,107172104.88,370.8651,271186.65,47856.47,85.0,15.0,Cubierta (85.0% Contratos / 15.0% Bolsa),957.1293375,354965.86746487126,546101.3345817225,502413.22781518474,-43688.10676653776,43688.10676653776,7.999999999999993
2026-11-08,8,2026-11-01,True,ANTIOQUIA,26251096.75,320753.49875,165764082.17000002,107746653.41,370.6131,272640.47,48113.02,85.0,15.0,Cubierta (85.0% Contratos / 15.0% Bolsa),962.2604962500001,356626.34552275087,548655.9161913936,504763.4428960822,-43892.47329531144,43892.47329531144,7.999999999999992
2026-11-08,8,2026-11-01,True,BOGOTA,36938160.57,320753.49875,165764082.17000002,107746653.41,370.6131,272640.47,48113.02,85.0,15.0,Cubierta (85.0% Contratos / 15.0% Bolsa),962.2604962500001,356626.34552275087,548655.9161913936,504763.4428960822,-43892.47329531144,43892.47329531144,7.999999999999992
2026-11-08,8,2026-11-01,True,CARIBE_MAR,29071005.79,320753.49875,165764082.17000002,107746653.41,370.6131,272640.47,48113.02,85.0,15.0,Cubierta (85.0% Contratos / 15.0% Bolsa),962.2604962500001,356626.34552275087,548655.9161913936,504763.4428960822,-43892.47329531144,43892.47329531144,7.999999999999992
2026-11-08,8,2026-11-01,True,CARIBE_SOL,22918641.31,320753.49875,165764082.17000002,107746653.41,370.6131,272640.47,48113.02,85.0,15.0,Cubierta (85.0% Contratos / 15.0% Bolsa),962.2604962500001,356626.34552275087,548655.9161913936,504763.4428960822,-43892.47329531144,43892.47329531144,7.999999999999992
2026-11-08,8,2026-11-01,True,VALLE,18858569.13,320753.49875,165764082.17000002,107746653.41,370.6131,272640.47,48113.02,85.0,15.0,Cubierta (85.0% Contratos / 15.0% Bolsa),962.2604962500001,356626.34552275087,548655.9161913936,504763.4428960822,-43892.47329531144,43892.47329531144,7.999999999999992
2026-11-08,8,2026-11-01,True,SANTANDER,14493749.29,320753.49875,165764082.17000002,107746653.41,370.6131,272640.47,48113.02,85.0,15.0,Cubierta (85.0% Contratos / 15.0% Bolsa),962.2604962500001,356626.34552275087,548655.9161913936,504763.4428960822,-43892.47329531144,43892.47329531144,7.999999999999992
2026-11-08,8,2026-11-01,True,CUNDINAMARCA,9377312.06,320753.49875,165764082.17000002,107746653.41,370.6131,272640.47,48113.02,85.0,15.0,Cubierta (85.0% Contratos / 15.0% Bolsa),962.2604962500001,356626.34552275087,548655.9161913936,504763.4428960822,-43892.47329531144,43892.47329531144,7.999999999999992
2026-11-08,8,2026-11-01,True,TOLIMA,7855547.27,320753.49875,165764082.17000002,107746653.41,370.6131,272640.47,48113.02,85.0,15.0,Cubierta (85.0% Contratos / 15.0% Bolsa),962.2604962500001,356626.34552275087,548655.9161913936,504763.4428960822,-43892.47329531144,43892.47329531144,7.999999999999992
2026-11-09,9,2026-11-01,True,ANTIOQUIA,31313531.1,450462.89625,196280128.98999998,127582083.84,370.4228,382893.46,67569.43,85.0,15.0,Cubierta (85.0% Contratos / 15.0% Bolsa),1351.38868875,500585.1819751035,770131.0492135942,708520.5652765067,-61610.48393708747,61610.48393708747,7.999999999999992
2026-11-09,9,2026-11-01,True,BOGOTA,42901464.57,450462.89625,196280128.98999998,127582083.84,370.4228,382893.46,67569.43,85.0,15.0,Cubierta (85.0% Contratos / 15.0% Bolsa),1351.38868875,500585.1819751035,770131.0492135942,708520.5652765067,-61610.48393708747,61610.48393708747,7.999999999999992
2026-11-09,9,2026-11-01,True,CARIBE_MAR,35287207.88,450462.89625,196280128.98999998,127582083.84,370.4228,382893.46,67569.43,85.0,15.0,Cubierta (85.0% Contratos / 15.0% Bolsa),1351.38868875,500585.1819751035,770131.0492135942,708520.5652765067,-61610.48393708747,61610.48393708747,7.999999999999992
2026-11-09,9,2026-11-01,True,CARIBE_SOL,26756692.85,450462.89625,196280128.98999998,127582083.84,370.4228,382893.46,67569.43,85.0,15.0,Cubierta (85.0% Contratos / 15.0% Bolsa),1351.38868875,500585.1819751035,770131.0492135942,708520.5652765067,-61610.48393708747,61610.48393708747,7.999999999999992
2026-11-09,9,2026-11-01,True,VALLE,22475965.79,450462.89625,196280128.98999998,127582083.84,370.4228,382893.46,67569.43,85.0,15.0,Cubierta (85.0% Contratos / 15.0% Bolsa),1351.38868875,500585.1819751035,770131.0492135942,708520.5652765067,-61610.48393708747,61610.48393708747,7.999999999999992
2026-11-09,9,2026-11-01,True,SANTANDER,17153376.58,450462.89625,196280128.98999998,127582083.84,370.4228,382893.46,67569.43,85.0,15.0,Cubierta (85.0% Contratos / 15.0% Bolsa),1351.38868875,500585.1819751035,770131.0492135942,708520.5652765067,-61610.48393708747,61610.48393708747,7.999999999999992
2026-11-09,9,2026-11-01,True,CUNDINAMARCA,11087007.17,450462.89625,196280128.98999998,127582083.84,370.4228,382893.46,67569.43,85.0,15.0,Cubierta (85.0% Contratos / 15.0% Bolsa),1351.38868875,500585.1819751035,770131.0492135942,708520.5652765067,-61610.48393708747,61610.48393708747,7.999999999999992
2026-11-09,9,2026-11-01,True,TOLIMA,9304883.05,450462.89625,196280128.98999998,127582083.84,370.4228,382893.46,67569.43,85.0,15.0,Cubierta (85.0% Contratos / 15.0% Bolsa),1351.38868875,500585.1819751035,770131.0492135942,708520.5652765067,-61610.48393708747,61610.48393708747,7.999999999999992
2026-11-10,10,2026-11-01,True,ANTIOQUIA,31239867.02,451074.655,196546690.72,127755348.97,370.3013,383413.46,67661.2,85.0,15.0,Cubierta (85.0% Contratos / 15.0% Bolsa),1353.2239650000001,501100.5934306546,770923.989881246,709250.0706907463,-61673.9191904997,61673.9191904997,8.000000000000004
2026-11-10,10,2026-11-01,True,BOGOTA,42837711.81,451074.655,196546690.72,127755348.97,370.3013,383413.46,67661.2,85.0,15.0,Cubierta (85.0% Contratos / 15.0% Bolsa),1353.2239650000001,501100.5934306546,770923.989881246,709250.0706907463,-61673.9191904997,61673.9191904997,8.000000000000004
2026-11-10,10,2026-11-01,True,CARIBE_MAR,34887484.93,451074.655,196546690.72,127755348.97,370.3013,383413.46,67661.2,85.0,15.0,Cubierta (85.0% Contratos / 15.0% Bolsa),1353.2239650000001,501100.5934306546,770923.989881246,709250.0706907463,-61673.9191904997,61673.9191904997,8.000000000000004
2026-11-10,10,2026-11-01,True,CARIBE_SOL,27076807.99,451074.655,196546690.72,127755348.97,370.3013,383413.46,67661.2,85.0,15.0,Cubierta (85.0% Contratos / 15.0% Bolsa),1353.2239650000001,501100.5934306546,770923.989881246,709250.0706907463,-61673.9191904997,61673.9191904997,8.000000000000004
2026-11-10,10,2026-11-01,True,VALLE,22496181.81,451074.655,196546690.72,127755348.97,370.3013,383413.46,67661.2,85.0,15.0,Cubierta (85.0% Contratos / 15.0% Bolsa),1353.2239650000001,501100.5934306546,770923.989881246,709250.0706907463,-61673.9191904997,61673.9191904997,8.000000000000004
2026-11-10,10,2026-11-01,True,SANTANDER,17457965.09,451074.655,196546690.72,127755348.97,370.3013,383413.46,67661.2,85.0,15.0,Cubierta (85.0% Contratos / 15.0% Bolsa),1353.2239650000001,501100.5934306546,770923.989881246,709250.0706907463,-61673.9191904997,61673.9191904997,8.000000000000004
2026-11-10,10,2026-11-01,True,CUNDINAMARCA,11278348.51,451074.655,196546690.72,127755348.97,370.3013,383413.46,67661.2,85.0,15.0,Cubierta (85.0% Contratos / 15.0% Bolsa),1353.2239650000001,501100.5934306546,770923.989881246,709250.0706907463,-61673.9191904997,61673.9191904997,8.000000000000004
2026-11-10,10,2026-11-01,True,TOLIMA,9272323.56,451074.655,196546690.72,127755348.97,370.3013,383413.46,67661.2,85.0,15.0,Cubierta (85.0% Contratos / 15.0% Bolsa),1353.2239650000001,501100.5934306546,770923.989881246,709250.0706907463,-61673.9191904997,61673.9191904997,8.000000000000004
2026-11-11,11,2026-11-01,True,ANTIOQUIA,30991492.63,452013.255,196955666.49,128021183.22,370.2541,384211.27,67801.99,85.0,15.0,Cubierta (85.0% Contratos / 15.0% Bolsa),1356.039765,502079.2827542865,772429.665766775,710635.2925054331,-61794.37326134194,61794.37326134194,7.999999999999992
2026-11-11,11,2026-11-01,True,BOGOTA,43757360.67,452013.255,196955666.49,128021183.22,370.2541,384211.27,67801.99,85.0,15.0,Cubierta (85.0% Contratos / 15.0% Bolsa),1356.039765,502079.2827542865,772429.665766775,710635.2925054331,-61794.37326134194,61794.37326134194,7.999999999999992
2026-11-11,11,2026-11-01,True,CARIBE_MAR,34982699.38,452013.255,196955666.49,128021183.22,370.2541,384211.27,67801.99,85.0,15.0,Cubierta (85.0% Contratos / 15.0% Bolsa),1356.039765,502079.2827542865,772429.665766775,710635.2925054331,-61794.37326134194,61794.37326134194,7.999999999999992
2026-11-11,11,2026-11-01,True,CARIBE_SOL,27175597.41,452013.255,196955666.49,128021183.22,370.2541,384211.27,67801.99,85.0,15.0,Cubierta (85.0% Contratos / 15.0% Bolsa),1356.039765,502079.2827542865,772429.665766775,710635.2925054331,-61794.37326134194,61794.37326134194,7.999999999999992
2026-11-11,11,2026-11-01,True,VALLE,22092354.01,452013.255,196955666.49,128021183.22,370.2541,384211.27,67801.99,85.0,15.0,Cubierta (85.0% Contratos / 15.0% Bolsa),1356.039765,502079.2827542865,772429.665766775,710635.2925054331,-61794.37326134194,61794.37326134194,7.999999999999992
2026-11-11,11,2026-11-01,True,SANTANDER,17416134.4,452013.255,196955666.49,128021183.22,370.2541,384211.27,67801.99,85.0,15.0,Cubierta (85.0% Contratos / 15.0% Bolsa),1356.039765,502079.2827542865,772429.665766775,710635.2925054331,-61794.37326134194,61794.37326134194,7.999999999999992
2026-11-11,11,2026-11-01,True,CUNDINAMARCA,11229261.77,452013.255,196955666.49,128021183.22,370.2541,384211.27,67801.99,85.0,15.0,Cubierta (85.0% Contratos / 15.0% Bolsa),1356.039765,502079.2827542865,772429.665766775,710635.2925054331,-61794.37326134194,61794.37326134194,7.999999999999992
2026-11-11,11,2026-11-01,True,TOLIMA,9310766.22,452013.255,196955666.49,128021183.22,370.2541,384211.27,67801.99,85.0,15.0,Cubierta (85.0% Contratos / 15.0% Bolsa),1356.039765,502079.2827542865,772429.665766775,710635.2925054331,-61794.37326134194,61794.37326134194,7.999999999999992
2026-11-12,12,2026-11-01,True,ANTIOQUIA,30995422.07,451234.0475,196616142.48999998,127800492.62,370.2852,383548.94,67685.11,85.0,15.0,Cubierta (85.0% Contratos / 15.0% Bolsa),1353.7021425,501255.86857604096,771162.8747233195,709469.844745454,-61693.02997786552,61693.02997786552,7.999999999999995
2026-11-12,12,2026-11-01,True,BOGOTA,43752692.34,451234.0475,196616142.48999998,127800492.62,370.2852,383548.94,67685.11,85.0,15.0,Cubierta (85.0% Contratos / 15.0% Bolsa),1353.7021425,501255.86857604096,771162.8747233195,709469.844745454,-61693.02997786552,61693.02997786552,7.999999999999995
2026-11-12,12,2026-11-01,True,CARIBE_MAR,34714649.69,451234.0475,196616142.48999998,127800492.62,370.2852,383548.94,67685.11,85.0,15.0,Cubierta (85.0% Contratos / 15.0% Bolsa),1353.7021425,501255.86857604096,771162.8747233195,709469.844745454,-61693.02997786552,61693.02997786552,7.999999999999995
2026-11-12,12,2026-11-01,True,CARIBE_SOL,27050209.91,451234.0475,196616142.48999998,127800492.62,370.2852,383548.94,67685.11,85.0,15.0,Cubierta (85.0% Contratos / 15.0% Bolsa),1353.7021425,501255.86857604096,771162.8747233195,709469.844745454,-61693.02997786552,61693.02997786552,7.999999999999995
2026-11-12,12,2026-11-01,True,VALLE,22518495.57,451234.0475,196616142.48999998,127800492.62,370.2852,383548.94,67685.11,85.0,15.0,Cubierta (85.0% Contratos / 15.0% Bolsa),1353.7021425,501255.86857604096,771162.8747233195,709469.844745454,-61693.02997786552,61693.02997786552,7.999999999999995
2026-11-12,12,2026-11-01,True,SANTANDER,17194751.35,451234.0475,196616142.48999998,127800492.62,370.2852,383548.94,67685.11,85.0,15.0,Cubierta (85.0% Contratos / 15.0% Bolsa),1353.7021425,501255.86857604096,771162.8747233195,709469.844745454,-61693.02997786552,61693.02997786552,7.999999999999995
2026-11-12,12,2026-11-01,True,CUNDINAMARCA,11227933.43,451234.0475,196616142.48999998,127800492.62,370.2852,383548.94,67685.11,85.0,15.0,Cubierta (85.0% Contratos / 15.0% Bolsa),1353.7021425,501255.86857604096,771162.8747233195,709469.844745454,-61693.02997786552,61693.02997786552,7.999999999999995
2026-11-12,12,2026-11-01,True,TOLIMA,9161988.13,451234.0475,196616142.48999998,127800492.62,370.2852,383548.94,67685.11,85.0,15.0,Cubierta (85.0% Contratos / 15.0% Bolsa),1353.7021425,501255.86857604096,771162.8747233195,709469.844745454,-61693.02997786552,61693.02997786552,7.999999999999995
2026-11-13,13,2026-11-01,True,ANTIOQUIA,30944396.27,453479.19375,197594420.06,128436373.04,370.3969,385457.31,68021.88,85.0,15.0,Cubierta (85.0% Contratos / 15.0% Bolsa),1360.43758125,503901.86273849814,775233.6349762687,713214.9441781673,-62018.69079810148,62018.69079810148,7.999999999999997
2026-11-13,13,2026-11-01,True,BOGOTA,43950408.17,453479.19375,197594420.06,128436373.04,370.3969,385457.31,68021.88,85.0,15.0,Cubierta (85.0% Contratos / 15.0% Bolsa),1360.43758125,503901.86273849814,775233.6349762687,713214.9441781673,-62018.69079810148,62018.69079810148,7.999999999999997
2026-11-13,13,2026-11-01,True,CARIBE_MAR,35227270.51,453479.19375,197594420.06,128436373.04,370.3969,385457.31,68021.88,85.0,15.0,Cubierta (85.0% Contratos / 15.0% Bolsa),1360.43758125,503901.86273849814,775233.6349762687,713214.9441781673,-62018.69079810148,62018.69079810148,7.999999999999997
2026-11-13,13,2026-11-01,True,CARIBE_SOL,27142745.21,453479.19375,197594420.06,128436373.04,370.3969,385457.31,68021.88,85.0,15.0,Cubierta (85.0% Contratos / 15.0% Bolsa),1360.43758125,503901.86273849814,775233.6349762687,713214.9441781673,-62018.69079810148,62018.69079810148,7.999999999999997
2026-11-13,13,2026-11-01,True,VALLE,22346385.27,453479.19375,197594420.06,128436373.04,370.3969,385457.31,68021.88,85.0,15.0,Cubierta (85.0% Contratos / 15.0% Bolsa),1360.43758125,503901.86273849814,775233.6349762687,713214.9441781673,-62018.69079810148,62018.69079810148,7.999999999999997
2026-11-13,13,2026-11-01,True,SANTANDER,17545668.83,453479.19375,197594420.06,128436373.04,370.3969,385457.31,68021.88,85.0,15.0,Cubierta (85.0% Contratos / 15.0% Bolsa),1360.43758125,503901.86273849814,775233.6349762687,713214.9441781673,-62018.69079810148,62018.69079810148,7.999999999999997
2026-11-13,13,2026-11-01,True,CUNDINAMARCA,11198667.02,453479.19375,197594420.06,128436373.04,370.3969,385457.31,68021.88,85.0,15.0,Cubierta (85.0% Contratos / 15.0% Bolsa),1360.43758125,503901.86273849814,775233.6349762687,713214.9441781673,-62018.69079810148,62018.69079810148,7.999999999999997
2026-11-13,13,2026-11-01,True,TOLIMA,9238878.78,453479.19375,197594420.06,128436373.04,370.3969,385457.31,68021.88,85.0,15.0,Cubierta (85.0% Contratos / 15.0% Bolsa),1360.43758125,503901.86273849814,775233.6349762687,713214.9441781673,-62018.69079810148,62018.69079810148,7.999999999999997
2026-11-14,14,2026-11-01,True,ANTIOQUIA,25942546.81,320324.6025,165542430.03,107602579.52,370.5902,272275.91,48048.69,85.0,15.0,Cubierta (85.0% Contratos / 15.0% Bolsa),960.9738074999999,356127.47551618645,547888.4238685103,504057.34995902947,-43831.07390948082,43831.07390948082,8.0
2026-11-14,14,2026-11-01,True,BOGOTA,36442286.82,320324.6025,165542430.03,107602579.52,370.5902,272275.91,48048.69,85.0,15.0,Cubierta (85.0% Contratos / 15.0% Bolsa),960.9738074999999,356127.47551618645,547888.4238685103,504057.34995902947,-43831.07390948082,43831.07390948082,8.0
2026-11-14,14,2026-11-01,True,CARIBE_MAR,29529478.23,320324.6025,165542430.03,107602579.52,370.5902,272275.91,48048.69,85.0,15.0,Cubierta (85.0% Contratos / 15.0% Bolsa),960.9738074999999,356127.47551618645,547888.4238685103,504057.34995902947,-43831.07390948082,43831.07390948082,8.0
2026-11-14,14,2026-11-01,True,CARIBE_SOL,23107524.17,320324.6025,165542430.03,107602579.52,370.5902,272275.91,48048.69,85.0,15.0,Cubierta (85.0% Contratos / 15.0% Bolsa),960.9738074999999,356127.47551618645,547888.4238685103,504057.34995902947,-43831.07390948082,43831.07390948082,8.0
2026-11-14,14,2026-11-01,True,VALLE,18962930.86,320324.6025,165542430.03,107602579.52,370.5902,272275.91,48048.69,85.0,15.0,Cubierta (85.0% Contratos / 15.0% Bolsa),960.9738074999999,356127.47551618645,547888.4238685103,504057.34995902947,-43831.07390948082,43831.07390948082,8.0
2026-11-14,14,2026-11-01,True,SANTANDER,14498943.45,320324.6025,165542430.03,107602579.52,370.5902,272275.91,48048.69,85.0,15.0,Cubierta (85.0% Contratos / 15.0% Bolsa),960.9738074999999,356127.47551618645,547888.4238685103,504057.34995902947,-43831.07390948082,43831.07390948082,8.0
2026-11-14,14,2026-11-01,True,CUNDINAMARCA,9248506.77,320324.6025,165542430.03,107602579.52,370.5902,272275.91,48048.69,85.0,15.0,Cubierta (85.0% Contratos / 15.0% Bolsa),960.9738074999999,356127.47551618645,547888.4238685103,504057.34995902947,-43831.07390948082,43831.07390948082,8.0
2026-11-14,14,2026-11-01,True,TOLIMA,7810212.92,320324.6025,165542430.03,107602579.52,370.5902,272275.91,48048.69,85.0,15.0,Cubierta (85.0% Contratos / 15.0% Bolsa),960.9738074999999,356127.47551618645,547888.4238685103,504057.34995902947,-43831.07390948082,43831.07390948082,8.0
2026-11-15,15,2026-11-01,True,ANTIOQUIA,26300182.38,321344.84,166069684.9,107945295.18,370.8641,273143.11,48201.73,85.0,15.0,Cubierta (85.0% Contratos / 15.0% Bolsa),964.03452,357525.794628732,550039.6840696809,506036.5093441064,-44003.17472557444,44003.17472557444,7.999999999999995
2026-11-15,15,2026-11-01,True,BOGOTA,36757189.68,321344.84,166069684.9,107945295.18,370.8641,273143.11,48201.73,85.0,15.0,Cubierta (85.0% Contratos / 15.0% Bolsa),964.03452,357525.794628732,550039.6840696809,506036.5093441064,-44003.17472557444,44003.17472557444,7.999999999999995
2026-11-15,15,2026-11-01,True,CARIBE_MAR,29158529.25,321344.84,166069684.9,107945295.18,370.8641,273143.11,48201.73,85.0,15.0,Cubierta (85.0% Contratos / 15.0% Bolsa),964.03452,357525.794628732,550039.6840696809,506036.5093441064,-44003.17472557444,44003.17472557444,7.999999999999995
2026-11-15,15,2026-11-01,True,CARIBE_SOL,23030987.41,321344.84,166069684.9,107945295.18,370.8641,273143.11,48201.73,85.0,15.0,Cubierta (85.0% Contratos / 15.0% Bolsa),964.03452,357525.794628732,550039.6840696809,506036.5093441064,-44003.17472557444,44003.17472557444,7.999999999999995
2026-11-15,15,2026-11-01,True,VALLE,18779548.86,321344.84,166069684.9,107945295.18,370.8641,273143.11,48201.73,85.0,15.0,Cubierta (85.0% Contratos / 15.0% Bolsa),964.03452,357525.794628732,550039.6840696809,506036.5093441064,-44003.17472557444,44003.17472557444,7.999999999999995
2026-11-15,15,2026-11-01,True,SANTANDER,14642042.45,321344.84,166069684.9,107945295.18,370.8641,273143.11,48201.73,85.0,15.0,Cubierta (85.0% Contratos / 15.0% Bolsa),964.03452,357525.794628732,550039.6840696809,506036.5093441064,-44003.17472557444,44003.17472557444,7.999999999999995
2026-11-15,15,2026-11-01,True,CUNDINAMARCA,9501178.1,321344.84,166069684.9,107945295.18,370.8641,273143.11,48201.73,85.0,15.0,Cubierta (85.0% Contratos / 15.0% Bolsa),964.03452,357525.794628732,550039.6840696809,506036.5093441064,-44003.17472557444,44003.17472557444,7.999999999999995
2026-11-15,15,2026-11-01,True,TOLIMA,7900026.77,321344.84,166069684.9,107945295.18,370.8641,273143.11,48201.73,85.0,15.0,Cubierta (85.0% Contratos / 15.0% Bolsa),964.03452,357525.794628732,550039.6840696809,506036.5093441064,-44003.17472557444,44003.17472557444,7.999999999999995
2026-11-16,16,2026-11-01,True,ANTIOQUIA,31135097.63,449847.92625,196012168.28,127407909.38,371.2161,382370.74,67477.19,85.0,15.0,Cubierta (85.0% Contratos / 15.0% Bolsa),1349.54377875,500972.37832683785,770726.7358995415,709068.5970275783,-61658.13887196325,61658.13887196325,7.99999999999999
2026-11-16,16,2026-11-01,True,BOGOTA,42976484.77,449847.92625,196012168.28,127407909.38,371.2161,382370.74,67477.19,85.0,15.0,Cubierta (85.0% Contratos / 15.0% Bolsa),1349.54377875,500972.37832683785,770726.7358995415,709068.5970275783,-61658.13887196325,61658.13887196325,7.99999999999999
2026-11-16,16,2026-11-01,True,CARIBE_MAR,34355275.67,449847.92625,196012168.28,127407909.38,371.2161,382370.74,67477.19,85.0,15.0,Cubierta (85.0% Contratos / 15.0% Bolsa),1349.54377875,500972.37832683785,770726.7358995415,709068.5970275783,-61658.13887196325,61658.13887196325,7.99999999999999
2026-11-16,16,2026-11-01,True,CARIBE_SOL,27530452.52,449847.92625,196012168.28,127407909.38,371.2161,382370.74,67477.19,85.0,15.0,Cubierta (85.0% Contratos / 15.0% Bolsa),1349.54377875,500972.37832683785,770726.7358995415,709068.5970275783,-61658.13887196325,61658.13887196325,7.99999999999999
2026-11-16,16,2026-11-01,True,VALLE,22293047.44,449847.92625,196012168.28,127407909.38,371.2161,382370.74,67477.19,85.0,15.0,Cubierta (85.0% Contratos / 15.0% Bolsa),1349.54377875,500972.37832683785,770726.7358995415,709068.5970275783,-61658.13887196325,61658.13887196325,7.99999999999999
2026-11-16,16,2026-11-01,True,SANTANDER,17224980.22,449847.92625,196012168.28,127407909.38,371.2161,382370.74,67477.19,85.0,15.0,Cubierta (85.0% Contratos / 15.0% Bolsa),1349.54377875,500972.37832683785,770726.7358995415,709068.5970275783,-61658.13887196325,61658.13887196325,7.99999999999999
2026-11-16,16,2026-11-01,True,CUNDINAMARCA,11202260.57,449847.92625,196012168.28,127407909.38,371.2161,382370.74,67477.19,85.0,15.0,Cubierta (85.0% Contratos / 15.0% Bolsa),1349.54377875,500972.37832683785,770726.7358995415,709068.5970275783,-61658.13887196325,61658.13887196325,7.99999999999999
2026-11-16,16,2026-11-01,True,TOLIMA,9294569.46,449847.92625,196012168.28,127407909.38,371.2161,382370.74,67477.19,85.0,15.0,Cubierta (85.0% Contratos / 15.0% Bolsa),1349.54377875,500972.37832683785,770726.7358995415,709068.5970275783,-61658.13887196325,61658.13887196325,7.99999999999999
2026-11-17,17,2026-11-01,True,ANTIOQUIA,30784256.8,448820.7075,195564578.31000006,127116975.9,371.642,381497.6,67323.11,85.0,15.0,Cubierta (85.0% Contratos / 15.0% Bolsa),1346.4621225,500401.87613014504,769849.0402093076,708261.116992563,-61587.92321674456,61587.92321674456,7.999999999999995
2026-11-17,17,2026-11-01,True,BOGOTA,43259902.86,448820.7075,195564578.31000006,127116975.9,371.642,381497.6,67323.11,85.0,15.0,Cubierta (85.0% Contratos / 15.0% Bolsa),1346.4621225,500401.87613014504,769849.0402093076,708261.116992563,-61587.92321674456,61587.92321674456,7.999999999999995
2026-11-17,17,2026-11-01,True,CARIBE_MAR,34312370.21,448820.7075,195564578.31000006,127116975.9,371.642,381497.6,67323.11,85.0,15.0,Cubierta (85.0% Contratos / 15.0% Bolsa),1346.4621225,500401.87613014504,769849.0402093076,708261.116992563,-61587.92321674456,61587.92321674456,7.999999999999995
2026-11-17,17,2026-11-01,True,CARIBE_SOL,27112271.37,448820.7075,195564578.31000006,127116975.9,371.642,381497.6,67323.11,85.0,15.0,Cubierta (85.0% Contratos / 15.0% Bolsa),1346.4621225,500401.87613014504,769849.0402093076,708261.116992563,-61587.92321674456,61587.92321674456,7.999999999999995
2026-11-17,17,2026-11-01,True,VALLE,22170641.86,448820.7075,195564578.31000006,127116975.9,371.642,381497.6,67323.11,85.0,15.0,Cubierta (85.0% Contratos / 15.0% Bolsa),1346.4621225,500401.87613014504,769849.0402093076,708261.116992563,-61587.92321674456,61587.92321674456,7.999999999999995
2026-11-17,17,2026-11-01,True,SANTANDER,17376895.61,448820.7075,195564578.31000006,127116975.9,371.642,381497.6,67323.11,85.0,15.0,Cubierta (85.0% Contratos / 15.0% Bolsa),1346.4621225,500401.87613014504,769849.0402093076,708261.116992563,-61587.92321674456,61587.92321674456,7.999999999999995
2026-11-17,17,2026-11-01,True,CUNDINAMARCA,11154520.86,448820.7075,195564578.31000006,127116975.9,371.642,381497.6,67323.11,85.0,15.0,Cubierta (85.0% Contratos / 15.0% Bolsa),1346.4621225,500401.87613014504,769849.0402093076,708261.116992563,-61587.92321674456,61587.92321674456,7.999999999999995
2026-11-17,17,2026-11-01,True,TOLIMA,9393718.74,448820.7075,195564578.31000006,127116975.9,371.642,381497.6,67323.11,85.0,15.0,Cubierta (85.0% Contratos / 15.0% Bolsa),1346.4621225,500401.87613014504,769849.0402093076,708261.116992563,-61587.92321674456,61587.92321674456,7.999999999999995
2026-11-18,18,2026-11-01,True,ANTIOQUIA,31277400.78,451517.79,196739777.76999998,127880855.55,372.1363,383790.12,67727.67,85.0,15.0,Cubierta (85.0% Contratos / 15.0% Bolsa),1354.5533699999999,504078.47926433093,775505.3527173874,713464.9244999965,-62040.4282173909,62040.4282173909,7.999999999999989
2026-11-18,18,2026-11-01,True,BOGOTA,43499756.75,451517.79,196739777.76999998,127880855.55,372.1363,383790.12,67727.67,85.0,15.0,Cubierta (85.0% Contratos / 15.0% Bolsa),1354.5533699999999,504078.47926433093,775505.3527173874,713464.9244999965,-62040.4282173909,62040.4282173909,7.999999999999989
2026-11-18,18,2026-11-01,True,CARIBE_MAR,34539125.89,451517.79,196739777.76999998,127880855.55,372.1363,383790.12,67727.67,85.0,15.0,Cubierta (85.0% Contratos / 15.0% Bolsa),1354.5533699999999,504078.47926433093,775505.3527173874,713464.9244999965,-62040.4282173909,62040.4282173909,7.999999999999989
2026-11-18,18,2026-11-01,True,CARIBE_SOL,26958162.66,451517.79,196739777.76999998,127880855.55,372.1363,383790.12,67727.67,85.0,15.0,Cubierta (85.0% Contratos / 15.0% Bolsa),1354.5533699999999,504078.47926433093,775505.3527173874,713464.9244999965,-62040.4282173909,62040.4282173909,7.999999999999989
2026-11-18,18,2026-11-01,True,VALLE,22426979.98,451517.79,196739777.76999998,127880855.55,372.1363,383790.12,67727.67,85.0,15.0,Cubierta (85.0% Contratos / 15.0% Bolsa),1354.5533699999999,504078.47926433093,775505.3527173874,713464.9244999965,-62040.4282173909,62040.4282173909,7.999999999999989
2026-11-18,18,2026-11-01,True,SANTANDER,17553469.88,451517.79,196739777.76999998,127880855.55,372.1363,383790.12,67727.67,85.0,15.0,Cubierta (85.0% Contratos / 15.0% Bolsa),1354.5533699999999,504078.47926433093,775505.3527173874,713464.9244999965,-62040.4282173909,62040.4282173909,7.999999999999989
2026-11-18,18,2026-11-01,True,CUNDINAMARCA,11240637.82,451517.79,196739777.76999998,127880855.55,372.1363,383790.12,67727.67,85.0,15.0,Cubierta (85.0% Contratos / 15.0% Bolsa),1354.5533699999999,504078.47926433093,775505.3527173874,713464.9244999965,-62040.4282173909,62040.4282173909,7.999999999999989
2026-11-18,18,2026-11-01,True,TOLIMA,9244244.01,451517.79,196739777.76999998,127880855.55,372.1363,383790.12,67727.67,85.0,15.0,Cubierta (85.0% Contratos / 15.0% Bolsa),1354.5533699999999,504078.47926433093,775505.3527173874,713464.9244999965,-62040.4282173909,62040.4282173909,7.999999999999989
2026-11-19,19,2026-11-01,True,ANTIOQUIA,31272881.25,453234.93,197487986.74,128367191.38,372.6919,385249.69,67985.24,85.0,15.0,Cubierta (85.0% Contratos / 15.0% Bolsa),1359.70479,506750.961624201,779616.8640433056,717247.5149198412,-62369.34912346443,62369.34912346443,7.999999999999997
2026-11-19,19,2026-11-01,True,BOGOTA,43882787.67,453234.93,197487986.74,128367191.38,372.6919,385249.69,67985.24,85.0,15.0,Cubierta (85.0% Contratos / 15.0% Bolsa),1359.70479,506750.961624201,779616.8640433056,717247.5149198412,-62369.34912346443,62369.34912346443,7.999999999999997
2026-11-19,19,2026-11-01,True,CARIBE_MAR,34495143.54,453234.93,197487986.74,128367191.38,372.6919,385249.69,67985.24,85.0,15.0,Cubierta (85.0% Contratos / 15.0% Bolsa),1359.70479,506750.961624201,779616.8640433056,717247.5149198412,-62369.34912346443,62369.34912346443,7.999999999999997
2026-11-19,19,2026-11-01,True,CARIBE_SOL,27204230.78,453234.93,197487986.74,128367191.38,372.6919,385249.69,67985.24,85.0,15.0,Cubierta (85.0% Contratos / 15.0% Bolsa),1359.70479,506750.961624201,779616.8640433056,717247.5149198412,-62369.34912346443,62369.34912346443,7.999999999999997
2026-11-19,19,2026-11-01,True,VALLE,22614527.57,453234.93,197487986.74,128367191.38,372.6919,385249.69,67985.24,85.0,15.0,Cubierta (85.0% Contratos / 15.0% Bolsa),1359.70479,506750.961624201,779616.8640433056,717247.5149198412,-62369.34912346443,62369.34912346443,7.999999999999997
2026-11-19,19,2026-11-01,True,SANTANDER,17401671.92,453234.93,197487986.74,128367191.38,372.6919,385249.69,67985.24,85.0,15.0,Cubierta (85.0% Contratos / 15.0% Bolsa),1359.70479,506750.961624201,779616.8640433056,717247.5149198412,-62369.34912346443,62369.34912346443,7.999999999999997
2026-11-19,19,2026-11-01,True,CUNDINAMARCA,11218534.2,453234.93,197487986.74,128367191.38,372.6919,385249.69,67985.24,85.0,15.0,Cubierta (85.0% Contratos / 15.0% Bolsa),1359.70479,506750.961624201,779616.8640433056,717247.5149198412,-62369.34912346443,62369.34912346443,7.999999999999997
2026-11-19,19,2026-11-01,True,TOLIMA,9398209.81,453234.93,197487986.74,128367191.38,372.6919,385249.69,67985.24,85.0,15.0,Cubierta (85.0% Contratos / 15.0% Bolsa),1359.70479,506750.961624201,779616.8640433056,717247.5149198412,-62369.34912346443,62369.34912346443,7.999999999999997
2026-11-20,20,2026-11-01,True,ANTIOQUIA,31107020.57,450870.4325,196457704.93,127697508.2,373.3006,383239.87,67630.56,85.0,15.0,Cubierta (85.0% Contratos / 15.0% Bolsa),1352.6112975,504930.6089235285,776816.3214481877,714671.0157323327,-62145.30571585498,62145.30571585498,7.999999999999995
2026-11-20,20,2026-11-01,True,BOGOTA,43622081.2,450870.4325,196457704.93,127697508.2,373.3006,383239.87,67630.56,85.0,15.0,Cubierta (85.0% Contratos / 15.0% Bolsa),1352.6112975,504930.6089235285,776816.3214481877,714671.0157323327,-62145.30571585498,62145.30571585498,7.999999999999995
2026-11-20,20,2026-11-01,True,CARIBE_MAR,35030341.65,450870.4325,196457704.93,127697508.2,373.3006,383239.87,67630.56,85.0,15.0,Cubierta (85.0% Contratos / 15.0% Bolsa),1352.6112975,504930.6089235285,776816.3214481877,714671.0157323327,-62145.30571585498,62145.30571585498,7.999999999999995
2026-11-20,20,2026-11-01,True,CARIBE_SOL,27008932.82,450870.4325,196457704.93,127697508.2,373.3006,383239.87,67630.56,85.0,15.0,Cubierta (85.0% Contratos / 15.0% Bolsa),1352.6112975,504930.6089235285,776816.3214481877,714671.0157323327,-62145.30571585498,62145.30571585498,7.999999999999995
2026-11-20,20,2026-11-01,True,VALLE,22113293.9,450870.4325,196457704.93,127697508.2,373.3006,383239.87,67630.56,85.0,15.0,Cubierta (85.0% Contratos / 15.0% Bolsa),1352.6112975,504930.6089235285,776816.3214481877,714671.0157323327,-62145.30571585498,62145.30571585498,7.999999999999995
2026-11-20,20,2026-11-01,True,SANTANDER,17285267.17,450870.4325,196457704.93,127697508.2,373.3006,383239.87,67630.56,85.0,15.0,Cubierta (85.0% Contratos / 15.0% Bolsa),1352.6112975,504930.6089235285,776816.3214481877,714671.0157323327,-62145.30571585498,62145.30571585498,7.999999999999995
2026-11-20,20,2026-11-01,True,CUNDINAMARCA,11119479.06,450870.4325,196457704.93,127697508.2,373.3006,383239.87,67630.56,85.0,15.0,Cubierta (85.0% Contratos / 15.0% Bolsa),1352.6112975,504930.6089235285,776816.3214481877,714671.0157323327,-62145.30571585498,62145.30571585498,7.999999999999995
2026-11-20,20,2026-11-01,True,TOLIMA,9171288.56,450870.4325,196457704.93,127697508.2,373.3006,383239.87,67630.56,85.0,15.0,Cubierta (85.0% Contratos / 15.0% Bolsa),1352.6112975,504930.6089235285,776816.3214481877,714671.0157323327,-62145.30571585498,62145.30571585498,7.999999999999995
2026-11-21,21,2026-11-01,True,ANTIOQUIA,26068720.16,319989.44625,165369223.13,107489995.03,373.953,271991.03,47998.42,85.0,15.0,Cubierta (85.0% Contratos / 15.0% Bolsa),959.9683387499999,358983.0401805787,552281.6003009343,508099.07227685954,-44182.52802407474,44182.52802407474,7.999999999999999
2026-11-21,21,2026-11-01,True,BOGOTA,36389775.72,319989.44625,165369223.13,107489995.03,373.953,271991.03,47998.42,85.0,15.0,Cubierta (85.0% Contratos / 15.0% Bolsa),959.9683387499999,358983.0401805787,552281.6003009343,508099.07227685954,-44182.52802407474,44182.52802407474,7.999999999999999
2026-11-21,21,2026-11-01,True,CARIBE_MAR,29021884.39,319989.44625,165369223.13,107489995.03,373.953,271991.03,47998.42,85.0,15.0,Cubierta (85.0% Contratos / 15.0% Bolsa),959.9683387499999,358983.0401805787,552281.6003009343,508099.07227685954,-44182.52802407474,44182.52802407474,7.999999999999999
2026-11-21,21,2026-11-01,True,CARIBE_SOL,23178890.39,319989.44625,165369223.13,107489995.03,373.953,271991.03,47998.42,85.0,15.0,Cubierta (85.0% Contratos / 15.0% Bolsa),959.9683387499999,358983.0401805787,552281.6003009343,508099.07227685954,-44182.52802407474,44182.52802407474,7.999999999999999
2026-11-21,21,2026-11-01,True,VALLE,19009316.37,319989.44625,165369223.13,107489995.03,373.953,271991.03,47998.42,85.0,15.0,Cubierta (85.0% Contratos / 15.0% Bolsa),959.9683387499999,358983.0401805787,552281.6003009343,508099.07227685954,-44182.52802407474,44182.52802407474,7.999999999999999
2026-11-21,21,2026-11-01,True,SANTANDER,14568000.72,319989.44625,165369223.13,107489995.03,373.953,271991.03,47998.42,85.0,15.0,Cubierta (85.0% Contratos / 15.0% Bolsa),959.9683387499999,358983.0401805787,552281.6003009343,508099.07227685954,-44182.52802407474,44182.52802407474,7.999999999999999
2026-11-21,21,2026-11-01,True,CUNDINAMARCA,9337726.94,319989.44625,165369223.13,107489995.03,373.953,271991.03,47998.42,85.0,15.0,Cubierta (85.0% Contratos / 15.0% Bolsa),959.9683387499999,358983.0401805787,552281.6003009343,508099.07227685954,-44182.52802407474,44182.52802407474,7.999999999999999
2026-11-21,21,2026-11-01,True,TOLIMA,7794908.44,319989.44625,165369223.13,107489995.03,373.953,271991.03,47998.42,85.0,15.0,Cubierta (85.0% Contratos / 15.0% Bolsa),959.9683387499999,358983.0401805787,552281.6003009343,508099.07227685954,-44182.52802407474,44182.52802407474,7.999999999999999
2026-11-22,22,2026-11-01,True,ANTIOQUIA,25887707.03,320171.2475,165463176.87,107551064.97,374.639,272145.56,48025.69,85.0,15.0,Cubierta (85.0% Contratos / 15.0% Bolsa),960.5137425,359845.9079764575,553609.0891713867,509320.36203767575,-44288.72713371093,44288.72713371093,7.999999999999999
2026-11-22,22,2026-11-01,True,BOGOTA,36678444.24,320171.2475,165463176.87,107551064.97,374.639,272145.56,48025.69,85.0,15.0,Cubierta (85.0% Contratos / 15.0% Bolsa),960.5137425,359845.9079764575,553609.0891713867,509320.36203767575,-44288.72713371093,44288.72713371093,7.999999999999999
2026-11-22,22,2026-11-01,True,CARIBE_MAR,29110642.11,320171.2475,165463176.87,107551064.97,374.639,272145.56,48025.69,85.0,15.0,Cubierta (85.0% Contratos / 15.0% Bolsa),960.5137425,359845.9079764575,553609.0891713867,509320.36203767575,-44288.72713371093,44288.72713371093,7.999999999999999
2026-11-22,22,2026-11-01,True,CARIBE_SOL,22916761.86,320171.2475,165463176.87,107551064.97,374.639,272145.56,48025.69,85.0,15.0,Cubierta (85.0% Contratos / 15.0% Bolsa),960.5137425,359845.9079764575,553609.0891713867,509320.36203767575,-44288.72713371093,44288.72713371093,7.999999999999999
2026-11-22,22,2026-11-01,True,VALLE,18773436.21,320171.2475,165463176.87,107551064.97,374.639,272145.56,48025.69,85.0,15.0,Cubierta (85.0% Contratos / 15.0% Bolsa),960.5137425,359845.9079764575,553609.0891713867,509320.36203767575,-44288.72713371093,44288.72713371093,7.999999999999999
2026-11-22,22,2026-11-01,True,SANTANDER,14780853.79,320171.2475,165463176.87,107551064.97,374.639,272145.56,48025.69,85.0,15.0,Cubierta (85.0% Contratos / 15.0% Bolsa),960.5137425,359845.9079764575,553609.0891713867,509320.36203767575,-44288.72713371093,44288.72713371093,7.999999999999999
2026-11-22,22,2026-11-01,True,CUNDINAMARCA,9420065.14,320171.2475,165463176.87,107551064.97,374.639,272145.56,48025.69,85.0,15.0,Cubierta (85.0% Contratos / 15.0% Bolsa),960.5137425,359845.9079764575,553609.0891713867,509320.36203767575,-44288.72713371093,44288.72713371093,7.999999999999999
2026-11-22,22,2026-11-01,True,TOLIMA,7895266.49,320171.2475,165463176.87,107551064.97,374.639,272145.56,48025.69,85.0,15.0,Cubierta (85.0% Contratos / 15.0% Bolsa),960.5137425,359845.9079764575,553609.0891713867,509320.36203767575,-44288.72713371093,44288.72713371093,7.999999999999999
2026-11-23,23,2026-11-01,True,ANTIOQUIA,31047096.14,449616.285,195911235.26999998,127342302.93,375.3474,382173.84,67442.44,85.0,15.0,Cubierta (85.0% Contratos / 15.0% Bolsa),1348.848855,506286.910717227,778902.9395374397,716590.7043744446,-62312.23516299517,62312.23516299517,7.999999999999999
2026-11-23,23,2026-11-01,True,BOGOTA,42970267.66,449616.285,195911235.26999998,127342302.93,375.3474,382173.84,67442.44,85.0,15.0,Cubierta (85.0% Contratos / 15.0% Bolsa),1348.848855,506286.910717227,778902.9395374397,716590.7043744446,-62312.23516299517,62312.23516299517,7.999999999999999
2026-11-23,23,2026-11-01,True,CARIBE_MAR,34722092.0,449616.285,195911235.26999998,127342302.93,375.3474,382173.84,67442.44,85.0,15.0,Cubierta (85.0% Contratos / 15.0% Bolsa),1348.848855,506286.910717227,778902.9395374397,716590.7043744446,-62312.23516299517,62312.23516299517,7.999999999999999
2026-11-23,23,2026-11-01,True,CARIBE_SOL,27297325.76,449616.285,195911235.26999998,127342302.93,375.3474,382173.84,67442.44,85.0,15.0,Cubierta (85.0% Contratos / 15.0% Bolsa),1348.848855,506286.910717227,778902.9395374397,716590.7043744446,-62312.23516299517,62312.23516299517,7.999999999999999
2026-11-23,23,2026-11-01,True,VALLE,22176507.78,449616.285,195911235.26999998,127342302.93,375.3474,382173.84,67442.44,85.0,15.0,Cubierta (85.0% Contratos / 15.0% Bolsa),1348.848855,506286.910717227,778902.9395374397,716590.7043744446,-62312.23516299517,62312.23516299517,7.999999999999999
2026-11-23,23,2026-11-01,True,SANTANDER,17263797.32,449616.285,195911235.26999998,127342302.93,375.3474,382173.84,67442.44,85.0,15.0,Cubierta (85.0% Contratos / 15.0% Bolsa),1348.848855,506286.910717227,778902.9395374397,716590.7043744446,-62312.23516299517,62312.23516299517,7.999999999999999
2026-11-23,23,2026-11-01,True,CUNDINAMARCA,11203962.42,449616.285,195911235.26999998,127342302.93,375.3474,382173.84,67442.44,85.0,15.0,Cubierta (85.0% Contratos / 15.0% Bolsa),1348.848855,506286.910717227,778902.9395374397,716590.7043744446,-62312.23516299517,62312.23516299517,7.999999999999999
2026-11-23,23,2026-11-01,True,TOLIMA,9230186.19,449616.285,195911235.26999998,127342302.93,375.3474,382173.84,67442.44,85.0,15.0,Cubierta (85.0% Contratos / 15.0% Bolsa),1348.848855,506286.910717227,778902.9395374397,716590.7043744446,-62312.23516299517,62312.23516299517,7.999999999999999
2026-11-24,24,2026-11-01,True,ANTIOQUIA,31085638.07,451874.97375,196895413.19,127982018.57,376.0671,384093.73,67781.25,85.0,15.0,Cubierta (85.0% Contratos / 15.0% Bolsa),1355.62492125,509805.93282221584,784316.8197479352,721571.4741681004,-62745.34557983477,62745.34557983477,7.999999999999995
2026-11-24,24,2026-11-01,True,BOGOTA,43496140.78,451874.97375,196895413.19,127982018.57,376.0671,384093.73,67781.25,85.0,15.0,Cubierta (85.0% Contratos / 15.0% Bolsa),1355.62492125,509805.93282221584,784316.8197479352,721571.4741681004,-62745.34557983477,62745.34557983477,7.999999999999995
2026-11-24,24,2026-11-01,True,CARIBE_MAR,34532461.73,451874.97375,196895413.19,127982018.57,376.0671,384093.73,67781.25,85.0,15.0,Cubierta (85.0% Contratos / 15.0% Bolsa),1355.62492125,509805.93282221584,784316.8197479352,721571.4741681004,-62745.34557983477,62745.34557983477,7.999999999999995
2026-11-24,24,2026-11-01,True,CARIBE_SOL,27489600.73,451874.97375,196895413.19,127982018.57,376.0671,384093.73,67781.25,85.0,15.0,Cubierta (85.0% Contratos / 15.0% Bolsa),1355.62492125,509805.93282221584,784316.8197479352,721571.4741681004,-62745.34557983477,62745.34557983477,7.999999999999995
2026-11-24,24,2026-11-01,True,VALLE,22505227.24,451874.97375,196895413.19,127982018.57,376.0671,384093.73,67781.25,85.0,15.0,Cubierta (85.0% Contratos / 15.0% Bolsa),1355.62492125,509805.93282221584,784316.8197479352,721571.4741681004,-62745.34557983477,62745.34557983477,7.999999999999995
2026-11-24,24,2026-11-01,True,SANTANDER,17391330.41,451874.97375,196895413.19,127982018.57,376.0671,384093.73,67781.25,85.0,15.0,Cubierta (85.0% Contratos / 15.0% Bolsa),1355.62492125,509805.93282221584,784316.8197479352,721571.4741681004,-62745.34557983477,62745.34557983477,7.999999999999995
2026-11-24,24,2026-11-01,True,CUNDINAMARCA,11188407.49,451874.97375,196895413.19,127982018.57,376.0671,384093.73,67781.25,85.0,15.0,Cubierta (85.0% Contratos / 15.0% Bolsa),1355.62492125,509805.93282221584,784316.8197479352,721571.4741681004,-62745.34557983477,62745.34557983477,7.999999999999995
2026-11-24,24,2026-11-01,True,TOLIMA,9206606.74,451874.97375,196895413.19,127982018.57,376.0671,384093.73,67781.25,85.0,15.0,Cubierta (85.0% Contratos / 15.0% Bolsa),1355.62492125,509805.93282221584,784316.8197479352,721571.4741681004,-62745.34557983477,62745.34557983477,7.999999999999995
2026-11-25,25,2026-11-01,True,ANTIOQUIA,30512938.54,451170.55625,196588477.74000004,127782510.53,376.7864,383494.97,67675.58,85.0,15.0,Cubierta (85.0% Contratos / 15.0% Bolsa),1353.5116687500001,509984.7890263051,784591.9831235326,721824.62447365,-62767.358649882604,62767.358649882604,7.999999999999999
2026-11-25,25,2026-11-01,True,BOGOTA,43621031.65,451170.55625,196588477.74000004,127782510.53,376.7864,383494.97,67675.58,85.0,15.0,Cubierta (85.0% Contratos / 15.0% Bolsa),1353.5116687500001,509984.7890263051,784591.9831235326,721824.62447365,-62767.358649882604,62767.358649882604,7.999999999999999
2026-11-25,25,2026-11-01,True,CARIBE_MAR,34698400.37,451170.55625,196588477.74000004,127782510.53,376.7864,383494.97,67675.58,85.0,15.0,Cubierta (85.0% Contratos / 15.0% Bolsa),1353.5116687500001,509984.7890263051,784591.9831235326,721824.62447365,-62767.358649882604,62767.358649882604,7.999999999999999
2026-11-25,25,2026-11-01,True,CARIBE_SOL,27602029.92,451170.55625,196588477.74000004,127782510.53,376.7864,383494.97,67675.58,85.0,15.0,Cubierta (85.0% Contratos / 15.0% Bolsa),1353.5116687500001,509984.7890263051,784591.9831235326,721824.62447365,-62767.358649882604,62767.358649882604,7.999999999999999
2026-11-25,25,2026-11-01,True,VALLE,22197840.18,451170.55625,196588477.74000004,127782510.53,376.7864,383494.97,67675.58,85.0,15.0,Cubierta (85.0% Contratos / 15.0% Bolsa),1353.5116687500001,509984.7890263051,784591.9831235326,721824.62447365,-62767.358649882604,62767.358649882604,7.999999999999999
2026-11-25,25,2026-11-01,True,SANTANDER,17468738.1,451170.55625,196588477.74000004,127782510.53,376.7864,383494.97,67675.58,85.0,15.0,Cubierta (85.0% Contratos / 15.0% Bolsa),1353.5116687500001,509984.7890263051,784591.9831235326,721824.62447365,-62767.358649882604,62767.358649882604,7.999999999999999
2026-11-25,25,2026-11-01,True,CUNDINAMARCA,11159741.65,451170.55625,196588477.74000004,127782510.53,376.7864,383494.97,67675.58,85.0,15.0,Cubierta (85.0% Contratos / 15.0% Bolsa),1353.5116687500001,509984.7890263051,784591.9831235326,721824.62447365,-62767.358649882604,62767.358649882604,7.999999999999999
2026-11-25,25,2026-11-01,True,TOLIMA,9327757.33,451170.55625,196588477.74000004,127782510.53,376.7864,383494.97,67675.58,85.0,15.0,Cubierta (85.0% Contratos / 15.0% Bolsa),1353.5116687500001,509984.7890263051,784591.9831235326,721824.62447365,-62767.358649882604,62767.358649882604,7.999999999999999
2026-11-26,26,2026-11-01,True,ANTIOQUIA,31487037.77,452699.23625,197254569.37,128215470.09,377.4937,384794.35,67904.89,85.0,15.0,Cubierta (85.0% Contratos / 15.0% Bolsa),1358.09770875,512673.32903755986,788728.1985223986,725629.9426406068,-63098.25588179182,63098.25588179182,7.99999999999999
2026-11-26,26,2026-11-01,True,BOGOTA,43047604.42,452699.23625,197254569.37,128215470.09,377.4937,384794.35,67904.89,85.0,15.0,Cubierta (85.0% Contratos / 15.0% Bolsa),1358.09770875,512673.32903755986,788728.1985223986,725629.9426406068,-63098.25588179182,63098.25588179182,7.99999999999999
2026-11-26,26,2026-11-01,True,CARIBE_MAR,34742685.11,452699.23625,197254569.37,128215470.09,377.4937,384794.35,67904.89,85.0,15.0,Cubierta (85.0% Contratos / 15.0% Bolsa),1358.09770875,512673.32903755986,788728.1985223986,725629.9426406068,-63098.25588179182,63098.25588179182,7.99999999999999
2026-11-26,26,2026-11-01,True,CARIBE_SOL,27786599.7,452699.23625,197254569.37,128215470.09,377.4937,384794.35,67904.89,85.0,15.0,Cubierta (85.0% Contratos / 15.0% Bolsa),1358.09770875,512673.32903755986,788728.1985223986,725629.9426406068,-63098.25588179182,63098.25588179182,7.99999999999999
2026-11-26,26,2026-11-01,True,VALLE,22204921.53,452699.23625,197254569.37,128215470.09,377.4937,384794.35,67904.89,85.0,15.0,Cubierta (85.0% Contratos / 15.0% Bolsa),1358.09770875,512673.32903755986,788728.1985223986,725629.9426406068,-63098.25588179182,63098.25588179182,7.99999999999999
2026-11-26,26,2026-11-01,True,SANTANDER,17440526.35,452699.23625,197254569.37,128215470.09,377.4937,384794.35,67904.89,85.0,15.0,Cubierta (85.0% Contratos / 15.0% Bolsa),1358.09770875,512673.32903755986,788728.1985223986,725629.9426406068,-63098.25588179182,63098.25588179182,7.99999999999999
2026-11-26,26,2026-11-01,True,CUNDINAMARCA,11205222.63,452699.23625,197254569.37,128215470.09,377.4937,384794.35,67904.89,85.0,15.0,Cubierta (85.0% Contratos / 15.0% Bolsa),1358.09770875,512673.32903755986,788728.1985223986,725629.9426406068,-63098.25588179182,63098.25588179182,7.99999999999999
2026-11-26,26,2026-11-01,True,TOLIMA,9339971.86,452699.23625,197254569.37,128215470.09,377.4937,384794.35,67904.89,85.0,15.0,Cubierta (85.0% Contratos / 15.0% Bolsa),1358.09770875,512673.32903755986,788728.1985223986,725629.9426406068,-63098.25588179182,63098.25588179182,7.99999999999999
2026-11-27,27,2026-11-01,True,ANTIOQUIA,30920199.89,453206.74125,197475704.06,128359207.64,378.1776,385225.73,67981.01,85.0,15.0,Cubierta (85.0% Contratos / 15.0% Bolsa),1359.6202237500002,514177.91312923806,791042.9432695882,727759.5078080212,-63283.435461567016,63283.435461567016,7.999999999999995
2026-11-27,27,2026-11-01,True,BOGOTA,43890075.98,453206.74125,197475704.06,128359207.64,378.1776,385225.73,67981.01,85.0,15.0,Cubierta (85.0% Contratos / 15.0% Bolsa),1359.6202237500002,514177.91312923806,791042.9432695882,727759.5078080212,-63283.435461567016,63283.435461567016,7.999999999999995
2026-11-27,27,2026-11-01,True,CARIBE_MAR,34803773.0,453206.74125,197475704.06,128359207.64,378.1776,385225.73,67981.01,85.0,15.0,Cubierta (85.0% Contratos / 15.0% Bolsa),1359.6202237500002,514177.91312923806,791042.9432695882,727759.5078080212,-63283.435461567016,63283.435461567016,7.999999999999995
2026-11-27,27,2026-11-01,True,CARIBE_SOL,27654164.42,453206.74125,197475704.06,128359207.64,378.1776,385225.73,67981.01,85.0,15.0,Cubierta (85.0% Contratos / 15.0% Bolsa),1359.6202237500002,514177.91312923806,791042.9432695882,727759.5078080212,-63283.435461567016,63283.435461567016,7.999999999999995
2026-11-27,27,2026-11-01,True,VALLE,22432116.6,453206.74125,197475704.06,128359207.64,378.1776,385225.73,67981.01,85.0,15.0,Cubierta (85.0% Contratos / 15.0% Bolsa),1359.6202237500002,514177.91312923806,791042.9432695882,727759.5078080212,-63283.435461567016,63283.435461567016,7.999999999999995
2026-11-27,27,2026-11-01,True,SANTANDER,17216078.1,453206.74125,197475704.06,128359207.64,378.1776,385225.73,67981.01,85.0,15.0,Cubierta (85.0% Contratos / 15.0% Bolsa),1359.6202237500002,514177.91312923806,791042.9432695882,727759.5078080212,-63283.435461567016,63283.435461567016,7.999999999999995
2026-11-27,27,2026-11-01,True,CUNDINAMARCA,11184649.88,453206.74125,197475704.06,128359207.64,378.1776,385225.73,67981.01,85.0,15.0,Cubierta (85.0% Contratos / 15.0% Bolsa),1359.6202237500002,514177.91312923806,791042.9432695882,727759.5078080212,-63283.435461567016,63283.435461567016,7.999999999999995
2026-11-27,27,2026-11-01,True,TOLIMA,9374646.19,453206.74125,197475704.06,128359207.64,378.1776,385225.73,67981.01,85.0,15.0,Cubierta (85.0% Contratos / 15.0% Bolsa),1359.6202237500002,514177.91312923806,791042.9432695882,727759.5078080212,-63283.435461567016,63283.435461567016,7.999999999999995
2026-11-28,28,2026-11-01,True,ANTIOQUIA,26068882.32,321014.9625,165899205.23999998,107834483.41,378.8272,272862.72,48152.24,85.0,15.0,Cubierta (85.0% Contratos / 15.0% Bolsa),963.0448875000001,364827.59820594004,561273.2279883187,516371.3697492532,-44901.85823906545,44901.85823906545,7.999999999999992
2026-11-28,28,2026-11-01,True,BOGOTA,36289511.47,321014.9625,165899205.23999998,107834483.41,378.8272,272862.72,48152.24,85.0,15.0,Cubierta (85.0% Contratos / 15.0% Bolsa),963.0448875000001,364827.59820594004,561273.2279883187,516371.3697492532,-44901.85823906545,44901.85823906545,7.999999999999992
2026-11-28,28,2026-11-01,True,CARIBE_MAR,29185213.42,321014.9625,165899205.23999998,107834483.41,378.8272,272862.72,48152.24,85.0,15.0,Cubierta (85.0% Contratos / 15.0% Bolsa),963.0448875000001,364827.59820594004,561273.2279883187,516371.3697492532,-44901.85823906545,44901.85823906545,7.999999999999992
2026-11-28,28,2026-11-01,True,CARIBE_SOL,23364884.07,321014.9625,165899205.23999998,107834483.41,378.8272,272862.72,48152.24,85.0,15.0,Cubierta (85.0% Contratos / 15.0% Bolsa),963.0448875000001,364827.59820594004,561273.2279883187,516371.3697492532,-44901.85823906545,44901.85823906545,7.999999999999992
2026-11-28,28,2026-11-01,True,VALLE,19123459.85,321014.9625,165899205.23999998,107834483.41,378.8272,272862.72,48152.24,85.0,15.0,Cubierta (85.0% Contratos / 15.0% Bolsa),963.0448875000001,364827.59820594004,561273.2279883187,516371.3697492532,-44901.85823906545,44901.85823906545,7.999999999999992
2026-11-28,28,2026-11-01,True,SANTANDER,14722029.89,321014.9625,165899205.23999998,107834483.41,378.8272,272862.72,48152.24,85.0,15.0,Cubierta (85.0% Contratos / 15.0% Bolsa),963.0448875000001,364827.59820594004,561273.2279883187,516371.3697492532,-44901.85823906545,44901.85823906545,7.999999999999992
2026-11-28,28,2026-11-01,True,CUNDINAMARCA,9319392.78,321014.9625,165899205.23999998,107834483.41,378.8272,272862.72,48152.24,85.0,15.0,Cubierta (85.0% Contratos / 15.0% Bolsa),963.0448875000001,364827.59820594004,561273.2279883187,516371.3697492532,-44901.85823906545,44901.85823906545,7.999999999999992
2026-11-28,28,2026-11-01,True,TOLIMA,7825831.44,321014.9625,165899205.23999998,107834483.41,378.8272,272862.72,48152.24,85.0,15.0,Cubierta (85.0% Contratos / 15.0% Bolsa),963.0448875000001,364827.59820594004,561273.2279883187,516371.3697492532,-44901.85823906545,44901.85823906545,7.999999999999992
2026-11-29,29,2026-11-01,True,ANTIOQUIA,26133561.45,323014.98625,166932809.75000003,108506326.34,379.4325,274562.74,48452.25,85.0,15.0,Cubierta (85.0% Contratos / 15.0% Bolsa),969.0449587500001,367687.1513109094,565672.5404652891,520418.737228066,-45253.803237223125,45253.803237223125,7.999999999999999
2026-11-29,29,2026-11-01,True,BOGOTA,36972281.5,323014.98625,166932809.75000003,108506326.34,379.4325,274562.74,48452.25,85.0,15.0,Cubierta (85.0% Contratos / 15.0% Bolsa),969.0449587500001,367687.1513109094,565672.5404652891,520418.737228066,-45253.803237223125,45253.803237223125,7.999999999999999
2026-11-29,29,2026-11-01,True,CARIBE_MAR,29497584.92,323014.98625,166932809.75000003,108506326.34,379.4325,274562.74,48452.25,85.0,15.0,Cubierta (85.0% Contratos / 15.0% Bolsa),969.0449587500001,367687.1513109094,565672.5404652891,520418.737228066,-45253.803237223125,45253.803237223125,7.999999999999999
2026-11-29,29,2026-11-01,True,CARIBE_SOL,23119043.31,323014.98625,166932809.75000003,108506326.34,379.4325,274562.74,48452.25,85.0,15.0,Cubierta (85.0% Contratos / 15.0% Bolsa),969.0449587500001,367687.1513109094,565672.5404652891,520418.737228066,-45253.803237223125,45253.803237223125,7.999999999999999
2026-11-29,29,2026-11-01,True,VALLE,19178935.0,323014.98625,166932809.75000003,108506326.34,379.4325,274562.74,48452.25,85.0,15.0,Cubierta (85.0% Contratos / 15.0% Bolsa),969.0449587500001,367687.1513109094,565672.5404652891,520418.737228066,-45253.803237223125,45253.803237223125,7.999999999999999
2026-11-29,29,2026-11-01,True,SANTANDER,14782427.74,323014.98625,166932809.75000003,108506326.34,379.4325,274562.74,48452.25,85.0,15.0,Cubierta (85.0% Contratos / 15.0% Bolsa),969.0449587500001,367687.1513109094,565672.5404652891,520418.737228066,-45253.803237223125,45253.803237223125,7.999999999999999
2026-11-29,29,2026-11-01,True,CUNDINAMARCA,9480509.0,323014.98625,166932809.75000003,108506326.34,379.4325,274562.74,48452.25,85.0,15.0,Cubierta (85.0% Contratos / 15.0% Bolsa),969.0449587500001,367687.1513109094,565672.5404652891,520418.737228066,-45253.803237223125,45253.803237223125,7.999999999999999
2026-11-29,29,2026-11-01,True,TOLIMA,7768466.83,323014.98625,166932809.75000003,108506326.34,379.4325,274562.74,48452.25,85.0,15.0,Cubierta (85.0% Contratos / 15.0% Bolsa),969.0449587500001,367687.1513109094,565672.5404652891,520418.737228066,-45253.803237223125,45253.803237223125,7.999999999999999
2026-11-30,30,2026-11-01,True,ANTIOQUIA,31585310.67,453965.6675,197806390.98000002,128574154.14,379.984,385870.82,68094.85,85.0,15.0,Cubierta (85.0% Contratos / 15.0% Bolsa),1361.8970024999999,517499.0705979599,796152.4162859775,732460.2229830993,-63692.19330287818,63692.19330287818,7.999999999999997
2026-11-30,30,2026-11-01,True,BOGOTA,43807110.69,453965.6675,197806390.98000002,128574154.14,379.984,385870.82,68094.85,85.0,15.0,Cubierta (85.0% Contratos / 15.0% Bolsa),1361.8970024999999,517499.0705979599,796152.4162859775,732460.2229830993,-63692.19330287818,63692.19330287818,7.999999999999997
2026-11-30,30,2026-11-01,True,CARIBE_MAR,34836013.92,453965.6675,197806390.98000002,128574154.14,379.984,385870.82,68094.85,85.0,15.0,Cubierta (85.0% Contratos / 15.0% Bolsa),1361.8970024999999,517499.0705979599,796152.4162859775,732460.2229830993,-63692.19330287818,63692.19330287818,7.999999999999997
2026-11-30,30,2026-11-01,True,CARIBE_SOL,27718474.62,453965.6675,197806390.98000002,128574154.14,379.984,385870.82,68094.85,85.0,15.0,Cubierta (85.0% Contratos / 15.0% Bolsa),1361.8970024999999,517499.0705979599,796152.4162859775,732460.2229830993,-63692.19330287818,63692.19330287818,7.999999999999997
2026-11-30,30,2026-11-01,True,VALLE,21979633.26,453965.6675,197806390.98000002,128574154.14,379.984,385870.82,68094.85,85.0,15.0,Cubierta (85.0% Contratos / 15.0% Bolsa),1361.8970024999999,517499.0705979599,796152.4162859775,732460.2229830993,-63692.19330287818,63692.19330287818,7.999999999999997
2026-11-30,30,2026-11-01,True,SANTANDER,17328308.88,453965.6675,197806390.98000002,128574154.14,379.984,385870.82,68094.85,85.0,15.0,Cubierta (85.0% Contratos / 15.0% Bolsa),1361.8970024999999,517499.0705979599,796152.4162859775,732460.2229830993,-63692.19330287818,63692.19330287818,7.999999999999997
2026-11-30,30,2026-11-01,True,CUNDINAMARCA,11260879.55,453965.6675,197806390.98000002,128574154.14,379.984,385870.82,68094.85,85.0,15.0,Cubierta (85.0% Contratos / 15.0% Bolsa),1361.8970024999999,517499.0705979599,796152.4162859775,732460.2229830993,-63692.19330287818,63692.19330287818,7.999999999999997
2026-11-30,30,2026-11-01,True,TOLIMA,9290659.39,453965.6675,197806390.98000002,128574154.14,379.984,385870.82,68094.85,85.0,15.0,Cubierta (85.0% Contratos / 15.0% Bolsa),1361.8970024999999,517499.0705979599,796152.4162859775,732460.2229830993,-63692.19330287818,63692.19330287818,7.999999999999997
2026-12-01,1,2026-12-01,True,ANTIOQUIA,31275864.83,450363.51,196236823.41000003,127553935.22,380.4737,382808.98,67554.53,85.0,15.0,Cubierta (85.0% Contratos / 15.0% Bolsa),1351.09053,514054.412984061,790852.9430307011,727584.707588245,-63268.23544245609,63268.23544245609,8.0
2026-12-01,1,2026-12-01,True,BOGOTA,43008542.17,450363.51,196236823.41000003,127553935.22,380.4737,382808.98,67554.53,85.0,15.0,Cubierta (85.0% Contratos / 15.0% Bolsa),1351.09053,514054.412984061,790852.9430307011,727584.707588245,-63268.23544245609,63268.23544245609,8.0
2026-12-01,1,2026-12-01,True,CARIBE_MAR,34663948.93,450363.51,196236823.41000003,127553935.22,380.4737,382808.98,67554.53,85.0,15.0,Cubierta (85.0% Contratos / 15.0% Bolsa),1351.09053,514054.412984061,790852.9430307011,727584.707588245,-63268.23544245609,63268.23544245609,8.0
2026-12-01,1,2026-12-01,True,CARIBE_SOL,27119830.64,450363.51,196236823.41000003,127553935.22,380.4737,382808.98,67554.53,85.0,15.0,Cubierta (85.0% Contratos / 15.0% Bolsa),1351.09053,514054.412984061,790852.9430307011,727584.707588245,-63268.23544245609,63268.23544245609,8.0
2026-12-01,1,2026-12-01,True,VALLE,22224846.11,450363.51,196236823.41000003,127553935.22,380.4737,382808.98,67554.53,85.0,15.0,Cubierta (85.0% Contratos / 15.0% Bolsa),1351.09053,514054.412984061,790852.9430307011,727584.707588245,-63268.23544245609,63268.23544245609,8.0
2026-12-01,1,2026-12-01,True,SANTANDER,17516749.12,450363.51,196236823.41000003,127553935.22,380.4737,382808.98,67554.53,85.0,15.0,Cubierta (85.0% Contratos / 15.0% Bolsa),1351.09053,514054.412984061,790852.9430307011,727584.707588245,-63268.23544245609,63268.23544245609,8.0
2026-12-01,1,2026-12-01,True,CUNDINAMARCA,11167862.28,450363.51,196236823.41000003,127553935.22,380.4737,382808.98,67554.53,85.0,15.0,Cubierta (85.0% Contratos / 15.0% Bolsa),1351.09053,514054.412984061,790852.9430307011,727584.707588245,-63268.23544245609,63268.23544245609,8.0
2026-12-01,1,2026-12-01,True,TOLIMA,9259179.33,450363.51,196236823.41000003,127553935.22,380.4737,382808.98,67554.53,85.0,15.0,Cubierta (85.0% Contratos / 15.0% Bolsa),1351.09053,514054.412984061,790852.9430307011,727584.707588245,-63268.23544245609,63268.23544245609,8.0
2026-12-02,2,2026-12-01,True,ANTIOQUIA,31278436.79,454741.48875,198144439.51999998,128793885.69,380.8945,386530.27,68211.22,85.0,15.0,Cubierta (85.0% Contratos / 15.0% Bolsa),1364.22446625,519625.5959600606,799423.9937722946,735470.074270511,-63953.91950178356,63953.91950178356,7.999999999999999
2026-12-02,2,2026-12-01,True,BOGOTA,44138872.43,454741.48875,198144439.51999998,128793885.69,380.8945,386530.27,68211.22,85.0,15.0,Cubierta (85.0% Contratos / 15.0% Bolsa),1364.22446625,519625.5959600606,799423.9937722946,735470.074270511,-63953.91950178356,63953.91950178356,7.999999999999999
2026-12-02,2,2026-12-01,True,CARIBE_MAR,34883712.69,454741.48875,198144439.51999998,128793885.69,380.8945,386530.27,68211.22,85.0,15.0,Cubierta (85.0% Contratos / 15.0% Bolsa),1364.22446625,519625.5959600606,799423.9937722946,735470.074270511,-63953.91950178356,63953.91950178356,7.999999999999999
2026-12-02,2,2026-12-01,True,CARIBE_SOL,27487467.68,454741.48875,198144439.51999998,128793885.69,380.8945,386530.27,68211.22,85.0,15.0,Cubierta (85.0% Contratos / 15.0% Bolsa),1364.22446625,519625.5959600606,799423.9937722946,735470.074270511,-63953.91950178356,63953.91950178356,7.999999999999999
2026-12-02,2,2026-12-01,True,VALLE,22336119.54,454741.48875,198144439.51999998,128793885.69,380.8945,386530.27,68211.22,85.0,15.0,Cubierta (85.0% Contratos / 15.0% Bolsa),1364.22446625,519625.5959600606,799423.9937722946,735470.074270511,-63953.91950178356,63953.91950178356,7.999999999999999
2026-12-02,2,2026-12-01,True,SANTANDER,17695312.41,454741.48875,198144439.51999998,128793885.69,380.8945,386530.27,68211.22,85.0,15.0,Cubierta (85.0% Contratos / 15.0% Bolsa),1364.22446625,519625.5959600606,799423.9937722946,735470.074270511,-63953.91950178356,63953.91950178356,7.999999999999999
2026-12-02,2,2026-12-01,True,CUNDINAMARCA,11111365.5,454741.48875,198144439.51999998,128793885.69,380.8945,386530.27,68211.22,85.0,15.0,Cubierta (85.0% Contratos / 15.0% Bolsa),1364.22446625,519625.5959600606,799423.9937722946,735470.074270511,-63953.91950178356,63953.91950178356,7.999999999999999
2026-12-02,2,2026-12-01,True,TOLIMA,9213152.48,454741.48875,198144439.51999998,128793885.69,380.8945,386530.27,68211.22,85.0,15.0,Cubierta (85.0% Contratos / 15.0% Bolsa),1364.22446625,519625.5959600606,799423.9937722946,735470.074270511,-63953.91950178356,63953.91950178356,7.999999999999999
2026-12-03,3,2026-12-01,True,ANTIOQUIA,31232228.74,453394.495,197557514.25,128412384.26,381.2411,385385.32,68009.17,85.0,15.0,Cubierta (85.0% Contratos / 15.0% Bolsa),1360.183485,518557.8480232335,797781.3046666601,733958.8002933273,-63822.504373332835,63822.504373332835,8.000000000000004
2026-12-03,3,2026-12-01,True,BOGOTA,43744960.66,453394.495,197557514.25,128412384.26,381.2411,385385.32,68009.17,85.0,15.0,Cubierta (85.0% Contratos / 15.0% Bolsa),1360.183485,518557.8480232335,797781.3046666601,733958.8002933273,-63822.504373332835,63822.504373332835,8.000000000000004
2026-12-03,3,2026-12-01,True,CARIBE_MAR,34724728.21,453394.495,197557514.25,128412384.26,381.2411,385385.32,68009.17,85.0,15.0,Cubierta (85.0% Contratos / 15.0% Bolsa),1360.183485,518557.8480232335,797781.3046666601,733958.8002933273,-63822.504373332835,63822.504373332835,8.000000000000004
2026-12-03,3,2026-12-01,True,CARIBE_SOL,27434331.46,453394.495,197557514.25,128412384.26,381.2411,385385.32,68009.17,85.0,15.0,Cubierta (85.0% Contratos / 15.0% Bolsa),1360.183485,518557.8480232335,797781.3046666601,733958.8002933273,-63822.504373332835,63822.504373332835,8.000000000000004
2026-12-03,3,2026-12-01,True,VALLE,22520566.8,453394.495,197557514.25,128412384.26,381.2411,385385.32,68009.17,85.0,15.0,Cubierta (85.0% Contratos / 15.0% Bolsa),1360.183485,518557.8480232335,797781.3046666601,733958.8002933273,-63822.504373332835,63822.504373332835,8.000000000000004
2026-12-03,3,2026-12-01,True,SANTANDER,17287013.31,453394.495,197557514.25,128412384.26,381.2411,385385.32,68009.17,85.0,15.0,Cubierta (85.0% Contratos / 15.0% Bolsa),1360.183485,518557.8480232335,797781.3046666601,733958.8002933273,-63822.504373332835,63822.504373332835,8.000000000000004
2026-12-03,3,2026-12-01,True,CUNDINAMARCA,11318420.94,453394.495,197557514.25,128412384.26,381.2411,385385.32,68009.17,85.0,15.0,Cubierta (85.0% Contratos / 15.0% Bolsa),1360.183485,518557.8480232335,797781.3046666601,733958.8002933273,-63822.504373332835,63822.504373332835,8.000000000000004
2026-12-03,3,2026-12-01,True,TOLIMA,9295264.13,453394.495,197557514.25,128412384.26,381.2411,385385.32,68009.17,85.0,15.0,Cubierta (85.0% Contratos / 15.0% Bolsa),1360.183485,518557.8480232335,797781.3046666601,733958.8002933273,-63822.504373332835,63822.504373332835,8.000000000000004
2026-12-04,4,2026-12-01,True,ANTIOQUIA,30972410.27,451482.6675,196724473.95000002,127870908.07,381.5093,383760.27,67722.4,85.0,15.0,Cubierta (85.0% Contratos / 15.0% Bolsa),1354.4480025,516734.50932017324,794976.1681693394,731378.0747157923,-63598.0934535471,63598.0934535471,7.999999999999993
2026-12-04,4,2026-12-01,True,BOGOTA,43262364.84,451482.6675,196724473.95000002,127870908.07,381.5093,383760.27,67722.4,85.0,15.0,Cubierta (85.0% Contratos / 15.0% Bolsa),1354.4480025,516734.50932017324,794976.1681693394,731378.0747157923,-63598.0934535471,63598.0934535471,7.999999999999993
2026-12-04,4,2026-12-01,True,CARIBE_MAR,34840928.72,451482.6675,196724473.95000002,127870908.07,381.5093,383760.27,67722.4,85.0,15.0,Cubierta (85.0% Contratos / 15.0% Bolsa),1354.4480025,516734.50932017324,794976.1681693394,731378.0747157923,-63598.0934535471,63598.0934535471,7.999999999999993
2026-12-04,4,2026-12-01,True,CARIBE_SOL,27235713.46,451482.6675,196724473.95000002,127870908.07,381.5093,383760.27,67722.4,85.0,15.0,Cubierta (85.0% Contratos / 15.0% Bolsa),1354.4480025,516734.50932017324,794976.1681693394,731378.0747157923,-63598.0934535471,63598.0934535471,7.999999999999993
2026-12-04,4,2026-12-01,True,VALLE,22536741.63,451482.6675,196724473.95000002,127870908.07,381.5093,383760.27,67722.4,85.0,15.0,Cubierta (85.0% Contratos / 15.0% Bolsa),1354.4480025,516734.50932017324,794976.1681693394,731378.0747157923,-63598.0934535471,63598.0934535471,7.999999999999993
2026-12-04,4,2026-12-01,True,SANTANDER,17481848.55,451482.6675,196724473.95000002,127870908.07,381.5093,383760.27,67722.4,85.0,15.0,Cubierta (85.0% Contratos / 15.0% Bolsa),1354.4480025,516734.50932017324,794976.1681693394,731378.0747157923,-63598.0934535471,63598.0934535471,7.999999999999993
2026-12-04,4,2026-12-01,True,CUNDINAMARCA,11141899.55,451482.6675,196724473.95000002,127870908.07,381.5093,383760.27,67722.4,85.0,15.0,Cubierta (85.0% Contratos / 15.0% Bolsa),1354.4480025,516734.50932017324,794976.1681693394,731378.0747157923,-63598.0934535471,63598.0934535471,7.999999999999993
2026-12-04,4,2026-12-01,True,TOLIMA,9252566.93,451482.6675,196724473.95000002,127870908.07,381.5093,383760.27,67722.4,85.0,15.0,Cubierta (85.0% Contratos / 15.0% Bolsa),1354.4480025,516734.50932017324,794976.1681693394,731378.0747157923,-63598.0934535471,63598.0934535471,7.999999999999993
2026-12-05,5,2026-12-01,True,ANTIOQUIA,26330572.1,321568.5825,166185313.78,108020453.96,381.6968,273333.3,48235.29,85.0,15.0,Cubierta (85.0% Contratos / 15.0% Bolsa),964.7057475,368225.09676235804,566500.1488494332,521180.13694147853,-45320.01190795464,45320.01190795464,7.999999999999997
2026-12-05,5,2026-12-01,True,BOGOTA,36374372.26,321568.5825,166185313.78,108020453.96,381.6968,273333.3,48235.29,85.0,15.0,Cubierta (85.0% Contratos / 15.0% Bolsa),964.7057475,368225.09676235804,566500.1488494332,521180.13694147853,-45320.01190795464,45320.01190795464,7.999999999999997
2026-12-05,5,2026-12-01,True,CARIBE_MAR,29338181.02,321568.5825,166185313.78,108020453.96,381.6968,273333.3,48235.29,85.0,15.0,Cubierta (85.0% Contratos / 15.0% Bolsa),964.7057475,368225.09676235804,566500.1488494332,521180.13694147853,-45320.01190795464,45320.01190795464,7.999999999999997
2026-12-05,5,2026-12-01,True,CARIBE_SOL,23025353.17,321568.5825,166185313.78,108020453.96,381.6968,273333.3,48235.29,85.0,15.0,Cubierta (85.0% Contratos / 15.0% Bolsa),964.7057475,368225.09676235804,566500.1488494332,521180.13694147853,-45320.01190795464,45320.01190795464,7.999999999999997
2026-12-05,5,2026-12-01,True,VALLE,19122322.67,321568.5825,166185313.78,108020453.96,381.6968,273333.3,48235.29,85.0,15.0,Cubierta (85.0% Contratos / 15.0% Bolsa),964.7057475,368225.09676235804,566500.1488494332,521180.13694147853,-45320.01190795464,45320.01190795464,7.999999999999997
2026-12-05,5,2026-12-01,True,SANTANDER,14602334.09,321568.5825,166185313.78,108020453.96,381.6968,273333.3,48235.29,85.0,15.0,Cubierta (85.0% Contratos / 15.0% Bolsa),964.7057475,368225.09676235804,566500.1488494332,521180.13694147853,-45320.01190795464,45320.01190795464,7.999999999999997
2026-12-05,5,2026-12-01,True,CUNDINAMARCA,9514893.23,321568.5825,166185313.78,108020453.96,381.6968,273333.3,48235.29,85.0,15.0,Cubierta (85.0% Contratos / 15.0% Bolsa),964.7057475,368225.09676235804,566500.1488494332,521180.13694147853,-45320.01190795464,45320.01190795464,7.999999999999997
2026-12-05,5,2026-12-01,True,TOLIMA,7877285.24,321568.5825,166185313.78,108020453.96,381.6968,273333.3,48235.29,85.0,15.0,Cubierta (85.0% Contratos / 15.0% Bolsa),964.7057475,368225.09676235804,566500.1488494332,521180.13694147853,-45320.01190795464,45320.01190795464,7.999999999999997
2026-12-06,6,2026-12-01,True,ANTIOQUIA,26326457.06,321486.415,166142849.97000003,107992852.48,381.8028,273263.45,48222.96,85.0,15.0,Cubierta (85.0% Contratos / 15.0% Bolsa),964.459245,368233.240226886,566512.6772747553,521191.6630927749,-45321.0141819804,45321.0141819804,7.999999999999995
2026-12-06,6,2026-12-01,True,BOGOTA,36383653.59,321486.415,166142849.97000003,107992852.48,381.8028,273263.45,48222.96,85.0,15.0,Cubierta (85.0% Contratos / 15.0% Bolsa),964.459245,368233.240226886,566512.6772747553,521191.6630927749,-45321.0141819804,45321.0141819804,7.999999999999995
2026-12-06,6,2026-12-01,True,CARIBE_MAR,29499274.48,321486.415,166142849.97000003,107992852.48,381.8028,273263.45,48222.96,85.0,15.0,Cubierta (85.0% Contratos / 15.0% Bolsa),964.459245,368233.240226886,566512.6772747553,521191.6630927749,-45321.0141819804,45321.0141819804,7.999999999999995
2026-12-06,6,2026-12-01,True,CARIBE_SOL,22914871.16,321486.415,166142849.97000003,107992852.48,381.8028,273263.45,48222.96,85.0,15.0,Cubierta (85.0% Contratos / 15.0% Bolsa),964.459245,368233.240226886,566512.6772747553,521191.6630927749,-45321.0141819804,45321.0141819804,7.999999999999995
2026-12-06,6,2026-12-01,True,VALLE,18906473.29,321486.415,166142849.97000003,107992852.48,381.8028,273263.45,48222.96,85.0,15.0,Cubierta (85.0% Contratos / 15.0% Bolsa),964.459245,368233.240226886,566512.6772747553,521191.6630927749,-45321.0141819804,45321.0141819804,7.999999999999995
2026-12-06,6,2026-12-01,True,SANTANDER,14869458.74,321486.415,166142849.97000003,107992852.48,381.8028,273263.45,48222.96,85.0,15.0,Cubierta (85.0% Contratos / 15.0% Bolsa),964.459245,368233.240226886,566512.6772747553,521191.6630927749,-45321.0141819804,45321.0141819804,7.999999999999995
2026-12-06,6,2026-12-01,True,CUNDINAMARCA,9396987.32,321486.415,166142849.97000003,107992852.48,381.8028,273263.45,48222.96,85.0,15.0,Cubierta (85.0% Contratos / 15.0% Bolsa),964.459245,368233.240226886,566512.6772747553,521191.6630927749,-45321.0141819804,45321.0141819804,7.999999999999995
2026-12-06,6,2026-12-01,True,TOLIMA,7845674.33,321486.415,166142849.97000003,107992852.48,381.8028,273263.45,48222.96,85.0,15.0,Cubierta (85.0% Contratos / 15.0% Bolsa),964.459245,368233.240226886,566512.6772747553,521191.6630927749,-45321.0141819804,45321.0141819804,7.999999999999995
2026-12-07,7,2026-12-01,True,ANTIOQUIA,31239836.78,454314.53,197958401.09,128672960.71,381.8283,386167.35,68147.18,85.0,15.0,Cubierta (85.0% Contratos / 15.0% Bolsa),1362.94359,520410.43396559707,800631.4368608162,736580.9219119509,-64050.51494886528,64050.51494886528,7.999999999999999
2026-12-07,7,2026-12-01,True,BOGOTA,43726121.27,454314.53,197958401.09,128672960.71,381.8283,386167.35,68147.18,85.0,15.0,Cubierta (85.0% Contratos / 15.0% Bolsa),1362.94359,520410.43396559707,800631.4368608162,736580.9219119509,-64050.51494886528,64050.51494886528,7.999999999999999
2026-12-07,7,2026-12-01,True,CARIBE_MAR,35003114.94,454314.53,197958401.09,128672960.71,381.8283,386167.35,68147.18,85.0,15.0,Cubierta (85.0% Contratos / 15.0% Bolsa),1362.94359,520410.43396559707,800631.4368608162,736580.9219119509,-64050.51494886528,64050.51494886528,7.999999999999999
2026-12-07,7,2026-12-01,True,CARIBE_SOL,27511832.72,454314.53,197958401.09,128672960.71,381.8283,386167.35,68147.18,85.0,15.0,Cubierta (85.0% Contratos / 15.0% Bolsa),1362.94359,520410.43396559707,800631.4368608162,736580.9219119509,-64050.51494886528,64050.51494886528,7.999999999999999
2026-12-07,7,2026-12-01,True,VALLE,22537667.7,454314.53,197958401.09,128672960.71,381.8283,386167.35,68147.18,85.0,15.0,Cubierta (85.0% Contratos / 15.0% Bolsa),1362.94359,520410.43396559707,800631.4368608162,736580.9219119509,-64050.51494886528,64050.51494886528,7.999999999999999
2026-12-07,7,2026-12-01,True,SANTANDER,17369344.14,454314.53,197958401.09,128672960.71,381.8283,386167.35,68147.18,85.0,15.0,Cubierta (85.0% Contratos / 15.0% Bolsa),1362.94359,520410.43396559707,800631.4368608162,736580.9219119509,-64050.51494886528,64050.51494886528,7.999999999999999
2026-12-07,7,2026-12-01,True,CUNDINAMARCA,11155003.85,454314.53,197958401.09,128672960.71,381.8283,386167.35,68147.18,85.0,15.0,Cubierta (85.0% Contratos / 15.0% Bolsa),1362.94359,520410.43396559707,800631.4368608162,736580.9219119509,-64050.51494886528,64050.51494886528,7.999999999999999
2026-12-07,7,2026-12-01,True,TOLIMA,9415479.69,454314.53,197958401.09,128672960.71,381.8283,386167.35,68147.18,85.0,15.0,Cubierta (85.0% Contratos / 15.0% Bolsa),1362.94359,520410.43396559707,800631.4368608162,736580.9219119509,-64050.51494886528,64050.51494886528,7.999999999999999
2026-12-08,8,2026-12-01,True,ANTIOQUIA,31135041.17,455179.28625,198335201.03999996,128917880.68,381.7756,386902.39,68276.89,85.0,15.0,Cubierta (85.0% Contratos / 15.0% Bolsa),1365.53785875,521329.03534699645,802044.6697397244,737881.0961605464,-64163.57357917796,64163.57357917796,8.000000000000002
2026-12-08,8,2026-12-01,True,BOGOTA,44121519.96,455179.28625,198335201.03999996,128917880.68,381.7756,386902.39,68276.89,85.0,15.0,Cubierta (85.0% Contratos / 15.0% Bolsa),1365.53785875,521329.03534699645,802044.6697397244,737881.0961605464,-64163.57357917796,64163.57357917796,8.000000000000002
2026-12-08,8,2026-12-01,True,CARIBE_MAR,35259018.07,455179.28625,198335201.03999996,128917880.68,381.7756,386902.39,68276.89,85.0,15.0,Cubierta (85.0% Contratos / 15.0% Bolsa),1365.53785875,521329.03534699645,802044.6697397244,737881.0961605464,-64163.57357917796,64163.57357917796,8.000000000000002
2026-12-08,8,2026-12-01,True,CARIBE_SOL,27245428.83,455179.28625,198335201.03999996,128917880.68,381.7756,386902.39,68276.89,85.0,15.0,Cubierta (85.0% Contratos / 15.0% Bolsa),1365.53785875,521329.03534699645,802044.6697397244,737881.0961605464,-64163.57357917796,64163.57357917796,8.000000000000002
2026-12-08,8,2026-12-01,True,VALLE,22624408.03,455179.28625,198335201.03999996,128917880.68,381.7756,386902.39,68276.89,85.0,15.0,Cubierta (85.0% Contratos / 15.0% Bolsa),1365.53785875,521329.03534699645,802044.6697397244,737881.0961605464,-64163.57357917796,64163.57357917796,8.000000000000002
2026-12-08,8,2026-12-01,True,SANTANDER,17486890.98,455179.28625,198335201.03999996,128917880.68,381.7756,386902.39,68276.89,85.0,15.0,Cubierta (85.0% Contratos / 15.0% Bolsa),1365.53785875,521329.03534699645,802044.6697397244,737881.0961605464,-64163.57357917796,64163.57357917796,8.000000000000002
2026-12-08,8,2026-12-01,True,CUNDINAMARCA,11138468.62,455179.28625,198335201.03999996,128917880.68,381.7756,386902.39,68276.89,85.0,15.0,Cubierta (85.0% Contratos / 15.0% Bolsa),1365.53785875,521329.03534699645,802044.6697397244,737881.0961605464,-64163.57357917796,64163.57357917796,8.000000000000002
2026-12-08,8,2026-12-01,True,TOLIMA,9324425.38,455179.28625,198335201.03999996,128917880.68,381.7756,386902.39,68276.89,85.0,15.0,Cubierta (85.0% Contratos / 15.0% Bolsa),1365.53785875,521329.03534699645,802044.6697397244,737881.0961605464,-64163.57357917796,64163.57357917796,8.000000000000002
2026-12-09,9,2026-12-01,True,ANTIOQUIA,31736311.68,455014.4175,198263362.74999997,128871185.79,381.6491,386762.25,68252.16,85.0,15.0,Cubierta (85.0% Contratos / 15.0% Bolsa),1365.0432524999999,520967.52877769765,801488.5057962942,737369.4253325907,-64119.08046370349,64119.08046370349,7.999999999999995
2026-12-09,9,2026-12-01,True,BOGOTA,43817982.68,455014.4175,198263362.74999997,128871185.79,381.6491,386762.25,68252.16,85.0,15.0,Cubierta (85.0% Contratos / 15.0% Bolsa),1365.0432524999999,520967.52877769765,801488.5057962942,737369.4253325907,-64119.08046370349,64119.08046370349,7.999999999999995
2026-12-09,9,2026-12-01,True,CARIBE_MAR,34785933.43,455014.4175,198263362.74999997,128871185.79,381.6491,386762.25,68252.16,85.0,15.0,Cubierta (85.0% Contratos / 15.0% Bolsa),1365.0432524999999,520967.52877769765,801488.5057962942,737369.4253325907,-64119.08046370349,64119.08046370349,7.999999999999995
2026-12-09,9,2026-12-01,True,CARIBE_SOL,27235821.94,455014.4175,198263362.74999997,128871185.79,381.6491,386762.25,68252.16,85.0,15.0,Cubierta (85.0% Contratos / 15.0% Bolsa),1365.0432524999999,520967.52877769765,801488.5057962942,737369.4253325907,-64119.08046370349,64119.08046370349,7.999999999999995
2026-12-09,9,2026-12-01,True,VALLE,22516042.48,455014.4175,198263362.74999997,128871185.79,381.6491,386762.25,68252.16,85.0,15.0,Cubierta (85.0% Contratos / 15.0% Bolsa),1365.0432524999999,520967.52877769765,801488.5057962942,737369.4253325907,-64119.08046370349,64119.08046370349,7.999999999999995
2026-12-09,9,2026-12-01,True,SANTANDER,17572067.52,455014.4175,198263362.74999997,128871185.79,381.6491,386762.25,68252.16,85.0,15.0,Cubierta (85.0% Contratos / 15.0% Bolsa),1365.0432524999999,520967.52877769765,801488.5057962942,737369.4253325907,-64119.08046370349,64119.08046370349,7.999999999999995
2026-12-09,9,2026-12-01,True,CUNDINAMARCA,11312139.29,455014.4175,198263362.74999997,128871185.79,381.6491,386762.25,68252.16,85.0,15.0,Cubierta (85.0% Contratos / 15.0% Bolsa),1365.0432524999999,520967.52877769765,801488.5057962942,737369.4253325907,-64119.08046370349,64119.08046370349,7.999999999999995
2026-12-09,9,2026-12-01,True,TOLIMA,9287063.73,455014.4175,198263362.74999997,128871185.79,381.6491,386762.25,68252.16,85.0,15.0,Cubierta (85.0% Contratos / 15.0% Bolsa),1365.0432524999999,520967.52877769765,801488.5057962942,737369.4253325907,-64119.08046370349,64119.08046370349,7.999999999999995
2026-12-10,10,2026-12-01,True,ANTIOQUIA,31394390.62,454761.15875,198153010.57,128799456.87,381.4542,386546.98,68214.17,85.0,15.0,Cubierta (85.0% Contratos / 15.0% Bolsa),1364.2834762500001,520411.6620061628,800633.3261664354,736582.6600731206,-64050.666093314765,64050.666093314765,7.999999999999992
2026-12-10,10,2026-12-01,True,BOGOTA,43739783.05,454761.15875,198153010.57,128799456.87,381.4542,386546.98,68214.17,85.0,15.0,Cubierta (85.0% Contratos / 15.0% Bolsa),1364.2834762500001,520411.6620061628,800633.3261664354,736582.6600731206,-64050.666093314765,64050.666093314765,7.999999999999992
2026-12-10,10,2026-12-01,True,CARIBE_MAR,35006406.0,454761.15875,198153010.57,128799456.87,381.4542,386546.98,68214.17,85.0,15.0,Cubierta (85.0% Contratos / 15.0% Bolsa),1364.2834762500001,520411.6620061628,800633.3261664354,736582.6600731206,-64050.666093314765,64050.666093314765,7.999999999999992
2026-12-10,10,2026-12-01,True,CARIBE_SOL,27520858.53,454761.15875,198153010.57,128799456.87,381.4542,386546.98,68214.17,85.0,15.0,Cubierta (85.0% Contratos / 15.0% Bolsa),1364.2834762500001,520411.6620061628,800633.3261664354,736582.6600731206,-64050.666093314765,64050.666093314765,7.999999999999992
2026-12-10,10,2026-12-01,True,VALLE,22492564.27,454761.15875,198153010.57,128799456.87,381.4542,386546.98,68214.17,85.0,15.0,Cubierta (85.0% Contratos / 15.0% Bolsa),1364.2834762500001,520411.6620061628,800633.3261664354,736582.6600731206,-64050.666093314765,64050.666093314765,7.999999999999992
2026-12-10,10,2026-12-01,True,SANTANDER,17520575.9,454761.15875,198153010.57,128799456.87,381.4542,386546.98,68214.17,85.0,15.0,Cubierta (85.0% Contratos / 15.0% Bolsa),1364.2834762500001,520411.6620061628,800633.3261664354,736582.6600731206,-64050.666093314765,64050.666093314765,7.999999999999992
2026-12-10,10,2026-12-01,True,CUNDINAMARCA,11066706.04,454761.15875,198153010.57,128799456.87,381.4542,386546.98,68214.17,85.0,15.0,Cubierta (85.0% Contratos / 15.0% Bolsa),1364.2834762500001,520411.6620061628,800633.3261664354,736582.6600731206,-64050.666093314765,64050.666093314765,7.999999999999992
2026-12-10,10,2026-12-01,True,TOLIMA,9411726.16,454761.15875,198153010.57,128799456.87,381.4542,386546.98,68214.17,85.0,15.0,Cubierta (85.0% Contratos / 15.0% Bolsa),1364.2834762500001,520411.6620061628,800633.3261664354,736582.6600731206,-64050.666093314765,64050.666093314765,7.999999999999992
2026-12-11,11,2026-12-01,True,ANTIOQUIA,31012335.15,452080.51,196984971.63000003,128040231.56,381.1981,384268.43,67812.08,85.0,15.0,Cubierta (85.0% Contratos / 15.0% Bolsa),1356.24153,516996.694377093,795379.5298078066,731749.167423182,-63630.36238462455,63630.36238462455,8.000000000000004
2026-12-11,11,2026-12-01,True,BOGOTA,43828527.72,452080.51,196984971.63000003,128040231.56,381.1981,384268.43,67812.08,85.0,15.0,Cubierta (85.0% Contratos / 15.0% Bolsa),1356.24153,516996.694377093,795379.5298078066,731749.167423182,-63630.36238462455,63630.36238462455,8.000000000000004
2026-12-11,11,2026-12-01,True,CARIBE_MAR,34696527.6,452080.51,196984971.63000003,128040231.56,381.1981,384268.43,67812.08,85.0,15.0,Cubierta (85.0% Contratos / 15.0% Bolsa),1356.24153,516996.694377093,795379.5298078066,731749.167423182,-63630.36238462455,63630.36238462455,8.000000000000004
2026-12-11,11,2026-12-01,True,CARIBE_SOL,26958400.22,452080.51,196984971.63000003,128040231.56,381.1981,384268.43,67812.08,85.0,15.0,Cubierta (85.0% Contratos / 15.0% Bolsa),1356.24153,516996.694377093,795379.5298078066,731749.167423182,-63630.36238462455,63630.36238462455,8.000000000000004
2026-12-11,11,2026-12-01,True,VALLE,22452550.61,452080.51,196984971.63000003,128040231.56,381.1981,384268.43,67812.08,85.0,15.0,Cubierta (85.0% Contratos / 15.0% Bolsa),1356.24153,516996.694377093,795379.5298078066,731749.167423182,-63630.36238462455,63630.36238462455,8.000000000000004
2026-12-11,11,2026-12-01,True,SANTANDER,17552486.63,452080.51,196984971.63000003,128040231.56,381.1981,384268.43,67812.08,85.0,15.0,Cubierta (85.0% Contratos / 15.0% Bolsa),1356.24153,516996.694377093,795379.5298078066,731749.167423182,-63630.36238462455,63630.36238462455,8.000000000000004
2026-12-11,11,2026-12-01,True,CUNDINAMARCA,11176196.52,452080.51,196984971.63000003,128040231.56,381.1981,384268.43,67812.08,85.0,15.0,Cubierta (85.0% Contratos / 15.0% Bolsa),1356.24153,516996.694377093,795379.5298078066,731749.167423182,-63630.36238462455,63630.36238462455,8.000000000000004
2026-12-11,11,2026-12-01,True,TOLIMA,9307947.18,452080.51,196984971.63000003,128040231.56,381.1981,384268.43,67812.08,85.0,15.0,Cubierta (85.0% Contratos / 15.0% Bolsa),1356.24153,516996.694377093,795379.5298078066,731749.167423182,-63630.36238462455,63630.36238462455,8.000000000000004
2026-12-12,12,2026-12-01,True,ANTIOQUIA,26051625.16,322387.64375,166608601.61999997,108295591.05,380.8889,274029.5,48358.15,85.0,15.0,Cubierta (85.0% Contratos / 15.0% Bolsa),967.1629312499999,368381.6250045881,566740.9615612199,521401.6846363223,-45339.27692489757,45339.27692489757,7.9999999999999964
2026-12-12,12,2026-12-01,True,BOGOTA,37072800.07,322387.64375,166608601.61999997,108295591.05,380.8889,274029.5,48358.15,85.0,15.0,Cubierta (85.0% Contratos / 15.0% Bolsa),967.1629312499999,368381.6250045881,566740.9615612199,521401.6846363223,-45339.27692489757,45339.27692489757,7.9999999999999964
2026-12-12,12,2026-12-01,True,CARIBE_MAR,29645912.96,322387.64375,166608601.61999997,108295591.05,380.8889,274029.5,48358.15,85.0,15.0,Cubierta (85.0% Contratos / 15.0% Bolsa),967.1629312499999,368381.6250045881,566740.9615612199,521401.6846363223,-45339.27692489757,45339.27692489757,7.9999999999999964
2026-12-12,12,2026-12-01,True,CARIBE_SOL,23092658.82,322387.64375,166608601.61999997,108295591.05,380.8889,274029.5,48358.15,85.0,15.0,Cubierta (85.0% Contratos / 15.0% Bolsa),967.1629312499999,368381.6250045881,566740.9615612199,521401.6846363223,-45339.27692489757,45339.27692489757,7.9999999999999964
2026-12-12,12,2026-12-01,True,VALLE,18875063.32,322387.64375,166608601.61999997,108295591.05,380.8889,274029.5,48358.15,85.0,15.0,Cubierta (85.0% Contratos / 15.0% Bolsa),967.1629312499999,368381.6250045881,566740.9615612199,521401.6846363223,-45339.27692489757,45339.27692489757,7.9999999999999964
2026-12-12,12,2026-12-01,True,SANTANDER,14461231.63,322387.64375,166608601.61999997,108295591.05,380.8889,274029.5,48358.15,85.0,15.0,Cubierta (85.0% Contratos / 15.0% Bolsa),967.1629312499999,368381.6250045881,566740.9615612199,521401.6846363223,-45339.27692489757,45339.27692489757,7.9999999999999964
2026-12-12,12,2026-12-01,True,CUNDINAMARCA,9483498.18,322387.64375,166608601.61999997,108295591.05,380.8889,274029.5,48358.15,85.0,15.0,Cubierta (85.0% Contratos / 15.0% Bolsa),967.1629312499999,368381.6250045881,566740.9615612199,521401.6846363223,-45339.27692489757,45339.27692489757,7.9999999999999964
2026-12-12,12,2026-12-01,True,TOLIMA,7925811.48,322387.64375,166608601.61999997,108295591.05,380.8889,274029.5,48358.15,85.0,15.0,Cubierta (85.0% Contratos / 15.0% Bolsa),967.1629312499999,368381.6250045881,566740.9615612199,521401.6846363223,-45339.27692489757,45339.27692489757,7.9999999999999964
2026-12-13,13,2026-12-01,True,ANTIOQUIA,26126613.7,322255.4525,166540285.44000003,108251185.54,380.5362,273917.13,48338.32,85.0,15.0,Cubierta (85.0% Contratos / 15.0% Bolsa),966.7663575,367889.59597089153,565983.9937804579,520705.2742780213,-45278.71950243658,45278.71950243658,7.99999999999999
2026-12-13,13,2026-12-01,True,BOGOTA,37022379.63,322255.4525,166540285.44000003,108251185.54,380.5362,273917.13,48338.32,85.0,15.0,Cubierta (85.0% Contratos / 15.0% Bolsa),966.7663575,367889.59597089153,565983.9937804579,520705.2742780213,-45278.71950243658,45278.71950243658,7.99999999999999
2026-12-13,13,2026-12-01,True,CARIBE_MAR,29290170.62,322255.4525,166540285.44000003,108251185.54,380.5362,273917.13,48338.32,85.0,15.0,Cubierta (85.0% Contratos / 15.0% Bolsa),966.7663575,367889.59597089153,565983.9937804579,520705.2742780213,-45278.71950243658,45278.71950243658,7.99999999999999
2026-12-13,13,2026-12-01,True,CARIBE_SOL,23336070.57,322255.4525,166540285.44000003,108251185.54,380.5362,273917.13,48338.32,85.0,15.0,Cubierta (85.0% Contratos / 15.0% Bolsa),966.7663575,367889.59597089153,565983.9937804579,520705.2742780213,-45278.71950243658,45278.71950243658,7.99999999999999
2026-12-13,13,2026-12-01,True,VALLE,18653671.78,322255.4525,166540285.44000003,108251185.54,380.5362,273917.13,48338.32,85.0,15.0,Cubierta (85.0% Contratos / 15.0% Bolsa),966.7663575,367889.59597089153,565983.9937804579,520705.2742780213,-45278.71950243658,45278.71950243658,7.99999999999999
2026-12-13,13,2026-12-01,True,SANTANDER,14777965.86,322255.4525,166540285.44000003,108251185.54,380.5362,273917.13,48338.32,85.0,15.0,Cubierta (85.0% Contratos / 15.0% Bolsa),966.7663575,367889.59597089153,565983.9937804579,520705.2742780213,-45278.71950243658,45278.71950243658,7.99999999999999
2026-12-13,13,2026-12-01,True,CUNDINAMARCA,9432919.74,322255.4525,166540285.44000003,108251185.54,380.5362,273917.13,48338.32,85.0,15.0,Cubierta (85.0% Contratos / 15.0% Bolsa),966.7663575,367889.59597089153,565983.9937804579,520705.2742780213,-45278.71950243658,45278.71950243658,7.99999999999999
2026-12-13,13,2026-12-01,True,TOLIMA,7900493.54,322255.4525,166540285.44000003,108251185.54,380.5362,273917.13,48338.32,85.0,15.0,Cubierta (85.0% Contratos / 15.0% Bolsa),966.7663575,367889.59597089153,565983.9937804579,520705.2742780213,-45278.71950243658,45278.71950243658,7.99999999999999
2026-12-14,14,2026-12-01,True,ANTIOQUIA,30942262.48,452395.67125,197122296.57999998,128129492.78,380.15,384536.32,67859.35,85.0,15.0,Cubierta (85.0% Contratos / 15.0% Bolsa),1357.18701375,515934.64327706245,793745.60502305,730245.956621206,-63499.648401843966,63499.648401843966,7.9999999999999964
2026-12-14,14,2026-12-01,True,BOGOTA,43182274.1,452395.67125,197122296.57999998,128129492.78,380.15,384536.32,67859.35,85.0,15.0,Cubierta (85.0% Contratos / 15.0% Bolsa),1357.18701375,515934.64327706245,793745.60502305,730245.956621206,-63499.648401843966,63499.648401843966,7.9999999999999964
2026-12-14,14,2026-12-01,True,CARIBE_MAR,35256475.57,452395.67125,197122296.57999998,128129492.78,380.15,384536.32,67859.35,85.0,15.0,Cubierta (85.0% Contratos / 15.0% Bolsa),1357.18701375,515934.64327706245,793745.60502305,730245.956621206,-63499.648401843966,63499.648401843966,7.9999999999999964
2026-12-14,14,2026-12-01,True,CARIBE_SOL,27273077.91,452395.67125,197122296.57999998,128129492.78,380.15,384536.32,67859.35,85.0,15.0,Cubierta (85.0% Contratos / 15.0% Bolsa),1357.18701375,515934.64327706245,793745.60502305,730245.956621206,-63499.648401843966,63499.648401843966,7.9999999999999964
2026-12-14,14,2026-12-01,True,VALLE,22567621.48,452395.67125,197122296.57999998,128129492.78,380.15,384536.32,67859.35,85.0,15.0,Cubierta (85.0% Contratos / 15.0% Bolsa),1357.18701375,515934.64327706245,793745.60502305,730245.956621206,-63499.648401843966,63499.648401843966,7.9999999999999964
2026-12-14,14,2026-12-01,True,SANTANDER,17281247.57,452395.67125,197122296.57999998,128129492.78,380.15,384536.32,67859.35,85.0,15.0,Cubierta (85.0% Contratos / 15.0% Bolsa),1357.18701375,515934.64327706245,793745.60502305,730245.956621206,-63499.648401843966,63499.648401843966,7.9999999999999964
2026-12-14,14,2026-12-01,True,CUNDINAMARCA,11198146.13,452395.67125,197122296.57999998,128129492.78,380.15,384536.32,67859.35,85.0,15.0,Cubierta (85.0% Contratos / 15.0% Bolsa),1357.18701375,515934.64327706245,793745.60502305,730245.956621206,-63499.648401843966,63499.648401843966,7.9999999999999964
2026-12-14,14,2026-12-01,True,TOLIMA,9421191.34,452395.67125,197122296.57999998,128129492.78,380.15,384536.32,67859.35,85.0,15.0,Cubierta (85.0% Contratos / 15.0% Bolsa),1357.18701375,515934.64327706245,793745.60502305,730245.956621206,-63499.648401843966,63499.648401843966,7.9999999999999964
2026-12-15,15,2026-12-01,True,ANTIOQUIA,31381126.79,456054.84375,198716707.39,129165859.8,379.7413,387646.62,68408.23,85.0,15.0,Cubierta (85.0% Contratos / 15.0% Bolsa),1368.16453125,519548.57771076565,799305.5041920674,735361.0638567021,-63944.44033536536,63944.44033536536,7.9999999999999964
2026-12-15,15,2026-12-01,True,BOGOTA,43497992.75,456054.84375,198716707.39,129165859.8,379.7413,387646.62,68408.23,85.0,15.0,Cubierta (85.0% Contratos / 15.0% Bolsa),1368.16453125,519548.57771076565,799305.5041920674,735361.0638567021,-63944.44033536536,63944.44033536536,7.9999999999999964
2026-12-15,15,2026-12-01,True,CARIBE_MAR,35265543.91,456054.84375,198716707.39,129165859.8,379.7413,387646.62,68408.23,85.0,15.0,Cubierta (85.0% Contratos / 15.0% Bolsa),1368.16453125,519548.57771076565,799305.5041920674,735361.0638567021,-63944.44033536536,63944.44033536536,7.9999999999999964
2026-12-15,15,2026-12-01,True,CARIBE_SOL,27796880.2,456054.84375,198716707.39,129165859.8,379.7413,387646.62,68408.23,85.0,15.0,Cubierta (85.0% Contratos / 15.0% Bolsa),1368.16453125,519548.57771076565,799305.5041920674,735361.0638567021,-63944.44033536536,63944.44033536536,7.9999999999999964
2026-12-15,15,2026-12-01,True,VALLE,22648490.28,456054.84375,198716707.39,129165859.8,379.7413,387646.62,68408.23,85.0,15.0,Cubierta (85.0% Contratos / 15.0% Bolsa),1368.16453125,519548.57771076565,799305.5041920674,735361.0638567021,-63944.44033536536,63944.44033536536,7.9999999999999964
2026-12-15,15,2026-12-01,True,SANTANDER,17541574.44,456054.84375,198716707.39,129165859.8,379.7413,387646.62,68408.23,85.0,15.0,Cubierta (85.0% Contratos / 15.0% Bolsa),1368.16453125,519548.57771076565,799305.5041920674,735361.0638567021,-63944.44033536536,63944.44033536536,7.9999999999999964
2026-12-15,15,2026-12-01,True,CUNDINAMARCA,11337275.94,456054.84375,198716707.39,129165859.8,379.7413,387646.62,68408.23,85.0,15.0,Cubierta (85.0% Contratos / 15.0% Bolsa),1368.16453125,519548.57771076565,799305.5041920674,735361.0638567021,-63944.44033536536,63944.44033536536,7.9999999999999964
2026-12-15,15,2026-12-01,True,TOLIMA,9247823.08,456054.84375,198716707.39,129165859.8,379.7413,387646.62,68408.23,85.0,15.0,Cubierta (85.0% Contratos / 15.0% Bolsa),1368.16453125,519548.57771076565,799305.5041920674,735361.0638567021,-63944.44033536536,63944.44033536536,7.9999999999999964
2026-12-16,16,2026-12-01,True,ANTIOQUIA,31512155.24,456233.19,198794418.33999997,129216371.92,379.3216,387798.21,68434.98,85.0,15.0,Cubierta (85.0% Contratos / 15.0% Bolsa),1368.69957,519177.310811712,798734.3243318921,734835.5783853407,-63898.745946551324,63898.745946551324,7.999999999999995
2026-12-16,16,2026-12-01,True,BOGOTA,44239483.97,456233.19,198794418.33999997,129216371.92,379.3216,387798.21,68434.98,85.0,15.0,Cubierta (85.0% Contratos / 15.0% Bolsa),1368.69957,519177.310811712,798734.3243318921,734835.5783853407,-63898.745946551324,63898.745946551324,7.999999999999995
2026-12-16,16,2026-12-01,True,CARIBE_MAR,34979292.15,456233.19,198794418.33999997,129216371.92,379.3216,387798.21,68434.98,85.0,15.0,Cubierta (85.0% Contratos / 15.0% Bolsa),1368.69957,519177.310811712,798734.3243318921,734835.5783853407,-63898.745946551324,63898.745946551324,7.999999999999995
2026-12-16,16,2026-12-01,True,CARIBE_SOL,27401015.93,456233.19,198794418.33999997,129216371.92,379.3216,387798.21,68434.98,85.0,15.0,Cubierta (85.0% Contratos / 15.0% Bolsa),1368.69957,519177.310811712,798734.3243318921,734835.5783853407,-63898.745946551324,63898.745946551324,7.999999999999995
2026-12-16,16,2026-12-01,True,VALLE,22608403.09,456233.19,198794418.33999997,129216371.92,379.3216,387798.21,68434.98,85.0,15.0,Cubierta (85.0% Contratos / 15.0% Bolsa),1368.69957,519177.310811712,798734.3243318921,734835.5783853407,-63898.745946551324,63898.745946551324,7.999999999999995
2026-12-16,16,2026-12-01,True,SANTANDER,17450696.83,456233.19,198794418.33999997,129216371.92,379.3216,387798.21,68434.98,85.0,15.0,Cubierta (85.0% Contratos / 15.0% Bolsa),1368.69957,519177.310811712,798734.3243318921,734835.5783853407,-63898.745946551324,63898.745946551324,7.999999999999995
2026-12-16,16,2026-12-01,True,CUNDINAMARCA,11206390.03,456233.19,198794418.33999997,129216371.92,379.3216,387798.21,68434.98,85.0,15.0,Cubierta (85.0% Contratos / 15.0% Bolsa),1368.69957,519177.310811712,798734.3243318921,734835.5783853407,-63898.745946551324,63898.745946551324,7.999999999999995
2026-12-16,16,2026-12-01,True,TOLIMA,9396981.1,456233.19,198794418.33999997,129216371.92,379.3216,387798.21,68434.98,85.0,15.0,Cubierta (85.0% Contratos / 15.0% Bolsa),1368.69957,519177.310811712,798734.3243318921,734835.5783853407,-63898.745946551324,63898.745946551324,7.999999999999995
2026-12-17,17,2026-12-01,True,ANTIOQUIA,31130193.08,454712.8775,198131972.69,128785782.25,378.9024,386505.95,68206.93,85.0,15.0,Cubierta (85.0% Contratos / 15.0% Bolsa),1364.1386325,516875.40178696805,795192.9258168428,731577.4917514954,-63615.43406534742,63615.43406534742,7.999999999999999
2026-12-17,17,2026-12-01,True,BOGOTA,44047835.94,454712.8775,198131972.69,128785782.25,378.9024,386505.95,68206.93,85.0,15.0,Cubierta (85.0% Contratos / 15.0% Bolsa),1364.1386325,516875.40178696805,795192.9258168428,731577.4917514954,-63615.43406534742,63615.43406534742,7.999999999999999
2026-12-17,17,2026-12-01,True,CARIBE_MAR,34983931.07,454712.8775,198131972.69,128785782.25,378.9024,386505.95,68206.93,85.0,15.0,Cubierta (85.0% Contratos / 15.0% Bolsa),1364.1386325,516875.40178696805,795192.9258168428,731577.4917514954,-63615.43406534742,63615.43406534742,7.999999999999999
2026-12-17,17,2026-12-01,True,CARIBE_SOL,27507290.04,454712.8775,198131972.69,128785782.25,378.9024,386505.95,68206.93,85.0,15.0,Cubierta (85.0% Contratos / 15.0% Bolsa),1364.1386325,516875.40178696805,795192.9258168428,731577.4917514954,-63615.43406534742,63615.43406534742,7.999999999999999
2026-12-17,17,2026-12-01,True,VALLE,22253429.58,454712.8775,198131972.69,128785782.25,378.9024,386505.95,68206.93,85.0,15.0,Cubierta (85.0% Contratos / 15.0% Bolsa),1364.1386325,516875.40178696805,795192.9258168428,731577.4917514954,-63615.43406534742,63615.43406534742,7.999999999999999
2026-12-17,17,2026-12-01,True,SANTANDER,17498257.86,454712.8775,198131972.69,128785782.25,378.9024,386505.95,68206.93,85.0,15.0,Cubierta (85.0% Contratos / 15.0% Bolsa),1364.1386325,516875.40178696805,795192.9258168428,731577.4917514954,-63615.43406534742,63615.43406534742,7.999999999999999
2026-12-17,17,2026-12-01,True,CUNDINAMARCA,11342159.96,454712.8775,198131972.69,128785782.25,378.9024,386505.95,68206.93,85.0,15.0,Cubierta (85.0% Contratos / 15.0% Bolsa),1364.1386325,516875.40178696805,795192.9258168428,731577.4917514954,-63615.43406534742,63615.43406534742,7.999999999999999
2026-12-17,17,2026-12-01,True,TOLIMA,9368875.16,454712.8775,198131972.69,128785782.25,378.9024,386505.95,68206.93,85.0,15.0,Cubierta (85.0% Contratos / 15.0% Bolsa),1364.1386325,516875.40178696805,795192.9258168428,731577.4917514954,-63615.43406534742,63615.43406534742,7.999999999999999
2026-12-18,18,2026-12-01,True,ANTIOQUIA,31342267.41,455234.35,198359193.72000006,128933475.92,378.4953,386949.2,68285.15,85.0,15.0,Cubierta (85.0% Contratos / 15.0% Bolsa),1365.7030499999998,516912.1856206649,795249.516327149,731629.5550209772,-63619.96130617184,63619.96130617184,7.99999999999999
2026-12-18,18,2026-12-01,True,BOGOTA,44273357.38,455234.35,198359193.72000006,128933475.92,378.4953,386949.2,68285.15,85.0,15.0,Cubierta (85.0% Contratos / 15.0% Bolsa),1365.7030499999998,516912.1856206649,795249.516327149,731629.5550209772,-63619.96130617184,63619.96130617184,7.99999999999999
2026-12-18,18,2026-12-01,True,CARIBE_MAR,34651655.2,455234.35,198359193.72000006,128933475.92,378.4953,386949.2,68285.15,85.0,15.0,Cubierta (85.0% Contratos / 15.0% Bolsa),1365.7030499999998,516912.1856206649,795249.516327149,731629.5550209772,-63619.96130617184,63619.96130617184,7.99999999999999
2026-12-18,18,2026-12-01,True,CARIBE_SOL,27560551.24,455234.35,198359193.72000006,128933475.92,378.4953,386949.2,68285.15,85.0,15.0,Cubierta (85.0% Contratos / 15.0% Bolsa),1365.7030499999998,516912.1856206649,795249.516327149,731629.5550209772,-63619.96130617184,63619.96130617184,7.99999999999999
2026-12-18,18,2026-12-01,True,VALLE,22413340.42,455234.35,198359193.72000006,128933475.92,378.4953,386949.2,68285.15,85.0,15.0,Cubierta (85.0% Contratos / 15.0% Bolsa),1365.7030499999998,516912.1856206649,795249.516327149,731629.5550209772,-63619.96130617184,63619.96130617184,7.99999999999999
2026-12-18,18,2026-12-01,True,SANTANDER,17531731.05,455234.35,198359193.72000006,128933475.92,378.4953,386949.2,68285.15,85.0,15.0,Cubierta (85.0% Contratos / 15.0% Bolsa),1365.7030499999998,516912.1856206649,795249.516327149,731629.5550209772,-63619.96130617184,63619.96130617184,7.99999999999999
2026-12-18,18,2026-12-01,True,CUNDINAMARCA,11113262.33,455234.35,198359193.72000006,128933475.92,378.4953,386949.2,68285.15,85.0,15.0,Cubierta (85.0% Contratos / 15.0% Bolsa),1365.7030499999998,516912.1856206649,795249.516327149,731629.5550209772,-63619.96130617184,63619.96130617184,7.99999999999999
2026-12-18,18,2026-12-01,True,TOLIMA,9473028.69,455234.35,198359193.72000006,128933475.92,378.4953,386949.2,68285.15,85.0,15.0,Cubierta (85.0% Contratos / 15.0% Bolsa),1365.7030499999998,516912.1856206649,795249.516327149,731629.5550209772,-63619.96130617184,63619.96130617184,7.99999999999999
2026-12-19,19,2026-12-01,True,ANTIOQUIA,26783838.97,325088.8875,168004593.10999998,109202985.52,378.1116,276325.55,48763.33,85.0,15.0,Cubierta (85.0% Contratos / 15.0% Bolsa),975.2666625,368759.638184535,567322.5202916927,521936.7186683573,-45385.8016233354,45385.8016233354,7.999999999999997
2026-12-19,19,2026-12-01,True,BOGOTA,37012770.92,325088.8875,168004593.10999998,109202985.52,378.1116,276325.55,48763.33,85.0,15.0,Cubierta (85.0% Contratos / 15.0% Bolsa),975.2666625,368759.638184535,567322.5202916927,521936.7186683573,-45385.8016233354,45385.8016233354,7.999999999999997
2026-12-19,19,2026-12-01,True,CARIBE_MAR,29835523.27,325088.8875,168004593.10999998,109202985.52,378.1116,276325.55,48763.33,85.0,15.0,Cubierta (85.0% Contratos / 15.0% Bolsa),975.2666625,368759.638184535,567322.5202916927,521936.7186683573,-45385.8016233354,45385.8016233354,7.999999999999997
2026-12-19,19,2026-12-01,True,CARIBE_SOL,23216914.33,325088.8875,168004593.10999998,109202985.52,378.1116,276325.55,48763.33,85.0,15.0,Cubierta (85.0% Contratos / 15.0% Bolsa),975.2666625,368759.638184535,567322.5202916927,521936.7186683573,-45385.8016233354,45385.8016233354,7.999999999999997
2026-12-19,19,2026-12-01,True,VALLE,19000280.32,325088.8875,168004593.10999998,109202985.52,378.1116,276325.55,48763.33,85.0,15.0,Cubierta (85.0% Contratos / 15.0% Bolsa),975.2666625,368759.638184535,567322.5202916927,521936.7186683573,-45385.8016233354,45385.8016233354,7.999999999999997
2026-12-19,19,2026-12-01,True,SANTANDER,14803095.17,325088.8875,168004593.10999998,109202985.52,378.1116,276325.55,48763.33,85.0,15.0,Cubierta (85.0% Contratos / 15.0% Bolsa),975.2666625,368759.638184535,567322.5202916927,521936.7186683573,-45385.8016233354,45385.8016233354,7.999999999999997
2026-12-19,19,2026-12-01,True,CUNDINAMARCA,9526250.95,325088.8875,168004593.10999998,109202985.52,378.1116,276325.55,48763.33,85.0,15.0,Cubierta (85.0% Contratos / 15.0% Bolsa),975.2666625,368759.638184535,567322.5202916927,521936.7186683573,-45385.8016233354,45385.8016233354,7.999999999999997
2026-12-19,19,2026-12-01,True,TOLIMA,7825919.18,325088.8875,168004593.10999998,109202985.52,378.1116,276325.55,48763.33,85.0,15.0,Cubierta (85.0% Contratos / 15.0% Bolsa),975.2666625,368759.638184535,567322.5202916927,521936.7186683573,-45385.8016233354,45385.8016233354,7.999999999999997
2026-12-20,20,2026-12-01,True,ANTIOQUIA,26376932.2,323827.54875,167352738.14000002,108779279.79,377.7623,275253.42,48574.13,85.0,15.0,Cubierta (85.0% Contratos / 15.0% Bolsa),971.48264625,366989.5188574864,564599.2597859385,519431.3190030635,-45167.940782875055,45167.940782875055,7.999999999999995
2026-12-20,20,2026-12-01,True,BOGOTA,37302653.74,323827.54875,167352738.14000002,108779279.79,377.7623,275253.42,48574.13,85.0,15.0,Cubierta (85.0% Contratos / 15.0% Bolsa),971.48264625,366989.5188574864,564599.2597859385,519431.3190030635,-45167.940782875055,45167.940782875055,7.999999999999995
2026-12-20,20,2026-12-01,True,CARIBE_MAR,29140777.66,323827.54875,167352738.14000002,108779279.79,377.7623,275253.42,48574.13,85.0,15.0,Cubierta (85.0% Contratos / 15.0% Bolsa),971.48264625,366989.5188574864,564599.2597859385,519431.3190030635,-45167.940782875055,45167.940782875055,7.999999999999995
2026-12-20,20,2026-12-01,True,CARIBE_SOL,23356704.46,323827.54875,167352738.14000002,108779279.79,377.7623,275253.42,48574.13,85.0,15.0,Cubierta (85.0% Contratos / 15.0% Bolsa),971.48264625,366989.5188574864,564599.2597859385,519431.3190030635,-45167.940782875055,45167.940782875055,7.999999999999995
2026-12-20,20,2026-12-01,True,VALLE,19000718.86,323827.54875,167352738.14000002,108779279.79,377.7623,275253.42,48574.13,85.0,15.0,Cubierta (85.0% Contratos / 15.0% Bolsa),971.48264625,366989.5188574864,564599.2597859385,519431.3190030635,-45167.940782875055,45167.940782875055,7.999999999999995
2026-12-20,20,2026-12-01,True,SANTANDER,14857592.96,323827.54875,167352738.14000002,108779279.79,377.7623,275253.42,48574.13,85.0,15.0,Cubierta (85.0% Contratos / 15.0% Bolsa),971.48264625,366989.5188574864,564599.2597859385,519431.3190030635,-45167.940782875055,45167.940782875055,7.999999999999995
2026-12-20,20,2026-12-01,True,CUNDINAMARCA,9424134.62,323827.54875,167352738.14000002,108779279.79,377.7623,275253.42,48574.13,85.0,15.0,Cubierta (85.0% Contratos / 15.0% Bolsa),971.48264625,366989.5188574864,564599.2597859385,519431.3190030635,-45167.940782875055,45167.940782875055,7.999999999999995
2026-12-20,20,2026-12-01,True,TOLIMA,7893223.64,323827.54875,167352738.14000002,108779279.79,377.7623,275253.42,48574.13,85.0,15.0,Cubierta (85.0% Contratos / 15.0% Bolsa),971.48264625,366989.5188574864,564599.2597859385,519431.3190030635,-45167.940782875055,45167.940782875055,7.999999999999995
2026-12-21,21,2026-12-01,True,ANTIOQUIA,31084198.73,453527.02625,197615262.22,128449920.44,377.4575,385497.97,68029.05,85.0,15.0,Cubierta (85.0% Contratos / 15.0% Bolsa),1360.58107875,513561.5325322781,790094.665452727,726887.0922165089,-63207.57323621807,63207.57323621807,7.999999999999989
2026-12-21,21,2026-12-01,True,BOGOTA,43468601.25,453527.02625,197615262.22,128449920.44,377.4575,385497.97,68029.05,85.0,15.0,Cubierta (85.0% Contratos / 15.0% Bolsa),1360.58107875,513561.5325322781,790094.665452727,726887.0922165089,-63207.57323621807,63207.57323621807,7.999999999999989
2026-12-21,21,2026-12-01,True,CARIBE_MAR,34878231.8,453527.02625,197615262.22,128449920.44,377.4575,385497.97,68029.05,85.0,15.0,Cubierta (85.0% Contratos / 15.0% Bolsa),1360.58107875,513561.5325322781,790094.665452727,726887.0922165089,-63207.57323621807,63207.57323621807,7.999999999999989
2026-12-21,21,2026-12-01,True,CARIBE_SOL,27391170.39,453527.02625,197615262.22,128449920.44,377.4575,385497.97,68029.05,85.0,15.0,Cubierta (85.0% Contratos / 15.0% Bolsa),1360.58107875,513561.5325322781,790094.665452727,726887.0922165089,-63207.57323621807,63207.57323621807,7.999999999999989
2026-12-21,21,2026-12-01,True,VALLE,22554723.26,453527.02625,197615262.22,128449920.44,377.4575,385497.97,68029.05,85.0,15.0,Cubierta (85.0% Contratos / 15.0% Bolsa),1360.58107875,513561.5325322781,790094.665452727,726887.0922165089,-63207.57323621807,63207.57323621807,7.999999999999989
2026-12-21,21,2026-12-01,True,SANTANDER,17554483.17,453527.02625,197615262.22,128449920.44,377.4575,385497.97,68029.05,85.0,15.0,Cubierta (85.0% Contratos / 15.0% Bolsa),1360.58107875,513561.5325322781,790094.665452727,726887.0922165089,-63207.57323621807,63207.57323621807,7.999999999999989
2026-12-21,21,2026-12-01,True,CUNDINAMARCA,11408903.45,453527.02625,197615262.22,128449920.44,377.4575,385497.97,68029.05,85.0,15.0,Cubierta (85.0% Contratos / 15.0% Bolsa),1360.58107875,513561.5325322781,790094.665452727,726887.0922165089,-63207.57323621807,63207.57323621807,7.999999999999989
2026-12-21,21,2026-12-01,True,TOLIMA,9274950.17,453527.02625,197615262.22,128449920.44,377.4575,385497.97,68029.05,85.0,15.0,Cubierta (85.0% Contratos / 15.0% Bolsa),1360.58107875,513561.5325322781,790094.665452727,726887.0922165089,-63207.57323621807,63207.57323621807,7.999999999999989
2026-12-22,22,2026-12-01,True,ANTIOQUIA,31292425.31,456640.65125,198971961.45,129331774.94,377.2065,388144.55,68496.1,85.0,15.0,Cubierta (85.0% Contratos / 15.0% Bolsa),1369.92195375,516743.4654471994,794989.9468572123,731390.7511086353,-63599.19574857701,63599.19574857701,8.000000000000004
2026-12-22,22,2026-12-01,True,BOGOTA,44167955.7,456640.65125,198971961.45,129331774.94,377.2065,388144.55,68496.1,85.0,15.0,Cubierta (85.0% Contratos / 15.0% Bolsa),1369.92195375,516743.4654471994,794989.9468572123,731390.7511086353,-63599.19574857701,63599.19574857701,8.000000000000004
2026-12-22,22,2026-12-01,True,CARIBE_MAR,35241958.03,456640.65125,198971961.45,129331774.94,377.2065,388144.55,68496.1,85.0,15.0,Cubierta (85.0% Contratos / 15.0% Bolsa),1369.92195375,516743.4654471994,794989.9468572123,731390.7511086353,-63599.19574857701,63599.19574857701,8.000000000000004
2026-12-22,22,2026-12-01,True,CARIBE_SOL,27888298.24,456640.65125,198971961.45,129331774.94,377.2065,388144.55,68496.1,85.0,15.0,Cubierta (85.0% Contratos / 15.0% Bolsa),1369.92195375,516743.4654471994,794989.9468572123,731390.7511086353,-63599.19574857701,63599.19574857701,8.000000000000004
2026-12-22,22,2026-12-01,True,VALLE,22647026.66,456640.65125,198971961.45,129331774.94,377.2065,388144.55,68496.1,85.0,15.0,Cubierta (85.0% Contratos / 15.0% Bolsa),1369.92195375,516743.4654471994,794989.9468572123,731390.7511086353,-63599.19574857701,63599.19574857701,8.000000000000004
2026-12-22,22,2026-12-01,True,SANTANDER,17401960.26,456640.65125,198971961.45,129331774.94,377.2065,388144.55,68496.1,85.0,15.0,Cubierta (85.0% Contratos / 15.0% Bolsa),1369.92195375,516743.4654471994,794989.9468572123,731390.7511086353,-63599.19574857701,63599.19574857701,8.000000000000004
2026-12-22,22,2026-12-01,True,CUNDINAMARCA,11019028.62,456640.65125,198971961.45,129331774.94,377.2065,388144.55,68496.1,85.0,15.0,Cubierta (85.0% Contratos / 15.0% Bolsa),1369.92195375,516743.4654471994,794989.9468572123,731390.7511086353,-63599.19574857701,63599.19574857701,8.000000000000004
2026-12-22,22,2026-12-01,True,TOLIMA,9313308.63,456640.65125,198971961.45,129331774.94,377.2065,388144.55,68496.1,85.0,15.0,Cubierta (85.0% Contratos / 15.0% Bolsa),1369.92195375,516743.4654471994,794989.9468572123,731390.7511086353,-63599.19574857701,63599.19574857701,8.000000000000004
2026-12-23,23,2026-12-01,True,ANTIOQUIA,31253572.21,454870.71375,198200746.87,128830485.47,377.0174,386640.11,68230.61,85.0,15.0,Cubierta (85.0% Contratos / 15.0% Bolsa),1364.61214125,514482.52150250773,791511.5715146725,728190.6457934987,-63320.92572117376,63320.92572117376,7.999999999999995
2026-12-23,23,2026-12-01,True,BOGOTA,43483599.25,454870.71375,198200746.87,128830485.47,377.0174,386640.11,68230.61,85.0,15.0,Cubierta (85.0% Contratos / 15.0% Bolsa),1364.61214125,514482.52150250773,791511.5715146725,728190.6457934987,-63320.92572117376,63320.92572117376,7.999999999999995
2026-12-23,23,2026-12-01,True,CARIBE_MAR,35136465.86,454870.71375,198200746.87,128830485.47,377.0174,386640.11,68230.61,85.0,15.0,Cubierta (85.0% Contratos / 15.0% Bolsa),1364.61214125,514482.52150250773,791511.5715146725,728190.6457934987,-63320.92572117376,63320.92572117376,7.999999999999995
2026-12-23,23,2026-12-01,True,CARIBE_SOL,27724583.44,454870.71375,198200746.87,128830485.47,377.0174,386640.11,68230.61,85.0,15.0,Cubierta (85.0% Contratos / 15.0% Bolsa),1364.61214125,514482.52150250773,791511.5715146725,728190.6457934987,-63320.92572117376,63320.92572117376,7.999999999999995
2026-12-23,23,2026-12-01,True,VALLE,22288643.39,454870.71375,198200746.87,128830485.47,377.0174,386640.11,68230.61,85.0,15.0,Cubierta (85.0% Contratos / 15.0% Bolsa),1364.61214125,514482.52150250773,791511.5715146725,728190.6457934987,-63320.92572117376,63320.92572117376,7.999999999999995
2026-12-23,23,2026-12-01,True,SANTANDER,17685166.01,454870.71375,198200746.87,128830485.47,377.0174,386640.11,68230.61,85.0,15.0,Cubierta (85.0% Contratos / 15.0% Bolsa),1364.61214125,514482.52150250773,791511.5715146725,728190.6457934987,-63320.92572117376,63320.92572117376,7.999999999999995
2026-12-23,23,2026-12-01,True,CUNDINAMARCA,11219673.79,454870.71375,198200746.87,128830485.47,377.0174,386640.11,68230.61,85.0,15.0,Cubierta (85.0% Contratos / 15.0% Bolsa),1364.61214125,514482.52150250773,791511.5715146725,728190.6457934987,-63320.92572117376,63320.92572117376,7.999999999999995
2026-12-23,23,2026-12-01,True,TOLIMA,9409042.92,454870.71375,198200746.87,128830485.47,377.0174,386640.11,68230.61,85.0,15.0,Cubierta (85.0% Contratos / 15.0% Bolsa),1364.61214125,514482.52150250773,791511.5715146725,728190.6457934987,-63320.92572117376,63320.92572117376,7.999999999999995
2026-12-24,24,2026-12-01,True,ANTIOQUIA,31570162.36,457103.59,199173677.34,129462890.27,376.8972,388538.05,68565.54,85.0,15.0,Cubierta (85.0% Contratos / 15.0% Bolsa),1371.31077,516843.189542844,795143.3685335943,731531.8990509068,-63611.469482687535,63611.469482687535,7.999999999999999
2026-12-24,24,2026-12-01,True,BOGOTA,43736009.99,457103.59,199173677.34,129462890.27,376.8972,388538.05,68565.54,85.0,15.0,Cubierta (85.0% Contratos / 15.0% Bolsa),1371.31077,516843.189542844,795143.3685335943,731531.8990509068,-63611.469482687535,63611.469482687535,7.999999999999999
2026-12-24,24,2026-12-01,True,CARIBE_MAR,35555287.29,457103.59,199173677.34,129462890.27,376.8972,388538.05,68565.54,85.0,15.0,Cubierta (85.0% Contratos / 15.0% Bolsa),1371.31077,516843.189542844,795143.3685335943,731531.8990509068,-63611.469482687535,63611.469482687535,7.999999999999999
2026-12-24,24,2026-12-01,True,CARIBE_SOL,27615532.65,457103.59,199173677.34,129462890.27,376.8972,388538.05,68565.54,85.0,15.0,Cubierta (85.0% Contratos / 15.0% Bolsa),1371.31077,516843.189542844,795143.3685335943,731531.8990509068,-63611.469482687535,63611.469482687535,7.999999999999999
2026-12-24,24,2026-12-01,True,VALLE,22421356.38,457103.59,199173677.34,129462890.27,376.8972,388538.05,68565.54,85.0,15.0,Cubierta (85.0% Contratos / 15.0% Bolsa),1371.31077,516843.189542844,795143.3685335943,731531.8990509068,-63611.469482687535,63611.469482687535,7.999999999999999
2026-12-24,24,2026-12-01,True,SANTANDER,17618742.84,457103.59,199173677.34,129462890.27,376.8972,388538.05,68565.54,85.0,15.0,Cubierta (85.0% Contratos / 15.0% Bolsa),1371.31077,516843.189542844,795143.3685335943,731531.8990509068,-63611.469482687535,63611.469482687535,7.999999999999999
2026-12-24,24,2026-12-01,True,CUNDINAMARCA,11276671.96,457103.59,199173677.34,129462890.27,376.8972,388538.05,68565.54,85.0,15.0,Cubierta (85.0% Contratos / 15.0% Bolsa),1371.31077,516843.189542844,795143.3685335943,731531.8990509068,-63611.469482687535,63611.469482687535,7.999999999999999
2026-12-24,24,2026-12-01,True,TOLIMA,9379913.87,457103.59,199173677.34,129462890.27,376.8972,388538.05,68565.54,85.0,15.0,Cubierta (85.0% Contratos / 15.0% Bolsa),1371.31077,516843.189542844,795143.3685335943,731531.8990509068,-63611.469482687535,63611.469482687535,7.999999999999999
2026-12-25,25,2026-12-01,True,ANTIOQUIA,31276326.38,454241.4025,197926536.91,128652248.99,376.8513,386105.19,68136.21,85.0,15.0,Cubierta (85.0% Contratos / 15.0% Bolsa),1362.7242075000001,513544.3891378448,790068.2909905113,726862.8277112704,-63205.46327924088,63205.46327924088,7.999999999999997
2026-12-25,25,2026-12-01,True,BOGOTA,43644225.09,454241.4025,197926536.91,128652248.99,376.8513,386105.19,68136.21,85.0,15.0,Cubierta (85.0% Contratos / 15.0% Bolsa),1362.7242075000001,513544.3891378448,790068.2909905113,726862.8277112704,-63205.46327924088,63205.46327924088,7.999999999999997
2026-12-25,25,2026-12-01,True,CARIBE_MAR,34897297.34,454241.4025,197926536.91,128652248.99,376.8513,386105.19,68136.21,85.0,15.0,Cubierta (85.0% Contratos / 15.0% Bolsa),1362.7242075000001,513544.3891378448,790068.2909905113,726862.8277112704,-63205.46327924088,63205.46327924088,7.999999999999997
2026-12-25,25,2026-12-01,True,CARIBE_SOL,27247633.46,454241.4025,197926536.91,128652248.99,376.8513,386105.19,68136.21,85.0,15.0,Cubierta (85.0% Contratos / 15.0% Bolsa),1362.7242075000001,513544.3891378448,790068.2909905113,726862.8277112704,-63205.46327924088,63205.46327924088,7.999999999999997
2026-12-25,25,2026-12-01,True,VALLE,22604270.7,454241.4025,197926536.91,128652248.99,376.8513,386105.19,68136.21,85.0,15.0,Cubierta (85.0% Contratos / 15.0% Bolsa),1362.7242075000001,513544.3891378448,790068.2909905113,726862.8277112704,-63205.46327924088,63205.46327924088,7.999999999999997
2026-12-25,25,2026-12-01,True,SANTANDER,17457021.47,454241.4025,197926536.91,128652248.99,376.8513,386105.19,68136.21,85.0,15.0,Cubierta (85.0% Contratos / 15.0% Bolsa),1362.7242075000001,513544.3891378448,790068.2909905113,726862.8277112704,-63205.46327924088,63205.46327924088,7.999999999999997
2026-12-25,25,2026-12-01,True,CUNDINAMARCA,11392365.12,454241.4025,197926536.91,128652248.99,376.8513,386105.19,68136.21,85.0,15.0,Cubierta (85.0% Contratos / 15.0% Bolsa),1362.7242075000001,513544.3891378448,790068.2909905113,726862.8277112704,-63205.46327924088,63205.46327924088,7.999999999999997
2026-12-25,25,2026-12-01,True,TOLIMA,9407397.35,454241.4025,197926536.91,128652248.99,376.8513,386105.19,68136.21,85.0,15.0,Cubierta (85.0% Contratos / 15.0% Bolsa),1362.7242075000001,513544.3891378448,790068.2909905113,726862.8277112704,-63205.46327924088,63205.46327924088,7.999999999999997
2026-12-26,26,2026-12-01,True,ANTIOQUIA,26258098.98,323587.81375,167228844.56,108698748.96,376.8838,275049.64,48538.17,85.0,15.0,Cubierta (85.0% Contratos / 15.0% Bolsa),970.7634412499999,365865.0146393767,562869.2533120619,517839.713047097,-45029.54026496492,45029.54026496492,7.999999999999995
2026-12-26,26,2026-12-01,True,BOGOTA,36621914.69,323587.81375,167228844.56,108698748.96,376.8838,275049.64,48538.17,85.0,15.0,Cubierta (85.0% Contratos / 15.0% Bolsa),970.7634412499999,365865.0146393767,562869.2533120619,517839.713047097,-45029.54026496492,45029.54026496492,7.999999999999995
2026-12-26,26,2026-12-01,True,CARIBE_MAR,30177438.8,323587.81375,167228844.56,108698748.96,376.8838,275049.64,48538.17,85.0,15.0,Cubierta (85.0% Contratos / 15.0% Bolsa),970.7634412499999,365865.0146393767,562869.2533120619,517839.713047097,-45029.54026496492,45029.54026496492,7.999999999999995
2026-12-26,26,2026-12-01,True,CARIBE_SOL,23362238.64,323587.81375,167228844.56,108698748.96,376.8838,275049.64,48538.17,85.0,15.0,Cubierta (85.0% Contratos / 15.0% Bolsa),970.7634412499999,365865.0146393767,562869.2533120619,517839.713047097,-45029.54026496492,45029.54026496492,7.999999999999995
2026-12-26,26,2026-12-01,True,VALLE,18705264.44,323587.81375,167228844.56,108698748.96,376.8838,275049.64,48538.17,85.0,15.0,Cubierta (85.0% Contratos / 15.0% Bolsa),970.7634412499999,365865.0146393767,562869.2533120619,517839.713047097,-45029.54026496492,45029.54026496492,7.999999999999995
2026-12-26,26,2026-12-01,True,SANTANDER,14934811.7,323587.81375,167228844.56,108698748.96,376.8838,275049.64,48538.17,85.0,15.0,Cubierta (85.0% Contratos / 15.0% Bolsa),970.7634412499999,365865.0146393767,562869.2533120619,517839.713047097,-45029.54026496492,45029.54026496492,7.999999999999995
2026-12-26,26,2026-12-01,True,CUNDINAMARCA,9286041.48,323587.81375,167228844.56,108698748.96,376.8838,275049.64,48538.17,85.0,15.0,Cubierta (85.0% Contratos / 15.0% Bolsa),970.7634412499999,365865.0146393767,562869.2533120619,517839.713047097,-45029.54026496492,45029.54026496492,7.999999999999995
2026-12-26,26,2026-12-01,True,TOLIMA,7883035.83,323587.81375,167228844.56,108698748.96,376.8838,275049.64,48538.17,85.0,15.0,Cubierta (85.0% Contratos / 15.0% Bolsa),970.7634412499999,365865.0146393767,562869.2533120619,517839.713047097,-45029.54026496492,45029.54026496492,7.999999999999995
2026-12-27,27,2026-12-01,True,ANTIOQUIA,26331111.81,324231.965,167561738.91,108915130.29,376.997,275597.17,48634.79,85.0,15.0,Cubierta (85.0% Contratos / 15.0% Bolsa),972.6958950000001,366703.434327315,564159.1297421005,519026.3993627325,-45132.730379368004,45132.730379368004,7.999999999999993
2026-12-27,27,2026-12-01,True,BOGOTA,37125205.34,324231.965,167561738.91,108915130.29,376.997,275597.17,48634.79,85.0,15.0,Cubierta (85.0% Contratos / 15.0% Bolsa),972.6958950000001,366703.434327315,564159.1297421005,519026.3993627325,-45132.730379368004,45132.730379368004,7.999999999999993
2026-12-27,27,2026-12-01,True,CARIBE_MAR,29367194.65,324231.965,167561738.91,108915130.29,376.997,275597.17,48634.79,85.0,15.0,Cubierta (85.0% Contratos / 15.0% Bolsa),972.6958950000001,366703.434327315,564159.1297421005,519026.3993627325,-45132.730379368004,45132.730379368004,7.999999999999993
2026-12-27,27,2026-12-01,True,CARIBE_SOL,23403176.01,324231.965,167561738.91,108915130.29,376.997,275597.17,48634.79,85.0,15.0,Cubierta (85.0% Contratos / 15.0% Bolsa),972.6958950000001,366703.434327315,564159.1297421005,519026.3993627325,-45132.730379368004,45132.730379368004,7.999999999999993
2026-12-27,27,2026-12-01,True,VALLE,19234345.59,324231.965,167561738.91,108915130.29,376.997,275597.17,48634.79,85.0,15.0,Cubierta (85.0% Contratos / 15.0% Bolsa),972.6958950000001,366703.434327315,564159.1297421005,519026.3993627325,-45132.730379368004,45132.730379368004,7.999999999999993
2026-12-27,27,2026-12-01,True,SANTANDER,14703683.51,324231.965,167561738.91,108915130.29,376.997,275597.17,48634.79,85.0,15.0,Cubierta (85.0% Contratos / 15.0% Bolsa),972.6958950000001,366703.434327315,564159.1297421005,519026.3993627325,-45132.730379368004,45132.730379368004,7.999999999999993
2026-12-27,27,2026-12-01,True,CUNDINAMARCA,9530970.42,324231.965,167561738.91,108915130.29,376.997,275597.17,48634.79,85.0,15.0,Cubierta (85.0% Contratos / 15.0% Bolsa),972.6958950000001,366703.434327315,564159.1297421005,519026.3993627325,-45132.730379368004,45132.730379368004,7.999999999999993
2026-12-27,27,2026-12-01,True,TOLIMA,7866051.58,324231.965,167561738.91,108915130.29,376.997,275597.17,48634.79,85.0,15.0,Cubierta (85.0% Contratos / 15.0% Bolsa),972.6958950000001,366703.434327315,564159.1297421005,519026.3993627325,-45132.730379368004,45132.730379368004,7.999999999999993
2026-12-28,28,2026-12-01,True,ANTIOQUIA,31591929.92,454639.38875,198099951.68,128764968.59,377.1917,386443.48,68195.91,85.0,15.0,Cubierta (85.0% Contratos / 15.0% Bolsa),1363.91816625,514458.6117887202,791474.7873795552,728156.8043891907,-63317.98299036443,63317.98299036443,8.000000000000002
2026-12-28,28,2026-12-01,True,BOGOTA,43670895.95,454639.38875,198099951.68,128764968.59,377.1917,386443.48,68195.91,85.0,15.0,Cubierta (85.0% Contratos / 15.0% Bolsa),1363.91816625,514458.6117887202,791474.7873795552,728156.8043891907,-63317.98299036443,63317.98299036443,8.000000000000002
2026-12-28,28,2026-12-01,True,CARIBE_MAR,34292892.27,454639.38875,198099951.68,128764968.59,377.1917,386443.48,68195.91,85.0,15.0,Cubierta (85.0% Contratos / 15.0% Bolsa),1363.91816625,514458.6117887202,791474.7873795552,728156.8043891907,-63317.98299036443,63317.98299036443,8.000000000000002
2026-12-28,28,2026-12-01,True,CARIBE_SOL,27744160.31,454639.38875,198099951.68,128764968.59,377.1917,386443.48,68195.91,85.0,15.0,Cubierta (85.0% Contratos / 15.0% Bolsa),1363.91816625,514458.6117887202,791474.7873795552,728156.8043891907,-63317.98299036443,63317.98299036443,8.000000000000002
2026-12-28,28,2026-12-01,True,VALLE,22704009.38,454639.38875,198099951.68,128764968.59,377.1917,386443.48,68195.91,85.0,15.0,Cubierta (85.0% Contratos / 15.0% Bolsa),1363.91816625,514458.6117887202,791474.7873795552,728156.8043891907,-63317.98299036443,63317.98299036443,8.000000000000002
2026-12-28,28,2026-12-01,True,SANTANDER,17400275.35,454639.38875,198099951.68,128764968.59,377.1917,386443.48,68195.91,85.0,15.0,Cubierta (85.0% Contratos / 15.0% Bolsa),1363.91816625,514458.6117887202,791474.7873795552,728156.8043891907,-63317.98299036443,63317.98299036443,8.000000000000002
2026-12-28,28,2026-12-01,True,CUNDINAMARCA,11352218.49,454639.38875,198099951.68,128764968.59,377.1917,386443.48,68195.91,85.0,15.0,Cubierta (85.0% Contratos / 15.0% Bolsa),1363.91816625,514458.6117887202,791474.7873795552,728156.8043891907,-63317.98299036443,63317.98299036443,8.000000000000002
2026-12-28,28,2026-12-01,True,TOLIMA,9343570.01,454639.38875,198099951.68,128764968.59,377.1917,386443.48,68195.91,85.0,15.0,Cubierta (85.0% Contratos / 15.0% Bolsa),1363.91816625,514458.6117887202,791474.7873795552,728156.8043891907,-63317.98299036443,63317.98299036443,8.000000000000002
2026-12-29,29,2026-12-01,True,ANTIOQUIA,31066058.61,455228.245,198356533.62000003,128931746.85,377.467,386944.01,68284.24,85.0,15.0,Cubierta (85.0% Contratos / 15.0% Bolsa),1365.684735,515500.919866245,793078.3382742152,729632.0712122781,-63446.267061937135,63446.267061937135,7.999999999999989
2026-12-29,29,2026-12-01,True,BOGOTA,44389840.34,455228.245,198356533.62000003,128931746.85,377.467,386944.01,68284.24,85.0,15.0,Cubierta (85.0% Contratos / 15.0% Bolsa),1365.684735,515500.919866245,793078.3382742152,729632.0712122781,-63446.267061937135,63446.267061937135,7.999999999999989
2026-12-29,29,2026-12-01,True,CARIBE_MAR,35061001.25,455228.245,198356533.62000003,128931746.85,377.467,386944.01,68284.24,85.0,15.0,Cubierta (85.0% Contratos / 15.0% Bolsa),1365.684735,515500.919866245,793078.3382742152,729632.0712122781,-63446.267061937135,63446.267061937135,7.999999999999989
2026-12-29,29,2026-12-01,True,CARIBE_SOL,27188724.07,455228.245,198356533.62000003,128931746.85,377.467,386944.01,68284.24,85.0,15.0,Cubierta (85.0% Contratos / 15.0% Bolsa),1365.684735,515500.919866245,793078.3382742152,729632.0712122781,-63446.267061937135,63446.267061937135,7.999999999999989
2026-12-29,29,2026-12-01,True,VALLE,22714811.64,455228.245,198356533.62000003,128931746.85,377.467,386944.01,68284.24,85.0,15.0,Cubierta (85.0% Contratos / 15.0% Bolsa),1365.684735,515500.919866245,793078.3382742152,729632.0712122781,-63446.267061937135,63446.267061937135,7.999999999999989
2026-12-29,29,2026-12-01,True,SANTANDER,17425468.43,455228.245,198356533.62000003,128931746.85,377.467,386944.01,68284.24,85.0,15.0,Cubierta (85.0% Contratos / 15.0% Bolsa),1365.684735,515500.919866245,793078.3382742152,729632.0712122781,-63446.267061937135,63446.267061937135,7.999999999999989
2026-12-29,29,2026-12-01,True,CUNDINAMARCA,11206138.66,455228.245,198356533.62000003,128931746.85,377.467,386944.01,68284.24,85.0,15.0,Cubierta (85.0% Contratos / 15.0% Bolsa),1365.684735,515500.919866245,793078.3382742152,729632.0712122781,-63446.267061937135,63446.267061937135,7.999999999999989
2026-12-29,29,2026-12-01,True,TOLIMA,9304490.62,455228.245,198356533.62000003,128931746.85,377.467,386944.01,68284.24,85.0,15.0,Cubierta (85.0% Contratos / 15.0% Bolsa),1365.684735,515500.919866245,793078.3382742152,729632.0712122781,-63446.267061937135,63446.267061937135,7.999999999999989
2026-12-30,30,2026-12-01,True,ANTIOQUIA,31260971.27,455580.37875,198509969.07,129031479.9,377.8203,387243.32,68337.06,85.0,15.0,Cubierta (85.0% Contratos / 15.0% Bolsa),1366.74113625,516382.54612031585,794434.6863112412,730879.9114063419,-63554.7749048993,63554.7749048993,8.0
2026-12-30,30,2026-12-01,True,BOGOTA,43723991.4,455580.37875,198509969.07,129031479.9,377.8203,387243.32,68337.06,85.0,15.0,Cubierta (85.0% Contratos / 15.0% Bolsa),1366.74113625,516382.54612031585,794434.6863112412,730879.9114063419,-63554.7749048993,63554.7749048993,8.0
2026-12-30,30,2026-12-01,True,CARIBE_MAR,35126479.83,455580.37875,198509969.07,129031479.9,377.8203,387243.32,68337.06,85.0,15.0,Cubierta (85.0% Contratos / 15.0% Bolsa),1366.74113625,516382.54612031585,794434.6863112412,730879.9114063419,-63554.7749048993,63554.7749048993,8.0
2026-12-30,30,2026-12-01,True,CARIBE_SOL,27453109.69,455580.37875,198509969.07,129031479.9,377.8203,387243.32,68337.06,85.0,15.0,Cubierta (85.0% Contratos / 15.0% Bolsa),1366.74113625,516382.54612031585,794434.6863112412,730879.9114063419,-63554.7749048993,63554.7749048993,8.0
2026-12-30,30,2026-12-01,True,VALLE,22694330.64,455580.37875,198509969.07,129031479.9,377.8203,387243.32,68337.06,85.0,15.0,Cubierta (85.0% Contratos / 15.0% Bolsa),1366.74113625,516382.54612031585,794434.6863112412,730879.9114063419,-63554.7749048993,63554.7749048993,8.0
2026-12-30,30,2026-12-01,True,SANTANDER,17767369.46,455580.37875,198509969.07,129031479.9,377.8203,387243.32,68337.06,85.0,15.0,Cubierta (85.0% Contratos / 15.0% Bolsa),1366.74113625,516382.54612031585,794434.6863112412,730879.9114063419,-63554.7749048993,63554.7749048993,8.0
2026-12-30,30,2026-12-01,True,CUNDINAMARCA,11213131.41,455580.37875,198509969.07,129031479.9,377.8203,387243.32,68337.06,85.0,15.0,Cubierta (85.0% Contratos / 15.0% Bolsa),1366.74113625,516382.54612031585,794434.6863112412,730879.9114063419,-63554.7749048993,63554.7749048993,8.0
2026-12-30,30,2026-12-01,True,TOLIMA,9270585.37,455580.37875,198509969.07,129031479.9,377.8203,387243.32,68337.06,85.0,15.0,Cubierta (85.0% Contratos / 15.0% Bolsa),1366.74113625,516382.54612031585,794434.6863112412,730879.9114063419,-63554.7749048993,63554.7749048993,8.0
2026-12-31,31,2026-12-01,True,ANTIOQUIA,31203470.94,456823.33875,199051563.8,129383516.47,378.2475,388299.84,68523.5,85.0,15.0,Cubierta (85.0% Contratos / 15.0% Bolsa),1370.47001625,518376.8574715219,797502.8576484951,733702.6290366155,-63800.22861187963,63800.22861187963,8.000000000000004
2026-12-31,31,2026-12-01,True,BOGOTA,44740280.91,456823.33875,199051563.8,129383516.47,378.2475,388299.84,68523.5,85.0,15.0,Cubierta (85.0% Contratos / 15.0% Bolsa),1370.47001625,518376.8574715219,797502.8576484951,733702.6290366155,-63800.22861187963,63800.22861187963,8.000000000000004
2026-12-31,31,2026-12-01,True,CARIBE_MAR,35510273.03,456823.33875,199051563.8,129383516.47,378.2475,388299.84,68523.5,85.0,15.0,Cubierta (85.0% Contratos / 15.0% Bolsa),1370.47001625,518376.8574715219,797502.8576484951,733702.6290366155,-63800.22861187963,63800.22861187963,8.000000000000004
2026-12-31,31,2026-12-01,True,CARIBE_SOL,27071606.9,456823.33875,199051563.8,129383516.47,378.2475,388299.84,68523.5,85.0,15.0,Cubierta (85.0% Contratos / 15.0% Bolsa),1370.47001625,518376.8574715219,797502.8576484951,733702.6290366155,-63800.22861187963,63800.22861187963,8.000000000000004
2026-12-31,31,2026-12-01,True,VALLE,22641851.17,456823.33875,199051563.8,129383516.47,378.2475,388299.84,68523.5,85.0,15.0,Cubierta (85.0% Contratos / 15.0% Bolsa),1370.47001625,518376.8574715219,797502.8576484951,733702.6290366155,-63800.22861187963,63800.22861187963,8.000000000000004
2026-12-31,31,2026-12-01,True,SANTANDER,17256192.52,456823.33875,199051563.8,129383516.47,378.2475,388299.84,68523.5,85.0,15.0,Cubierta (85.0% Contratos / 15.0% Bolsa),1370.47001625,518376.8574715219,797502.8576484951,733702.6290366155,-63800.22861187963,63800.22861187963,8.000000000000004
2026-12-31,31,2026-12-01,True,CUNDINAMARCA,11183409.72,456823.33875,199051563.8,129383516.47,378.2475,388299.84,68523.5,85.0,15.0,Cubierta (85.0% Contratos / 15.0% Bolsa),1370.47001625,518376.8574715219,797502.8576484951,733702.6290366155,-63800.22861187963,63800.22861187963,8.000000000000004
2026-12-31,31,2026-12-01,True,TOLIMA,9444478.61,456823.33875,199051563.8,129383516.47,378.2475,388299.84,68523.5,85.0,15.0,Cubierta (85.0% Contratos / 15.0% Bolsa),1370.47001625,518376.8574715219,797502.8576484951,733702.6290366155,-63800.22861187963,63800.22861187963,8.000000000000004
2027-01-01,1,2027-01-01,True,ANTIOQUIA,31174940.07,454795.19,198167838.68,128809095.14,378.743,386575.91,68219.28,85.0,15.0,Cubierta (85.0% Contratos / 15.0% Bolsa),1364.3855700000001,516751.48393851006,795002.282994667,731402.1003550936,-63600.18263957335,63600.18263957335,7.999999999999999
2027-01-01,1,2027-01-01,True,BOGOTA,44210207.74,454795.19,198167838.68,128809095.14,378.743,386575.91,68219.28,85.0,15.0,Cubierta (85.0% Contratos / 15.0% Bolsa),1364.3855700000001,516751.48393851006,795002.282994667,731402.1003550936,-63600.18263957335,63600.18263957335,7.999999999999999
2027-01-01,1,2027-01-01,True,CARIBE_MAR,34757513.82,454795.19,198167838.68,128809095.14,378.743,386575.91,68219.28,85.0,15.0,Cubierta (85.0% Contratos / 15.0% Bolsa),1364.3855700000001,516751.48393851006,795002.282994667,731402.1003550936,-63600.18263957335,63600.18263957335,7.999999999999999
2027-01-01,1,2027-01-01,True,CARIBE_SOL,27207269.0,454795.19,198167838.68,128809095.14,378.743,386575.91,68219.28,85.0,15.0,Cubierta (85.0% Contratos / 15.0% Bolsa),1364.3855700000001,516751.48393851006,795002.282994667,731402.1003550936,-63600.18263957335,63600.18263957335,7.999999999999999
2027-01-01,1,2027-01-01,True,VALLE,22729297.37,454795.19,198167838.68,128809095.14,378.743,386575.91,68219.28,85.0,15.0,Cubierta (85.0% Contratos / 15.0% Bolsa),1364.3855700000001,516751.48393851006,795002.282994667,731402.1003550936,-63600.18263957335,63600.18263957335,7.999999999999999
2027-01-01,1,2027-01-01,True,SANTANDER,17454735.29,454795.19,198167838.68,128809095.14,378.743,386575.91,68219.28,85.0,15.0,Cubierta (85.0% Contratos / 15.0% Bolsa),1364.3855700000001,516751.48393851006,795002.282994667,731402.1003550936,-63600.18263957335,63600.18263957335,7.999999999999999
2027-01-01,1,2027-01-01,True,CUNDINAMARCA,11133574.37,454795.19,198167838.68,128809095.14,378.743,386575.91,68219.28,85.0,15.0,Cubierta (85.0% Contratos / 15.0% Bolsa),1364.3855700000001,516751.48393851006,795002.282994667,731402.1003550936,-63600.18263957335,63600.18263957335,7.999999999999999
2027-01-01,1,2027-01-01,True,TOLIMA,9500301.02,454795.19,198167838.68,128809095.14,378.743,386575.91,68219.28,85.0,15.0,Cubierta (85.0% Contratos / 15.0% Bolsa),1364.3855700000001,516751.48393851006,795002.282994667,731402.1003550936,-63600.18263957335,63600.18263957335,7.999999999999999
2027-01-02,2,2027-01-01,True,ANTIOQUIA,26481513.04,325616.0475,168277027.26000002,109380067.72,379.2996,276773.64,48842.41,85.0,15.0,Cubierta (85.0% Contratos / 15.0% Bolsa),976.8481425,370518.109710993,570027.861088624,524425.6322015341,-45602.22888708988,45602.22888708988,7.999999999999993
2027-01-02,2,2027-01-01,True,BOGOTA,37219517.74,325616.0475,168277027.26000002,109380067.72,379.2996,276773.64,48842.41,85.0,15.0,Cubierta (85.0% Contratos / 15.0% Bolsa),976.8481425,370518.109710993,570027.861088624,524425.6322015341,-45602.22888708988,45602.22888708988,7.999999999999993
2027-01-02,2,2027-01-01,True,CARIBE_MAR,29819710.19,325616.0475,168277027.26000002,109380067.72,379.2996,276773.64,48842.41,85.0,15.0,Cubierta (85.0% Contratos / 15.0% Bolsa),976.8481425,370518.109710993,570027.861088624,524425.6322015341,-45602.22888708988,45602.22888708988,7.999999999999993
2027-01-02,2,2027-01-01,True,CARIBE_SOL,23263629.66,325616.0475,168277027.26000002,109380067.72,379.2996,276773.64,48842.41,85.0,15.0,Cubierta (85.0% Contratos / 15.0% Bolsa),976.8481425,370518.109710993,570027.861088624,524425.6322015341,-45602.22888708988,45602.22888708988,7.999999999999993
2027-01-02,2,2027-01-01,True,VALLE,19035228.24,325616.0475,168277027.26000002,109380067.72,379.2996,276773.64,48842.41,85.0,15.0,Cubierta (85.0% Contratos / 15.0% Bolsa),976.8481425,370518.109710993,570027.861088624,524425.6322015341,-45602.22888708988,45602.22888708988,7.999999999999993
2027-01-02,2,2027-01-01,True,SANTANDER,14940677.46,325616.0475,168277027.26000002,109380067.72,379.2996,276773.64,48842.41,85.0,15.0,Cubierta (85.0% Contratos / 15.0% Bolsa),976.8481425,370518.109710993,570027.861088624,524425.6322015341,-45602.22888708988,45602.22888708988,7.999999999999993
2027-01-02,2,2027-01-01,True,CUNDINAMARCA,9562224.82,325616.0475,168277027.26000002,109380067.72,379.2996,276773.64,48842.41,85.0,15.0,Cubierta (85.0% Contratos / 15.0% Bolsa),976.8481425,370518.109710993,570027.861088624,524425.6322015341,-45602.22888708988,45602.22888708988,7.999999999999993
2027-01-02,2,2027-01-01,True,TOLIMA,7954526.11,325616.0475,168277027.26000002,109380067.72,379.2996,276773.64,48842.41,85.0,15.0,Cubierta (85.0% Contratos / 15.0% Bolsa),976.8481425,370518.109710993,570027.861088624,524425.6322015341,-45602.22888708988,45602.22888708988,7.999999999999993
2027-01-03,3,2027-01-01,True,ANTIOQUIA,26713544.85,326418.0725,168691510.60999998,109649481.9,379.9092,277455.36,48962.71,85.0,15.0,Cubierta (85.0% Contratos / 15.0% Bolsa),979.2542175000001,372027.68636705104,572350.2867002707,526562.263764249,-45788.022936021676,45788.022936021676,8.000000000000004
2027-01-03,3,2027-01-01,True,BOGOTA,37455160.57,326418.0725,168691510.60999998,109649481.9,379.9092,277455.36,48962.71,85.0,15.0,Cubierta (85.0% Contratos / 15.0% Bolsa),979.2542175000001,372027.68636705104,572350.2867002707,526562.263764249,-45788.022936021676,45788.022936021676,8.000000000000004
2027-01-03,3,2027-01-01,True,CARIBE_MAR,30045141.16,326418.0725,168691510.60999998,109649481.9,379.9092,277455.36,48962.71,85.0,15.0,Cubierta (85.0% Contratos / 15.0% Bolsa),979.2542175000001,372027.68636705104,572350.2867002707,526562.263764249,-45788.022936021676,45788.022936021676,8.000000000000004
2027-01-03,3,2027-01-01,True,CARIBE_SOL,23175224.89,326418.0725,168691510.60999998,109649481.9,379.9092,277455.36,48962.71,85.0,15.0,Cubierta (85.0% Contratos / 15.0% Bolsa),979.2542175000001,372027.68636705104,572350.2867002707,526562.263764249,-45788.022936021676,45788.022936021676,8.000000000000004
2027-01-03,3,2027-01-01,True,VALLE,18992305.82,326418.0725,168691510.60999998,109649481.9,379.9092,277455.36,48962.71,85.0,15.0,Cubierta (85.0% Contratos / 15.0% Bolsa),979.2542175000001,372027.68636705104,572350.2867002707,526562.263764249,-45788.022936021676,45788.022936021676,8.000000000000004
2027-01-03,3,2027-01-01,True,SANTANDER,14717114.74,326418.0725,168691510.60999998,109649481.9,379.9092,277455.36,48962.71,85.0,15.0,Cubierta (85.0% Contratos / 15.0% Bolsa),979.2542175000001,372027.68636705104,572350.2867002707,526562.263764249,-45788.022936021676,45788.022936021676,8.000000000000004
2027-01-03,3,2027-01-01,True,CUNDINAMARCA,9682216.32,326418.0725,168691510.60999998,109649481.9,379.9092,277455.36,48962.71,85.0,15.0,Cubierta (85.0% Contratos / 15.0% Bolsa),979.2542175000001,372027.68636705104,572350.2867002707,526562.263764249,-45788.022936021676,45788.022936021676,8.000000000000004
2027-01-03,3,2027-01-01,True,TOLIMA,7910802.26,326418.0725,168691510.60999998,109649481.9,379.9092,277455.36,48962.71,85.0,15.0,Cubierta (85.0% Contratos / 15.0% Bolsa),979.2542175000001,372027.68636705104,572350.2867002707,526562.263764249,-45788.022936021676,45788.022936021676,8.000000000000004
2027-01-04,4,2027-01-01,True,ANTIOQUIA,31868677.19,457133.0275,199186504.3,129471227.8,380.5623,388563.07,68569.95,85.0,15.0,Cubierta (85.0% Contratos / 15.0% Bolsa),1371.3990825,521902.78905408975,802927.367744515,738693.1783249538,-64234.18941956118,64234.18941956118,7.999999999999999
2027-01-04,4,2027-01-01,True,BOGOTA,44182946.25,457133.0275,199186504.3,129471227.8,380.5623,388563.07,68569.95,85.0,15.0,Cubierta (85.0% Contratos / 15.0% Bolsa),1371.3990825,521902.78905408975,802927.367744515,738693.1783249538,-64234.18941956118,64234.18941956118,7.999999999999999
2027-01-04,4,2027-01-01,True,CARIBE_MAR,35267369.72,457133.0275,199186504.3,129471227.8,380.5623,388563.07,68569.95,85.0,15.0,Cubierta (85.0% Contratos / 15.0% Bolsa),1371.3990825,521902.78905408975,802927.367744515,738693.1783249538,-64234.18941956118,64234.18941956118,7.999999999999999
2027-01-04,4,2027-01-01,True,CARIBE_SOL,27011164.77,457133.0275,199186504.3,129471227.8,380.5623,388563.07,68569.95,85.0,15.0,Cubierta (85.0% Contratos / 15.0% Bolsa),1371.3990825,521902.78905408975,802927.367744515,738693.1783249538,-64234.18941956118,64234.18941956118,7.999999999999999
2027-01-04,4,2027-01-01,True,VALLE,22676273.02,457133.0275,199186504.3,129471227.8,380.5623,388563.07,68569.95,85.0,15.0,Cubierta (85.0% Contratos / 15.0% Bolsa),1371.3990825,521902.78905408975,802927.367744515,738693.1783249538,-64234.18941956118,64234.18941956118,7.999999999999999
2027-01-04,4,2027-01-01,True,SANTANDER,17465772.43,457133.0275,199186504.3,129471227.8,380.5623,388563.07,68569.95,85.0,15.0,Cubierta (85.0% Contratos / 15.0% Bolsa),1371.3990825,521902.78905408975,802927.367744515,738693.1783249538,-64234.18941956118,64234.18941956118,7.999999999999999
2027-01-04,4,2027-01-01,True,CUNDINAMARCA,11317236.75,457133.0275,199186504.3,129471227.8,380.5623,388563.07,68569.95,85.0,15.0,Cubierta (85.0% Contratos / 15.0% Bolsa),1371.3990825,521902.78905408975,802927.367744515,738693.1783249538,-64234.18941956118,64234.18941956118,7.999999999999999
2027-01-04,4,2027-01-01,True,TOLIMA,9397064.17,457133.0275,199186504.3,129471227.8,380.5623,388563.07,68569.95,85.0,15.0,Cubierta (85.0% Contratos / 15.0% Bolsa),1371.3990825,521902.78905408975,802927.367744515,738693.1783249538,-64234.18941956118,64234.18941956118,7.999999999999999
2027-01-05,5,2027-01-01,True,ANTIOQUIA,31257517.21,458313.735,199700974.10999998,129805633.17,381.2487,389566.67,68747.06,85.0,15.0,Cubierta (85.0% Contratos / 15.0% Bolsa),1374.941205,524194.54698268353,806453.1492134475,741936.8972763717,-64516.25193707575,64516.25193707575,7.999999999999995
2027-01-05,5,2027-01-01,True,BOGOTA,44183124.69,458313.735,199700974.10999998,129805633.17,381.2487,389566.67,68747.06,85.0,15.0,Cubierta (85.0% Contratos / 15.0% Bolsa),1374.941205,524194.54698268353,806453.1492134475,741936.8972763717,-64516.25193707575,64516.25193707575,7.999999999999995
2027-01-05,5,2027-01-01,True,CARIBE_MAR,35107384.32,458313.735,199700974.10999998,129805633.17,381.2487,389566.67,68747.06,85.0,15.0,Cubierta (85.0% Contratos / 15.0% Bolsa),1374.941205,524194.54698268353,806453.1492134475,741936.8972763717,-64516.25193707575,64516.25193707575,7.999999999999995
2027-01-05,5,2027-01-01,True,CARIBE_SOL,27804210.35,458313.735,199700974.10999998,129805633.17,381.2487,389566.67,68747.06,85.0,15.0,Cubierta (85.0% Contratos / 15.0% Bolsa),1374.941205,524194.54698268353,806453.1492134475,741936.8972763717,-64516.25193707575,64516.25193707575,7.999999999999995
2027-01-05,5,2027-01-01,True,VALLE,22736789.0,458313.735,199700974.10999998,129805633.17,381.2487,389566.67,68747.06,85.0,15.0,Cubierta (85.0% Contratos / 15.0% Bolsa),1374.941205,524194.54698268353,806453.1492134475,741936.8972763717,-64516.25193707575,64516.25193707575,7.999999999999995
2027-01-05,5,2027-01-01,True,SANTANDER,17743303.94,458313.735,199700974.10999998,129805633.17,381.2487,389566.67,68747.06,85.0,15.0,Cubierta (85.0% Contratos / 15.0% Bolsa),1374.941205,524194.54698268353,806453.1492134475,741936.8972763717,-64516.25193707575,64516.25193707575,7.999999999999995
2027-01-05,5,2027-01-01,True,CUNDINAMARCA,11438256.78,458313.735,199700974.10999998,129805633.17,381.2487,389566.67,68747.06,85.0,15.0,Cubierta (85.0% Contratos / 15.0% Bolsa),1374.941205,524194.54698268353,806453.1492134475,741936.8972763717,-64516.25193707575,64516.25193707575,7.999999999999995
2027-01-05,5,2027-01-01,True,TOLIMA,9430387.82,458313.735,199700974.10999998,129805633.17,381.2487,389566.67,68747.06,85.0,15.0,Cubierta (85.0% Contratos / 15.0% Bolsa),1374.941205,524194.54698268353,806453.1492134475,741936.8972763717,-64516.25193707575,64516.25193707575,7.999999999999995
2027-01-06,6,2027-01-01,True,ANTIOQUIA,31560575.66,457971.6775,199551929.23,129708754.0,381.9575,389275.93,68695.75,85.0,15.0,Cubierta (85.0% Contratos / 15.0% Bolsa),1373.9150325,524777.1510261188,807349.4631139935,742761.5060648741,-64587.9570491194,64587.9570491194,7.99999999999999
2027-01-06,6,2027-01-01,True,BOGOTA,44312495.2,457971.6775,199551929.23,129708754.0,381.9575,389275.93,68695.75,85.0,15.0,Cubierta (85.0% Contratos / 15.0% Bolsa),1373.9150325,524777.1510261188,807349.4631139935,742761.5060648741,-64587.9570491194,64587.9570491194,7.99999999999999
2027-01-06,6,2027-01-01,True,CARIBE_MAR,35120085.69,457971.6775,199551929.23,129708754.0,381.9575,389275.93,68695.75,85.0,15.0,Cubierta (85.0% Contratos / 15.0% Bolsa),1373.9150325,524777.1510261188,807349.4631139935,742761.5060648741,-64587.9570491194,64587.9570491194,7.99999999999999
2027-01-06,6,2027-01-01,True,CARIBE_SOL,27753816.32,457971.6775,199551929.23,129708754.0,381.9575,389275.93,68695.75,85.0,15.0,Cubierta (85.0% Contratos / 15.0% Bolsa),1373.9150325,524777.1510261188,807349.4631139935,742761.5060648741,-64587.9570491194,64587.9570491194,7.99999999999999
2027-01-06,6,2027-01-01,True,VALLE,22579951.48,457971.6775,199551929.23,129708754.0,381.9575,389275.93,68695.75,85.0,15.0,Cubierta (85.0% Contratos / 15.0% Bolsa),1373.9150325,524777.1510261188,807349.4631139935,742761.5060648741,-64587.9570491194,64587.9570491194,7.99999999999999
2027-01-06,6,2027-01-01,True,SANTANDER,17484918.78,457971.6775,199551929.23,129708754.0,381.9575,389275.93,68695.75,85.0,15.0,Cubierta (85.0% Contratos / 15.0% Bolsa),1373.9150325,524777.1510261188,807349.4631139935,742761.5060648741,-64587.9570491194,64587.9570491194,7.99999999999999
2027-01-06,6,2027-01-01,True,CUNDINAMARCA,11299749.7,457971.6775,199551929.23,129708754.0,381.9575,389275.93,68695.75,85.0,15.0,Cubierta (85.0% Contratos / 15.0% Bolsa),1373.9150325,524777.1510261188,807349.4631139935,742761.5060648741,-64587.9570491194,64587.9570491194,7.99999999999999
2027-01-06,6,2027-01-01,True,TOLIMA,9440336.4,457971.6775,199551929.23,129708754.0,381.9575,389275.93,68695.75,85.0,15.0,Cubierta (85.0% Contratos / 15.0% Bolsa),1373.9150325,524777.1510261188,807349.4631139935,742761.5060648741,-64587.9570491194,64587.9570491194,7.99999999999999
2027-01-07,7,2027-01-01,True,ANTIOQUIA,31168013.16,457733.0725,199447961.7,129641175.1,382.6772,389073.11,68659.96,85.0,15.0,Cubierta (85.0% Contratos / 15.0% Bolsa),1373.1992175,525492.0315950911,808449.2794082435,743773.3370555841,-64675.94235265942,64675.94235265942,7.999999999999992
2027-01-07,7,2027-01-01,True,BOGOTA,44322702.0,457733.0725,199447961.7,129641175.1,382.6772,389073.11,68659.96,85.0,15.0,Cubierta (85.0% Contratos / 15.0% Bolsa),1373.1992175,525492.0315950911,808449.2794082435,743773.3370555841,-64675.94235265942,64675.94235265942,7.999999999999992
2027-01-07,7,2027-01-01,True,CARIBE_MAR,35136573.51,457733.0725,199447961.7,129641175.1,382.6772,389073.11,68659.96,85.0,15.0,Cubierta (85.0% Contratos / 15.0% Bolsa),1373.1992175,525492.0315950911,808449.2794082435,743773.3370555841,-64675.94235265942,64675.94235265942,7.999999999999992
2027-01-07,7,2027-01-01,True,CARIBE_SOL,27592727.16,457733.0725,199447961.7,129641175.1,382.6772,389073.11,68659.96,85.0,15.0,Cubierta (85.0% Contratos / 15.0% Bolsa),1373.1992175,525492.0315950911,808449.2794082435,743773.3370555841,-64675.94235265942,64675.94235265942,7.999999999999992
2027-01-07,7,2027-01-01,True,VALLE,22779395.82,457733.0725,199447961.7,129641175.1,382.6772,389073.11,68659.96,85.0,15.0,Cubierta (85.0% Contratos / 15.0% Bolsa),1373.1992175,525492.0315950911,808449.2794082435,743773.3370555841,-64675.94235265942,64675.94235265942,7.999999999999992
2027-01-07,7,2027-01-01,True,SANTANDER,17706208.59,457733.0725,199447961.7,129641175.1,382.6772,389073.11,68659.96,85.0,15.0,Cubierta (85.0% Contratos / 15.0% Bolsa),1373.1992175,525492.0315950911,808449.2794082435,743773.3370555841,-64675.94235265942,64675.94235265942,7.999999999999992
2027-01-07,7,2027-01-01,True,CUNDINAMARCA,11237434.77,457733.0725,199447961.7,129641175.1,382.6772,389073.11,68659.96,85.0,15.0,Cubierta (85.0% Contratos / 15.0% Bolsa),1373.1992175,525492.0315950911,808449.2794082435,743773.3370555841,-64675.94235265942,64675.94235265942,7.999999999999992
2027-01-07,7,2027-01-01,True,TOLIMA,9504906.69,457733.0725,199447961.7,129641175.1,382.6772,389073.11,68659.96,85.0,15.0,Cubierta (85.0% Contratos / 15.0% Bolsa),1373.1992175,525492.0315950911,808449.2794082435,743773.3370555841,-64675.94235265942,64675.94235265942,7.999999999999992
2027-01-08,8,2027-01-01,True,ANTIOQUIA,32016842.73,459072.87875,200031755.45000005,130020641.04,383.3964,390211.95,68860.93,85.0,15.0,Cubierta (85.0% Contratos / 15.0% Bolsa),1377.21863625,528020.6671511595,812339.4879404804,747352.3289052419,-64987.15903523844,64987.15903523844,8.000000000000002
2027-01-08,8,2027-01-01,True,BOGOTA,43551299.84,459072.87875,200031755.45000005,130020641.04,383.3964,390211.95,68860.93,85.0,15.0,Cubierta (85.0% Contratos / 15.0% Bolsa),1377.21863625,528020.6671511595,812339.4879404804,747352.3289052419,-64987.15903523844,64987.15903523844,8.000000000000002
2027-01-08,8,2027-01-01,True,CARIBE_MAR,35590749.36,459072.87875,200031755.45000005,130020641.04,383.3964,390211.95,68860.93,85.0,15.0,Cubierta (85.0% Contratos / 15.0% Bolsa),1377.21863625,528020.6671511595,812339.4879404804,747352.3289052419,-64987.15903523844,64987.15903523844,8.000000000000002
2027-01-08,8,2027-01-01,True,CARIBE_SOL,28087233.9,459072.87875,200031755.45000005,130020641.04,383.3964,390211.95,68860.93,85.0,15.0,Cubierta (85.0% Contratos / 15.0% Bolsa),1377.21863625,528020.6671511595,812339.4879404804,747352.3289052419,-64987.15903523844,64987.15903523844,8.000000000000002
2027-01-08,8,2027-01-01,True,VALLE,22287086.21,459072.87875,200031755.45000005,130020641.04,383.3964,390211.95,68860.93,85.0,15.0,Cubierta (85.0% Contratos / 15.0% Bolsa),1377.21863625,528020.6671511595,812339.4879404804,747352.3289052419,-64987.15903523844,64987.15903523844,8.000000000000002
2027-01-08,8,2027-01-01,True,SANTANDER,17847612.93,459072.87875,200031755.45000005,130020641.04,383.3964,390211.95,68860.93,85.0,15.0,Cubierta (85.0% Contratos / 15.0% Bolsa),1377.21863625,528020.6671511595,812339.4879404804,747352.3289052419,-64987.15903523844,64987.15903523844,8.000000000000002
2027-01-08,8,2027-01-01,True,CUNDINAMARCA,11277399.05,459072.87875,200031755.45000005,130020641.04,383.3964,390211.95,68860.93,85.0,15.0,Cubierta (85.0% Contratos / 15.0% Bolsa),1377.21863625,528020.6671511595,812339.4879404804,747352.3289052419,-64987.15903523844,64987.15903523844,8.000000000000002
2027-01-08,8,2027-01-01,True,TOLIMA,9373531.43,459072.87875,200031755.45000005,130020641.04,383.3964,390211.95,68860.93,85.0,15.0,Cubierta (85.0% Contratos / 15.0% Bolsa),1377.21863625,528020.6671511595,812339.4879404804,747352.3289052419,-64987.15903523844,64987.15903523844,8.000000000000002
2027-01-09,9,2027-01-01,True,ANTIOQUIA,26753917.24,326009.55375,168480389.53,109512253.19,384.1034,277108.12,48901.43,85.0,15.0,Cubierta (85.0% Contratos / 15.0% Bolsa),978.02866125,375664.1340835733,577944.8216907843,531709.2359555216,-46235.58573526272,46235.58573526272,7.9999999999999964
2027-01-09,9,2027-01-01,True,BOGOTA,36748973.44,326009.55375,168480389.53,109512253.19,384.1034,277108.12,48901.43,85.0,15.0,Cubierta (85.0% Contratos / 15.0% Bolsa),978.02866125,375664.1340835733,577944.8216907843,531709.2359555216,-46235.58573526272,46235.58573526272,7.9999999999999964
2027-01-09,9,2027-01-01,True,CARIBE_MAR,29884354.6,326009.55375,168480389.53,109512253.19,384.1034,277108.12,48901.43,85.0,15.0,Cubierta (85.0% Contratos / 15.0% Bolsa),978.02866125,375664.1340835733,577944.8216907843,531709.2359555216,-46235.58573526272,46235.58573526272,7.9999999999999964
2027-01-09,9,2027-01-01,True,CARIBE_SOL,23450116.4,326009.55375,168480389.53,109512253.19,384.1034,277108.12,48901.43,85.0,15.0,Cubierta (85.0% Contratos / 15.0% Bolsa),978.02866125,375664.1340835733,577944.8216907843,531709.2359555216,-46235.58573526272,46235.58573526272,7.9999999999999964
2027-01-09,9,2027-01-01,True,VALLE,19156511.99,326009.55375,168480389.53,109512253.19,384.1034,277108.12,48901.43,85.0,15.0,Cubierta (85.0% Contratos / 15.0% Bolsa),978.02866125,375664.1340835733,577944.8216907843,531709.2359555216,-46235.58573526272,46235.58573526272,7.9999999999999964
2027-01-09,9,2027-01-01,True,SANTANDER,15025770.31,326009.55375,168480389.53,109512253.19,384.1034,277108.12,48901.43,85.0,15.0,Cubierta (85.0% Contratos / 15.0% Bolsa),978.02866125,375664.1340835733,577944.8216907843,531709.2359555216,-46235.58573526272,46235.58573526272,7.9999999999999964
2027-01-09,9,2027-01-01,True,CUNDINAMARCA,9528176.57,326009.55375,168480389.53,109512253.19,384.1034,277108.12,48901.43,85.0,15.0,Cubierta (85.0% Contratos / 15.0% Bolsa),978.02866125,375664.1340835733,577944.8216907843,531709.2359555216,-46235.58573526272,46235.58573526272,7.9999999999999964
2027-01-09,9,2027-01-01,True,TOLIMA,7932568.98,326009.55375,168480389.53,109512253.19,384.1034,277108.12,48901.43,85.0,15.0,Cubierta (85.0% Contratos / 15.0% Bolsa),978.02866125,375664.1340835733,577944.8216907843,531709.2359555216,-46235.58573526272,46235.58573526272,7.9999999999999964
2027-01-10,10,2027-01-01,True,ANTIOQUIA,26423044.56,324676.17125,167791302.73000005,109064346.77,384.7867,275974.75,48701.43,85.0,15.0,Cubierta (85.0% Contratos / 15.0% Bolsa),974.0285137500001,374793.2175117672,576604.9500418942,530476.5540385427,-46128.39600335155,46128.39600335155,8.000000000000002
2027-01-10,10,2027-01-01,True,BOGOTA,37011644.41,324676.17125,167791302.73000005,109064346.77,384.7867,275974.75,48701.43,85.0,15.0,Cubierta (85.0% Contratos / 15.0% Bolsa),974.0285137500001,374793.2175117672,576604.9500418942,530476.5540385427,-46128.39600335155,46128.39600335155,8.000000000000002
2027-01-10,10,2027-01-01,True,CARIBE_MAR,29656580.96,324676.17125,167791302.73000005,109064346.77,384.7867,275974.75,48701.43,85.0,15.0,Cubierta (85.0% Contratos / 15.0% Bolsa),974.0285137500001,374793.2175117672,576604.9500418942,530476.5540385427,-46128.39600335155,46128.39600335155,8.000000000000002
2027-01-10,10,2027-01-01,True,CARIBE_SOL,23421014.83,324676.17125,167791302.73000005,109064346.77,384.7867,275974.75,48701.43,85.0,15.0,Cubierta (85.0% Contratos / 15.0% Bolsa),974.0285137500001,374793.2175117672,576604.9500418942,530476.5540385427,-46128.39600335155,46128.39600335155,8.000000000000002
2027-01-10,10,2027-01-01,True,VALLE,18968647.19,324676.17125,167791302.73000005,109064346.77,384.7867,275974.75,48701.43,85.0,15.0,Cubierta (85.0% Contratos / 15.0% Bolsa),974.0285137500001,374793.2175117672,576604.9500418942,530476.5540385427,-46128.39600335155,46128.39600335155,8.000000000000002
2027-01-10,10,2027-01-01,True,SANTANDER,14918723.15,324676.17125,167791302.73000005,109064346.77,384.7867,275974.75,48701.43,85.0,15.0,Cubierta (85.0% Contratos / 15.0% Bolsa),974.0285137500001,374793.2175117672,576604.9500418942,530476.5540385427,-46128.39600335155,46128.39600335155,8.000000000000002
2027-01-10,10,2027-01-01,True,CUNDINAMARCA,9505697.55,324676.17125,167791302.73000005,109064346.77,384.7867,275974.75,48701.43,85.0,15.0,Cubierta (85.0% Contratos / 15.0% Bolsa),974.0285137500001,374793.2175117672,576604.9500418942,530476.5540385427,-46128.39600335155,46128.39600335155,8.000000000000002
2027-01-10,10,2027-01-01,True,TOLIMA,7885950.08,324676.17125,167791302.73000005,109064346.77,384.7867,275974.75,48701.43,85.0,15.0,Cubierta (85.0% Contratos / 15.0% Bolsa),974.0285137500001,374793.2175117672,576604.9500418942,530476.5540385427,-46128.39600335155,46128.39600335155,8.000000000000002
2027-01-11,11,2027-01-01,True,ANTIOQUIA,31663558.12,457239.86125,199233055.08,129501485.8,385.4357,388653.88,68585.98,85.0,15.0,Cubierta (85.0% Contratos / 15.0% Bolsa),1371.71958375,528709.6979663899,813399.5353454695,748327.5725178319,-65071.96282763756,65071.96282763756,8.0
2027-01-11,11,2027-01-01,True,BOGOTA,44025885.93,457239.86125,199233055.08,129501485.8,385.4357,388653.88,68585.98,85.0,15.0,Cubierta (85.0% Contratos / 15.0% Bolsa),1371.71958375,528709.6979663899,813399.5353454695,748327.5725178319,-65071.96282763756,65071.96282763756,8.0
2027-01-11,11,2027-01-01,True,CARIBE_MAR,34805578.87,457239.86125,199233055.08,129501485.8,385.4357,388653.88,68585.98,85.0,15.0,Cubierta (85.0% Contratos / 15.0% Bolsa),1371.71958375,528709.6979663899,813399.5353454695,748327.5725178319,-65071.96282763756,65071.96282763756,8.0
2027-01-11,11,2027-01-01,True,CARIBE_SOL,27580250.59,457239.86125,199233055.08,129501485.8,385.4357,388653.88,68585.98,85.0,15.0,Cubierta (85.0% Contratos / 15.0% Bolsa),1371.71958375,528709.6979663899,813399.5353454695,748327.5725178319,-65071.96282763756,65071.96282763756,8.0
2027-01-11,11,2027-01-01,True,VALLE,22686503.02,457239.86125,199233055.08,129501485.8,385.4357,388653.88,68585.98,85.0,15.0,Cubierta (85.0% Contratos / 15.0% Bolsa),1371.71958375,528709.6979663899,813399.5353454695,748327.5725178319,-65071.96282763756,65071.96282763756,8.0
2027-01-11,11,2027-01-01,True,SANTANDER,17524965.19,457239.86125,199233055.08,129501485.8,385.4357,388653.88,68585.98,85.0,15.0,Cubierta (85.0% Contratos / 15.0% Bolsa),1371.71958375,528709.6979663899,813399.5353454695,748327.5725178319,-65071.96282763756,65071.96282763756,8.0
2027-01-11,11,2027-01-01,True,CUNDINAMARCA,11445357.78,457239.86125,199233055.08,129501485.8,385.4357,388653.88,68585.98,85.0,15.0,Cubierta (85.0% Contratos / 15.0% Bolsa),1371.71958375,528709.6979663899,813399.5353454695,748327.5725178319,-65071.96282763756,65071.96282763756,8.0
2027-01-11,11,2027-01-01,True,TOLIMA,9500955.58,457239.86125,199233055.08,129501485.8,385.4357,388653.88,68585.98,85.0,15.0,Cubierta (85.0% Contratos / 15.0% Bolsa),1371.71958375,528709.6979663899,813399.5353454695,748327.5725178319,-65071.96282763756,65071.96282763756,8.0
2027-01-12,12,2027-01-01,True,ANTIOQUIA,31825339.67,457482.74125,199338885.14,129570275.34,386.0401,388860.33,68622.41,85.0,15.0,Cubierta (85.0% Contratos / 15.0% Bolsa),1372.4482237500001,529820.0495412725,815107.7685313253,749899.1470488192,-65208.621482506045,65208.621482506045,8.000000000000004
2027-01-12,12,2027-01-01,True,BOGOTA,43814178.11,457482.74125,199338885.14,129570275.34,386.0401,388860.33,68622.41,85.0,15.0,Cubierta (85.0% Contratos / 15.0% Bolsa),1372.4482237500001,529820.0495412725,815107.7685313253,749899.1470488192,-65208.621482506045,65208.621482506045,8.000000000000004
2027-01-12,12,2027-01-01,True,CARIBE_MAR,34819303.35,457482.74125,199338885.14,129570275.34,386.0401,388860.33,68622.41,85.0,15.0,Cubierta (85.0% Contratos / 15.0% Bolsa),1372.4482237500001,529820.0495412725,815107.7685313253,749899.1470488192,-65208.621482506045,65208.621482506045,8.000000000000004
2027-01-12,12,2027-01-01,True,CARIBE_SOL,27641237.85,457482.74125,199338885.14,129570275.34,386.0401,388860.33,68622.41,85.0,15.0,Cubierta (85.0% Contratos / 15.0% Bolsa),1372.4482237500001,529820.0495412725,815107.7685313253,749899.1470488192,-65208.621482506045,65208.621482506045,8.000000000000004
2027-01-12,12,2027-01-01,True,VALLE,22725932.25,457482.74125,199338885.14,129570275.34,386.0401,388860.33,68622.41,85.0,15.0,Cubierta (85.0% Contratos / 15.0% Bolsa),1372.4482237500001,529820.0495412725,815107.7685313253,749899.1470488192,-65208.621482506045,65208.621482506045,8.000000000000004
2027-01-12,12,2027-01-01,True,SANTANDER,17611052.66,457482.74125,199338885.14,129570275.34,386.0401,388860.33,68622.41,85.0,15.0,Cubierta (85.0% Contratos / 15.0% Bolsa),1372.4482237500001,529820.0495412725,815107.7685313253,749899.1470488192,-65208.621482506045,65208.621482506045,8.000000000000004
2027-01-12,12,2027-01-01,True,CUNDINAMARCA,11419878.25,457482.74125,199338885.14,129570275.34,386.0401,388860.33,68622.41,85.0,15.0,Cubierta (85.0% Contratos / 15.0% Bolsa),1372.4482237500001,529820.0495412725,815107.7685313253,749899.1470488192,-65208.621482506045,65208.621482506045,8.000000000000004
2027-01-12,12,2027-01-01,True,TOLIMA,9481963.0,457482.74125,199338885.14,129570275.34,386.0401,388860.33,68622.41,85.0,15.0,Cubierta (85.0% Contratos / 15.0% Bolsa),1372.4482237500001,529820.0495412725,815107.7685313253,749899.1470488192,-65208.621482506045,65208.621482506045,8.000000000000004
2027-01-13,13,2027-01-01,True,ANTIOQUIA,31760813.78,459643.09375,200280214.91000003,130182139.69,386.5906,390696.63,68946.46,85.0,15.0,Cubierta (85.0% Contratos / 15.0% Bolsa),1378.92928125,533081.0981960063,820124.7664648441,754514.7851476566,-65609.98131718754,65609.98131718754,8.000000000000002
2027-01-13,13,2027-01-01,True,BOGOTA,44491996.24,459643.09375,200280214.91000003,130182139.69,386.5906,390696.63,68946.46,85.0,15.0,Cubierta (85.0% Contratos / 15.0% Bolsa),1378.92928125,533081.0981960063,820124.7664648441,754514.7851476566,-65609.98131718754,65609.98131718754,8.000000000000002
2027-01-13,13,2027-01-01,True,CARIBE_MAR,35578085.52,459643.09375,200280214.91000003,130182139.69,386.5906,390696.63,68946.46,85.0,15.0,Cubierta (85.0% Contratos / 15.0% Bolsa),1378.92928125,533081.0981960063,820124.7664648441,754514.7851476566,-65609.98131718754,65609.98131718754,8.000000000000002
2027-01-13,13,2027-01-01,True,CARIBE_SOL,27707721.46,459643.09375,200280214.91000003,130182139.69,386.5906,390696.63,68946.46,85.0,15.0,Cubierta (85.0% Contratos / 15.0% Bolsa),1378.92928125,533081.0981960063,820124.7664648441,754514.7851476566,-65609.98131718754,65609.98131718754,8.000000000000002
2027-01-13,13,2027-01-01,True,VALLE,22408867.26,459643.09375,200280214.91000003,130182139.69,386.5906,390696.63,68946.46,85.0,15.0,Cubierta (85.0% Contratos / 15.0% Bolsa),1378.92928125,533081.0981960063,820124.7664648441,754514.7851476566,-65609.98131718754,65609.98131718754,8.000000000000002
2027-01-13,13,2027-01-01,True,SANTANDER,17729006.93,459643.09375,200280214.91000003,130182139.69,386.5906,390696.63,68946.46,85.0,15.0,Cubierta (85.0% Contratos / 15.0% Bolsa),1378.92928125,533081.0981960063,820124.7664648441,754514.7851476566,-65609.98131718754,65609.98131718754,8.000000000000002
2027-01-13,13,2027-01-01,True,CUNDINAMARCA,11322681.31,459643.09375,200280214.91000003,130182139.69,386.5906,390696.63,68946.46,85.0,15.0,Cubierta (85.0% Contratos / 15.0% Bolsa),1378.92928125,533081.0981960063,820124.7664648441,754514.7851476566,-65609.98131718754,65609.98131718754,8.000000000000002
2027-01-13,13,2027-01-01,True,TOLIMA,9281042.41,459643.09375,200280214.91000003,130182139.69,386.5906,390696.63,68946.46,85.0,15.0,Cubierta (85.0% Contratos / 15.0% Bolsa),1378.92928125,533081.0981960063,820124.7664648441,754514.7851476566,-65609.98131718754,65609.98131718754,8.000000000000002
2027-01-14,14,2027-01-01,True,ANTIOQUIA,31298609.35,456810.96625,199046172.39999998,129380012.06,387.0791,388289.32,68521.64,85.0,15.0,Cubierta (85.0% Contratos / 15.0% Bolsa),1370.43289875,530465.9330585412,816101.4354746785,750813.3206367043,-65288.11483797419,65288.11483797419,7.999999999999989
2027-01-14,14,2027-01-01,True,BOGOTA,43620190.67,456810.96625,199046172.39999998,129380012.06,387.0791,388289.32,68521.64,85.0,15.0,Cubierta (85.0% Contratos / 15.0% Bolsa),1370.43289875,530465.9330585412,816101.4354746785,750813.3206367043,-65288.11483797419,65288.11483797419,7.999999999999989
2027-01-14,14,2027-01-01,True,CARIBE_MAR,35256406.17,456810.96625,199046172.39999998,129380012.06,387.0791,388289.32,68521.64,85.0,15.0,Cubierta (85.0% Contratos / 15.0% Bolsa),1370.43289875,530465.9330585412,816101.4354746785,750813.3206367043,-65288.11483797419,65288.11483797419,7.999999999999989
2027-01-14,14,2027-01-01,True,CARIBE_SOL,27753820.9,456810.96625,199046172.39999998,129380012.06,387.0791,388289.32,68521.64,85.0,15.0,Cubierta (85.0% Contratos / 15.0% Bolsa),1370.43289875,530465.9330585412,816101.4354746785,750813.3206367043,-65288.11483797419,65288.11483797419,7.999999999999989
2027-01-14,14,2027-01-01,True,VALLE,22640888.17,456810.96625,199046172.39999998,129380012.06,387.0791,388289.32,68521.64,85.0,15.0,Cubierta (85.0% Contratos / 15.0% Bolsa),1370.43289875,530465.9330585412,816101.4354746785,750813.3206367043,-65288.11483797419,65288.11483797419,7.999999999999989
2027-01-14,14,2027-01-01,True,SANTANDER,17515233.53,456810.96625,199046172.39999998,129380012.06,387.0791,388289.32,68521.64,85.0,15.0,Cubierta (85.0% Contratos / 15.0% Bolsa),1370.43289875,530465.9330585412,816101.4354746785,750813.3206367043,-65288.11483797419,65288.11483797419,7.999999999999989
2027-01-14,14,2027-01-01,True,CUNDINAMARCA,11511720.07,456810.96625,199046172.39999998,129380012.06,387.0791,388289.32,68521.64,85.0,15.0,Cubierta (85.0% Contratos / 15.0% Bolsa),1370.43289875,530465.9330585412,816101.4354746785,750813.3206367043,-65288.11483797419,65288.11483797419,7.999999999999989
2027-01-14,14,2027-01-01,True,TOLIMA,9449303.54,456810.96625,199046172.39999998,129380012.06,387.0791,388289.32,68521.64,85.0,15.0,Cubierta (85.0% Contratos / 15.0% Bolsa),1370.43289875,530465.9330585412,816101.4354746785,750813.3206367043,-65288.11483797419,65288.11483797419,7.999999999999989
2027-01-15,15,2027-01-01,True,ANTIOQUIA,31103425.28,456491.2275,198906852.76,129289454.29,387.4987,388017.54,68473.68,85.0,15.0,Cubierta (85.0% Contratos / 15.0% Bolsa),1369.4736825,530669.2716529628,816414.2641067394,751101.1229782003,-65313.14112853911,65313.14112853911,7.999999999999995
2027-01-15,15,2027-01-01,True,BOGOTA,43323768.09,456491.2275,198906852.76,129289454.29,387.4987,388017.54,68473.68,85.0,15.0,Cubierta (85.0% Contratos / 15.0% Bolsa),1369.4736825,530669.2716529628,816414.2641067394,751101.1229782003,-65313.14112853911,65313.14112853911,7.999999999999995
2027-01-15,15,2027-01-01,True,CARIBE_MAR,35174505.58,456491.2275,198906852.76,129289454.29,387.4987,388017.54,68473.68,85.0,15.0,Cubierta (85.0% Contratos / 15.0% Bolsa),1369.4736825,530669.2716529628,816414.2641067394,751101.1229782003,-65313.14112853911,65313.14112853911,7.999999999999995
2027-01-15,15,2027-01-01,True,CARIBE_SOL,27903036.6,456491.2275,198906852.76,129289454.29,387.4987,388017.54,68473.68,85.0,15.0,Cubierta (85.0% Contratos / 15.0% Bolsa),1369.4736825,530669.2716529628,816414.2641067394,751101.1229782003,-65313.14112853911,65313.14112853911,7.999999999999995
2027-01-15,15,2027-01-01,True,VALLE,22939426.42,456491.2275,198906852.76,129289454.29,387.4987,388017.54,68473.68,85.0,15.0,Cubierta (85.0% Contratos / 15.0% Bolsa),1369.4736825,530669.2716529628,816414.2641067394,751101.1229782003,-65313.14112853911,65313.14112853911,7.999999999999995
2027-01-15,15,2027-01-01,True,SANTANDER,17732126.33,456491.2275,198906852.76,129289454.29,387.4987,388017.54,68473.68,85.0,15.0,Cubierta (85.0% Contratos / 15.0% Bolsa),1369.4736825,530669.2716529628,816414.2641067394,751101.1229782003,-65313.14112853911,65313.14112853911,7.999999999999995
2027-01-15,15,2027-01-01,True,CUNDINAMARCA,11269614.79,456491.2275,198906852.76,129289454.29,387.4987,388017.54,68473.68,85.0,15.0,Cubierta (85.0% Contratos / 15.0% Bolsa),1369.4736825,530669.2716529628,816414.2641067394,751101.1229782003,-65313.14112853911,65313.14112853911,7.999999999999995
2027-01-15,15,2027-01-01,True,TOLIMA,9460949.67,456491.2275,198906852.76,129289454.29,387.4987,388017.54,68473.68,85.0,15.0,Cubierta (85.0% Contratos / 15.0% Bolsa),1369.4736825,530669.2716529628,816414.2641067394,751101.1229782003,-65313.14112853911,65313.14112853911,7.999999999999995
2027-01-16,16,2027-01-01,True,ANTIOQUIA,26872387.79,328219.5325,169622497.71,110254623.51,387.8439,278986.6,49232.93,85.0,15.0,Cubierta (85.0% Contratos / 15.0% Bolsa),984.6585974999999,381893.83062293025,587528.9701971167,540526.6525813474,-47002.31761576934,47002.31761576934,8.0
2027-01-16,16,2027-01-01,True,BOGOTA,37546298.74,328219.5325,169622497.71,110254623.51,387.8439,278986.6,49232.93,85.0,15.0,Cubierta (85.0% Contratos / 15.0% Bolsa),984.6585974999999,381893.83062293025,587528.9701971167,540526.6525813474,-47002.31761576934,47002.31761576934,8.0
2027-01-16,16,2027-01-01,True,CARIBE_MAR,30119557.13,328219.5325,169622497.71,110254623.51,387.8439,278986.6,49232.93,85.0,15.0,Cubierta (85.0% Contratos / 15.0% Bolsa),984.6585974999999,381893.83062293025,587528.9701971167,540526.6525813474,-47002.31761576934,47002.31761576934,8.0
2027-01-16,16,2027-01-01,True,CARIBE_SOL,23501176.08,328219.5325,169622497.71,110254623.51,387.8439,278986.6,49232.93,85.0,15.0,Cubierta (85.0% Contratos / 15.0% Bolsa),984.6585974999999,381893.83062293025,587528.9701971167,540526.6525813474,-47002.31761576934,47002.31761576934,8.0
2027-01-16,16,2027-01-01,True,VALLE,19038787.76,328219.5325,169622497.71,110254623.51,387.8439,278986.6,49232.93,85.0,15.0,Cubierta (85.0% Contratos / 15.0% Bolsa),984.6585974999999,381893.83062293025,587528.9701971167,540526.6525813474,-47002.31761576934,47002.31761576934,8.0
2027-01-16,16,2027-01-01,True,SANTANDER,15010917.34,328219.5325,169622497.71,110254623.51,387.8439,278986.6,49232.93,85.0,15.0,Cubierta (85.0% Contratos / 15.0% Bolsa),984.6585974999999,381893.83062293025,587528.9701971167,540526.6525813474,-47002.31761576934,47002.31761576934,8.0
2027-01-16,16,2027-01-01,True,CUNDINAMARCA,9587736.47,328219.5325,169622497.71,110254623.51,387.8439,278986.6,49232.93,85.0,15.0,Cubierta (85.0% Contratos / 15.0% Bolsa),984.6585974999999,381893.83062293025,587528.9701971167,540526.6525813474,-47002.31761576934,47002.31761576934,8.0
2027-01-16,16,2027-01-01,True,TOLIMA,7945636.4,328219.5325,169622497.71,110254623.51,387.8439,278986.6,49232.93,85.0,15.0,Cubierta (85.0% Contratos / 15.0% Bolsa),984.6585974999999,381893.83062293025,587528.9701971167,540526.6525813474,-47002.31761576934,47002.31761576934,8.0
2027-01-17,17,2027-01-01,True,ANTIOQUIA,26438701.29,324988.9125,167952926.46,109169402.2,388.1107,276240.58,48748.34,85.0,15.0,Cubierta (85.0% Contratos / 15.0% Bolsa),974.9667374999999,378395.02296784124,582146.1891759618,535574.4940418849,-46571.69513407687,46571.69513407687,7.999999999999988
2027-01-17,17,2027-01-01,True,BOGOTA,37102433.68,324988.9125,167952926.46,109169402.2,388.1107,276240.58,48748.34,85.0,15.0,Cubierta (85.0% Contratos / 15.0% Bolsa),974.9667374999999,378395.02296784124,582146.1891759618,535574.4940418849,-46571.69513407687,46571.69513407687,7.999999999999988
2027-01-17,17,2027-01-01,True,CARIBE_MAR,29757577.33,324988.9125,167952926.46,109169402.2,388.1107,276240.58,48748.34,85.0,15.0,Cubierta (85.0% Contratos / 15.0% Bolsa),974.9667374999999,378395.02296784124,582146.1891759618,535574.4940418849,-46571.69513407687,46571.69513407687,7.999999999999988
2027-01-17,17,2027-01-01,True,CARIBE_SOL,23148309.57,324988.9125,167952926.46,109169402.2,388.1107,276240.58,48748.34,85.0,15.0,Cubierta (85.0% Contratos / 15.0% Bolsa),974.9667374999999,378395.02296784124,582146.1891759618,535574.4940418849,-46571.69513407687,46571.69513407687,7.999999999999988
2027-01-17,17,2027-01-01,True,VALLE,19072247.25,324988.9125,167952926.46,109169402.2,388.1107,276240.58,48748.34,85.0,15.0,Cubierta (85.0% Contratos / 15.0% Bolsa),974.9667374999999,378395.02296784124,582146.1891759618,535574.4940418849,-46571.69513407687,46571.69513407687,7.999999999999988
2027-01-17,17,2027-01-01,True,SANTANDER,14823818.4,324988.9125,167952926.46,109169402.2,388.1107,276240.58,48748.34,85.0,15.0,Cubierta (85.0% Contratos / 15.0% Bolsa),974.9667374999999,378395.02296784124,582146.1891759618,535574.4940418849,-46571.69513407687,46571.69513407687,7.999999999999988
2027-01-17,17,2027-01-01,True,CUNDINAMARCA,9684498.4,324988.9125,167952926.46,109169402.2,388.1107,276240.58,48748.34,85.0,15.0,Cubierta (85.0% Contratos / 15.0% Bolsa),974.9667374999999,378395.02296784124,582146.1891759618,535574.4940418849,-46571.69513407687,46571.69513407687,7.999999999999988
2027-01-17,17,2027-01-01,True,TOLIMA,7925340.54,324988.9125,167952926.46,109169402.2,388.1107,276240.58,48748.34,85.0,15.0,Cubierta (85.0% Contratos / 15.0% Bolsa),974.9667374999999,378395.02296784124,582146.1891759618,535574.4940418849,-46571.69513407687,46571.69513407687,7.999999999999988
2027-01-18,18,2027-01-01,True,ANTIOQUIA,32233179.95,461610.72625,201137571.51,130739421.48,388.2968,392369.12,69241.61,85.0,15.0,Cubierta (85.0% Contratos / 15.0% Bolsa),1384.8321787500001,537725.9035456531,827270.6208489576,761088.971181041,-66181.64966791659,66181.64966791659,7.999999999999997
2027-01-18,18,2027-01-01,True,BOGOTA,44392234.73,461610.72625,201137571.51,130739421.48,388.2968,392369.12,69241.61,85.0,15.0,Cubierta (85.0% Contratos / 15.0% Bolsa),1384.8321787500001,537725.9035456531,827270.6208489576,761088.971181041,-66181.64966791659,66181.64966791659,7.999999999999997
2027-01-18,18,2027-01-01,True,CARIBE_MAR,35232815.19,461610.72625,201137571.51,130739421.48,388.2968,392369.12,69241.61,85.0,15.0,Cubierta (85.0% Contratos / 15.0% Bolsa),1384.8321787500001,537725.9035456531,827270.6208489576,761088.971181041,-66181.64966791659,66181.64966791659,7.999999999999997
2027-01-18,18,2027-01-01,True,CARIBE_SOL,27784118.48,461610.72625,201137571.51,130739421.48,388.2968,392369.12,69241.61,85.0,15.0,Cubierta (85.0% Contratos / 15.0% Bolsa),1384.8321787500001,537725.9035456531,827270.6208489576,761088.971181041,-66181.64966791659,66181.64966791659,7.999999999999997
2027-01-18,18,2027-01-01,True,VALLE,22930230.89,461610.72625,201137571.51,130739421.48,388.2968,392369.12,69241.61,85.0,15.0,Cubierta (85.0% Contratos / 15.0% Bolsa),1384.8321787500001,537725.9035456531,827270.6208489576,761088.971181041,-66181.64966791659,66181.64966791659,7.999999999999997
2027-01-18,18,2027-01-01,True,SANTANDER,17700295.84,461610.72625,201137571.51,130739421.48,388.2968,392369.12,69241.61,85.0,15.0,Cubierta (85.0% Contratos / 15.0% Bolsa),1384.8321787500001,537725.9035456531,827270.6208489576,761088.971181041,-66181.64966791659,66181.64966791659,7.999999999999997
2027-01-18,18,2027-01-01,True,CUNDINAMARCA,11293600.7,461610.72625,201137571.51,130739421.48,388.2968,392369.12,69241.61,85.0,15.0,Cubierta (85.0% Contratos / 15.0% Bolsa),1384.8321787500001,537725.9035456531,827270.6208489576,761088.971181041,-66181.64966791659,66181.64966791659,7.999999999999997
2027-01-18,18,2027-01-01,True,TOLIMA,9571095.73,461610.72625,201137571.51,130739421.48,388.2968,392369.12,69241.61,85.0,15.0,Cubierta (85.0% Contratos / 15.0% Bolsa),1384.8321787500001,537725.9035456531,827270.6208489576,761088.971181041,-66181.64966791659,66181.64966791659,7.999999999999997
2027-01-19,19,2027-01-01,True,ANTIOQUIA,31747511.5,460082.235,200471561.83,130306515.19,388.4013,391069.9,69012.34,85.0,15.0,Cubierta (85.0% Contratos / 15.0% Bolsa),1380.246705,536089.6145427165,824753.2531394762,758772.9928883181,-65980.26025115803,65980.26025115803,7.999999999999993
2027-01-19,19,2027-01-01,True,BOGOTA,44009639.89,460082.235,200471561.83,130306515.19,388.4013,391069.9,69012.34,85.0,15.0,Cubierta (85.0% Contratos / 15.0% Bolsa),1380.246705,536089.6145427165,824753.2531394762,758772.9928883181,-65980.26025115803,65980.26025115803,7.999999999999993
2027-01-19,19,2027-01-01,True,CARIBE_MAR,35069595.82,460082.235,200471561.83,130306515.19,388.4013,391069.9,69012.34,85.0,15.0,Cubierta (85.0% Contratos / 15.0% Bolsa),1380.246705,536089.6145427165,824753.2531394762,758772.9928883181,-65980.26025115803,65980.26025115803,7.999999999999993
2027-01-19,19,2027-01-01,True,CARIBE_SOL,28113957.63,460082.235,200471561.83,130306515.19,388.4013,391069.9,69012.34,85.0,15.0,Cubierta (85.0% Contratos / 15.0% Bolsa),1380.246705,536089.6145427165,824753.2531394762,758772.9928883181,-65980.26025115803,65980.26025115803,7.999999999999993
2027-01-19,19,2027-01-01,True,VALLE,22833515.69,460082.235,200471561.83,130306515.19,388.4013,391069.9,69012.34,85.0,15.0,Cubierta (85.0% Contratos / 15.0% Bolsa),1380.246705,536089.6145427165,824753.2531394762,758772.9928883181,-65980.26025115803,65980.26025115803,7.999999999999993
2027-01-19,19,2027-01-01,True,SANTANDER,17726153.89,460082.235,200471561.83,130306515.19,388.4013,391069.9,69012.34,85.0,15.0,Cubierta (85.0% Contratos / 15.0% Bolsa),1380.246705,536089.6145427165,824753.2531394762,758772.9928883181,-65980.26025115803,65980.26025115803,7.999999999999993
2027-01-19,19,2027-01-01,True,CUNDINAMARCA,11444624.62,460082.235,200471561.83,130306515.19,388.4013,391069.9,69012.34,85.0,15.0,Cubierta (85.0% Contratos / 15.0% Bolsa),1380.246705,536089.6145427165,824753.2531394762,758772.9928883181,-65980.26025115803,65980.26025115803,7.999999999999993
2027-01-19,19,2027-01-01,True,TOLIMA,9526562.79,460082.235,200471561.83,130306515.19,388.4013,391069.9,69012.34,85.0,15.0,Cubierta (85.0% Contratos / 15.0% Bolsa),1380.246705,536089.6145427165,824753.2531394762,758772.9928883181,-65980.26025115803,65980.26025115803,7.999999999999993
2027-01-20,20,2027-01-01,True,ANTIOQUIA,31731918.19,459558.06375,200243165.22,130158057.39,388.4253,390624.35,68933.71,85.0,15.0,Cubierta (85.0% Contratos / 15.0% Bolsa),1378.67419125,535511.9363385385,823864.5174628948,757955.3560658633,-65909.16139703151,65909.16139703151,7.99999999999999
2027-01-20,20,2027-01-01,True,BOGOTA,43758566.7,459558.06375,200243165.22,130158057.39,388.4253,390624.35,68933.71,85.0,15.0,Cubierta (85.0% Contratos / 15.0% Bolsa),1378.67419125,535511.9363385385,823864.5174628948,757955.3560658633,-65909.16139703151,65909.16139703151,7.99999999999999
2027-01-20,20,2027-01-01,True,CARIBE_MAR,35418619.93,459558.06375,200243165.22,130158057.39,388.4253,390624.35,68933.71,85.0,15.0,Cubierta (85.0% Contratos / 15.0% Bolsa),1378.67419125,535511.9363385385,823864.5174628948,757955.3560658633,-65909.16139703151,65909.16139703151,7.99999999999999
2027-01-20,20,2027-01-01,True,CARIBE_SOL,27916678.34,459558.06375,200243165.22,130158057.39,388.4253,390624.35,68933.71,85.0,15.0,Cubierta (85.0% Contratos / 15.0% Bolsa),1378.67419125,535511.9363385385,823864.5174628948,757955.3560658633,-65909.16139703151,65909.16139703151,7.99999999999999
2027-01-20,20,2027-01-01,True,VALLE,22781512.9,459558.06375,200243165.22,130158057.39,388.4253,390624.35,68933.71,85.0,15.0,Cubierta (85.0% Contratos / 15.0% Bolsa),1378.67419125,535511.9363385385,823864.5174628948,757955.3560658633,-65909.16139703151,65909.16139703151,7.99999999999999
2027-01-20,20,2027-01-01,True,SANTANDER,17640176.7,459558.06375,200243165.22,130158057.39,388.4253,390624.35,68933.71,85.0,15.0,Cubierta (85.0% Contratos / 15.0% Bolsa),1378.67419125,535511.9363385385,823864.5174628948,757955.3560658633,-65909.16139703151,65909.16139703151,7.99999999999999
2027-01-20,20,2027-01-01,True,CUNDINAMARCA,11528962.81,459558.06375,200243165.22,130158057.39,388.4253,390624.35,68933.71,85.0,15.0,Cubierta (85.0% Contratos / 15.0% Bolsa),1378.67419125,535511.9363385385,823864.5174628948,757955.3560658633,-65909.16139703151,65909.16139703151,7.99999999999999
2027-01-20,20,2027-01-01,True,TOLIMA,9466729.65,459558.06375,200243165.22,130158057.39,388.4253,390624.35,68933.71,85.0,15.0,Cubierta (85.0% Contratos / 15.0% Bolsa),1378.67419125,535511.9363385385,823864.5174628948,757955.3560658633,-65909.16139703151,65909.16139703151,7.99999999999999
2027-01-21,21,2027-01-01,True,ANTIOQUIA,31580555.11,458959.625,199982407.23999995,129988564.71,388.3714,390115.68,68843.94,85.0,15.0,Cubierta (85.0% Contratos / 15.0% Bolsa),1376.878875,534740.3763141751,822677.5019964923,756863.3018367729,-65814.20015971933,65814.20015971933,7.999999999999993
2027-01-21,21,2027-01-01,True,BOGOTA,44498702.21,458959.625,199982407.23999995,129988564.71,388.3714,390115.68,68843.94,85.0,15.0,Cubierta (85.0% Contratos / 15.0% Bolsa),1376.878875,534740.3763141751,822677.5019964923,756863.3018367729,-65814.20015971933,65814.20015971933,7.999999999999993
2027-01-21,21,2027-01-01,True,CARIBE_MAR,35338689.79,458959.625,199982407.23999995,129988564.71,388.3714,390115.68,68843.94,85.0,15.0,Cubierta (85.0% Contratos / 15.0% Bolsa),1376.878875,534740.3763141751,822677.5019964923,756863.3018367729,-65814.20015971933,65814.20015971933,7.999999999999993
2027-01-21,21,2027-01-01,True,CARIBE_SOL,27475478.61,458959.625,199982407.23999995,129988564.71,388.3714,390115.68,68843.94,85.0,15.0,Cubierta (85.0% Contratos / 15.0% Bolsa),1376.878875,534740.3763141751,822677.5019964923,756863.3018367729,-65814.20015971933,65814.20015971933,7.999999999999993
2027-01-21,21,2027-01-01,True,VALLE,22512929.69,458959.625,199982407.23999995,129988564.71,388.3714,390115.68,68843.94,85.0,15.0,Cubierta (85.0% Contratos / 15.0% Bolsa),1376.878875,534740.3763141751,822677.5019964923,756863.3018367729,-65814.20015971933,65814.20015971933,7.999999999999993
2027-01-21,21,2027-01-01,True,SANTANDER,17609936.26,458959.625,199982407.23999995,129988564.71,388.3714,390115.68,68843.94,85.0,15.0,Cubierta (85.0% Contratos / 15.0% Bolsa),1376.878875,534740.3763141751,822677.5019964923,756863.3018367729,-65814.20015971933,65814.20015971933,7.999999999999993
2027-01-21,21,2027-01-01,True,CUNDINAMARCA,11468113.14,458959.625,199982407.23999995,129988564.71,388.3714,390115.68,68843.94,85.0,15.0,Cubierta (85.0% Contratos / 15.0% Bolsa),1376.878875,534740.3763141751,822677.5019964923,756863.3018367729,-65814.20015971933,65814.20015971933,7.999999999999993
2027-01-21,21,2027-01-01,True,TOLIMA,9498002.43,458959.625,199982407.23999995,129988564.71,388.3714,390115.68,68843.94,85.0,15.0,Cubierta (85.0% Contratos / 15.0% Bolsa),1376.878875,534740.3763141751,822677.5019964923,756863.3018367729,-65814.20015971933,65814.20015971933,7.999999999999993
2027-01-22,22,2027-01-01,True,ANTIOQUIA,31546311.65,456422.925,198877091.66000003,129270109.58,388.2435,387959.49,68463.44,85.0,15.0,Cubierta (85.0% Contratos / 15.0% Bolsa),1369.268775,531609.7016467125,817861.0794501541,752432.1930941418,-65428.88635601231,65428.88635601231,7.999999999999999
2027-01-22,22,2027-01-01,True,BOGOTA,43657383.97,456422.925,198877091.66000003,129270109.58,388.2435,387959.49,68463.44,85.0,15.0,Cubierta (85.0% Contratos / 15.0% Bolsa),1369.268775,531609.7016467125,817861.0794501541,752432.1930941418,-65428.88635601231,65428.88635601231,7.999999999999999
2027-01-22,22,2027-01-01,True,CARIBE_MAR,35238870.66,456422.925,198877091.66000003,129270109.58,388.2435,387959.49,68463.44,85.0,15.0,Cubierta (85.0% Contratos / 15.0% Bolsa),1369.268775,531609.7016467125,817861.0794501541,752432.1930941418,-65428.88635601231,65428.88635601231,7.999999999999999
2027-01-22,22,2027-01-01,True,CARIBE_SOL,27617768.15,456422.925,198877091.66000003,129270109.58,388.2435,387959.49,68463.44,85.0,15.0,Cubierta (85.0% Contratos / 15.0% Bolsa),1369.268775,531609.7016467125,817861.0794501541,752432.1930941418,-65428.88635601231,65428.88635601231,7.999999999999999
2027-01-22,22,2027-01-01,True,VALLE,22505948.37,456422.925,198877091.66000003,129270109.58,388.2435,387959.49,68463.44,85.0,15.0,Cubierta (85.0% Contratos / 15.0% Bolsa),1369.268775,531609.7016467125,817861.0794501541,752432.1930941418,-65428.88635601231,65428.88635601231,7.999999999999999
2027-01-22,22,2027-01-01,True,SANTANDER,17494562.25,456422.925,198877091.66000003,129270109.58,388.2435,387959.49,68463.44,85.0,15.0,Cubierta (85.0% Contratos / 15.0% Bolsa),1369.268775,531609.7016467125,817861.0794501541,752432.1930941418,-65428.88635601231,65428.88635601231,7.999999999999999
2027-01-22,22,2027-01-01,True,CUNDINAMARCA,11390731.96,456422.925,198877091.66000003,129270109.58,388.2435,387959.49,68463.44,85.0,15.0,Cubierta (85.0% Contratos / 15.0% Bolsa),1369.268775,531609.7016467125,817861.0794501541,752432.1930941418,-65428.88635601231,65428.88635601231,7.999999999999999
2027-01-22,22,2027-01-01,True,TOLIMA,9425514.65,456422.925,198877091.66000003,129270109.58,388.2435,387959.49,68463.44,85.0,15.0,Cubierta (85.0% Contratos / 15.0% Bolsa),1369.268775,531609.7016467125,817861.0794501541,752432.1930941418,-65428.88635601231,65428.88635601231,7.999999999999999
2027-01-23,23,2027-01-01,True,ANTIOQUIA,26938155.79,325971.24125,168460589.64999998,109499383.27,388.0475,277075.56,48895.69,85.0,15.0,Cubierta (85.0% Contratos / 15.0% Bolsa),977.91372375,379476.97571687814,583810.7318854493,537105.8733346134,-46704.85855083587,46704.85855083587,7.999999999999988
2027-01-23,23,2027-01-01,True,BOGOTA,37088009.17,325971.24125,168460589.64999998,109499383.27,388.0475,277075.56,48895.69,85.0,15.0,Cubierta (85.0% Contratos / 15.0% Bolsa),977.91372375,379476.97571687814,583810.7318854493,537105.8733346134,-46704.85855083587,46704.85855083587,7.999999999999988
2027-01-23,23,2027-01-01,True,CARIBE_MAR,29483825.76,325971.24125,168460589.64999998,109499383.27,388.0475,277075.56,48895.69,85.0,15.0,Cubierta (85.0% Contratos / 15.0% Bolsa),977.91372375,379476.97571687814,583810.7318854493,537105.8733346134,-46704.85855083587,46704.85855083587,7.999999999999988
2027-01-23,23,2027-01-01,True,CARIBE_SOL,23543874.32,325971.24125,168460589.64999998,109499383.27,388.0475,277075.56,48895.69,85.0,15.0,Cubierta (85.0% Contratos / 15.0% Bolsa),977.91372375,379476.97571687814,583810.7318854493,537105.8733346134,-46704.85855083587,46704.85855083587,7.999999999999988
2027-01-23,23,2027-01-01,True,VALLE,19142733.94,325971.24125,168460589.64999998,109499383.27,388.0475,277075.56,48895.69,85.0,15.0,Cubierta (85.0% Contratos / 15.0% Bolsa),977.91372375,379476.97571687814,583810.7318854493,537105.8733346134,-46704.85855083587,46704.85855083587,7.999999999999988
2027-01-23,23,2027-01-01,True,SANTANDER,14741202.19,325971.24125,168460589.64999998,109499383.27,388.0475,277075.56,48895.69,85.0,15.0,Cubierta (85.0% Contratos / 15.0% Bolsa),977.91372375,379476.97571687814,583810.7318854493,537105.8733346134,-46704.85855083587,46704.85855083587,7.999999999999988
2027-01-23,23,2027-01-01,True,CUNDINAMARCA,9523111.19,325971.24125,168460589.64999998,109499383.27,388.0475,277075.56,48895.69,85.0,15.0,Cubierta (85.0% Contratos / 15.0% Bolsa),977.91372375,379476.97571687814,583810.7318854493,537105.8733346134,-46704.85855083587,46704.85855083587,7.999999999999988
2027-01-23,23,2027-01-01,True,TOLIMA,7999677.29,325971.24125,168460589.64999998,109499383.27,388.0475,277075.56,48895.69,85.0,15.0,Cubierta (85.0% Contratos / 15.0% Bolsa),977.91372375,379476.97571687814,583810.7318854493,537105.8733346134,-46704.85855083587,46704.85855083587,7.999999999999988
2027-01-24,24,2027-01-01,True,ANTIOQUIA,26499008.16,325453.12125,168192827.82000002,109325338.08,387.7904,276635.15,48817.97,85.0,15.0,Cubierta (85.0% Contratos / 15.0% Bolsa),976.35936375,378622.788212358,582496.5972657659,535896.8694845047,-46599.7277812612,46599.7277812612,7.999999999999988
2027-01-24,24,2027-01-01,True,BOGOTA,37075471.63,325453.12125,168192827.82000002,109325338.08,387.7904,276635.15,48817.97,85.0,15.0,Cubierta (85.0% Contratos / 15.0% Bolsa),976.35936375,378622.788212358,582496.5972657659,535896.8694845047,-46599.7277812612,46599.7277812612,7.999999999999988
2027-01-24,24,2027-01-01,True,CARIBE_MAR,29651398.21,325453.12125,168192827.82000002,109325338.08,387.7904,276635.15,48817.97,85.0,15.0,Cubierta (85.0% Contratos / 15.0% Bolsa),976.35936375,378622.788212358,582496.5972657659,535896.8694845047,-46599.7277812612,46599.7277812612,7.999999999999988
2027-01-24,24,2027-01-01,True,CARIBE_SOL,23424361.55,325453.12125,168192827.82000002,109325338.08,387.7904,276635.15,48817.97,85.0,15.0,Cubierta (85.0% Contratos / 15.0% Bolsa),976.35936375,378622.788212358,582496.5972657659,535896.8694845047,-46599.7277812612,46599.7277812612,7.999999999999988
2027-01-24,24,2027-01-01,True,VALLE,19182778.48,325453.12125,168192827.82000002,109325338.08,387.7904,276635.15,48817.97,85.0,15.0,Cubierta (85.0% Contratos / 15.0% Bolsa),976.35936375,378622.788212358,582496.5972657659,535896.8694845047,-46599.7277812612,46599.7277812612,7.999999999999988
2027-01-24,24,2027-01-01,True,SANTANDER,14824534.89,325453.12125,168192827.82000002,109325338.08,387.7904,276635.15,48817.97,85.0,15.0,Cubierta (85.0% Contratos / 15.0% Bolsa),976.35936375,378622.788212358,582496.5972657659,535896.8694845047,-46599.7277812612,46599.7277812612,7.999999999999988
2027-01-24,24,2027-01-01,True,CUNDINAMARCA,9604422.32,325453.12125,168192827.82000002,109325338.08,387.7904,276635.15,48817.97,85.0,15.0,Cubierta (85.0% Contratos / 15.0% Bolsa),976.35936375,378622.788212358,582496.5972657659,535896.8694845047,-46599.7277812612,46599.7277812612,7.999999999999988
2027-01-24,24,2027-01-01,True,TOLIMA,7930852.58,325453.12125,168192827.82000002,109325338.08,387.7904,276635.15,48817.97,85.0,15.0,Cubierta (85.0% Contratos / 15.0% Bolsa),976.35936375,378622.788212358,582496.5972657659,535896.8694845047,-46599.7277812612,46599.7277812612,7.999999999999988
2027-01-25,25,2027-01-01,True,ANTIOQUIA,31497769.5,458724.415,199879919.49,129921947.67,387.4804,389915.75,68808.66,85.0,15.0,Cubierta (85.0% Contratos / 15.0% Bolsa),1376.173245,533240.159441898,820369.4760549869,754739.917970588,-65629.55808439897,65629.55808439897,8.000000000000004
2027-01-25,25,2027-01-01,True,BOGOTA,43563969.72,458724.415,199879919.49,129921947.67,387.4804,389915.75,68808.66,85.0,15.0,Cubierta (85.0% Contratos / 15.0% Bolsa),1376.173245,533240.159441898,820369.4760549869,754739.917970588,-65629.55808439897,65629.55808439897,8.000000000000004
2027-01-25,25,2027-01-01,True,CARIBE_MAR,35561391.1,458724.415,199879919.49,129921947.67,387.4804,389915.75,68808.66,85.0,15.0,Cubierta (85.0% Contratos / 15.0% Bolsa),1376.173245,533240.159441898,820369.4760549869,754739.917970588,-65629.55808439897,65629.55808439897,8.000000000000004
2027-01-25,25,2027-01-01,True,CARIBE_SOL,27812792.94,458724.415,199879919.49,129921947.67,387.4804,389915.75,68808.66,85.0,15.0,Cubierta (85.0% Contratos / 15.0% Bolsa),1376.173245,533240.159441898,820369.4760549869,754739.917970588,-65629.55808439897,65629.55808439897,8.000000000000004
2027-01-25,25,2027-01-01,True,VALLE,22872035.4,458724.415,199879919.49,129921947.67,387.4804,389915.75,68808.66,85.0,15.0,Cubierta (85.0% Contratos / 15.0% Bolsa),1376.173245,533240.159441898,820369.4760549869,754739.917970588,-65629.55808439897,65629.55808439897,8.000000000000004
2027-01-25,25,2027-01-01,True,SANTANDER,17477321.16,458724.415,199879919.49,129921947.67,387.4804,389915.75,68808.66,85.0,15.0,Cubierta (85.0% Contratos / 15.0% Bolsa),1376.173245,533240.159441898,820369.4760549869,754739.917970588,-65629.55808439897,65629.55808439897,8.000000000000004
2027-01-25,25,2027-01-01,True,CUNDINAMARCA,11454124.74,458724.415,199879919.49,129921947.67,387.4804,389915.75,68808.66,85.0,15.0,Cubierta (85.0% Contratos / 15.0% Bolsa),1376.173245,533240.159441898,820369.4760549869,754739.917970588,-65629.55808439897,65629.55808439897,8.000000000000004
2027-01-25,25,2027-01-01,True,TOLIMA,9640514.93,458724.415,199879919.49,129921947.67,387.4804,389915.75,68808.66,85.0,15.0,Cubierta (85.0% Contratos / 15.0% Bolsa),1376.173245,533240.159441898,820369.4760549869,754739.917970588,-65629.55808439897,65629.55808439897,8.000000000000004
2027-01-26,26,2027-01-01,True,ANTIOQUIA,31606274.26,459179.565,200078241.71,130050857.11,387.1269,390302.63,68876.93,85.0,15.0,Cubierta (85.0% Contratos / 15.0% Bolsa),1377.538695,533282.2846253954,820434.284048533,754799.5413246504,-65634.74272388255,65634.74272388255,7.999999999999989
2027-01-26,26,2027-01-01,True,BOGOTA,44305013.45,459179.565,200078241.71,130050857.11,387.1269,390302.63,68876.93,85.0,15.0,Cubierta (85.0% Contratos / 15.0% Bolsa),1377.538695,533282.2846253954,820434.284048533,754799.5413246504,-65634.74272388255,65634.74272388255,7.999999999999989
2027-01-26,26,2027-01-01,True,CARIBE_MAR,35090584.21,459179.565,200078241.71,130050857.11,387.1269,390302.63,68876.93,85.0,15.0,Cubierta (85.0% Contratos / 15.0% Bolsa),1377.538695,533282.2846253954,820434.284048533,754799.5413246504,-65634.74272388255,65634.74272388255,7.999999999999989
2027-01-26,26,2027-01-01,True,CARIBE_SOL,27716813.61,459179.565,200078241.71,130050857.11,387.1269,390302.63,68876.93,85.0,15.0,Cubierta (85.0% Contratos / 15.0% Bolsa),1377.538695,533282.2846253954,820434.284048533,754799.5413246504,-65634.74272388255,65634.74272388255,7.999999999999989
2027-01-26,26,2027-01-01,True,VALLE,22819817.97,459179.565,200078241.71,130050857.11,387.1269,390302.63,68876.93,85.0,15.0,Cubierta (85.0% Contratos / 15.0% Bolsa),1377.538695,533282.2846253954,820434.284048533,754799.5413246504,-65634.74272388255,65634.74272388255,7.999999999999989
2027-01-26,26,2027-01-01,True,SANTANDER,17542882.98,459179.565,200078241.71,130050857.11,387.1269,390302.63,68876.93,85.0,15.0,Cubierta (85.0% Contratos / 15.0% Bolsa),1377.538695,533282.2846253954,820434.284048533,754799.5413246504,-65634.74272388255,65634.74272388255,7.999999999999989
2027-01-26,26,2027-01-01,True,CUNDINAMARCA,11505334.35,459179.565,200078241.71,130050857.11,387.1269,390302.63,68876.93,85.0,15.0,Cubierta (85.0% Contratos / 15.0% Bolsa),1377.538695,533282.2846253954,820434.284048533,754799.5413246504,-65634.74272388255,65634.74272388255,7.999999999999989
2027-01-26,26,2027-01-01,True,TOLIMA,9491520.88,459179.565,200078241.71,130050857.11,387.1269,390302.63,68876.93,85.0,15.0,Cubierta (85.0% Contratos / 15.0% Bolsa),1377.538695,533282.2846253954,820434.284048533,754799.5413246504,-65634.74272388255,65634.74272388255,7.999999999999989
2027-01-27,27,2027-01-01,True,ANTIOQUIA,31334856.19,459589.995,200257078.54,130167101.05,386.7403,390651.5,68938.5,85.0,15.0,Cubierta (85.0% Contratos / 15.0% Bolsa),1378.769985,533225.9176298955,820347.5655907568,754719.7603434963,-65627.80524726049,65627.80524726049,7.999999999999993
2027-01-27,27,2027-01-01,True,BOGOTA,44303768.29,459589.995,200257078.54,130167101.05,386.7403,390651.5,68938.5,85.0,15.0,Cubierta (85.0% Contratos / 15.0% Bolsa),1378.769985,533225.9176298955,820347.5655907568,754719.7603434963,-65627.80524726049,65627.80524726049,7.999999999999993
2027-01-27,27,2027-01-01,True,CARIBE_MAR,35312001.35,459589.995,200257078.54,130167101.05,386.7403,390651.5,68938.5,85.0,15.0,Cubierta (85.0% Contratos / 15.0% Bolsa),1378.769985,533225.9176298955,820347.5655907568,754719.7603434963,-65627.80524726049,65627.80524726049,7.999999999999993
2027-01-27,27,2027-01-01,True,CARIBE_SOL,27927419.28,459589.995,200257078.54,130167101.05,386.7403,390651.5,68938.5,85.0,15.0,Cubierta (85.0% Contratos / 15.0% Bolsa),1378.769985,533225.9176298955,820347.5655907568,754719.7603434963,-65627.80524726049,65627.80524726049,7.999999999999993
2027-01-27,27,2027-01-01,True,VALLE,22837124.48,459589.995,200257078.54,130167101.05,386.7403,390651.5,68938.5,85.0,15.0,Cubierta (85.0% Contratos / 15.0% Bolsa),1378.769985,533225.9176298955,820347.5655907568,754719.7603434963,-65627.80524726049,65627.80524726049,7.999999999999993
2027-01-27,27,2027-01-01,True,SANTANDER,17719572.2,459589.995,200257078.54,130167101.05,386.7403,390651.5,68938.5,85.0,15.0,Cubierta (85.0% Contratos / 15.0% Bolsa),1378.769985,533225.9176298955,820347.5655907568,754719.7603434963,-65627.80524726049,65627.80524726049,7.999999999999993
2027-01-27,27,2027-01-01,True,CUNDINAMARCA,11215780.5,459589.995,200257078.54,130167101.05,386.7403,390651.5,68938.5,85.0,15.0,Cubierta (85.0% Contratos / 15.0% Bolsa),1378.769985,533225.9176298955,820347.5655907568,754719.7603434963,-65627.80524726049,65627.80524726049,7.999999999999993
2027-01-27,27,2027-01-01,True,TOLIMA,9606556.25,459589.995,200257078.54,130167101.05,386.7403,390651.5,68938.5,85.0,15.0,Cubierta (85.0% Contratos / 15.0% Bolsa),1378.769985,533225.9176298955,820347.5655907568,754719.7603434963,-65627.80524726049,65627.80524726049,7.999999999999993
2027-01-28,28,2027-01-01,True,ANTIOQUIA,31772599.49,459409.72375,200178528.67000002,130116043.64,386.3313,390498.27,68911.46,85.0,15.0,Cubierta (85.0% Contratos / 15.0% Bolsa),1378.22917125,532453.0674269352,819158.5652438778,753625.8800243676,-65532.685219510226,65532.685219510226,8.0
2027-01-28,28,2027-01-01,True,BOGOTA,44202463.96,459409.72375,200178528.67000002,130116043.64,386.3313,390498.27,68911.46,85.0,15.0,Cubierta (85.0% Contratos / 15.0% Bolsa),1378.22917125,532453.0674269352,819158.5652438778,753625.8800243676,-65532.685219510226,65532.685219510226,8.0
2027-01-28,28,2027-01-01,True,CARIBE_MAR,35302342.84,459409.72375,200178528.67000002,130116043.64,386.3313,390498.27,68911.46,85.0,15.0,Cubierta (85.0% Contratos / 15.0% Bolsa),1378.22917125,532453.0674269352,819158.5652438778,753625.8800243676,-65532.685219510226,65532.685219510226,8.0
2027-01-28,28,2027-01-01,True,CARIBE_SOL,27764564.78,459409.72375,200178528.67000002,130116043.64,386.3313,390498.27,68911.46,85.0,15.0,Cubierta (85.0% Contratos / 15.0% Bolsa),1378.22917125,532453.0674269352,819158.5652438778,753625.8800243676,-65532.685219510226,65532.685219510226,8.0
2027-01-28,28,2027-01-01,True,VALLE,22446838.65,459409.72375,200178528.67000002,130116043.64,386.3313,390498.27,68911.46,85.0,15.0,Cubierta (85.0% Contratos / 15.0% Bolsa),1378.22917125,532453.0674269352,819158.5652438778,753625.8800243676,-65532.685219510226,65532.685219510226,8.0
2027-01-28,28,2027-01-01,True,SANTANDER,17780139.39,459409.72375,200178528.67000002,130116043.64,386.3313,390498.27,68911.46,85.0,15.0,Cubierta (85.0% Contratos / 15.0% Bolsa),1378.22917125,532453.0674269352,819158.5652438778,753625.8800243676,-65532.685219510226,65532.685219510226,8.0
2027-01-28,28,2027-01-01,True,CUNDINAMARCA,11421631.66,459409.72375,200178528.67000002,130116043.64,386.3313,390498.27,68911.46,85.0,15.0,Cubierta (85.0% Contratos / 15.0% Bolsa),1378.22917125,532453.0674269352,819158.5652438778,753625.8800243676,-65532.685219510226,65532.685219510226,8.0
2027-01-28,28,2027-01-01,True,TOLIMA,9487947.9,459409.72375,200178528.67000002,130116043.64,386.3313,390498.27,68911.46,85.0,15.0,Cubierta (85.0% Contratos / 15.0% Bolsa),1378.22917125,532453.0674269352,819158.5652438778,753625.8800243676,-65532.685219510226,65532.685219510226,8.0
2027-01-29,29,2027-01-01,True,ANTIOQUIA,31410712.41,458602.235,199826681.77999994,129887343.16,385.9115,389811.9,68790.34,85.0,15.0,Cubierta (85.0% Contratos / 15.0% Bolsa),1375.806705,530939.6292366075,816830.1988066835,751483.7829021489,-65346.41590453463,65346.41590453463,7.999999999999993
2027-01-29,29,2027-01-01,True,BOGOTA,44121569.97,458602.235,199826681.77999994,129887343.16,385.9115,389811.9,68790.34,85.0,15.0,Cubierta (85.0% Contratos / 15.0% Bolsa),1375.806705,530939.6292366075,816830.1988066835,751483.7829021489,-65346.41590453463,65346.41590453463,7.999999999999993
2027-01-29,29,2027-01-01,True,CARIBE_MAR,35706362.87,458602.235,199826681.77999994,129887343.16,385.9115,389811.9,68790.34,85.0,15.0,Cubierta (85.0% Contratos / 15.0% Bolsa),1375.806705,530939.6292366075,816830.1988066835,751483.7829021489,-65346.41590453463,65346.41590453463,7.999999999999993
2027-01-29,29,2027-01-01,True,CARIBE_SOL,27794084.33,458602.235,199826681.77999994,129887343.16,385.9115,389811.9,68790.34,85.0,15.0,Cubierta (85.0% Contratos / 15.0% Bolsa),1375.806705,530939.6292366075,816830.1988066835,751483.7829021489,-65346.41590453463,65346.41590453463,7.999999999999993
2027-01-29,29,2027-01-01,True,VALLE,22374469.23,458602.235,199826681.77999994,129887343.16,385.9115,389811.9,68790.34,85.0,15.0,Cubierta (85.0% Contratos / 15.0% Bolsa),1375.806705,530939.6292366075,816830.1988066835,751483.7829021489,-65346.41590453463,65346.41590453463,7.999999999999993
2027-01-29,29,2027-01-01,True,SANTANDER,17478174.1,458602.235,199826681.77999994,129887343.16,385.9115,389811.9,68790.34,85.0,15.0,Cubierta (85.0% Contratos / 15.0% Bolsa),1375.806705,530939.6292366075,816830.1988066835,751483.7829021489,-65346.41590453463,65346.41590453463,7.999999999999993
2027-01-29,29,2027-01-01,True,CUNDINAMARCA,11464484.67,458602.235,199826681.77999994,129887343.16,385.9115,389811.9,68790.34,85.0,15.0,Cubierta (85.0% Contratos / 15.0% Bolsa),1375.806705,530939.6292366075,816830.1988066835,751483.7829021489,-65346.41590453463,65346.41590453463,7.999999999999993
2027-01-29,29,2027-01-01,True,TOLIMA,9476824.2,458602.235,199826681.77999994,129887343.16,385.9115,389811.9,68790.34,85.0,15.0,Cubierta (85.0% Contratos / 15.0% Bolsa),1375.806705,530939.6292366075,816830.1988066835,751483.7829021489,-65346.41590453463,65346.41590453463,7.999999999999993
2027-01-30,30,2027-01-01,True,ANTIOQUIA,26959169.91,328231.56,169628713.39,110258663.7,385.4924,278996.83,49234.73,85.0,15.0,Cubierta (85.0% Contratos / 15.0% Bolsa),984.6946800000001,379592.315460432,583988.1776499716,537269.1234379739,-46719.05421199766,46719.05421199766,7.999999999999989
2027-01-30,30,2027-01-01,True,BOGOTA,37681846.9,328231.56,169628713.39,110258663.7,385.4924,278996.83,49234.73,85.0,15.0,Cubierta (85.0% Contratos / 15.0% Bolsa),984.6946800000001,379592.315460432,583988.1776499716,537269.1234379739,-46719.05421199766,46719.05421199766,7.999999999999989
2027-01-30,30,2027-01-01,True,CARIBE_MAR,29855843.22,328231.56,169628713.39,110258663.7,385.4924,278996.83,49234.73,85.0,15.0,Cubierta (85.0% Contratos / 15.0% Bolsa),984.6946800000001,379592.315460432,583988.1776499716,537269.1234379739,-46719.05421199766,46719.05421199766,7.999999999999989
2027-01-30,30,2027-01-01,True,CARIBE_SOL,23274895.57,328231.56,169628713.39,110258663.7,385.4924,278996.83,49234.73,85.0,15.0,Cubierta (85.0% Contratos / 15.0% Bolsa),984.6946800000001,379592.315460432,583988.1776499716,537269.1234379739,-46719.05421199766,46719.05421199766,7.999999999999989
2027-01-30,30,2027-01-01,True,VALLE,19145147.25,328231.56,169628713.39,110258663.7,385.4924,278996.83,49234.73,85.0,15.0,Cubierta (85.0% Contratos / 15.0% Bolsa),984.6946800000001,379592.315460432,583988.1776499716,537269.1234379739,-46719.05421199766,46719.05421199766,7.999999999999989
2027-01-30,30,2027-01-01,True,SANTANDER,15148644.86,328231.56,169628713.39,110258663.7,385.4924,278996.83,49234.73,85.0,15.0,Cubierta (85.0% Contratos / 15.0% Bolsa),984.6946800000001,379592.315460432,583988.1776499716,537269.1234379739,-46719.05421199766,46719.05421199766,7.999999999999989
2027-01-30,30,2027-01-01,True,CUNDINAMARCA,9540069.06,328231.56,169628713.39,110258663.7,385.4924,278996.83,49234.73,85.0,15.0,Cubierta (85.0% Contratos / 15.0% Bolsa),984.6946800000001,379592.315460432,583988.1776499716,537269.1234379739,-46719.05421199766,46719.05421199766,7.999999999999989
2027-01-30,30,2027-01-01,True,TOLIMA,8023096.62,328231.56,169628713.39,110258663.7,385.4924,278996.83,49234.73,85.0,15.0,Cubierta (85.0% Contratos / 15.0% Bolsa),984.6946800000001,379592.315460432,583988.1776499716,537269.1234379739,-46719.05421199766,46719.05421199766,7.999999999999989
2027-01-31,31,2027-01-01,True,ANTIOQUIA,26552609.95,326375.4025,168669458.72,109635148.17,385.0856,277419.09,48956.31,85.0,15.0,Cubierta (85.0% Contratos / 15.0% Bolsa),979.1262075000001,377047.40309086203,580072.9278215135,533667.0935957924,-46405.834225721075,46405.834225721075,7.999999999999999
2027-01-31,31,2027-01-01,True,BOGOTA,36984716.28,326375.4025,168669458.72,109635148.17,385.0856,277419.09,48956.31,85.0,15.0,Cubierta (85.0% Contratos / 15.0% Bolsa),979.1262075000001,377047.40309086203,580072.9278215135,533667.0935957924,-46405.834225721075,46405.834225721075,7.999999999999999
2027-01-31,31,2027-01-01,True,CARIBE_MAR,29873171.17,326375.4025,168669458.72,109635148.17,385.0856,277419.09,48956.31,85.0,15.0,Cubierta (85.0% Contratos / 15.0% Bolsa),979.1262075000001,377047.40309086203,580072.9278215135,533667.0935957924,-46405.834225721075,46405.834225721075,7.999999999999999
2027-01-31,31,2027-01-01,True,CARIBE_SOL,23495994.05,326375.4025,168669458.72,109635148.17,385.0856,277419.09,48956.31,85.0,15.0,Cubierta (85.0% Contratos / 15.0% Bolsa),979.1262075000001,377047.40309086203,580072.9278215135,533667.0935957924,-46405.834225721075,46405.834225721075,7.999999999999999
2027-01-31,31,2027-01-01,True,VALLE,19210116.75,326375.4025,168669458.72,109635148.17,385.0856,277419.09,48956.31,85.0,15.0,Cubierta (85.0% Contratos / 15.0% Bolsa),979.1262075000001,377047.40309086203,580072.9278215135,533667.0935957924,-46405.834225721075,46405.834225721075,7.999999999999999
2027-01-31,31,2027-01-01,True,SANTANDER,14909950.18,326375.4025,168669458.72,109635148.17,385.0856,277419.09,48956.31,85.0,15.0,Cubierta (85.0% Contratos / 15.0% Bolsa),979.1262075000001,377047.40309086203,580072.9278215135,533667.0935957924,-46405.834225721075,46405.834225721075,7.999999999999999
2027-01-31,31,2027-01-01,True,CUNDINAMARCA,9596875.4,326375.4025,168669458.72,109635148.17,385.0856,277419.09,48956.31,85.0,15.0,Cubierta (85.0% Contratos / 15.0% Bolsa),979.1262075000001,377047.40309086203,580072.9278215135,533667.0935957924,-46405.834225721075,46405.834225721075,7.999999999999999
2027-01-31,31,2027-01-01,True,TOLIMA,8046024.94,326375.4025,168669458.72,109635148.17,385.0856,277419.09,48956.31,85.0,15.0,Cubierta (85.0% Contratos / 15.0% Bolsa),979.1262075000001,377047.40309086203,580072.9278215135,533667.0935957924,-46405.834225721075,46405.834225721075,7.999999999999999
2027-02-01,1,2027-02-01,True,ANTIOQUIA,31460167.01,458257.985,199676681.72000003,129789843.12,384.7025,389519.29,68738.7,85.0,15.0,Cubierta (85.0% Contratos / 15.0% Bolsa),1374.773955,528878.9774233875,813659.965254212,748567.1680338751,-65092.79722033697,65092.79722033697,8.000000000000002
2027-02-01,1,2027-02-01,True,BOGOTA,44325270.62,458257.985,199676681.72000003,129789843.12,384.7025,389519.29,68738.7,85.0,15.0,Cubierta (85.0% Contratos / 15.0% Bolsa),1374.773955,528878.9774233875,813659.965254212,748567.1680338751,-65092.79722033697,65092.79722033697,8.000000000000002
2027-02-01,1,2027-02-01,True,CARIBE_MAR,35412504.37,458257.985,199676681.72000003,129789843.12,384.7025,389519.29,68738.7,85.0,15.0,Cubierta (85.0% Contratos / 15.0% Bolsa),1374.773955,528878.9774233875,813659.965254212,748567.1680338751,-65092.79722033697,65092.79722033697,8.000000000000002
2027-02-01,1,2027-02-01,True,CARIBE_SOL,27397878.3,458257.985,199676681.72000003,129789843.12,384.7025,389519.29,68738.7,85.0,15.0,Cubierta (85.0% Contratos / 15.0% Bolsa),1374.773955,528878.9774233875,813659.965254212,748567.1680338751,-65092.79722033697,65092.79722033697,8.000000000000002
2027-02-01,1,2027-02-01,True,VALLE,22711705.14,458257.985,199676681.72000003,129789843.12,384.7025,389519.29,68738.7,85.0,15.0,Cubierta (85.0% Contratos / 15.0% Bolsa),1374.773955,528878.9774233875,813659.965254212,748567.1680338751,-65092.79722033697,65092.79722033697,8.000000000000002
2027-02-01,1,2027-02-01,True,SANTANDER,17540127.65,458257.985,199676681.72000003,129789843.12,384.7025,389519.29,68738.7,85.0,15.0,Cubierta (85.0% Contratos / 15.0% Bolsa),1374.773955,528878.9774233875,813659.965254212,748567.1680338751,-65092.79722033697,65092.79722033697,8.000000000000002
2027-02-01,1,2027-02-01,True,CUNDINAMARCA,11310292.99,458257.985,199676681.72000003,129789843.12,384.7025,389519.29,68738.7,85.0,15.0,Cubierta (85.0% Contratos / 15.0% Bolsa),1374.773955,528878.9774233875,813659.965254212,748567.1680338751,-65092.79722033697,65092.79722033697,8.000000000000002
2027-02-01,1,2027-02-01,True,TOLIMA,9518735.64,458257.985,199676681.72000003,129789843.12,384.7025,389519.29,68738.7,85.0,15.0,Cubierta (85.0% Contratos / 15.0% Bolsa),1374.773955,528878.9774233875,813659.965254212,748567.1680338751,-65092.79722033697,65092.79722033697,8.000000000000002
2027-02-02,2,2027-02-01,True,ANTIOQUIA,31619302.83,461443.19875,201064574.81,130691973.63,384.3539,392226.72,69216.48,85.0,15.0,Cubierta (85.0% Contratos / 15.0% Bolsa),1384.32959625,532072.4792041129,818573.0449074827,753087.2013148841,-65485.84359259857,65485.84359259857,7.999999999999995
2027-02-02,2,2027-02-01,True,BOGOTA,44691874.27,461443.19875,201064574.81,130691973.63,384.3539,392226.72,69216.48,85.0,15.0,Cubierta (85.0% Contratos / 15.0% Bolsa),1384.32959625,532072.4792041129,818573.0449074827,753087.2013148841,-65485.84359259857,65485.84359259857,7.999999999999995
2027-02-02,2,2027-02-01,True,CARIBE_MAR,35434275.86,461443.19875,201064574.81,130691973.63,384.3539,392226.72,69216.48,85.0,15.0,Cubierta (85.0% Contratos / 15.0% Bolsa),1384.32959625,532072.4792041129,818573.0449074827,753087.2013148841,-65485.84359259857,65485.84359259857,7.999999999999995
2027-02-02,2,2027-02-01,True,CARIBE_SOL,27987198.45,461443.19875,201064574.81,130691973.63,384.3539,392226.72,69216.48,85.0,15.0,Cubierta (85.0% Contratos / 15.0% Bolsa),1384.32959625,532072.4792041129,818573.0449074827,753087.2013148841,-65485.84359259857,65485.84359259857,7.999999999999995
2027-02-02,2,2027-02-01,True,VALLE,22788153.71,461443.19875,201064574.81,130691973.63,384.3539,392226.72,69216.48,85.0,15.0,Cubierta (85.0% Contratos / 15.0% Bolsa),1384.32959625,532072.4792041129,818573.0449074827,753087.2013148841,-65485.84359259857,65485.84359259857,7.999999999999995
2027-02-02,2,2027-02-01,True,SANTANDER,17891735.39,461443.19875,201064574.81,130691973.63,384.3539,392226.72,69216.48,85.0,15.0,Cubierta (85.0% Contratos / 15.0% Bolsa),1384.32959625,532072.4792041129,818573.0449074827,753087.2013148841,-65485.84359259857,65485.84359259857,7.999999999999995
2027-02-02,2,2027-02-01,True,CUNDINAMARCA,11220006.58,461443.19875,201064574.81,130691973.63,384.3539,392226.72,69216.48,85.0,15.0,Cubierta (85.0% Contratos / 15.0% Bolsa),1384.32959625,532072.4792041129,818573.0449074827,753087.2013148841,-65485.84359259857,65485.84359259857,7.999999999999995
2027-02-02,2,2027-02-01,True,TOLIMA,9432027.72,461443.19875,201064574.81,130691973.63,384.3539,392226.72,69216.48,85.0,15.0,Cubierta (85.0% Contratos / 15.0% Bolsa),1384.32959625,532072.4792041129,818573.0449074827,753087.2013148841,-65485.84359259857,65485.84359259857,7.999999999999995
2027-02-03,3,2027-02-01,True,ANTIOQUIA,31443890.84,461006.2975,200874203.92999995,130568232.55,384.0499,391855.35,69150.94,85.0,15.0,Cubierta (85.0% Contratos / 15.0% Bolsa),1383.0188925,531148.2673627357,817151.1805862178,751779.0861393204,-65372.09444689739,65372.09444689739,7.9999999999999964
2027-02-03,3,2027-02-01,True,BOGOTA,44219569.3,461006.2975,200874203.92999995,130568232.55,384.0499,391855.35,69150.94,85.0,15.0,Cubierta (85.0% Contratos / 15.0% Bolsa),1383.0188925,531148.2673627357,817151.1805862178,751779.0861393204,-65372.09444689739,65372.09444689739,7.9999999999999964
2027-02-03,3,2027-02-01,True,CARIBE_MAR,35626099.25,461006.2975,200874203.92999995,130568232.55,384.0499,391855.35,69150.94,85.0,15.0,Cubierta (85.0% Contratos / 15.0% Bolsa),1383.0188925,531148.2673627357,817151.1805862178,751779.0861393204,-65372.09444689739,65372.09444689739,7.9999999999999964
2027-02-03,3,2027-02-01,True,CARIBE_SOL,28017552.0,461006.2975,200874203.92999995,130568232.55,384.0499,391855.35,69150.94,85.0,15.0,Cubierta (85.0% Contratos / 15.0% Bolsa),1383.0188925,531148.2673627357,817151.1805862178,751779.0861393204,-65372.09444689739,65372.09444689739,7.9999999999999964
2027-02-03,3,2027-02-01,True,VALLE,22816610.31,461006.2975,200874203.92999995,130568232.55,384.0499,391855.35,69150.94,85.0,15.0,Cubierta (85.0% Contratos / 15.0% Bolsa),1383.0188925,531148.2673627357,817151.1805862178,751779.0861393204,-65372.09444689739,65372.09444689739,7.9999999999999964
2027-02-03,3,2027-02-01,True,SANTANDER,17713545.83,461006.2975,200874203.92999995,130568232.55,384.0499,391855.35,69150.94,85.0,15.0,Cubierta (85.0% Contratos / 15.0% Bolsa),1383.0188925,531148.2673627357,817151.1805862178,751779.0861393204,-65372.09444689739,65372.09444689739,7.9999999999999964
2027-02-03,3,2027-02-01,True,CUNDINAMARCA,11405283.67,461006.2975,200874203.92999995,130568232.55,384.0499,391855.35,69150.94,85.0,15.0,Cubierta (85.0% Contratos / 15.0% Bolsa),1383.0188925,531148.2673627357,817151.1805862178,751779.0861393204,-65372.09444689739,65372.09444689739,7.9999999999999964
2027-02-03,3,2027-02-01,True,TOLIMA,9631652.73,461006.2975,200874203.92999995,130568232.55,384.0499,391855.35,69150.94,85.0,15.0,Cubierta (85.0% Contratos / 15.0% Bolsa),1383.0188925,531148.2673627357,817151.1805862178,751779.0861393204,-65372.09444689739,65372.09444689739,7.9999999999999964
2027-02-04,4,2027-02-01,True,ANTIOQUIA,31960143.12,464094.7375,202219929.13000003,131442953.93,383.7999,394480.53,69614.21,85.0,15.0,Cubierta (85.0% Contratos / 15.0% Bolsa),1392.2842125,534358.5415290787,822090.0639190349,756322.8588055122,-65767.20511352271,65767.20511352271,7.99999999999999
2027-02-04,4,2027-02-01,True,BOGOTA,44467466.33,464094.7375,202219929.13000003,131442953.93,383.7999,394480.53,69614.21,85.0,15.0,Cubierta (85.0% Contratos / 15.0% Bolsa),1392.2842125,534358.5415290787,822090.0639190349,756322.8588055122,-65767.20511352271,65767.20511352271,7.99999999999999
2027-02-04,4,2027-02-01,True,CARIBE_MAR,36030379.44,464094.7375,202219929.13000003,131442953.93,383.7999,394480.53,69614.21,85.0,15.0,Cubierta (85.0% Contratos / 15.0% Bolsa),1392.2842125,534358.5415290787,822090.0639190349,756322.8588055122,-65767.20511352271,65767.20511352271,7.99999999999999
2027-02-04,4,2027-02-01,True,CARIBE_SOL,27832583.96,464094.7375,202219929.13000003,131442953.93,383.7999,394480.53,69614.21,85.0,15.0,Cubierta (85.0% Contratos / 15.0% Bolsa),1392.2842125,534358.5415290787,822090.0639190349,756322.8588055122,-65767.20511352271,65767.20511352271,7.99999999999999
2027-02-04,4,2027-02-01,True,VALLE,23263947.71,464094.7375,202219929.13000003,131442953.93,383.7999,394480.53,69614.21,85.0,15.0,Cubierta (85.0% Contratos / 15.0% Bolsa),1392.2842125,534358.5415290787,822090.0639190349,756322.8588055122,-65767.20511352271,65767.20511352271,7.99999999999999
2027-02-04,4,2027-02-01,True,SANTANDER,17699924.49,464094.7375,202219929.13000003,131442953.93,383.7999,394480.53,69614.21,85.0,15.0,Cubierta (85.0% Contratos / 15.0% Bolsa),1392.2842125,534358.5415290787,822090.0639190349,756322.8588055122,-65767.20511352271,65767.20511352271,7.99999999999999
2027-02-04,4,2027-02-01,True,CUNDINAMARCA,11431402.4,464094.7375,202219929.13000003,131442953.93,383.7999,394480.53,69614.21,85.0,15.0,Cubierta (85.0% Contratos / 15.0% Bolsa),1392.2842125,534358.5415290787,822090.0639190349,756322.8588055122,-65767.20511352271,65767.20511352271,7.99999999999999
2027-02-04,4,2027-02-01,True,TOLIMA,9534081.68,464094.7375,202219929.13000003,131442953.93,383.7999,394480.53,69614.21,85.0,15.0,Cubierta (85.0% Contratos / 15.0% Bolsa),1392.2842125,534358.5415290787,822090.0639190349,756322.8588055122,-65767.20511352271,65767.20511352271,7.99999999999999
2027-02-05,5,2027-02-01,True,ANTIOQUIA,31947139.72,462919.58875,201707881.63,131110123.06,383.612,393481.65,69437.94,85.0,15.0,Cubierta (85.0% Contratos / 15.0% Bolsa),1388.75876625,532744.527838695,819606.965902559,754038.4086303543,-65568.55727220466,65568.55727220466,7.999999999999993
2027-02-05,5,2027-02-01,True,BOGOTA,44261311.19,462919.58875,201707881.63,131110123.06,383.612,393481.65,69437.94,85.0,15.0,Cubierta (85.0% Contratos / 15.0% Bolsa),1388.75876625,532744.527838695,819606.965902559,754038.4086303543,-65568.55727220466,65568.55727220466,7.999999999999993
2027-02-05,5,2027-02-01,True,CARIBE_MAR,35455519.01,462919.58875,201707881.63,131110123.06,383.612,393481.65,69437.94,85.0,15.0,Cubierta (85.0% Contratos / 15.0% Bolsa),1388.75876625,532744.527838695,819606.965902559,754038.4086303543,-65568.55727220466,65568.55727220466,7.999999999999993
2027-02-05,5,2027-02-01,True,CARIBE_SOL,28189421.38,462919.58875,201707881.63,131110123.06,383.612,393481.65,69437.94,85.0,15.0,Cubierta (85.0% Contratos / 15.0% Bolsa),1388.75876625,532744.527838695,819606.965902559,754038.4086303543,-65568.55727220466,65568.55727220466,7.999999999999993
2027-02-05,5,2027-02-01,True,VALLE,23096057.75,462919.58875,201707881.63,131110123.06,383.612,393481.65,69437.94,85.0,15.0,Cubierta (85.0% Contratos / 15.0% Bolsa),1388.75876625,532744.527838695,819606.965902559,754038.4086303543,-65568.55727220466,65568.55727220466,7.999999999999993
2027-02-05,5,2027-02-01,True,SANTANDER,17891993.55,462919.58875,201707881.63,131110123.06,383.612,393481.65,69437.94,85.0,15.0,Cubierta (85.0% Contratos / 15.0% Bolsa),1388.75876625,532744.527838695,819606.965902559,754038.4086303543,-65568.55727220466,65568.55727220466,7.999999999999993
2027-02-05,5,2027-02-01,True,CUNDINAMARCA,11379752.9,462919.58875,201707881.63,131110123.06,383.612,393481.65,69437.94,85.0,15.0,Cubierta (85.0% Contratos / 15.0% Bolsa),1388.75876625,532744.527838695,819606.965902559,754038.4086303543,-65568.55727220466,65568.55727220466,7.999999999999993
2027-02-05,5,2027-02-01,True,TOLIMA,9486686.13,462919.58875,201707881.63,131110123.06,383.612,393481.65,69437.94,85.0,15.0,Cubierta (85.0% Contratos / 15.0% Bolsa),1388.75876625,532744.527838695,819606.965902559,754038.4086303543,-65568.55727220466,65568.55727220466,7.999999999999993
2027-02-06,6,2027-02-01,True,ANTIOQUIA,26923271.57,328220.2325,169622858.88,110254858.27,383.4931,278987.2,49233.03,85.0,15.0,Cubierta (85.0% Contratos / 15.0% Bolsa),984.6606975,377610.58333243727,580939.3589835186,534464.2102648371,-46475.14871868142,46475.14871868142,7.999999999999989
2027-02-06,6,2027-02-01,True,BOGOTA,37721062.24,328220.2325,169622858.88,110254858.27,383.4931,278987.2,49233.03,85.0,15.0,Cubierta (85.0% Contratos / 15.0% Bolsa),984.6606975,377610.58333243727,580939.3589835186,534464.2102648371,-46475.14871868142,46475.14871868142,7.999999999999989
2027-02-06,6,2027-02-01,True,CARIBE_MAR,29829721.29,328220.2325,169622858.88,110254858.27,383.4931,278987.2,49233.03,85.0,15.0,Cubierta (85.0% Contratos / 15.0% Bolsa),984.6606975,377610.58333243727,580939.3589835186,534464.2102648371,-46475.14871868142,46475.14871868142,7.999999999999989
2027-02-06,6,2027-02-01,True,CARIBE_SOL,23430511.68,328220.2325,169622858.88,110254858.27,383.4931,278987.2,49233.03,85.0,15.0,Cubierta (85.0% Contratos / 15.0% Bolsa),984.6606975,377610.58333243727,580939.3589835186,534464.2102648371,-46475.14871868142,46475.14871868142,7.999999999999989
2027-02-06,6,2027-02-01,True,VALLE,19342357.63,328220.2325,169622858.88,110254858.27,383.4931,278987.2,49233.03,85.0,15.0,Cubierta (85.0% Contratos / 15.0% Bolsa),984.6606975,377610.58333243727,580939.3589835186,534464.2102648371,-46475.14871868142,46475.14871868142,7.999999999999989
2027-02-06,6,2027-02-01,True,SANTANDER,14863971.62,328220.2325,169622858.88,110254858.27,383.4931,278987.2,49233.03,85.0,15.0,Cubierta (85.0% Contratos / 15.0% Bolsa),984.6606975,377610.58333243727,580939.3589835186,534464.2102648371,-46475.14871868142,46475.14871868142,7.999999999999989
2027-02-06,6,2027-02-01,True,CUNDINAMARCA,9525493.76,328220.2325,169622858.88,110254858.27,383.4931,278987.2,49233.03,85.0,15.0,Cubierta (85.0% Contratos / 15.0% Bolsa),984.6606975,377610.58333243727,580939.3589835186,534464.2102648371,-46475.14871868142,46475.14871868142,7.999999999999989
2027-02-06,6,2027-02-01,True,TOLIMA,7986469.09,328220.2325,169622858.88,110254858.27,383.4931,278987.2,49233.03,85.0,15.0,Cubierta (85.0% Contratos / 15.0% Bolsa),984.6606975,377610.58333243727,580939.3589835186,534464.2102648371,-46475.14871868142,46475.14871868142,7.999999999999989
2027-02-07,7,2027-02-01,True,ANTIOQUIA,26419391.69,327332.48,169164072.36999997,109956647.04,383.4485,278232.61,49099.87,85.0,15.0,Cubierta (85.0% Contratos / 15.0% Bolsa),981.99744,376545.44537184003,579300.6851900802,532956.6303748738,-46344.054815206444,46344.054815206444,8.000000000000004
2027-02-07,7,2027-02-01,True,BOGOTA,37568822.57,327332.48,169164072.36999997,109956647.04,383.4485,278232.61,49099.87,85.0,15.0,Cubierta (85.0% Contratos / 15.0% Bolsa),981.99744,376545.44537184003,579300.6851900802,532956.6303748738,-46344.054815206444,46344.054815206444,8.000000000000004
2027-02-07,7,2027-02-01,True,CARIBE_MAR,29943326.09,327332.48,169164072.36999997,109956647.04,383.4485,278232.61,49099.87,85.0,15.0,Cubierta (85.0% Contratos / 15.0% Bolsa),981.99744,376545.44537184003,579300.6851900802,532956.6303748738,-46344.054815206444,46344.054815206444,8.000000000000004
2027-02-07,7,2027-02-01,True,CARIBE_SOL,23233599.59,327332.48,169164072.36999997,109956647.04,383.4485,278232.61,49099.87,85.0,15.0,Cubierta (85.0% Contratos / 15.0% Bolsa),981.99744,376545.44537184003,579300.6851900802,532956.6303748738,-46344.054815206444,46344.054815206444,8.000000000000004
2027-02-07,7,2027-02-01,True,VALLE,19381642.36,327332.48,169164072.36999997,109956647.04,383.4485,278232.61,49099.87,85.0,15.0,Cubierta (85.0% Contratos / 15.0% Bolsa),981.99744,376545.44537184003,579300.6851900802,532956.6303748738,-46344.054815206444,46344.054815206444,8.000000000000004
2027-02-07,7,2027-02-01,True,SANTANDER,14928309.64,327332.48,169164072.36999997,109956647.04,383.4485,278232.61,49099.87,85.0,15.0,Cubierta (85.0% Contratos / 15.0% Bolsa),981.99744,376545.44537184003,579300.6851900802,532956.6303748738,-46344.054815206444,46344.054815206444,8.000000000000004
2027-02-07,7,2027-02-01,True,CUNDINAMARCA,9665850.73,327332.48,169164072.36999997,109956647.04,383.4485,278232.61,49099.87,85.0,15.0,Cubierta (85.0% Contratos / 15.0% Bolsa),981.99744,376545.44537184003,579300.6851900802,532956.6303748738,-46344.054815206444,46344.054815206444,8.000000000000004
2027-02-07,7,2027-02-01,True,TOLIMA,8023129.7,327332.48,169164072.36999997,109956647.04,383.4485,278232.61,49099.87,85.0,15.0,Cubierta (85.0% Contratos / 15.0% Bolsa),981.99744,376545.44537184003,579300.6851900802,532956.6303748738,-46344.054815206444,46344.054815206444,8.000000000000004
2027-02-08,8,2027-02-01,True,ANTIOQUIA,32148970.19,462893.08,201696331.28000003,131102615.33,383.4824,393459.12,69433.96,85.0,15.0,Cubierta (85.0% Contratos / 15.0% Bolsa),1388.6792400000002,532534.0477853761,819283.1504515386,753740.4984154155,-65542.6520361231,65542.6520361231,8.0
2027-02-08,8,2027-02-01,True,BOGOTA,44780757.52,462893.08,201696331.28000003,131102615.33,383.4824,393459.12,69433.96,85.0,15.0,Cubierta (85.0% Contratos / 15.0% Bolsa),1388.6792400000002,532534.0477853761,819283.1504515386,753740.4984154155,-65542.6520361231,65542.6520361231,8.0
2027-02-08,8,2027-02-01,True,CARIBE_MAR,35600787.98,462893.08,201696331.28000003,131102615.33,383.4824,393459.12,69433.96,85.0,15.0,Cubierta (85.0% Contratos / 15.0% Bolsa),1388.6792400000002,532534.0477853761,819283.1504515386,753740.4984154155,-65542.6520361231,65542.6520361231,8.0
2027-02-08,8,2027-02-01,True,CARIBE_SOL,28061741.11,462893.08,201696331.28000003,131102615.33,383.4824,393459.12,69433.96,85.0,15.0,Cubierta (85.0% Contratos / 15.0% Bolsa),1388.6792400000002,532534.0477853761,819283.1504515386,753740.4984154155,-65542.6520361231,65542.6520361231,8.0
2027-02-08,8,2027-02-01,True,VALLE,22547820.84,462893.08,201696331.28000003,131102615.33,383.4824,393459.12,69433.96,85.0,15.0,Cubierta (85.0% Contratos / 15.0% Bolsa),1388.6792400000002,532534.0477853761,819283.1504515386,753740.4984154155,-65542.6520361231,65542.6520361231,8.0
2027-02-08,8,2027-02-01,True,SANTANDER,17601055.65,462893.08,201696331.28000003,131102615.33,383.4824,393459.12,69433.96,85.0,15.0,Cubierta (85.0% Contratos / 15.0% Bolsa),1388.6792400000002,532534.0477853761,819283.1504515386,753740.4984154155,-65542.6520361231,65542.6520361231,8.0
2027-02-08,8,2027-02-01,True,CUNDINAMARCA,11454820.56,462893.08,201696331.28000003,131102615.33,383.4824,393459.12,69433.96,85.0,15.0,Cubierta (85.0% Contratos / 15.0% Bolsa),1388.6792400000002,532534.0477853761,819283.1504515386,753740.4984154155,-65542.6520361231,65542.6520361231,8.0
2027-02-08,8,2027-02-01,True,TOLIMA,9500377.43,462893.08,201696331.28000003,131102615.33,383.4824,393459.12,69433.96,85.0,15.0,Cubierta (85.0% Contratos / 15.0% Bolsa),1388.6792400000002,532534.0477853761,819283.1504515386,753740.4984154155,-65542.6520361231,65542.6520361231,8.0
2027-02-09,9,2027-02-01,True,ANTIOQUIA,31543624.78,461806.83625,201223022.54000005,130794964.65,383.5971,392535.81,69271.03,85.0,15.0,Cubierta (85.0% Contratos / 15.0% Bolsa),1385.42050875,531443.2894370246,817605.0606785968,752196.6558243091,-65408.40485428774,65408.40485428774,7.999999999999999
2027-02-09,9,2027-02-01,True,BOGOTA,44156384.27,461806.83625,201223022.54000005,130794964.65,383.5971,392535.81,69271.03,85.0,15.0,Cubierta (85.0% Contratos / 15.0% Bolsa),1385.42050875,531443.2894370246,817605.0606785968,752196.6558243091,-65408.40485428774,65408.40485428774,7.999999999999999
2027-02-09,9,2027-02-01,True,CARIBE_MAR,35733010.62,461806.83625,201223022.54000005,130794964.65,383.5971,392535.81,69271.03,85.0,15.0,Cubierta (85.0% Contratos / 15.0% Bolsa),1385.42050875,531443.2894370246,817605.0606785968,752196.6558243091,-65408.40485428774,65408.40485428774,7.999999999999999
2027-02-09,9,2027-02-01,True,CARIBE_SOL,28134502.53,461806.83625,201223022.54000005,130794964.65,383.5971,392535.81,69271.03,85.0,15.0,Cubierta (85.0% Contratos / 15.0% Bolsa),1385.42050875,531443.2894370246,817605.0606785968,752196.6558243091,-65408.40485428774,65408.40485428774,7.999999999999999
2027-02-09,9,2027-02-01,True,VALLE,22992534.71,461806.83625,201223022.54000005,130794964.65,383.5971,392535.81,69271.03,85.0,15.0,Cubierta (85.0% Contratos / 15.0% Bolsa),1385.42050875,531443.2894370246,817605.0606785968,752196.6558243091,-65408.40485428774,65408.40485428774,7.999999999999999
2027-02-09,9,2027-02-01,True,SANTANDER,17730072.49,461806.83625,201223022.54000005,130794964.65,383.5971,392535.81,69271.03,85.0,15.0,Cubierta (85.0% Contratos / 15.0% Bolsa),1385.42050875,531443.2894370246,817605.0606785968,752196.6558243091,-65408.40485428774,65408.40485428774,7.999999999999999
2027-02-09,9,2027-02-01,True,CUNDINAMARCA,11419370.15,461806.83625,201223022.54000005,130794964.65,383.5971,392535.81,69271.03,85.0,15.0,Cubierta (85.0% Contratos / 15.0% Bolsa),1385.42050875,531443.2894370246,817605.0606785968,752196.6558243091,-65408.40485428774,65408.40485428774,7.999999999999999
2027-02-09,9,2027-02-01,True,TOLIMA,9513522.99,461806.83625,201223022.54000005,130794964.65,383.5971,392535.81,69271.03,85.0,15.0,Cubierta (85.0% Contratos / 15.0% Bolsa),1385.42050875,531443.2894370246,817605.0606785968,752196.6558243091,-65408.40485428774,65408.40485428774,7.999999999999999
2027-02-10,10,2027-02-01,True,ANTIOQUIA,31420058.68,462347.93875,201458796.98000002,130948218.04,383.7932,392995.75,69352.19,85.0,15.0,Cubierta (85.0% Contratos / 15.0% Bolsa),1387.04381625,532337.9847787995,818981.5150255443,753462.9938235008,-65518.521202043514,65518.521202043514,7.9999999999999964
2027-02-10,10,2027-02-01,True,BOGOTA,44253752.96,462347.93875,201458796.98000002,130948218.04,383.7932,392995.75,69352.19,85.0,15.0,Cubierta (85.0% Contratos / 15.0% Bolsa),1387.04381625,532337.9847787995,818981.5150255443,753462.9938235008,-65518.521202043514,65518.521202043514,7.9999999999999964
2027-02-10,10,2027-02-01,True,CARIBE_MAR,36001812.36,462347.93875,201458796.98000002,130948218.04,383.7932,392995.75,69352.19,85.0,15.0,Cubierta (85.0% Contratos / 15.0% Bolsa),1387.04381625,532337.9847787995,818981.5150255443,753462.9938235008,-65518.521202043514,65518.521202043514,7.9999999999999964
2027-02-10,10,2027-02-01,True,CARIBE_SOL,28155616.42,462347.93875,201458796.98000002,130948218.04,383.7932,392995.75,69352.19,85.0,15.0,Cubierta (85.0% Contratos / 15.0% Bolsa),1387.04381625,532337.9847787995,818981.5150255443,753462.9938235008,-65518.521202043514,65518.521202043514,7.9999999999999964
2027-02-10,10,2027-02-01,True,VALLE,23019054.91,462347.93875,201458796.98000002,130948218.04,383.7932,392995.75,69352.19,85.0,15.0,Cubierta (85.0% Contratos / 15.0% Bolsa),1387.04381625,532337.9847787995,818981.5150255443,753462.9938235008,-65518.521202043514,65518.521202043514,7.9999999999999964
2027-02-10,10,2027-02-01,True,SANTANDER,17693769.82,462347.93875,201458796.98000002,130948218.04,383.7932,392995.75,69352.19,85.0,15.0,Cubierta (85.0% Contratos / 15.0% Bolsa),1387.04381625,532337.9847787995,818981.5150255443,753462.9938235008,-65518.521202043514,65518.521202043514,7.9999999999999964
2027-02-10,10,2027-02-01,True,CUNDINAMARCA,11384945.12,462347.93875,201458796.98000002,130948218.04,383.7932,392995.75,69352.19,85.0,15.0,Cubierta (85.0% Contratos / 15.0% Bolsa),1387.04381625,532337.9847787995,818981.5150255443,753462.9938235008,-65518.521202043514,65518.521202043514,7.9999999999999964
2027-02-10,10,2027-02-01,True,TOLIMA,9529786.71,462347.93875,201458796.98000002,130948218.04,383.7932,392995.75,69352.19,85.0,15.0,Cubierta (85.0% Contratos / 15.0% Bolsa),1387.04381625,532337.9847787995,818981.5150255443,753462.9938235008,-65518.521202043514,65518.521202043514,7.9999999999999964
2027-02-11,11,2027-02-01,True,ANTIOQUIA,31318986.73,460238.71125,200539743.46999997,130350833.26,384.0699,391202.9,69035.81,85.0,15.0,Cubierta (85.0% Contratos / 15.0% Bolsa),1380.71613375,530291.5074177491,815833.0883068342,750566.4412422875,-65266.647064546705,65266.647064546705,7.9999999999999964
2027-02-11,11,2027-02-01,True,BOGOTA,44467197.43,460238.71125,200539743.46999997,130350833.26,384.0699,391202.9,69035.81,85.0,15.0,Cubierta (85.0% Contratos / 15.0% Bolsa),1380.71613375,530291.5074177491,815833.0883068342,750566.4412422875,-65266.647064546705,65266.647064546705,7.9999999999999964
2027-02-11,11,2027-02-01,True,CARIBE_MAR,35425779.14,460238.71125,200539743.46999997,130350833.26,384.0699,391202.9,69035.81,85.0,15.0,Cubierta (85.0% Contratos / 15.0% Bolsa),1380.71613375,530291.5074177491,815833.0883068342,750566.4412422875,-65266.647064546705,65266.647064546705,7.9999999999999964
2027-02-11,11,2027-02-01,True,CARIBE_SOL,27981483.7,460238.71125,200539743.46999997,130350833.26,384.0699,391202.9,69035.81,85.0,15.0,Cubierta (85.0% Contratos / 15.0% Bolsa),1380.71613375,530291.5074177491,815833.0883068342,750566.4412422875,-65266.647064546705,65266.647064546705,7.9999999999999964
2027-02-11,11,2027-02-01,True,VALLE,22767554.23,460238.71125,200539743.46999997,130350833.26,384.0699,391202.9,69035.81,85.0,15.0,Cubierta (85.0% Contratos / 15.0% Bolsa),1380.71613375,530291.5074177491,815833.0883068342,750566.4412422875,-65266.647064546705,65266.647064546705,7.9999999999999964
2027-02-11,11,2027-02-01,True,SANTANDER,17656755.94,460238.71125,200539743.46999997,130350833.26,384.0699,391202.9,69035.81,85.0,15.0,Cubierta (85.0% Contratos / 15.0% Bolsa),1380.71613375,530291.5074177491,815833.0883068342,750566.4412422875,-65266.647064546705,65266.647064546705,7.9999999999999964
2027-02-11,11,2027-02-01,True,CUNDINAMARCA,11409473.45,460238.71125,200539743.46999997,130350833.26,384.0699,391202.9,69035.81,85.0,15.0,Cubierta (85.0% Contratos / 15.0% Bolsa),1380.71613375,530291.5074177491,815833.0883068342,750566.4412422875,-65266.647064546705,65266.647064546705,7.9999999999999964
2027-02-11,11,2027-02-01,True,TOLIMA,9512512.85,460238.71125,200539743.46999997,130350833.26,384.0699,391202.9,69035.81,85.0,15.0,Cubierta (85.0% Contratos / 15.0% Bolsa),1380.71613375,530291.5074177491,815833.0883068342,750566.4412422875,-65266.647064546705,65266.647064546705,7.9999999999999964
2027-02-12,12,2027-02-01,True,ANTIOQUIA,31689626.59,461802.5075,201221136.16,130793738.5,384.4246,392532.13,69270.38,85.0,15.0,Cubierta (85.0% Contratos / 15.0% Bolsa),1385.4075225000001,532584.7326740535,819361.1272159097,753812.2370386369,-65548.89017727273,65548.89017727273,7.999999999999995
2027-02-12,12,2027-02-01,True,BOGOTA,44732660.48,461802.5075,201221136.16,130793738.5,384.4246,392532.13,69270.38,85.0,15.0,Cubierta (85.0% Contratos / 15.0% Bolsa),1385.4075225000001,532584.7326740535,819361.1272159097,753812.2370386369,-65548.89017727273,65548.89017727273,7.999999999999995
2027-02-12,12,2027-02-01,True,CARIBE_MAR,35407060.43,461802.5075,201221136.16,130793738.5,384.4246,392532.13,69270.38,85.0,15.0,Cubierta (85.0% Contratos / 15.0% Bolsa),1385.4075225000001,532584.7326740535,819361.1272159097,753812.2370386369,-65548.89017727273,65548.89017727273,7.999999999999995
2027-02-12,12,2027-02-01,True,CARIBE_SOL,27979573.85,461802.5075,201221136.16,130793738.5,384.4246,392532.13,69270.38,85.0,15.0,Cubierta (85.0% Contratos / 15.0% Bolsa),1385.4075225000001,532584.7326740535,819361.1272159097,753812.2370386369,-65548.89017727273,65548.89017727273,7.999999999999995
2027-02-12,12,2027-02-01,True,VALLE,22636027.85,461802.5075,201221136.16,130793738.5,384.4246,392532.13,69270.38,85.0,15.0,Cubierta (85.0% Contratos / 15.0% Bolsa),1385.4075225000001,532584.7326740535,819361.1272159097,753812.2370386369,-65548.89017727273,65548.89017727273,7.999999999999995
2027-02-12,12,2027-02-01,True,SANTANDER,17741781.41,461802.5075,201221136.16,130793738.5,384.4246,392532.13,69270.38,85.0,15.0,Cubierta (85.0% Contratos / 15.0% Bolsa),1385.4075225000001,532584.7326740535,819361.1272159097,753812.2370386369,-65548.89017727273,65548.89017727273,7.999999999999995
2027-02-12,12,2027-02-01,True,CUNDINAMARCA,11458793.28,461802.5075,201221136.16,130793738.5,384.4246,392532.13,69270.38,85.0,15.0,Cubierta (85.0% Contratos / 15.0% Bolsa),1385.4075225000001,532584.7326740535,819361.1272159097,753812.2370386369,-65548.89017727273,65548.89017727273,7.999999999999995
2027-02-12,12,2027-02-01,True,TOLIMA,9575612.27,461802.5075,201221136.16,130793738.5,384.4246,392532.13,69270.38,85.0,15.0,Cubierta (85.0% Contratos / 15.0% Bolsa),1385.4075225000001,532584.7326740535,819361.1272159097,753812.2370386369,-65548.89017727273,65548.89017727273,7.999999999999995
2027-02-13,13,2027-02-01,True,ANTIOQUIA,26675758.88,329820.27375,170449754.07999998,110792340.15,384.8531,280347.23,49473.04,85.0,15.0,Cubierta (85.0% Contratos / 15.0% Bolsa),989.46082125,380797.06438660837,585841.6375284344,538974.3065261596,-46867.33100227476,46867.33100227476,8.000000000000002
2027-02-13,13,2027-02-01,True,BOGOTA,37559576.45,329820.27375,170449754.07999998,110792340.15,384.8531,280347.23,49473.04,85.0,15.0,Cubierta (85.0% Contratos / 15.0% Bolsa),989.46082125,380797.06438660837,585841.6375284344,538974.3065261596,-46867.33100227476,46867.33100227476,8.000000000000002
2027-02-13,13,2027-02-01,True,CARIBE_MAR,30227637.04,329820.27375,170449754.07999998,110792340.15,384.8531,280347.23,49473.04,85.0,15.0,Cubierta (85.0% Contratos / 15.0% Bolsa),989.46082125,380797.06438660837,585841.6375284344,538974.3065261596,-46867.33100227476,46867.33100227476,8.000000000000002
2027-02-13,13,2027-02-01,True,CARIBE_SOL,23954215.4,329820.27375,170449754.07999998,110792340.15,384.8531,280347.23,49473.04,85.0,15.0,Cubierta (85.0% Contratos / 15.0% Bolsa),989.46082125,380797.06438660837,585841.6375284344,538974.3065261596,-46867.33100227476,46867.33100227476,8.000000000000002
2027-02-13,13,2027-02-01,True,VALLE,19396168.67,329820.27375,170449754.07999998,110792340.15,384.8531,280347.23,49473.04,85.0,15.0,Cubierta (85.0% Contratos / 15.0% Bolsa),989.46082125,380797.06438660837,585841.6375284344,538974.3065261596,-46867.33100227476,46867.33100227476,8.000000000000002
2027-02-13,13,2027-02-01,True,SANTANDER,15058813.19,329820.27375,170449754.07999998,110792340.15,384.8531,280347.23,49473.04,85.0,15.0,Cubierta (85.0% Contratos / 15.0% Bolsa),989.46082125,380797.06438660837,585841.6375284344,538974.3065261596,-46867.33100227476,46867.33100227476,8.000000000000002
2027-02-13,13,2027-02-01,True,CUNDINAMARCA,9483066.39,329820.27375,170449754.07999998,110792340.15,384.8531,280347.23,49473.04,85.0,15.0,Cubierta (85.0% Contratos / 15.0% Bolsa),989.46082125,380797.06438660837,585841.6375284344,538974.3065261596,-46867.33100227476,46867.33100227476,8.000000000000002
2027-02-13,13,2027-02-01,True,TOLIMA,8094518.06,329820.27375,170449754.07999998,110792340.15,384.8531,280347.23,49473.04,85.0,15.0,Cubierta (85.0% Contratos / 15.0% Bolsa),989.46082125,380797.06438660837,585841.6375284344,538974.3065261596,-46867.33100227476,46867.33100227476,8.000000000000002
2027-02-14,14,2027-02-01,True,ANTIOQUIA,26809757.7,327729.06125,169369024.13000003,110089865.68,385.3496,278569.7,49159.36,85.0,15.0,Cubierta (85.0% Contratos / 15.0% Bolsa),983.1871837500001,378870.78798318905,582878.135382578,536247.8845519718,-46630.25083060621,46630.25083060621,7.999999999999995
2027-02-14,14,2027-02-01,True,BOGOTA,37005262.96,327729.06125,169369024.13000003,110089865.68,385.3496,278569.7,49159.36,85.0,15.0,Cubierta (85.0% Contratos / 15.0% Bolsa),983.1871837500001,378870.78798318905,582878.135382578,536247.8845519718,-46630.25083060621,46630.25083060621,7.999999999999995
2027-02-14,14,2027-02-01,True,CARIBE_MAR,29747687.18,327729.06125,169369024.13000003,110089865.68,385.3496,278569.7,49159.36,85.0,15.0,Cubierta (85.0% Contratos / 15.0% Bolsa),983.1871837500001,378870.78798318905,582878.135382578,536247.8845519718,-46630.25083060621,46630.25083060621,7.999999999999995
2027-02-14,14,2027-02-01,True,CARIBE_SOL,23634691.25,327729.06125,169369024.13000003,110089865.68,385.3496,278569.7,49159.36,85.0,15.0,Cubierta (85.0% Contratos / 15.0% Bolsa),983.1871837500001,378870.78798318905,582878.135382578,536247.8845519718,-46630.25083060621,46630.25083060621,7.999999999999995
2027-02-14,14,2027-02-01,True,VALLE,19528978.9,327729.06125,169369024.13000003,110089865.68,385.3496,278569.7,49159.36,85.0,15.0,Cubierta (85.0% Contratos / 15.0% Bolsa),983.1871837500001,378870.78798318905,582878.135382578,536247.8845519718,-46630.25083060621,46630.25083060621,7.999999999999995
2027-02-14,14,2027-02-01,True,SANTANDER,15082786.86,327729.06125,169369024.13000003,110089865.68,385.3496,278569.7,49159.36,85.0,15.0,Cubierta (85.0% Contratos / 15.0% Bolsa),983.1871837500001,378870.78798318905,582878.135382578,536247.8845519718,-46630.25083060621,46630.25083060621,7.999999999999995
2027-02-14,14,2027-02-01,True,CUNDINAMARCA,9480741.27,327729.06125,169369024.13000003,110089865.68,385.3496,278569.7,49159.36,85.0,15.0,Cubierta (85.0% Contratos / 15.0% Bolsa),983.1871837500001,378870.78798318905,582878.135382578,536247.8845519718,-46630.25083060621,46630.25083060621,7.999999999999995
2027-02-14,14,2027-02-01,True,TOLIMA,8079118.01,327729.06125,169369024.13000003,110089865.68,385.3496,278569.7,49159.36,85.0,15.0,Cubierta (85.0% Contratos / 15.0% Bolsa),983.1871837500001,378870.78798318905,582878.135382578,536247.8845519718,-46630.25083060621,46630.25083060621,7.999999999999995
2027-02-15,15,2027-02-01,True,ANTIOQUIA,31449818.43,461135.24125,200930388.38,130604752.45,385.9073,391964.96,69170.29,85.0,15.0,Cubierta (85.0% Contratos / 15.0% Bolsa),1383.40572375,533866.3676569085,821332.8732994547,755626.2434354983,-65706.62986395636,65706.62986395636,7.999999999999999
2027-02-15,15,2027-02-01,True,BOGOTA,44370353.57,461135.24125,200930388.38,130604752.45,385.9073,391964.96,69170.29,85.0,15.0,Cubierta (85.0% Contratos / 15.0% Bolsa),1383.40572375,533866.3676569085,821332.8732994547,755626.2434354983,-65706.62986395636,65706.62986395636,7.999999999999999
2027-02-15,15,2027-02-01,True,CARIBE_MAR,35780959.35,461135.24125,200930388.38,130604752.45,385.9073,391964.96,69170.29,85.0,15.0,Cubierta (85.0% Contratos / 15.0% Bolsa),1383.40572375,533866.3676569085,821332.8732994547,755626.2434354983,-65706.62986395636,65706.62986395636,7.999999999999999
2027-02-15,15,2027-02-01,True,CARIBE_SOL,27729022.39,461135.24125,200930388.38,130604752.45,385.9073,391964.96,69170.29,85.0,15.0,Cubierta (85.0% Contratos / 15.0% Bolsa),1383.40572375,533866.3676569085,821332.8732994547,755626.2434354983,-65706.62986395636,65706.62986395636,7.999999999999999
2027-02-15,15,2027-02-01,True,VALLE,22887392.54,461135.24125,200930388.38,130604752.45,385.9073,391964.96,69170.29,85.0,15.0,Cubierta (85.0% Contratos / 15.0% Bolsa),1383.40572375,533866.3676569085,821332.8732994547,755626.2434354983,-65706.62986395636,65706.62986395636,7.999999999999999
2027-02-15,15,2027-02-01,True,SANTANDER,17679539.68,461135.24125,200930388.38,130604752.45,385.9073,391964.96,69170.29,85.0,15.0,Cubierta (85.0% Contratos / 15.0% Bolsa),1383.40572375,533866.3676569085,821332.8732994547,755626.2434354983,-65706.62986395636,65706.62986395636,7.999999999999999
2027-02-15,15,2027-02-01,True,CUNDINAMARCA,11525092.32,461135.24125,200930388.38,130604752.45,385.9073,391964.96,69170.29,85.0,15.0,Cubierta (85.0% Contratos / 15.0% Bolsa),1383.40572375,533866.3676569085,821332.8732994547,755626.2434354983,-65706.62986395636,65706.62986395636,7.999999999999999
2027-02-15,15,2027-02-01,True,TOLIMA,9508210.1,461135.24125,200930388.38,130604752.45,385.9073,391964.96,69170.29,85.0,15.0,Cubierta (85.0% Contratos / 15.0% Bolsa),1383.40572375,533866.3676569085,821332.8732994547,755626.2434354983,-65706.62986395636,65706.62986395636,7.999999999999999
2027-02-16,16,2027-02-01,True,ANTIOQUIA,31374620.76,462271.3725,201425434.54,130926532.45,386.5177,392930.67,69340.71,85.0,15.0,Cubierta (85.0% Contratos / 15.0% Bolsa),1386.8141175,536028.2030236297,824658.773888806,758686.0719777015,-65972.7019111045,65972.7019111045,8.000000000000002
2027-02-16,16,2027-02-01,True,BOGOTA,44926768.83,462271.3725,201425434.54,130926532.45,386.5177,392930.67,69340.71,85.0,15.0,Cubierta (85.0% Contratos / 15.0% Bolsa),1386.8141175,536028.2030236297,824658.773888806,758686.0719777015,-65972.7019111045,65972.7019111045,8.000000000000002
2027-02-16,16,2027-02-01,True,CARIBE_MAR,35688530.57,462271.3725,201425434.54,130926532.45,386.5177,392930.67,69340.71,85.0,15.0,Cubierta (85.0% Contratos / 15.0% Bolsa),1386.8141175,536028.2030236297,824658.773888806,758686.0719777015,-65972.7019111045,65972.7019111045,8.000000000000002
2027-02-16,16,2027-02-01,True,CARIBE_SOL,28077207.73,462271.3725,201425434.54,130926532.45,386.5177,392930.67,69340.71,85.0,15.0,Cubierta (85.0% Contratos / 15.0% Bolsa),1386.8141175,536028.2030236297,824658.773888806,758686.0719777015,-65972.7019111045,65972.7019111045,8.000000000000002
2027-02-16,16,2027-02-01,True,VALLE,22797494.02,462271.3725,201425434.54,130926532.45,386.5177,392930.67,69340.71,85.0,15.0,Cubierta (85.0% Contratos / 15.0% Bolsa),1386.8141175,536028.2030236297,824658.773888806,758686.0719777015,-65972.7019111045,65972.7019111045,8.000000000000002
2027-02-16,16,2027-02-01,True,SANTANDER,17688026.01,462271.3725,201425434.54,130926532.45,386.5177,392930.67,69340.71,85.0,15.0,Cubierta (85.0% Contratos / 15.0% Bolsa),1386.8141175,536028.2030236297,824658.773888806,758686.0719777015,-65972.7019111045,65972.7019111045,8.000000000000002
2027-02-16,16,2027-02-01,True,CUNDINAMARCA,11397736.19,462271.3725,201425434.54,130926532.45,386.5177,392930.67,69340.71,85.0,15.0,Cubierta (85.0% Contratos / 15.0% Bolsa),1386.8141175,536028.2030236297,824658.773888806,758686.0719777015,-65972.7019111045,65972.7019111045,8.000000000000002
2027-02-16,16,2027-02-01,True,TOLIMA,9475050.43,462271.3725,201425434.54,130926532.45,386.5177,392930.67,69340.71,85.0,15.0,Cubierta (85.0% Contratos / 15.0% Bolsa),1386.8141175,536028.2030236297,824658.773888806,758686.0719777015,-65972.7019111045,65972.7019111045,8.000000000000002
2027-02-17,17,2027-02-01,True,ANTIOQUIA,31577256.51,461071.7525,200902724.39999998,130586770.86,387.1715,391910.99,69160.76,85.0,15.0,Cubierta (85.0% Contratos / 15.0% Bolsa),1383.2152575,535541.5260691612,823910.0401064018,757997.2368978896,-65912.80320851214,65912.80320851214,7.999999999999999
2027-02-17,17,2027-02-01,True,BOGOTA,44141802.41,461071.7525,200902724.39999998,130586770.86,387.1715,391910.99,69160.76,85.0,15.0,Cubierta (85.0% Contratos / 15.0% Bolsa),1383.2152575,535541.5260691612,823910.0401064018,757997.2368978896,-65912.80320851214,65912.80320851214,7.999999999999999
2027-02-17,17,2027-02-01,True,CARIBE_MAR,35397345.21,461071.7525,200902724.39999998,130586770.86,387.1715,391910.99,69160.76,85.0,15.0,Cubierta (85.0% Contratos / 15.0% Bolsa),1383.2152575,535541.5260691612,823910.0401064018,757997.2368978896,-65912.80320851214,65912.80320851214,7.999999999999999
2027-02-17,17,2027-02-01,True,CARIBE_SOL,28088960.31,461071.7525,200902724.39999998,130586770.86,387.1715,391910.99,69160.76,85.0,15.0,Cubierta (85.0% Contratos / 15.0% Bolsa),1383.2152575,535541.5260691612,823910.0401064018,757997.2368978896,-65912.80320851214,65912.80320851214,7.999999999999999
2027-02-17,17,2027-02-01,True,VALLE,22741508.13,461071.7525,200902724.39999998,130586770.86,387.1715,391910.99,69160.76,85.0,15.0,Cubierta (85.0% Contratos / 15.0% Bolsa),1383.2152575,535541.5260691612,823910.0401064018,757997.2368978896,-65912.80320851214,65912.80320851214,7.999999999999999
2027-02-17,17,2027-02-01,True,SANTANDER,17998545.94,461071.7525,200902724.39999998,130586770.86,387.1715,391910.99,69160.76,85.0,15.0,Cubierta (85.0% Contratos / 15.0% Bolsa),1383.2152575,535541.5260691612,823910.0401064018,757997.2368978896,-65912.80320851214,65912.80320851214,7.999999999999999
2027-02-17,17,2027-02-01,True,CUNDINAMARCA,11419901.2,461071.7525,200902724.39999998,130586770.86,387.1715,391910.99,69160.76,85.0,15.0,Cubierta (85.0% Contratos / 15.0% Bolsa),1383.2152575,535541.5260691612,823910.0401064018,757997.2368978896,-65912.80320851214,65912.80320851214,7.999999999999999
2027-02-17,17,2027-02-01,True,TOLIMA,9537404.69,461071.7525,200902724.39999998,130586770.86,387.1715,391910.99,69160.76,85.0,15.0,Cubierta (85.0% Contratos / 15.0% Bolsa),1383.2152575,535541.5260691612,823910.0401064018,757997.2368978896,-65912.80320851214,65912.80320851214,7.999999999999999
2027-02-18,18,2027-02-01,True,ANTIOQUIA,31359861.82,461411.98375,201050973.04999998,130683132.48,387.8584,392200.19,69211.8,85.0,15.0,Cubierta (85.0% Contratos / 15.0% Bolsa),1384.23595125,536887.541274303,825980.832745498,759902.3661258583,-66078.46661963977,66078.46661963977,7.999999999999992
2027-02-18,18,2027-02-01,True,BOGOTA,44886996.54,461411.98375,201050973.04999998,130683132.48,387.8584,392200.19,69211.8,85.0,15.0,Cubierta (85.0% Contratos / 15.0% Bolsa),1384.23595125,536887.541274303,825980.832745498,759902.3661258583,-66078.46661963977,66078.46661963977,7.999999999999992
2027-02-18,18,2027-02-01,True,CARIBE_MAR,35109488.47,461411.98375,201050973.04999998,130683132.48,387.8584,392200.19,69211.8,85.0,15.0,Cubierta (85.0% Contratos / 15.0% Bolsa),1384.23595125,536887.541274303,825980.832745498,759902.3661258583,-66078.46661963977,66078.46661963977,7.999999999999992
2027-02-18,18,2027-02-01,True,CARIBE_SOL,28125415.49,461411.98375,201050973.04999998,130683132.48,387.8584,392200.19,69211.8,85.0,15.0,Cubierta (85.0% Contratos / 15.0% Bolsa),1384.23595125,536887.541274303,825980.832745498,759902.3661258583,-66078.46661963977,66078.46661963977,7.999999999999992
2027-02-18,18,2027-02-01,True,VALLE,22942283.34,461411.98375,201050973.04999998,130683132.48,387.8584,392200.19,69211.8,85.0,15.0,Cubierta (85.0% Contratos / 15.0% Bolsa),1384.23595125,536887.541274303,825980.832745498,759902.3661258583,-66078.46661963977,66078.46661963977,7.999999999999992
2027-02-18,18,2027-02-01,True,SANTANDER,17756626.31,461411.98375,201050973.04999998,130683132.48,387.8584,392200.19,69211.8,85.0,15.0,Cubierta (85.0% Contratos / 15.0% Bolsa),1384.23595125,536887.541274303,825980.832745498,759902.3661258583,-66078.46661963977,66078.46661963977,7.999999999999992
2027-02-18,18,2027-02-01,True,CUNDINAMARCA,11446519.35,461411.98375,201050973.04999998,130683132.48,387.8584,392200.19,69211.8,85.0,15.0,Cubierta (85.0% Contratos / 15.0% Bolsa),1384.23595125,536887.541274303,825980.832745498,759902.3661258583,-66078.46661963977,66078.46661963977,7.999999999999992
2027-02-18,18,2027-02-01,True,TOLIMA,9423781.73,461411.98375,201050973.04999998,130683132.48,387.8584,392200.19,69211.8,85.0,15.0,Cubierta (85.0% Contratos / 15.0% Bolsa),1384.23595125,536887.541274303,825980.832745498,759902.3661258583,-66078.46661963977,66078.46661963977,7.999999999999992
2027-02-19,19,2027-02-01,True,ANTIOQUIA,31423053.7,462509.83,201529337.88,130994069.62,388.5675,393133.36,69376.47,85.0,15.0,Cubierta (85.0% Contratos / 15.0% Bolsa),1387.5294900000001,539148.8651055751,829459.7924827796,763103.0090841573,-66356.7833986223,66356.7833986223,7.999999999999992
2027-02-19,19,2027-02-01,True,BOGOTA,44721343.87,462509.83,201529337.88,130994069.62,388.5675,393133.36,69376.47,85.0,15.0,Cubierta (85.0% Contratos / 15.0% Bolsa),1387.5294900000001,539148.8651055751,829459.7924827796,763103.0090841573,-66356.7833986223,66356.7833986223,7.999999999999992
2027-02-19,19,2027-02-01,True,CARIBE_MAR,35396495.02,462509.83,201529337.88,130994069.62,388.5675,393133.36,69376.47,85.0,15.0,Cubierta (85.0% Contratos / 15.0% Bolsa),1387.5294900000001,539148.8651055751,829459.7924827796,763103.0090841573,-66356.7833986223,66356.7833986223,7.999999999999992
2027-02-19,19,2027-02-01,True,CARIBE_SOL,28203025.7,462509.83,201529337.88,130994069.62,388.5675,393133.36,69376.47,85.0,15.0,Cubierta (85.0% Contratos / 15.0% Bolsa),1387.5294900000001,539148.8651055751,829459.7924827796,763103.0090841573,-66356.7833986223,66356.7833986223,7.999999999999992
2027-02-19,19,2027-02-01,True,VALLE,22778383.61,462509.83,201529337.88,130994069.62,388.5675,393133.36,69376.47,85.0,15.0,Cubierta (85.0% Contratos / 15.0% Bolsa),1387.5294900000001,539148.8651055751,829459.7924827796,763103.0090841573,-66356.7833986223,66356.7833986223,7.999999999999992
2027-02-19,19,2027-02-01,True,SANTANDER,17877041.93,462509.83,201529337.88,130994069.62,388.5675,393133.36,69376.47,85.0,15.0,Cubierta (85.0% Contratos / 15.0% Bolsa),1387.5294900000001,539148.8651055751,829459.7924827796,763103.0090841573,-66356.7833986223,66356.7833986223,7.999999999999992
2027-02-19,19,2027-02-01,True,CUNDINAMARCA,11489035.96,462509.83,201529337.88,130994069.62,388.5675,393133.36,69376.47,85.0,15.0,Cubierta (85.0% Contratos / 15.0% Bolsa),1387.5294900000001,539148.8651055751,829459.7924827796,763103.0090841573,-66356.7833986223,66356.7833986223,7.999999999999992
2027-02-19,19,2027-02-01,True,TOLIMA,9640958.09,462509.83,201529337.88,130994069.62,388.5675,393133.36,69376.47,85.0,15.0,Cubierta (85.0% Contratos / 15.0% Bolsa),1387.5294900000001,539148.8651055751,829459.7924827796,763103.0090841573,-66356.7833986223,66356.7833986223,7.999999999999992
2027-02-20,20,2027-02-01,True,ANTIOQUIA,26911168.36,329596.5025,170334110.13,110717171.58,389.2874,280157.03,49439.48,85.0,15.0,Cubierta (85.0% Contratos / 15.0% Bolsa),988.7895075,384923.2965219555,592189.6869809236,544814.5120224498,-47375.17495847389,47375.17495847389,7.999999999999999
2027-02-20,20,2027-02-01,True,BOGOTA,37529933.16,329596.5025,170334110.13,110717171.58,389.2874,280157.03,49439.48,85.0,15.0,Cubierta (85.0% Contratos / 15.0% Bolsa),988.7895075,384923.2965219555,592189.6869809236,544814.5120224498,-47375.17495847389,47375.17495847389,7.999999999999999
2027-02-20,20,2027-02-01,True,CARIBE_MAR,30077158.91,329596.5025,170334110.13,110717171.58,389.2874,280157.03,49439.48,85.0,15.0,Cubierta (85.0% Contratos / 15.0% Bolsa),988.7895075,384923.2965219555,592189.6869809236,544814.5120224498,-47375.17495847389,47375.17495847389,7.999999999999999
2027-02-20,20,2027-02-01,True,CARIBE_SOL,23648637.94,329596.5025,170334110.13,110717171.58,389.2874,280157.03,49439.48,85.0,15.0,Cubierta (85.0% Contratos / 15.0% Bolsa),988.7895075,384923.2965219555,592189.6869809236,544814.5120224498,-47375.17495847389,47375.17495847389,7.999999999999999
2027-02-20,20,2027-02-01,True,VALLE,19561708.64,329596.5025,170334110.13,110717171.58,389.2874,280157.03,49439.48,85.0,15.0,Cubierta (85.0% Contratos / 15.0% Bolsa),988.7895075,384923.2965219555,592189.6869809236,544814.5120224498,-47375.17495847389,47375.17495847389,7.999999999999999
2027-02-20,20,2027-02-01,True,SANTANDER,14968544.38,329596.5025,170334110.13,110717171.58,389.2874,280157.03,49439.48,85.0,15.0,Cubierta (85.0% Contratos / 15.0% Bolsa),988.7895075,384923.2965219555,592189.6869809236,544814.5120224498,-47375.17495847389,47375.17495847389,7.999999999999999
2027-02-20,20,2027-02-01,True,CUNDINAMARCA,9607022.34,329596.5025,170334110.13,110717171.58,389.2874,280157.03,49439.48,85.0,15.0,Cubierta (85.0% Contratos / 15.0% Bolsa),988.7895075,384923.2965219555,592189.6869809236,544814.5120224498,-47375.17495847389,47375.17495847389,7.999999999999999
2027-02-20,20,2027-02-01,True,TOLIMA,8029936.4,329596.5025,170334110.13,110717171.58,389.2874,280157.03,49439.48,85.0,15.0,Cubierta (85.0% Contratos / 15.0% Bolsa),988.7895075,384923.2965219555,592189.6869809236,544814.5120224498,-47375.17495847389,47375.17495847389,7.999999999999999
2027-02-21,21,2027-02-01,True,ANTIOQUIA,26862222.12,330064.13875,170575782.34,110874258.52,390.0064,280554.52,49509.62,85.0,15.0,Cubierta (85.0% Contratos / 15.0% Bolsa),990.19241625,386181.37956896395,594125.1993422261,546595.183394848,-47530.015947378124,47530.015947378124,8.000000000000005
2027-02-21,21,2027-02-01,True,BOGOTA,38165035.36,330064.13875,170575782.34,110874258.52,390.0064,280554.52,49509.62,85.0,15.0,Cubierta (85.0% Contratos / 15.0% Bolsa),990.19241625,386181.37956896395,594125.1993422261,546595.183394848,-47530.015947378124,47530.015947378124,8.000000000000005
2027-02-21,21,2027-02-01,True,CARIBE_MAR,30013788.6,330064.13875,170575782.34,110874258.52,390.0064,280554.52,49509.62,85.0,15.0,Cubierta (85.0% Contratos / 15.0% Bolsa),990.19241625,386181.37956896395,594125.1993422261,546595.183394848,-47530.015947378124,47530.015947378124,8.000000000000005
2027-02-21,21,2027-02-01,True,CARIBE_SOL,23679917.18,330064.13875,170575782.34,110874258.52,390.0064,280554.52,49509.62,85.0,15.0,Cubierta (85.0% Contratos / 15.0% Bolsa),990.19241625,386181.37956896395,594125.1993422261,546595.183394848,-47530.015947378124,47530.015947378124,8.000000000000005
2027-02-21,21,2027-02-01,True,VALLE,19173163.21,330064.13875,170575782.34,110874258.52,390.0064,280554.52,49509.62,85.0,15.0,Cubierta (85.0% Contratos / 15.0% Bolsa),990.19241625,386181.37956896395,594125.1993422261,546595.183394848,-47530.015947378124,47530.015947378124,8.000000000000005
2027-02-21,21,2027-02-01,True,SANTANDER,14896428.72,330064.13875,170575782.34,110874258.52,390.0064,280554.52,49509.62,85.0,15.0,Cubierta (85.0% Contratos / 15.0% Bolsa),990.19241625,386181.37956896395,594125.1993422261,546595.183394848,-47530.015947378124,47530.015947378124,8.000000000000005
2027-02-21,21,2027-02-01,True,CUNDINAMARCA,9660719.26,330064.13875,170575782.34,110874258.52,390.0064,280554.52,49509.62,85.0,15.0,Cubierta (85.0% Contratos / 15.0% Bolsa),990.19241625,386181.37956896395,594125.1993422261,546595.183394848,-47530.015947378124,47530.015947378124,8.000000000000005
2027-02-21,21,2027-02-01,True,TOLIMA,8124507.89,330064.13875,170575782.34,110874258.52,390.0064,280554.52,49509.62,85.0,15.0,Cubierta (85.0% Contratos / 15.0% Bolsa),990.19241625,386181.37956896395,594125.1993422261,546595.183394848,-47530.015947378124,47530.015947378124,8.000000000000005
2027-02-22,22,2027-02-01,True,ANTIOQUIA,31935769.25,461262.32625,200985763.32999998,130640746.16,390.713,392072.98,69189.35,85.0,15.0,Cubierta (85.0% Contratos / 15.0% Bolsa),1383.78697875,540663.5618283488,831790.0951491881,765246.8875372531,-66543.20761193498,66543.20761193498,7.999999999999992
2027-02-22,22,2027-02-01,True,BOGOTA,44577518.98,461262.32625,200985763.32999998,130640746.16,390.713,392072.98,69189.35,85.0,15.0,Cubierta (85.0% Contratos / 15.0% Bolsa),1383.78697875,540663.5618283488,831790.0951491881,765246.8875372531,-66543.20761193498,66543.20761193498,7.999999999999992
2027-02-22,22,2027-02-01,True,CARIBE_MAR,35293872.91,461262.32625,200985763.32999998,130640746.16,390.713,392072.98,69189.35,85.0,15.0,Cubierta (85.0% Contratos / 15.0% Bolsa),1383.78697875,540663.5618283488,831790.0951491881,765246.8875372531,-66543.20761193498,66543.20761193498,7.999999999999992
2027-02-22,22,2027-02-01,True,CARIBE_SOL,27676639.2,461262.32625,200985763.32999998,130640746.16,390.713,392072.98,69189.35,85.0,15.0,Cubierta (85.0% Contratos / 15.0% Bolsa),1383.78697875,540663.5618283488,831790.0951491881,765246.8875372531,-66543.20761193498,66543.20761193498,7.999999999999992
2027-02-22,22,2027-02-01,True,VALLE,22860388.71,461262.32625,200985763.32999998,130640746.16,390.713,392072.98,69189.35,85.0,15.0,Cubierta (85.0% Contratos / 15.0% Bolsa),1383.78697875,540663.5618283488,831790.0951491881,765246.8875372531,-66543.20761193498,66543.20761193498,7.999999999999992
2027-02-22,22,2027-02-01,True,SANTANDER,17705354.12,461262.32625,200985763.32999998,130640746.16,390.713,392072.98,69189.35,85.0,15.0,Cubierta (85.0% Contratos / 15.0% Bolsa),1383.78697875,540663.5618283488,831790.0951491881,765246.8875372531,-66543.20761193498,66543.20761193498,7.999999999999992
2027-02-22,22,2027-02-01,True,CUNDINAMARCA,11392560.06,461262.32625,200985763.32999998,130640746.16,390.713,392072.98,69189.35,85.0,15.0,Cubierta (85.0% Contratos / 15.0% Bolsa),1383.78697875,540663.5618283488,831790.0951491881,765246.8875372531,-66543.20761193498,66543.20761193498,7.999999999999992
2027-02-22,22,2027-02-01,True,TOLIMA,9543660.1,461262.32625,200985763.32999998,130640746.16,390.713,392072.98,69189.35,85.0,15.0,Cubierta (85.0% Contratos / 15.0% Bolsa),1383.78697875,540663.5618283488,831790.0951491881,765246.8875372531,-66543.20761193498,66543.20761193498,7.999999999999992
2027-02-23,23,2027-02-01,True,ANTIOQUIA,32062797.72,463447.885,201938076.29,131259749.59,391.3959,393930.7,69517.18,85.0,15.0,Cubierta (85.0% Contratos / 15.0% Bolsa),1390.3436550000001,544174.8061580146,837192.0094643012,770216.6487071571,-66975.36075714405,66975.36075714405,7.999999999999995
2027-02-23,23,2027-02-01,True,BOGOTA,44715009.2,463447.885,201938076.29,131259749.59,391.3959,393930.7,69517.18,85.0,15.0,Cubierta (85.0% Contratos / 15.0% Bolsa),1390.3436550000001,544174.8061580146,837192.0094643012,770216.6487071571,-66975.36075714405,66975.36075714405,7.999999999999995
2027-02-23,23,2027-02-01,True,CARIBE_MAR,35159857.9,463447.885,201938076.29,131259749.59,391.3959,393930.7,69517.18,85.0,15.0,Cubierta (85.0% Contratos / 15.0% Bolsa),1390.3436550000001,544174.8061580146,837192.0094643012,770216.6487071571,-66975.36075714405,66975.36075714405,7.999999999999995
2027-02-23,23,2027-02-01,True,CARIBE_SOL,27949287.47,463447.885,201938076.29,131259749.59,391.3959,393930.7,69517.18,85.0,15.0,Cubierta (85.0% Contratos / 15.0% Bolsa),1390.3436550000001,544174.8061580146,837192.0094643012,770216.6487071571,-66975.36075714405,66975.36075714405,7.999999999999995
2027-02-23,23,2027-02-01,True,VALLE,22922080.68,463447.885,201938076.29,131259749.59,391.3959,393930.7,69517.18,85.0,15.0,Cubierta (85.0% Contratos / 15.0% Bolsa),1390.3436550000001,544174.8061580146,837192.0094643012,770216.6487071571,-66975.36075714405,66975.36075714405,7.999999999999995
2027-02-23,23,2027-02-01,True,SANTANDER,17872782.52,463447.885,201938076.29,131259749.59,391.3959,393930.7,69517.18,85.0,15.0,Cubierta (85.0% Contratos / 15.0% Bolsa),1390.3436550000001,544174.8061580146,837192.0094643012,770216.6487071571,-66975.36075714405,66975.36075714405,7.999999999999995
2027-02-23,23,2027-02-01,True,CUNDINAMARCA,11629125.98,463447.885,201938076.29,131259749.59,391.3959,393930.7,69517.18,85.0,15.0,Cubierta (85.0% Contratos / 15.0% Bolsa),1390.3436550000001,544174.8061580146,837192.0094643012,770216.6487071571,-66975.36075714405,66975.36075714405,7.999999999999995
2027-02-23,23,2027-02-01,True,TOLIMA,9627134.82,463447.885,201938076.29,131259749.59,391.3959,393930.7,69517.18,85.0,15.0,Cubierta (85.0% Contratos / 15.0% Bolsa),1390.3436550000001,544174.8061580146,837192.0094643012,770216.6487071571,-66975.36075714405,66975.36075714405,7.999999999999995
2027-02-24,24,2027-02-01,True,ANTIOQUIA,31768404.68,463419.33125,201925634.45,131251662.39,392.0442,393906.43,69512.9,85.0,15.0,Cubierta (85.0% Contratos / 15.0% Bolsa),1390.25799375,545042.5829533237,838527.0507133927,771444.8866563212,-67082.16405707144,67082.16405707144,8.000000000000004
2027-02-24,24,2027-02-01,True,BOGOTA,44666362.54,463419.33125,201925634.45,131251662.39,392.0442,393906.43,69512.9,85.0,15.0,Cubierta (85.0% Contratos / 15.0% Bolsa),1390.25799375,545042.5829533237,838527.0507133927,771444.8866563212,-67082.16405707144,67082.16405707144,8.000000000000004
2027-02-24,24,2027-02-01,True,CARIBE_MAR,35521366.49,463419.33125,201925634.45,131251662.39,392.0442,393906.43,69512.9,85.0,15.0,Cubierta (85.0% Contratos / 15.0% Bolsa),1390.25799375,545042.5829533237,838527.0507133927,771444.8866563212,-67082.16405707144,67082.16405707144,8.000000000000004
2027-02-24,24,2027-02-01,True,CARIBE_SOL,28642997.03,463419.33125,201925634.45,131251662.39,392.0442,393906.43,69512.9,85.0,15.0,Cubierta (85.0% Contratos / 15.0% Bolsa),1390.25799375,545042.5829533237,838527.0507133927,771444.8866563212,-67082.16405707144,67082.16405707144,8.000000000000004
2027-02-24,24,2027-02-01,True,VALLE,22709186.98,463419.33125,201925634.45,131251662.39,392.0442,393906.43,69512.9,85.0,15.0,Cubierta (85.0% Contratos / 15.0% Bolsa),1390.25799375,545042.5829533237,838527.0507133927,771444.8866563212,-67082.16405707144,67082.16405707144,8.000000000000004
2027-02-24,24,2027-02-01,True,SANTANDER,17854245.07,463419.33125,201925634.45,131251662.39,392.0442,393906.43,69512.9,85.0,15.0,Cubierta (85.0% Contratos / 15.0% Bolsa),1390.25799375,545042.5829533237,838527.0507133927,771444.8866563212,-67082.16405707144,67082.16405707144,8.000000000000004
2027-02-24,24,2027-02-01,True,CUNDINAMARCA,11343960.13,463419.33125,201925634.45,131251662.39,392.0442,393906.43,69512.9,85.0,15.0,Cubierta (85.0% Contratos / 15.0% Bolsa),1390.25799375,545042.5829533237,838527.0507133927,771444.8866563212,-67082.16405707144,67082.16405707144,8.000000000000004
2027-02-24,24,2027-02-01,True,TOLIMA,9419111.53,463419.33125,201925634.45,131251662.39,392.0442,393906.43,69512.9,85.0,15.0,Cubierta (85.0% Contratos / 15.0% Bolsa),1390.25799375,545042.5829533237,838527.0507133927,771444.8866563212,-67082.16405707144,67082.16405707144,8.000000000000004
2027-02-25,25,2027-02-01,True,ANTIOQUIA,32038625.69,464125.57625,202233366.79999998,131451688.42,392.6476,394506.74,69618.84,85.0,15.0,Cubierta (85.0% Contratos / 15.0% Bolsa),1392.37672875,546713.3808395385,841097.5089839053,773809.7082651929,-67287.80071871239,67287.80071871239,7.9999999999999964
2027-02-25,25,2027-02-01,True,BOGOTA,44306168.68,464125.57625,202233366.79999998,131451688.42,392.6476,394506.74,69618.84,85.0,15.0,Cubierta (85.0% Contratos / 15.0% Bolsa),1392.37672875,546713.3808395385,841097.5089839053,773809.7082651929,-67287.80071871239,67287.80071871239,7.9999999999999964
2027-02-25,25,2027-02-01,True,CARIBE_MAR,36225502.57,464125.57625,202233366.79999998,131451688.42,392.6476,394506.74,69618.84,85.0,15.0,Cubierta (85.0% Contratos / 15.0% Bolsa),1392.37672875,546713.3808395385,841097.5089839053,773809.7082651929,-67287.80071871239,67287.80071871239,7.9999999999999964
2027-02-25,25,2027-02-01,True,CARIBE_SOL,28103670.04,464125.57625,202233366.79999998,131451688.42,392.6476,394506.74,69618.84,85.0,15.0,Cubierta (85.0% Contratos / 15.0% Bolsa),1392.37672875,546713.3808395385,841097.5089839053,773809.7082651929,-67287.80071871239,67287.80071871239,7.9999999999999964
2027-02-25,25,2027-02-01,True,VALLE,22801958.81,464125.57625,202233366.79999998,131451688.42,392.6476,394506.74,69618.84,85.0,15.0,Cubierta (85.0% Contratos / 15.0% Bolsa),1392.37672875,546713.3808395385,841097.5089839053,773809.7082651929,-67287.80071871239,67287.80071871239,7.9999999999999964
2027-02-25,25,2027-02-01,True,SANTANDER,17855236.89,464125.57625,202233366.79999998,131451688.42,392.6476,394506.74,69618.84,85.0,15.0,Cubierta (85.0% Contratos / 15.0% Bolsa),1392.37672875,546713.3808395385,841097.5089839053,773809.7082651929,-67287.80071871239,67287.80071871239,7.9999999999999964
2027-02-25,25,2027-02-01,True,CUNDINAMARCA,11451171.14,464125.57625,202233366.79999998,131451688.42,392.6476,394506.74,69618.84,85.0,15.0,Cubierta (85.0% Contratos / 15.0% Bolsa),1392.37672875,546713.3808395385,841097.5089839053,773809.7082651929,-67287.80071871239,67287.80071871239,7.9999999999999964
2027-02-25,25,2027-02-01,True,TOLIMA,9451032.98,464125.57625,202233366.79999998,131451688.42,392.6476,394506.74,69618.84,85.0,15.0,Cubierta (85.0% Contratos / 15.0% Bolsa),1392.37672875,546713.3808395385,841097.5089839053,773809.7082651929,-67287.80071871239,67287.80071871239,7.9999999999999964
2027-02-26,26,2027-02-01,True,ANTIOQUIA,32293616.36,462972.23625,201730821.82,131125034.18,393.1971,393526.4,69445.84,85.0,15.0,Cubierta (85.0% Contratos / 15.0% Bolsa),1388.91670875,546118.0220220446,840181.5723608296,772967.0465719632,-67214.52578886633,67214.52578886633,7.9999999999999964
2027-02-26,26,2027-02-01,True,BOGOTA,44274093.9,462972.23625,201730821.82,131125034.18,393.1971,393526.4,69445.84,85.0,15.0,Cubierta (85.0% Contratos / 15.0% Bolsa),1388.91670875,546118.0220220446,840181.5723608296,772967.0465719632,-67214.52578886633,67214.52578886633,7.9999999999999964
2027-02-26,26,2027-02-01,True,CARIBE_MAR,35508509.78,462972.23625,201730821.82,131125034.18,393.1971,393526.4,69445.84,85.0,15.0,Cubierta (85.0% Contratos / 15.0% Bolsa),1388.91670875,546118.0220220446,840181.5723608296,772967.0465719632,-67214.52578886633,67214.52578886633,7.9999999999999964
2027-02-26,26,2027-02-01,True,CARIBE_SOL,28176724.88,462972.23625,201730821.82,131125034.18,393.1971,393526.4,69445.84,85.0,15.0,Cubierta (85.0% Contratos / 15.0% Bolsa),1388.91670875,546118.0220220446,840181.5723608296,772967.0465719632,-67214.52578886633,67214.52578886633,7.9999999999999964
2027-02-26,26,2027-02-01,True,VALLE,22909481.09,462972.23625,201730821.82,131125034.18,393.1971,393526.4,69445.84,85.0,15.0,Cubierta (85.0% Contratos / 15.0% Bolsa),1388.91670875,546118.0220220446,840181.5723608296,772967.0465719632,-67214.52578886633,67214.52578886633,7.9999999999999964
2027-02-26,26,2027-02-01,True,SANTANDER,17589017.27,462972.23625,201730821.82,131125034.18,393.1971,393526.4,69445.84,85.0,15.0,Cubierta (85.0% Contratos / 15.0% Bolsa),1388.91670875,546118.0220220446,840181.5723608296,772967.0465719632,-67214.52578886633,67214.52578886633,7.9999999999999964
2027-02-26,26,2027-02-01,True,CUNDINAMARCA,11427531.06,462972.23625,201730821.82,131125034.18,393.1971,393526.4,69445.84,85.0,15.0,Cubierta (85.0% Contratos / 15.0% Bolsa),1388.91670875,546118.0220220446,840181.5723608296,772967.0465719632,-67214.52578886633,67214.52578886633,7.9999999999999964
2027-02-26,26,2027-02-01,True,TOLIMA,9551847.48,462972.23625,201730821.82,131125034.18,393.1971,393526.4,69445.84,85.0,15.0,Cubierta (85.0% Contratos / 15.0% Bolsa),1388.91670875,546118.0220220446,840181.5723608296,772967.0465719632,-67214.52578886633,67214.52578886633,7.9999999999999964
2027-02-27,27,2027-02-01,True,ANTIOQUIA,26521518.85,331589.0975,171363874.67999998,111386518.54,393.6845,281850.73,49738.36,85.0,15.0,Cubierta (85.0% Contratos / 15.0% Bolsa),994.7672924999999,391624.46416421625,602499.1756480738,554299.2415962279,-48199.93405184592,48199.93405184592,8.000000000000004
2027-02-27,27,2027-02-01,True,BOGOTA,38039946.09,331589.0975,171363874.67999998,111386518.54,393.6845,281850.73,49738.36,85.0,15.0,Cubierta (85.0% Contratos / 15.0% Bolsa),994.7672924999999,391624.46416421625,602499.1756480738,554299.2415962279,-48199.93405184592,48199.93405184592,8.000000000000004
2027-02-27,27,2027-02-01,True,CARIBE_MAR,30244866.73,331589.0975,171363874.67999998,111386518.54,393.6845,281850.73,49738.36,85.0,15.0,Cubierta (85.0% Contratos / 15.0% Bolsa),994.7672924999999,391624.46416421625,602499.1756480738,554299.2415962279,-48199.93405184592,48199.93405184592,8.000000000000004
2027-02-27,27,2027-02-01,True,CARIBE_SOL,24063895.84,331589.0975,171363874.67999998,111386518.54,393.6845,281850.73,49738.36,85.0,15.0,Cubierta (85.0% Contratos / 15.0% Bolsa),994.7672924999999,391624.46416421625,602499.1756480738,554299.2415962279,-48199.93405184592,48199.93405184592,8.000000000000004
2027-02-27,27,2027-02-01,True,VALLE,19357868.56,331589.0975,171363874.67999998,111386518.54,393.6845,281850.73,49738.36,85.0,15.0,Cubierta (85.0% Contratos / 15.0% Bolsa),994.7672924999999,391624.46416421625,602499.1756480738,554299.2415962279,-48199.93405184592,48199.93405184592,8.000000000000004
2027-02-27,27,2027-02-01,True,SANTANDER,15369713.16,331589.0975,171363874.67999998,111386518.54,393.6845,281850.73,49738.36,85.0,15.0,Cubierta (85.0% Contratos / 15.0% Bolsa),994.7672924999999,391624.46416421625,602499.1756480738,554299.2415962279,-48199.93405184592,48199.93405184592,8.000000000000004
2027-02-27,27,2027-02-01,True,CUNDINAMARCA,9759152.01,331589.0975,171363874.67999998,111386518.54,393.6845,281850.73,49738.36,85.0,15.0,Cubierta (85.0% Contratos / 15.0% Bolsa),994.7672924999999,391624.46416421625,602499.1756480738,554299.2415962279,-48199.93405184592,48199.93405184592,8.000000000000004
2027-02-27,27,2027-02-01,True,TOLIMA,8006913.44,331589.0975,171363874.67999998,111386518.54,393.6845,281850.73,49738.36,85.0,15.0,Cubierta (85.0% Contratos / 15.0% Bolsa),994.7672924999999,391624.46416421625,602499.1756480738,554299.2415962279,-48199.93405184592,48199.93405184592,8.000000000000004
2027-02-28,28,2027-02-01,True,ANTIOQUIA,27178624.08,329848.53125,170464357.40999997,110801832.32,394.1028,280371.25,49477.28,85.0,15.0,Cubierta (85.0% Contratos / 15.0% Bolsa),989.54559375,389982.68922453746,599973.3680187981,551975.4985772943,-47997.869441503775,47997.869441503775,7.999999999999988
2027-02-28,28,2027-02-01,True,BOGOTA,37543691.83,329848.53125,170464357.40999997,110801832.32,394.1028,280371.25,49477.28,85.0,15.0,Cubierta (85.0% Contratos / 15.0% Bolsa),989.54559375,389982.68922453746,599973.3680187981,551975.4985772943,-47997.869441503775,47997.869441503775,7.999999999999988
2027-02-28,28,2027-02-01,True,CARIBE_MAR,29999658.3,329848.53125,170464357.40999997,110801832.32,394.1028,280371.25,49477.28,85.0,15.0,Cubierta (85.0% Contratos / 15.0% Bolsa),989.54559375,389982.68922453746,599973.3680187981,551975.4985772943,-47997.869441503775,47997.869441503775,7.999999999999988
2027-02-28,28,2027-02-01,True,CARIBE_SOL,23733802.27,329848.53125,170464357.40999997,110801832.32,394.1028,280371.25,49477.28,85.0,15.0,Cubierta (85.0% Contratos / 15.0% Bolsa),989.54559375,389982.68922453746,599973.3680187981,551975.4985772943,-47997.869441503775,47997.869441503775,7.999999999999988
2027-02-28,28,2027-02-01,True,VALLE,19233373.8,329848.53125,170464357.40999997,110801832.32,394.1028,280371.25,49477.28,85.0,15.0,Cubierta (85.0% Contratos / 15.0% Bolsa),989.54559375,389982.68922453746,599973.3680187981,551975.4985772943,-47997.869441503775,47997.869441503775,7.999999999999988
2027-02-28,28,2027-02-01,True,SANTANDER,15085821.17,329848.53125,170464357.40999997,110801832.32,394.1028,280371.25,49477.28,85.0,15.0,Cubierta (85.0% Contratos / 15.0% Bolsa),989.54559375,389982.68922453746,599973.3680187981,551975.4985772943,-47997.869441503775,47997.869441503775,7.999999999999988
2027-02-28,28,2027-02-01,True,CUNDINAMARCA,9682409.07,329848.53125,170464357.40999997,110801832.32,394.1028,280371.25,49477.28,85.0,15.0,Cubierta (85.0% Contratos / 15.0% Bolsa),989.54559375,389982.68922453746,599973.3680187981,551975.4985772943,-47997.869441503775,47997.869441503775,7.999999999999988
2027-02-28,28,2027-02-01,True,TOLIMA,8006976.89,329848.53125,170464357.40999997,110801832.32,394.1028,280371.25,49477.28,85.0,15.0,Cubierta (85.0% Contratos / 15.0% Bolsa),989.54559375,389982.68922453746,599973.3680187981,551975.4985772943,-47997.869441503775,47997.869441503775,7.999999999999988
