Código Agente,Nombre Comercializador,Rol Regulado PUI (CIOR/CNIOR),Código Mercado Comercialización,Mercado Comercialización,Período (Mes),Tipo de Registro,Es Pronóstico (Sí/No),Demanda Comercial Agente (VR - DemaComeReg) [kWh],Cobertura Energía en Contratos (Compras Contrato) [kWh],Exposición Energía en Bolsa Spot (Compras Bolsa) [kWh],Porcentaje Cobertura por Contratos [%],Porcentaje Exposición en Bolsa Spot [%],Estado Cobertura de Demanda Agente,Días Activos Mes,Promedio Diario Agente [kWh/día],Costo Unitario Prestación (CU - PrecPromCont) [COP/kWh],Demanda Comercial Mercado Total (VR - DemaCome) [kWh],Demanda Total Sistema (Todos Agentes) [kWh],Demanda Total Sistema (CNIORs) [kWh],Participación Agente en Total Sistema [%],Participación Agente entre CNIORs [%],Ranking Demanda Agente en el Mes,Demanda Mercado Rezago m-1 (VR m-1) [kWh],Volumen Áreas Especiales Rezago m-1 (VPUI m-1) [kWh],Costo Unitario Rezago m-1 (CU m-1) [COP/kWh],Demanda Mercado Rezago m-2 (VR m-2) [kWh],Volumen Áreas Especiales Actual (VPUI) [kWh],Cargo Unitario Transitorio (CRPUI) [COP/kWh],Cargo Unitario Fijo Competitivo (CFPUI) [COP/kWh],Valor Total PUI Mercado [COP],Giro Obligatorio Total Mercado [COP],Recaudo Real Estimado Mercado [COP],Asignación Energía PUI Agente [kWh],Valor Asignación PUI Agente [COP],Ingresos PUI Facturados Agente [COP],Egreso Giro Obligatorio al CIOR [COP],Recaudo Real Efectivo Agente [COP],Flujo Neto de Caja PUI [COP],Sobrecosto por Incobrabilidad [COP],Pérdida por Incobrabilidad [%],Código Comercializador CIOR,Nombre Comercializador CIOR,Demanda Acumulada CIOR [kWh],Total Giros Recibidos CIOR [COP],Parámetro Prima Riesgo Cartera (rcpui) [COP/kWh],Parámetro % Áreas Especiales [%],Parámetro Factor Recaudo CNIOR [%],Parámetro Cargo Competitivo (cfpui) [COP/kWh],Parámetro Esquema Competitivo [Sí/No]
SCEC,SCEC S.A. E.S.P.,CNIOR,ANTIOQUIA,EPM - ANTIOQUIA,2024-01-01,HISTORICO,False,7625625.0,6481781.25,1143843.75,85.0,15.0,Cubierta (85.0% Contratos / 15.0% Bolsa),30,254187.5,280.0,25000000.0,1500000000.0,975000000.0,4.067,6.2569,12,25000000.0,2500000.0,277.5,25000000.0,2500000.0,0.0,0.0,0.0,0.0,0.0,0.0,0.0,0.0,0.0,0.0,0.0,0.0,0.0,ENDC,ENEL COLOMBIA S.A. E.S.P.,28794000000.0,0.0,0.03,0.1,0.92,0.025,False
SCEC,SCEC S.A. E.S.P.,CNIOR,BOGOTA,ENEL - BOGOTA CUNDINAMARCA,2024-01-01,HISTORICO,False,7625625.0,6481781.25,1143843.75,85.0,15.0,Cubierta (85.0% Contratos / 15.0% Bolsa),30,254187.5,280.0,35000000.0,1500000000.0,975000000.0,4.067,6.2569,12,35000000.0,3500000.0,277.5,35000000.0,3500000.0,0.0,0.0,0.0,0.0,0.0,0.0,0.0,0.0,0.0,0.0,0.0,0.0,0.0,ENDC,ENEL COLOMBIA S.A. E.S.P.,28794000000.0,0.0,0.03,0.1,0.92,0.025,False
SCEC,SCEC S.A. E.S.P.,CNIOR,CARIBE_MAR,AFINIA - CARIBE MAR,2024-01-01,HISTORICO,False,7625625.0,6481781.25,1143843.75,85.0,15.0,Cubierta (85.0% Contratos / 15.0% Bolsa),30,254187.5,280.0,28000000.0,1500000000.0,975000000.0,4.067,6.2569,12,28000000.0,2800000.0,277.5,28000000.0,2800000.0,0.0,0.0,0.0,0.0,0.0,0.0,0.0,0.0,0.0,0.0,0.0,0.0,0.0,ENDC,ENEL COLOMBIA S.A. E.S.P.,28794000000.0,0.0,0.03,0.1,0.92,0.025,False
SCEC,SCEC S.A. E.S.P.,CNIOR,CARIBE_SOL,AIR-E - CARIBE SOL,2024-01-01,HISTORICO,False,7625625.0,6481781.25,1143843.75,85.0,15.0,Cubierta (85.0% Contratos / 15.0% Bolsa),30,254187.5,280.0,22000000.0,1500000000.0,975000000.0,4.067,6.2569,12,22000000.0,2200000.0,277.5,22000000.0,2200000.0,0.0,0.0,0.0,0.0,0.0,0.0,0.0,0.0,0.0,0.0,0.0,0.0,0.0,ENDC,ENEL COLOMBIA S.A. E.S.P.,28794000000.0,0.0,0.03,0.1,0.92,0.025,False
SCEC,SCEC S.A. E.S.P.,CNIOR,CUNDINAMARCA,EEC - CUNDINAMARCA,2024-01-01,HISTORICO,False,7625625.0,6481781.25,1143843.75,85.0,15.0,Cubierta (85.0% Contratos / 15.0% Bolsa),30,254187.5,280.0,9000000.0,1500000000.0,975000000.0,4.067,6.2569,12,9000000.0,900000.0,277.5,9000000.0,900000.0,0.0,0.0,0.0,0.0,0.0,0.0,0.0,0.0,0.0,0.0,0.0,0.0,0.0,ENDC,ENEL COLOMBIA S.A. E.S.P.,28794000000.0,0.0,0.03,0.1,0.92,0.025,False
SCEC,SCEC S.A. E.S.P.,CNIOR,SANTANDER,ESSA - SANTANDER,2024-01-01,HISTORICO,False,7625625.0,6481781.25,1143843.75,85.0,15.0,Cubierta (85.0% Contratos / 15.0% Bolsa),30,254187.5,280.0,14000000.0,1500000000.0,975000000.0,4.067,6.2569,12,14000000.0,1400000.0,277.5,14000000.0,1400000.0,0.0,0.0,0.0,0.0,0.0,0.0,0.0,0.0,0.0,0.0,0.0,0.0,0.0,ENDC,ENEL COLOMBIA S.A. E.S.P.,28794000000.0,0.0,0.03,0.1,0.92,0.025,False
SCEC,SCEC S.A. E.S.P.,CNIOR,TOLIMA,ELET - TOLIMA,2024-01-01,HISTORICO,False,7625625.0,6481781.25,1143843.75,85.0,15.0,Cubierta (85.0% Contratos / 15.0% Bolsa),30,254187.5,280.0,7500000.0,1500000000.0,975000000.0,4.067,6.2569,12,7500000.0,750000.0,277.5,7500000.0,750000.0,0.0,0.0,0.0,0.0,0.0,0.0,0.0,0.0,0.0,0.0,0.0,0.0,0.0,ENDC,ENEL COLOMBIA S.A. E.S.P.,28794000000.0,0.0,0.03,0.1,0.92,0.025,False
SCEC,SCEC S.A. E.S.P.,CNIOR,VALLE,CVC - VALLE DEL CAUCA,2024-01-01,HISTORICO,False,7625625.0,6481781.25,1143843.75,85.0,15.0,Cubierta (85.0% Contratos / 15.0% Bolsa),30,254187.5,280.0,18000000.0,1500000000.0,975000000.0,4.067,6.2569,12,18000000.0,1800000.0,277.5,18000000.0,1800000.0,0.0,0.0,0.0,0.0,0.0,0.0,0.0,0.0,0.0,0.0,0.0,0.0,0.0,ENDC,ENEL COLOMBIA S.A. E.S.P.,28794000000.0,0.0,0.03,0.1,0.92,0.025,False
SCEC,SCEC S.A. E.S.P.,CNIOR,ANTIOQUIA,EPM - ANTIOQUIA,2024-02-01,HISTORICO,False,7676462.5,6524993.12,1151469.38,85.0,15.0,Cubierta (85.0% Contratos / 15.0% Bolsa),30,255882.08,295.1221,25250000.0,1510000000.0,981500000.0,4.067,6.2569,12,25000000.0,2500000.0,280.0,25000000.0,2525000.0,0.0,0.0,0.0,0.0,0.0,0.0,0.0,0.0,0.0,0.0,0.0,0.0,0.0,ENDC,ENEL COLOMBIA S.A. E.S.P.,28794000000.0,0.0,0.03,0.1,0.92,0.025,False
SCEC,SCEC S.A. E.S.P.,CNIOR,BOGOTA,ENEL - BOGOTA CUNDINAMARCA,2024-02-01,HISTORICO,False,7676462.5,6524993.12,1151469.38,85.0,15.0,Cubierta (85.0% Contratos / 15.0% Bolsa),30,255882.08,295.1221,35350000.0,1510000000.0,981500000.0,4.067,6.2569,12,35000000.0,3500000.0,280.0,35000000.0,3535000.0,0.0,0.0,0.0,0.0,0.0,0.0,0.0,0.0,0.0,0.0,0.0,0.0,0.0,ENDC,ENEL COLOMBIA S.A. E.S.P.,28794000000.0,0.0,0.03,0.1,0.92,0.025,False
SCEC,SCEC S.A. E.S.P.,CNIOR,CARIBE_MAR,AFINIA - CARIBE MAR,2024-02-01,HISTORICO,False,7676462.5,6524993.12,1151469.38,85.0,15.0,Cubierta (85.0% Contratos / 15.0% Bolsa),30,255882.08,295.1221,28280000.0,1510000000.0,981500000.0,4.067,6.2569,12,28000000.0,2800000.0,280.0,28000000.0,2828000.0,0.0,0.0,0.0,0.0,0.0,0.0,0.0,0.0,0.0,0.0,0.0,0.0,0.0,ENDC,ENEL COLOMBIA S.A. E.S.P.,28794000000.0,0.0,0.03,0.1,0.92,0.025,False
SCEC,SCEC S.A. E.S.P.,CNIOR,CARIBE_SOL,AIR-E - CARIBE SOL,2024-02-01,HISTORICO,False,7676462.5,6524993.12,1151469.38,85.0,15.0,Cubierta (85.0% Contratos / 15.0% Bolsa),30,255882.08,295.1221,22220000.0,1510000000.0,981500000.0,4.067,6.2569,12,22000000.0,2200000.0,280.0,22000000.0,2222000.0,0.0,0.0,0.0,0.0,0.0,0.0,0.0,0.0,0.0,0.0,0.0,0.0,0.0,ENDC,ENEL COLOMBIA S.A. E.S.P.,28794000000.0,0.0,0.03,0.1,0.92,0.025,False
SCEC,SCEC S.A. E.S.P.,CNIOR,CUNDINAMARCA,EEC - CUNDINAMARCA,2024-02-01,HISTORICO,False,7676462.5,6524993.12,1151469.38,85.0,15.0,Cubierta (85.0% Contratos / 15.0% Bolsa),30,255882.08,295.1221,9090000.0,1510000000.0,981500000.0,4.067,6.2569,12,9000000.0,900000.0,280.0,9000000.0,909000.0,0.0,0.0,0.0,0.0,0.0,0.0,0.0,0.0,0.0,0.0,0.0,0.0,0.0,ENDC,ENEL COLOMBIA S.A. E.S.P.,28794000000.0,0.0,0.03,0.1,0.92,0.025,False
SCEC,SCEC S.A. E.S.P.,CNIOR,SANTANDER,ESSA - SANTANDER,2024-02-01,HISTORICO,False,7676462.5,6524993.12,1151469.38,85.0,15.0,Cubierta (85.0% Contratos / 15.0% Bolsa),30,255882.08,295.1221,14140000.0,1510000000.0,981500000.0,4.067,6.2569,12,14000000.0,1400000.0,280.0,14000000.0,1414000.0,0.0,0.0,0.0,0.0,0.0,0.0,0.0,0.0,0.0,0.0,0.0,0.0,0.0,ENDC,ENEL COLOMBIA S.A. E.S.P.,28794000000.0,0.0,0.03,0.1,0.92,0.025,False
SCEC,SCEC S.A. E.S.P.,CNIOR,TOLIMA,ELET - TOLIMA,2024-02-01,HISTORICO,False,7676462.5,6524993.12,1151469.38,85.0,15.0,Cubierta (85.0% Contratos / 15.0% Bolsa),30,255882.08,295.1221,7575000.0,1510000000.0,981500000.0,4.067,6.2569,12,7500000.0,750000.0,280.0,7500000.0,757500.0,0.0,0.0,0.0,0.0,0.0,0.0,0.0,0.0,0.0,0.0,0.0,0.0,0.0,ENDC,ENEL COLOMBIA S.A. E.S.P.,28794000000.0,0.0,0.03,0.1,0.92,0.025,False
SCEC,SCEC S.A. E.S.P.,CNIOR,VALLE,CVC - VALLE DEL CAUCA,2024-02-01,HISTORICO,False,7676462.5,6524993.12,1151469.38,85.0,15.0,Cubierta (85.0% Contratos / 15.0% Bolsa),30,255882.08,295.1221,18180000.0,1510000000.0,981500000.0,4.067,6.2569,12,18000000.0,1800000.0,280.0,18000000.0,1818000.0,0.0,0.0,0.0,0.0,0.0,0.0,0.0,0.0,0.0,0.0,0.0,0.0,0.0,ENDC,ENEL COLOMBIA S.A. E.S.P.,28794000000.0,0.0,0.03,0.1,0.92,0.025,False
SCEC,SCEC S.A. E.S.P.,CNIOR,ANTIOQUIA,EPM - ANTIOQUIA,2024-03-01,HISTORICO,False,7727300.0,6568205.0,1159095.0,85.0,15.0,Cubierta (85.0% Contratos / 15.0% Bolsa),30,257576.67,298.6395,25500000.0,1520000000.0,988000000.0,4.067,6.2569,12,25250000.0,2525000.0,295.1221,25000000.0,2550000.0,1.017e-05,0.0,254.13,254.13,233.8,10.34,3086.6,10.34,15.9,14.63,-1.27,1.27,8.0,ENDC,ENEL COLOMBIA S.A. E.S.P.,28794000000.0,0.0,0.03,0.1,0.92,0.025,False
SCEC,SCEC S.A. E.S.P.,CNIOR,BOGOTA,ENEL - BOGOTA CUNDINAMARCA,2024-03-01,HISTORICO,False,7727300.0,6568205.0,1159095.0,85.0,15.0,Cubierta (85.0% Contratos / 15.0% Bolsa),30,257576.67,298.6395,35700000.0,1520000000.0,988000000.0,4.067,6.2569,12,35350000.0,3535000.0,295.1221,35000000.0,3570000.0,1.017e-05,0.0,355.78,355.78,327.32,14.47,4321.25,14.47,22.26,20.48,-1.78,1.78,8.0,ENDC,ENEL COLOMBIA S.A. E.S.P.,28794000000.0,0.0,0.03,0.1,0.92,0.025,False
SCEC,SCEC S.A. E.S.P.,CNIOR,CARIBE_MAR,AFINIA - CARIBE MAR,2024-03-01,HISTORICO,False,7727300.0,6568205.0,1159095.0,85.0,15.0,Cubierta (85.0% Contratos / 15.0% Bolsa),30,257576.67,298.6395,28560000.0,1520000000.0,988000000.0,4.067,6.2569,12,28280000.0,2828000.0,295.1221,28000000.0,2856000.0,1.017e-05,0.0,284.63,284.63,261.86,11.58,3457.0,11.58,17.81,16.38,-1.42,1.42,8.0,ENDC,ENEL COLOMBIA S.A. E.S.P.,28794000000.0,0.0,0.03,0.1,0.92,0.025,False
SCEC,SCEC S.A. E.S.P.,CNIOR,CARIBE_SOL,AIR-E - CARIBE SOL,2024-03-01,HISTORICO,False,7727300.0,6568205.0,1159095.0,85.0,15.0,Cubierta (85.0% Contratos / 15.0% Bolsa),30,257576.67,298.6395,22440000.0,1520000000.0,988000000.0,4.067,6.2569,12,22220000.0,2222000.0,295.1221,22000000.0,2244000.0,1.017e-05,0.0,223.64,223.64,205.75,9.1,2716.21,9.1,13.99,12.87,-1.12,1.12,8.0,ENDC,ENEL COLOMBIA S.A. E.S.P.,28794000000.0,0.0,0.03,0.1,0.92,0.025,False
SCEC,SCEC S.A. E.S.P.,CNIOR,CUNDINAMARCA,EEC - CUNDINAMARCA,2024-03-01,HISTORICO,False,7727300.0,6568205.0,1159095.0,85.0,15.0,Cubierta (85.0% Contratos / 15.0% Bolsa),30,257576.67,298.6395,9180000.0,1520000000.0,988000000.0,4.067,6.2569,12,9090000.0,909000.0,295.1221,9000000.0,918000.0,1.017e-05,0.0,91.49,91.49,84.17,3.72,1111.18,3.72,5.72,5.27,-0.46,0.46,8.0,ENDC,ENEL COLOMBIA S.A. E.S.P.,28794000000.0,0.0,0.03,0.1,0.92,0.025,False
SCEC,SCEC S.A. E.S.P.,CNIOR,SANTANDER,ESSA - SANTANDER,2024-03-01,HISTORICO,False,7727300.0,6568205.0,1159095.0,85.0,15.0,Cubierta (85.0% Contratos / 15.0% Bolsa),30,257576.67,298.6395,14280000.0,1520000000.0,988000000.0,4.067,6.2569,12,14140000.0,1414000.0,295.1221,14000000.0,1428000.0,1.017e-05,0.0,142.31,142.31,130.93,5.79,1728.5,5.79,8.9,8.19,-0.71,0.71,8.0,ENDC,ENEL COLOMBIA S.A. E.S.P.,28794000000.0,0.0,0.03,0.1,0.92,0.025,False
SCEC,SCEC S.A. E.S.P.,CNIOR,TOLIMA,ELET - TOLIMA,2024-03-01,HISTORICO,False,7727300.0,6568205.0,1159095.0,85.0,15.0,Cubierta (85.0% Contratos / 15.0% Bolsa),30,257576.67,298.6395,7650000.0,1520000000.0,988000000.0,4.067,6.2569,12,7575000.0,757500.0,295.1221,7500000.0,765000.0,1.017e-05,0.0,76.24,76.24,70.14,3.1,925.98,3.1,4.77,4.39,-0.38,0.38,8.0,ENDC,ENEL COLOMBIA S.A. E.S.P.,28794000000.0,0.0,0.03,0.1,0.92,0.025,False
SCEC,SCEC S.A. E.S.P.,CNIOR,VALLE,CVC - VALLE DEL CAUCA,2024-03-01,HISTORICO,False,7727300.0,6568205.0,1159095.0,85.0,15.0,Cubierta (85.0% Contratos / 15.0% Bolsa),30,257576.67,298.6395,18360000.0,1520000000.0,988000000.0,4.067,6.2569,12,18180000.0,1818000.0,295.1221,18000000.0,1836000.0,1.017e-05,0.0,182.98,182.98,168.34,7.44,2222.36,7.44,11.45,10.53,-0.92,0.92,8.0,ENDC,ENEL COLOMBIA S.A. E.S.P.,28794000000.0,0.0,0.03,0.1,0.92,0.025,False
SCEC,SCEC S.A. E.S.P.,CNIOR,ANTIOQUIA,EPM - ANTIOQUIA,2024-04-01,HISTORICO,False,7778137.5,6611416.88,1166720.63,85.0,15.0,Cubierta (85.0% Contratos / 15.0% Bolsa),30,259271.25,289.6168,25750000.0,1530000000.0,994500000.0,4.067,6.2569,12,25500000.0,2550000.0,298.6395,25250000.0,2575000.0,1.005e-05,0.0,253.65,253.65,233.36,10.32,2987.67,10.32,15.87,14.6,-1.27,1.27,8.0,ENDC,ENEL COLOMBIA S.A. E.S.P.,28794000000.0,0.0,0.03,0.1,0.92,0.025,False
SCEC,SCEC S.A. E.S.P.,CNIOR,BOGOTA,ENEL - BOGOTA CUNDINAMARCA,2024-04-01,HISTORICO,False,7778137.5,6611416.88,1166720.63,85.0,15.0,Cubierta (85.0% Contratos / 15.0% Bolsa),30,259271.25,289.6168,36050000.0,1530000000.0,994500000.0,4.067,6.2569,12,35700000.0,3570000.0,298.6395,35350000.0,3605000.0,1.005e-05,0.0,355.11,355.11,326.7,14.44,4182.74,14.44,22.22,20.44,-1.78,1.78,8.0,ENDC,ENEL COLOMBIA S.A. E.S.P.,28794000000.0,0.0,0.03,0.1,0.92,0.025,False
SCEC,SCEC S.A. E.S.P.,CNIOR,CARIBE_MAR,AFINIA - CARIBE MAR,2024-04-01,HISTORICO,False,7778137.5,6611416.88,1166720.63,85.0,15.0,Cubierta (85.0% Contratos / 15.0% Bolsa),30,259271.25,289.6168,28840000.0,1530000000.0,994500000.0,4.067,6.2569,12,28560000.0,2856000.0,298.6395,28280000.0,2884000.0,1.005e-05,0.0,284.09,284.09,261.36,11.55,3346.2,11.55,17.78,16.35,-1.42,1.42,8.0,ENDC,ENEL COLOMBIA S.A. E.S.P.,28794000000.0,0.0,0.03,0.1,0.92,0.025,False
SCEC,SCEC S.A. E.S.P.,CNIOR,CARIBE_SOL,AIR-E - CARIBE SOL,2024-04-01,HISTORICO,False,7778137.5,6611416.88,1166720.63,85.0,15.0,Cubierta (85.0% Contratos / 15.0% Bolsa),30,259271.25,289.6168,22660000.0,1530000000.0,994500000.0,4.067,6.2569,12,22440000.0,2244000.0,298.6395,22220000.0,2266000.0,1.005e-05,0.0,223.21,223.21,205.36,9.08,2629.15,9.08,13.97,12.85,-1.12,1.12,8.0,ENDC,ENEL COLOMBIA S.A. E.S.P.,28794000000.0,0.0,0.03,0.1,0.92,0.025,False
SCEC,SCEC S.A. E.S.P.,CNIOR,CUNDINAMARCA,EEC - CUNDINAMARCA,2024-04-01,HISTORICO,False,7778137.5,6611416.88,1166720.63,85.0,15.0,Cubierta (85.0% Contratos / 15.0% Bolsa),30,259271.25,289.6168,9270000.0,1530000000.0,994500000.0,4.067,6.2569,12,9180000.0,918000.0,298.6395,9090000.0,927000.0,1.005e-05,0.0,91.31,91.31,84.01,3.71,1075.56,3.71,5.71,5.26,-0.46,0.46,8.0,ENDC,ENEL COLOMBIA S.A. E.S.P.,28794000000.0,0.0,0.03,0.1,0.92,0.025,False
SCEC,SCEC S.A. E.S.P.,CNIOR,SANTANDER,ESSA - SANTANDER,2024-04-01,HISTORICO,False,7778137.5,6611416.88,1166720.63,85.0,15.0,Cubierta (85.0% Contratos / 15.0% Bolsa),30,259271.25,289.6168,14420000.0,1530000000.0,994500000.0,4.067,6.2569,12,14280000.0,1428000.0,298.6395,14140000.0,1442000.0,1.005e-05,0.0,142.04,142.04,130.68,5.78,1673.1,5.78,8.89,8.18,-0.71,0.71,8.0,ENDC,ENEL COLOMBIA S.A. E.S.P.,28794000000.0,0.0,0.03,0.1,0.92,0.025,False
SCEC,SCEC S.A. E.S.P.,CNIOR,TOLIMA,ELET - TOLIMA,2024-04-01,HISTORICO,False,7778137.5,6611416.88,1166720.63,85.0,15.0,Cubierta (85.0% Contratos / 15.0% Bolsa),30,259271.25,289.6168,7725000.0,1530000000.0,994500000.0,4.067,6.2569,12,7650000.0,765000.0,298.6395,7575000.0,772500.0,1.005e-05,0.0,76.1,76.1,70.01,3.09,896.3,3.09,4.76,4.38,-0.38,0.38,8.0,ENDC,ENEL COLOMBIA S.A. E.S.P.,28794000000.0,0.0,0.03,0.1,0.92,0.025,False
SCEC,SCEC S.A. E.S.P.,CNIOR,VALLE,CVC - VALLE DEL CAUCA,2024-04-01,HISTORICO,False,7778137.5,6611416.88,1166720.63,85.0,15.0,Cubierta (85.0% Contratos / 15.0% Bolsa),30,259271.25,289.6168,18540000.0,1530000000.0,994500000.0,4.067,6.2569,12,18360000.0,1836000.0,298.6395,18180000.0,1854000.0,1.005e-05,0.0,182.63,182.63,168.02,7.43,2151.13,7.43,11.43,10.51,-0.91,0.91,8.0,ENDC,ENEL COLOMBIA S.A. E.S.P.,28794000000.0,0.0,0.03,0.1,0.92,0.025,False
SCEC,SCEC S.A. E.S.P.,CNIOR,ANTIOQUIA,EPM - ANTIOQUIA,2024-05-01,HISTORICO,False,7828975.0,6654628.75,1174346.25,85.0,15.0,Cubierta (85.0% Contratos / 15.0% Bolsa),30,260965.83,278.648,26000000.0,1540000000.0,1001000000.0,4.067,6.2569,12,25750000.0,2575000.0,289.6168,25500000.0,2600000.0,1.036e-05,0.0,264.14,264.14,243.01,10.74,2993.42,10.74,16.53,15.2,-1.32,1.32,8.0,ENDC,ENEL COLOMBIA S.A. E.S.P.,28794000000.0,0.0,0.03,0.1,0.92,0.025,False
SCEC,SCEC S.A. E.S.P.,CNIOR,BOGOTA,ENEL - BOGOTA CUNDINAMARCA,2024-05-01,HISTORICO,False,7828975.0,6654628.75,1174346.25,85.0,15.0,Cubierta (85.0% Contratos / 15.0% Bolsa),30,260965.83,278.648,36400000.0,1540000000.0,1001000000.0,4.067,6.2569,12,36050000.0,3605000.0,289.6168,35700000.0,3640000.0,1.036e-05,0.0,369.8,369.8,340.22,15.04,4190.79,15.04,23.14,21.29,-1.85,1.85,8.0,ENDC,ENEL COLOMBIA S.A. E.S.P.,28794000000.0,0.0,0.03,0.1,0.92,0.025,False
SCEC,SCEC S.A. E.S.P.,CNIOR,CARIBE_MAR,AFINIA - CARIBE MAR,2024-05-01,HISTORICO,False,7828975.0,6654628.75,1174346.25,85.0,15.0,Cubierta (85.0% Contratos / 15.0% Bolsa),30,260965.83,278.648,29120000.0,1540000000.0,1001000000.0,4.067,6.2569,12,28840000.0,2884000.0,289.6168,28560000.0,2912000.0,1.036e-05,0.0,295.84,295.84,272.17,12.03,3352.63,12.03,18.51,17.03,-1.48,1.48,8.0,ENDC,ENEL COLOMBIA S.A. E.S.P.,28794000000.0,0.0,0.03,0.1,0.92,0.025,False
SCEC,SCEC S.A. E.S.P.,CNIOR,CARIBE_SOL,AIR-E - CARIBE SOL,2024-05-01,HISTORICO,False,7828975.0,6654628.75,1174346.25,85.0,15.0,Cubierta (85.0% Contratos / 15.0% Bolsa),30,260965.83,278.648,22880000.0,1540000000.0,1001000000.0,4.067,6.2569,12,22660000.0,2266000.0,289.6168,22440000.0,2288000.0,1.036e-05,0.0,232.45,232.45,213.85,9.45,2634.21,9.45,14.54,13.38,-1.16,1.16,8.0,ENDC,ENEL COLOMBIA S.A. E.S.P.,28794000000.0,0.0,0.03,0.1,0.92,0.025,False
SCEC,SCEC S.A. E.S.P.,CNIOR,CUNDINAMARCA,EEC - CUNDINAMARCA,2024-05-01,HISTORICO,False,7828975.0,6654628.75,1174346.25,85.0,15.0,Cubierta (85.0% Contratos / 15.0% Bolsa),30,260965.83,278.648,9360000.0,1540000000.0,1001000000.0,4.067,6.2569,12,9270000.0,927000.0,289.6168,9180000.0,936000.0,1.036e-05,0.0,95.09,95.09,87.48,3.87,1077.63,3.87,5.95,5.47,-0.48,0.48,8.0,ENDC,ENEL COLOMBIA S.A. E.S.P.,28794000000.0,0.0,0.03,0.1,0.92,0.025,False
SCEC,SCEC S.A. E.S.P.,CNIOR,SANTANDER,ESSA - SANTANDER,2024-05-01,HISTORICO,False,7828975.0,6654628.75,1174346.25,85.0,15.0,Cubierta (85.0% Contratos / 15.0% Bolsa),30,260965.83,278.648,14560000.0,1540000000.0,1001000000.0,4.067,6.2569,12,14420000.0,1442000.0,289.6168,14280000.0,1456000.0,1.036e-05,0.0,147.92,147.92,136.09,6.02,1676.32,6.02,9.26,8.51,-0.74,0.74,8.0,ENDC,ENEL COLOMBIA S.A. E.S.P.,28794000000.0,0.0,0.03,0.1,0.92,0.025,False
SCEC,SCEC S.A. E.S.P.,CNIOR,TOLIMA,ELET - TOLIMA,2024-05-01,HISTORICO,False,7828975.0,6654628.75,1174346.25,85.0,15.0,Cubierta (85.0% Contratos / 15.0% Bolsa),30,260965.83,278.648,7800000.0,1540000000.0,1001000000.0,4.067,6.2569,12,7725000.0,772500.0,289.6168,7650000.0,780000.0,1.036e-05,0.0,79.24,79.24,72.9,3.22,898.03,3.22,4.96,4.56,-0.4,0.4,8.0,ENDC,ENEL COLOMBIA S.A. E.S.P.,28794000000.0,0.0,0.03,0.1,0.92,0.025,False
SCEC,SCEC S.A. E.S.P.,CNIOR,VALLE,CVC - VALLE DEL CAUCA,2024-05-01,HISTORICO,False,7828975.0,6654628.75,1174346.25,85.0,15.0,Cubierta (85.0% Contratos / 15.0% Bolsa),30,260965.83,278.648,18720000.0,1540000000.0,1001000000.0,4.067,6.2569,12,18540000.0,1854000.0,289.6168,18360000.0,1872000.0,1.036e-05,0.0,190.18,190.18,174.97,7.73,2155.26,7.73,11.9,10.95,-0.95,0.95,8.0,ENDC,ENEL COLOMBIA S.A. E.S.P.,28794000000.0,0.0,0.03,0.1,0.92,0.025,False
SCEC,SCEC S.A. E.S.P.,CNIOR,ANTIOQUIA,EPM - ANTIOQUIA,2024-06-01,HISTORICO,False,7879812.5,6697840.62,1181971.88,85.0,15.0,Cubierta (85.0% Contratos / 15.0% Bolsa),30,262660.42,278.1161,26250000.0,1550000000.0,1007500000.0,4.067,6.2569,12,26000000.0,2600000.0,278.648,25750000.0,2625000.0,1.077e-05,0.0,277.23,277.23,255.05,11.28,3135.76,11.28,17.35,15.96,-1.39,1.39,8.0,ENDC,ENEL COLOMBIA S.A. E.S.P.,28794000000.0,0.0,0.03,0.1,0.92,0.025,False
SCEC,SCEC S.A. E.S.P.,CNIOR,BOGOTA,ENEL - BOGOTA CUNDINAMARCA,2024-06-01,HISTORICO,False,7879812.5,6697840.62,1181971.88,85.0,15.0,Cubierta (85.0% Contratos / 15.0% Bolsa),30,262660.42,278.1161,36750000.0,1550000000.0,1007500000.0,4.067,6.2569,12,36400000.0,3640000.0,278.648,36050000.0,3675000.0,1.077e-05,0.0,388.12,388.12,357.07,15.79,4390.06,15.79,24.28,22.34,-1.94,1.94,8.0,ENDC,ENEL COLOMBIA S.A. E.S.P.,28794000000.0,0.0,0.03,0.1,0.92,0.025,False
SCEC,SCEC S.A. E.S.P.,CNIOR,CARIBE_MAR,AFINIA - CARIBE MAR,2024-06-01,HISTORICO,False,7879812.5,6697840.62,1181971.88,85.0,15.0,Cubierta (85.0% Contratos / 15.0% Bolsa),30,262660.42,278.1161,29400000.0,1550000000.0,1007500000.0,4.067,6.2569,12,29120000.0,2912000.0,278.648,28840000.0,2940000.0,1.077e-05,0.0,310.5,310.5,285.66,12.63,3512.05,12.63,19.43,17.87,-1.55,1.55,8.0,ENDC,ENEL COLOMBIA S.A. E.S.P.,28794000000.0,0.0,0.03,0.1,0.92,0.025,False
SCEC,SCEC S.A. E.S.P.,CNIOR,CARIBE_SOL,AIR-E - CARIBE SOL,2024-06-01,HISTORICO,False,7879812.5,6697840.62,1181971.88,85.0,15.0,Cubierta (85.0% Contratos / 15.0% Bolsa),30,262660.42,278.1161,23100000.0,1550000000.0,1007500000.0,4.067,6.2569,12,22880000.0,2288000.0,278.648,22660000.0,2310000.0,1.077e-05,0.0,243.96,243.96,224.45,9.92,2759.47,9.92,15.26,14.04,-1.22,1.22,8.0,ENDC,ENEL COLOMBIA S.A. E.S.P.,28794000000.0,0.0,0.03,0.1,0.92,0.025,False
SCEC,SCEC S.A. E.S.P.,CNIOR,CUNDINAMARCA,EEC - CUNDINAMARCA,2024-06-01,HISTORICO,False,7879812.5,6697840.62,1181971.88,85.0,15.0,Cubierta (85.0% Contratos / 15.0% Bolsa),30,262660.42,278.1161,9450000.0,1550000000.0,1007500000.0,4.067,6.2569,12,9360000.0,936000.0,278.648,9270000.0,945000.0,1.077e-05,0.0,99.8,99.8,91.82,4.06,1128.87,4.06,6.24,5.75,-0.5,0.5,8.0,ENDC,ENEL COLOMBIA S.A. E.S.P.,28794000000.0,0.0,0.03,0.1,0.92,0.025,False
SCEC,SCEC S.A. E.S.P.,CNIOR,SANTANDER,ESSA - SANTANDER,2024-06-01,HISTORICO,False,7879812.5,6697840.62,1181971.88,85.0,15.0,Cubierta (85.0% Contratos / 15.0% Bolsa),30,262660.42,278.1161,14700000.0,1550000000.0,1007500000.0,4.067,6.2569,12,14560000.0,1456000.0,278.648,14420000.0,1470000.0,1.077e-05,0.0,155.25,155.25,142.83,6.31,1756.03,6.31,9.71,8.94,-0.78,0.78,8.0,ENDC,ENEL COLOMBIA S.A. E.S.P.,28794000000.0,0.0,0.03,0.1,0.92,0.025,False
SCEC,SCEC S.A. E.S.P.,CNIOR,TOLIMA,ELET - TOLIMA,2024-06-01,HISTORICO,False,7879812.5,6697840.62,1181971.88,85.0,15.0,Cubierta (85.0% Contratos / 15.0% Bolsa),30,262660.42,278.1161,7875000.0,1550000000.0,1007500000.0,4.067,6.2569,12,7800000.0,780000.0,278.648,7725000.0,787500.0,1.077e-05,0.0,83.17,83.17,76.52,3.38,940.73,3.38,5.2,4.79,-0.42,0.42,8.0,ENDC,ENEL COLOMBIA S.A. E.S.P.,28794000000.0,0.0,0.03,0.1,0.92,0.025,False
SCEC,SCEC S.A. E.S.P.,CNIOR,VALLE,CVC - VALLE DEL CAUCA,2024-06-01,HISTORICO,False,7879812.5,6697840.62,1181971.88,85.0,15.0,Cubierta (85.0% Contratos / 15.0% Bolsa),30,262660.42,278.1161,18900000.0,1550000000.0,1007500000.0,4.067,6.2569,12,18720000.0,1872000.0,278.648,18540000.0,1890000.0,1.077e-05,0.0,199.61,199.61,183.64,8.12,2257.75,8.12,12.49,11.49,-1.0,1.0,8.0,ENDC,ENEL COLOMBIA S.A. E.S.P.,28794000000.0,0.0,0.03,0.1,0.92,0.025,False
SCEC,SCEC S.A. E.S.P.,CNIOR,ANTIOQUIA,EPM - ANTIOQUIA,2024-07-01,HISTORICO,False,7930650.0,6741052.5,1189597.5,85.0,15.0,Cubierta (85.0% Contratos / 15.0% Bolsa),30,264355.0,290.8088,26500000.0,1560000000.0,1014000000.0,4.067,6.2569,12,26250000.0,2625000.0,278.1161,26000000.0,2650000.0,1.079e-05,0.0,280.46,280.46,258.02,11.41,3317.04,11.41,17.55,16.14,-1.4,1.4,8.0,ENDC,ENEL COLOMBIA S.A. E.S.P.,28794000000.0,0.0,0.03,0.1,0.92,0.025,False
SCEC,SCEC S.A. E.S.P.,CNIOR,BOGOTA,ENEL - BOGOTA CUNDINAMARCA,2024-07-01,HISTORICO,False,7930650.0,6741052.5,1189597.5,85.0,15.0,Cubierta (85.0% Contratos / 15.0% Bolsa),30,264355.0,290.8088,37100000.0,1560000000.0,1014000000.0,4.067,6.2569,12,36750000.0,3675000.0,278.1161,36400000.0,3710000.0,1.079e-05,0.0,392.64,392.64,361.23,15.97,4643.85,15.97,24.57,22.6,-1.97,1.97,8.0,ENDC,ENEL COLOMBIA S.A. E.S.P.,28794000000.0,0.0,0.03,0.1,0.92,0.025,False
SCEC,SCEC S.A. E.S.P.,CNIOR,CARIBE_MAR,AFINIA - CARIBE MAR,2024-07-01,HISTORICO,False,7930650.0,6741052.5,1189597.5,85.0,15.0,Cubierta (85.0% Contratos / 15.0% Bolsa),30,264355.0,290.8088,29680000.0,1560000000.0,1014000000.0,4.067,6.2569,12,29400000.0,2940000.0,278.1161,29120000.0,2968000.0,1.079e-05,0.0,314.11,314.11,288.98,12.77,3715.08,12.77,19.65,18.08,-1.57,1.57,8.0,ENDC,ENEL COLOMBIA S.A. E.S.P.,28794000000.0,0.0,0.03,0.1,0.92,0.025,False
SCEC,SCEC S.A. E.S.P.,CNIOR,CARIBE_SOL,AIR-E - CARIBE SOL,2024-07-01,HISTORICO,False,7930650.0,6741052.5,1189597.5,85.0,15.0,Cubierta (85.0% Contratos / 15.0% Bolsa),30,264355.0,290.8088,23320000.0,1560000000.0,1014000000.0,4.067,6.2569,12,23100000.0,2310000.0,278.1161,22880000.0,2332000.0,1.079e-05,0.0,246.8,246.8,227.06,10.04,2918.99,10.04,15.44,14.21,-1.24,1.24,8.0,ENDC,ENEL COLOMBIA S.A. E.S.P.,28794000000.0,0.0,0.03,0.1,0.92,0.025,False
SCEC,SCEC S.A. E.S.P.,CNIOR,CUNDINAMARCA,EEC - CUNDINAMARCA,2024-07-01,HISTORICO,False,7930650.0,6741052.5,1189597.5,85.0,15.0,Cubierta (85.0% Contratos / 15.0% Bolsa),30,264355.0,290.8088,9540000.0,1560000000.0,1014000000.0,4.067,6.2569,12,9450000.0,945000.0,278.1161,9360000.0,954000.0,1.079e-05,0.0,100.97,100.97,92.89,4.11,1194.13,4.11,6.32,5.81,-0.51,0.51,8.0,ENDC,ENEL COLOMBIA S.A. E.S.P.,28794000000.0,0.0,0.03,0.1,0.92,0.025,False
SCEC,SCEC S.A. E.S.P.,CNIOR,SANTANDER,ESSA - SANTANDER,2024-07-01,HISTORICO,False,7930650.0,6741052.5,1189597.5,85.0,15.0,Cubierta (85.0% Contratos / 15.0% Bolsa),30,264355.0,290.8088,14840000.0,1560000000.0,1014000000.0,4.067,6.2569,12,14700000.0,1470000.0,278.1161,14560000.0,1484000.0,1.079e-05,0.0,157.06,157.06,144.49,6.39,1857.54,6.39,9.83,9.04,-0.79,0.79,8.0,ENDC,ENEL COLOMBIA S.A. E.S.P.,28794000000.0,0.0,0.03,0.1,0.92,0.025,False
SCEC,SCEC S.A. E.S.P.,CNIOR,TOLIMA,ELET - TOLIMA,2024-07-01,HISTORICO,False,7930650.0,6741052.5,1189597.5,85.0,15.0,Cubierta (85.0% Contratos / 15.0% Bolsa),30,264355.0,290.8088,7950000.0,1560000000.0,1014000000.0,4.067,6.2569,12,7875000.0,787500.0,278.1161,7800000.0,795000.0,1.079e-05,0.0,84.14,84.14,77.41,3.42,995.11,3.42,5.26,4.84,-0.42,0.42,8.0,ENDC,ENEL COLOMBIA S.A. E.S.P.,28794000000.0,0.0,0.03,0.1,0.92,0.025,False
SCEC,SCEC S.A. E.S.P.,CNIOR,VALLE,CVC - VALLE DEL CAUCA,2024-07-01,HISTORICO,False,7930650.0,6741052.5,1189597.5,85.0,15.0,Cubierta (85.0% Contratos / 15.0% Bolsa),30,264355.0,290.8088,19080000.0,1560000000.0,1014000000.0,4.067,6.2569,12,18900000.0,1890000.0,278.1161,18720000.0,1908000.0,1.079e-05,0.0,201.93,201.93,185.78,8.21,2388.27,8.21,12.63,11.62,-1.01,1.01,8.0,ENDC,ENEL COLOMBIA S.A. E.S.P.,28794000000.0,0.0,0.03,0.1,0.92,0.025,False
SCEC,SCEC S.A. E.S.P.,CNIOR,ANTIOQUIA,EPM - ANTIOQUIA,2024-08-01,HISTORICO,False,7981487.5,6784264.38,1197223.13,85.0,15.0,Cubierta (85.0% Contratos / 15.0% Bolsa),30,266049.58,307.3548,26750000.0,1570000000.0,1020500000.0,4.067,6.2569,12,26500000.0,2650000.0,290.8088,26250000.0,2675000.0,1.032e-05,0.0,270.8,270.8,249.13,11.01,3384.99,11.01,16.94,15.59,-1.36,1.36,8.0,ENDC,ENEL COLOMBIA S.A. E.S.P.,28794000000.0,0.0,0.03,0.1,0.92,0.025,False
SCEC,SCEC S.A. E.S.P.,CNIOR,BOGOTA,ENEL - BOGOTA CUNDINAMARCA,2024-08-01,HISTORICO,False,7981487.5,6784264.38,1197223.13,85.0,15.0,Cubierta (85.0% Contratos / 15.0% Bolsa),30,266049.58,307.3548,37450000.0,1570000000.0,1020500000.0,4.067,6.2569,12,37100000.0,3710000.0,290.8088,36750000.0,3745000.0,1.032e-05,0.0,379.12,379.12,348.79,15.42,4738.98,15.42,23.72,21.82,-1.9,1.9,8.0,ENDC,ENEL COLOMBIA S.A. E.S.P.,28794000000.0,0.0,0.03,0.1,0.92,0.025,False
SCEC,SCEC S.A. E.S.P.,CNIOR,CARIBE_MAR,AFINIA - CARIBE MAR,2024-08-01,HISTORICO,False,7981487.5,6784264.38,1197223.13,85.0,15.0,Cubierta (85.0% Contratos / 15.0% Bolsa),30,266049.58,307.3548,29960000.0,1570000000.0,1020500000.0,4.067,6.2569,12,29680000.0,2968000.0,290.8088,29400000.0,2996000.0,1.032e-05,0.0,303.29,303.29,279.03,12.33,3791.19,12.33,18.98,17.46,-1.52,1.52,8.0,ENDC,ENEL COLOMBIA S.A. E.S.P.,28794000000.0,0.0,0.03,0.1,0.92,0.025,False
SCEC,SCEC S.A. E.S.P.,CNIOR,CARIBE_SOL,AIR-E - CARIBE SOL,2024-08-01,HISTORICO,False,7981487.5,6784264.38,1197223.13,85.0,15.0,Cubierta (85.0% Contratos / 15.0% Bolsa),30,266049.58,307.3548,23540000.0,1570000000.0,1020500000.0,4.067,6.2569,12,23320000.0,2332000.0,290.8088,23100000.0,2354000.0,1.032e-05,0.0,238.3,238.3,219.24,9.69,2978.79,9.69,14.91,13.72,-1.19,1.19,8.0,ENDC,ENEL COLOMBIA S.A. E.S.P.,28794000000.0,0.0,0.03,0.1,0.92,0.025,False
SCEC,SCEC S.A. E.S.P.,CNIOR,CUNDINAMARCA,EEC - CUNDINAMARCA,2024-08-01,HISTORICO,False,7981487.5,6784264.38,1197223.13,85.0,15.0,Cubierta (85.0% Contratos / 15.0% Bolsa),30,266049.58,307.3548,9630000.0,1570000000.0,1020500000.0,4.067,6.2569,12,9540000.0,954000.0,290.8088,9450000.0,963000.0,1.032e-05,0.0,97.49,97.49,89.69,3.96,1218.6,3.96,6.1,5.61,-0.49,0.49,8.0,ENDC,ENEL COLOMBIA S.A. E.S.P.,28794000000.0,0.0,0.03,0.1,0.92,0.025,False
SCEC,SCEC S.A. E.S.P.,CNIOR,SANTANDER,ESSA - SANTANDER,2024-08-01,HISTORICO,False,7981487.5,6784264.38,1197223.13,85.0,15.0,Cubierta (85.0% Contratos / 15.0% Bolsa),30,266049.58,307.3548,14980000.0,1570000000.0,1020500000.0,4.067,6.2569,12,14840000.0,1484000.0,290.8088,14700000.0,1498000.0,1.032e-05,0.0,151.65,151.65,139.51,6.17,1895.59,6.17,9.49,8.73,-0.76,0.76,8.0,ENDC,ENEL COLOMBIA S.A. E.S.P.,28794000000.0,0.0,0.03,0.1,0.92,0.025,False
SCEC,SCEC S.A. E.S.P.,CNIOR,TOLIMA,ELET - TOLIMA,2024-08-01,HISTORICO,False,7981487.5,6784264.38,1197223.13,85.0,15.0,Cubierta (85.0% Contratos / 15.0% Bolsa),30,266049.58,307.3548,8025000.0,1570000000.0,1020500000.0,4.067,6.2569,12,7950000.0,795000.0,290.8088,7875000.0,802500.0,1.032e-05,0.0,81.24,81.24,74.74,3.3,1015.5,3.3,5.08,4.68,-0.41,0.41,8.0,ENDC,ENEL COLOMBIA S.A. E.S.P.,28794000000.0,0.0,0.03,0.1,0.92,0.025,False
SCEC,SCEC S.A. E.S.P.,CNIOR,VALLE,CVC - VALLE DEL CAUCA,2024-08-01,HISTORICO,False,7981487.5,6784264.38,1197223.13,85.0,15.0,Cubierta (85.0% Contratos / 15.0% Bolsa),30,266049.58,307.3548,19260000.0,1570000000.0,1020500000.0,4.067,6.2569,12,19080000.0,1908000.0,290.8088,18900000.0,1926000.0,1.032e-05,0.0,194.97,194.97,179.38,7.93,2437.19,7.93,12.2,11.22,-0.98,0.98,8.0,ENDC,ENEL COLOMBIA S.A. E.S.P.,28794000000.0,0.0,0.03,0.1,0.92,0.025,False
SCEC,SCEC S.A. E.S.P.,CNIOR,ANTIOQUIA,EPM - ANTIOQUIA,2024-09-01,HISTORICO,False,8032325.0,6827476.25,1204848.75,85.0,15.0,Cubierta (85.0% Contratos / 15.0% Bolsa),30,267744.17,314.8404,27000000.0,1580000000.0,1027000000.0,4.067,6.2569,12,26750000.0,2675000.0,307.3548,26500000.0,2700000.0,9.76e-06,0.0,258.66,258.66,237.97,10.52,3312.01,10.52,16.18,14.89,-1.29,1.29,8.0,ENDC,ENEL COLOMBIA S.A. E.S.P.,28794000000.0,0.0,0.03,0.1,0.92,0.025,False
SCEC,SCEC S.A. E.S.P.,CNIOR,BOGOTA,ENEL - BOGOTA CUNDINAMARCA,2024-09-01,HISTORICO,False,8032325.0,6827476.25,1204848.75,85.0,15.0,Cubierta (85.0% Contratos / 15.0% Bolsa),30,267744.17,314.8404,37800000.0,1580000000.0,1027000000.0,4.067,6.2569,12,37450000.0,3745000.0,307.3548,37100000.0,3780000.0,9.76e-06,0.0,362.12,362.12,333.15,14.73,4636.82,14.73,22.66,20.85,-1.81,1.81,8.0,ENDC,ENEL COLOMBIA S.A. E.S.P.,28794000000.0,0.0,0.03,0.1,0.92,0.025,False
SCEC,SCEC S.A. E.S.P.,CNIOR,CARIBE_MAR,AFINIA - CARIBE MAR,2024-09-01,HISTORICO,False,8032325.0,6827476.25,1204848.75,85.0,15.0,Cubierta (85.0% Contratos / 15.0% Bolsa),30,267744.17,314.8404,30240000.0,1580000000.0,1027000000.0,4.067,6.2569,12,29960000.0,2996000.0,307.3548,29680000.0,3024000.0,9.76e-06,0.0,289.7,289.7,266.52,11.78,3709.45,11.78,18.13,16.68,-1.45,1.45,8.0,ENDC,ENEL COLOMBIA S.A. E.S.P.,28794000000.0,0.0,0.03,0.1,0.92,0.025,False
SCEC,SCEC S.A. E.S.P.,CNIOR,CARIBE_SOL,AIR-E - CARIBE SOL,2024-09-01,HISTORICO,False,8032325.0,6827476.25,1204848.75,85.0,15.0,Cubierta (85.0% Contratos / 15.0% Bolsa),30,267744.17,314.8404,23760000.0,1580000000.0,1027000000.0,4.067,6.2569,12,23540000.0,2354000.0,307.3548,23320000.0,2376000.0,9.76e-06,0.0,227.62,227.62,209.41,9.26,2914.57,9.26,14.24,13.1,-1.14,1.14,8.0,ENDC,ENEL COLOMBIA S.A. E.S.P.,28794000000.0,0.0,0.03,0.1,0.92,0.025,False
SCEC,SCEC S.A. E.S.P.,CNIOR,CUNDINAMARCA,EEC - CUNDINAMARCA,2024-09-01,HISTORICO,False,8032325.0,6827476.25,1204848.75,85.0,15.0,Cubierta (85.0% Contratos / 15.0% Bolsa),30,267744.17,314.8404,9720000.0,1580000000.0,1027000000.0,4.067,6.2569,12,9630000.0,963000.0,307.3548,9540000.0,972000.0,9.76e-06,0.0,93.12,93.12,85.67,3.79,1192.32,3.79,5.83,5.36,-0.47,0.47,8.0,ENDC,ENEL COLOMBIA S.A. E.S.P.,28794000000.0,0.0,0.03,0.1,0.92,0.025,False
SCEC,SCEC S.A. E.S.P.,CNIOR,SANTANDER,ESSA - SANTANDER,2024-09-01,HISTORICO,False,8032325.0,6827476.25,1204848.75,85.0,15.0,Cubierta (85.0% Contratos / 15.0% Bolsa),30,267744.17,314.8404,15120000.0,1580000000.0,1027000000.0,4.067,6.2569,12,14980000.0,1498000.0,307.3548,14840000.0,1512000.0,9.76e-06,0.0,144.85,144.85,133.26,5.89,1854.73,5.89,9.06,8.34,-0.73,0.73,8.0,ENDC,ENEL COLOMBIA S.A. E.S.P.,28794000000.0,0.0,0.03,0.1,0.92,0.025,False
SCEC,SCEC S.A. E.S.P.,CNIOR,TOLIMA,ELET - TOLIMA,2024-09-01,HISTORICO,False,8032325.0,6827476.25,1204848.75,85.0,15.0,Cubierta (85.0% Contratos / 15.0% Bolsa),30,267744.17,314.8404,8100000.0,1580000000.0,1027000000.0,4.067,6.2569,12,8025000.0,802500.0,307.3548,7950000.0,810000.0,9.76e-06,0.0,77.6,77.6,71.39,3.16,993.6,3.16,4.86,4.47,-0.39,0.39,8.0,ENDC,ENEL COLOMBIA S.A. E.S.P.,28794000000.0,0.0,0.03,0.1,0.92,0.025,False
SCEC,SCEC S.A. E.S.P.,CNIOR,VALLE,CVC - VALLE DEL CAUCA,2024-09-01,HISTORICO,False,8032325.0,6827476.25,1204848.75,85.0,15.0,Cubierta (85.0% Contratos / 15.0% Bolsa),30,267744.17,314.8404,19440000.0,1580000000.0,1027000000.0,4.067,6.2569,12,19260000.0,1926000.0,307.3548,19080000.0,1944000.0,9.76e-06,0.0,186.23,186.23,171.34,7.57,2384.65,7.57,11.65,10.72,-0.93,0.93,8.0,ENDC,ENEL COLOMBIA S.A. E.S.P.,28794000000.0,0.0,0.03,0.1,0.92,0.025,False
SCEC,SCEC S.A. E.S.P.,CNIOR,ANTIOQUIA,EPM - ANTIOQUIA,2024-10-01,HISTORICO,False,8083162.5,6870688.12,1212474.38,85.0,15.0,Cubierta (85.0% Contratos / 15.0% Bolsa),30,269438.75,308.6818,27250000.0,1590000000.0,1033500000.0,4.067,6.2569,12,27000000.0,2700000.0,314.8404,26750000.0,2725000.0,9.53e-06,0.0,254.89,254.89,234.5,10.37,3199.92,10.37,15.95,14.67,-1.28,1.28,8.0,ENDC,ENEL COLOMBIA S.A. E.S.P.,28794000000.0,0.0,0.03,0.1,0.92,0.025,False
SCEC,SCEC S.A. E.S.P.,CNIOR,BOGOTA,ENEL - BOGOTA CUNDINAMARCA,2024-10-01,HISTORICO,False,8083162.5,6870688.12,1212474.38,85.0,15.0,Cubierta (85.0% Contratos / 15.0% Bolsa),30,269438.75,308.6818,38150000.0,1590000000.0,1033500000.0,4.067,6.2569,12,37800000.0,3780000.0,314.8404,37450000.0,3815000.0,9.53e-06,0.0,356.85,356.85,328.3,14.51,4479.89,14.51,22.33,20.54,-1.79,1.79,8.0,ENDC,ENEL COLOMBIA S.A. E.S.P.,28794000000.0,0.0,0.03,0.1,0.92,0.025,False
SCEC,SCEC S.A. E.S.P.,CNIOR,CARIBE_MAR,AFINIA - CARIBE MAR,2024-10-01,HISTORICO,False,8083162.5,6870688.12,1212474.38,85.0,15.0,Cubierta (85.0% Contratos / 15.0% Bolsa),30,269438.75,308.6818,30520000.0,1590000000.0,1033500000.0,4.067,6.2569,12,30240000.0,3024000.0,314.8404,29960000.0,3052000.0,9.53e-06,0.0,285.48,285.48,262.64,11.61,3583.92,11.61,17.86,16.43,-1.43,1.43,8.0,ENDC,ENEL COLOMBIA S.A. E.S.P.,28794000000.0,0.0,0.03,0.1,0.92,0.025,False
SCEC,SCEC S.A. E.S.P.,CNIOR,CARIBE_SOL,AIR-E - CARIBE SOL,2024-10-01,HISTORICO,False,8083162.5,6870688.12,1212474.38,85.0,15.0,Cubierta (85.0% Contratos / 15.0% Bolsa),30,269438.75,308.6818,23980000.0,1590000000.0,1033500000.0,4.067,6.2569,12,23760000.0,2376000.0,314.8404,23540000.0,2398000.0,9.53e-06,0.0,224.3,224.3,206.36,9.12,2815.93,9.12,14.03,12.91,-1.12,1.12,8.0,ENDC,ENEL COLOMBIA S.A. E.S.P.,28794000000.0,0.0,0.03,0.1,0.92,0.025,False
SCEC,SCEC S.A. E.S.P.,CNIOR,CUNDINAMARCA,EEC - CUNDINAMARCA,2024-10-01,HISTORICO,False,8083162.5,6870688.12,1212474.38,85.0,15.0,Cubierta (85.0% Contratos / 15.0% Bolsa),30,269438.75,308.6818,9810000.0,1590000000.0,1033500000.0,4.067,6.2569,12,9720000.0,972000.0,314.8404,9630000.0,981000.0,9.53e-06,0.0,91.76,91.76,84.42,3.73,1151.97,3.73,5.74,5.28,-0.46,0.46,8.0,ENDC,ENEL COLOMBIA S.A. E.S.P.,28794000000.0,0.0,0.03,0.1,0.92,0.025,False
SCEC,SCEC S.A. E.S.P.,CNIOR,SANTANDER,ESSA - SANTANDER,2024-10-01,HISTORICO,False,8083162.5,6870688.12,1212474.38,85.0,15.0,Cubierta (85.0% Contratos / 15.0% Bolsa),30,269438.75,308.6818,15260000.0,1590000000.0,1033500000.0,4.067,6.2569,12,15120000.0,1512000.0,314.8404,14980000.0,1526000.0,9.53e-06,0.0,142.74,142.74,131.32,5.81,1791.96,5.81,8.93,8.22,-0.71,0.71,8.0,ENDC,ENEL COLOMBIA S.A. E.S.P.,28794000000.0,0.0,0.03,0.1,0.92,0.025,False
SCEC,SCEC S.A. E.S.P.,CNIOR,TOLIMA,ELET - TOLIMA,2024-10-01,HISTORICO,False,8083162.5,6870688.12,1212474.38,85.0,15.0,Cubierta (85.0% Contratos / 15.0% Bolsa),30,269438.75,308.6818,8175000.0,1590000000.0,1033500000.0,4.067,6.2569,12,8100000.0,810000.0,314.8404,8025000.0,817500.0,9.53e-06,0.0,76.47,76.47,70.35,3.11,959.98,3.11,4.78,4.4,-0.38,0.38,8.0,ENDC,ENEL COLOMBIA S.A. E.S.P.,28794000000.0,0.0,0.03,0.1,0.92,0.025,False
SCEC,SCEC S.A. E.S.P.,CNIOR,VALLE,CVC - VALLE DEL CAUCA,2024-10-01,HISTORICO,False,8083162.5,6870688.12,1212474.38,85.0,15.0,Cubierta (85.0% Contratos / 15.0% Bolsa),30,269438.75,308.6818,19620000.0,1590000000.0,1033500000.0,4.067,6.2569,12,19440000.0,1944000.0,314.8404,19260000.0,1962000.0,9.53e-06,0.0,183.52,183.52,168.84,7.46,2303.95,7.46,11.48,10.56,-0.92,0.92,8.0,ENDC,ENEL COLOMBIA S.A. E.S.P.,28794000000.0,0.0,0.03,0.1,0.92,0.025,False
SCEC,SCEC S.A. E.S.P.,CNIOR,ANTIOQUIA,EPM - ANTIOQUIA,2024-11-01,HISTORICO,False,8134000.0,6913900.0,1220100.0,85.0,15.0,Cubierta (85.0% Contratos / 15.0% Bolsa),30,271133.33,296.8397,27500000.0,1600000000.0,1040000000.0,4.067,6.2569,12,27250000.0,2725000.0,308.6818,27000000.0,2750000.0,9.72e-06,0.0,262.41,262.41,241.41,10.67,3167.89,10.67,16.42,15.11,-1.31,1.31,8.0,ENDC,ENEL COLOMBIA S.A. E.S.P.,28794000000.0,0.0,0.03,0.1,0.92,0.025,False
SCEC,SCEC S.A. E.S.P.,CNIOR,BOGOTA,ENEL - BOGOTA CUNDINAMARCA,2024-11-01,HISTORICO,False,8134000.0,6913900.0,1220100.0,85.0,15.0,Cubierta (85.0% Contratos / 15.0% Bolsa),30,271133.33,296.8397,38500000.0,1600000000.0,1040000000.0,4.067,6.2569,12,38150000.0,3815000.0,308.6818,37800000.0,3850000.0,9.72e-06,0.0,367.37,367.37,337.98,14.94,4435.05,14.94,22.99,21.15,-1.84,1.84,8.0,ENDC,ENEL COLOMBIA S.A. E.S.P.,28794000000.0,0.0,0.03,0.1,0.92,0.025,False
SCEC,SCEC S.A. E.S.P.,CNIOR,CARIBE_MAR,AFINIA - CARIBE MAR,2024-11-01,HISTORICO,False,8134000.0,6913900.0,1220100.0,85.0,15.0,Cubierta (85.0% Contratos / 15.0% Bolsa),30,271133.33,296.8397,30800000.0,1600000000.0,1040000000.0,4.067,6.2569,12,30520000.0,3052000.0,308.6818,30240000.0,3080000.0,9.72e-06,0.0,293.89,293.89,270.38,11.95,3548.04,11.95,18.39,16.92,-1.47,1.47,8.0,ENDC,ENEL COLOMBIA S.A. E.S.P.,28794000000.0,0.0,0.03,0.1,0.92,0.025,False
SCEC,SCEC S.A. E.S.P.,CNIOR,CARIBE_SOL,AIR-E - CARIBE SOL,2024-11-01,HISTORICO,False,8134000.0,6913900.0,1220100.0,85.0,15.0,Cubierta (85.0% Contratos / 15.0% Bolsa),30,271133.33,296.8397,24200000.0,1600000000.0,1040000000.0,4.067,6.2569,12,23980000.0,2398000.0,308.6818,23760000.0,2420000.0,9.72e-06,0.0,230.92,230.92,212.44,9.39,2787.74,9.39,14.45,13.29,-1.16,1.16,8.0,ENDC,ENEL COLOMBIA S.A. E.S.P.,28794000000.0,0.0,0.03,0.1,0.92,0.025,False
SCEC,SCEC S.A. E.S.P.,CNIOR,CUNDINAMARCA,EEC - CUNDINAMARCA,2024-11-01,HISTORICO,False,8134000.0,6913900.0,1220100.0,85.0,15.0,Cubierta (85.0% Contratos / 15.0% Bolsa),30,271133.33,296.8397,9900000.0,1600000000.0,1040000000.0,4.067,6.2569,12,9810000.0,981000.0,308.6818,9720000.0,990000.0,9.72e-06,0.0,94.47,94.47,86.91,3.84,1140.44,3.84,5.91,5.44,-0.47,0.47,8.0,ENDC,ENEL COLOMBIA S.A. E.S.P.,28794000000.0,0.0,0.03,0.1,0.92,0.025,False
SCEC,SCEC S.A. E.S.P.,CNIOR,SANTANDER,ESSA - SANTANDER,2024-11-01,HISTORICO,False,8134000.0,6913900.0,1220100.0,85.0,15.0,Cubierta (85.0% Contratos / 15.0% Bolsa),30,271133.33,296.8397,15400000.0,1600000000.0,1040000000.0,4.067,6.2569,12,15260000.0,1526000.0,308.6818,15120000.0,1540000.0,9.72e-06,0.0,146.95,146.95,135.19,5.98,1774.02,5.98,9.19,8.46,-0.74,0.74,8.0,ENDC,ENEL COLOMBIA S.A. E.S.P.,28794000000.0,0.0,0.03,0.1,0.92,0.025,False
SCEC,SCEC S.A. E.S.P.,CNIOR,TOLIMA,ELET - TOLIMA,2024-11-01,HISTORICO,False,8134000.0,6913900.0,1220100.0,85.0,15.0,Cubierta (85.0% Contratos / 15.0% Bolsa),30,271133.33,296.8397,8250000.0,1600000000.0,1040000000.0,4.067,6.2569,12,8175000.0,817500.0,308.6818,8100000.0,825000.0,9.72e-06,0.0,78.72,78.72,72.42,3.2,950.37,3.2,4.93,4.53,-0.39,0.39,8.0,ENDC,ENEL COLOMBIA S.A. E.S.P.,28794000000.0,0.0,0.03,0.1,0.92,0.025,False
SCEC,SCEC S.A. E.S.P.,CNIOR,VALLE,CVC - VALLE DEL CAUCA,2024-11-01,HISTORICO,False,8134000.0,6913900.0,1220100.0,85.0,15.0,Cubierta (85.0% Contratos / 15.0% Bolsa),30,271133.33,296.8397,19800000.0,1600000000.0,1040000000.0,4.067,6.2569,12,19620000.0,1962000.0,308.6818,19440000.0,1980000.0,9.72e-06,0.0,188.93,188.93,173.82,7.68,2280.88,7.68,11.82,10.88,-0.95,0.95,8.0,ENDC,ENEL COLOMBIA S.A. E.S.P.,28794000000.0,0.0,0.03,0.1,0.92,0.025,False
SCEC,SCEC S.A. E.S.P.,CNIOR,ANTIOQUIA,EPM - ANTIOQUIA,2024-12-01,HISTORICO,False,8184837.5,6957111.88,1227725.63,85.0,15.0,Cubierta (85.0% Contratos / 15.0% Bolsa),30,272827.92,292.5001,27750000.0,1610000000.0,1046500000.0,4.067,6.2569,12,27500000.0,2750000.0,296.8397,27250000.0,2775000.0,1.011e-05,0.0,275.4,275.4,253.37,11.2,3276.17,11.2,17.23,15.85,-1.38,1.38,8.0,ENDC,ENEL COLOMBIA S.A. E.S.P.,28794000000.0,0.0,0.03,0.1,0.92,0.025,False
SCEC,SCEC S.A. E.S.P.,CNIOR,BOGOTA,ENEL - BOGOTA CUNDINAMARCA,2024-12-01,HISTORICO,False,8184837.5,6957111.88,1227725.63,85.0,15.0,Cubierta (85.0% Contratos / 15.0% Bolsa),30,272827.92,292.5001,38850000.0,1610000000.0,1046500000.0,4.067,6.2569,12,38500000.0,3850000.0,296.8397,38150000.0,3885000.0,1.011e-05,0.0,385.56,385.56,354.72,15.68,4586.63,15.68,24.12,22.19,-1.93,1.93,8.0,ENDC,ENEL COLOMBIA S.A. E.S.P.,28794000000.0,0.0,0.03,0.1,0.92,0.025,False
SCEC,SCEC S.A. E.S.P.,CNIOR,CARIBE_MAR,AFINIA - CARIBE MAR,2024-12-01,HISTORICO,False,8184837.5,6957111.88,1227725.63,85.0,15.0,Cubierta (85.0% Contratos / 15.0% Bolsa),30,272827.92,292.5001,31080000.0,1610000000.0,1046500000.0,4.067,6.2569,12,30800000.0,3080000.0,296.8397,30520000.0,3108000.0,1.011e-05,0.0,308.45,308.45,283.77,12.54,3669.31,12.54,19.3,17.76,-1.54,1.54,8.0,ENDC,ENEL COLOMBIA S.A. E.S.P.,28794000000.0,0.0,0.03,0.1,0.92,0.025,False
SCEC,SCEC S.A. E.S.P.,CNIOR,CARIBE_SOL,AIR-E - CARIBE SOL,2024-12-01,HISTORICO,False,8184837.5,6957111.88,1227725.63,85.0,15.0,Cubierta (85.0% Contratos / 15.0% Bolsa),30,272827.92,292.5001,24420000.0,1610000000.0,1046500000.0,4.067,6.2569,12,24200000.0,2420000.0,296.8397,23980000.0,2442000.0,1.011e-05,0.0,242.35,242.35,222.96,9.86,2883.03,9.86,15.16,13.95,-1.21,1.21,8.0,ENDC,ENEL COLOMBIA S.A. E.S.P.,28794000000.0,0.0,0.03,0.1,0.92,0.025,False
SCEC,SCEC S.A. E.S.P.,CNIOR,CUNDINAMARCA,EEC - CUNDINAMARCA,2024-12-01,HISTORICO,False,8184837.5,6957111.88,1227725.63,85.0,15.0,Cubierta (85.0% Contratos / 15.0% Bolsa),30,272827.92,292.5001,9990000.0,1610000000.0,1046500000.0,4.067,6.2569,12,9900000.0,990000.0,296.8397,9810000.0,999000.0,1.011e-05,0.0,99.14,99.14,91.21,4.03,1179.42,4.03,6.2,5.71,-0.5,0.5,8.0,ENDC,ENEL COLOMBIA S.A. E.S.P.,28794000000.0,0.0,0.03,0.1,0.92,0.025,False
SCEC,SCEC S.A. E.S.P.,CNIOR,SANTANDER,ESSA - SANTANDER,2024-12-01,HISTORICO,False,8184837.5,6957111.88,1227725.63,85.0,15.0,Cubierta (85.0% Contratos / 15.0% Bolsa),30,272827.92,292.5001,15540000.0,1610000000.0,1046500000.0,4.067,6.2569,12,15400000.0,1540000.0,296.8397,15260000.0,1554000.0,1.011e-05,0.0,154.22,154.22,141.89,6.27,1834.65,6.27,9.65,8.88,-0.77,0.77,8.0,ENDC,ENEL COLOMBIA S.A. E.S.P.,28794000000.0,0.0,0.03,0.1,0.92,0.025,False
SCEC,SCEC S.A. E.S.P.,CNIOR,TOLIMA,ELET - TOLIMA,2024-12-01,HISTORICO,False,8184837.5,6957111.88,1227725.63,85.0,15.0,Cubierta (85.0% Contratos / 15.0% Bolsa),30,272827.92,292.5001,8325000.0,1610000000.0,1046500000.0,4.067,6.2569,12,8250000.0,825000.0,296.8397,8175000.0,832500.0,1.011e-05,0.0,82.62,82.62,76.01,3.36,982.85,3.36,5.17,4.76,-0.41,0.41,8.0,ENDC,ENEL COLOMBIA S.A. E.S.P.,28794000000.0,0.0,0.03,0.1,0.92,0.025,False
SCEC,SCEC S.A. E.S.P.,CNIOR,VALLE,CVC - VALLE DEL CAUCA,2024-12-01,HISTORICO,False,8184837.5,6957111.88,1227725.63,85.0,15.0,Cubierta (85.0% Contratos / 15.0% Bolsa),30,272827.92,292.5001,19980000.0,1610000000.0,1046500000.0,4.067,6.2569,12,19800000.0,1980000.0,296.8397,19620000.0,1998000.0,1.011e-05,0.0,198.29,198.29,182.43,8.06,2358.84,8.06,12.41,11.41,-0.99,0.99,8.0,ENDC,ENEL COLOMBIA S.A. E.S.P.,28794000000.0,0.0,0.03,0.1,0.92,0.025,False
SCEC,SCEC S.A. E.S.P.,CNIOR,ANTIOQUIA,EPM - ANTIOQUIA,2025-01-01,HISTORICO,False,8235675.0,7000323.75,1235351.25,85.0,15.0,Cubierta (85.0% Contratos / 15.0% Bolsa),30,274522.5,301.9514,28000000.0,1620000000.0,1053000000.0,4.067,6.2569,12,27750000.0,2775000.0,292.5001,27500000.0,2800000.0,1.026e-05,0.0,282.05,282.05,259.49,11.47,3463.69,11.47,17.65,16.24,-1.41,1.41,8.0,ENDC,ENEL COLOMBIA S.A. E.S.P.,28794000000.0,0.0,0.03,0.1,0.92,0.025,False
SCEC,SCEC S.A. E.S.P.,CNIOR,BOGOTA,ENEL - BOGOTA CUNDINAMARCA,2025-01-01,HISTORICO,False,8235675.0,7000323.75,1235351.25,85.0,15.0,Cubierta (85.0% Contratos / 15.0% Bolsa),30,274522.5,301.9514,39200000.0,1620000000.0,1053000000.0,4.067,6.2569,12,38850000.0,3885000.0,292.5001,38500000.0,3920000.0,1.026e-05,0.0,394.87,394.87,363.28,16.06,4849.17,16.06,24.71,22.73,-1.98,1.98,8.0,ENDC,ENEL COLOMBIA S.A. E.S.P.,28794000000.0,0.0,0.03,0.1,0.92,0.025,False
SCEC,SCEC S.A. E.S.P.,CNIOR,CARIBE_MAR,AFINIA - CARIBE MAR,2025-01-01,HISTORICO,False,8235675.0,7000323.75,1235351.25,85.0,15.0,Cubierta (85.0% Contratos / 15.0% Bolsa),30,274522.5,301.9514,31360000.0,1620000000.0,1053000000.0,4.067,6.2569,12,31080000.0,3108000.0,292.5001,30800000.0,3136000.0,1.026e-05,0.0,315.9,315.9,290.63,12.85,3879.33,12.85,19.77,18.18,-1.58,1.58,8.0,ENDC,ENEL COLOMBIA S.A. E.S.P.,28794000000.0,0.0,0.03,0.1,0.92,0.025,False
SCEC,SCEC S.A. E.S.P.,CNIOR,CARIBE_SOL,AIR-E - CARIBE SOL,2025-01-01,HISTORICO,False,8235675.0,7000323.75,1235351.25,85.0,15.0,Cubierta (85.0% Contratos / 15.0% Bolsa),30,274522.5,301.9514,24640000.0,1620000000.0,1053000000.0,4.067,6.2569,12,24420000.0,2442000.0,292.5001,24200000.0,2464000.0,1.026e-05,0.0,248.21,248.21,228.35,10.09,3048.05,10.09,15.53,14.29,-1.24,1.24,8.0,ENDC,ENEL COLOMBIA S.A. E.S.P.,28794000000.0,0.0,0.03,0.1,0.92,0.025,False
SCEC,SCEC S.A. E.S.P.,CNIOR,CUNDINAMARCA,EEC - CUNDINAMARCA,2025-01-01,HISTORICO,False,8235675.0,7000323.75,1235351.25,85.0,15.0,Cubierta (85.0% Contratos / 15.0% Bolsa),30,274522.5,301.9514,10080000.0,1620000000.0,1053000000.0,4.067,6.2569,12,9990000.0,999000.0,292.5001,9900000.0,1008000.0,1.026e-05,0.0,101.54,101.54,93.42,4.13,1246.93,4.13,6.35,5.84,-0.51,0.51,8.0,ENDC,ENEL COLOMBIA S.A. E.S.P.,28794000000.0,0.0,0.03,0.1,0.92,0.025,False
SCEC,SCEC S.A. E.S.P.,CNIOR,SANTANDER,ESSA - SANTANDER,2025-01-01,HISTORICO,False,8235675.0,7000323.75,1235351.25,85.0,15.0,Cubierta (85.0% Contratos / 15.0% Bolsa),30,274522.5,301.9514,15680000.0,1620000000.0,1053000000.0,4.067,6.2569,12,15540000.0,1554000.0,292.5001,15400000.0,1568000.0,1.026e-05,0.0,157.95,157.95,145.31,6.42,1939.67,6.42,9.88,9.09,-0.79,0.79,8.0,ENDC,ENEL COLOMBIA S.A. E.S.P.,28794000000.0,0.0,0.03,0.1,0.92,0.025,False
SCEC,SCEC S.A. E.S.P.,CNIOR,TOLIMA,ELET - TOLIMA,2025-01-01,HISTORICO,False,8235675.0,7000323.75,1235351.25,85.0,15.0,Cubierta (85.0% Contratos / 15.0% Bolsa),30,274522.5,301.9514,8400000.0,1620000000.0,1053000000.0,4.067,6.2569,12,8325000.0,832500.0,292.5001,8250000.0,840000.0,1.026e-05,0.0,84.62,84.62,77.85,3.44,1039.11,3.44,5.29,4.87,-0.42,0.42,8.0,ENDC,ENEL COLOMBIA S.A. E.S.P.,28794000000.0,0.0,0.03,0.1,0.92,0.025,False
SCEC,SCEC S.A. E.S.P.,CNIOR,VALLE,CVC - VALLE DEL CAUCA,2025-01-01,HISTORICO,False,8235675.0,7000323.75,1235351.25,85.0,15.0,Cubierta (85.0% Contratos / 15.0% Bolsa),30,274522.5,301.9514,20160000.0,1620000000.0,1053000000.0,4.067,6.2569,12,19980000.0,1998000.0,292.5001,19800000.0,2016000.0,1.026e-05,0.0,203.08,203.08,186.83,8.26,2493.86,8.26,12.71,11.69,-1.02,1.02,8.0,ENDC,ENEL COLOMBIA S.A. E.S.P.,28794000000.0,0.0,0.03,0.1,0.92,0.025,False
SCEC,SCEC S.A. E.S.P.,CNIOR,ANTIOQUIA,EPM - ANTIOQUIA,2025-02-01,HISTORICO,False,8286512.5,7043535.62,1242976.88,85.0,15.0,Cubierta (85.0% Contratos / 15.0% Bolsa),30,276217.08,318.8025,28250000.0,1630000000.0,1059500000.0,4.067,6.2569,12,28000000.0,2800000.0,301.9514,27750000.0,2825000.0,9.94e-06,0.0,275.71,275.71,253.65,11.21,3574.73,11.21,17.25,15.87,-1.38,1.38,8.0,ENDC,ENEL COLOMBIA S.A. E.S.P.,28794000000.0,0.0,0.03,0.1,0.92,0.025,False
SCEC,SCEC S.A. E.S.P.,CNIOR,BOGOTA,ENEL - BOGOTA CUNDINAMARCA,2025-02-01,HISTORICO,False,8286512.5,7043535.62,1242976.88,85.0,15.0,Cubierta (85.0% Contratos / 15.0% Bolsa),30,276217.08,318.8025,39550000.0,1630000000.0,1059500000.0,4.067,6.2569,12,39200000.0,3920000.0,301.9514,38850000.0,3955000.0,9.94e-06,0.0,385.99,385.99,355.11,15.7,5004.62,15.7,24.15,22.22,-1.93,1.93,8.0,ENDC,ENEL COLOMBIA S.A. E.S.P.,28794000000.0,0.0,0.03,0.1,0.92,0.025,False
SCEC,SCEC S.A. E.S.P.,CNIOR,CARIBE_MAR,AFINIA - CARIBE MAR,2025-02-01,HISTORICO,False,8286512.5,7043535.62,1242976.88,85.0,15.0,Cubierta (85.0% Contratos / 15.0% Bolsa),30,276217.08,318.8025,31640000.0,1630000000.0,1059500000.0,4.067,6.2569,12,31360000.0,3136000.0,301.9514,31080000.0,3164000.0,9.94e-06,0.0,308.79,308.79,284.09,12.56,4003.7,12.56,19.32,17.78,-1.55,1.55,8.0,ENDC,ENEL COLOMBIA S.A. E.S.P.,28794000000.0,0.0,0.03,0.1,0.92,0.025,False
SCEC,SCEC S.A. E.S.P.,CNIOR,CARIBE_SOL,AIR-E - CARIBE SOL,2025-02-01,HISTORICO,False,8286512.5,7043535.62,1242976.88,85.0,15.0,Cubierta (85.0% Contratos / 15.0% Bolsa),30,276217.08,318.8025,24860000.0,1630000000.0,1059500000.0,4.067,6.2569,12,24640000.0,2464000.0,301.9514,24420000.0,2486000.0,9.94e-06,0.0,242.62,242.62,223.21,9.87,3145.76,9.87,15.18,13.97,-1.21,1.21,8.0,ENDC,ENEL COLOMBIA S.A. E.S.P.,28794000000.0,0.0,0.03,0.1,0.92,0.025,False
SCEC,SCEC S.A. E.S.P.,CNIOR,CUNDINAMARCA,EEC - CUNDINAMARCA,2025-02-01,HISTORICO,False,8286512.5,7043535.62,1242976.88,85.0,15.0,Cubierta (85.0% Contratos / 15.0% Bolsa),30,276217.08,318.8025,10170000.0,1630000000.0,1059500000.0,4.067,6.2569,12,10080000.0,1008000.0,301.9514,9990000.0,1017000.0,9.94e-06,0.0,99.25,99.25,91.31,4.04,1286.9,4.04,6.21,5.71,-0.5,0.5,8.0,ENDC,ENEL COLOMBIA S.A. E.S.P.,28794000000.0,0.0,0.03,0.1,0.92,0.025,False
SCEC,SCEC S.A. E.S.P.,CNIOR,SANTANDER,ESSA - SANTANDER,2025-02-01,HISTORICO,False,8286512.5,7043535.62,1242976.88,85.0,15.0,Cubierta (85.0% Contratos / 15.0% Bolsa),30,276217.08,318.8025,15820000.0,1630000000.0,1059500000.0,4.067,6.2569,12,15680000.0,1568000.0,301.9514,15540000.0,1582000.0,9.94e-06,0.0,154.4,154.4,142.04,6.28,2001.85,6.28,9.66,8.89,-0.77,0.77,8.0,ENDC,ENEL COLOMBIA S.A. E.S.P.,28794000000.0,0.0,0.03,0.1,0.92,0.025,False
SCEC,SCEC S.A. E.S.P.,CNIOR,TOLIMA,ELET - TOLIMA,2025-02-01,HISTORICO,False,8286512.5,7043535.62,1242976.88,85.0,15.0,Cubierta (85.0% Contratos / 15.0% Bolsa),30,276217.08,318.8025,8475000.0,1630000000.0,1059500000.0,4.067,6.2569,12,8400000.0,840000.0,301.9514,8325000.0,847500.0,9.94e-06,0.0,82.71,82.71,76.1,3.36,1072.42,3.36,5.18,4.76,-0.41,0.41,8.0,ENDC,ENEL COLOMBIA S.A. E.S.P.,28794000000.0,0.0,0.03,0.1,0.92,0.025,False
SCEC,SCEC S.A. E.S.P.,CNIOR,VALLE,CVC - VALLE DEL CAUCA,2025-02-01,HISTORICO,False,8286512.5,7043535.62,1242976.88,85.0,15.0,Cubierta (85.0% Contratos / 15.0% Bolsa),30,276217.08,318.8025,20340000.0,1630000000.0,1059500000.0,4.067,6.2569,12,20160000.0,2016000.0,301.9514,19980000.0,2034000.0,9.94e-06,0.0,198.51,198.51,182.63,8.07,2573.8,8.07,12.42,11.43,-0.99,0.99,8.0,ENDC,ENEL COLOMBIA S.A. E.S.P.,28794000000.0,0.0,0.03,0.1,0.92,0.025,False
SCEC,SCEC S.A. E.S.P.,CNIOR,ANTIOQUIA,EPM - ANTIOQUIA,2025-03-01,HISTORICO,False,8337350.0,7086747.5,1250602.5,85.0,15.0,Cubierta (85.0% Contratos / 15.0% Bolsa),30,277911.67,329.8591,28500000.0,1640000000.0,1066000000.0,4.067,6.2569,12,28250000.0,2825000.0,318.8025,28000000.0,2850000.0,9.41e-06,0.0,263.49,263.49,242.41,10.72,3534.76,10.72,16.49,15.17,-1.32,1.32,8.0,ENDC,ENEL COLOMBIA S.A. E.S.P.,28794000000.0,0.0,0.03,0.1,0.92,0.025,False
SCEC,SCEC S.A. E.S.P.,CNIOR,BOGOTA,ENEL - BOGOTA CUNDINAMARCA,2025-03-01,HISTORICO,False,8337350.0,7086747.5,1250602.5,85.0,15.0,Cubierta (85.0% Contratos / 15.0% Bolsa),30,277911.67,329.8591,39900000.0,1640000000.0,1066000000.0,4.067,6.2569,12,39550000.0,3955000.0,318.8025,39200000.0,3990000.0,9.41e-06,0.0,368.88,368.88,339.37,15.0,4948.67,15.0,23.08,21.23,-1.85,1.85,8.0,ENDC,ENEL COLOMBIA S.A. E.S.P.,28794000000.0,0.0,0.03,0.1,0.92,0.025,False
SCEC,SCEC S.A. E.S.P.,CNIOR,CARIBE_MAR,AFINIA - CARIBE MAR,2025-03-01,HISTORICO,False,8337350.0,7086747.5,1250602.5,85.0,15.0,Cubierta (85.0% Contratos / 15.0% Bolsa),30,277911.67,329.8591,31920000.0,1640000000.0,1066000000.0,4.067,6.2569,12,31640000.0,3164000.0,318.8025,31360000.0,3192000.0,9.41e-06,0.0,295.1,295.1,271.5,12.0,3958.93,12.0,18.46,16.99,-1.48,1.48,8.0,ENDC,ENEL COLOMBIA S.A. E.S.P.,28794000000.0,0.0,0.03,0.1,0.92,0.025,False
SCEC,SCEC S.A. E.S.P.,CNIOR,CARIBE_SOL,AIR-E - CARIBE SOL,2025-03-01,HISTORICO,False,8337350.0,7086747.5,1250602.5,85.0,15.0,Cubierta (85.0% Contratos / 15.0% Bolsa),30,277911.67,329.8591,25080000.0,1640000000.0,1066000000.0,4.067,6.2569,12,24860000.0,2486000.0,318.8025,24640000.0,2508000.0,9.41e-06,0.0,231.87,231.87,213.32,9.43,3110.59,9.43,14.51,13.35,-1.16,1.16,8.0,ENDC,ENEL COLOMBIA S.A. E.S.P.,28794000000.0,0.0,0.03,0.1,0.92,0.025,False
SCEC,SCEC S.A. E.S.P.,CNIOR,CUNDINAMARCA,EEC - CUNDINAMARCA,2025-03-01,HISTORICO,False,8337350.0,7086747.5,1250602.5,85.0,15.0,Cubierta (85.0% Contratos / 15.0% Bolsa),30,277911.67,329.8591,10260000.0,1640000000.0,1066000000.0,4.067,6.2569,12,10170000.0,1017000.0,318.8025,10080000.0,1026000.0,9.41e-06,0.0,94.85,94.85,87.27,3.86,1272.51,3.86,5.94,5.46,-0.47,0.47,8.0,ENDC,ENEL COLOMBIA S.A. E.S.P.,28794000000.0,0.0,0.03,0.1,0.92,0.025,False
SCEC,SCEC S.A. E.S.P.,CNIOR,SANTANDER,ESSA - SANTANDER,2025-03-01,HISTORICO,False,8337350.0,7086747.5,1250602.5,85.0,15.0,Cubierta (85.0% Contratos / 15.0% Bolsa),30,277911.67,329.8591,15960000.0,1640000000.0,1066000000.0,4.067,6.2569,12,15820000.0,1582000.0,318.8025,15680000.0,1596000.0,9.41e-06,0.0,147.55,147.55,135.75,6.0,1979.47,6.0,9.23,8.49,-0.74,0.74,8.0,ENDC,ENEL COLOMBIA S.A. E.S.P.,28794000000.0,0.0,0.03,0.1,0.92,0.025,False
SCEC,SCEC S.A. E.S.P.,CNIOR,TOLIMA,ELET - TOLIMA,2025-03-01,HISTORICO,False,8337350.0,7086747.5,1250602.5,85.0,15.0,Cubierta (85.0% Contratos / 15.0% Bolsa),30,277911.67,329.8591,8550000.0,1640000000.0,1066000000.0,4.067,6.2569,12,8475000.0,847500.0,318.8025,8400000.0,855000.0,9.41e-06,0.0,79.05,79.05,72.72,3.21,1060.43,3.21,4.95,4.55,-0.4,0.4,8.0,ENDC,ENEL COLOMBIA S.A. E.S.P.,28794000000.0,0.0,0.03,0.1,0.92,0.025,False
SCEC,SCEC S.A. E.S.P.,CNIOR,VALLE,CVC - VALLE DEL CAUCA,2025-03-01,HISTORICO,False,8337350.0,7086747.5,1250602.5,85.0,15.0,Cubierta (85.0% Contratos / 15.0% Bolsa),30,277911.67,329.8591,20520000.0,1640000000.0,1066000000.0,4.067,6.2569,12,20340000.0,2034000.0,318.8025,20160000.0,2052000.0,9.41e-06,0.0,189.71,189.71,174.53,7.72,2545.03,7.72,11.87,10.92,-0.95,0.95,8.0,ENDC,ENEL COLOMBIA S.A. E.S.P.,28794000000.0,0.0,0.03,0.1,0.92,0.025,False
SCEC,SCEC S.A. E.S.P.,CNIOR,ANTIOQUIA,EPM - ANTIOQUIA,2025-04-01,HISTORICO,False,8388187.5,7129959.38,1258228.13,85.0,15.0,Cubierta (85.0% Contratos / 15.0% Bolsa),30,279606.25,327.2543,28750000.0,1650000000.0,1072500000.0,4.067,6.2569,12,28500000.0,2850000.0,329.8591,28250000.0,2875000.0,9.09e-06,0.0,256.93,256.93,236.37,10.45,3419.56,10.45,16.08,14.79,-1.29,1.29,8.0,ENDC,ENEL COLOMBIA S.A. E.S.P.,28794000000.0,0.0,0.03,0.1,0.92,0.025,False
SCEC,SCEC S.A. E.S.P.,CNIOR,BOGOTA,ENEL - BOGOTA CUNDINAMARCA,2025-04-01,HISTORICO,False,8388187.5,7129959.38,1258228.13,85.0,15.0,Cubierta (85.0% Contratos / 15.0% Bolsa),30,279606.25,327.2543,40250000.0,1650000000.0,1072500000.0,4.067,6.2569,12,39900000.0,3990000.0,329.8591,39550000.0,4025000.0,9.09e-06,0.0,359.7,359.7,330.92,14.63,4787.39,14.63,22.51,20.71,-1.8,1.8,8.0,ENDC,ENEL COLOMBIA S.A. E.S.P.,28794000000.0,0.0,0.03,0.1,0.92,0.025,False
SCEC,SCEC S.A. E.S.P.,CNIOR,CARIBE_MAR,AFINIA - CARIBE MAR,2025-04-01,HISTORICO,False,8388187.5,7129959.38,1258228.13,85.0,15.0,Cubierta (85.0% Contratos / 15.0% Bolsa),30,279606.25,327.2543,32200000.0,1650000000.0,1072500000.0,4.067,6.2569,12,31920000.0,3192000.0,329.8591,31640000.0,3220000.0,9.09e-06,0.0,287.76,287.76,264.74,11.7,3829.91,11.7,18.0,16.56,-1.44,1.44,8.0,ENDC,ENEL COLOMBIA S.A. E.S.P.,28794000000.0,0.0,0.03,0.1,0.92,0.025,False
SCEC,SCEC S.A. E.S.P.,CNIOR,CARIBE_SOL,AIR-E - CARIBE SOL,2025-04-01,HISTORICO,False,8388187.5,7129959.38,1258228.13,85.0,15.0,Cubierta (85.0% Contratos / 15.0% Bolsa),30,279606.25,327.2543,25300000.0,1650000000.0,1072500000.0,4.067,6.2569,12,25080000.0,2508000.0,329.8591,24860000.0,2530000.0,9.09e-06,0.0,226.1,226.1,208.01,9.2,3009.22,9.2,14.15,13.01,-1.13,1.13,8.0,ENDC,ENEL COLOMBIA S.A. E.S.P.,28794000000.0,0.0,0.03,0.1,0.92,0.025,False
SCEC,SCEC S.A. E.S.P.,CNIOR,CUNDINAMARCA,EEC - CUNDINAMARCA,2025-04-01,HISTORICO,False,8388187.5,7129959.38,1258228.13,85.0,15.0,Cubierta (85.0% Contratos / 15.0% Bolsa),30,279606.25,327.2543,10350000.0,1650000000.0,1072500000.0,4.067,6.2569,12,10260000.0,1026000.0,329.8591,10170000.0,1035000.0,9.09e-06,0.0,92.49,92.49,85.09,3.76,1231.04,3.76,5.79,5.32,-0.46,0.46,8.0,ENDC,ENEL COLOMBIA S.A. E.S.P.,28794000000.0,0.0,0.03,0.1,0.92,0.025,False
SCEC,SCEC S.A. E.S.P.,CNIOR,SANTANDER,ESSA - SANTANDER,2025-04-01,HISTORICO,False,8388187.5,7129959.38,1258228.13,85.0,15.0,Cubierta (85.0% Contratos / 15.0% Bolsa),30,279606.25,327.2543,16100000.0,1650000000.0,1072500000.0,4.067,6.2569,12,15960000.0,1596000.0,329.8591,15820000.0,1610000.0,9.09e-06,0.0,143.88,143.88,132.37,5.85,1914.96,5.85,9.0,8.28,-0.72,0.72,8.0,ENDC,ENEL COLOMBIA S.A. E.S.P.,28794000000.0,0.0,0.03,0.1,0.92,0.025,False
SCEC,SCEC S.A. E.S.P.,CNIOR,TOLIMA,ELET - TOLIMA,2025-04-01,HISTORICO,False,8388187.5,7129959.38,1258228.13,85.0,15.0,Cubierta (85.0% Contratos / 15.0% Bolsa),30,279606.25,327.2543,8625000.0,1650000000.0,1072500000.0,4.067,6.2569,12,8550000.0,855000.0,329.8591,8475000.0,862500.0,9.09e-06,0.0,77.08,77.08,70.91,3.13,1025.87,3.13,4.82,4.44,-0.39,0.39,8.0,ENDC,ENEL COLOMBIA S.A. E.S.P.,28794000000.0,0.0,0.03,0.1,0.92,0.025,False
SCEC,SCEC S.A. E.S.P.,CNIOR,VALLE,CVC - VALLE DEL CAUCA,2025-04-01,HISTORICO,False,8388187.5,7129959.38,1258228.13,85.0,15.0,Cubierta (85.0% Contratos / 15.0% Bolsa),30,279606.25,327.2543,20700000.0,1650000000.0,1072500000.0,4.067,6.2569,12,20520000.0,2052000.0,329.8591,20340000.0,2070000.0,9.09e-06,0.0,184.99,184.99,170.19,7.52,2462.09,7.52,11.57,10.65,-0.93,0.93,8.0,ENDC,ENEL COLOMBIA S.A. E.S.P.,28794000000.0,0.0,0.03,0.1,0.92,0.025,False
SCEC,SCEC S.A. E.S.P.,CNIOR,ANTIOQUIA,EPM - ANTIOQUIA,2025-05-01,HISTORICO,False,8439025.0,7173171.25,1265853.75,85.0,15.0,Cubierta (85.0% Contratos / 15.0% Bolsa),30,281300.83,315.6815,29000000.0,1660000000.0,1079000000.0,4.067,6.2569,12,28750000.0,2875000.0,327.2543,28500000.0,2900000.0,9.17e-06,0.0,261.26,261.26,240.36,10.63,3354.32,10.63,16.35,15.04,-1.31,1.31,8.0,ENDC,ENEL COLOMBIA S.A. E.S.P.,28794000000.0,0.0,0.03,0.1,0.92,0.025,False
SCEC,SCEC S.A. E.S.P.,CNIOR,BOGOTA,ENEL - BOGOTA CUNDINAMARCA,2025-05-01,HISTORICO,False,8439025.0,7173171.25,1265853.75,85.0,15.0,Cubierta (85.0% Contratos / 15.0% Bolsa),30,281300.83,315.6815,40600000.0,1660000000.0,1079000000.0,4.067,6.2569,12,40250000.0,4025000.0,327.2543,39900000.0,4060000.0,9.17e-06,0.0,365.77,365.77,336.51,14.88,4696.04,14.88,22.89,21.06,-1.83,1.83,8.0,ENDC,ENEL COLOMBIA S.A. E.S.P.,28794000000.0,0.0,0.03,0.1,0.92,0.025,False
SCEC,SCEC S.A. E.S.P.,CNIOR,CARIBE_MAR,AFINIA - CARIBE MAR,2025-05-01,HISTORICO,False,8439025.0,7173171.25,1265853.75,85.0,15.0,Cubierta (85.0% Contratos / 15.0% Bolsa),30,281300.83,315.6815,32480000.0,1660000000.0,1079000000.0,4.067,6.2569,12,32200000.0,3220000.0,327.2543,31920000.0,3248000.0,9.17e-06,0.0,292.62,292.62,269.21,11.9,3756.83,11.9,18.31,16.84,-1.46,1.46,8.0,ENDC,ENEL COLOMBIA S.A. E.S.P.,28794000000.0,0.0,0.03,0.1,0.92,0.025,False
SCEC,SCEC S.A. E.S.P.,CNIOR,CARIBE_SOL,AIR-E - CARIBE SOL,2025-05-01,HISTORICO,False,8439025.0,7173171.25,1265853.75,85.0,15.0,Cubierta (85.0% Contratos / 15.0% Bolsa),30,281300.83,315.6815,25520000.0,1660000000.0,1079000000.0,4.067,6.2569,12,25300000.0,2530000.0,327.2543,25080000.0,2552000.0,9.17e-06,0.0,229.91,229.91,211.52,9.35,2951.8,9.35,14.39,13.23,-1.15,1.15,8.0,ENDC,ENEL COLOMBIA S.A. E.S.P.,28794000000.0,0.0,0.03,0.1,0.92,0.025,False
SCEC,SCEC S.A. E.S.P.,CNIOR,CUNDINAMARCA,EEC - CUNDINAMARCA,2025-05-01,HISTORICO,False,8439025.0,7173171.25,1265853.75,85.0,15.0,Cubierta (85.0% Contratos / 15.0% Bolsa),30,281300.83,315.6815,10440000.0,1660000000.0,1079000000.0,4.067,6.2569,12,10350000.0,1035000.0,327.2543,10260000.0,1044000.0,9.17e-06,0.0,94.06,94.06,86.53,3.83,1207.55,3.83,5.88,5.41,-0.47,0.47,8.0,ENDC,ENEL COLOMBIA S.A. E.S.P.,28794000000.0,0.0,0.03,0.1,0.92,0.025,False
SCEC,SCEC S.A. E.S.P.,CNIOR,SANTANDER,ESSA - SANTANDER,2025-05-01,HISTORICO,False,8439025.0,7173171.25,1265853.75,85.0,15.0,Cubierta (85.0% Contratos / 15.0% Bolsa),30,281300.83,315.6815,16240000.0,1660000000.0,1079000000.0,4.067,6.2569,12,16100000.0,1610000.0,327.2543,15960000.0,1624000.0,9.17e-06,0.0,146.31,146.31,134.6,5.95,1878.42,5.95,9.15,8.42,-0.73,0.73,8.0,ENDC,ENEL COLOMBIA S.A. E.S.P.,28794000000.0,0.0,0.03,0.1,0.92,0.025,False
SCEC,SCEC S.A. E.S.P.,CNIOR,TOLIMA,ELET - TOLIMA,2025-05-01,HISTORICO,False,8439025.0,7173171.25,1265853.75,85.0,15.0,Cubierta (85.0% Contratos / 15.0% Bolsa),30,281300.83,315.6815,8700000.0,1660000000.0,1079000000.0,4.067,6.2569,12,8625000.0,862500.0,327.2543,8550000.0,870000.0,9.17e-06,0.0,78.38,78.38,72.11,3.19,1006.29,3.19,4.9,4.51,-0.39,0.39,8.0,ENDC,ENEL COLOMBIA S.A. E.S.P.,28794000000.0,0.0,0.03,0.1,0.92,0.025,False
SCEC,SCEC S.A. E.S.P.,CNIOR,VALLE,CVC - VALLE DEL CAUCA,2025-05-01,HISTORICO,False,8439025.0,7173171.25,1265853.75,85.0,15.0,Cubierta (85.0% Contratos / 15.0% Bolsa),30,281300.83,315.6815,20880000.0,1660000000.0,1079000000.0,4.067,6.2569,12,20700000.0,2070000.0,327.2543,20520000.0,2088000.0,9.17e-06,0.0,188.11,188.11,173.06,7.65,2415.11,7.65,11.77,10.83,-0.94,0.94,8.0,ENDC,ENEL COLOMBIA S.A. E.S.P.,28794000000.0,0.0,0.03,0.1,0.92,0.025,False
SCEC,SCEC S.A. E.S.P.,CNIOR,ANTIOQUIA,EPM - ANTIOQUIA,2025-06-01,HISTORICO,False,8489862.5,7216383.12,1273479.38,85.0,15.0,Cubierta (85.0% Contratos / 15.0% Bolsa),30,282995.42,308.079,29250000.0,1670000000.0,1085500000.0,4.067,6.2569,12,29000000.0,2900000.0,315.6815,28750000.0,2925000.0,9.5e-06,0.0,273.22,273.22,251.36,11.11,3423.31,11.11,17.1,15.73,-1.37,1.37,8.0,ENDC,ENEL COLOMBIA S.A. E.S.P.,28794000000.0,0.0,0.03,0.1,0.92,0.025,False
SCEC,SCEC S.A. E.S.P.,CNIOR,BOGOTA,ENEL - BOGOTA CUNDINAMARCA,2025-06-01,HISTORICO,False,8489862.5,7216383.12,1273479.38,85.0,15.0,Cubierta (85.0% Contratos / 15.0% Bolsa),30,282995.42,308.079,40950000.0,1670000000.0,1085500000.0,4.067,6.2569,12,40600000.0,4060000.0,315.6815,40250000.0,4095000.0,9.5e-06,0.0,382.51,382.51,351.91,15.56,4792.63,15.56,23.93,22.02,-1.91,1.91,8.0,ENDC,ENEL COLOMBIA S.A. E.S.P.,28794000000.0,0.0,0.03,0.1,0.92,0.025,False
SCEC,SCEC S.A. E.S.P.,CNIOR,CARIBE_MAR,AFINIA - CARIBE MAR,2025-06-01,HISTORICO,False,8489862.5,7216383.12,1273479.38,85.0,15.0,Cubierta (85.0% Contratos / 15.0% Bolsa),30,282995.42,308.079,32760000.0,1670000000.0,1085500000.0,4.067,6.2569,12,32480000.0,3248000.0,315.6815,32200000.0,3276000.0,9.5e-06,0.0,306.0,306.0,281.52,12.45,3834.11,12.45,19.15,17.61,-1.53,1.53,8.0,ENDC,ENEL COLOMBIA S.A. E.S.P.,28794000000.0,0.0,0.03,0.1,0.92,0.025,False
SCEC,SCEC S.A. E.S.P.,CNIOR,CARIBE_SOL,AIR-E - CARIBE SOL,2025-06-01,HISTORICO,False,8489862.5,7216383.12,1273479.38,85.0,15.0,Cubierta (85.0% Contratos / 15.0% Bolsa),30,282995.42,308.079,25740000.0,1670000000.0,1085500000.0,4.067,6.2569,12,25520000.0,2552000.0,315.6815,25300000.0,2574000.0,9.5e-06,0.0,240.43,240.43,221.2,9.78,3012.51,9.78,15.04,13.84,-1.2,1.2,8.0,ENDC,ENEL COLOMBIA S.A. E.S.P.,28794000000.0,0.0,0.03,0.1,0.92,0.025,False
SCEC,SCEC S.A. E.S.P.,CNIOR,CUNDINAMARCA,EEC - CUNDINAMARCA,2025-06-01,HISTORICO,False,8489862.5,7216383.12,1273479.38,85.0,15.0,Cubierta (85.0% Contratos / 15.0% Bolsa),30,282995.42,308.079,10530000.0,1670000000.0,1085500000.0,4.067,6.2569,12,10440000.0,1044000.0,315.6815,10350000.0,1053000.0,9.5e-06,0.0,98.36,98.36,90.49,4.0,1232.39,4.0,6.15,5.66,-0.49,0.49,8.0,ENDC,ENEL COLOMBIA S.A. E.S.P.,28794000000.0,0.0,0.03,0.1,0.92,0.025,False
SCEC,SCEC S.A. E.S.P.,CNIOR,SANTANDER,ESSA - SANTANDER,2025-06-01,HISTORICO,False,8489862.5,7216383.12,1273479.38,85.0,15.0,Cubierta (85.0% Contratos / 15.0% Bolsa),30,282995.42,308.079,16380000.0,1670000000.0,1085500000.0,4.067,6.2569,12,16240000.0,1624000.0,315.6815,16100000.0,1638000.0,9.5e-06,0.0,153.0,153.0,140.76,6.22,1917.05,6.22,9.57,8.81,-0.77,0.77,8.0,ENDC,ENEL COLOMBIA S.A. E.S.P.,28794000000.0,0.0,0.03,0.1,0.92,0.025,False
SCEC,SCEC S.A. E.S.P.,CNIOR,TOLIMA,ELET - TOLIMA,2025-06-01,HISTORICO,False,8489862.5,7216383.12,1273479.38,85.0,15.0,Cubierta (85.0% Contratos / 15.0% Bolsa),30,282995.42,308.079,8775000.0,1670000000.0,1085500000.0,4.067,6.2569,12,8700000.0,870000.0,315.6815,8625000.0,877500.0,9.5e-06,0.0,81.97,81.97,75.41,3.33,1026.99,3.33,5.13,4.72,-0.41,0.41,8.0,ENDC,ENEL COLOMBIA S.A. E.S.P.,28794000000.0,0.0,0.03,0.1,0.92,0.025,False
SCEC,SCEC S.A. E.S.P.,CNIOR,VALLE,CVC - VALLE DEL CAUCA,2025-06-01,HISTORICO,False,8489862.5,7216383.12,1273479.38,85.0,15.0,Cubierta (85.0% Contratos / 15.0% Bolsa),30,282995.42,308.079,21060000.0,1670000000.0,1085500000.0,4.067,6.2569,12,20880000.0,2088000.0,315.6815,20700000.0,2106000.0,9.5e-06,0.0,196.72,196.72,180.98,8.0,2464.78,8.0,12.31,11.32,-0.98,0.98,8.0,ENDC,ENEL COLOMBIA S.A. E.S.P.,28794000000.0,0.0,0.03,0.1,0.92,0.025,False
SCEC,SCEC S.A. E.S.P.,CNIOR,ANTIOQUIA,EPM - ANTIOQUIA,2025-07-01,HISTORICO,False,8540700.0,7259595.0,1281105.0,85.0,15.0,Cubierta (85.0% Contratos / 15.0% Bolsa),30,284690.0,313.7352,29500000.0,1680000000.0,1092000000.0,4.067,6.2569,12,29250000.0,2925000.0,308.079,29000000.0,2950000.0,9.74e-06,0.0,282.4,282.4,259.8,11.49,3603.25,11.49,17.67,16.26,-1.41,1.41,8.0,ENDC,ENEL COLOMBIA S.A. E.S.P.,28794000000.0,0.0,0.03,0.1,0.92,0.025,False
SCEC,SCEC S.A. E.S.P.,CNIOR,BOGOTA,ENEL - BOGOTA CUNDINAMARCA,2025-07-01,HISTORICO,False,8540700.0,7259595.0,1281105.0,85.0,15.0,Cubierta (85.0% Contratos / 15.0% Bolsa),30,284690.0,313.7352,41300000.0,1680000000.0,1092000000.0,4.067,6.2569,12,40950000.0,4095000.0,308.079,40600000.0,4130000.0,9.74e-06,0.0,395.35,395.35,363.72,16.08,5044.55,16.08,24.74,22.76,-1.98,1.98,8.0,ENDC,ENEL COLOMBIA S.A. E.S.P.,28794000000.0,0.0,0.03,0.1,0.92,0.025,False
SCEC,SCEC S.A. E.S.P.,CNIOR,CARIBE_MAR,AFINIA - CARIBE MAR,2025-07-01,HISTORICO,False,8540700.0,7259595.0,1281105.0,85.0,15.0,Cubierta (85.0% Contratos / 15.0% Bolsa),30,284690.0,313.7352,33040000.0,1680000000.0,1092000000.0,4.067,6.2569,12,32760000.0,3276000.0,308.079,32480000.0,3304000.0,9.74e-06,0.0,316.28,316.28,290.98,12.86,4035.64,12.86,19.79,18.21,-1.58,1.58,8.0,ENDC,ENEL COLOMBIA S.A. E.S.P.,28794000000.0,0.0,0.03,0.1,0.92,0.025,False
SCEC,SCEC S.A. E.S.P.,CNIOR,CARIBE_SOL,AIR-E - CARIBE SOL,2025-07-01,HISTORICO,False,8540700.0,7259595.0,1281105.0,85.0,15.0,Cubierta (85.0% Contratos / 15.0% Bolsa),30,284690.0,313.7352,25960000.0,1680000000.0,1092000000.0,4.067,6.2569,12,25740000.0,2574000.0,308.079,25520000.0,2596000.0,9.74e-06,0.0,248.51,248.51,228.63,10.11,3170.86,10.11,15.55,14.31,-1.24,1.24,8.0,ENDC,ENEL COLOMBIA S.A. E.S.P.,28794000000.0,0.0,0.03,0.1,0.92,0.025,False
SCEC,SCEC S.A. E.S.P.,CNIOR,CUNDINAMARCA,EEC - CUNDINAMARCA,2025-07-01,HISTORICO,False,8540700.0,7259595.0,1281105.0,85.0,15.0,Cubierta (85.0% Contratos / 15.0% Bolsa),30,284690.0,313.7352,10620000.0,1680000000.0,1092000000.0,4.067,6.2569,12,10530000.0,1053000.0,308.079,10440000.0,1062000.0,9.74e-06,0.0,101.66,101.66,93.53,4.13,1297.17,4.13,6.36,5.85,-0.51,0.51,8.0,ENDC,ENEL COLOMBIA S.A. E.S.P.,28794000000.0,0.0,0.03,0.1,0.92,0.025,False
SCEC,SCEC S.A. E.S.P.,CNIOR,SANTANDER,ESSA - SANTANDER,2025-07-01,HISTORICO,False,8540700.0,7259595.0,1281105.0,85.0,15.0,Cubierta (85.0% Contratos / 15.0% Bolsa),30,284690.0,313.7352,16520000.0,1680000000.0,1092000000.0,4.067,6.2569,12,16380000.0,1638000.0,308.079,16240000.0,1652000.0,9.74e-06,0.0,158.14,158.14,145.49,6.43,2017.82,6.43,9.89,9.1,-0.79,0.79,8.0,ENDC,ENEL COLOMBIA S.A. E.S.P.,28794000000.0,0.0,0.03,0.1,0.92,0.025,False
SCEC,SCEC S.A. E.S.P.,CNIOR,TOLIMA,ELET - TOLIMA,2025-07-01,HISTORICO,False,8540700.0,7259595.0,1281105.0,85.0,15.0,Cubierta (85.0% Contratos / 15.0% Bolsa),30,284690.0,313.7352,8850000.0,1680000000.0,1092000000.0,4.067,6.2569,12,8775000.0,877500.0,308.079,8700000.0,885000.0,9.74e-06,0.0,84.72,84.72,77.94,3.45,1080.98,3.45,5.3,4.88,-0.42,0.42,8.0,ENDC,ENEL COLOMBIA S.A. E.S.P.,28794000000.0,0.0,0.03,0.1,0.92,0.025,False
SCEC,SCEC S.A. E.S.P.,CNIOR,VALLE,CVC - VALLE DEL CAUCA,2025-07-01,HISTORICO,False,8540700.0,7259595.0,1281105.0,85.0,15.0,Cubierta (85.0% Contratos / 15.0% Bolsa),30,284690.0,313.7352,21240000.0,1680000000.0,1092000000.0,4.067,6.2569,12,21060000.0,2106000.0,308.079,20880000.0,2124000.0,9.74e-06,0.0,203.32,203.32,187.06,8.27,2594.34,8.27,12.72,11.7,-1.02,1.02,8.0,ENDC,ENEL COLOMBIA S.A. E.S.P.,28794000000.0,0.0,0.03,0.1,0.92,0.025,False
SCEC,SCEC S.A. E.S.P.,CNIOR,ANTIOQUIA,EPM - ANTIOQUIA,2025-08-01,HISTORICO,False,8591537.5,7302806.88,1288730.63,85.0,15.0,Cubierta (85.0% Contratos / 15.0% Bolsa),30,286384.58,329.7482,29750000.0,1690000000.0,1098500000.0,4.067,6.2569,12,29500000.0,2950000.0,313.7352,29250000.0,2975000.0,9.56e-06,0.0,279.69,279.69,257.32,11.38,3750.94,11.38,17.5,16.1,-1.4,1.4,8.0,ENDC,ENEL COLOMBIA S.A. E.S.P.,28794000000.0,0.0,0.03,0.1,0.92,0.025,False
SCEC,SCEC S.A. E.S.P.,CNIOR,BOGOTA,ENEL - BOGOTA CUNDINAMARCA,2025-08-01,HISTORICO,False,8591537.5,7302806.88,1288730.63,85.0,15.0,Cubierta (85.0% Contratos / 15.0% Bolsa),30,286384.58,329.7482,41650000.0,1690000000.0,1098500000.0,4.067,6.2569,12,41300000.0,4130000.0,313.7352,40950000.0,4165000.0,9.56e-06,0.0,391.57,391.57,360.25,15.93,5251.32,15.93,24.5,22.54,-1.96,1.96,8.0,ENDC,ENEL COLOMBIA S.A. E.S.P.,28794000000.0,0.0,0.03,0.1,0.92,0.025,False
SCEC,SCEC S.A. E.S.P.,CNIOR,CARIBE_MAR,AFINIA - CARIBE MAR,2025-08-01,HISTORICO,False,8591537.5,7302806.88,1288730.63,85.0,15.0,Cubierta (85.0% Contratos / 15.0% Bolsa),30,286384.58,329.7482,33320000.0,1690000000.0,1098500000.0,4.067,6.2569,12,33040000.0,3304000.0,313.7352,32760000.0,3332000.0,9.56e-06,0.0,313.26,313.26,288.2,12.74,4201.06,12.74,19.6,18.03,-1.57,1.57,8.0,ENDC,ENEL COLOMBIA S.A. E.S.P.,28794000000.0,0.0,0.03,0.1,0.92,0.025,False
SCEC,SCEC S.A. E.S.P.,CNIOR,CARIBE_SOL,AIR-E - CARIBE SOL,2025-08-01,HISTORICO,False,8591537.5,7302806.88,1288730.63,85.0,15.0,Cubierta (85.0% Contratos / 15.0% Bolsa),30,286384.58,329.7482,26180000.0,1690000000.0,1098500000.0,4.067,6.2569,12,25960000.0,2596000.0,313.7352,25740000.0,2618000.0,9.56e-06,0.0,246.13,246.13,226.44,10.01,3300.83,10.01,15.4,14.17,-1.23,1.23,8.0,ENDC,ENEL COLOMBIA S.A. E.S.P.,28794000000.0,0.0,0.03,0.1,0.92,0.025,False
SCEC,SCEC S.A. E.S.P.,CNIOR,CUNDINAMARCA,EEC - CUNDINAMARCA,2025-08-01,HISTORICO,False,8591537.5,7302806.88,1288730.63,85.0,15.0,Cubierta (85.0% Contratos / 15.0% Bolsa),30,286384.58,329.7482,10710000.0,1690000000.0,1098500000.0,4.067,6.2569,12,10620000.0,1062000.0,313.7352,10530000.0,1071000.0,9.56e-06,0.0,100.69,100.69,92.63,4.1,1350.34,4.1,6.3,5.8,-0.5,0.5,8.0,ENDC,ENEL COLOMBIA S.A. E.S.P.,28794000000.0,0.0,0.03,0.1,0.92,0.025,False
SCEC,SCEC S.A. E.S.P.,CNIOR,SANTANDER,ESSA - SANTANDER,2025-08-01,HISTORICO,False,8591537.5,7302806.88,1288730.63,85.0,15.0,Cubierta (85.0% Contratos / 15.0% Bolsa),30,286384.58,329.7482,16660000.0,1690000000.0,1098500000.0,4.067,6.2569,12,16520000.0,1652000.0,313.7352,16380000.0,1666000.0,9.56e-06,0.0,156.63,156.63,144.1,6.37,2100.53,6.37,9.8,9.02,-0.78,0.78,8.0,ENDC,ENEL COLOMBIA S.A. E.S.P.,28794000000.0,0.0,0.03,0.1,0.92,0.025,False
SCEC,SCEC S.A. E.S.P.,CNIOR,TOLIMA,ELET - TOLIMA,2025-08-01,HISTORICO,False,8591537.5,7302806.88,1288730.63,85.0,15.0,Cubierta (85.0% Contratos / 15.0% Bolsa),30,286384.58,329.7482,8925000.0,1690000000.0,1098500000.0,4.067,6.2569,12,8850000.0,885000.0,313.7352,8775000.0,892500.0,9.56e-06,0.0,83.91,83.91,77.2,3.41,1125.28,3.41,5.25,4.83,-0.42,0.42,8.0,ENDC,ENEL COLOMBIA S.A. E.S.P.,28794000000.0,0.0,0.03,0.1,0.92,0.025,False
SCEC,SCEC S.A. E.S.P.,CNIOR,VALLE,CVC - VALLE DEL CAUCA,2025-08-01,HISTORICO,False,8591537.5,7302806.88,1288730.63,85.0,15.0,Cubierta (85.0% Contratos / 15.0% Bolsa),30,286384.58,329.7482,21420000.0,1690000000.0,1098500000.0,4.067,6.2569,12,21240000.0,2124000.0,313.7352,21060000.0,2142000.0,9.56e-06,0.0,201.38,201.38,185.27,8.19,2700.68,8.19,12.6,11.59,-1.01,1.01,8.0,ENDC,ENEL COLOMBIA S.A. E.S.P.,28794000000.0,0.0,0.03,0.1,0.92,0.025,False
SCEC,SCEC S.A. E.S.P.,CNIOR,ANTIOQUIA,EPM - ANTIOQUIA,2025-09-01,HISTORICO,False,8642375.0,7346018.75,1296356.25,85.0,15.0,Cubierta (85.0% Contratos / 15.0% Bolsa),30,288079.17,343.6942,30000000.0,1700000000.0,1105000000.0,4.067,6.2569,12,29750000.0,2975000.0,329.7482,29500000.0,3000000.0,9.1e-06,0.0,268.39,268.39,246.92,10.92,3751.52,10.92,16.79,15.45,-1.34,1.34,8.0,ENDC,ENEL COLOMBIA S.A. E.S.P.,28794000000.0,0.0,0.03,0.1,0.92,0.025,False
SCEC,SCEC S.A. E.S.P.,CNIOR,BOGOTA,ENEL - BOGOTA CUNDINAMARCA,2025-09-01,HISTORICO,False,8642375.0,7346018.75,1296356.25,85.0,15.0,Cubierta (85.0% Contratos / 15.0% Bolsa),30,288079.17,343.6942,42000000.0,1700000000.0,1105000000.0,4.067,6.2569,12,41650000.0,4165000.0,329.7482,41300000.0,4200000.0,9.1e-06,0.0,375.74,375.74,345.68,15.28,5252.13,15.28,23.51,21.63,-1.88,1.88,8.0,ENDC,ENEL COLOMBIA S.A. E.S.P.,28794000000.0,0.0,0.03,0.1,0.92,0.025,False
SCEC,SCEC S.A. E.S.P.,CNIOR,CARIBE_MAR,AFINIA - CARIBE MAR,2025-09-01,HISTORICO,False,8642375.0,7346018.75,1296356.25,85.0,15.0,Cubierta (85.0% Contratos / 15.0% Bolsa),30,288079.17,343.6942,33600000.0,1700000000.0,1105000000.0,4.067,6.2569,12,33320000.0,3332000.0,329.7482,33040000.0,3360000.0,9.1e-06,0.0,300.59,300.59,276.55,12.23,4201.7,12.23,18.81,17.3,-1.5,1.5,8.0,ENDC,ENEL COLOMBIA S.A. E.S.P.,28794000000.0,0.0,0.03,0.1,0.92,0.025,False
SCEC,SCEC S.A. E.S.P.,CNIOR,CARIBE_SOL,AIR-E - CARIBE SOL,2025-09-01,HISTORICO,False,8642375.0,7346018.75,1296356.25,85.0,15.0,Cubierta (85.0% Contratos / 15.0% Bolsa),30,288079.17,343.6942,26400000.0,1700000000.0,1105000000.0,4.067,6.2569,12,26180000.0,2618000.0,329.7482,25960000.0,2640000.0,9.1e-06,0.0,236.18,236.18,217.29,9.61,3301.34,9.61,14.78,13.6,-1.18,1.18,8.0,ENDC,ENEL COLOMBIA S.A. E.S.P.,28794000000.0,0.0,0.03,0.1,0.92,0.025,False
SCEC,SCEC S.A. E.S.P.,CNIOR,CUNDINAMARCA,EEC - CUNDINAMARCA,2025-09-01,HISTORICO,False,8642375.0,7346018.75,1296356.25,85.0,15.0,Cubierta (85.0% Contratos / 15.0% Bolsa),30,288079.17,343.6942,10800000.0,1700000000.0,1105000000.0,4.067,6.2569,12,10710000.0,1071000.0,329.7482,10620000.0,1080000.0,9.1e-06,0.0,96.62,96.62,88.89,3.93,1350.55,3.93,6.05,5.56,-0.48,0.48,8.0,ENDC,ENEL COLOMBIA S.A. E.S.P.,28794000000.0,0.0,0.03,0.1,0.92,0.025,False
SCEC,SCEC S.A. E.S.P.,CNIOR,SANTANDER,ESSA - SANTANDER,2025-09-01,HISTORICO,False,8642375.0,7346018.75,1296356.25,85.0,15.0,Cubierta (85.0% Contratos / 15.0% Bolsa),30,288079.17,343.6942,16800000.0,1700000000.0,1105000000.0,4.067,6.2569,12,16660000.0,1666000.0,329.7482,16520000.0,1680000.0,9.1e-06,0.0,150.3,150.3,138.27,6.11,2100.85,6.11,9.4,8.65,-0.75,0.75,8.0,ENDC,ENEL COLOMBIA S.A. E.S.P.,28794000000.0,0.0,0.03,0.1,0.92,0.025,False
SCEC,SCEC S.A. E.S.P.,CNIOR,TOLIMA,ELET - TOLIMA,2025-09-01,HISTORICO,False,8642375.0,7346018.75,1296356.25,85.0,15.0,Cubierta (85.0% Contratos / 15.0% Bolsa),30,288079.17,343.6942,9000000.0,1700000000.0,1105000000.0,4.067,6.2569,12,8925000.0,892500.0,329.7482,8850000.0,900000.0,9.1e-06,0.0,80.52,80.52,74.07,3.27,1125.46,3.27,5.04,4.63,-0.4,0.4,8.0,ENDC,ENEL COLOMBIA S.A. E.S.P.,28794000000.0,0.0,0.03,0.1,0.92,0.025,False
SCEC,SCEC S.A. E.S.P.,CNIOR,VALLE,CVC - VALLE DEL CAUCA,2025-09-01,HISTORICO,False,8642375.0,7346018.75,1296356.25,85.0,15.0,Cubierta (85.0% Contratos / 15.0% Bolsa),30,288079.17,343.6942,21600000.0,1700000000.0,1105000000.0,4.067,6.2569,12,21420000.0,2142000.0,329.7482,21240000.0,2160000.0,9.1e-06,0.0,193.24,193.24,177.78,7.86,2701.09,7.86,12.09,11.12,-0.97,0.97,8.0,ENDC,ENEL COLOMBIA S.A. E.S.P.,28794000000.0,0.0,0.03,0.1,0.92,0.025,False
SCEC,SCEC S.A. E.S.P.,CNIOR,ANTIOQUIA,EPM - ANTIOQUIA,2025-10-01,HISTORICO,False,8693212.5,7389230.62,1303981.88,85.0,15.0,Cubierta (85.0% Contratos / 15.0% Bolsa),30,289773.75,345.0498,30250000.0,1710000000.0,1111500000.0,4.067,6.2569,12,30000000.0,3000000.0,343.6942,29750000.0,3025000.0,8.73e-06,0.0,259.68,259.68,238.9,10.56,3644.11,10.56,16.25,14.95,-1.3,1.3,8.0,ENDC,ENEL COLOMBIA S.A. E.S.P.,28794000000.0,0.0,0.03,0.1,0.92,0.025,False
SCEC,SCEC S.A. E.S.P.,CNIOR,BOGOTA,ENEL - BOGOTA CUNDINAMARCA,2025-10-01,HISTORICO,False,8693212.5,7389230.62,1303981.88,85.0,15.0,Cubierta (85.0% Contratos / 15.0% Bolsa),30,289773.75,345.0498,42350000.0,1710000000.0,1111500000.0,4.067,6.2569,12,42000000.0,4200000.0,343.6942,41650000.0,4235000.0,8.73e-06,0.0,363.55,363.55,334.47,14.79,5101.76,14.79,22.75,20.93,-1.82,1.82,8.0,ENDC,ENEL COLOMBIA S.A. E.S.P.,28794000000.0,0.0,0.03,0.1,0.92,0.025,False
SCEC,SCEC S.A. E.S.P.,CNIOR,CARIBE_MAR,AFINIA - CARIBE MAR,2025-10-01,HISTORICO,False,8693212.5,7389230.62,1303981.88,85.0,15.0,Cubierta (85.0% Contratos / 15.0% Bolsa),30,289773.75,345.0498,33880000.0,1710000000.0,1111500000.0,4.067,6.2569,12,33600000.0,3360000.0,343.6942,33320000.0,3388000.0,8.73e-06,0.0,290.84,290.84,267.57,11.83,4081.41,11.83,18.2,16.74,-1.46,1.46,8.0,ENDC,ENEL COLOMBIA S.A. E.S.P.,28794000000.0,0.0,0.03,0.1,0.92,0.025,False
SCEC,SCEC S.A. E.S.P.,CNIOR,CARIBE_SOL,AIR-E - CARIBE SOL,2025-10-01,HISTORICO,False,8693212.5,7389230.62,1303981.88,85.0,15.0,Cubierta (85.0% Contratos / 15.0% Bolsa),30,289773.75,345.0498,26620000.0,1710000000.0,1111500000.0,4.067,6.2569,12,26400000.0,2640000.0,343.6942,26180000.0,2662000.0,8.73e-06,0.0,228.52,228.52,210.24,9.29,3206.82,9.29,14.3,13.15,-1.14,1.14,8.0,ENDC,ENEL COLOMBIA S.A. E.S.P.,28794000000.0,0.0,0.03,0.1,0.92,0.025,False
SCEC,SCEC S.A. E.S.P.,CNIOR,CUNDINAMARCA,EEC - CUNDINAMARCA,2025-10-01,HISTORICO,False,8693212.5,7389230.62,1303981.88,85.0,15.0,Cubierta (85.0% Contratos / 15.0% Bolsa),30,289773.75,345.0498,10890000.0,1710000000.0,1111500000.0,4.067,6.2569,12,10800000.0,1080000.0,343.6942,10710000.0,1089000.0,8.73e-06,0.0,93.48,93.48,86.01,3.8,1311.88,3.8,5.85,5.38,-0.47,0.47,8.0,ENDC,ENEL COLOMBIA S.A. E.S.P.,28794000000.0,0.0,0.03,0.1,0.92,0.025,False
SCEC,SCEC S.A. E.S.P.,CNIOR,SANTANDER,ESSA - SANTANDER,2025-10-01,HISTORICO,False,8693212.5,7389230.62,1303981.88,85.0,15.0,Cubierta (85.0% Contratos / 15.0% Bolsa),30,289773.75,345.0498,16940000.0,1710000000.0,1111500000.0,4.067,6.2569,12,16800000.0,1680000.0,343.6942,16660000.0,1694000.0,8.73e-06,0.0,145.42,145.42,133.79,5.91,2040.7,5.91,9.1,8.37,-0.73,0.73,8.0,ENDC,ENEL COLOMBIA S.A. E.S.P.,28794000000.0,0.0,0.03,0.1,0.92,0.025,False
SCEC,SCEC S.A. E.S.P.,CNIOR,TOLIMA,ELET - TOLIMA,2025-10-01,HISTORICO,False,8693212.5,7389230.62,1303981.88,85.0,15.0,Cubierta (85.0% Contratos / 15.0% Bolsa),30,289773.75,345.0498,9075000.0,1710000000.0,1111500000.0,4.067,6.2569,12,9000000.0,900000.0,343.6942,8925000.0,907500.0,8.73e-06,0.0,77.9,77.9,71.67,3.17,1093.23,3.17,4.87,4.48,-0.39,0.39,8.0,ENDC,ENEL COLOMBIA S.A. E.S.P.,28794000000.0,0.0,0.03,0.1,0.92,0.025,False
SCEC,SCEC S.A. E.S.P.,CNIOR,VALLE,CVC - VALLE DEL CAUCA,2025-10-01,HISTORICO,False,8693212.5,7389230.62,1303981.88,85.0,15.0,Cubierta (85.0% Contratos / 15.0% Bolsa),30,289773.75,345.0498,21780000.0,1710000000.0,1111500000.0,4.067,6.2569,12,21600000.0,2160000.0,343.6942,21420000.0,2178000.0,8.73e-06,0.0,186.97,186.97,172.01,7.6,2623.76,7.6,11.7,10.76,-0.94,0.94,8.0,ENDC,ENEL COLOMBIA S.A. E.S.P.,28794000000.0,0.0,0.03,0.1,0.92,0.025,False
SCEC,SCEC S.A. E.S.P.,CNIOR,ANTIOQUIA,EPM - ANTIOQUIA,2025-11-01,HISTORICO,False,8744050.0,7432442.5,1311607.5,85.0,15.0,Cubierta (85.0% Contratos / 15.0% Bolsa),30,291468.33,334.8672,30500000.0,1720000000.0,1118000000.0,4.067,6.2569,12,30250000.0,3025000.0,345.0498,30000000.0,3050000.0,8.69e-06,0.0,260.83,260.83,239.97,10.61,3552.28,10.61,16.32,15.01,-1.31,1.31,8.0,ENDC,ENEL COLOMBIA S.A. E.S.P.,28794000000.0,0.0,0.03,0.1,0.92,0.025,False
SCEC,SCEC S.A. E.S.P.,CNIOR,BOGOTA,ENEL - BOGOTA CUNDINAMARCA,2025-11-01,HISTORICO,False,8744050.0,7432442.5,1311607.5,85.0,15.0,Cubierta (85.0% Contratos / 15.0% Bolsa),30,291468.33,334.8672,42700000.0,1720000000.0,1118000000.0,4.067,6.2569,12,42350000.0,4235000.0,345.0498,42000000.0,4270000.0,8.69e-06,0.0,365.16,365.16,335.95,14.85,4973.2,14.85,22.85,21.02,-1.83,1.83,8.0,ENDC,ENEL COLOMBIA S.A. E.S.P.,28794000000.0,0.0,0.03,0.1,0.92,0.025,False
SCEC,SCEC S.A. E.S.P.,CNIOR,CARIBE_MAR,AFINIA - CARIBE MAR,2025-11-01,HISTORICO,False,8744050.0,7432442.5,1311607.5,85.0,15.0,Cubierta (85.0% Contratos / 15.0% Bolsa),30,291468.33,334.8672,34160000.0,1720000000.0,1118000000.0,4.067,6.2569,12,33880000.0,3388000.0,345.0498,33600000.0,3416000.0,8.69e-06,0.0,292.13,292.13,268.76,11.88,3978.56,11.88,18.28,16.82,-1.46,1.46,8.0,ENDC,ENEL COLOMBIA S.A. E.S.P.,28794000000.0,0.0,0.03,0.1,0.92,0.025,False
SCEC,SCEC S.A. E.S.P.,CNIOR,CARIBE_SOL,AIR-E - CARIBE SOL,2025-11-01,HISTORICO,False,8744050.0,7432442.5,1311607.5,85.0,15.0,Cubierta (85.0% Contratos / 15.0% Bolsa),30,291468.33,334.8672,26840000.0,1720000000.0,1118000000.0,4.067,6.2569,12,26620000.0,2662000.0,345.0498,26400000.0,2684000.0,8.69e-06,0.0,229.53,229.53,211.17,9.34,3126.01,9.34,14.36,13.21,-1.15,1.15,8.0,ENDC,ENEL COLOMBIA S.A. E.S.P.,28794000000.0,0.0,0.03,0.1,0.92,0.025,False
SCEC,SCEC S.A. E.S.P.,CNIOR,CUNDINAMARCA,EEC - CUNDINAMARCA,2025-11-01,HISTORICO,False,8744050.0,7432442.5,1311607.5,85.0,15.0,Cubierta (85.0% Contratos / 15.0% Bolsa),30,291468.33,334.8672,10980000.0,1720000000.0,1118000000.0,4.067,6.2569,12,10890000.0,1089000.0,345.0498,10800000.0,1098000.0,8.69e-06,0.0,93.9,93.9,86.39,3.82,1278.82,3.82,5.88,5.41,-0.47,0.47,8.0,ENDC,ENEL COLOMBIA S.A. E.S.P.,28794000000.0,0.0,0.03,0.1,0.92,0.025,False
SCEC,SCEC S.A. E.S.P.,CNIOR,SANTANDER,ESSA - SANTANDER,2025-11-01,HISTORICO,False,8744050.0,7432442.5,1311607.5,85.0,15.0,Cubierta (85.0% Contratos / 15.0% Bolsa),30,291468.33,334.8672,17080000.0,1720000000.0,1118000000.0,4.067,6.2569,12,16940000.0,1694000.0,345.0498,16800000.0,1708000.0,8.69e-06,0.0,146.07,146.07,134.38,5.94,1989.28,5.94,9.14,8.41,-0.73,0.73,8.0,ENDC,ENEL COLOMBIA S.A. E.S.P.,28794000000.0,0.0,0.03,0.1,0.92,0.025,False
SCEC,SCEC S.A. E.S.P.,CNIOR,TOLIMA,ELET - TOLIMA,2025-11-01,HISTORICO,False,8744050.0,7432442.5,1311607.5,85.0,15.0,Cubierta (85.0% Contratos / 15.0% Bolsa),30,291468.33,334.8672,9150000.0,1720000000.0,1118000000.0,4.067,6.2569,12,9075000.0,907500.0,345.0498,9000000.0,915000.0,8.69e-06,0.0,78.25,78.25,71.99,3.18,1065.68,3.18,4.9,4.5,-0.39,0.39,8.0,ENDC,ENEL COLOMBIA S.A. E.S.P.,28794000000.0,0.0,0.03,0.1,0.92,0.025,False
SCEC,SCEC S.A. E.S.P.,CNIOR,VALLE,CVC - VALLE DEL CAUCA,2025-11-01,HISTORICO,False,8744050.0,7432442.5,1311607.5,85.0,15.0,Cubierta (85.0% Contratos / 15.0% Bolsa),30,291468.33,334.8672,21960000.0,1720000000.0,1118000000.0,4.067,6.2569,12,21780000.0,2178000.0,345.0498,21600000.0,2196000.0,8.69e-06,0.0,187.8,187.8,172.78,7.64,2557.64,7.64,11.75,10.81,-0.94,0.94,8.0,ENDC,ENEL COLOMBIA S.A. E.S.P.,28794000000.0,0.0,0.03,0.1,0.92,0.025,False
SCEC,SCEC S.A. E.S.P.,CNIOR,ANTIOQUIA,EPM - ANTIOQUIA,2025-12-01,HISTORICO,False,8794887.5,7475654.38,1319233.13,85.0,15.0,Cubierta (85.0% Contratos / 15.0% Bolsa),30,293162.92,324.8067,30750000.0,1730000000.0,1124500000.0,4.067,6.2569,12,30500000.0,3050000.0,334.8672,30250000.0,3075000.0,8.96e-06,0.0,271.0,271.0,249.32,11.02,3579.92,11.02,16.96,15.6,-1.36,1.36,8.0,ENDC,ENEL COLOMBIA S.A. E.S.P.,28794000000.0,0.0,0.03,0.1,0.92,0.025,False
SCEC,SCEC S.A. E.S.P.,CNIOR,BOGOTA,ENEL - BOGOTA CUNDINAMARCA,2025-12-01,HISTORICO,False,8794887.5,7475654.38,1319233.13,85.0,15.0,Cubierta (85.0% Contratos / 15.0% Bolsa),30,293162.92,324.8067,43050000.0,1730000000.0,1124500000.0,4.067,6.2569,12,42700000.0,4270000.0,334.8672,42350000.0,4305000.0,8.96e-06,0.0,379.4,379.4,349.05,15.43,5011.89,15.43,23.74,21.84,-1.9,1.9,8.0,ENDC,ENEL COLOMBIA S.A. E.S.P.,28794000000.0,0.0,0.03,0.1,0.92,0.025,False
SCEC,SCEC S.A. E.S.P.,CNIOR,CARIBE_MAR,AFINIA - CARIBE MAR,2025-12-01,HISTORICO,False,8794887.5,7475654.38,1319233.13,85.0,15.0,Cubierta (85.0% Contratos / 15.0% Bolsa),30,293162.92,324.8067,34440000.0,1730000000.0,1124500000.0,4.067,6.2569,12,34160000.0,3416000.0,334.8672,33880000.0,3444000.0,8.96e-06,0.0,303.52,303.52,279.24,12.34,4009.51,12.34,18.99,17.47,-1.52,1.52,8.0,ENDC,ENEL COLOMBIA S.A. E.S.P.,28794000000.0,0.0,0.03,0.1,0.92,0.025,False
SCEC,SCEC S.A. E.S.P.,CNIOR,CARIBE_SOL,AIR-E - CARIBE SOL,2025-12-01,HISTORICO,False,8794887.5,7475654.38,1319233.13,85.0,15.0,Cubierta (85.0% Contratos / 15.0% Bolsa),30,293162.92,324.8067,27060000.0,1730000000.0,1124500000.0,4.067,6.2569,12,26840000.0,2684000.0,334.8672,26620000.0,2706000.0,8.96e-06,0.0,238.48,238.48,219.4,9.7,3150.33,9.7,14.92,13.73,-1.19,1.19,8.0,ENDC,ENEL COLOMBIA S.A. E.S.P.,28794000000.0,0.0,0.03,0.1,0.92,0.025,False
SCEC,SCEC S.A. E.S.P.,CNIOR,CUNDINAMARCA,EEC - CUNDINAMARCA,2025-12-01,HISTORICO,False,8794887.5,7475654.38,1319233.13,85.0,15.0,Cubierta (85.0% Contratos / 15.0% Bolsa),30,293162.92,324.8067,11070000.0,1730000000.0,1124500000.0,4.067,6.2569,12,10980000.0,1098000.0,334.8672,10890000.0,1107000.0,8.96e-06,0.0,97.56,97.56,89.76,3.97,1288.77,3.97,6.1,5.62,-0.49,0.49,8.0,ENDC,ENEL COLOMBIA S.A. E.S.P.,28794000000.0,0.0,0.03,0.1,0.92,0.025,False
SCEC,SCEC S.A. E.S.P.,CNIOR,SANTANDER,ESSA - SANTANDER,2025-12-01,HISTORICO,False,8794887.5,7475654.38,1319233.13,85.0,15.0,Cubierta (85.0% Contratos / 15.0% Bolsa),30,293162.92,324.8067,17220000.0,1730000000.0,1124500000.0,4.067,6.2569,12,17080000.0,1708000.0,334.8672,16940000.0,1722000.0,8.96e-06,0.0,151.76,151.76,139.62,6.17,2004.75,6.17,9.5,8.74,-0.76,0.76,8.0,ENDC,ENEL COLOMBIA S.A. E.S.P.,28794000000.0,0.0,0.03,0.1,0.92,0.025,False
SCEC,SCEC S.A. E.S.P.,CNIOR,TOLIMA,ELET - TOLIMA,2025-12-01,HISTORICO,False,8794887.5,7475654.38,1319233.13,85.0,15.0,Cubierta (85.0% Contratos / 15.0% Bolsa),30,293162.92,324.8067,9225000.0,1730000000.0,1124500000.0,4.067,6.2569,12,9150000.0,915000.0,334.8672,9075000.0,922500.0,8.96e-06,0.0,81.3,81.3,74.8,3.31,1073.98,3.31,5.09,4.68,-0.41,0.41,8.0,ENDC,ENEL COLOMBIA S.A. E.S.P.,28794000000.0,0.0,0.03,0.1,0.92,0.025,False
SCEC,SCEC S.A. E.S.P.,CNIOR,VALLE,CVC - VALLE DEL CAUCA,2025-12-01,HISTORICO,False,8794887.5,7475654.38,1319233.13,85.0,15.0,Cubierta (85.0% Contratos / 15.0% Bolsa),30,293162.92,324.8067,22140000.0,1730000000.0,1124500000.0,4.067,6.2569,12,21960000.0,2196000.0,334.8672,21780000.0,2214000.0,8.96e-06,0.0,195.12,195.12,179.51,7.94,2577.54,7.94,12.21,11.23,-0.98,0.98,8.0,ENDC,ENEL COLOMBIA S.A. E.S.P.,28794000000.0,0.0,0.03,0.1,0.92,0.025,False
SCEC,SCEC S.A. E.S.P.,CNIOR,ANTIOQUIA,EPM - ANTIOQUIA,2026-01-01,HISTORICO,False,8845725.0,7518866.25,1326858.75,85.0,15.0,Cubierta (85.0% Contratos / 15.0% Bolsa),30,294857.5,326.4163,31000000.0,1740000000.0,1131000000.0,4.067,6.2569,12,30750000.0,3075000.0,324.8067,30500000.0,3100000.0,9.24e-06,0.0,281.71,281.71,259.17,11.46,3739.75,11.46,17.63,16.22,-1.41,1.41,8.0,ENDC,ENEL COLOMBIA S.A. E.S.P.,28794000000.0,0.0,0.03,0.1,0.92,0.025,False
SCEC,SCEC S.A. E.S.P.,CNIOR,BOGOTA,ENEL - BOGOTA CUNDINAMARCA,2026-01-01,HISTORICO,False,8845725.0,7518866.25,1326858.75,85.0,15.0,Cubierta (85.0% Contratos / 15.0% Bolsa),30,294857.5,326.4163,43400000.0,1740000000.0,1131000000.0,4.067,6.2569,12,43050000.0,4305000.0,324.8067,42700000.0,4340000.0,9.24e-06,0.0,394.39,394.39,362.84,16.04,5235.64,16.04,24.68,22.7,-1.97,1.97,8.0,ENDC,ENEL COLOMBIA S.A. E.S.P.,28794000000.0,0.0,0.03,0.1,0.92,0.025,False
SCEC,SCEC S.A. E.S.P.,CNIOR,CARIBE_MAR,AFINIA - CARIBE MAR,2026-01-01,HISTORICO,False,8845725.0,7518866.25,1326858.75,85.0,15.0,Cubierta (85.0% Contratos / 15.0% Bolsa),30,294857.5,326.4163,34720000.0,1740000000.0,1131000000.0,4.067,6.2569,12,34440000.0,3444000.0,324.8067,34160000.0,3472000.0,9.24e-06,0.0,315.51,315.51,290.27,12.83,4188.52,12.83,19.74,18.16,-1.58,1.58,8.0,ENDC,ENEL COLOMBIA S.A. E.S.P.,28794000000.0,0.0,0.03,0.1,0.92,0.025,False
SCEC,SCEC S.A. E.S.P.,CNIOR,CARIBE_SOL,AIR-E - CARIBE SOL,2026-01-01,HISTORICO,False,8845725.0,7518866.25,1326858.75,85.0,15.0,Cubierta (85.0% Contratos / 15.0% Bolsa),30,294857.5,326.4163,27280000.0,1740000000.0,1131000000.0,4.067,6.2569,12,27060000.0,2706000.0,324.8067,26840000.0,2728000.0,9.24e-06,0.0,247.9,247.9,228.07,10.08,3290.98,10.08,15.51,14.27,-1.24,1.24,8.0,ENDC,ENEL COLOMBIA S.A. E.S.P.,28794000000.0,0.0,0.03,0.1,0.92,0.025,False
SCEC,SCEC S.A. E.S.P.,CNIOR,CUNDINAMARCA,EEC - CUNDINAMARCA,2026-01-01,HISTORICO,False,8845725.0,7518866.25,1326858.75,85.0,15.0,Cubierta (85.0% Contratos / 15.0% Bolsa),30,294857.5,326.4163,11160000.0,1740000000.0,1131000000.0,4.067,6.2569,12,11070000.0,1107000.0,324.8067,10980000.0,1116000.0,9.24e-06,0.0,101.41,101.41,93.3,4.12,1346.31,4.12,6.35,5.84,-0.51,0.51,8.0,ENDC,ENEL COLOMBIA S.A. E.S.P.,28794000000.0,0.0,0.03,0.1,0.92,0.025,False
SCEC,SCEC S.A. E.S.P.,CNIOR,SANTANDER,ESSA - SANTANDER,2026-01-01,HISTORICO,False,8845725.0,7518866.25,1326858.75,85.0,15.0,Cubierta (85.0% Contratos / 15.0% Bolsa),30,294857.5,326.4163,17360000.0,1740000000.0,1131000000.0,4.067,6.2569,12,17220000.0,1722000.0,324.8067,17080000.0,1736000.0,9.24e-06,0.0,157.76,157.76,145.13,6.42,2094.26,6.42,9.87,9.08,-0.79,0.79,8.0,ENDC,ENEL COLOMBIA S.A. E.S.P.,28794000000.0,0.0,0.03,0.1,0.92,0.025,False
SCEC,SCEC S.A. E.S.P.,CNIOR,TOLIMA,ELET - TOLIMA,2026-01-01,HISTORICO,False,8845725.0,7518866.25,1326858.75,85.0,15.0,Cubierta (85.0% Contratos / 15.0% Bolsa),30,294857.5,326.4163,9300000.0,1740000000.0,1131000000.0,4.067,6.2569,12,9225000.0,922500.0,324.8067,9150000.0,930000.0,9.24e-06,0.0,84.51,84.51,77.75,3.44,1121.92,3.44,5.29,4.86,-0.42,0.42,8.0,ENDC,ENEL COLOMBIA S.A. E.S.P.,28794000000.0,0.0,0.03,0.1,0.92,0.025,False
SCEC,SCEC S.A. E.S.P.,CNIOR,VALLE,CVC - VALLE DEL CAUCA,2026-01-01,HISTORICO,False,8845725.0,7518866.25,1326858.75,85.0,15.0,Cubierta (85.0% Contratos / 15.0% Bolsa),30,294857.5,326.4163,22320000.0,1740000000.0,1131000000.0,4.067,6.2569,12,22140000.0,2214000.0,324.8067,21960000.0,2232000.0,9.24e-06,0.0,202.83,202.83,186.6,8.25,2692.62,8.25,12.69,11.68,-1.02,1.02,8.0,ENDC,ENEL COLOMBIA S.A. E.S.P.,28794000000.0,0.0,0.03,0.1,0.92,0.025,False
SCEC,SCEC S.A. E.S.P.,CNIOR,ANTIOQUIA,EPM - ANTIOQUIA,2026-02-01,HISTORICO,False,8896562.5,7562078.12,1334484.38,85.0,15.0,Cubierta (85.0% Contratos / 15.0% Bolsa),30,296552.08,340.5147,31250000.0,1750000000.0,1137500000.0,4.067,6.2569,12,31000000.0,3100000.0,326.4163,30750000.0,3125000.0,9.19e-06,0.0,282.61,282.61,260.01,11.49,3913.85,11.49,17.68,16.27,-1.41,1.41,8.0,ENDC,ENEL COLOMBIA S.A. E.S.P.,28794000000.0,0.0,0.03,0.1,0.92,0.025,False
SCEC,SCEC S.A. E.S.P.,CNIOR,BOGOTA,ENEL - BOGOTA CUNDINAMARCA,2026-02-01,HISTORICO,False,8896562.5,7562078.12,1334484.38,85.0,15.0,Cubierta (85.0% Contratos / 15.0% Bolsa),30,296552.08,340.5147,43750000.0,1750000000.0,1137500000.0,4.067,6.2569,12,43400000.0,4340000.0,326.4163,43050000.0,4375000.0,9.19e-06,0.0,395.66,395.66,364.01,16.09,5479.4,16.09,24.76,22.78,-1.98,1.98,8.0,ENDC,ENEL COLOMBIA S.A. E.S.P.,28794000000.0,0.0,0.03,0.1,0.92,0.025,False
SCEC,SCEC S.A. E.S.P.,CNIOR,CARIBE_MAR,AFINIA - CARIBE MAR,2026-02-01,HISTORICO,False,8896562.5,7562078.12,1334484.38,85.0,15.0,Cubierta (85.0% Contratos / 15.0% Bolsa),30,296552.08,340.5147,35000000.0,1750000000.0,1137500000.0,4.067,6.2569,12,34720000.0,3472000.0,326.4163,34440000.0,3500000.0,9.19e-06,0.0,316.53,316.53,291.21,12.87,4383.52,12.87,19.8,18.22,-1.58,1.58,8.0,ENDC,ENEL COLOMBIA S.A. E.S.P.,28794000000.0,0.0,0.03,0.1,0.92,0.025,False
SCEC,SCEC S.A. E.S.P.,CNIOR,CARIBE_SOL,AIR-E - CARIBE SOL,2026-02-01,HISTORICO,False,8896562.5,7562078.12,1334484.38,85.0,15.0,Cubierta (85.0% Contratos / 15.0% Bolsa),30,296552.08,340.5147,27500000.0,1750000000.0,1137500000.0,4.067,6.2569,12,27280000.0,2728000.0,326.4163,27060000.0,2750000.0,9.19e-06,0.0,248.7,248.7,228.8,10.11,3444.19,10.11,15.56,14.32,-1.24,1.24,8.0,ENDC,ENEL COLOMBIA S.A. E.S.P.,28794000000.0,0.0,0.03,0.1,0.92,0.025,False
SCEC,SCEC S.A. E.S.P.,CNIOR,CUNDINAMARCA,EEC - CUNDINAMARCA,2026-02-01,HISTORICO,False,8896562.5,7562078.12,1334484.38,85.0,15.0,Cubierta (85.0% Contratos / 15.0% Bolsa),30,296552.08,340.5147,11250000.0,1750000000.0,1137500000.0,4.067,6.2569,12,11160000.0,1116000.0,326.4163,11070000.0,1125000.0,9.19e-06,0.0,101.74,101.74,93.6,4.14,1408.99,4.14,6.37,5.86,-0.51,0.51,8.0,ENDC,ENEL COLOMBIA S.A. E.S.P.,28794000000.0,0.0,0.03,0.1,0.92,0.025,False
SCEC,SCEC S.A. E.S.P.,CNIOR,SANTANDER,ESSA - SANTANDER,2026-02-01,HISTORICO,False,8896562.5,7562078.12,1334484.38,85.0,15.0,Cubierta (85.0% Contratos / 15.0% Bolsa),30,296552.08,340.5147,17500000.0,1750000000.0,1137500000.0,4.067,6.2569,12,17360000.0,1736000.0,326.4163,17220000.0,1750000.0,9.19e-06,0.0,158.26,158.26,145.6,6.44,2191.76,6.44,9.9,9.11,-0.79,0.79,8.0,ENDC,ENEL COLOMBIA S.A. E.S.P.,28794000000.0,0.0,0.03,0.1,0.92,0.025,False
SCEC,SCEC S.A. E.S.P.,CNIOR,TOLIMA,ELET - TOLIMA,2026-02-01,HISTORICO,False,8896562.5,7562078.12,1334484.38,85.0,15.0,Cubierta (85.0% Contratos / 15.0% Bolsa),30,296552.08,340.5147,9375000.0,1750000000.0,1137500000.0,4.067,6.2569,12,9300000.0,930000.0,326.4163,9225000.0,937500.0,9.19e-06,0.0,84.78,84.78,78.0,3.45,1174.16,3.45,5.3,4.88,-0.42,0.42,8.0,ENDC,ENEL COLOMBIA S.A. E.S.P.,28794000000.0,0.0,0.03,0.1,0.92,0.025,False
SCEC,SCEC S.A. E.S.P.,CNIOR,VALLE,CVC - VALLE DEL CAUCA,2026-02-01,HISTORICO,False,8896562.5,7562078.12,1334484.38,85.0,15.0,Cubierta (85.0% Contratos / 15.0% Bolsa),30,296552.08,340.5147,22500000.0,1750000000.0,1137500000.0,4.067,6.2569,12,22320000.0,2232000.0,326.4163,22140000.0,2250000.0,9.19e-06,0.0,203.48,203.48,187.2,8.28,2817.97,8.28,12.73,11.71,-1.02,1.02,8.0,ENDC,ENEL COLOMBIA S.A. E.S.P.,28794000000.0,0.0,0.03,0.1,0.92,0.025,False
SCEC,SCEC S.A. E.S.P.,CNIOR,ANTIOQUIA,EPM - ANTIOQUIA,2026-03-01,HISTORICO,False,8947400.0,7605290.0,1342110.0,85.0,15.0,Cubierta (85.0% Contratos / 15.0% Bolsa),30,298246.67,356.4384,31500000.0,1760000000.0,1144000000.0,4.067,6.2569,12,31250000.0,3125000.0,340.5147,31000000.0,3150000.0,8.81e-06,0.0,273.12,273.12,251.27,11.11,3959.18,11.11,17.09,15.72,-1.37,1.37,8.0,ENDC,ENEL COLOMBIA S.A. E.S.P.,28794000000.0,0.0,0.03,0.1,0.92,0.025,False
SCEC,SCEC S.A. E.S.P.,CNIOR,BOGOTA,ENEL - BOGOTA CUNDINAMARCA,2026-03-01,HISTORICO,False,8947400.0,7605290.0,1342110.0,85.0,15.0,Cubierta (85.0% Contratos / 15.0% Bolsa),30,298246.67,356.4384,44100000.0,1760000000.0,1144000000.0,4.067,6.2569,12,43750000.0,4375000.0,340.5147,43400000.0,4410000.0,8.81e-06,0.0,382.36,382.36,351.77,15.55,5542.86,15.55,23.92,22.01,-1.91,1.91,8.0,ENDC,ENEL COLOMBIA S.A. E.S.P.,28794000000.0,0.0,0.03,0.1,0.92,0.025,False
SCEC,SCEC S.A. E.S.P.,CNIOR,CARIBE_MAR,AFINIA - CARIBE MAR,2026-03-01,HISTORICO,False,8947400.0,7605290.0,1342110.0,85.0,15.0,Cubierta (85.0% Contratos / 15.0% Bolsa),30,298246.67,356.4384,35280000.0,1760000000.0,1144000000.0,4.067,6.2569,12,35000000.0,3500000.0,340.5147,34720000.0,3528000.0,8.81e-06,0.0,305.89,305.89,281.42,12.44,4434.29,12.44,19.14,17.61,-1.53,1.53,8.0,ENDC,ENEL COLOMBIA S.A. E.S.P.,28794000000.0,0.0,0.03,0.1,0.92,0.025,False
SCEC,SCEC S.A. E.S.P.,CNIOR,CARIBE_SOL,AIR-E - CARIBE SOL,2026-03-01,HISTORICO,False,8947400.0,7605290.0,1342110.0,85.0,15.0,Cubierta (85.0% Contratos / 15.0% Bolsa),30,298246.67,356.4384,27720000.0,1760000000.0,1144000000.0,4.067,6.2569,12,27500000.0,2750000.0,340.5147,27280000.0,2772000.0,8.81e-06,0.0,240.34,240.34,221.11,9.77,3484.08,9.77,15.04,13.83,-1.2,1.2,8.0,ENDC,ENEL COLOMBIA S.A. E.S.P.,28794000000.0,0.0,0.03,0.1,0.92,0.025,False
SCEC,SCEC S.A. E.S.P.,CNIOR,CUNDINAMARCA,EEC - CUNDINAMARCA,2026-03-01,HISTORICO,False,8947400.0,7605290.0,1342110.0,85.0,15.0,Cubierta (85.0% Contratos / 15.0% Bolsa),30,298246.67,356.4384,11340000.0,1760000000.0,1144000000.0,4.067,6.2569,12,11250000.0,1125000.0,340.5147,11160000.0,1134000.0,8.81e-06,0.0,98.32,98.32,90.46,4.0,1425.31,4.0,6.15,5.66,-0.49,0.49,8.0,ENDC,ENEL COLOMBIA S.A. E.S.P.,28794000000.0,0.0,0.03,0.1,0.92,0.025,False
SCEC,SCEC S.A. E.S.P.,CNIOR,SANTANDER,ESSA - SANTANDER,2026-03-01,HISTORICO,False,8947400.0,7605290.0,1342110.0,85.0,15.0,Cubierta (85.0% Contratos / 15.0% Bolsa),30,298246.67,356.4384,17640000.0,1760000000.0,1144000000.0,4.067,6.2569,12,17500000.0,1750000.0,340.5147,17360000.0,1764000.0,8.81e-06,0.0,152.94,152.94,140.71,6.22,2217.14,6.22,9.57,8.8,-0.77,0.77,8.0,ENDC,ENEL COLOMBIA S.A. E.S.P.,28794000000.0,0.0,0.03,0.1,0.92,0.025,False
SCEC,SCEC S.A. E.S.P.,CNIOR,TOLIMA,ELET - TOLIMA,2026-03-01,HISTORICO,False,8947400.0,7605290.0,1342110.0,85.0,15.0,Cubierta (85.0% Contratos / 15.0% Bolsa),30,298246.67,356.4384,9450000.0,1760000000.0,1144000000.0,4.067,6.2569,12,9375000.0,937500.0,340.5147,9300000.0,945000.0,8.81e-06,0.0,81.93,81.93,75.38,3.33,1187.76,3.33,5.13,4.72,-0.41,0.41,8.0,ENDC,ENEL COLOMBIA S.A. E.S.P.,28794000000.0,0.0,0.03,0.1,0.92,0.025,False
SCEC,SCEC S.A. E.S.P.,CNIOR,VALLE,CVC - VALLE DEL CAUCA,2026-03-01,HISTORICO,False,8947400.0,7605290.0,1342110.0,85.0,15.0,Cubierta (85.0% Contratos / 15.0% Bolsa),30,298246.67,356.4384,22680000.0,1760000000.0,1144000000.0,4.067,6.2569,12,22500000.0,2250000.0,340.5147,22320000.0,2268000.0,8.81e-06,0.0,196.64,196.64,180.91,8.0,2850.61,8.0,12.3,11.32,-0.98,0.98,8.0,ENDC,ENEL COLOMBIA S.A. E.S.P.,28794000000.0,0.0,0.03,0.1,0.92,0.025,False
SCEC,SCEC S.A. E.S.P.,CNIOR,ANTIOQUIA,EPM - ANTIOQUIA,2026-04-01,HISTORICO,False,8998237.5,7648501.88,1349735.63,85.0,15.0,Cubierta (85.0% Contratos / 15.0% Bolsa),30,299941.25,361.8456,31750000.0,1770000000.0,1150500000.0,4.067,6.2569,12,31500000.0,3150000.0,356.4384,31250000.0,3175000.0,8.42e-06,0.0,263.02,263.02,241.98,10.7,3870.65,10.7,16.46,15.14,-1.32,1.32,8.0,ENDC,ENEL COLOMBIA S.A. E.S.P.,28794000000.0,0.0,0.03,0.1,0.92,0.025,False
SCEC,SCEC S.A. E.S.P.,CNIOR,BOGOTA,ENEL - BOGOTA CUNDINAMARCA,2026-04-01,HISTORICO,False,8998237.5,7648501.88,1349735.63,85.0,15.0,Cubierta (85.0% Contratos / 15.0% Bolsa),30,299941.25,361.8456,44450000.0,1770000000.0,1150500000.0,4.067,6.2569,12,44100000.0,4410000.0,356.4384,43750000.0,4445000.0,8.42e-06,0.0,368.23,368.23,338.77,14.98,5418.91,14.98,23.04,21.2,-1.84,1.84,8.0,ENDC,ENEL COLOMBIA S.A. E.S.P.,28794000000.0,0.0,0.03,0.1,0.92,0.025,False
SCEC,SCEC S.A. E.S.P.,CNIOR,CARIBE_MAR,AFINIA - CARIBE MAR,2026-04-01,HISTORICO,False,8998237.5,7648501.88,1349735.63,85.0,15.0,Cubierta (85.0% Contratos / 15.0% Bolsa),30,299941.25,361.8456,35560000.0,1770000000.0,1150500000.0,4.067,6.2569,12,35280000.0,3528000.0,356.4384,35000000.0,3556000.0,8.42e-06,0.0,294.58,294.58,271.01,11.98,4335.13,11.98,18.43,16.96,-1.47,1.47,8.0,ENDC,ENEL COLOMBIA S.A. E.S.P.,28794000000.0,0.0,0.03,0.1,0.92,0.025,False
SCEC,SCEC S.A. E.S.P.,CNIOR,CARIBE_SOL,AIR-E - CARIBE SOL,2026-04-01,HISTORICO,False,8998237.5,7648501.88,1349735.63,85.0,15.0,Cubierta (85.0% Contratos / 15.0% Bolsa),30,299941.25,361.8456,27940000.0,1770000000.0,1150500000.0,4.067,6.2569,12,27720000.0,2772000.0,356.4384,27500000.0,2794000.0,8.42e-06,0.0,231.46,231.46,212.94,9.41,3406.17,9.41,14.48,13.32,-1.16,1.16,8.0,ENDC,ENEL COLOMBIA S.A. E.S.P.,28794000000.0,0.0,0.03,0.1,0.92,0.025,False
SCEC,SCEC S.A. E.S.P.,CNIOR,CUNDINAMARCA,EEC - CUNDINAMARCA,2026-04-01,HISTORICO,False,8998237.5,7648501.88,1349735.63,85.0,15.0,Cubierta (85.0% Contratos / 15.0% Bolsa),30,299941.25,361.8456,11430000.0,1770000000.0,1150500000.0,4.067,6.2569,12,11340000.0,1134000.0,356.4384,11250000.0,1143000.0,8.42e-06,0.0,94.69,94.69,87.11,3.85,1393.44,3.85,5.92,5.45,-0.47,0.47,8.0,ENDC,ENEL COLOMBIA S.A. E.S.P.,28794000000.0,0.0,0.03,0.1,0.92,0.025,False
SCEC,SCEC S.A. E.S.P.,CNIOR,SANTANDER,ESSA - SANTANDER,2026-04-01,HISTORICO,False,8998237.5,7648501.88,1349735.63,85.0,15.0,Cubierta (85.0% Contratos / 15.0% Bolsa),30,299941.25,361.8456,17780000.0,1770000000.0,1150500000.0,4.067,6.2569,12,17640000.0,1764000.0,356.4384,17500000.0,1778000.0,8.42e-06,0.0,147.29,147.29,135.51,5.99,2167.57,5.99,9.22,8.48,-0.74,0.74,8.0,ENDC,ENEL COLOMBIA S.A. E.S.P.,28794000000.0,0.0,0.03,0.1,0.92,0.025,False
SCEC,SCEC S.A. E.S.P.,CNIOR,TOLIMA,ELET - TOLIMA,2026-04-01,HISTORICO,False,8998237.5,7648501.88,1349735.63,85.0,15.0,Cubierta (85.0% Contratos / 15.0% Bolsa),30,299941.25,361.8456,9525000.0,1770000000.0,1150500000.0,4.067,6.2569,12,9450000.0,945000.0,356.4384,9375000.0,952500.0,8.42e-06,0.0,78.91,78.91,72.59,3.21,1161.2,3.21,4.94,4.54,-0.39,0.39,8.0,ENDC,ENEL COLOMBIA S.A. E.S.P.,28794000000.0,0.0,0.03,0.1,0.92,0.025,False
SCEC,SCEC S.A. E.S.P.,CNIOR,VALLE,CVC - VALLE DEL CAUCA,2026-04-01,HISTORICO,False,8998237.5,7648501.88,1349735.63,85.0,15.0,Cubierta (85.0% Contratos / 15.0% Bolsa),30,299941.25,361.8456,22860000.0,1770000000.0,1150500000.0,4.067,6.2569,12,22680000.0,2268000.0,356.4384,22500000.0,2286000.0,8.42e-06,0.0,189.37,189.37,174.22,7.7,2786.87,7.7,11.85,10.9,-0.95,0.95,8.0,ENDC,ENEL COLOMBIA S.A. E.S.P.,28794000000.0,0.0,0.03,0.1,0.92,0.025,False
SCEC,SCEC S.A. E.S.P.,CNIOR,ANTIOQUIA,EPM - ANTIOQUIA,2026-05-01,HISTORICO,False,9049075.0,7691713.75,1357361.25,85.0,15.0,Cubierta (85.0% Contratos / 15.0% Bolsa),30,301635.83,354.0636,32000000.0,1780000000.0,1157000000.0,4.067,6.2569,12,31750000.0,3175000.0,361.8456,31500000.0,3200000.0,8.29e-06,0.0,261.16,261.16,240.27,10.62,3760.66,10.62,16.34,15.03,-1.31,1.31,8.0,ENDC,ENEL COLOMBIA S.A. E.S.P.,28794000000.0,0.0,0.03,0.1,0.92,0.025,False
SCEC,SCEC S.A. E.S.P.,CNIOR,BOGOTA,ENEL - BOGOTA CUNDINAMARCA,2026-05-01,HISTORICO,False,9049075.0,7691713.75,1357361.25,85.0,15.0,Cubierta (85.0% Contratos / 15.0% Bolsa),30,301635.83,354.0636,44800000.0,1780000000.0,1157000000.0,4.067,6.2569,12,44450000.0,4445000.0,361.8456,44100000.0,4480000.0,8.29e-06,0.0,365.63,365.63,336.38,14.87,5264.92,14.87,22.88,21.05,-1.83,1.83,8.0,ENDC,ENEL COLOMBIA S.A. E.S.P.,28794000000.0,0.0,0.03,0.1,0.92,0.025,False
SCEC,SCEC S.A. E.S.P.,CNIOR,CARIBE_MAR,AFINIA - CARIBE MAR,2026-05-01,HISTORICO,False,9049075.0,7691713.75,1357361.25,85.0,15.0,Cubierta (85.0% Contratos / 15.0% Bolsa),30,301635.83,354.0636,35840000.0,1780000000.0,1157000000.0,4.067,6.2569,12,35560000.0,3556000.0,361.8456,35280000.0,3584000.0,8.29e-06,0.0,292.5,292.5,269.1,11.9,4211.94,11.9,18.3,16.84,-1.46,1.46,8.0,ENDC,ENEL COLOMBIA S.A. E.S.P.,28794000000.0,0.0,0.03,0.1,0.92,0.025,False
SCEC,SCEC S.A. E.S.P.,CNIOR,CARIBE_SOL,AIR-E - CARIBE SOL,2026-05-01,HISTORICO,False,9049075.0,7691713.75,1357361.25,85.0,15.0,Cubierta (85.0% Contratos / 15.0% Bolsa),30,301635.83,354.0636,28160000.0,1780000000.0,1157000000.0,4.067,6.2569,12,27940000.0,2794000.0,361.8456,27720000.0,2816000.0,8.29e-06,0.0,229.82,229.82,211.44,9.35,3309.38,9.35,14.38,13.23,-1.15,1.15,8.0,ENDC,ENEL COLOMBIA S.A. E.S.P.,28794000000.0,0.0,0.03,0.1,0.92,0.025,False
SCEC,SCEC S.A. E.S.P.,CNIOR,CUNDINAMARCA,EEC - CUNDINAMARCA,2026-05-01,HISTORICO,False,9049075.0,7691713.75,1357361.25,85.0,15.0,Cubierta (85.0% Contratos / 15.0% Bolsa),30,301635.83,354.0636,11520000.0,1780000000.0,1157000000.0,4.067,6.2569,12,11430000.0,1143000.0,361.8456,11340000.0,1152000.0,8.29e-06,0.0,94.02,94.02,86.5,3.82,1353.84,3.82,5.88,5.41,-0.47,0.47,8.0,ENDC,ENEL COLOMBIA S.A. E.S.P.,28794000000.0,0.0,0.03,0.1,0.92,0.025,False
SCEC,SCEC S.A. E.S.P.,CNIOR,SANTANDER,ESSA - SANTANDER,2026-05-01,HISTORICO,False,9049075.0,7691713.75,1357361.25,85.0,15.0,Cubierta (85.0% Contratos / 15.0% Bolsa),30,301635.83,354.0636,17920000.0,1780000000.0,1157000000.0,4.067,6.2569,12,17780000.0,1778000.0,361.8456,17640000.0,1792000.0,8.29e-06,0.0,146.25,146.25,134.55,5.95,2105.97,5.95,9.15,8.42,-0.73,0.73,8.0,ENDC,ENEL COLOMBIA S.A. E.S.P.,28794000000.0,0.0,0.03,0.1,0.92,0.025,False
SCEC,SCEC S.A. E.S.P.,CNIOR,TOLIMA,ELET - TOLIMA,2026-05-01,HISTORICO,False,9049075.0,7691713.75,1357361.25,85.0,15.0,Cubierta (85.0% Contratos / 15.0% Bolsa),30,301635.83,354.0636,9600000.0,1780000000.0,1157000000.0,4.067,6.2569,12,9525000.0,952500.0,361.8456,9450000.0,960000.0,8.29e-06,0.0,78.35,78.35,72.08,3.19,1128.2,3.19,4.9,4.51,-0.39,0.39,8.0,ENDC,ENEL COLOMBIA S.A. E.S.P.,28794000000.0,0.0,0.03,0.1,0.92,0.025,False
SCEC,SCEC S.A. E.S.P.,CNIOR,VALLE,CVC - VALLE DEL CAUCA,2026-05-01,HISTORICO,False,9049075.0,7691713.75,1357361.25,85.0,15.0,Cubierta (85.0% Contratos / 15.0% Bolsa),30,301635.83,354.0636,23040000.0,1780000000.0,1157000000.0,4.067,6.2569,12,22860000.0,2286000.0,361.8456,22680000.0,2304000.0,8.29e-06,0.0,188.04,188.04,172.99,7.65,2707.67,7.65,11.77,10.82,-0.94,0.94,8.0,ENDC,ENEL COLOMBIA S.A. E.S.P.,28794000000.0,0.0,0.03,0.1,0.92,0.025,False
SCEC,SCEC S.A. E.S.P.,CNIOR,ANTIOQUIA,EPM - ANTIOQUIA,2026-06-01,HISTORICO,False,9099912.5,7734925.62,1364986.88,85.0,15.0,Cubierta (85.0% Contratos / 15.0% Bolsa),30,303330.42,342.5455,32250000.0,1790000000.0,1163500000.0,4.067,6.2569,12,32000000.0,3200000.0,354.0636,31750000.0,3225000.0,8.47e-06,0.0,269.02,269.02,247.5,10.94,3747.8,10.94,16.83,15.49,-1.35,1.35,8.0,ENDC,ENEL COLOMBIA S.A. E.S.P.,28794000000.0,0.0,0.03,0.1,0.92,0.025,False
SCEC,SCEC S.A. E.S.P.,CNIOR,BOGOTA,ENEL - BOGOTA CUNDINAMARCA,2026-06-01,HISTORICO,False,9099912.5,7734925.62,1364986.88,85.0,15.0,Cubierta (85.0% Contratos / 15.0% Bolsa),30,303330.42,342.5455,45150000.0,1790000000.0,1163500000.0,4.067,6.2569,12,44800000.0,4480000.0,354.0636,44450000.0,4515000.0,8.47e-06,0.0,376.63,376.63,346.5,15.32,5246.92,15.32,23.57,21.68,-1.89,1.89,8.0,ENDC,ENEL COLOMBIA S.A. E.S.P.,28794000000.0,0.0,0.03,0.1,0.92,0.025,False
SCEC,SCEC S.A. E.S.P.,CNIOR,CARIBE_MAR,AFINIA - CARIBE MAR,2026-06-01,HISTORICO,False,9099912.5,7734925.62,1364986.88,85.0,15.0,Cubierta (85.0% Contratos / 15.0% Bolsa),30,303330.42,342.5455,36120000.0,1790000000.0,1163500000.0,4.067,6.2569,12,35840000.0,3584000.0,354.0636,35560000.0,3612000.0,8.47e-06,0.0,301.3,301.3,277.2,12.25,4197.53,12.25,18.85,17.34,-1.51,1.51,8.0,ENDC,ENEL COLOMBIA S.A. E.S.P.,28794000000.0,0.0,0.03,0.1,0.92,0.025,False
SCEC,SCEC S.A. E.S.P.,CNIOR,CARIBE_SOL,AIR-E - CARIBE SOL,2026-06-01,HISTORICO,False,9099912.5,7734925.62,1364986.88,85.0,15.0,Cubierta (85.0% Contratos / 15.0% Bolsa),30,303330.42,342.5455,28380000.0,1790000000.0,1163500000.0,4.067,6.2569,12,28160000.0,2816000.0,354.0636,27940000.0,2838000.0,8.47e-06,0.0,236.74,236.74,217.8,9.63,3298.06,9.63,14.81,13.63,-1.18,1.18,8.0,ENDC,ENEL COLOMBIA S.A. E.S.P.,28794000000.0,0.0,0.03,0.1,0.92,0.025,False
SCEC,SCEC S.A. E.S.P.,CNIOR,CUNDINAMARCA,EEC - CUNDINAMARCA,2026-06-01,HISTORICO,False,9099912.5,7734925.62,1364986.88,85.0,15.0,Cubierta (85.0% Contratos / 15.0% Bolsa),30,303330.42,342.5455,11610000.0,1790000000.0,1163500000.0,4.067,6.2569,12,11520000.0,1152000.0,354.0636,11430000.0,1161000.0,8.47e-06,0.0,96.85,96.85,89.1,3.94,1349.21,3.94,6.06,5.57,-0.48,0.48,8.0,ENDC,ENEL COLOMBIA S.A. E.S.P.,28794000000.0,0.0,0.03,0.1,0.92,0.025,False
SCEC,SCEC S.A. E.S.P.,CNIOR,SANTANDER,ESSA - SANTANDER,2026-06-01,HISTORICO,False,9099912.5,7734925.62,1364986.88,85.0,15.0,Cubierta (85.0% Contratos / 15.0% Bolsa),30,303330.42,342.5455,18060000.0,1790000000.0,1163500000.0,4.067,6.2569,12,17920000.0,1792000.0,354.0636,17780000.0,1806000.0,8.47e-06,0.0,150.65,150.65,138.6,6.13,2098.77,6.13,9.43,8.67,-0.75,0.75,8.0,ENDC,ENEL COLOMBIA S.A. E.S.P.,28794000000.0,0.0,0.03,0.1,0.92,0.025,False
SCEC,SCEC S.A. E.S.P.,CNIOR,TOLIMA,ELET - TOLIMA,2026-06-01,HISTORICO,False,9099912.5,7734925.62,1364986.88,85.0,15.0,Cubierta (85.0% Contratos / 15.0% Bolsa),30,303330.42,342.5455,9675000.0,1790000000.0,1163500000.0,4.067,6.2569,12,9600000.0,960000.0,354.0636,9525000.0,967500.0,8.47e-06,0.0,80.71,80.71,74.25,3.28,1124.34,3.28,5.05,4.65,-0.4,0.4,8.0,ENDC,ENEL COLOMBIA S.A. E.S.P.,28794000000.0,0.0,0.03,0.1,0.92,0.025,False
SCEC,SCEC S.A. E.S.P.,CNIOR,VALLE,CVC - VALLE DEL CAUCA,2026-06-01,HISTORICO,False,9099912.5,7734925.62,1364986.88,85.0,15.0,Cubierta (85.0% Contratos / 15.0% Bolsa),30,303330.42,342.5455,23220000.0,1790000000.0,1163500000.0,4.067,6.2569,12,23040000.0,2304000.0,354.0636,22860000.0,2322000.0,8.47e-06,0.0,193.69,193.69,178.2,7.88,2698.41,7.88,12.12,11.15,-0.97,0.97,8.0,ENDC,ENEL COLOMBIA S.A. E.S.P.,28794000000.0,0.0,0.03,0.1,0.92,0.025,False
SCEC,SCEC S.A. E.S.P.,CNIOR,ANTIOQUIA,EPM - ANTIOQUIA,2026-07-01,HISTORICO,False,9150750.0,7778137.5,1372612.5,85.0,15.0,Cubierta (85.0% Contratos / 15.0% Bolsa),30,305025.0,340.1795,32500000.0,1800000000.0,1170000000.0,4.067,6.2569,12,32250000.0,3225000.0,342.5455,32000000.0,3250000.0,8.76e-06,0.0,280.25,280.25,257.83,11.4,3877.35,11.4,17.54,16.13,-1.4,1.4,8.0,ENDC,ENEL COLOMBIA S.A. E.S.P.,28794000000.0,0.0,0.03,0.1,0.92,0.025,False
SCEC,SCEC S.A. E.S.P.,CNIOR,BOGOTA,ENEL - BOGOTA CUNDINAMARCA,2026-07-01,HISTORICO,False,9150750.0,7778137.5,1372612.5,85.0,15.0,Cubierta (85.0% Contratos / 15.0% Bolsa),30,305025.0,340.1795,45500000.0,1800000000.0,1170000000.0,4.067,6.2569,12,45150000.0,4515000.0,342.5455,44800000.0,4550000.0,8.76e-06,0.0,392.36,392.36,360.97,15.96,5428.29,15.96,24.55,22.59,-1.96,1.96,8.0,ENDC,ENEL COLOMBIA S.A. E.S.P.,28794000000.0,0.0,0.03,0.1,0.92,0.025,False
SCEC,SCEC S.A. E.S.P.,CNIOR,CARIBE_MAR,AFINIA - CARIBE MAR,2026-07-01,HISTORICO,False,9150750.0,7778137.5,1372612.5,85.0,15.0,Cubierta (85.0% Contratos / 15.0% Bolsa),30,305025.0,340.1795,36400000.0,1800000000.0,1170000000.0,4.067,6.2569,12,36120000.0,3612000.0,342.5455,35840000.0,3640000.0,8.76e-06,0.0,313.89,313.89,288.77,12.77,4342.63,12.77,19.64,18.07,-1.57,1.57,8.0,ENDC,ENEL COLOMBIA S.A. E.S.P.,28794000000.0,0.0,0.03,0.1,0.92,0.025,False
SCEC,SCEC S.A. E.S.P.,CNIOR,CARIBE_SOL,AIR-E - CARIBE SOL,2026-07-01,HISTORICO,False,9150750.0,7778137.5,1372612.5,85.0,15.0,Cubierta (85.0% Contratos / 15.0% Bolsa),30,305025.0,340.1795,28600000.0,1800000000.0,1170000000.0,4.067,6.2569,12,28380000.0,2838000.0,342.5455,28160000.0,2860000.0,8.76e-06,0.0,246.62,246.62,226.89,10.03,3412.07,10.03,15.43,14.2,-1.23,1.23,8.0,ENDC,ENEL COLOMBIA S.A. E.S.P.,28794000000.0,0.0,0.03,0.1,0.92,0.025,False
SCEC,SCEC S.A. E.S.P.,CNIOR,CUNDINAMARCA,EEC - CUNDINAMARCA,2026-07-01,HISTORICO,False,9150750.0,7778137.5,1372612.5,85.0,15.0,Cubierta (85.0% Contratos / 15.0% Bolsa),30,305025.0,340.1795,11700000.0,1800000000.0,1170000000.0,4.067,6.2569,12,11610000.0,1161000.0,342.5455,11520000.0,1170000.0,8.76e-06,0.0,100.89,100.89,92.82,4.1,1395.85,4.1,6.31,5.81,-0.51,0.51,8.0,ENDC,ENEL COLOMBIA S.A. E.S.P.,28794000000.0,0.0,0.03,0.1,0.92,0.025,False
SCEC,SCEC S.A. E.S.P.,CNIOR,SANTANDER,ESSA - SANTANDER,2026-07-01,HISTORICO,False,9150750.0,7778137.5,1372612.5,85.0,15.0,Cubierta (85.0% Contratos / 15.0% Bolsa),30,305025.0,340.1795,18200000.0,1800000000.0,1170000000.0,4.067,6.2569,12,18060000.0,1806000.0,342.5455,17920000.0,1820000.0,8.76e-06,0.0,156.94,156.94,144.39,6.38,2171.32,6.38,9.82,9.03,-0.79,0.79,8.0,ENDC,ENEL COLOMBIA S.A. E.S.P.,28794000000.0,0.0,0.03,0.1,0.92,0.025,False
SCEC,SCEC S.A. E.S.P.,CNIOR,TOLIMA,ELET - TOLIMA,2026-07-01,HISTORICO,False,9150750.0,7778137.5,1372612.5,85.0,15.0,Cubierta (85.0% Contratos / 15.0% Bolsa),30,305025.0,340.1795,9750000.0,1800000000.0,1170000000.0,4.067,6.2569,12,9675000.0,967500.0,342.5455,9600000.0,975000.0,8.76e-06,0.0,84.08,84.08,77.35,3.42,1163.21,3.42,5.26,4.84,-0.42,0.42,8.0,ENDC,ENEL COLOMBIA S.A. E.S.P.,28794000000.0,0.0,0.03,0.1,0.92,0.025,False
SCEC,SCEC S.A. E.S.P.,CNIOR,VALLE,CVC - VALLE DEL CAUCA,2026-07-01,HISTORICO,False,9150750.0,7778137.5,1372612.5,85.0,15.0,Cubierta (85.0% Contratos / 15.0% Bolsa),30,305025.0,340.1795,23400000.0,1800000000.0,1170000000.0,4.067,6.2569,12,23220000.0,2322000.0,342.5455,23040000.0,2340000.0,8.76e-06,0.0,201.78,201.78,185.64,8.21,2791.69,8.21,12.63,11.62,-1.01,1.01,8.0,ENDC,ENEL COLOMBIA S.A. E.S.P.,28794000000.0,0.0,0.03,0.1,0.92,0.025,False
SCEC,SCEC S.A. E.S.P.,CNIOR,ANTIOQUIA,EPM - ANTIOQUIA,2026-08-01,HISTORICO,False,9201587.5,7821349.38,1380238.13,85.0,15.0,Cubierta (85.0% Contratos / 15.0% Bolsa),30,306719.58,351.4394,32750000.0,1810000000.0,1176500000.0,4.067,6.2569,12,32500000.0,3250000.0,340.1795,32250000.0,3275000.0,8.82e-06,0.0,284.41,284.41,261.66,11.57,4065.06,11.57,17.8,16.37,-1.42,1.42,8.0,ENDC,ENEL COLOMBIA S.A. E.S.P.,28794000000.0,0.0,0.03,0.1,0.92,0.025,False
SCEC,SCEC S.A. E.S.P.,CNIOR,ANTIOQUIA,EPM - ANTIOQUIA,2026-08-01,FORECAST,True,1504349.43,1278697.02,225652.41,85.0,15.0,Cubierta (85.0% Contratos / 15.0% Bolsa),30,50144.98,363.9117,111525073.43,706268900.79,459074785.52,0.213,0.3277,12,109294571.96,10929457.2,360.2726,107064070.49,11152507.34,1.05e-05,0.0,225652.41,126334030.33,116227307.9,4513.05,1642342.39,1642342.39,2526680.61,2324546.16,-202134.45,202134.45,8.0,ENDC,ENEL COLOMBIA S.A. E.S.P.,28794000000.0,0.0,0.03,0.1,0.92,0.025,False
SCEC,SCEC S.A. E.S.P.,CNIOR,BOGOTA,ENEL - BOGOTA CUNDINAMARCA,2026-08-01,HISTORICO,False,9201587.5,7821349.38,1380238.13,85.0,15.0,Cubierta (85.0% Contratos / 15.0% Bolsa),30,306719.58,351.4394,45850000.0,1810000000.0,1176500000.0,4.067,6.2569,12,45500000.0,4550000.0,340.1795,45150000.0,4585000.0,8.82e-06,0.0,398.17,398.17,366.32,16.19,5691.09,16.19,24.91,22.92,-1.99,1.99,8.0,ENDC,ENEL COLOMBIA S.A. E.S.P.,28794000000.0,0.0,0.03,0.1,0.92,0.025,False
SCEC,SCEC S.A. E.S.P.,CNIOR,BOGOTA,ENEL - BOGOTA CUNDINAMARCA,2026-08-01,FORECAST,True,1504349.43,1278697.02,225652.41,85.0,15.0,Cubierta (85.0% Contratos / 15.0% Bolsa),30,50144.98,363.9117,155757854.91,706268900.79,459074785.52,0.213,0.3277,12,152642697.81,15264269.78,360.2726,149527540.71,15575785.49,1.05e-05,0.0,225652.41,126334030.33,116227307.9,4513.05,1642342.39,1642342.39,2526680.61,2324546.16,-202134.45,202134.45,8.0,ENDC,ENEL COLOMBIA S.A. E.S.P.,28794000000.0,0.0,0.03,0.1,0.92,0.025,False
SCEC,SCEC S.A. E.S.P.,CNIOR,CARIBE_MAR,AFINIA - CARIBE MAR,2026-08-01,HISTORICO,False,9201587.5,7821349.38,1380238.13,85.0,15.0,Cubierta (85.0% Contratos / 15.0% Bolsa),30,306719.58,351.4394,36680000.0,1810000000.0,1176500000.0,4.067,6.2569,12,36400000.0,3640000.0,340.1795,36120000.0,3668000.0,8.82e-06,0.0,318.54,318.54,293.05,12.95,4552.87,12.95,19.93,18.34,-1.59,1.59,8.0,ENDC,ENEL COLOMBIA S.A. E.S.P.,28794000000.0,0.0,0.03,0.1,0.92,0.025,False
SCEC,SCEC S.A. E.S.P.,CNIOR,CARIBE_MAR,AFINIA - CARIBE MAR,2026-08-01,FORECAST,True,1504349.43,1278697.02,225652.41,85.0,15.0,Cubierta (85.0% Contratos / 15.0% Bolsa),30,50144.98,363.9117,124922923.68,706268900.79,459074785.52,0.213,0.3277,12,122424465.21,12242446.52,360.2726,119926006.73,12492292.37,1.05e-05,0.0,225652.41,126334030.33,116227307.9,4513.05,1642342.39,1642342.39,2526680.61,2324546.16,-202134.45,202134.45,8.0,ENDC,ENEL COLOMBIA S.A. E.S.P.,28794000000.0,0.0,0.03,0.1,0.92,0.025,False
SCEC,SCEC S.A. E.S.P.,CNIOR,CARIBE_SOL,AIR-E - CARIBE SOL,2026-08-01,HISTORICO,False,9201587.5,7821349.38,1380238.13,85.0,15.0,Cubierta (85.0% Contratos / 15.0% Bolsa),30,306719.58,351.4394,28820000.0,1810000000.0,1176500000.0,4.067,6.2569,12,28600000.0,2860000.0,340.1795,28380000.0,2882000.0,8.82e-06,0.0,250.28,250.28,230.26,10.18,3577.26,10.18,15.66,14.41,-1.25,1.25,8.0,ENDC,ENEL COLOMBIA S.A. E.S.P.,28794000000.0,0.0,0.03,0.1,0.92,0.025,False
SCEC,SCEC S.A. E.S.P.,CNIOR,CARIBE_SOL,AIR-E - CARIBE SOL,2026-08-01,FORECAST,True,1504349.43,1278697.02,225652.41,85.0,15.0,Cubierta (85.0% Contratos / 15.0% Bolsa),30,50144.98,363.9117,98199654.41,706268900.79,459074785.52,0.213,0.3277,12,96235661.32,9623566.13,360.2726,94271668.23,9819965.44,1.05e-05,0.0,225652.41,126334030.33,116227307.9,4513.05,1642342.39,1642342.39,2526680.61,2324546.16,-202134.45,202134.45,8.0,ENDC,ENEL COLOMBIA S.A. E.S.P.,28794000000.0,0.0,0.03,0.1,0.92,0.025,False
SCEC,SCEC S.A. E.S.P.,CNIOR,CUNDINAMARCA,EEC - CUNDINAMARCA,2026-08-01,HISTORICO,False,9201587.5,7821349.38,1380238.13,85.0,15.0,Cubierta (85.0% Contratos / 15.0% Bolsa),30,306719.58,351.4394,11790000.0,1810000000.0,1176500000.0,4.067,6.2569,12,11700000.0,1170000.0,340.1795,11610000.0,1179000.0,8.82e-06,0.0,102.39,102.39,94.2,4.16,1463.42,4.16,6.41,5.89,-0.51,0.51,8.0,ENDC,ENEL COLOMBIA S.A. E.S.P.,28794000000.0,0.0,0.03,0.1,0.92,0.025,False
SCEC,SCEC S.A. E.S.P.,CNIOR,CUNDINAMARCA,EEC - CUNDINAMARCA,2026-08-01,FORECAST,True,1504349.43,1278697.02,225652.41,85.0,15.0,Cubierta (85.0% Contratos / 15.0% Bolsa),30,50144.98,363.9117,40136232.16,706268900.79,459074785.52,0.213,0.3277,12,39333507.52,3933350.75,360.2726,38530782.87,4013623.22,1.05e-05,0.0,225652.41,126334030.33,116227307.9,4513.05,1642342.39,1642342.39,2526680.61,2324546.16,-202134.45,202134.45,8.0,ENDC,ENEL COLOMBIA S.A. E.S.P.,28794000000.0,0.0,0.03,0.1,0.92,0.025,False
SCEC,SCEC S.A. E.S.P.,CNIOR,SANTANDER,ESSA - SANTANDER,2026-08-01,HISTORICO,False,9201587.5,7821349.38,1380238.13,85.0,15.0,Cubierta (85.0% Contratos / 15.0% Bolsa),30,306719.58,351.4394,18340000.0,1810000000.0,1176500000.0,4.067,6.2569,12,18200000.0,1820000.0,340.1795,18060000.0,1834000.0,8.82e-06,0.0,159.27,159.27,146.53,6.48,2276.44,6.48,9.97,9.17,-0.8,0.8,8.0,ENDC,ENEL COLOMBIA S.A. E.S.P.,28794000000.0,0.0,0.03,0.1,0.92,0.025,False
SCEC,SCEC S.A. E.S.P.,CNIOR,SANTANDER,ESSA - SANTANDER,2026-08-01,FORECAST,True,1504349.43,1278697.02,225652.41,85.0,15.0,Cubierta (85.0% Contratos / 15.0% Bolsa),30,50144.98,363.9117,62420510.43,706268900.79,459074785.52,0.213,0.3277,12,61172100.22,6117210.02,360.2726,59923690.01,6242051.04,1.05e-05,0.0,225652.41,126334030.33,116227307.9,4513.05,1642342.39,1642342.39,2526680.61,2324546.16,-202134.45,202134.45,8.0,ENDC,ENEL COLOMBIA S.A. E.S.P.,28794000000.0,0.0,0.03,0.1,0.92,0.025,False
SCEC,SCEC S.A. E.S.P.,CNIOR,TOLIMA,ELET - TOLIMA,2026-08-01,HISTORICO,False,9201587.5,7821349.38,1380238.13,85.0,15.0,Cubierta (85.0% Contratos / 15.0% Bolsa),30,306719.58,351.4394,9825000.0,1810000000.0,1176500000.0,4.067,6.2569,12,9750000.0,975000.0,340.1795,9675000.0,982500.0,8.82e-06,0.0,85.32,85.32,78.5,3.47,1219.52,3.47,5.34,4.91,-0.43,0.43,8.0,ENDC,ENEL COLOMBIA S.A. E.S.P.,28794000000.0,0.0,0.03,0.1,0.92,0.025,False
SCEC,SCEC S.A. E.S.P.,CNIOR,TOLIMA,ELET - TOLIMA,2026-08-01,FORECAST,True,1504349.43,1278697.02,225652.41,85.0,15.0,Cubierta (85.0% Contratos / 15.0% Bolsa),30,50144.98,363.9117,33629136.79,706268900.79,459074785.52,0.213,0.3277,12,32956554.05,3295655.41,360.2726,32283971.32,3362913.68,1.05e-05,0.0,225652.41,126334030.33,116227307.9,4513.05,1642342.39,1642342.39,2526680.61,2324546.16,-202134.45,202134.45,8.0,ENDC,ENEL COLOMBIA S.A. E.S.P.,28794000000.0,0.0,0.03,0.1,0.92,0.025,False
SCEC,SCEC S.A. E.S.P.,CNIOR,VALLE,CVC - VALLE DEL CAUCA,2026-08-01,HISTORICO,False,9201587.5,7821349.38,1380238.13,85.0,15.0,Cubierta (85.0% Contratos / 15.0% Bolsa),30,306719.58,351.4394,23580000.0,1810000000.0,1176500000.0,4.067,6.2569,12,23400000.0,2340000.0,340.1795,23220000.0,2358000.0,8.82e-06,0.0,204.77,204.77,188.39,8.33,2926.85,8.33,12.81,11.79,-1.03,1.03,8.0,ENDC,ENEL COLOMBIA S.A. E.S.P.,28794000000.0,0.0,0.03,0.1,0.92,0.025,False
SCEC,SCEC S.A. E.S.P.,CNIOR,VALLE,CVC - VALLE DEL CAUCA,2026-08-01,FORECAST,True,1504349.43,1278697.02,225652.41,85.0,15.0,Cubierta (85.0% Contratos / 15.0% Bolsa),30,50144.98,363.9117,79677514.98,706268900.79,459074785.52,0.213,0.3277,12,78083964.68,7808396.47,360.2726,76490414.38,7967751.5,1.05e-05,0.0,225652.41,126334030.33,116227307.9,4513.05,1642342.39,1642342.39,2526680.61,2324546.16,-202134.45,202134.45,8.0,ENDC,ENEL COLOMBIA S.A. E.S.P.,28794000000.0,0.0,0.03,0.1,0.92,0.025,False
SCEC,SCEC S.A. E.S.P.,CNIOR,ANTIOQUIA,EPM - ANTIOQUIA,2026-09-01,HISTORICO,False,9252425.0,7864561.25,1387863.75,85.0,15.0,Cubierta (85.0% Contratos / 15.0% Bolsa),30,308414.17,368.2714,33000000.0,1820000000.0,1183000000.0,4.067,6.2569,12,32750000.0,3275000.0,351.4394,32500000.0,3300000.0,8.54e-06,0.0,277.43,277.43,255.24,11.28,4155.24,11.28,17.36,15.97,-1.39,1.39,8.0,ENDC,ENEL COLOMBIA S.A. E.S.P.,28794000000.0,0.0,0.03,0.1,0.92,0.025,False
SCEC,SCEC S.A. E.S.P.,CNIOR,ANTIOQUIA,EPM - ANTIOQUIA,2026-09-01,FORECAST,True,12241702.58,10405447.19,1836255.39,85.0,15.0,Cubierta (85.0% Contratos / 15.0% Bolsa),30,408056.75,366.3732,876145041.01,5538080412.44,3599752268.11,0.221,0.3401,12,858622140.19,85862214.02,362.7095,841099239.37,87614504.1,1.05e-05,0.0,1836255.39,1034975672.17,952177618.4,36725.11,13454683.74,13454683.74,20699513.44,19043552.37,-1655961.08,1655961.08,8.0,ENDC,ENEL COLOMBIA S.A. E.S.P.,28794000000.0,0.0,0.03,0.1,0.92,0.025,False
SCEC,SCEC S.A. E.S.P.,CNIOR,BOGOTA,ENEL - BOGOTA CUNDINAMARCA,2026-09-01,HISTORICO,False,9252425.0,7864561.25,1387863.75,85.0,15.0,Cubierta (85.0% Contratos / 15.0% Bolsa),30,308414.17,368.2714,46200000.0,1820000000.0,1183000000.0,4.067,6.2569,12,45850000.0,4585000.0,351.4394,45500000.0,4620000.0,8.54e-06,0.0,388.4,388.4,357.33,15.8,5817.34,15.8,24.3,22.36,-1.94,1.94,8.0,ENDC,ENEL COLOMBIA S.A. E.S.P.,28794000000.0,0.0,0.03,0.1,0.92,0.025,False
SCEC,SCEC S.A. E.S.P.,CNIOR,BOGOTA,ENEL - BOGOTA CUNDINAMARCA,2026-09-01,FORECAST,True,12241702.58,10405447.19,1836255.39,85.0,15.0,Cubierta (85.0% Contratos / 15.0% Bolsa),30,408056.75,366.3732,1221978184.89,5538080412.44,3599752268.11,0.221,0.3401,12,1197538621.19,119753862.12,362.7095,1173099057.49,122197818.49,1.05e-05,0.0,1836255.39,1034975672.17,952177618.4,36725.11,13454683.74,13454683.74,20699513.44,19043552.37,-1655961.08,1655961.08,8.0,ENDC,ENEL COLOMBIA S.A. E.S.P.,28794000000.0,0.0,0.03,0.1,0.92,0.025,False
SCEC,SCEC S.A. E.S.P.,CNIOR,CARIBE_MAR,AFINIA - CARIBE MAR,2026-09-01,HISTORICO,False,9252425.0,7864561.25,1387863.75,85.0,15.0,Cubierta (85.0% Contratos / 15.0% Bolsa),30,308414.17,368.2714,36960000.0,1820000000.0,1183000000.0,4.067,6.2569,12,36680000.0,3668000.0,351.4394,36400000.0,3696000.0,8.54e-06,0.0,310.72,310.72,285.86,12.64,4653.87,12.64,19.44,17.89,-1.56,1.56,8.0,ENDC,ENEL COLOMBIA S.A. E.S.P.,28794000000.0,0.0,0.03,0.1,0.92,0.025,False
SCEC,SCEC S.A. E.S.P.,CNIOR,CARIBE_MAR,AFINIA - CARIBE MAR,2026-09-01,FORECAST,True,12241702.58,10405447.19,1836255.39,85.0,15.0,Cubierta (85.0% Contratos / 15.0% Bolsa),30,408056.75,366.3732,976509408.24,5538080412.44,3599752268.11,0.221,0.3401,12,956979220.08,95697922.01,362.7095,937449031.91,97650940.82,1.05e-05,0.0,1836255.39,1034975672.17,952177618.4,36725.11,13454683.74,13454683.74,20699513.44,19043552.37,-1655961.08,1655961.08,8.0,ENDC,ENEL COLOMBIA S.A. E.S.P.,28794000000.0,0.0,0.03,0.1,0.92,0.025,False
SCEC,SCEC S.A. E.S.P.,CNIOR,CARIBE_SOL,AIR-E - CARIBE SOL,2026-09-01,HISTORICO,False,9252425.0,7864561.25,1387863.75,85.0,15.0,Cubierta (85.0% Contratos / 15.0% Bolsa),30,308414.17,368.2714,29040000.0,1820000000.0,1183000000.0,4.067,6.2569,12,28820000.0,2882000.0,351.4394,28600000.0,2904000.0,8.54e-06,0.0,244.14,244.14,224.61,9.93,3656.61,9.93,15.28,14.05,-1.22,1.22,8.0,ENDC,ENEL COLOMBIA S.A. E.S.P.,28794000000.0,0.0,0.03,0.1,0.92,0.025,False
SCEC,SCEC S.A. E.S.P.,CNIOR,CARIBE_SOL,AIR-E - CARIBE SOL,2026-09-01,FORECAST,True,12241702.58,10405447.19,1836255.39,85.0,15.0,Cubierta (85.0% Contratos / 15.0% Bolsa),30,408056.75,366.3732,768057437.6,5538080412.44,3599752268.11,0.221,0.3401,12,752696288.85,75269628.88,362.7095,737335140.1,76805743.76,1.05e-05,0.0,1836255.39,1034975672.17,952177618.4,36725.11,13454683.74,13454683.74,20699513.44,19043552.37,-1655961.08,1655961.08,8.0,ENDC,ENEL COLOMBIA S.A. E.S.P.,28794000000.0,0.0,0.03,0.1,0.92,0.025,False
SCEC,SCEC S.A. E.S.P.,CNIOR,CUNDINAMARCA,EEC - CUNDINAMARCA,2026-09-01,HISTORICO,False,9252425.0,7864561.25,1387863.75,85.0,15.0,Cubierta (85.0% Contratos / 15.0% Bolsa),30,308414.17,368.2714,11880000.0,1820000000.0,1183000000.0,4.067,6.2569,12,11790000.0,1179000.0,351.4394,11700000.0,1188000.0,8.54e-06,0.0,99.87,99.87,91.88,4.06,1495.89,4.06,6.25,5.75,-0.5,0.5,8.0,ENDC,ENEL COLOMBIA S.A. E.S.P.,28794000000.0,0.0,0.03,0.1,0.92,0.025,False
SCEC,SCEC S.A. E.S.P.,CNIOR,CUNDINAMARCA,EEC - CUNDINAMARCA,2026-09-01,FORECAST,True,12241702.58,10405447.19,1836255.39,85.0,15.0,Cubierta (85.0% Contratos / 15.0% Bolsa),30,408056.75,366.3732,314948650.65,5538080412.44,3599752268.11,0.221,0.3401,12,308649677.64,30864967.76,362.7095,302350704.62,31494865.06,1.05e-05,0.0,1836255.39,1034975672.17,952177618.4,36725.11,13454683.74,13454683.74,20699513.44,19043552.37,-1655961.08,1655961.08,8.0,ENDC,ENEL COLOMBIA S.A. E.S.P.,28794000000.0,0.0,0.03,0.1,0.92,0.025,False
SCEC,SCEC S.A. E.S.P.,CNIOR,SANTANDER,ESSA - SANTANDER,2026-09-01,HISTORICO,False,9252425.0,7864561.25,1387863.75,85.0,15.0,Cubierta (85.0% Contratos / 15.0% Bolsa),30,308414.17,368.2714,18480000.0,1820000000.0,1183000000.0,4.067,6.2569,12,18340000.0,1834000.0,351.4394,18200000.0,1848000.0,8.54e-06,0.0,155.36,155.36,142.93,6.32,2326.94,6.32,9.72,8.94,-0.78,0.78,8.0,ENDC,ENEL COLOMBIA S.A. E.S.P.,28794000000.0,0.0,0.03,0.1,0.92,0.025,False
SCEC,SCEC S.A. E.S.P.,CNIOR,SANTANDER,ESSA - SANTANDER,2026-09-01,FORECAST,True,12241702.58,10405447.19,1836255.39,85.0,15.0,Cubierta (85.0% Contratos / 15.0% Bolsa),30,408056.75,366.3732,489014873.61,5538080412.44,3599752268.11,0.221,0.3401,12,479234576.14,47923457.61,362.7095,469454278.67,48901487.36,1.05e-05,0.0,1836255.39,1034975672.17,952177618.4,36725.11,13454683.74,13454683.74,20699513.44,19043552.37,-1655961.08,1655961.08,8.0,ENDC,ENEL COLOMBIA S.A. E.S.P.,28794000000.0,0.0,0.03,0.1,0.92,0.025,False
SCEC,SCEC S.A. E.S.P.,CNIOR,TOLIMA,ELET - TOLIMA,2026-09-01,HISTORICO,False,9252425.0,7864561.25,1387863.75,85.0,15.0,Cubierta (85.0% Contratos / 15.0% Bolsa),30,308414.17,368.2714,9900000.0,1820000000.0,1183000000.0,4.067,6.2569,12,9825000.0,982500.0,351.4394,9750000.0,990000.0,8.54e-06,0.0,83.23,83.23,76.57,3.38,1246.57,3.38,5.21,4.79,-0.42,0.42,8.0,ENDC,ENEL COLOMBIA S.A. E.S.P.,28794000000.0,0.0,0.03,0.1,0.92,0.025,False
SCEC,SCEC S.A. E.S.P.,CNIOR,TOLIMA,ELET - TOLIMA,2026-09-01,FORECAST,True,12241702.58,10405447.19,1836255.39,85.0,15.0,Cubierta (85.0% Contratos / 15.0% Bolsa),30,408056.75,366.3732,261981165.9,5538080412.44,3599752268.11,0.221,0.3401,12,256741542.58,25674154.26,362.7095,251501919.26,26198116.59,1.05e-05,0.0,1836255.39,1034975672.17,952177618.4,36725.11,13454683.74,13454683.74,20699513.44,19043552.37,-1655961.08,1655961.08,8.0,ENDC,ENEL COLOMBIA S.A. E.S.P.,28794000000.0,0.0,0.03,0.1,0.92,0.025,False
SCEC,SCEC S.A. E.S.P.,CNIOR,VALLE,CVC - VALLE DEL CAUCA,2026-09-01,HISTORICO,False,9252425.0,7864561.25,1387863.75,85.0,15.0,Cubierta (85.0% Contratos / 15.0% Bolsa),30,308414.17,368.2714,23760000.0,1820000000.0,1183000000.0,4.067,6.2569,12,23580000.0,2358000.0,351.4394,23400000.0,2376000.0,8.54e-06,0.0,199.75,199.75,183.77,8.12,2991.77,8.12,12.5,11.5,-1.0,1.0,8.0,ENDC,ENEL COLOMBIA S.A. E.S.P.,28794000000.0,0.0,0.03,0.1,0.92,0.025,False
SCEC,SCEC S.A. E.S.P.,CNIOR,VALLE,CVC - VALLE DEL CAUCA,2026-09-01,FORECAST,True,12241702.58,10405447.19,1836255.39,85.0,15.0,Cubierta (85.0% Contratos / 15.0% Bolsa),30,408056.75,366.3732,629445650.54,5538080412.44,3599752268.11,0.221,0.3401,12,616856737.53,61685673.75,362.7095,604267824.52,62944565.05,1.05e-05,0.0,1836255.39,1034975672.17,952177618.4,36725.11,13454683.74,13454683.74,20699513.44,19043552.37,-1655961.08,1655961.08,8.0,ENDC,ENEL COLOMBIA S.A. E.S.P.,28794000000.0,0.0,0.03,0.1,0.92,0.025,False
SCEC,SCEC S.A. E.S.P.,CNIOR,ANTIOQUIA,EPM - ANTIOQUIA,2026-10-01,HISTORICO,False,9303262.5,7907773.12,1395489.38,85.0,15.0,Cubierta (85.0% Contratos / 15.0% Bolsa),30,310108.75,377.4987,33250000.0,1830000000.0,1189500000.0,4.067,6.2569,12,33000000.0,3300000.0,368.2714,32750000.0,3325000.0,8.15e-06,0.0,266.79,266.79,245.44,10.85,4095.95,10.85,16.69,15.36,-1.34,1.34,8.0,ENDC,ENEL COLOMBIA S.A. E.S.P.,28794000000.0,0.0,0.03,0.1,0.92,0.025,False
SCEC,SCEC S.A. E.S.P.,CNIOR,ANTIOQUIA,EPM - ANTIOQUIA,2026-10-01,FORECAST,True,12668135.35,10767915.05,1900220.3,85.0,15.0,Cubierta (85.0% Contratos / 15.0% Bolsa),30,422271.18,371.1472,907772422.7,5751117265.23,3738226222.41,0.2203,0.3389,12,889616974.25,88961697.42,367.4357,871461525.79,90777242.27,1.05e-05,0.0,1900220.3,1085075674.36,998269620.41,38004.41,14105983.77,14105983.77,21701513.49,19965392.41,-1736121.08,1736121.08,8.0,ENDC,ENEL COLOMBIA S.A. E.S.P.,28794000000.0,0.0,0.03,0.1,0.92,0.025,False
SCEC,SCEC S.A. E.S.P.,CNIOR,BOGOTA,ENEL - BOGOTA CUNDINAMARCA,2026-10-01,HISTORICO,False,9303262.5,7907773.12,1395489.38,85.0,15.0,Cubierta (85.0% Contratos / 15.0% Bolsa),30,310108.75,377.4987,46550000.0,1830000000.0,1189500000.0,4.067,6.2569,12,46200000.0,4620000.0,368.2714,45850000.0,4655000.0,8.15e-06,0.0,373.5,373.5,343.62,15.19,5734.32,15.19,23.37,21.5,-1.87,1.87,8.0,ENDC,ENEL COLOMBIA S.A. E.S.P.,28794000000.0,0.0,0.03,0.1,0.92,0.025,False
SCEC,SCEC S.A. E.S.P.,CNIOR,BOGOTA,ENEL - BOGOTA CUNDINAMARCA,2026-10-01,FORECAST,True,12668135.35,10767915.05,1900220.3,85.0,15.0,Cubierta (85.0% Contratos / 15.0% Bolsa),30,422271.18,371.1472,1269678876.22,5751117265.23,3738226222.41,0.2203,0.3389,12,1244285298.7,124428529.87,367.4357,1218891721.17,126967887.62,1.05e-05,0.0,1900220.3,1085075674.36,998269620.41,38004.41,14105983.77,14105983.77,21701513.49,19965392.41,-1736121.08,1736121.08,8.0,ENDC,ENEL COLOMBIA S.A. E.S.P.,28794000000.0,0.0,0.03,0.1,0.92,0.025,False
SCEC,SCEC S.A. E.S.P.,CNIOR,CARIBE_MAR,AFINIA - CARIBE MAR,2026-10-01,HISTORICO,False,9303262.5,7907773.12,1395489.38,85.0,15.0,Cubierta (85.0% Contratos / 15.0% Bolsa),30,310108.75,377.4987,37240000.0,1830000000.0,1189500000.0,4.067,6.2569,12,36960000.0,3696000.0,368.2714,36680000.0,3724000.0,8.15e-06,0.0,298.8,298.8,274.9,12.15,4587.46,12.15,18.7,17.2,-1.5,1.5,8.0,ENDC,ENEL COLOMBIA S.A. E.S.P.,28794000000.0,0.0,0.03,0.1,0.92,0.025,False
SCEC,SCEC S.A. E.S.P.,CNIOR,CARIBE_MAR,AFINIA - CARIBE MAR,2026-10-01,FORECAST,True,12668135.35,10767915.05,1900220.3,85.0,15.0,Cubierta (85.0% Contratos / 15.0% Bolsa),30,422271.18,371.1472,1016007926.42,5751117265.23,3738226222.41,0.2203,0.3389,12,995687767.89,99568776.79,367.4357,975367609.36,101600792.64,1.05e-05,0.0,1900220.3,1085075674.36,998269620.41,38004.41,14105983.77,14105983.77,21701513.49,19965392.41,-1736121.08,1736121.08,8.0,ENDC,ENEL COLOMBIA S.A. E.S.P.,28794000000.0,0.0,0.03,0.1,0.92,0.025,False
SCEC,SCEC S.A. E.S.P.,CNIOR,CARIBE_SOL,AIR-E - CARIBE SOL,2026-10-01,HISTORICO,False,9303262.5,7907773.12,1395489.38,85.0,15.0,Cubierta (85.0% Contratos / 15.0% Bolsa),30,310108.75,377.4987,29260000.0,1830000000.0,1189500000.0,4.067,6.2569,12,29040000.0,2904000.0,368.2714,28820000.0,2926000.0,8.15e-06,0.0,234.77,234.77,215.99,9.55,3604.43,9.55,14.69,13.51,-1.18,1.18,8.0,ENDC,ENEL COLOMBIA S.A. E.S.P.,28794000000.0,0.0,0.03,0.1,0.92,0.025,False
SCEC,SCEC S.A. E.S.P.,CNIOR,CARIBE_SOL,AIR-E - CARIBE SOL,2026-10-01,FORECAST,True,12668135.35,10767915.05,1900220.3,85.0,15.0,Cubierta (85.0% Contratos / 15.0% Bolsa),30,422271.18,371.1472,798174398.7,5751117265.23,3738226222.41,0.2203,0.3389,12,782210910.73,78221091.07,367.4357,766247422.75,79817439.87,1.05e-05,0.0,1900220.3,1085075674.36,998269620.41,38004.41,14105983.77,14105983.77,21701513.49,19965392.41,-1736121.08,1736121.08,8.0,ENDC,ENEL COLOMBIA S.A. E.S.P.,28794000000.0,0.0,0.03,0.1,0.92,0.025,False
SCEC,SCEC S.A. E.S.P.,CNIOR,CUNDINAMARCA,EEC - CUNDINAMARCA,2026-10-01,HISTORICO,False,9303262.5,7907773.12,1395489.38,85.0,15.0,Cubierta (85.0% Contratos / 15.0% Bolsa),30,310108.75,377.4987,11970000.0,1830000000.0,1189500000.0,4.067,6.2569,12,11880000.0,1188000.0,368.2714,11790000.0,1197000.0,8.15e-06,0.0,96.04,96.04,88.36,3.91,1474.54,3.91,6.01,5.53,-0.48,0.48,8.0,ENDC,ENEL COLOMBIA S.A. E.S.P.,28794000000.0,0.0,0.03,0.1,0.92,0.025,False
SCEC,SCEC S.A. E.S.P.,CNIOR,CUNDINAMARCA,EEC - CUNDINAMARCA,2026-10-01,FORECAST,True,12668135.35,10767915.05,1900220.3,85.0,15.0,Cubierta (85.0% Contratos / 15.0% Bolsa),30,422271.18,371.1472,326732261.66,5751117265.23,3738226222.41,0.2203,0.3389,12,320197616.43,32019761.64,367.4357,313662971.19,32673226.17,1.05e-05,0.0,1900220.3,1085075674.36,998269620.41,38004.41,14105983.77,14105983.77,21701513.49,19965392.41,-1736121.08,1736121.08,8.0,ENDC,ENEL COLOMBIA S.A. E.S.P.,28794000000.0,0.0,0.03,0.1,0.92,0.025,False
SCEC,SCEC S.A. E.S.P.,CNIOR,SANTANDER,ESSA - SANTANDER,2026-10-01,HISTORICO,False,9303262.5,7907773.12,1395489.38,85.0,15.0,Cubierta (85.0% Contratos / 15.0% Bolsa),30,310108.75,377.4987,18620000.0,1830000000.0,1189500000.0,4.067,6.2569,12,18480000.0,1848000.0,368.2714,18340000.0,1862000.0,8.15e-06,0.0,149.4,149.4,137.45,6.08,2293.73,6.08,9.35,8.6,-0.75,0.75,8.0,ENDC,ENEL COLOMBIA S.A. E.S.P.,28794000000.0,0.0,0.03,0.1,0.92,0.025,False
SCEC,SCEC S.A. E.S.P.,CNIOR,SANTANDER,ESSA - SANTANDER,2026-10-01,FORECAST,True,12668135.35,10767915.05,1900220.3,85.0,15.0,Cubierta (85.0% Contratos / 15.0% Bolsa),30,422271.18,371.1472,507491880.01,5751117265.23,3738226222.41,0.2203,0.3389,12,497342042.41,49734204.24,367.4357,487192204.81,50749188.0,1.05e-05,0.0,1900220.3,1085075674.36,998269620.41,38004.41,14105983.77,14105983.77,21701513.49,19965392.41,-1736121.08,1736121.08,8.0,ENDC,ENEL COLOMBIA S.A. E.S.P.,28794000000.0,0.0,0.03,0.1,0.92,0.025,False
SCEC,SCEC S.A. E.S.P.,CNIOR,TOLIMA,ELET - TOLIMA,2026-10-01,HISTORICO,False,9303262.5,7907773.12,1395489.38,85.0,15.0,Cubierta (85.0% Contratos / 15.0% Bolsa),30,310108.75,377.4987,9975000.0,1830000000.0,1189500000.0,4.067,6.2569,12,9900000.0,990000.0,368.2714,9825000.0,997500.0,8.15e-06,0.0,80.04,80.04,73.63,3.26,1228.78,3.26,5.01,4.61,-0.4,0.4,8.0,ENDC,ENEL COLOMBIA S.A. E.S.P.,28794000000.0,0.0,0.03,0.1,0.92,0.025,False
SCEC,SCEC S.A. E.S.P.,CNIOR,TOLIMA,ELET - TOLIMA,2026-10-01,FORECAST,True,12668135.35,10767915.05,1900220.3,85.0,15.0,Cubierta (85.0% Contratos / 15.0% Bolsa),30,422271.18,371.1472,271838375.74,5751117265.23,3738226222.41,0.2203,0.3389,12,266401608.23,26640160.82,367.4357,260964840.71,27183837.57,1.05e-05,0.0,1900220.3,1085075674.36,998269620.41,38004.41,14105983.77,14105983.77,21701513.49,19965392.41,-1736121.08,1736121.08,8.0,ENDC,ENEL COLOMBIA S.A. E.S.P.,28794000000.0,0.0,0.03,0.1,0.92,0.025,False
SCEC,SCEC S.A. E.S.P.,CNIOR,VALLE,CVC - VALLE DEL CAUCA,2026-10-01,HISTORICO,False,9303262.5,7907773.12,1395489.38,85.0,15.0,Cubierta (85.0% Contratos / 15.0% Bolsa),30,310108.75,377.4987,23940000.0,1830000000.0,1189500000.0,4.067,6.2569,12,23760000.0,2376000.0,368.2714,23580000.0,2394000.0,8.15e-06,0.0,192.09,192.09,176.72,7.81,2949.08,7.81,12.02,11.06,-0.96,0.96,8.0,ENDC,ENEL COLOMBIA S.A. E.S.P.,28794000000.0,0.0,0.03,0.1,0.92,0.025,False
SCEC,SCEC S.A. E.S.P.,CNIOR,VALLE,CVC - VALLE DEL CAUCA,2026-10-01,FORECAST,True,12668135.35,10767915.05,1900220.3,85.0,15.0,Cubierta (85.0% Contratos / 15.0% Bolsa),30,422271.18,371.1472,653421123.78,5751117265.23,3738226222.41,0.2203,0.3389,12,640352701.3,64035270.13,367.4357,627284278.83,65342112.38,1.05e-05,0.0,1900220.3,1085075674.36,998269620.41,38004.41,14105983.77,14105983.77,21701513.49,19965392.41,-1736121.08,1736121.08,8.0,ENDC,ENEL COLOMBIA S.A. E.S.P.,28794000000.0,0.0,0.03,0.1,0.92,0.025,False
SCEC,SCEC S.A. E.S.P.,CNIOR,ANTIOQUIA,EPM - ANTIOQUIA,2026-11-01,HISTORICO,False,9354100.0,7950985.0,1403115.0,85.0,15.0,Cubierta (85.0% Contratos / 15.0% Bolsa),30,311803.33,372.9362,33500000.0,1840000000.0,1196000000.0,4.067,6.2569,12,33250000.0,3325000.0,377.4987,33000000.0,3350000.0,7.95e-06,0.0,262.25,262.25,241.27,10.67,3977.67,10.67,16.41,15.1,-1.31,1.31,8.0,ENDC,ENEL COLOMBIA S.A. E.S.P.,28794000000.0,0.0,0.03,0.1,0.92,0.025,False
SCEC,SCEC S.A. E.S.P.,CNIOR,ANTIOQUIA,EPM - ANTIOQUIA,2026-11-01,FORECAST,True,12324600.68,10475910.58,1848690.1,85.0,15.0,Cubierta (85.0% Contratos / 15.0% Bolsa),30,410820.02,373.3027,884723428.73,5603207056.5,3642084586.72,0.22,0.3384,12,867028960.16,86702896.02,369.5696,849334491.58,88472342.87,1.05e-05,0.0,1848690.1,1061638399.71,976707327.74,36973.8,13801299.2,13801299.2,21232767.99,19534146.55,-1698621.44,1698621.44,8.0,ENDC,ENEL COLOMBIA S.A. E.S.P.,28794000000.0,0.0,0.03,0.1,0.92,0.025,False
SCEC,SCEC S.A. E.S.P.,CNIOR,BOGOTA,ENEL - BOGOTA CUNDINAMARCA,2026-11-01,HISTORICO,False,9354100.0,7950985.0,1403115.0,85.0,15.0,Cubierta (85.0% Contratos / 15.0% Bolsa),30,311803.33,372.9362,46900000.0,1840000000.0,1196000000.0,4.067,6.2569,12,46550000.0,4655000.0,377.4987,46200000.0,4690000.0,7.95e-06,0.0,367.15,367.15,337.78,14.93,5568.73,14.93,22.97,21.13,-1.84,1.84,8.0,ENDC,ENEL COLOMBIA S.A. E.S.P.,28794000000.0,0.0,0.03,0.1,0.92,0.025,False
SCEC,SCEC S.A. E.S.P.,CNIOR,BOGOTA,ENEL - BOGOTA CUNDINAMARCA,2026-11-01,FORECAST,True,12324600.68,10475910.58,1848690.1,85.0,15.0,Cubierta (85.0% Contratos / 15.0% Bolsa),30,410820.02,373.3027,1236102877.18,5603207056.5,3642084586.72,0.22,0.3384,12,1211380819.64,121138081.96,369.5696,1186658762.09,123610287.72,1.05e-05,0.0,1848690.1,1061638399.71,976707327.74,36973.8,13801299.2,13801299.2,21232767.99,19534146.55,-1698621.44,1698621.44,8.0,ENDC,ENEL COLOMBIA S.A. E.S.P.,28794000000.0,0.0,0.03,0.1,0.92,0.025,False
SCEC,SCEC S.A. E.S.P.,CNIOR,CARIBE_MAR,AFINIA - CARIBE MAR,2026-11-01,HISTORICO,False,9354100.0,7950985.0,1403115.0,85.0,15.0,Cubierta (85.0% Contratos / 15.0% Bolsa),30,311803.33,372.9362,37520000.0,1840000000.0,1196000000.0,4.067,6.2569,12,37240000.0,3724000.0,377.4987,36960000.0,3752000.0,7.95e-06,0.0,293.72,293.72,270.23,11.95,4454.99,11.95,18.38,16.91,-1.47,1.47,8.0,ENDC,ENEL COLOMBIA S.A. E.S.P.,28794000000.0,0.0,0.03,0.1,0.92,0.025,False
SCEC,SCEC S.A. E.S.P.,CNIOR,CARIBE_MAR,AFINIA - CARIBE MAR,2026-11-01,FORECAST,True,12324600.68,10475910.58,1848690.1,85.0,15.0,Cubierta (85.0% Contratos / 15.0% Bolsa),30,410820.02,373.3027,989537406.7,5603207056.5,3642084586.72,0.22,0.3384,12,969746658.57,96974665.86,369.5696,949955910.43,98953740.67,1.05e-05,0.0,1848690.1,1061638399.71,976707327.74,36973.8,13801299.2,13801299.2,21232767.99,19534146.55,-1698621.44,1698621.44,8.0,ENDC,ENEL COLOMBIA S.A. E.S.P.,28794000000.0,0.0,0.03,0.1,0.92,0.025,False
SCEC,SCEC S.A. E.S.P.,CNIOR,CARIBE_SOL,AIR-E - CARIBE SOL,2026-11-01,HISTORICO,False,9354100.0,7950985.0,1403115.0,85.0,15.0,Cubierta (85.0% Contratos / 15.0% Bolsa),30,311803.33,372.9362,29480000.0,1840000000.0,1196000000.0,4.067,6.2569,12,29260000.0,2926000.0,377.4987,29040000.0,2948000.0,7.95e-06,0.0,230.78,230.78,212.32,9.39,3500.35,9.39,14.44,13.28,-1.16,1.16,8.0,ENDC,ENEL COLOMBIA S.A. E.S.P.,28794000000.0,0.0,0.03,0.1,0.92,0.025,False
SCEC,SCEC S.A. E.S.P.,CNIOR,CARIBE_SOL,AIR-E - CARIBE SOL,2026-11-01,FORECAST,True,12324600.68,10475910.58,1848690.1,85.0,15.0,Cubierta (85.0% Contratos / 15.0% Bolsa),30,410820.02,373.3027,779964181.22,5603207056.5,3642084586.72,0.22,0.3384,12,764364897.6,76436489.76,369.5696,748765613.97,77996418.12,1.05e-05,0.0,1848690.1,1061638399.71,976707327.74,36973.8,13801299.2,13801299.2,21232767.99,19534146.55,-1698621.44,1698621.44,8.0,ENDC,ENEL COLOMBIA S.A. E.S.P.,28794000000.0,0.0,0.03,0.1,0.92,0.025,False
SCEC,SCEC S.A. E.S.P.,CNIOR,CUNDINAMARCA,EEC - CUNDINAMARCA,2026-11-01,HISTORICO,False,9354100.0,7950985.0,1403115.0,85.0,15.0,Cubierta (85.0% Contratos / 15.0% Bolsa),30,311803.33,372.9362,12060000.0,1840000000.0,1196000000.0,4.067,6.2569,12,11970000.0,1197000.0,377.4987,11880000.0,1206000.0,7.95e-06,0.0,94.41,94.41,86.86,3.84,1431.96,3.84,5.91,5.43,-0.47,0.47,8.0,ENDC,ENEL COLOMBIA S.A. E.S.P.,28794000000.0,0.0,0.03,0.1,0.92,0.025,False
SCEC,SCEC S.A. E.S.P.,CNIOR,CUNDINAMARCA,EEC - CUNDINAMARCA,2026-11-01,FORECAST,True,12324600.68,10475910.58,1848690.1,85.0,15.0,Cubierta (85.0% Contratos / 15.0% Bolsa),30,410820.02,373.3027,318455719.06,5603207056.5,3642084586.72,0.22,0.3384,12,312086604.68,31208660.47,369.5696,305717490.3,31845571.91,1.05e-05,0.0,1848690.1,1061638399.71,976707327.74,36973.8,13801299.2,13801299.2,21232767.99,19534146.55,-1698621.44,1698621.44,8.0,ENDC,ENEL COLOMBIA S.A. E.S.P.,28794000000.0,0.0,0.03,0.1,0.92,0.025,False
SCEC,SCEC S.A. E.S.P.,CNIOR,SANTANDER,ESSA - SANTANDER,2026-11-01,HISTORICO,False,9354100.0,7950985.0,1403115.0,85.0,15.0,Cubierta (85.0% Contratos / 15.0% Bolsa),30,311803.33,372.9362,18760000.0,1840000000.0,1196000000.0,4.067,6.2569,12,18620000.0,1862000.0,377.4987,18480000.0,1876000.0,7.95e-06,0.0,146.86,146.86,135.11,5.97,2227.49,5.97,9.19,8.45,-0.74,0.74,8.0,ENDC,ENEL COLOMBIA S.A. E.S.P.,28794000000.0,0.0,0.03,0.1,0.92,0.025,False
SCEC,SCEC S.A. E.S.P.,CNIOR,SANTANDER,ESSA - SANTANDER,2026-11-01,FORECAST,True,12324600.68,10475910.58,1848690.1,85.0,15.0,Cubierta (85.0% Contratos / 15.0% Bolsa),30,410820.02,373.3027,494522255.56,5603207056.5,3642084586.72,0.22,0.3384,12,484631810.45,48463181.04,369.5696,474741365.34,49452225.56,1.05e-05,0.0,1848690.1,1061638399.71,976707327.74,36973.8,13801299.2,13801299.2,21232767.99,19534146.55,-1698621.44,1698621.44,8.0,ENDC,ENEL COLOMBIA S.A. E.S.P.,28794000000.0,0.0,0.03,0.1,0.92,0.025,False
SCEC,SCEC S.A. E.S.P.,CNIOR,TOLIMA,ELET - TOLIMA,2026-11-01,HISTORICO,False,9354100.0,7950985.0,1403115.0,85.0,15.0,Cubierta (85.0% Contratos / 15.0% Bolsa),30,311803.33,372.9362,10050000.0,1840000000.0,1196000000.0,4.067,6.2569,12,9975000.0,997500.0,377.4987,9900000.0,1005000.0,7.95e-06,0.0,78.68,78.68,72.38,3.2,1193.3,3.2,4.92,4.53,-0.39,0.39,8.0,ENDC,ENEL COLOMBIA S.A. E.S.P.,28794000000.0,0.0,0.03,0.1,0.92,0.025,False
SCEC,SCEC S.A. E.S.P.,CNIOR,TOLIMA,ELET - TOLIMA,2026-11-01,FORECAST,True,12324600.68,10475910.58,1848690.1,85.0,15.0,Cubierta (85.0% Contratos / 15.0% Bolsa),30,410820.02,373.3027,264872877.15,5603207056.5,3642084586.72,0.22,0.3384,12,259575419.61,25957541.96,369.5696,254277962.06,26487287.72,1.05e-05,0.0,1848690.1,1061638399.71,976707327.74,36973.8,13801299.2,13801299.2,21232767.99,19534146.55,-1698621.44,1698621.44,8.0,ENDC,ENEL COLOMBIA S.A. E.S.P.,28794000000.0,0.0,0.03,0.1,0.92,0.025,False
SCEC,SCEC S.A. E.S.P.,CNIOR,VALLE,CVC - VALLE DEL CAUCA,2026-11-01,HISTORICO,False,9354100.0,7950985.0,1403115.0,85.0,15.0,Cubierta (85.0% Contratos / 15.0% Bolsa),30,311803.33,372.9362,24120000.0,1840000000.0,1196000000.0,4.067,6.2569,12,23940000.0,2394000.0,377.4987,23760000.0,2412000.0,7.95e-06,0.0,188.82,188.82,173.72,7.68,2863.92,7.68,11.81,10.87,-0.95,0.95,8.0,ENDC,ENEL COLOMBIA S.A. E.S.P.,28794000000.0,0.0,0.03,0.1,0.92,0.025,False
SCEC,SCEC S.A. E.S.P.,CNIOR,VALLE,CVC - VALLE DEL CAUCA,2026-11-01,FORECAST,True,12324600.68,10475910.58,1848690.1,85.0,15.0,Cubierta (85.0% Contratos / 15.0% Bolsa),30,410820.02,373.3027,635028310.9,5603207056.5,3642084586.72,0.22,0.3384,12,622327744.68,62232774.47,369.5696,609627178.46,63502831.09,1.05e-05,0.0,1848690.1,1061638399.71,976707327.74,36973.8,13801299.2,13801299.2,21232767.99,19534146.55,-1698621.44,1698621.44,8.0,ENDC,ENEL COLOMBIA S.A. E.S.P.,28794000000.0,0.0,0.03,0.1,0.92,0.025,False
SCEC,SCEC S.A. E.S.P.,CNIOR,ANTIOQUIA,EPM - ANTIOQUIA,2026-12-01,HISTORICO,False,9404937.5,7994196.88,1410740.63,85.0,15.0,Cubierta (85.0% Contratos / 15.0% Bolsa),30,313497.92,361.0773,33750000.0,1850000000.0,1202500000.0,4.067,6.2569,12,33500000.0,3350000.0,372.9362,33250000.0,3375000.0,8.04e-06,0.0,267.47,267.47,246.07,10.88,3927.83,10.88,16.74,15.4,-1.34,1.34,8.0,ENDC,ENEL COLOMBIA S.A. E.S.P.,28794000000.0,0.0,0.03,0.1,0.92,0.025,False
SCEC,SCEC S.A. E.S.P.,CNIOR,ANTIOQUIA,EPM - ANTIOQUIA,2026-12-01,FORECAST,True,13027801.3,11073631.1,1954170.19,85.0,15.0,Cubierta (85.0% Contratos / 15.0% Bolsa),30,434260.04,379.3378,928897272.23,5886251299.04,3826063344.4,0.2213,0.3405,12,910319326.79,91031932.68,375.5444,891741381.34,92889727.22,1.05e-05,0.0,1954170.19,1140438883.19,1049203772.54,39083.4,14825705.48,14825705.48,22808777.66,20984075.45,-1824702.21,1824702.21,8.0,ENDC,ENEL COLOMBIA S.A. E.S.P.,28794000000.0,0.0,0.03,0.1,0.92,0.025,False
SCEC,SCEC S.A. E.S.P.,CNIOR,BOGOTA,ENEL - BOGOTA CUNDINAMARCA,2026-12-01,HISTORICO,False,9404937.5,7994196.88,1410740.63,85.0,15.0,Cubierta (85.0% Contratos / 15.0% Bolsa),30,313497.92,361.0773,47250000.0,1850000000.0,1202500000.0,4.067,6.2569,12,46900000.0,4690000.0,372.9362,46550000.0,4725000.0,8.04e-06,0.0,374.46,374.46,344.5,15.23,5498.96,15.23,23.43,21.56,-1.87,1.87,8.0,ENDC,ENEL COLOMBIA S.A. E.S.P.,28794000000.0,0.0,0.03,0.1,0.92,0.025,False
SCEC,SCEC S.A. E.S.P.,CNIOR,BOGOTA,ENEL - BOGOTA CUNDINAMARCA,2026-12-01,FORECAST,True,13027801.3,11073631.1,1954170.19,85.0,15.0,Cubierta (85.0% Contratos / 15.0% Bolsa),30,434260.04,379.3378,1302475829.6,5886251299.04,3826063344.4,0.2213,0.3405,12,1276426313.01,127642631.3,375.5444,1250376796.42,130247582.96,1.05e-05,0.0,1954170.19,1140438883.19,1049203772.54,39083.4,14825705.48,14825705.48,22808777.66,20984075.45,-1824702.21,1824702.21,8.0,ENDC,ENEL COLOMBIA S.A. E.S.P.,28794000000.0,0.0,0.03,0.1,0.92,0.025,False
SCEC,SCEC S.A. E.S.P.,CNIOR,CARIBE_MAR,AFINIA - CARIBE MAR,2026-12-01,HISTORICO,False,9404937.5,7994196.88,1410740.63,85.0,15.0,Cubierta (85.0% Contratos / 15.0% Bolsa),30,313497.92,361.0773,37800000.0,1850000000.0,1202500000.0,4.067,6.2569,12,37520000.0,3752000.0,372.9362,37240000.0,3780000.0,8.04e-06,0.0,299.57,299.57,275.6,12.18,4399.17,12.18,18.74,17.24,-1.5,1.5,8.0,ENDC,ENEL COLOMBIA S.A. E.S.P.,28794000000.0,0.0,0.03,0.1,0.92,0.025,False
SCEC,SCEC S.A. E.S.P.,CNIOR,CARIBE_MAR,AFINIA - CARIBE MAR,2026-12-01,FORECAST,True,13027801.3,11073631.1,1954170.19,85.0,15.0,Cubierta (85.0% Contratos / 15.0% Bolsa),30,434260.04,379.3378,1035922607.13,5886251299.04,3826063344.4,0.2213,0.3405,12,1015204154.99,101520415.5,375.5444,994485702.84,103592260.71,1.05e-05,0.0,1954170.19,1140438883.19,1049203772.54,39083.4,14825705.48,14825705.48,22808777.66,20984075.45,-1824702.21,1824702.21,8.0,ENDC,ENEL COLOMBIA S.A. E.S.P.,28794000000.0,0.0,0.03,0.1,0.92,0.025,False
SCEC,SCEC S.A. E.S.P.,CNIOR,CARIBE_SOL,AIR-E - CARIBE SOL,2026-12-01,HISTORICO,False,9404937.5,7994196.88,1410740.63,85.0,15.0,Cubierta (85.0% Contratos / 15.0% Bolsa),30,313497.92,361.0773,29700000.0,1850000000.0,1202500000.0,4.067,6.2569,12,29480000.0,2948000.0,372.9362,29260000.0,2970000.0,8.04e-06,0.0,235.38,235.38,216.55,9.57,3456.49,9.57,14.73,13.55,-1.18,1.18,8.0,ENDC,ENEL COLOMBIA S.A. E.S.P.,28794000000.0,0.0,0.03,0.1,0.92,0.025,False
SCEC,SCEC S.A. E.S.P.,CNIOR,CARIBE_SOL,AIR-E - CARIBE SOL,2026-12-01,FORECAST,True,13027801.3,11073631.1,1954170.19,85.0,15.0,Cubierta (85.0% Contratos / 15.0% Bolsa),30,434260.04,379.3378,818230963.76,5886251299.04,3826063344.4,0.2213,0.3405,12,801866344.48,80186634.45,375.5444,785501725.21,81823096.38,1.05e-05,0.0,1954170.19,1140438883.19,1049203772.54,39083.4,14825705.48,14825705.48,22808777.66,20984075.45,-1824702.21,1824702.21,8.0,ENDC,ENEL COLOMBIA S.A. E.S.P.,28794000000.0,0.0,0.03,0.1,0.92,0.025,False
SCEC,SCEC S.A. E.S.P.,CNIOR,CUNDINAMARCA,EEC - CUNDINAMARCA,2026-12-01,HISTORICO,False,9404937.5,7994196.88,1410740.63,85.0,15.0,Cubierta (85.0% Contratos / 15.0% Bolsa),30,313497.92,361.0773,12150000.0,1850000000.0,1202500000.0,4.067,6.2569,12,12060000.0,1206000.0,372.9362,11970000.0,1215000.0,8.04e-06,0.0,96.29,96.29,88.59,3.92,1414.02,3.92,6.02,5.54,-0.48,0.48,8.0,ENDC,ENEL COLOMBIA S.A. E.S.P.,28794000000.0,0.0,0.03,0.1,0.92,0.025,False
SCEC,SCEC S.A. E.S.P.,CNIOR,CUNDINAMARCA,EEC - CUNDINAMARCA,2026-12-01,FORECAST,True,13027801.3,11073631.1,1954170.19,85.0,15.0,Cubierta (85.0% Contratos / 15.0% Bolsa),30,434260.04,379.3378,334129250.36,5886251299.04,3826063344.4,0.2213,0.3405,12,327446665.35,32744666.54,375.5444,320764080.35,33412925.04,1.05e-05,0.0,1954170.19,1140438883.19,1049203772.54,39083.4,14825705.48,14825705.48,22808777.66,20984075.45,-1824702.21,1824702.21,8.0,ENDC,ENEL COLOMBIA S.A. E.S.P.,28794000000.0,0.0,0.03,0.1,0.92,0.025,False
SCEC,SCEC S.A. E.S.P.,CNIOR,SANTANDER,ESSA - SANTANDER,2026-12-01,HISTORICO,False,9404937.5,7994196.88,1410740.63,85.0,15.0,Cubierta (85.0% Contratos / 15.0% Bolsa),30,313497.92,361.0773,18900000.0,1850000000.0,1202500000.0,4.067,6.2569,12,18760000.0,1876000.0,372.9362,18620000.0,1890000.0,8.04e-06,0.0,149.78,149.78,137.8,6.09,2199.58,6.09,9.37,8.62,-0.75,0.75,8.0,ENDC,ENEL COLOMBIA S.A. E.S.P.,28794000000.0,0.0,0.03,0.1,0.92,0.025,False
SCEC,SCEC S.A. E.S.P.,CNIOR,SANTANDER,ESSA - SANTANDER,2026-12-01,FORECAST,True,13027801.3,11073631.1,1954170.19,85.0,15.0,Cubierta (85.0% Contratos / 15.0% Bolsa),30,434260.04,379.3378,520404511.17,5886251299.04,3826063344.4,0.2213,0.3405,12,509996420.95,50999642.09,375.5444,499588330.72,52040451.12,1.05e-05,0.0,1954170.19,1140438883.19,1049203772.54,39083.4,14825705.48,14825705.48,22808777.66,20984075.45,-1824702.21,1824702.21,8.0,ENDC,ENEL COLOMBIA S.A. E.S.P.,28794000000.0,0.0,0.03,0.1,0.92,0.025,False
SCEC,SCEC S.A. E.S.P.,CNIOR,TOLIMA,ELET - TOLIMA,2026-12-01,HISTORICO,False,9404937.5,7994196.88,1410740.63,85.0,15.0,Cubierta (85.0% Contratos / 15.0% Bolsa),30,313497.92,361.0773,10125000.0,1850000000.0,1202500000.0,4.067,6.2569,12,10050000.0,1005000.0,372.9362,9975000.0,1012500.0,8.04e-06,0.0,80.24,80.24,73.82,3.26,1178.35,3.26,5.02,4.62,-0.4,0.4,8.0,ENDC,ENEL COLOMBIA S.A. E.S.P.,28794000000.0,0.0,0.03,0.1,0.92,0.025,False
SCEC,SCEC S.A. E.S.P.,CNIOR,TOLIMA,ELET - TOLIMA,2026-12-01,FORECAST,True,13027801.3,11073631.1,1954170.19,85.0,15.0,Cubierta (85.0% Contratos / 15.0% Bolsa),30,434260.04,379.3378,278413071.59,5886251299.04,3826063344.4,0.2213,0.3405,12,272844810.16,27284481.02,375.5444,267276548.73,27841307.16,1.05e-05,0.0,1954170.19,1140438883.19,1049203772.54,39083.4,14825705.48,14825705.48,22808777.66,20984075.45,-1824702.21,1824702.21,8.0,ENDC,ENEL COLOMBIA S.A. E.S.P.,28794000000.0,0.0,0.03,0.1,0.92,0.025,False
SCEC,SCEC S.A. E.S.P.,CNIOR,VALLE,CVC - VALLE DEL CAUCA,2026-12-01,HISTORICO,False,9404937.5,7994196.88,1410740.63,85.0,15.0,Cubierta (85.0% Contratos / 15.0% Bolsa),30,313497.92,361.0773,24300000.0,1850000000.0,1202500000.0,4.067,6.2569,12,24120000.0,2412000.0,372.9362,23940000.0,2430000.0,8.04e-06,0.0,192.58,192.58,177.17,7.83,2828.04,7.83,12.05,11.09,-0.96,0.96,8.0,ENDC,ENEL COLOMBIA S.A. E.S.P.,28794000000.0,0.0,0.03,0.1,0.92,0.025,False
SCEC,SCEC S.A. E.S.P.,CNIOR,VALLE,CVC - VALLE DEL CAUCA,2026-12-01,FORECAST,True,13027801.3,11073631.1,1954170.19,85.0,15.0,Cubierta (85.0% Contratos / 15.0% Bolsa),30,434260.04,379.3378,667777793.2,5886251299.04,3826063344.4,0.2213,0.3405,12,654422237.34,65442223.73,375.5444,641066681.47,66777779.32,1.05e-05,0.0,1954170.19,1140438883.19,1049203772.54,39083.4,14825705.48,14825705.48,22808777.66,20984075.45,-1824702.21,1824702.21,8.0,ENDC,ENEL COLOMBIA S.A. E.S.P.,28794000000.0,0.0,0.03,0.1,0.92,0.025,False
SCEC,SCEC S.A. E.S.P.,CNIOR,ANTIOQUIA,EPM - ANTIOQUIA,2027-01-01,HISTORICO,False,9455775.0,8037408.75,1418366.25,85.0,15.0,Cubierta (85.0% Contratos / 15.0% Bolsa),30,315192.5,355.1233,34000000.0,1860000000.0,1209000000.0,4.067,6.2569,12,33750000.0,3375000.0,361.0773,33500000.0,3400000.0,8.31e-06,0.0,278.33,278.33,256.07,11.32,4019.94,11.32,17.42,16.02,-1.39,1.39,8.0,ENDC,ENEL COLOMBIA S.A. E.S.P.,28794000000.0,0.0,0.03,0.1,0.92,0.025,False
SCEC,SCEC S.A. E.S.P.,CNIOR,ANTIOQUIA,EPM - ANTIOQUIA,2027-01-01,FORECAST,True,12874184.92,10943057.18,1931127.74,85.0,15.0,Cubierta (85.0% Contratos / 15.0% Bolsa),30,429139.5,385.388,924783154.0,5873728190.24,3817923323.65,0.2192,0.3372,12,906287490.92,90628749.09,381.5341,887791827.84,92478315.4,1.05e-05,0.0,1931127.74,1145092204.4,1053484828.05,38622.55,14886198.66,14886198.66,22901844.09,21069696.56,-1832147.53,1832147.53,8.0,ENDC,ENEL COLOMBIA S.A. E.S.P.,28794000000.0,0.0,0.03,0.1,0.92,0.025,False
SCEC,SCEC S.A. E.S.P.,CNIOR,BOGOTA,ENEL - BOGOTA CUNDINAMARCA,2027-01-01,HISTORICO,False,9455775.0,8037408.75,1418366.25,85.0,15.0,Cubierta (85.0% Contratos / 15.0% Bolsa),30,315192.5,355.1233,47600000.0,1860000000.0,1209000000.0,4.067,6.2569,12,47250000.0,4725000.0,361.0773,46900000.0,4760000.0,8.31e-06,0.0,389.67,389.67,358.49,15.85,5627.91,15.85,24.38,22.43,-1.95,1.95,8.0,ENDC,ENEL COLOMBIA S.A. E.S.P.,28794000000.0,0.0,0.03,0.1,0.92,0.025,False
SCEC,SCEC S.A. E.S.P.,CNIOR,BOGOTA,ENEL - BOGOTA CUNDINAMARCA,2027-01-01,FORECAST,True,12874184.92,10943057.18,1931127.74,85.0,15.0,Cubierta (85.0% Contratos / 15.0% Bolsa),30,429139.5,385.388,1297225719.86,5873728190.24,3817923323.65,0.2192,0.3372,12,1271281205.46,127128120.55,381.5341,1245336691.07,129722571.99,1.05e-05,0.0,1931127.74,1145092204.4,1053484828.05,38622.55,14886198.66,14886198.66,22901844.09,21069696.56,-1832147.53,1832147.53,8.0,ENDC,ENEL COLOMBIA S.A. E.S.P.,28794000000.0,0.0,0.03,0.1,0.92,0.025,False
SCEC,SCEC S.A. E.S.P.,CNIOR,CARIBE_MAR,AFINIA - CARIBE MAR,2027-01-01,HISTORICO,False,9455775.0,8037408.75,1418366.25,85.0,15.0,Cubierta (85.0% Contratos / 15.0% Bolsa),30,315192.5,355.1233,38080000.0,1860000000.0,1209000000.0,4.067,6.2569,12,37800000.0,3780000.0,361.0773,37520000.0,3808000.0,8.31e-06,0.0,311.73,311.73,286.8,12.68,4502.33,12.68,19.5,17.94,-1.56,1.56,8.0,ENDC,ENEL COLOMBIA S.A. E.S.P.,28794000000.0,0.0,0.03,0.1,0.92,0.025,False
SCEC,SCEC S.A. E.S.P.,CNIOR,CARIBE_MAR,AFINIA - CARIBE MAR,2027-01-01,FORECAST,True,12874184.92,10943057.18,1931127.74,85.0,15.0,Cubierta (85.0% Contratos / 15.0% Bolsa),30,429139.5,385.388,1037306509.87,5873728190.24,3817923323.65,0.2192,0.3372,12,1016560379.67,101656037.97,381.5341,995814249.48,103730650.99,1.05e-05,0.0,1931127.74,1145092204.4,1053484828.05,38622.55,14886198.66,14886198.66,22901844.09,21069696.56,-1832147.53,1832147.53,8.0,ENDC,ENEL COLOMBIA S.A. E.S.P.,28794000000.0,0.0,0.03,0.1,0.92,0.025,False
SCEC,SCEC S.A. E.S.P.,CNIOR,CARIBE_SOL,AIR-E - CARIBE SOL,2027-01-01,HISTORICO,False,9455775.0,8037408.75,1418366.25,85.0,15.0,Cubierta (85.0% Contratos / 15.0% Bolsa),30,315192.5,355.1233,29920000.0,1860000000.0,1209000000.0,4.067,6.2569,12,29700000.0,2970000.0,361.0773,29480000.0,2992000.0,8.31e-06,0.0,244.93,244.93,225.34,9.96,3537.54,9.96,15.33,14.1,-1.23,1.23,8.0,ENDC,ENEL COLOMBIA S.A. E.S.P.,28794000000.0,0.0,0.03,0.1,0.92,0.025,False
SCEC,SCEC S.A. E.S.P.,CNIOR,CARIBE_SOL,AIR-E - CARIBE SOL,2027-01-01,FORECAST,True,12874184.92,10943057.18,1931127.74,85.0,15.0,Cubierta (85.0% Contratos / 15.0% Bolsa),30,429139.5,385.388,815409598.84,5873728190.24,3817923323.65,0.2192,0.3372,12,799101406.86,79910140.69,381.5341,782793214.89,81540959.88,1.05e-05,0.0,1931127.74,1145092204.4,1053484828.05,38622.55,14886198.66,14886198.66,22901844.09,21069696.56,-1832147.53,1832147.53,8.0,ENDC,ENEL COLOMBIA S.A. E.S.P.,28794000000.0,0.0,0.03,0.1,0.92,0.025,False
SCEC,SCEC S.A. E.S.P.,CNIOR,CUNDINAMARCA,EEC - CUNDINAMARCA,2027-01-01,HISTORICO,False,9455775.0,8037408.75,1418366.25,85.0,15.0,Cubierta (85.0% Contratos / 15.0% Bolsa),30,315192.5,355.1233,12240000.0,1860000000.0,1209000000.0,4.067,6.2569,12,12150000.0,1215000.0,361.0773,12060000.0,1224000.0,8.31e-06,0.0,100.2,100.2,92.18,4.08,1447.18,4.08,6.27,5.77,-0.5,0.5,8.0,ENDC,ENEL COLOMBIA S.A. E.S.P.,28794000000.0,0.0,0.03,0.1,0.92,0.025,False
SCEC,SCEC S.A. E.S.P.,CNIOR,CUNDINAMARCA,EEC - CUNDINAMARCA,2027-01-01,FORECAST,True,12874184.92,10943057.18,1931127.74,85.0,15.0,Cubierta (85.0% Contratos / 15.0% Bolsa),30,429139.5,385.388,333129005.72,5873728190.24,3817923323.65,0.2192,0.3372,12,326466425.61,32646642.56,381.5341,319803845.49,33312900.57,1.05e-05,0.0,1931127.74,1145092204.4,1053484828.05,38622.55,14886198.66,14886198.66,22901844.09,21069696.56,-1832147.53,1832147.53,8.0,ENDC,ENEL COLOMBIA S.A. E.S.P.,28794000000.0,0.0,0.03,0.1,0.92,0.025,False
SCEC,SCEC S.A. E.S.P.,CNIOR,SANTANDER,ESSA - SANTANDER,2027-01-01,HISTORICO,False,9455775.0,8037408.75,1418366.25,85.0,15.0,Cubierta (85.0% Contratos / 15.0% Bolsa),30,315192.5,355.1233,19040000.0,1860000000.0,1209000000.0,4.067,6.2569,12,18900000.0,1890000.0,361.0773,18760000.0,1904000.0,8.31e-06,0.0,155.87,155.87,143.4,6.34,2251.16,6.34,9.75,8.97,-0.78,0.78,8.0,ENDC,ENEL COLOMBIA S.A. E.S.P.,28794000000.0,0.0,0.03,0.1,0.92,0.025,False
SCEC,SCEC S.A. E.S.P.,CNIOR,SANTANDER,ESSA - SANTANDER,2027-01-01,FORECAST,True,12874184.92,10943057.18,1931127.74,85.0,15.0,Cubierta (85.0% Contratos / 15.0% Bolsa),30,429139.5,385.388,519395875.57,5873728190.24,3817923323.65,0.2192,0.3372,12,509007958.06,50900795.81,381.5341,498620040.55,51939587.56,1.05e-05,0.0,1931127.74,1145092204.4,1053484828.05,38622.55,14886198.66,14886198.66,22901844.09,21069696.56,-1832147.53,1832147.53,8.0,ENDC,ENEL COLOMBIA S.A. E.S.P.,28794000000.0,0.0,0.03,0.1,0.92,0.025,False
SCEC,SCEC S.A. E.S.P.,CNIOR,TOLIMA,ELET - TOLIMA,2027-01-01,HISTORICO,False,9455775.0,8037408.75,1418366.25,85.0,15.0,Cubierta (85.0% Contratos / 15.0% Bolsa),30,315192.5,355.1233,10200000.0,1860000000.0,1209000000.0,4.067,6.2569,12,10125000.0,1012500.0,361.0773,10050000.0,1020000.0,8.31e-06,0.0,83.5,83.5,76.82,3.4,1205.98,3.4,5.22,4.81,-0.42,0.42,8.0,ENDC,ENEL COLOMBIA S.A. E.S.P.,28794000000.0,0.0,0.03,0.1,0.92,0.025,False
SCEC,SCEC S.A. E.S.P.,CNIOR,TOLIMA,ELET - TOLIMA,2027-01-01,FORECAST,True,12874184.92,10943057.18,1931127.74,85.0,15.0,Cubierta (85.0% Contratos / 15.0% Bolsa),30,429139.5,385.388,278096259.29,5873728190.24,3817923323.65,0.2192,0.3372,12,272534334.1,27253433.41,381.5341,266972408.92,27809625.93,1.05e-05,0.0,1931127.74,1145092204.4,1053484828.05,38622.55,14886198.66,14886198.66,22901844.09,21069696.56,-1832147.53,1832147.53,8.0,ENDC,ENEL COLOMBIA S.A. E.S.P.,28794000000.0,0.0,0.03,0.1,0.92,0.025,False
SCEC,SCEC S.A. E.S.P.,CNIOR,VALLE,CVC - VALLE DEL CAUCA,2027-01-01,HISTORICO,False,9455775.0,8037408.75,1418366.25,85.0,15.0,Cubierta (85.0% Contratos / 15.0% Bolsa),30,315192.5,355.1233,24480000.0,1860000000.0,1209000000.0,4.067,6.2569,12,24300000.0,2430000.0,361.0773,24120000.0,2448000.0,8.31e-06,0.0,200.4,200.4,184.37,8.15,2894.35,8.15,12.54,11.54,-1.0,1.0,8.0,ENDC,ENEL COLOMBIA S.A. E.S.P.,28794000000.0,0.0,0.03,0.1,0.92,0.025,False
SCEC,SCEC S.A. E.S.P.,CNIOR,VALLE,CVC - VALLE DEL CAUCA,2027-01-01,FORECAST,True,12874184.92,10943057.18,1931127.74,85.0,15.0,Cubierta (85.0% Contratos / 15.0% Bolsa),30,429139.5,385.388,668382067.09,5873728190.24,3817923323.65,0.2192,0.3372,12,655014425.75,65501442.57,381.5341,641646784.41,66838206.71,1.05e-05,0.0,1931127.74,1145092204.4,1053484828.05,38622.55,14886198.66,14886198.66,22901844.09,21069696.56,-1832147.53,1832147.53,8.0,ENDC,ENEL COLOMBIA S.A. E.S.P.,28794000000.0,0.0,0.03,0.1,0.92,0.025,False
SCEC,SCEC S.A. E.S.P.,CNIOR,ANTIOQUIA,EPM - ANTIOQUIA,2027-02-01,HISTORICO,False,9506612.5,8080620.62,1425991.88,85.0,15.0,Cubierta (85.0% Contratos / 15.0% Bolsa),30,316887.08,362.8469,34250000.0,1870000000.0,1215500000.0,4.067,6.2569,12,34000000.0,3400000.0,355.1233,33750000.0,3425000.0,8.45e-06,0.0,285.11,285.11,262.3,11.6,4207.4,11.6,17.84,16.41,-1.43,1.43,8.0,ENDC,ENEL COLOMBIA S.A. E.S.P.,28794000000.0,0.0,0.03,0.1,0.92,0.025,False
SCEC,SCEC S.A. E.S.P.,CNIOR,ANTIOQUIA,EPM - ANTIOQUIA,2027-02-01,FORECAST,True,11863625.13,10084081.36,1779543.77,85.0,15.0,Cubierta (85.0% Contratos / 15.0% Bolsa),30,395454.17,387.1475,848089538.23,5382737210.66,3498779186.92,0.2204,0.3391,12,831127747.47,83112774.75,383.2761,814165956.7,84808953.82,1.05e-05,0.0,1779543.77,1059725383.14,974947352.49,35590.88,13776429.98,13776429.98,21194507.66,19498947.05,-1695560.61,1695560.61,8.0,ENDC,ENEL COLOMBIA S.A. E.S.P.,28794000000.0,0.0,0.03,0.1,0.92,0.025,False
SCEC,SCEC S.A. E.S.P.,CNIOR,BOGOTA,ENEL - BOGOTA CUNDINAMARCA,2027-02-01,HISTORICO,False,9506612.5,8080620.62,1425991.88,85.0,15.0,Cubierta (85.0% Contratos / 15.0% Bolsa),30,316887.08,362.8469,47950000.0,1870000000.0,1215500000.0,4.067,6.2569,12,47600000.0,4760000.0,355.1233,47250000.0,4795000.0,8.45e-06,0.0,399.16,399.16,367.22,16.23,5890.36,16.23,24.97,22.98,-2.0,2.0,8.0,ENDC,ENEL COLOMBIA S.A. E.S.P.,28794000000.0,0.0,0.03,0.1,0.92,0.025,False
SCEC,SCEC S.A. E.S.P.,CNIOR,BOGOTA,ENEL - BOGOTA CUNDINAMARCA,2027-02-01,FORECAST,True,11863625.13,10084081.36,1779543.77,85.0,15.0,Cubierta (85.0% Contratos / 15.0% Bolsa),30,395454.17,387.1475,1191475717.26,5382737210.66,3498779186.92,0.2204,0.3391,12,1167646202.91,116764620.29,383.2761,1143816688.57,119147571.73,1.05e-05,0.0,1779543.77,1059725383.14,974947352.49,35590.88,13776429.98,13776429.98,21194507.66,19498947.05,-1695560.61,1695560.61,8.0,ENDC,ENEL COLOMBIA S.A. E.S.P.,28794000000.0,0.0,0.03,0.1,0.92,0.025,False
SCEC,SCEC S.A. E.S.P.,CNIOR,CARIBE_MAR,AFINIA - CARIBE MAR,2027-02-01,HISTORICO,False,9506612.5,8080620.62,1425991.88,85.0,15.0,Cubierta (85.0% Contratos / 15.0% Bolsa),30,316887.08,362.8469,38360000.0,1870000000.0,1215500000.0,4.067,6.2569,12,38080000.0,3808000.0,355.1233,37800000.0,3836000.0,8.45e-06,0.0,319.33,319.33,293.78,12.99,4712.28,12.99,19.98,18.38,-1.6,1.6,8.0,ENDC,ENEL COLOMBIA S.A. E.S.P.,28794000000.0,0.0,0.03,0.1,0.92,0.025,False
SCEC,SCEC S.A. E.S.P.,CNIOR,CARIBE_MAR,AFINIA - CARIBE MAR,2027-02-01,FORECAST,True,11863625.13,10084081.36,1779543.77,85.0,15.0,Cubierta (85.0% Contratos / 15.0% Bolsa),30,395454.17,387.1475,950364720.78,5382737210.66,3498779186.92,0.2204,0.3391,12,931357426.36,93135742.64,383.2761,912350131.95,95036472.08,1.05e-05,0.0,1779543.77,1059725383.14,974947352.49,35590.88,13776429.98,13776429.98,21194507.66,19498947.05,-1695560.61,1695560.61,8.0,ENDC,ENEL COLOMBIA S.A. E.S.P.,28794000000.0,0.0,0.03,0.1,0.92,0.025,False
SCEC,SCEC S.A. E.S.P.,CNIOR,CARIBE_SOL,AIR-E - CARIBE SOL,2027-02-01,HISTORICO,False,9506612.5,8080620.62,1425991.88,85.0,15.0,Cubierta (85.0% Contratos / 15.0% Bolsa),30,316887.08,362.8469,30140000.0,1870000000.0,1215500000.0,4.067,6.2569,12,29920000.0,2992000.0,355.1233,29700000.0,3014000.0,8.45e-06,0.0,250.9,250.9,230.83,10.2,3702.51,10.2,15.7,14.44,-1.26,1.26,8.0,ENDC,ENEL COLOMBIA S.A. E.S.P.,28794000000.0,0.0,0.03,0.1,0.92,0.025,False
SCEC,SCEC S.A. E.S.P.,CNIOR,CARIBE_SOL,AIR-E - CARIBE SOL,2027-02-01,FORECAST,True,11863625.13,10084081.36,1779543.77,85.0,15.0,Cubierta (85.0% Contratos / 15.0% Bolsa),30,395454.17,387.1475,745482604.46,5382737210.66,3498779186.92,0.2204,0.3391,12,730572952.37,73057295.24,383.2761,715663300.28,74548260.45,1.05e-05,0.0,1779543.77,1059725383.14,974947352.49,35590.88,13776429.98,13776429.98,21194507.66,19498947.05,-1695560.61,1695560.61,8.0,ENDC,ENEL COLOMBIA S.A. E.S.P.,28794000000.0,0.0,0.03,0.1,0.92,0.025,False
SCEC,SCEC S.A. E.S.P.,CNIOR,CUNDINAMARCA,EEC - CUNDINAMARCA,2027-02-01,HISTORICO,False,9506612.5,8080620.62,1425991.88,85.0,15.0,Cubierta (85.0% Contratos / 15.0% Bolsa),30,316887.08,362.8469,12330000.0,1870000000.0,1215500000.0,4.067,6.2569,12,12240000.0,1224000.0,355.1233,12150000.0,1233000.0,8.45e-06,0.0,102.64,102.64,94.43,4.17,1514.66,4.17,6.42,5.91,-0.51,0.51,8.0,ENDC,ENEL COLOMBIA S.A. E.S.P.,28794000000.0,0.0,0.03,0.1,0.92,0.025,False
SCEC,SCEC S.A. E.S.P.,CNIOR,CUNDINAMARCA,EEC - CUNDINAMARCA,2027-02-01,FORECAST,True,11863625.13,10084081.36,1779543.77,85.0,15.0,Cubierta (85.0% Contratos / 15.0% Bolsa),30,395454.17,387.1475,305454116.25,5382737210.66,3498779186.92,0.2204,0.3391,12,299345033.93,29934503.39,383.2761,293235951.6,30545411.62,1.05e-05,0.0,1779543.77,1059725383.14,974947352.49,35590.88,13776429.98,13776429.98,21194507.66,19498947.05,-1695560.61,1695560.61,8.0,ENDC,ENEL COLOMBIA S.A. E.S.P.,28794000000.0,0.0,0.03,0.1,0.92,0.025,False
SCEC,SCEC S.A. E.S.P.,CNIOR,SANTANDER,ESSA - SANTANDER,2027-02-01,HISTORICO,False,9506612.5,8080620.62,1425991.88,85.0,15.0,Cubierta (85.0% Contratos / 15.0% Bolsa),30,316887.08,362.8469,19180000.0,1870000000.0,1215500000.0,4.067,6.2569,12,19040000.0,1904000.0,355.1233,18900000.0,1918000.0,8.45e-06,0.0,159.66,159.66,146.89,6.49,2356.14,6.49,9.99,9.19,-0.8,0.8,8.0,ENDC,ENEL COLOMBIA S.A. E.S.P.,28794000000.0,0.0,0.03,0.1,0.92,0.025,False
SCEC,SCEC S.A. E.S.P.,CNIOR,SANTANDER,ESSA - SANTANDER,2027-02-01,FORECAST,True,11863625.13,10084081.36,1779543.77,85.0,15.0,Cubierta (85.0% Contratos / 15.0% Bolsa),30,395454.17,387.1475,476278752.03,5382737210.66,3498779186.92,0.2204,0.3391,12,466753176.99,46675317.7,383.2761,457227601.95,47627875.2,1.05e-05,0.0,1779543.77,1059725383.14,974947352.49,35590.88,13776429.98,13776429.98,21194507.66,19498947.05,-1695560.61,1695560.61,8.0,ENDC,ENEL COLOMBIA S.A. E.S.P.,28794000000.0,0.0,0.03,0.1,0.92,0.025,False
SCEC,SCEC S.A. E.S.P.,CNIOR,TOLIMA,ELET - TOLIMA,2027-02-01,HISTORICO,False,9506612.5,8080620.62,1425991.88,85.0,15.0,Cubierta (85.0% Contratos / 15.0% Bolsa),30,316887.08,362.8469,10275000.0,1870000000.0,1215500000.0,4.067,6.2569,12,10200000.0,1020000.0,355.1233,10125000.0,1027500.0,8.45e-06,0.0,85.53,85.53,78.69,3.48,1262.22,3.48,5.35,4.92,-0.43,0.43,8.0,ENDC,ENEL COLOMBIA S.A. E.S.P.,28794000000.0,0.0,0.03,0.1,0.92,0.025,False
SCEC,SCEC S.A. E.S.P.,CNIOR,TOLIMA,ELET - TOLIMA,2027-02-01,FORECAST,True,11863625.13,10084081.36,1779543.77,85.0,15.0,Cubierta (85.0% Contratos / 15.0% Bolsa),30,395454.17,387.1475,254338971.97,5382737210.66,3498779186.92,0.2204,0.3391,12,249252192.53,24925219.25,383.2761,244165413.09,25433897.2,1.05e-05,0.0,1779543.77,1059725383.14,974947352.49,35590.88,13776429.98,13776429.98,21194507.66,19498947.05,-1695560.61,1695560.61,8.0,ENDC,ENEL COLOMBIA S.A. E.S.P.,28794000000.0,0.0,0.03,0.1,0.92,0.025,False
SCEC,SCEC S.A. E.S.P.,CNIOR,VALLE,CVC - VALLE DEL CAUCA,2027-02-01,HISTORICO,False,9506612.5,8080620.62,1425991.88,85.0,15.0,Cubierta (85.0% Contratos / 15.0% Bolsa),30,316887.08,362.8469,24660000.0,1870000000.0,1215500000.0,4.067,6.2569,12,24480000.0,2448000.0,355.1233,24300000.0,2466000.0,8.45e-06,0.0,205.28,205.28,188.86,8.35,3029.33,8.35,12.84,11.82,-1.03,1.03,8.0,ENDC,ENEL COLOMBIA S.A. E.S.P.,28794000000.0,0.0,0.03,0.1,0.92,0.025,False
SCEC,SCEC S.A. E.S.P.,CNIOR,VALLE,CVC - VALLE DEL CAUCA,2027-02-01,FORECAST,True,11863625.13,10084081.36,1779543.77,85.0,15.0,Cubierta (85.0% Contratos / 15.0% Bolsa),30,395454.17,387.1475,611252789.68,5382737210.66,3498779186.92,0.2204,0.3391,12,599027733.89,59902773.39,383.2761,586802678.09,61125278.97,1.05e-05,0.0,1779543.77,1059725383.14,974947352.49,35590.88,13776429.98,13776429.98,21194507.66,19498947.05,-1695560.61,1695560.61,8.0,ENDC,ENEL COLOMBIA S.A. E.S.P.,28794000000.0,0.0,0.03,0.1,0.92,0.025,False
