Fecha (Día),dia,Período (Mes),Es Pronóstico (Sí/No),Código Mercado Comercialización,Demanda Mercado Total (VR - DemaCome) [kWh],Demanda Comercial Agente (VR - DemaComeReg) [kWh],vr_total_todos_agentes_kwh,vr_total_cniors_kwh,Costo Unitario (CU - PrecPromCont) [COP/kWh],Cobertura Energía en Contratos [kWh],Exposición Energía en Bolsa Spot [kWh],Porcentaje Cobertura Contratos [%],Porcentaje Exposición Bolsa Spot [%],Estado Cobertura Demanda,Asignación Diaria PUI [kWh],Valor Diarios PUI [COP],Egreso Giro Diario al CIOR [COP],Recaudo Real Diario Agente [COP],Flujo Neto Caja Diarios [COP],Sobrecosto Diarios [COP],pct_perdida_incobrabilidad
2026-08-28,28,2026-08-01,True,ANTIOQUIA,30162670.86,440360.085,191878032.84000003,124720721.35,362.8469,374306.07,66054.01,85.0,15.0,Cubierta (85.0% Contratos / 15.0% Bolsa),1321.080255,479349.87517795956,737461.3464039786,678464.4386916604,-58996.907712318236,58996.907712318236,7.999999999999992
2026-08-28,28,2026-08-01,True,BOGOTA,42814260.3,440360.085,191878032.84000003,124720721.35,362.8469,374306.07,66054.01,85.0,15.0,Cubierta (85.0% Contratos / 15.0% Bolsa),1321.080255,479349.87517795956,737461.3464039786,678464.4386916604,-58996.907712318236,58996.907712318236,7.999999999999992
2026-08-28,28,2026-08-01,True,CARIBE_MAR,33999884.5,440360.085,191878032.84000003,124720721.35,362.8469,374306.07,66054.01,85.0,15.0,Cubierta (85.0% Contratos / 15.0% Bolsa),1321.080255,479349.87517795956,737461.3464039786,678464.4386916604,-58996.907712318236,58996.907712318236,7.999999999999992
2026-08-28,28,2026-08-01,True,CARIBE_SOL,26536203.4,440360.085,191878032.84000003,124720721.35,362.8469,374306.07,66054.01,85.0,15.0,Cubierta (85.0% Contratos / 15.0% Bolsa),1321.080255,479349.87517795956,737461.3464039786,678464.4386916604,-58996.907712318236,58996.907712318236,7.999999999999992
2026-08-28,28,2026-08-01,True,VALLE,21760409.99,440360.085,191878032.84000003,124720721.35,362.8469,374306.07,66054.01,85.0,15.0,Cubierta (85.0% Contratos / 15.0% Bolsa),1321.080255,479349.87517795956,737461.3464039786,678464.4386916604,-58996.907712318236,58996.907712318236,7.999999999999992
2026-08-28,28,2026-08-01,True,SANTANDER,16751377.75,440360.085,191878032.84000003,124720721.35,362.8469,374306.07,66054.01,85.0,15.0,Cubierta (85.0% Contratos / 15.0% Bolsa),1321.080255,479349.87517795956,737461.3464039786,678464.4386916604,-58996.907712318236,58996.907712318236,7.999999999999992
2026-08-28,28,2026-08-01,True,CUNDINAMARCA,10821634.4,440360.085,191878032.84000003,124720721.35,362.8469,374306.07,66054.01,85.0,15.0,Cubierta (85.0% Contratos / 15.0% Bolsa),1321.080255,479349.87517795956,737461.3464039786,678464.4386916604,-58996.907712318236,58996.907712318236,7.999999999999992
2026-08-28,28,2026-08-01,True,TOLIMA,9031591.64,440360.085,191878032.84000003,124720721.35,362.8469,374306.07,66054.01,85.0,15.0,Cubierta (85.0% Contratos / 15.0% Bolsa),1321.080255,479349.87517795956,737461.3464039786,678464.4386916604,-58996.907712318236,58996.907712318236,7.999999999999992
2026-08-29,29,2026-08-01,True,ANTIOQUIA,25277751.4,312746.4925,161626094.28,105056961.28,363.5664,265834.52,46911.97,85.0,15.0,Cubierta (85.0% Contratos / 15.0% Bolsa),938.2394775,341112.349172556,524788.2295062304,482805.17114573205,-41983.0583604984,41983.0583604984,7.999999999999993
2026-08-29,29,2026-08-01,True,BOGOTA,35557056.26,312746.4925,161626094.28,105056961.28,363.5664,265834.52,46911.97,85.0,15.0,Cubierta (85.0% Contratos / 15.0% Bolsa),938.2394775,341112.349172556,524788.2295062304,482805.17114573205,-41983.0583604984,41983.0583604984,7.999999999999993
2026-08-29,29,2026-08-01,True,CARIBE_MAR,28476989.44,312746.4925,161626094.28,105056961.28,363.5664,265834.52,46911.97,85.0,15.0,Cubierta (85.0% Contratos / 15.0% Bolsa),938.2394775,341112.349172556,524788.2295062304,482805.17114573205,-41983.0583604984,41983.0583604984,7.999999999999993
2026-08-29,29,2026-08-01,True,CARIBE_SOL,22611468.73,312746.4925,161626094.28,105056961.28,363.5664,265834.52,46911.97,85.0,15.0,Cubierta (85.0% Contratos / 15.0% Bolsa),938.2394775,341112.349172556,524788.2295062304,482805.17114573205,-41983.0583604984,41983.0583604984,7.999999999999993
2026-08-29,29,2026-08-01,True,VALLE,18459035.74,312746.4925,161626094.28,105056961.28,363.5664,265834.52,46911.97,85.0,15.0,Cubierta (85.0% Contratos / 15.0% Bolsa),938.2394775,341112.349172556,524788.2295062304,482805.17114573205,-41983.0583604984,41983.0583604984,7.999999999999993
2026-08-29,29,2026-08-01,True,SANTANDER,14387844.43,312746.4925,161626094.28,105056961.28,363.5664,265834.52,46911.97,85.0,15.0,Cubierta (85.0% Contratos / 15.0% Bolsa),938.2394775,341112.349172556,524788.2295062304,482805.17114573205,-41983.0583604984,41983.0583604984,7.999999999999993
2026-08-29,29,2026-08-01,True,CUNDINAMARCA,9143447.47,312746.4925,161626094.28,105056961.28,363.5664,265834.52,46911.97,85.0,15.0,Cubierta (85.0% Contratos / 15.0% Bolsa),938.2394775,341112.349172556,524788.2295062304,482805.17114573205,-41983.0583604984,41983.0583604984,7.999999999999993
2026-08-29,29,2026-08-01,True,TOLIMA,7712500.81,312746.4925,161626094.28,105056961.28,363.5664,265834.52,46911.97,85.0,15.0,Cubierta (85.0% Contratos / 15.0% Bolsa),938.2394775,341112.349172556,524788.2295062304,482805.17114573205,-41983.0583604984,41983.0583604984,7.999999999999993
2026-08-30,30,2026-08-01,True,ANTIOQUIA,25581310.89,314004.7375,162276350.03,105479627.52,364.2743,266904.03,47100.71,85.0,15.0,Cubierta (85.0% Contratos / 15.0% Bolsa),942.0142125,343151.56784848875,527925.4889951725,485691.4498755588,-42234.039119613764,42234.039119613764,7.999999999999992
2026-08-30,30,2026-08-01,True,BOGOTA,35863919.45,314004.7375,162276350.03,105479627.52,364.2743,266904.03,47100.71,85.0,15.0,Cubierta (85.0% Contratos / 15.0% Bolsa),942.0142125,343151.56784848875,527925.4889951725,485691.4498755588,-42234.039119613764,42234.039119613764,7.999999999999992
2026-08-30,30,2026-08-01,True,CARIBE_MAR,28701017.54,314004.7375,162276350.03,105479627.52,364.2743,266904.03,47100.71,85.0,15.0,Cubierta (85.0% Contratos / 15.0% Bolsa),942.0142125,343151.56784848875,527925.4889951725,485691.4498755588,-42234.039119613764,42234.039119613764,7.999999999999992
2026-08-30,30,2026-08-01,True,CARIBE_SOL,22291478.79,314004.7375,162276350.03,105479627.52,364.2743,266904.03,47100.71,85.0,15.0,Cubierta (85.0% Contratos / 15.0% Bolsa),942.0142125,343151.56784848875,527925.4889951725,485691.4498755588,-42234.039119613764,42234.039119613764,7.999999999999992
2026-08-30,30,2026-08-01,True,VALLE,18728634.27,314004.7375,162276350.03,105479627.52,364.2743,266904.03,47100.71,85.0,15.0,Cubierta (85.0% Contratos / 15.0% Bolsa),942.0142125,343151.56784848875,527925.4889951725,485691.4498755588,-42234.039119613764,42234.039119613764,7.999999999999992
2026-08-30,30,2026-08-01,True,SANTANDER,14197780.91,314004.7375,162276350.03,105479627.52,364.2743,266904.03,47100.71,85.0,15.0,Cubierta (85.0% Contratos / 15.0% Bolsa),942.0142125,343151.56784848875,527925.4889951725,485691.4498755588,-42234.039119613764,42234.039119613764,7.999999999999992
2026-08-30,30,2026-08-01,True,CUNDINAMARCA,9281269.97,314004.7375,162276350.03,105479627.52,364.2743,266904.03,47100.71,85.0,15.0,Cubierta (85.0% Contratos / 15.0% Bolsa),942.0142125,343151.56784848875,527925.4889951725,485691.4498755588,-42234.039119613764,42234.039119613764,7.999999999999992
2026-08-30,30,2026-08-01,True,TOLIMA,7630938.21,314004.7375,162276350.03,105479627.52,364.2743,266904.03,47100.71,85.0,15.0,Cubierta (85.0% Contratos / 15.0% Bolsa),942.0142125,343151.56784848875,527925.4889951725,485691.4498755588,-42234.039119613764,42234.039119613764,7.999999999999992
2026-08-31,31,2026-08-01,True,ANTIOQUIA,30406740.74,440958.88,192138945.45999998,124890314.55,364.9592,374815.05,66143.83,85.0,15.0,Cubierta (85.0% Contratos / 15.0% Bolsa),1322.87664,482796.000233088,742763.0772757266,683342.0310936685,-59421.04618205805,59421.04618205805,7.99999999999999
2026-08-31,31,2026-08-01,True,BOGOTA,42428473.76,440958.88,192138945.45999998,124890314.55,364.9592,374815.05,66143.83,85.0,15.0,Cubierta (85.0% Contratos / 15.0% Bolsa),1322.87664,482796.000233088,742763.0772757266,683342.0310936685,-59421.04618205805,59421.04618205805,7.99999999999999
2026-08-31,31,2026-08-01,True,CARIBE_MAR,33672361.66,440958.88,192138945.45999998,124890314.55,364.9592,374815.05,66143.83,85.0,15.0,Cubierta (85.0% Contratos / 15.0% Bolsa),1322.87664,482796.000233088,742763.0772757266,683342.0310936685,-59421.04618205805,59421.04618205805,7.99999999999999
2026-08-31,31,2026-08-01,True,CARIBE_SOL,27062113.8,440958.88,192138945.45999998,124890314.55,364.9592,374815.05,66143.83,85.0,15.0,Cubierta (85.0% Contratos / 15.0% Bolsa),1322.87664,482796.000233088,742763.0772757266,683342.0310936685,-59421.04618205805,59421.04618205805,7.99999999999999
2026-08-31,31,2026-08-01,True,VALLE,21786498.85,440958.88,192138945.45999998,124890314.55,364.9592,374815.05,66143.83,85.0,15.0,Cubierta (85.0% Contratos / 15.0% Bolsa),1322.87664,482796.000233088,742763.0772757266,683342.0310936685,-59421.04618205805,59421.04618205805,7.99999999999999
2026-08-31,31,2026-08-01,True,SANTANDER,16823943.35,440958.88,192138945.45999998,124890314.55,364.9592,374815.05,66143.83,85.0,15.0,Cubierta (85.0% Contratos / 15.0% Bolsa),1322.87664,482796.000233088,742763.0772757266,683342.0310936685,-59421.04618205805,59421.04618205805,7.99999999999999
2026-08-31,31,2026-08-01,True,CUNDINAMARCA,10934629.29,440958.88,192138945.45999998,124890314.55,364.9592,374815.05,66143.83,85.0,15.0,Cubierta (85.0% Contratos / 15.0% Bolsa),1322.87664,482796.000233088,742763.0772757266,683342.0310936685,-59421.04618205805,59421.04618205805,7.99999999999999
2026-08-31,31,2026-08-01,True,TOLIMA,9024184.01,440958.88,192138945.45999998,124890314.55,364.9592,374815.05,66143.83,85.0,15.0,Cubierta (85.0% Contratos / 15.0% Bolsa),1322.87664,482796.000233088,742763.0772757266,683342.0310936685,-59421.04618205805,59421.04618205805,7.99999999999999
2026-09-01,1,2026-09-01,True,ANTIOQUIA,30255022.82,440698.23125,192025372.98,124816492.44,365.6102,374593.5,66104.73,85.0,15.0,Cubierta (85.0% Contratos / 15.0% Bolsa),1322.09469375,483371.30540087627,743648.1621373204,684156.3091663348,-59491.85297098558,59491.85297098558,7.999999999999993
2026-09-01,1,2026-09-01,True,BOGOTA,42345697.54,440698.23125,192025372.98,124816492.44,365.6102,374593.5,66104.73,85.0,15.0,Cubierta (85.0% Contratos / 15.0% Bolsa),1322.09469375,483371.30540087627,743648.1621373204,684156.3091663348,-59491.85297098558,59491.85297098558,7.999999999999993
2026-09-01,1,2026-09-01,True,CARIBE_MAR,33994278.44,440698.23125,192025372.98,124816492.44,365.6102,374593.5,66104.73,85.0,15.0,Cubierta (85.0% Contratos / 15.0% Bolsa),1322.09469375,483371.30540087627,743648.1621373204,684156.3091663348,-59491.85297098558,59491.85297098558,7.999999999999993
2026-09-01,1,2026-09-01,True,CARIBE_SOL,26831288.68,440698.23125,192025372.98,124816492.44,365.6102,374593.5,66104.73,85.0,15.0,Cubierta (85.0% Contratos / 15.0% Bolsa),1322.09469375,483371.30540087627,743648.1621373204,684156.3091663348,-59491.85297098558,59491.85297098558,7.999999999999993
2026-09-01,1,2026-09-01,True,VALLE,21573888.08,440698.23125,192025372.98,124816492.44,365.6102,374593.5,66104.73,85.0,15.0,Cubierta (85.0% Contratos / 15.0% Bolsa),1322.09469375,483371.30540087627,743648.1621373204,684156.3091663348,-59491.85297098558,59491.85297098558,7.999999999999993
2026-09-01,1,2026-09-01,True,SANTANDER,17015406.59,440698.23125,192025372.98,124816492.44,365.6102,374593.5,66104.73,85.0,15.0,Cubierta (85.0% Contratos / 15.0% Bolsa),1322.09469375,483371.30540087627,743648.1621373204,684156.3091663348,-59491.85297098558,59491.85297098558,7.999999999999993
2026-09-01,1,2026-09-01,True,CUNDINAMARCA,10987974.11,440698.23125,192025372.98,124816492.44,365.6102,374593.5,66104.73,85.0,15.0,Cubierta (85.0% Contratos / 15.0% Bolsa),1322.09469375,483371.30540087627,743648.1621373204,684156.3091663348,-59491.85297098558,59491.85297098558,7.999999999999993
2026-09-01,1,2026-09-01,True,TOLIMA,9021816.72,440698.23125,192025372.98,124816492.44,365.6102,374593.5,66104.73,85.0,15.0,Cubierta (85.0% Contratos / 15.0% Bolsa),1322.09469375,483371.30540087627,743648.1621373204,684156.3091663348,-59491.85297098558,59491.85297098558,7.999999999999993
2026-09-02,2,2026-09-01,True,ANTIOQUIA,30369636.1,441754.33,192485546.97,125115605.53,366.2172,375491.18,66263.15,85.0,15.0,Cubierta (85.0% Contratos / 15.0% Bolsa),1325.2629900000002,485334.10146142804,746667.8484051808,686934.4205327664,-59733.42787241447,59733.42787241447,8.0
2026-09-02,2,2026-09-01,True,BOGOTA,42753387.03,441754.33,192485546.97,125115605.53,366.2172,375491.18,66263.15,85.0,15.0,Cubierta (85.0% Contratos / 15.0% Bolsa),1325.2629900000002,485334.10146142804,746667.8484051808,686934.4205327664,-59733.42787241447,59733.42787241447,8.0
2026-09-02,2,2026-09-01,True,CARIBE_MAR,34254073.37,441754.33,192485546.97,125115605.53,366.2172,375491.18,66263.15,85.0,15.0,Cubierta (85.0% Contratos / 15.0% Bolsa),1325.2629900000002,485334.10146142804,746667.8484051808,686934.4205327664,-59733.42787241447,59733.42787241447,8.0
2026-09-02,2,2026-09-01,True,CARIBE_SOL,26607709.7,441754.33,192485546.97,125115605.53,366.2172,375491.18,66263.15,85.0,15.0,Cubierta (85.0% Contratos / 15.0% Bolsa),1325.2629900000002,485334.10146142804,746667.8484051808,686934.4205327664,-59733.42787241447,59733.42787241447,8.0
2026-09-02,2,2026-09-01,True,VALLE,21524661.0,441754.33,192485546.97,125115605.53,366.2172,375491.18,66263.15,85.0,15.0,Cubierta (85.0% Contratos / 15.0% Bolsa),1325.2629900000002,485334.10146142804,746667.8484051808,686934.4205327664,-59733.42787241447,59733.42787241447,8.0
2026-09-02,2,2026-09-01,True,SANTANDER,16908803.65,441754.33,192485546.97,125115605.53,366.2172,375491.18,66263.15,85.0,15.0,Cubierta (85.0% Contratos / 15.0% Bolsa),1325.2629900000002,485334.10146142804,746667.8484051808,686934.4205327664,-59733.42787241447,59733.42787241447,8.0
2026-09-02,2,2026-09-01,True,CUNDINAMARCA,10934567.37,441754.33,192485546.97,125115605.53,366.2172,375491.18,66263.15,85.0,15.0,Cubierta (85.0% Contratos / 15.0% Bolsa),1325.2629900000002,485334.10146142804,746667.8484051808,686934.4205327664,-59733.42787241447,59733.42787241447,8.0
2026-09-02,2,2026-09-01,True,TOLIMA,9132708.75,441754.33,192485546.97,125115605.53,366.2172,375491.18,66263.15,85.0,15.0,Cubierta (85.0% Contratos / 15.0% Bolsa),1325.2629900000002,485334.10146142804,746667.8484051808,686934.4205327664,-59733.42787241447,59733.42787241447,8.0
2026-09-03,3,2026-09-01,True,ANTIOQUIA,30048895.66,438355.585,191004612.13000003,124152997.88,366.7708,372602.25,65753.34,85.0,15.0,Cubierta (85.0% Contratos / 15.0% Bolsa),1315.066755,482328.085784754,742043.2089265176,682679.7522123962,-59363.45671412139,59363.45671412139,7.999999999999997
2026-09-03,3,2026-09-01,True,BOGOTA,42421957.15,438355.585,191004612.13000003,124152997.88,366.7708,372602.25,65753.34,85.0,15.0,Cubierta (85.0% Contratos / 15.0% Bolsa),1315.066755,482328.085784754,742043.2089265176,682679.7522123962,-59363.45671412139,59363.45671412139,7.999999999999997
2026-09-03,3,2026-09-01,True,CARIBE_MAR,33537047.99,438355.585,191004612.13000003,124152997.88,366.7708,372602.25,65753.34,85.0,15.0,Cubierta (85.0% Contratos / 15.0% Bolsa),1315.066755,482328.085784754,742043.2089265176,682679.7522123962,-59363.45671412139,59363.45671412139,7.999999999999997
2026-09-03,3,2026-09-01,True,CARIBE_SOL,26310624.84,438355.585,191004612.13000003,124152997.88,366.7708,372602.25,65753.34,85.0,15.0,Cubierta (85.0% Contratos / 15.0% Bolsa),1315.066755,482328.085784754,742043.2089265176,682679.7522123962,-59363.45671412139,59363.45671412139,7.999999999999997
2026-09-03,3,2026-09-01,True,VALLE,21866633.72,438355.585,191004612.13000003,124152997.88,366.7708,372602.25,65753.34,85.0,15.0,Cubierta (85.0% Contratos / 15.0% Bolsa),1315.066755,482328.085784754,742043.2089265176,682679.7522123962,-59363.45671412139,59363.45671412139,7.999999999999997
2026-09-03,3,2026-09-01,True,SANTANDER,16874179.74,438355.585,191004612.13000003,124152997.88,366.7708,372602.25,65753.34,85.0,15.0,Cubierta (85.0% Contratos / 15.0% Bolsa),1315.066755,482328.085784754,742043.2089265176,682679.7522123962,-59363.45671412139,59363.45671412139,7.999999999999997
2026-09-03,3,2026-09-01,True,CUNDINAMARCA,10888755.78,438355.585,191004612.13000003,124152997.88,366.7708,372602.25,65753.34,85.0,15.0,Cubierta (85.0% Contratos / 15.0% Bolsa),1315.066755,482328.085784754,742043.2089265176,682679.7522123962,-59363.45671412139,59363.45671412139,7.999999999999997
2026-09-03,3,2026-09-01,True,TOLIMA,9056517.25,438355.585,191004612.13000003,124152997.88,366.7708,372602.25,65753.34,85.0,15.0,Cubierta (85.0% Contratos / 15.0% Bolsa),1315.066755,482328.085784754,742043.2089265176,682679.7522123962,-59363.45671412139,59363.45671412139,7.999999999999997
2026-09-04,4,2026-09-01,True,ANTIOQUIA,30536459.55,441509.4425,192378842.3,125046247.5,367.2628,375283.03,66226.42,85.0,15.0,Cubierta (85.0% Contratos / 15.0% Bolsa),1324.5283275,486449.982236967,748384.588026948,688513.8209847922,-59870.76704215584,59870.76704215584,8.0
2026-09-04,4,2026-09-01,True,BOGOTA,42226753.77,441509.4425,192378842.3,125046247.5,367.2628,375283.03,66226.42,85.0,15.0,Cubierta (85.0% Contratos / 15.0% Bolsa),1324.5283275,486449.982236967,748384.588026948,688513.8209847922,-59870.76704215584,59870.76704215584,8.0
2026-09-04,4,2026-09-01,True,CARIBE_MAR,34003812.56,441509.4425,192378842.3,125046247.5,367.2628,375283.03,66226.42,85.0,15.0,Cubierta (85.0% Contratos / 15.0% Bolsa),1324.5283275,486449.982236967,748384.588026948,688513.8209847922,-59870.76704215584,59870.76704215584,8.0
2026-09-04,4,2026-09-01,True,CARIBE_SOL,26668763.82,441509.4425,192378842.3,125046247.5,367.2628,375283.03,66226.42,85.0,15.0,Cubierta (85.0% Contratos / 15.0% Bolsa),1324.5283275,486449.982236967,748384.588026948,688513.8209847922,-59870.76704215584,59870.76704215584,8.0
2026-09-04,4,2026-09-01,True,VALLE,22279344.2,441509.4425,192378842.3,125046247.5,367.2628,375283.03,66226.42,85.0,15.0,Cubierta (85.0% Contratos / 15.0% Bolsa),1324.5283275,486449.982236967,748384.588026948,688513.8209847922,-59870.76704215584,59870.76704215584,8.0
2026-09-04,4,2026-09-01,True,SANTANDER,16708968.74,441509.4425,192378842.3,125046247.5,367.2628,375283.03,66226.42,85.0,15.0,Cubierta (85.0% Contratos / 15.0% Bolsa),1324.5283275,486449.982236967,748384.588026948,688513.8209847922,-59870.76704215584,59870.76704215584,8.0
2026-09-04,4,2026-09-01,True,CUNDINAMARCA,10881385.79,441509.4425,192378842.3,125046247.5,367.2628,375283.03,66226.42,85.0,15.0,Cubierta (85.0% Contratos / 15.0% Bolsa),1324.5283275,486449.982236967,748384.588026948,688513.8209847922,-59870.76704215584,59870.76704215584,8.0
2026-09-04,4,2026-09-01,True,TOLIMA,9073353.87,441509.4425,192378842.3,125046247.5,367.2628,375283.03,66226.42,85.0,15.0,Cubierta (85.0% Contratos / 15.0% Bolsa),1324.5283275,486449.982236967,748384.588026948,688513.8209847922,-59870.76704215584,59870.76704215584,8.0
2026-09-05,5,2026-09-01,True,ANTIOQUIA,25278795.47,312501.9,161499690.04000002,104974798.53,367.6862,265626.62,46875.29,85.0,15.0,Cubierta (85.0% Contratos / 15.0% Bolsa),937.5057,344707.90831134,530319.8589203156,487894.2702066904,-42425.58871362521,42425.58871362521,7.999999999999993
2026-09-05,5,2026-09-01,True,BOGOTA,35446239.43,312501.9,161499690.04000002,104974798.53,367.6862,265626.62,46875.29,85.0,15.0,Cubierta (85.0% Contratos / 15.0% Bolsa),937.5057,344707.90831134,530319.8589203156,487894.2702066904,-42425.58871362521,42425.58871362521,7.999999999999993
2026-09-05,5,2026-09-01,True,CARIBE_MAR,28751036.24,312501.9,161499690.04000002,104974798.53,367.6862,265626.62,46875.29,85.0,15.0,Cubierta (85.0% Contratos / 15.0% Bolsa),937.5057,344707.90831134,530319.8589203156,487894.2702066904,-42425.58871362521,42425.58871362521,7.999999999999993
2026-09-05,5,2026-09-01,True,CARIBE_SOL,22356780.85,312501.9,161499690.04000002,104974798.53,367.6862,265626.62,46875.29,85.0,15.0,Cubierta (85.0% Contratos / 15.0% Bolsa),937.5057,344707.90831134,530319.8589203156,487894.2702066904,-42425.58871362521,42425.58871362521,7.999999999999993
2026-09-05,5,2026-09-01,True,VALLE,18540422.98,312501.9,161499690.04000002,104974798.53,367.6862,265626.62,46875.29,85.0,15.0,Cubierta (85.0% Contratos / 15.0% Bolsa),937.5057,344707.90831134,530319.8589203156,487894.2702066904,-42425.58871362521,42425.58871362521,7.999999999999993
2026-09-05,5,2026-09-01,True,SANTANDER,14330386.57,312501.9,161499690.04000002,104974798.53,367.6862,265626.62,46875.29,85.0,15.0,Cubierta (85.0% Contratos / 15.0% Bolsa),937.5057,344707.90831134,530319.8589203156,487894.2702066904,-42425.58871362521,42425.58871362521,7.999999999999993
2026-09-05,5,2026-09-01,True,CUNDINAMARCA,9220283.78,312501.9,161499690.04000002,104974798.53,367.6862,265626.62,46875.29,85.0,15.0,Cubierta (85.0% Contratos / 15.0% Bolsa),937.5057,344707.90831134,530319.8589203156,487894.2702066904,-42425.58871362521,42425.58871362521,7.999999999999993
2026-09-05,5,2026-09-01,True,TOLIMA,7575744.72,312501.9,161499690.04000002,104974798.53,367.6862,265626.62,46875.29,85.0,15.0,Cubierta (85.0% Contratos / 15.0% Bolsa),937.5057,344707.90831134,530319.8589203156,487894.2702066904,-42425.58871362521,42425.58871362521,7.999999999999993
2026-09-06,6,2026-09-01,True,ANTIOQUIA,25663632.68,314894.6775,162736267.54,105778573.9,368.0355,267660.48,47234.2,85.0,15.0,Cubierta (85.0% Contratos / 15.0% Bolsa),944.6840325,347677.2602431537,534888.0926868315,492097.045271885,-42791.047414946486,42791.047414946486,7.999999999999993
2026-09-06,6,2026-09-01,True,BOGOTA,36231496.44,314894.6775,162736267.54,105778573.9,368.0355,267660.48,47234.2,85.0,15.0,Cubierta (85.0% Contratos / 15.0% Bolsa),944.6840325,347677.2602431537,534888.0926868315,492097.045271885,-42791.047414946486,42791.047414946486,7.999999999999993
2026-09-06,6,2026-09-01,True,CARIBE_MAR,28752653.23,314894.6775,162736267.54,105778573.9,368.0355,267660.48,47234.2,85.0,15.0,Cubierta (85.0% Contratos / 15.0% Bolsa),944.6840325,347677.2602431537,534888.0926868315,492097.045271885,-42791.047414946486,42791.047414946486,7.999999999999993
2026-09-06,6,2026-09-01,True,CARIBE_SOL,22256159.97,314894.6775,162736267.54,105778573.9,368.0355,267660.48,47234.2,85.0,15.0,Cubierta (85.0% Contratos / 15.0% Bolsa),944.6840325,347677.2602431537,534888.0926868315,492097.045271885,-42791.047414946486,42791.047414946486,7.999999999999993
2026-09-06,6,2026-09-01,True,VALLE,18550657.33,314894.6775,162736267.54,105778573.9,368.0355,267660.48,47234.2,85.0,15.0,Cubierta (85.0% Contratos / 15.0% Bolsa),944.6840325,347677.2602431537,534888.0926868315,492097.045271885,-42791.047414946486,42791.047414946486,7.999999999999993
2026-09-06,6,2026-09-01,True,SANTANDER,14331219.9,314894.6775,162736267.54,105778573.9,368.0355,267660.48,47234.2,85.0,15.0,Cubierta (85.0% Contratos / 15.0% Bolsa),944.6840325,347677.2602431537,534888.0926868315,492097.045271885,-42791.047414946486,42791.047414946486,7.999999999999993
2026-09-06,6,2026-09-01,True,CUNDINAMARCA,9274658.14,314894.6775,162736267.54,105778573.9,368.0355,267660.48,47234.2,85.0,15.0,Cubierta (85.0% Contratos / 15.0% Bolsa),944.6840325,347677.2602431537,534888.0926868315,492097.045271885,-42791.047414946486,42791.047414946486,7.999999999999993
2026-09-06,6,2026-09-01,True,TOLIMA,7675789.85,314894.6775,162736267.54,105778573.9,368.0355,267660.48,47234.2,85.0,15.0,Cubierta (85.0% Contratos / 15.0% Bolsa),944.6840325,347677.2602431537,534888.0926868315,492097.045271885,-42791.047414946486,42791.047414946486,7.999999999999993
2026-09-07,7,2026-09-01,True,ANTIOQUIA,30229825.56,439578.52375,191537483.28000003,124499364.13,368.3065,373641.75,65936.78,85.0,15.0,Cubierta (85.0% Contratos / 15.0% Bolsa),1318.73557125,485698.88267258817,747229.0502775243,687450.7262553223,-59778.32402220194,59778.32402220194,7.999999999999999
2026-09-07,7,2026-09-01,True,BOGOTA,42210439.38,439578.52375,191537483.28000003,124499364.13,368.3065,373641.75,65936.78,85.0,15.0,Cubierta (85.0% Contratos / 15.0% Bolsa),1318.73557125,485698.88267258817,747229.0502775243,687450.7262553223,-59778.32402220194,59778.32402220194,7.999999999999999
2026-09-07,7,2026-09-01,True,CARIBE_MAR,34001260.41,439578.52375,191537483.28000003,124499364.13,368.3065,373641.75,65936.78,85.0,15.0,Cubierta (85.0% Contratos / 15.0% Bolsa),1318.73557125,485698.88267258817,747229.0502775243,687450.7262553223,-59778.32402220194,59778.32402220194,7.999999999999999
2026-09-07,7,2026-09-01,True,CARIBE_SOL,26353216.17,439578.52375,191537483.28000003,124499364.13,368.3065,373641.75,65936.78,85.0,15.0,Cubierta (85.0% Contratos / 15.0% Bolsa),1318.73557125,485698.88267258817,747229.0502775243,687450.7262553223,-59778.32402220194,59778.32402220194,7.999999999999999
2026-09-07,7,2026-09-01,True,VALLE,21821510.36,439578.52375,191537483.28000003,124499364.13,368.3065,373641.75,65936.78,85.0,15.0,Cubierta (85.0% Contratos / 15.0% Bolsa),1318.73557125,485698.88267258817,747229.0502775243,687450.7262553223,-59778.32402220194,59778.32402220194,7.999999999999999
2026-09-07,7,2026-09-01,True,SANTANDER,16877188.36,439578.52375,191537483.28000003,124499364.13,368.3065,373641.75,65936.78,85.0,15.0,Cubierta (85.0% Contratos / 15.0% Bolsa),1318.73557125,485698.88267258817,747229.0502775243,687450.7262553223,-59778.32402220194,59778.32402220194,7.999999999999999
2026-09-07,7,2026-09-01,True,CUNDINAMARCA,10917230.27,439578.52375,191537483.28000003,124499364.13,368.3065,373641.75,65936.78,85.0,15.0,Cubierta (85.0% Contratos / 15.0% Bolsa),1318.73557125,485698.88267258817,747229.0502775243,687450.7262553223,-59778.32402220194,59778.32402220194,7.999999999999999
2026-09-07,7,2026-09-01,True,TOLIMA,9126812.77,439578.52375,191537483.28000003,124499364.13,368.3065,373641.75,65936.78,85.0,15.0,Cubierta (85.0% Contratos / 15.0% Bolsa),1318.73557125,485698.88267258817,747229.0502775243,687450.7262553223,-59778.32402220194,59778.32402220194,7.999999999999999
2026-09-08,8,2026-09-01,True,ANTIOQUIA,29798981.1,439759.515,191616346.45,124550625.19,368.4969,373795.59,65963.93,85.0,15.0,Cubierta (85.0% Contratos / 15.0% Bolsa),1319.2785450000001,486150.05406901054,747923.1601211824,688089.3073114878,-59833.852809694596,59833.852809694596,8.0
2026-09-08,8,2026-09-01,True,BOGOTA,42497423.57,439759.515,191616346.45,124550625.19,368.4969,373795.59,65963.93,85.0,15.0,Cubierta (85.0% Contratos / 15.0% Bolsa),1319.2785450000001,486150.05406901054,747923.1601211824,688089.3073114878,-59833.852809694596,59833.852809694596,8.0
2026-09-08,8,2026-09-01,True,CARIBE_MAR,33910698.43,439759.515,191616346.45,124550625.19,368.4969,373795.59,65963.93,85.0,15.0,Cubierta (85.0% Contratos / 15.0% Bolsa),1319.2785450000001,486150.05406901054,747923.1601211824,688089.3073114878,-59833.852809694596,59833.852809694596,8.0
2026-09-08,8,2026-09-01,True,CARIBE_SOL,26788077.35,439759.515,191616346.45,124550625.19,368.4969,373795.59,65963.93,85.0,15.0,Cubierta (85.0% Contratos / 15.0% Bolsa),1319.2785450000001,486150.05406901054,747923.1601211824,688089.3073114878,-59833.852809694596,59833.852809694596,8.0
2026-09-08,8,2026-09-01,True,VALLE,21703151.21,439759.515,191616346.45,124550625.19,368.4969,373795.59,65963.93,85.0,15.0,Cubierta (85.0% Contratos / 15.0% Bolsa),1319.2785450000001,486150.05406901054,747923.1601211824,688089.3073114878,-59833.852809694596,59833.852809694596,8.0
2026-09-08,8,2026-09-01,True,SANTANDER,16970691.74,439759.515,191616346.45,124550625.19,368.4969,373795.59,65963.93,85.0,15.0,Cubierta (85.0% Contratos / 15.0% Bolsa),1319.2785450000001,486150.05406901054,747923.1601211824,688089.3073114878,-59833.852809694596,59833.852809694596,8.0
2026-09-08,8,2026-09-01,True,CUNDINAMARCA,10884433.45,439759.515,191616346.45,124550625.19,368.4969,373795.59,65963.93,85.0,15.0,Cubierta (85.0% Contratos / 15.0% Bolsa),1319.2785450000001,486150.05406901054,747923.1601211824,688089.3073114878,-59833.852809694596,59833.852809694596,8.0
2026-09-08,8,2026-09-01,True,TOLIMA,9062889.6,439759.515,191616346.45,124550625.19,368.4969,373795.59,65963.93,85.0,15.0,Cubierta (85.0% Contratos / 15.0% Bolsa),1319.2785450000001,486150.05406901054,747923.1601211824,688089.3073114878,-59833.852809694596,59833.852809694596,8.0
2026-09-09,9,2026-09-01,True,ANTIOQUIA,30292238.4,439592.575,191543605.85999998,124503343.81,368.6058,373653.69,65938.89,85.0,15.0,Cubierta (85.0% Contratos / 15.0% Bolsa),1318.7777250000001,486109.11834580504,747860.1820644622,688031.3674993053,-59828.814565156936,59828.814565156936,7.999999999999995
2026-09-09,9,2026-09-01,True,BOGOTA,42250931.29,439592.575,191543605.85999998,124503343.81,368.6058,373653.69,65938.89,85.0,15.0,Cubierta (85.0% Contratos / 15.0% Bolsa),1318.7777250000001,486109.11834580504,747860.1820644622,688031.3674993053,-59828.814565156936,59828.814565156936,7.999999999999995
2026-09-09,9,2026-09-01,True,CARIBE_MAR,33979061.85,439592.575,191543605.85999998,124503343.81,368.6058,373653.69,65938.89,85.0,15.0,Cubierta (85.0% Contratos / 15.0% Bolsa),1318.7777250000001,486109.11834580504,747860.1820644622,688031.3674993053,-59828.814565156936,59828.814565156936,7.999999999999995
2026-09-09,9,2026-09-01,True,CARIBE_SOL,26548947.91,439592.575,191543605.85999998,124503343.81,368.6058,373653.69,65938.89,85.0,15.0,Cubierta (85.0% Contratos / 15.0% Bolsa),1318.7777250000001,486109.11834580504,747860.1820644622,688031.3674993053,-59828.814565156936,59828.814565156936,7.999999999999995
2026-09-09,9,2026-09-01,True,VALLE,21635338.26,439592.575,191543605.85999998,124503343.81,368.6058,373653.69,65938.89,85.0,15.0,Cubierta (85.0% Contratos / 15.0% Bolsa),1318.7777250000001,486109.11834580504,747860.1820644622,688031.3674993053,-59828.814565156936,59828.814565156936,7.999999999999995
2026-09-09,9,2026-09-01,True,SANTANDER,16908225.79,439592.575,191543605.85999998,124503343.81,368.6058,373653.69,65938.89,85.0,15.0,Cubierta (85.0% Contratos / 15.0% Bolsa),1318.7777250000001,486109.11834580504,747860.1820644622,688031.3674993053,-59828.814565156936,59828.814565156936,7.999999999999995
2026-09-09,9,2026-09-01,True,CUNDINAMARCA,10886617.87,439592.575,191543605.85999998,124503343.81,368.6058,373653.69,65938.89,85.0,15.0,Cubierta (85.0% Contratos / 15.0% Bolsa),1318.7777250000001,486109.11834580504,747860.1820644622,688031.3674993053,-59828.814565156936,59828.814565156936,7.999999999999995
2026-09-09,9,2026-09-01,True,TOLIMA,9042244.49,439592.575,191543605.85999998,124503343.81,368.6058,373653.69,65938.89,85.0,15.0,Cubierta (85.0% Contratos / 15.0% Bolsa),1318.7777250000001,486109.11834580504,747860.1820644622,688031.3674993053,-59828.814565156936,59828.814565156936,7.999999999999995
2026-09-10,10,2026-09-01,True,ANTIOQUIA,30173141.5,442283.265,192716019.75000006,125265412.84,368.634,375940.78,66342.49,85.0,15.0,Cubierta (85.0% Contratos / 15.0% Bolsa),1326.849795,489121.94733003003,752495.3035696439,692295.6792840724,-60199.62428557151,60199.62428557151,8.0
2026-09-10,10,2026-09-01,True,BOGOTA,42884079.96,442283.265,192716019.75000006,125265412.84,368.634,375940.78,66342.49,85.0,15.0,Cubierta (85.0% Contratos / 15.0% Bolsa),1326.849795,489121.94733003003,752495.3035696439,692295.6792840724,-60199.62428557151,60199.62428557151,8.0
2026-09-10,10,2026-09-01,True,CARIBE_MAR,34253505.45,442283.265,192716019.75000006,125265412.84,368.634,375940.78,66342.49,85.0,15.0,Cubierta (85.0% Contratos / 15.0% Bolsa),1326.849795,489121.94733003003,752495.3035696439,692295.6792840724,-60199.62428557151,60199.62428557151,8.0
2026-09-10,10,2026-09-01,True,CARIBE_SOL,26884616.12,442283.265,192716019.75000006,125265412.84,368.634,375940.78,66342.49,85.0,15.0,Cubierta (85.0% Contratos / 15.0% Bolsa),1326.849795,489121.94733003003,752495.3035696439,692295.6792840724,-60199.62428557151,60199.62428557151,8.0
2026-09-10,10,2026-09-01,True,VALLE,21544429.6,442283.265,192716019.75000006,125265412.84,368.634,375940.78,66342.49,85.0,15.0,Cubierta (85.0% Contratos / 15.0% Bolsa),1326.849795,489121.94733003003,752495.3035696439,692295.6792840724,-60199.62428557151,60199.62428557151,8.0
2026-09-10,10,2026-09-01,True,SANTANDER,16944763.74,442283.265,192716019.75000006,125265412.84,368.634,375940.78,66342.49,85.0,15.0,Cubierta (85.0% Contratos / 15.0% Bolsa),1326.849795,489121.94733003003,752495.3035696439,692295.6792840724,-60199.62428557151,60199.62428557151,8.0
2026-09-10,10,2026-09-01,True,CUNDINAMARCA,10902879.14,442283.265,192716019.75000006,125265412.84,368.634,375940.78,66342.49,85.0,15.0,Cubierta (85.0% Contratos / 15.0% Bolsa),1326.849795,489121.94733003003,752495.3035696439,692295.6792840724,-60199.62428557151,60199.62428557151,8.0
2026-09-10,10,2026-09-01,True,TOLIMA,9128604.24,442283.265,192716019.75000006,125265412.84,368.634,375940.78,66342.49,85.0,15.0,Cubierta (85.0% Contratos / 15.0% Bolsa),1326.849795,489121.94733003003,752495.3035696439,692295.6792840724,-60199.62428557151,60199.62428557151,8.0
2026-09-11,11,2026-09-01,True,ANTIOQUIA,30017066.14,442334.1875,192738207.88000003,125279835.12,368.5841,375984.06,66350.13,85.0,15.0,Cubierta (85.0% Contratos / 15.0% Bolsa),1327.0025625,489112.04519675625,752480.069545484,692281.6639818454,-60198.40556363866,60198.40556363866,7.999999999999992
2026-09-11,11,2026-09-01,True,BOGOTA,43048473.88,442334.1875,192738207.88000003,125279835.12,368.5841,375984.06,66350.13,85.0,15.0,Cubierta (85.0% Contratos / 15.0% Bolsa),1327.0025625,489112.04519675625,752480.069545484,692281.6639818454,-60198.40556363866,60198.40556363866,7.999999999999992
2026-09-11,11,2026-09-01,True,CARIBE_MAR,33686555.35,442334.1875,192738207.88000003,125279835.12,368.5841,375984.06,66350.13,85.0,15.0,Cubierta (85.0% Contratos / 15.0% Bolsa),1327.0025625,489112.04519675625,752480.069545484,692281.6639818454,-60198.40556363866,60198.40556363866,7.999999999999992
2026-09-11,11,2026-09-01,True,CARIBE_SOL,26832562.15,442334.1875,192738207.88000003,125279835.12,368.5841,375984.06,66350.13,85.0,15.0,Cubierta (85.0% Contratos / 15.0% Bolsa),1327.0025625,489112.04519675625,752480.069545484,692281.6639818454,-60198.40556363866,60198.40556363866,7.999999999999992
2026-09-11,11,2026-09-01,True,VALLE,21905002.74,442334.1875,192738207.88000003,125279835.12,368.5841,375984.06,66350.13,85.0,15.0,Cubierta (85.0% Contratos / 15.0% Bolsa),1327.0025625,489112.04519675625,752480.069545484,692281.6639818454,-60198.40556363866,60198.40556363866,7.999999999999992
2026-09-11,11,2026-09-01,True,SANTANDER,17299525.68,442334.1875,192738207.88000003,125279835.12,368.5841,375984.06,66350.13,85.0,15.0,Cubierta (85.0% Contratos / 15.0% Bolsa),1327.0025625,489112.04519675625,752480.069545484,692281.6639818454,-60198.40556363866,60198.40556363866,7.999999999999992
2026-09-11,11,2026-09-01,True,CUNDINAMARCA,10918037.21,442334.1875,192738207.88000003,125279835.12,368.5841,375984.06,66350.13,85.0,15.0,Cubierta (85.0% Contratos / 15.0% Bolsa),1327.0025625,489112.04519675625,752480.069545484,692281.6639818454,-60198.40556363866,60198.40556363866,7.999999999999992
2026-09-11,11,2026-09-01,True,TOLIMA,9030984.73,442334.1875,192738207.88000003,125279835.12,368.5841,375984.06,66350.13,85.0,15.0,Cubierta (85.0% Contratos / 15.0% Bolsa),1327.0025625,489112.04519675625,752480.069545484,692281.6639818454,-60198.40556363866,60198.40556363866,7.999999999999992
2026-09-12,12,2026-09-01,True,ANTIOQUIA,25558993.16,313113.9875,161816014.48000002,105180409.41,368.46,266146.89,46967.1,85.0,15.0,Cubierta (85.0% Contratos / 15.0% Bolsa),939.3419625,346109.93950275,532476.830014356,489878.6836132075,-42598.146401148464,42598.146401148464,7.999999999999997
2026-09-12,12,2026-09-01,True,BOGOTA,35335300.92,313113.9875,161816014.48000002,105180409.41,368.46,266146.89,46967.1,85.0,15.0,Cubierta (85.0% Contratos / 15.0% Bolsa),939.3419625,346109.93950275,532476.830014356,489878.6836132075,-42598.146401148464,42598.146401148464,7.999999999999997
2026-09-12,12,2026-09-01,True,CARIBE_MAR,28568795.27,313113.9875,161816014.48000002,105180409.41,368.46,266146.89,46967.1,85.0,15.0,Cubierta (85.0% Contratos / 15.0% Bolsa),939.3419625,346109.93950275,532476.830014356,489878.6836132075,-42598.146401148464,42598.146401148464,7.999999999999997
2026-09-12,12,2026-09-01,True,CARIBE_SOL,22715041.21,313113.9875,161816014.48000002,105180409.41,368.46,266146.89,46967.1,85.0,15.0,Cubierta (85.0% Contratos / 15.0% Bolsa),939.3419625,346109.93950275,532476.830014356,489878.6836132075,-42598.146401148464,42598.146401148464,7.999999999999997
2026-09-12,12,2026-09-01,True,VALLE,18473217.45,313113.9875,161816014.48000002,105180409.41,368.46,266146.89,46967.1,85.0,15.0,Cubierta (85.0% Contratos / 15.0% Bolsa),939.3419625,346109.93950275,532476.830014356,489878.6836132075,-42598.146401148464,42598.146401148464,7.999999999999997
2026-09-12,12,2026-09-01,True,SANTANDER,14193406.52,313113.9875,161816014.48000002,105180409.41,368.46,266146.89,46967.1,85.0,15.0,Cubierta (85.0% Contratos / 15.0% Bolsa),939.3419625,346109.93950275,532476.830014356,489878.6836132075,-42598.146401148464,42598.146401148464,7.999999999999997
2026-09-12,12,2026-09-01,True,CUNDINAMARCA,9224737.27,313113.9875,161816014.48000002,105180409.41,368.46,266146.89,46967.1,85.0,15.0,Cubierta (85.0% Contratos / 15.0% Bolsa),939.3419625,346109.93950275,532476.830014356,489878.6836132075,-42598.146401148464,42598.146401148464,7.999999999999997
2026-09-12,12,2026-09-01,True,TOLIMA,7746522.68,313113.9875,161816014.48000002,105180409.41,368.46,266146.89,46967.1,85.0,15.0,Cubierta (85.0% Contratos / 15.0% Bolsa),939.3419625,346109.93950275,532476.830014356,489878.6836132075,-42598.146401148464,42598.146401148464,7.999999999999997
2026-09-13,13,2026-09-01,True,ANTIOQUIA,25469301.3,315012.5425,162797179.74,105818166.83,368.2675,267760.66,47251.88,85.0,15.0,Cubierta (85.0% Contratos / 15.0% Bolsa),945.0376275,348026.6444853562,535425.606905608,492591.55835315934,-42834.04855244863,42834.04855244863,7.999999999999999
2026-09-13,13,2026-09-01,True,BOGOTA,36386300.88,315012.5425,162797179.74,105818166.83,368.2675,267760.66,47251.88,85.0,15.0,Cubierta (85.0% Contratos / 15.0% Bolsa),945.0376275,348026.6444853562,535425.606905608,492591.55835315934,-42834.04855244863,42834.04855244863,7.999999999999999
2026-09-13,13,2026-09-01,True,CARIBE_MAR,28626459.83,315012.5425,162797179.74,105818166.83,368.2675,267760.66,47251.88,85.0,15.0,Cubierta (85.0% Contratos / 15.0% Bolsa),945.0376275,348026.6444853562,535425.606905608,492591.55835315934,-42834.04855244863,42834.04855244863,7.999999999999999
2026-09-13,13,2026-09-01,True,CARIBE_SOL,22746903.67,315012.5425,162797179.74,105818166.83,368.2675,267760.66,47251.88,85.0,15.0,Cubierta (85.0% Contratos / 15.0% Bolsa),945.0376275,348026.6444853562,535425.606905608,492591.55835315934,-42834.04855244863,42834.04855244863,7.999999999999999
2026-09-13,13,2026-09-01,True,VALLE,18364830.93,315012.5425,162797179.74,105818166.83,368.2675,267760.66,47251.88,85.0,15.0,Cubierta (85.0% Contratos / 15.0% Bolsa),945.0376275,348026.6444853562,535425.606905608,492591.55835315934,-42834.04855244863,42834.04855244863,7.999999999999999
2026-09-13,13,2026-09-01,True,SANTANDER,14369313.29,315012.5425,162797179.74,105818166.83,368.2675,267760.66,47251.88,85.0,15.0,Cubierta (85.0% Contratos / 15.0% Bolsa),945.0376275,348026.6444853562,535425.606905608,492591.55835315934,-42834.04855244863,42834.04855244863,7.999999999999999
2026-09-13,13,2026-09-01,True,CUNDINAMARCA,9152458.07,315012.5425,162797179.74,105818166.83,368.2675,267760.66,47251.88,85.0,15.0,Cubierta (85.0% Contratos / 15.0% Bolsa),945.0376275,348026.6444853562,535425.606905608,492591.55835315934,-42834.04855244863,42834.04855244863,7.999999999999999
2026-09-13,13,2026-09-01,True,TOLIMA,7681611.77,315012.5425,162797179.74,105818166.83,368.2675,267760.66,47251.88,85.0,15.0,Cubierta (85.0% Contratos / 15.0% Bolsa),945.0376275,348026.6444853562,535425.606905608,492591.55835315934,-42834.04855244863,42834.04855244863,7.999999999999999
2026-09-14,14,2026-09-01,True,ANTIOQUIA,30712082.16,442654.36,192877716.64,125370515.82,368.0134,376256.21,66398.15,85.0,15.0,Cubierta (85.0% Contratos / 15.0% Bolsa),1327.96308,488708.208145272,751858.7817379686,691710.0791989311,-60148.70253903745,60148.70253903745,7.999999999999995
2026-09-14,14,2026-09-01,True,BOGOTA,42512702.36,442654.36,192877716.64,125370515.82,368.0134,376256.21,66398.15,85.0,15.0,Cubierta (85.0% Contratos / 15.0% Bolsa),1327.96308,488708.208145272,751858.7817379686,691710.0791989311,-60148.70253903745,60148.70253903745,7.999999999999995
2026-09-14,14,2026-09-01,True,CARIBE_MAR,34166562.1,442654.36,192877716.64,125370515.82,368.0134,376256.21,66398.15,85.0,15.0,Cubierta (85.0% Contratos / 15.0% Bolsa),1327.96308,488708.208145272,751858.7817379686,691710.0791989311,-60148.70253903745,60148.70253903745,7.999999999999995
2026-09-14,14,2026-09-01,True,CARIBE_SOL,26683525.91,442654.36,192877716.64,125370515.82,368.0134,376256.21,66398.15,85.0,15.0,Cubierta (85.0% Contratos / 15.0% Bolsa),1327.96308,488708.208145272,751858.7817379686,691710.0791989311,-60148.70253903745,60148.70253903745,7.999999999999995
2026-09-14,14,2026-09-01,True,VALLE,21788832.09,442654.36,192877716.64,125370515.82,368.0134,376256.21,66398.15,85.0,15.0,Cubierta (85.0% Contratos / 15.0% Bolsa),1327.96308,488708.208145272,751858.7817379686,691710.0791989311,-60148.70253903745,60148.70253903745,7.999999999999995
2026-09-14,14,2026-09-01,True,SANTANDER,17058904.54,442654.36,192877716.64,125370515.82,368.0134,376256.21,66398.15,85.0,15.0,Cubierta (85.0% Contratos / 15.0% Bolsa),1327.96308,488708.208145272,751858.7817379686,691710.0791989311,-60148.70253903745,60148.70253903745,7.999999999999995
2026-09-14,14,2026-09-01,True,CUNDINAMARCA,10758684.6,442654.36,192877716.64,125370515.82,368.0134,376256.21,66398.15,85.0,15.0,Cubierta (85.0% Contratos / 15.0% Bolsa),1327.96308,488708.208145272,751858.7817379686,691710.0791989311,-60148.70253903745,60148.70253903745,7.999999999999995
2026-09-14,14,2026-09-01,True,TOLIMA,9196422.88,442654.36,192877716.64,125370515.82,368.0134,376256.21,66398.15,85.0,15.0,Cubierta (85.0% Contratos / 15.0% Bolsa),1327.96308,488708.208145272,751858.7817379686,691710.0791989311,-60148.70253903745,60148.70253903745,7.999999999999995
2026-09-15,15,2026-09-01,True,ANTIOQUIA,30453238.06,441075.87,192189921.57999998,124923449.03,367.706,374914.49,66161.38,85.0,15.0,Cubierta (85.0% Contratos / 15.0% Bolsa),1323.22761,486558.73156266,748551.8946938084,688667.7431183037,-59884.151575504686,59884.151575504686,8.000000000000002
2026-09-15,15,2026-09-01,True,BOGOTA,42564259.14,441075.87,192189921.57999998,124923449.03,367.706,374914.49,66161.38,85.0,15.0,Cubierta (85.0% Contratos / 15.0% Bolsa),1323.22761,486558.73156266,748551.8946938084,688667.7431183037,-59884.151575504686,59884.151575504686,8.000000000000002
2026-09-15,15,2026-09-01,True,CARIBE_MAR,34033939.99,441075.87,192189921.57999998,124923449.03,367.706,374914.49,66161.38,85.0,15.0,Cubierta (85.0% Contratos / 15.0% Bolsa),1323.22761,486558.73156266,748551.8946938084,688667.7431183037,-59884.151575504686,59884.151575504686,8.000000000000002
2026-09-15,15,2026-09-01,True,CARIBE_SOL,26396801.41,441075.87,192189921.57999998,124923449.03,367.706,374914.49,66161.38,85.0,15.0,Cubierta (85.0% Contratos / 15.0% Bolsa),1323.22761,486558.73156266,748551.8946938084,688667.7431183037,-59884.151575504686,59884.151575504686,8.000000000000002
2026-09-15,15,2026-09-01,True,VALLE,21895186.86,441075.87,192189921.57999998,124923449.03,367.706,374914.49,66161.38,85.0,15.0,Cubierta (85.0% Contratos / 15.0% Bolsa),1323.22761,486558.73156266,748551.8946938084,688667.7431183037,-59884.151575504686,59884.151575504686,8.000000000000002
2026-09-15,15,2026-09-01,True,SANTANDER,16824418.99,441075.87,192189921.57999998,124923449.03,367.706,374914.49,66161.38,85.0,15.0,Cubierta (85.0% Contratos / 15.0% Bolsa),1323.22761,486558.73156266,748551.8946938084,688667.7431183037,-59884.151575504686,59884.151575504686,8.000000000000002
2026-09-15,15,2026-09-01,True,CUNDINAMARCA,10923702.73,441075.87,192189921.57999998,124923449.03,367.706,374914.49,66161.38,85.0,15.0,Cubierta (85.0% Contratos / 15.0% Bolsa),1323.22761,486558.73156266,748551.8946938084,688667.7431183037,-59884.151575504686,59884.151575504686,8.000000000000002
2026-09-15,15,2026-09-01,True,TOLIMA,9098374.4,441075.87,192189921.57999998,124923449.03,367.706,374914.49,66161.38,85.0,15.0,Cubierta (85.0% Contratos / 15.0% Bolsa),1323.22761,486558.73156266,748551.8946938084,688667.7431183037,-59884.151575504686,59884.151575504686,8.000000000000002
2026-09-16,16,2026-09-01,True,ANTIOQUIA,30366249.88,440569.8625,191969438.84000003,124780135.25,367.3546,374484.38,66085.48,85.0,15.0,Cubierta (85.0% Contratos / 15.0% Bolsa),1321.7095875,485536.0968322275,746978.6104871739,687220.3216482,-59758.28883897385,59758.28883897385,7.999999999999992
2026-09-16,16,2026-09-01,True,BOGOTA,42358433.05,440569.8625,191969438.84000003,124780135.25,367.3546,374484.38,66085.48,85.0,15.0,Cubierta (85.0% Contratos / 15.0% Bolsa),1321.7095875,485536.0968322275,746978.6104871739,687220.3216482,-59758.28883897385,59758.28883897385,7.999999999999992
2026-09-16,16,2026-09-01,True,CARIBE_MAR,33838845.76,440569.8625,191969438.84000003,124780135.25,367.3546,374484.38,66085.48,85.0,15.0,Cubierta (85.0% Contratos / 15.0% Bolsa),1321.7095875,485536.0968322275,746978.6104871739,687220.3216482,-59758.28883897385,59758.28883897385,7.999999999999992
2026-09-16,16,2026-09-01,True,CARIBE_SOL,26543755.09,440569.8625,191969438.84000003,124780135.25,367.3546,374484.38,66085.48,85.0,15.0,Cubierta (85.0% Contratos / 15.0% Bolsa),1321.7095875,485536.0968322275,746978.6104871739,687220.3216482,-59758.28883897385,59758.28883897385,7.999999999999992
2026-09-16,16,2026-09-01,True,VALLE,21550623.81,440569.8625,191969438.84000003,124780135.25,367.3546,374484.38,66085.48,85.0,15.0,Cubierta (85.0% Contratos / 15.0% Bolsa),1321.7095875,485536.0968322275,746978.6104871739,687220.3216482,-59758.28883897385,59758.28883897385,7.999999999999992
2026-09-16,16,2026-09-01,True,SANTANDER,17091325.3,440569.8625,191969438.84000003,124780135.25,367.3546,374484.38,66085.48,85.0,15.0,Cubierta (85.0% Contratos / 15.0% Bolsa),1321.7095875,485536.0968322275,746978.6104871739,687220.3216482,-59758.28883897385,59758.28883897385,7.999999999999992
2026-09-16,16,2026-09-01,True,CUNDINAMARCA,11094111.39,440569.8625,191969438.84000003,124780135.25,367.3546,374484.38,66085.48,85.0,15.0,Cubierta (85.0% Contratos / 15.0% Bolsa),1321.7095875,485536.0968322275,746978.6104871739,687220.3216482,-59758.28883897385,59758.28883897385,7.999999999999992
2026-09-16,16,2026-09-01,True,TOLIMA,9126094.56,440569.8625,191969438.84000003,124780135.25,367.3546,374484.38,66085.48,85.0,15.0,Cubierta (85.0% Contratos / 15.0% Bolsa),1321.7095875,485536.0968322275,746978.6104871739,687220.3216482,-59758.28883897385,59758.28883897385,7.999999999999992
2026-09-17,17,2026-09-01,True,ANTIOQUIA,30053704.06,441978.1375,192583066.33,125178993.11,366.9694,375681.42,66296.72,85.0,15.0,Cubierta (85.0% Contratos / 15.0% Bolsa),1325.9344125,486577.3557944775,748580.5474030296,688694.1036107873,-59886.443792242324,59886.443792242324,7.999999999999993
2026-09-17,17,2026-09-01,True,BOGOTA,42671948.35,441978.1375,192583066.33,125178993.11,366.9694,375681.42,66296.72,85.0,15.0,Cubierta (85.0% Contratos / 15.0% Bolsa),1325.9344125,486577.3557944775,748580.5474030296,688694.1036107873,-59886.443792242324,59886.443792242324,7.999999999999993
2026-09-17,17,2026-09-01,True,CARIBE_MAR,33859072.8,441978.1375,192583066.33,125178993.11,366.9694,375681.42,66296.72,85.0,15.0,Cubierta (85.0% Contratos / 15.0% Bolsa),1325.9344125,486577.3557944775,748580.5474030296,688694.1036107873,-59886.443792242324,59886.443792242324,7.999999999999993
2026-09-17,17,2026-09-01,True,CARIBE_SOL,27066121.23,441978.1375,192583066.33,125178993.11,366.9694,375681.42,66296.72,85.0,15.0,Cubierta (85.0% Contratos / 15.0% Bolsa),1325.9344125,486577.3557944775,748580.5474030296,688694.1036107873,-59886.443792242324,59886.443792242324,7.999999999999993
2026-09-17,17,2026-09-01,True,VALLE,21758454.77,441978.1375,192583066.33,125178993.11,366.9694,375681.42,66296.72,85.0,15.0,Cubierta (85.0% Contratos / 15.0% Bolsa),1325.9344125,486577.3557944775,748580.5474030296,688694.1036107873,-59886.443792242324,59886.443792242324,7.999999999999993
2026-09-17,17,2026-09-01,True,SANTANDER,17099553.74,441978.1375,192583066.33,125178993.11,366.9694,375681.42,66296.72,85.0,15.0,Cubierta (85.0% Contratos / 15.0% Bolsa),1325.9344125,486577.3557944775,748580.5474030296,688694.1036107873,-59886.443792242324,59886.443792242324,7.999999999999993
2026-09-17,17,2026-09-01,True,CUNDINAMARCA,10989853.9,441978.1375,192583066.33,125178993.11,366.9694,375681.42,66296.72,85.0,15.0,Cubierta (85.0% Contratos / 15.0% Bolsa),1325.9344125,486577.3557944775,748580.5474030296,688694.1036107873,-59886.443792242324,59886.443792242324,7.999999999999993
2026-09-17,17,2026-09-01,True,TOLIMA,9084357.48,441978.1375,192583066.33,125178993.11,366.9694,375681.42,66296.72,85.0,15.0,Cubierta (85.0% Contratos / 15.0% Bolsa),1325.9344125,486577.3557944775,748580.5474030296,688694.1036107873,-59886.443792242324,59886.443792242324,7.999999999999993
2026-09-18,18,2026-09-01,True,ANTIOQUIA,29893144.66,442036.52125,192608505.72999996,125195528.72,366.5614,375731.04,66305.48,85.0,15.0,Cubierta (85.0% Contratos / 15.0% Bolsa),1326.10956375,486100.57824158925,747847.0434754792,688019.2799974409,-59827.76347803837,59827.76347803837,8.000000000000004
2026-09-18,18,2026-09-01,True,BOGOTA,42469655.17,442036.52125,192608505.72999996,125195528.72,366.5614,375731.04,66305.48,85.0,15.0,Cubierta (85.0% Contratos / 15.0% Bolsa),1326.10956375,486100.57824158925,747847.0434754792,688019.2799974409,-59827.76347803837,59827.76347803837,8.000000000000004
2026-09-18,18,2026-09-01,True,CARIBE_MAR,34241454.89,442036.52125,192608505.72999996,125195528.72,366.5614,375731.04,66305.48,85.0,15.0,Cubierta (85.0% Contratos / 15.0% Bolsa),1326.10956375,486100.57824158925,747847.0434754792,688019.2799974409,-59827.76347803837,59827.76347803837,8.000000000000004
2026-09-18,18,2026-09-01,True,CARIBE_SOL,27204122.74,442036.52125,192608505.72999996,125195528.72,366.5614,375731.04,66305.48,85.0,15.0,Cubierta (85.0% Contratos / 15.0% Bolsa),1326.10956375,486100.57824158925,747847.0434754792,688019.2799974409,-59827.76347803837,59827.76347803837,8.000000000000004
2026-09-18,18,2026-09-01,True,VALLE,21663157.81,442036.52125,192608505.72999996,125195528.72,366.5614,375731.04,66305.48,85.0,15.0,Cubierta (85.0% Contratos / 15.0% Bolsa),1326.10956375,486100.57824158925,747847.0434754792,688019.2799974409,-59827.76347803837,59827.76347803837,8.000000000000004
2026-09-18,18,2026-09-01,True,SANTANDER,17046680.9,442036.52125,192608505.72999996,125195528.72,366.5614,375731.04,66305.48,85.0,15.0,Cubierta (85.0% Contratos / 15.0% Bolsa),1326.10956375,486100.57824158925,747847.0434754792,688019.2799974409,-59827.76347803837,59827.76347803837,8.000000000000004
2026-09-18,18,2026-09-01,True,CUNDINAMARCA,11032504.2,442036.52125,192608505.72999996,125195528.72,366.5614,375731.04,66305.48,85.0,15.0,Cubierta (85.0% Contratos / 15.0% Bolsa),1326.10956375,486100.57824158925,747847.0434754792,688019.2799974409,-59827.76347803837,59827.76347803837,8.000000000000004
2026-09-18,18,2026-09-01,True,TOLIMA,9057785.36,442036.52125,192608505.72999996,125195528.72,366.5614,375731.04,66305.48,85.0,15.0,Cubierta (85.0% Contratos / 15.0% Bolsa),1326.10956375,486100.57824158925,747847.0434754792,688019.2799974409,-59827.76347803837,59827.76347803837,8.000000000000004
2026-09-19,19,2026-09-01,True,ANTIOQUIA,25613987.32,313679.6375,162108339.83,105370420.89,366.1418,266627.69,47051.95,85.0,15.0,Cubierta (85.0% Contratos / 15.0% Bolsa),941.0389125,344553.6812927925,530082.5866017808,487675.9796736384,-42406.60692814243,42406.60692814243,7.999999999999992
2026-09-19,19,2026-09-01,True,BOGOTA,35447099.41,313679.6375,162108339.83,105370420.89,366.1418,266627.69,47051.95,85.0,15.0,Cubierta (85.0% Contratos / 15.0% Bolsa),941.0389125,344553.6812927925,530082.5866017808,487675.9796736384,-42406.60692814243,42406.60692814243,7.999999999999992
2026-09-19,19,2026-09-01,True,CARIBE_MAR,28848055.88,313679.6375,162108339.83,105370420.89,366.1418,266627.69,47051.95,85.0,15.0,Cubierta (85.0% Contratos / 15.0% Bolsa),941.0389125,344553.6812927925,530082.5866017808,487675.9796736384,-42406.60692814243,42406.60692814243,7.999999999999992
2026-09-19,19,2026-09-01,True,CARIBE_SOL,22586412.06,313679.6375,162108339.83,105370420.89,366.1418,266627.69,47051.95,85.0,15.0,Cubierta (85.0% Contratos / 15.0% Bolsa),941.0389125,344553.6812927925,530082.5866017808,487675.9796736384,-42406.60692814243,42406.60692814243,7.999999999999992
2026-09-19,19,2026-09-01,True,VALLE,18243644.92,313679.6375,162108339.83,105370420.89,366.1418,266627.69,47051.95,85.0,15.0,Cubierta (85.0% Contratos / 15.0% Bolsa),941.0389125,344553.6812927925,530082.5866017808,487675.9796736384,-42406.60692814243,42406.60692814243,7.999999999999992
2026-09-19,19,2026-09-01,True,SANTANDER,14375259.19,313679.6375,162108339.83,105370420.89,366.1418,266627.69,47051.95,85.0,15.0,Cubierta (85.0% Contratos / 15.0% Bolsa),941.0389125,344553.6812927925,530082.5866017808,487675.9796736384,-42406.60692814243,42406.60692814243,7.999999999999992
2026-09-19,19,2026-09-01,True,CUNDINAMARCA,9303921.89,313679.6375,162108339.83,105370420.89,366.1418,266627.69,47051.95,85.0,15.0,Cubierta (85.0% Contratos / 15.0% Bolsa),941.0389125,344553.6812927925,530082.5866017808,487675.9796736384,-42406.60692814243,42406.60692814243,7.999999999999992
2026-09-19,19,2026-09-01,True,TOLIMA,7689959.16,313679.6375,162108339.83,105370420.89,366.1418,266627.69,47051.95,85.0,15.0,Cubierta (85.0% Contratos / 15.0% Bolsa),941.0389125,344553.6812927925,530082.5866017808,487675.9796736384,-42406.60692814243,42406.60692814243,7.999999999999992
2026-09-20,20,2026-09-01,True,ANTIOQUIA,25493645.49,314912.31875,162745384.57,105784499.97,365.7224,267675.47,47236.85,85.0,15.0,Cubierta (85.0% Contratos / 15.0% Bolsa),944.7369562499999,345511.46700844495,531556.1030924278,489031.6148450336,-42524.48824739421,42524.48824739421,7.999999999999997
2026-09-20,20,2026-09-01,True,BOGOTA,35810674.84,314912.31875,162745384.57,105784499.97,365.7224,267675.47,47236.85,85.0,15.0,Cubierta (85.0% Contratos / 15.0% Bolsa),944.7369562499999,345511.46700844495,531556.1030924278,489031.6148450336,-42524.48824739421,42524.48824739421,7.999999999999997
2026-09-20,20,2026-09-01,True,CARIBE_MAR,28833284.72,314912.31875,162745384.57,105784499.97,365.7224,267675.47,47236.85,85.0,15.0,Cubierta (85.0% Contratos / 15.0% Bolsa),944.7369562499999,345511.46700844495,531556.1030924278,489031.6148450336,-42524.48824739421,42524.48824739421,7.999999999999997
2026-09-20,20,2026-09-01,True,CARIBE_SOL,22582580.91,314912.31875,162745384.57,105784499.97,365.7224,267675.47,47236.85,85.0,15.0,Cubierta (85.0% Contratos / 15.0% Bolsa),944.7369562499999,345511.46700844495,531556.1030924278,489031.6148450336,-42524.48824739421,42524.48824739421,7.999999999999997
2026-09-20,20,2026-09-01,True,VALLE,18661338.5,314912.31875,162745384.57,105784499.97,365.7224,267675.47,47236.85,85.0,15.0,Cubierta (85.0% Contratos / 15.0% Bolsa),944.7369562499999,345511.46700844495,531556.1030924278,489031.6148450336,-42524.48824739421,42524.48824739421,7.999999999999997
2026-09-20,20,2026-09-01,True,SANTANDER,14327749.87,314912.31875,162745384.57,105784499.97,365.7224,267675.47,47236.85,85.0,15.0,Cubierta (85.0% Contratos / 15.0% Bolsa),944.7369562499999,345511.46700844495,531556.1030924278,489031.6148450336,-42524.48824739421,42524.48824739421,7.999999999999997
2026-09-20,20,2026-09-01,True,CUNDINAMARCA,9289015.86,314912.31875,162745384.57,105784499.97,365.7224,267675.47,47236.85,85.0,15.0,Cubierta (85.0% Contratos / 15.0% Bolsa),944.7369562499999,345511.46700844495,531556.1030924278,489031.6148450336,-42524.48824739421,42524.48824739421,7.999999999999997
2026-09-20,20,2026-09-01,True,TOLIMA,7747094.38,314912.31875,162745384.57,105784499.97,365.7224,267675.47,47236.85,85.0,15.0,Cubierta (85.0% Contratos / 15.0% Bolsa),944.7369562499999,345511.46700844495,531556.1030924278,489031.6148450336,-42524.48824739421,42524.48824739421,7.999999999999997
2026-09-21,21,2026-09-01,True,ANTIOQUIA,30544291.89,442908.03625,192988251.22,125442363.29,365.3147,376471.83,66436.21,85.0,15.0,Cubierta (85.0% Contratos / 15.0% Bolsa),1328.7241087500001,485402.4491707737,746772.9987421265,687031.1588427564,-59741.8398993701,59741.8398993701,7.999999999999997
2026-09-21,21,2026-09-01,True,BOGOTA,43323718.0,442908.03625,192988251.22,125442363.29,365.3147,376471.83,66436.21,85.0,15.0,Cubierta (85.0% Contratos / 15.0% Bolsa),1328.7241087500001,485402.4491707737,746772.9987421265,687031.1588427564,-59741.8398993701,59741.8398993701,7.999999999999997
2026-09-21,21,2026-09-01,True,CARIBE_MAR,33287358.95,442908.03625,192988251.22,125442363.29,365.3147,376471.83,66436.21,85.0,15.0,Cubierta (85.0% Contratos / 15.0% Bolsa),1328.7241087500001,485402.4491707737,746772.9987421265,687031.1588427564,-59741.8398993701,59741.8398993701,7.999999999999997
2026-09-21,21,2026-09-01,True,CARIBE_SOL,26730867.07,442908.03625,192988251.22,125442363.29,365.3147,376471.83,66436.21,85.0,15.0,Cubierta (85.0% Contratos / 15.0% Bolsa),1328.7241087500001,485402.4491707737,746772.9987421265,687031.1588427564,-59741.8398993701,59741.8398993701,7.999999999999997
2026-09-21,21,2026-09-01,True,VALLE,21762871.42,442908.03625,192988251.22,125442363.29,365.3147,376471.83,66436.21,85.0,15.0,Cubierta (85.0% Contratos / 15.0% Bolsa),1328.7241087500001,485402.4491707737,746772.9987421265,687031.1588427564,-59741.8398993701,59741.8398993701,7.999999999999997
2026-09-21,21,2026-09-01,True,SANTANDER,17221020.9,442908.03625,192988251.22,125442363.29,365.3147,376471.83,66436.21,85.0,15.0,Cubierta (85.0% Contratos / 15.0% Bolsa),1328.7241087500001,485402.4491707737,746772.9987421265,687031.1588427564,-59741.8398993701,59741.8398993701,7.999999999999997
2026-09-21,21,2026-09-01,True,CUNDINAMARCA,10911471.97,442908.03625,192988251.22,125442363.29,365.3147,376471.83,66436.21,85.0,15.0,Cubierta (85.0% Contratos / 15.0% Bolsa),1328.7241087500001,485402.4491707737,746772.9987421265,687031.1588427564,-59741.8398993701,59741.8398993701,7.999999999999997
2026-09-21,21,2026-09-01,True,TOLIMA,9206651.02,442908.03625,192988251.22,125442363.29,365.3147,376471.83,66436.21,85.0,15.0,Cubierta (85.0% Contratos / 15.0% Bolsa),1328.7241087500001,485402.4491707737,746772.9987421265,687031.1588427564,-59741.8398993701,59741.8398993701,7.999999999999997
2026-09-22,22,2026-09-01,True,ANTIOQUIA,30503010.44,443064.5475,193056447.95999995,125486691.17,364.93,376604.87,66459.68,85.0,15.0,Cubierta (85.0% Contratos / 15.0% Bolsa),1329.1936425,485062.635957525,746250.2091892102,686550.1924540735,-59700.01673513674,59700.01673513674,7.99999999999999
2026-09-22,22,2026-09-01,True,BOGOTA,42961821.64,443064.5475,193056447.95999995,125486691.17,364.93,376604.87,66459.68,85.0,15.0,Cubierta (85.0% Contratos / 15.0% Bolsa),1329.1936425,485062.635957525,746250.2091892102,686550.1924540735,-59700.01673513674,59700.01673513674,7.99999999999999
2026-09-22,22,2026-09-01,True,CARIBE_MAR,34046543.9,443064.5475,193056447.95999995,125486691.17,364.93,376604.87,66459.68,85.0,15.0,Cubierta (85.0% Contratos / 15.0% Bolsa),1329.1936425,485062.635957525,746250.2091892102,686550.1924540735,-59700.01673513674,59700.01673513674,7.99999999999999
2026-09-22,22,2026-09-01,True,CARIBE_SOL,26643930.94,443064.5475,193056447.95999995,125486691.17,364.93,376604.87,66459.68,85.0,15.0,Cubierta (85.0% Contratos / 15.0% Bolsa),1329.1936425,485062.635957525,746250.2091892102,686550.1924540735,-59700.01673513674,59700.01673513674,7.99999999999999
2026-09-22,22,2026-09-01,True,VALLE,21824801.98,443064.5475,193056447.95999995,125486691.17,364.93,376604.87,66459.68,85.0,15.0,Cubierta (85.0% Contratos / 15.0% Bolsa),1329.1936425,485062.635957525,746250.2091892102,686550.1924540735,-59700.01673513674,59700.01673513674,7.99999999999999
2026-09-22,22,2026-09-01,True,SANTANDER,17039161.38,443064.5475,193056447.95999995,125486691.17,364.93,376604.87,66459.68,85.0,15.0,Cubierta (85.0% Contratos / 15.0% Bolsa),1329.1936425,485062.635957525,746250.2091892102,686550.1924540735,-59700.01673513674,59700.01673513674,7.99999999999999
2026-09-22,22,2026-09-01,True,CUNDINAMARCA,10939421.26,443064.5475,193056447.95999995,125486691.17,364.93,376604.87,66459.68,85.0,15.0,Cubierta (85.0% Contratos / 15.0% Bolsa),1329.1936425,485062.635957525,746250.2091892102,686550.1924540735,-59700.01673513674,59700.01673513674,7.99999999999999
2026-09-22,22,2026-09-01,True,TOLIMA,9097756.42,443064.5475,193056447.95999995,125486691.17,364.93,376604.87,66459.68,85.0,15.0,Cubierta (85.0% Contratos / 15.0% Bolsa),1329.1936425,485062.635957525,746250.2091892102,686550.1924540735,-59700.01673513674,59700.01673513674,7.99999999999999
2026-09-23,23,2026-09-01,True,ANTIOQUIA,30289663.58,439934.745,191692699.08,124600254.4,364.5793,373944.53,65990.21,85.0,15.0,Cubierta (85.0% Contratos / 15.0% Bolsa),1319.804235,481173.30413333554,740266.6217554753,681045.2920150373,-59221.32974043803,59221.32974043803,8.0
2026-09-23,23,2026-09-01,True,BOGOTA,42313723.17,439934.745,191692699.08,124600254.4,364.5793,373944.53,65990.21,85.0,15.0,Cubierta (85.0% Contratos / 15.0% Bolsa),1319.804235,481173.30413333554,740266.6217554753,681045.2920150373,-59221.32974043803,59221.32974043803,8.0
2026-09-23,23,2026-09-01,True,CARIBE_MAR,33865086.05,439934.745,191692699.08,124600254.4,364.5793,373944.53,65990.21,85.0,15.0,Cubierta (85.0% Contratos / 15.0% Bolsa),1319.804235,481173.30413333554,740266.6217554753,681045.2920150373,-59221.32974043803,59221.32974043803,8.0
2026-09-23,23,2026-09-01,True,CARIBE_SOL,26396040.54,439934.745,191692699.08,124600254.4,364.5793,373944.53,65990.21,85.0,15.0,Cubierta (85.0% Contratos / 15.0% Bolsa),1319.804235,481173.30413333554,740266.6217554753,681045.2920150373,-59221.32974043803,59221.32974043803,8.0
2026-09-23,23,2026-09-01,True,VALLE,21873402.38,439934.745,191692699.08,124600254.4,364.5793,373944.53,65990.21,85.0,15.0,Cubierta (85.0% Contratos / 15.0% Bolsa),1319.804235,481173.30413333554,740266.6217554753,681045.2920150373,-59221.32974043803,59221.32974043803,8.0
2026-09-23,23,2026-09-01,True,SANTANDER,16874905.24,439934.745,191692699.08,124600254.4,364.5793,373944.53,65990.21,85.0,15.0,Cubierta (85.0% Contratos / 15.0% Bolsa),1319.804235,481173.30413333554,740266.6217554753,681045.2920150373,-59221.32974043803,59221.32974043803,8.0
2026-09-23,23,2026-09-01,True,CUNDINAMARCA,11012433.91,439934.745,191692699.08,124600254.4,364.5793,373944.53,65990.21,85.0,15.0,Cubierta (85.0% Contratos / 15.0% Bolsa),1319.804235,481173.30413333554,740266.6217554753,681045.2920150373,-59221.32974043803,59221.32974043803,8.0
2026-09-23,23,2026-09-01,True,TOLIMA,9067444.21,439934.745,191692699.08,124600254.4,364.5793,373944.53,65990.21,85.0,15.0,Cubierta (85.0% Contratos / 15.0% Bolsa),1319.804235,481173.30413333554,740266.6217554753,681045.2920150373,-59221.32974043803,59221.32974043803,8.0
2026-09-24,24,2026-09-01,True,ANTIOQUIA,30697705.03,444117.18125,193515111.78999996,125784822.66,364.2728,377499.6,66617.58,85.0,15.0,Cubierta (85.0% Contratos / 15.0% Bolsa),1332.35154375,485339.42742613505,746676.0422148303,686941.9588376438,-59734.08337718644,59734.08337718644,8.000000000000004
2026-09-24,24,2026-09-01,True,BOGOTA,42702379.66,444117.18125,193515111.78999996,125784822.66,364.2728,377499.6,66617.58,85.0,15.0,Cubierta (85.0% Contratos / 15.0% Bolsa),1332.35154375,485339.42742613505,746676.0422148303,686941.9588376438,-59734.08337718644,59734.08337718644,8.000000000000004
2026-09-24,24,2026-09-01,True,CARIBE_MAR,34140095.69,444117.18125,193515111.78999996,125784822.66,364.2728,377499.6,66617.58,85.0,15.0,Cubierta (85.0% Contratos / 15.0% Bolsa),1332.35154375,485339.42742613505,746676.0422148303,686941.9588376438,-59734.08337718644,59734.08337718644,8.000000000000004
2026-09-24,24,2026-09-01,True,CARIBE_SOL,26988627.63,444117.18125,193515111.78999996,125784822.66,364.2728,377499.6,66617.58,85.0,15.0,Cubierta (85.0% Contratos / 15.0% Bolsa),1332.35154375,485339.42742613505,746676.0422148303,686941.9588376438,-59734.08337718644,59734.08337718644,8.000000000000004
2026-09-24,24,2026-09-01,True,VALLE,21939347.08,444117.18125,193515111.78999996,125784822.66,364.2728,377499.6,66617.58,85.0,15.0,Cubierta (85.0% Contratos / 15.0% Bolsa),1332.35154375,485339.42742613505,746676.0422148303,686941.9588376438,-59734.08337718644,59734.08337718644,8.000000000000004
2026-09-24,24,2026-09-01,True,SANTANDER,16941141.56,444117.18125,193515111.78999996,125784822.66,364.2728,377499.6,66617.58,85.0,15.0,Cubierta (85.0% Contratos / 15.0% Bolsa),1332.35154375,485339.42742613505,746676.0422148303,686941.9588376438,-59734.08337718644,59734.08337718644,8.000000000000004
2026-09-24,24,2026-09-01,True,CUNDINAMARCA,10904607.95,444117.18125,193515111.78999996,125784822.66,364.2728,377499.6,66617.58,85.0,15.0,Cubierta (85.0% Contratos / 15.0% Bolsa),1332.35154375,485339.42742613505,746676.0422148303,686941.9588376438,-59734.08337718644,59734.08337718644,8.000000000000004
2026-09-24,24,2026-09-01,True,TOLIMA,9201207.19,444117.18125,193515111.78999996,125784822.66,364.2728,377499.6,66617.58,85.0,15.0,Cubierta (85.0% Contratos / 15.0% Bolsa),1332.35154375,485339.42742613505,746676.0422148303,686941.9588376438,-59734.08337718644,59734.08337718644,8.000000000000004
2026-09-25,25,2026-09-01,True,ANTIOQUIA,30363102.93,445207.83,193990339.98000002,126093720.99,364.0197,378426.66,66781.17,85.0,15.0,Cubierta (85.0% Contratos / 15.0% Bolsa),1335.6234900000002,486193.26214275305,747989.6340479779,688150.4633241397,-59839.17072383815,59839.17072383815,7.999999999999989
2026-09-25,25,2026-09-01,True,BOGOTA,43542074.72,445207.83,193990339.98000002,126093720.99,364.0197,378426.66,66781.17,85.0,15.0,Cubierta (85.0% Contratos / 15.0% Bolsa),1335.6234900000002,486193.26214275305,747989.6340479779,688150.4633241397,-59839.17072383815,59839.17072383815,7.999999999999989
2026-09-25,25,2026-09-01,True,CARIBE_MAR,34135054.52,445207.83,193990339.98000002,126093720.99,364.0197,378426.66,66781.17,85.0,15.0,Cubierta (85.0% Contratos / 15.0% Bolsa),1335.6234900000002,486193.26214275305,747989.6340479779,688150.4633241397,-59839.17072383815,59839.17072383815,7.999999999999989
2026-09-25,25,2026-09-01,True,CARIBE_SOL,26697721.14,445207.83,193990339.98000002,126093720.99,364.0197,378426.66,66781.17,85.0,15.0,Cubierta (85.0% Contratos / 15.0% Bolsa),1335.6234900000002,486193.26214275305,747989.6340479779,688150.4633241397,-59839.17072383815,59839.17072383815,7.999999999999989
2026-09-25,25,2026-09-01,True,VALLE,22012959.12,445207.83,193990339.98000002,126093720.99,364.0197,378426.66,66781.17,85.0,15.0,Cubierta (85.0% Contratos / 15.0% Bolsa),1335.6234900000002,486193.26214275305,747989.6340479779,688150.4633241397,-59839.17072383815,59839.17072383815,7.999999999999989
2026-09-25,25,2026-09-01,True,SANTANDER,17111346.24,445207.83,193990339.98000002,126093720.99,364.0197,378426.66,66781.17,85.0,15.0,Cubierta (85.0% Contratos / 15.0% Bolsa),1335.6234900000002,486193.26214275305,747989.6340479779,688150.4633241397,-59839.17072383815,59839.17072383815,7.999999999999989
2026-09-25,25,2026-09-01,True,CUNDINAMARCA,10941426.25,445207.83,193990339.98000002,126093720.99,364.0197,378426.66,66781.17,85.0,15.0,Cubierta (85.0% Contratos / 15.0% Bolsa),1335.6234900000002,486193.26214275305,747989.6340479779,688150.4633241397,-59839.17072383815,59839.17072383815,7.999999999999989
2026-09-25,25,2026-09-01,True,TOLIMA,9186655.06,445207.83,193990339.98000002,126093720.99,364.0197,378426.66,66781.17,85.0,15.0,Cubierta (85.0% Contratos / 15.0% Bolsa),1335.6234900000002,486193.26214275305,747989.6340479779,688150.4633241397,-59839.17072383815,59839.17072383815,7.999999999999989
2026-09-26,26,2026-09-01,True,ANTIOQUIA,25605607.13,314195.24,162374800.94,105543620.61,363.8283,267065.95,47129.29,85.0,15.0,Cubierta (85.0% Contratos / 15.0% Bolsa),942.58572,342939.36011187604,527599.0155617312,485391.09431679273,-42207.92124493845,42207.92124493845,7.999999999999992
2026-09-26,26,2026-09-01,True,BOGOTA,35982380.22,314195.24,162374800.94,105543620.61,363.8283,267065.95,47129.29,85.0,15.0,Cubierta (85.0% Contratos / 15.0% Bolsa),942.58572,342939.36011187604,527599.0155617312,485391.09431679273,-42207.92124493845,42207.92124493845,7.999999999999992
2026-09-26,26,2026-09-01,True,CARIBE_MAR,28823752.37,314195.24,162374800.94,105543620.61,363.8283,267065.95,47129.29,85.0,15.0,Cubierta (85.0% Contratos / 15.0% Bolsa),942.58572,342939.36011187604,527599.0155617312,485391.09431679273,-42207.92124493845,42207.92124493845,7.999999999999992
2026-09-26,26,2026-09-01,True,CARIBE_SOL,22397318.97,314195.24,162374800.94,105543620.61,363.8283,267065.95,47129.29,85.0,15.0,Cubierta (85.0% Contratos / 15.0% Bolsa),942.58572,342939.36011187604,527599.0155617312,485391.09431679273,-42207.92124493845,42207.92124493845,7.999999999999992
2026-09-26,26,2026-09-01,True,VALLE,18477246.25,314195.24,162374800.94,105543620.61,363.8283,267065.95,47129.29,85.0,15.0,Cubierta (85.0% Contratos / 15.0% Bolsa),942.58572,342939.36011187604,527599.0155617312,485391.09431679273,-42207.92124493845,42207.92124493845,7.999999999999992
2026-09-26,26,2026-09-01,True,SANTANDER,14190332.99,314195.24,162374800.94,105543620.61,363.8283,267065.95,47129.29,85.0,15.0,Cubierta (85.0% Contratos / 15.0% Bolsa),942.58572,342939.36011187604,527599.0155617312,485391.09431679273,-42207.92124493845,42207.92124493845,7.999999999999992
2026-09-26,26,2026-09-01,True,CUNDINAMARCA,9279725.64,314195.24,162374800.94,105543620.61,363.8283,267065.95,47129.29,85.0,15.0,Cubierta (85.0% Contratos / 15.0% Bolsa),942.58572,342939.36011187604,527599.0155617312,485391.09431679273,-42207.92124493845,42207.92124493845,7.999999999999992
2026-09-26,26,2026-09-01,True,TOLIMA,7618437.37,314195.24,162374800.94,105543620.61,363.8283,267065.95,47129.29,85.0,15.0,Cubierta (85.0% Contratos / 15.0% Bolsa),942.58572,342939.36011187604,527599.0155617312,485391.09431679273,-42207.92124493845,42207.92124493845,7.999999999999992
2026-09-27,27,2026-09-01,True,ANTIOQUIA,26032798.56,315907.86875,163259880.59,106118922.38,363.7055,268521.69,47386.18,85.0,15.0,Cubierta (85.0% Contratos / 15.0% Bolsa),947.7236062500001,344692.2880729594,530295.8278220431,487872.16159627965,-42423.666225763445,42423.666225763445,8.0
2026-09-27,27,2026-09-01,True,BOGOTA,35668673.45,315907.86875,163259880.59,106118922.38,363.7055,268521.69,47386.18,85.0,15.0,Cubierta (85.0% Contratos / 15.0% Bolsa),947.7236062500001,344692.2880729594,530295.8278220431,487872.16159627965,-42423.666225763445,42423.666225763445,8.0
2026-09-27,27,2026-09-01,True,CARIBE_MAR,28848717.62,315907.86875,163259880.59,106118922.38,363.7055,268521.69,47386.18,85.0,15.0,Cubierta (85.0% Contratos / 15.0% Bolsa),947.7236062500001,344692.2880729594,530295.8278220431,487872.16159627965,-42423.666225763445,42423.666225763445,8.0
2026-09-27,27,2026-09-01,True,CARIBE_SOL,22806536.85,315907.86875,163259880.59,106118922.38,363.7055,268521.69,47386.18,85.0,15.0,Cubierta (85.0% Contratos / 15.0% Bolsa),947.7236062500001,344692.2880729594,530295.8278220431,487872.16159627965,-42423.666225763445,42423.666225763445,8.0
2026-09-27,27,2026-09-01,True,VALLE,18474246.79,315907.86875,163259880.59,106118922.38,363.7055,268521.69,47386.18,85.0,15.0,Cubierta (85.0% Contratos / 15.0% Bolsa),947.7236062500001,344692.2880729594,530295.8278220431,487872.16159627965,-42423.666225763445,42423.666225763445,8.0
2026-09-27,27,2026-09-01,True,SANTANDER,14292007.57,315907.86875,163259880.59,106118922.38,363.7055,268521.69,47386.18,85.0,15.0,Cubierta (85.0% Contratos / 15.0% Bolsa),947.7236062500001,344692.2880729594,530295.8278220431,487872.16159627965,-42423.666225763445,42423.666225763445,8.0
2026-09-27,27,2026-09-01,True,CUNDINAMARCA,9342174.07,315907.86875,163259880.59,106118922.38,363.7055,268521.69,47386.18,85.0,15.0,Cubierta (85.0% Contratos / 15.0% Bolsa),947.7236062500001,344692.2880729594,530295.8278220431,487872.16159627965,-42423.666225763445,42423.666225763445,8.0
2026-09-27,27,2026-09-01,True,TOLIMA,7794725.68,315907.86875,163259880.59,106118922.38,363.7055,268521.69,47386.18,85.0,15.0,Cubierta (85.0% Contratos / 15.0% Bolsa),947.7236062500001,344692.2880729594,530295.8278220431,487872.16159627965,-42423.666225763445,42423.666225763445,8.0
2026-09-28,28,2026-09-01,True,ANTIOQUIA,30282174.47,443760.85625,193359850.45,125683902.79,363.6569,377196.73,66564.13,85.0,15.0,Cubierta (85.0% Contratos / 15.0% Bolsa),1331.28256875,484130.0919756619,744815.5261312181,685230.2840407207,-59585.2420904974,59585.2420904974,7.999999999999993
2026-09-28,28,2026-09-01,True,BOGOTA,42974983.21,443760.85625,193359850.45,125683902.79,363.6569,377196.73,66564.13,85.0,15.0,Cubierta (85.0% Contratos / 15.0% Bolsa),1331.28256875,484130.0919756619,744815.5261312181,685230.2840407207,-59585.2420904974,59585.2420904974,7.999999999999993
2026-09-28,28,2026-09-01,True,CARIBE_MAR,34285212.38,443760.85625,193359850.45,125683902.79,363.6569,377196.73,66564.13,85.0,15.0,Cubierta (85.0% Contratos / 15.0% Bolsa),1331.28256875,484130.0919756619,744815.5261312181,685230.2840407207,-59585.2420904974,59585.2420904974,7.999999999999993
2026-09-28,28,2026-09-01,True,CARIBE_SOL,26926779.66,443760.85625,193359850.45,125683902.79,363.6569,377196.73,66564.13,85.0,15.0,Cubierta (85.0% Contratos / 15.0% Bolsa),1331.28256875,484130.0919756619,744815.5261312181,685230.2840407207,-59585.2420904974,59585.2420904974,7.999999999999993
2026-09-28,28,2026-09-01,True,VALLE,21761305.44,443760.85625,193359850.45,125683902.79,363.6569,377196.73,66564.13,85.0,15.0,Cubierta (85.0% Contratos / 15.0% Bolsa),1331.28256875,484130.0919756619,744815.5261312181,685230.2840407207,-59585.2420904974,59585.2420904974,7.999999999999993
2026-09-28,28,2026-09-01,True,SANTANDER,17064475.49,443760.85625,193359850.45,125683902.79,363.6569,377196.73,66564.13,85.0,15.0,Cubierta (85.0% Contratos / 15.0% Bolsa),1331.28256875,484130.0919756619,744815.5261312181,685230.2840407207,-59585.2420904974,59585.2420904974,7.999999999999993
2026-09-28,28,2026-09-01,True,CUNDINAMARCA,10901619.16,443760.85625,193359850.45,125683902.79,363.6569,377196.73,66564.13,85.0,15.0,Cubierta (85.0% Contratos / 15.0% Bolsa),1331.28256875,484130.0919756619,744815.5261312181,685230.2840407207,-59585.2420904974,59585.2420904974,7.999999999999993
2026-09-28,28,2026-09-01,True,TOLIMA,9163300.64,443760.85625,193359850.45,125683902.79,363.6569,377196.73,66564.13,85.0,15.0,Cubierta (85.0% Contratos / 15.0% Bolsa),1331.28256875,484130.0919756619,744815.5261312181,685230.2840407207,-59585.2420904974,59585.2420904974,7.999999999999993
2026-09-29,29,2026-09-01,True,ANTIOQUIA,30857263.8,444446.6375,193658665.73,125878132.72,363.6866,377779.64,66667.0,85.0,15.0,Cubierta (85.0% Contratos / 15.0% Bolsa),1333.3399125,484917.85942142253,746027.4760596274,686345.2779748573,-59682.19808477012,59682.19808477012,7.99999999999999
2026-09-29,29,2026-09-01,True,BOGOTA,42639072.4,444446.6375,193658665.73,125878132.72,363.6866,377779.64,66667.0,85.0,15.0,Cubierta (85.0% Contratos / 15.0% Bolsa),1333.3399125,484917.85942142253,746027.4760596274,686345.2779748573,-59682.19808477012,59682.19808477012,7.99999999999999
2026-09-29,29,2026-09-01,True,CARIBE_MAR,34026662.9,444446.6375,193658665.73,125878132.72,363.6866,377779.64,66667.0,85.0,15.0,Cubierta (85.0% Contratos / 15.0% Bolsa),1333.3399125,484917.85942142253,746027.4760596274,686345.2779748573,-59682.19808477012,59682.19808477012,7.99999999999999
2026-09-29,29,2026-09-01,True,CARIBE_SOL,26972737.95,444446.6375,193658665.73,125878132.72,363.6866,377779.64,66667.0,85.0,15.0,Cubierta (85.0% Contratos / 15.0% Bolsa),1333.3399125,484917.85942142253,746027.4760596274,686345.2779748573,-59682.19808477012,59682.19808477012,7.99999999999999
2026-09-29,29,2026-09-01,True,VALLE,21853933.35,444446.6375,193658665.73,125878132.72,363.6866,377779.64,66667.0,85.0,15.0,Cubierta (85.0% Contratos / 15.0% Bolsa),1333.3399125,484917.85942142253,746027.4760596274,686345.2779748573,-59682.19808477012,59682.19808477012,7.99999999999999
2026-09-29,29,2026-09-01,True,SANTANDER,17055661.42,444446.6375,193658665.73,125878132.72,363.6866,377779.64,66667.0,85.0,15.0,Cubierta (85.0% Contratos / 15.0% Bolsa),1333.3399125,484917.85942142253,746027.4760596274,686345.2779748573,-59682.19808477012,59682.19808477012,7.99999999999999
2026-09-29,29,2026-09-01,True,CUNDINAMARCA,11031950.47,444446.6375,193658665.73,125878132.72,363.6866,377779.64,66667.0,85.0,15.0,Cubierta (85.0% Contratos / 15.0% Bolsa),1333.3399125,484917.85942142253,746027.4760596274,686345.2779748573,-59682.19808477012,59682.19808477012,7.99999999999999
2026-09-29,29,2026-09-01,True,TOLIMA,9221383.44,444446.6375,193658665.73,125878132.72,363.6866,377779.64,66667.0,85.0,15.0,Cubierta (85.0% Contratos / 15.0% Bolsa),1333.3399125,484917.85942142253,746027.4760596274,686345.2779748573,-59682.19808477012,59682.19808477012,7.99999999999999
2026-09-30,30,2026-09-01,True,ANTIOQUIA,30421471.3,441868.25375,192535186.73,125147871.37,363.7969,375588.02,66280.24,85.0,15.0,Cubierta (85.0% Contratos / 15.0% Bolsa),1325.60476125,482250.9027679901,741924.4658235855,682570.5085576987,-59353.95726588683,59353.95726588683,7.999999999999999
2026-09-30,30,2026-09-01,True,BOGOTA,42335798.37,441868.25375,192535186.73,125147871.37,363.7969,375588.02,66280.24,85.0,15.0,Cubierta (85.0% Contratos / 15.0% Bolsa),1325.60476125,482250.9027679901,741924.4658235855,682570.5085576987,-59353.95726588683,59353.95726588683,7.999999999999999
2026-09-30,30,2026-09-01,True,CARIBE_MAR,33913584.93,441868.25375,192535186.73,125147871.37,363.7969,375588.02,66280.24,85.0,15.0,Cubierta (85.0% Contratos / 15.0% Bolsa),1325.60476125,482250.9027679901,741924.4658235855,682570.5085576987,-59353.95726588683,59353.95726588683,7.999999999999999
2026-09-30,30,2026-09-01,True,CARIBE_SOL,27005561.44,441868.25375,192535186.73,125147871.37,363.7969,375588.02,66280.24,85.0,15.0,Cubierta (85.0% Contratos / 15.0% Bolsa),1325.60476125,482250.9027679901,741924.4658235855,682570.5085576987,-59353.95726588683,59353.95726588683,7.999999999999999
2026-09-30,30,2026-09-01,True,VALLE,21743519.26,441868.25375,192535186.73,125147871.37,363.7969,375588.02,66280.24,85.0,15.0,Cubierta (85.0% Contratos / 15.0% Bolsa),1325.60476125,482250.9027679901,741924.4658235855,682570.5085576987,-59353.95726588683,59353.95726588683,7.999999999999999
2026-09-30,30,2026-09-01,True,SANTANDER,16960707.53,441868.25375,192535186.73,125147871.37,363.7969,375588.02,66280.24,85.0,15.0,Cubierta (85.0% Contratos / 15.0% Bolsa),1325.60476125,482250.9027679901,741924.4658235855,682570.5085576987,-59353.95726588683,59353.95726588683,7.999999999999999
2026-09-30,30,2026-09-01,True,CUNDINAMARCA,10991787.93,441868.25375,192535186.73,125147871.37,363.7969,375588.02,66280.24,85.0,15.0,Cubierta (85.0% Contratos / 15.0% Bolsa),1325.60476125,482250.9027679901,741924.4658235855,682570.5085576987,-59353.95726588683,59353.95726588683,7.999999999999999
2026-09-30,30,2026-09-01,True,TOLIMA,9162755.97,441868.25375,192535186.73,125147871.37,363.7969,375588.02,66280.24,85.0,15.0,Cubierta (85.0% Contratos / 15.0% Bolsa),1325.60476125,482250.9027679901,741924.4658235855,682570.5085576987,-59353.95726588683,59353.95726588683,7.999999999999999
2026-10-01,1,2026-10-01,True,ANTIOQUIA,30566005.27,445646.48875,194181476.33,126217959.61,363.9887,378799.52,66846.97,85.0,15.0,Cubierta (85.0% Contratos / 15.0% Bolsa),1336.9394662500001,486630.8582990314,748662.8589482786,688769.8302324163,-59893.02871586231,59893.02871586231,8.000000000000004
2026-10-01,1,2026-10-01,True,BOGOTA,43685170.07,445646.48875,194181476.33,126217959.61,363.9887,378799.52,66846.97,85.0,15.0,Cubierta (85.0% Contratos / 15.0% Bolsa),1336.9394662500001,486630.8582990314,748662.8589482786,688769.8302324163,-59893.02871586231,59893.02871586231,8.000000000000004
2026-10-01,1,2026-10-01,True,CARIBE_MAR,33993064.96,445646.48875,194181476.33,126217959.61,363.9887,378799.52,66846.97,85.0,15.0,Cubierta (85.0% Contratos / 15.0% Bolsa),1336.9394662500001,486630.8582990314,748662.8589482786,688769.8302324163,-59893.02871586231,59893.02871586231,8.000000000000004
2026-10-01,1,2026-10-01,True,CARIBE_SOL,26736047.07,445646.48875,194181476.33,126217959.61,363.9887,378799.52,66846.97,85.0,15.0,Cubierta (85.0% Contratos / 15.0% Bolsa),1336.9394662500001,486630.8582990314,748662.8589482786,688769.8302324163,-59893.02871586231,59893.02871586231,8.000000000000004
2026-10-01,1,2026-10-01,True,VALLE,22210896.03,445646.48875,194181476.33,126217959.61,363.9887,378799.52,66846.97,85.0,15.0,Cubierta (85.0% Contratos / 15.0% Bolsa),1336.9394662500001,486630.8582990314,748662.8589482786,688769.8302324163,-59893.02871586231,59893.02871586231,8.000000000000004
2026-10-01,1,2026-10-01,True,SANTANDER,16742234.52,445646.48875,194181476.33,126217959.61,363.9887,378799.52,66846.97,85.0,15.0,Cubierta (85.0% Contratos / 15.0% Bolsa),1336.9394662500001,486630.8582990314,748662.8589482786,688769.8302324163,-59893.02871586231,59893.02871586231,8.000000000000004
2026-10-01,1,2026-10-01,True,CUNDINAMARCA,10997925.15,445646.48875,194181476.33,126217959.61,363.9887,378799.52,66846.97,85.0,15.0,Cubierta (85.0% Contratos / 15.0% Bolsa),1336.9394662500001,486630.8582990314,748662.8589482786,688769.8302324163,-59893.02871586231,59893.02871586231,8.000000000000004
2026-10-01,1,2026-10-01,True,TOLIMA,9250133.26,445646.48875,194181476.33,126217959.61,363.9887,378799.52,66846.97,85.0,15.0,Cubierta (85.0% Contratos / 15.0% Bolsa),1336.9394662500001,486630.8582990314,748662.8589482786,688769.8302324163,-59893.02871586231,59893.02871586231,8.000000000000004
2026-10-02,2,2026-10-01,True,ANTIOQUIA,30449268.35,441740.81875,192479659.57000002,125111778.72,364.2612,375479.7,66261.12,85.0,15.0,Cubierta (85.0% Contratos / 15.0% Bolsa),1325.22245625,482727.1221805725,742657.1110500026,683244.5421660024,-59412.56888400018,59412.56888400018,7.9999999999999964
2026-10-02,2,2026-10-01,True,BOGOTA,42302816.21,441740.81875,192479659.57000002,125111778.72,364.2612,375479.7,66261.12,85.0,15.0,Cubierta (85.0% Contratos / 15.0% Bolsa),1325.22245625,482727.1221805725,742657.1110500026,683244.5421660024,-59412.56888400018,59412.56888400018,7.9999999999999964
2026-10-02,2,2026-10-01,True,CARIBE_MAR,34066682.68,441740.81875,192479659.57000002,125111778.72,364.2612,375479.7,66261.12,85.0,15.0,Cubierta (85.0% Contratos / 15.0% Bolsa),1325.22245625,482727.1221805725,742657.1110500026,683244.5421660024,-59412.56888400018,59412.56888400018,7.9999999999999964
2026-10-02,2,2026-10-01,True,CARIBE_SOL,26767674.43,441740.81875,192479659.57000002,125111778.72,364.2612,375479.7,66261.12,85.0,15.0,Cubierta (85.0% Contratos / 15.0% Bolsa),1325.22245625,482727.1221805725,742657.1110500026,683244.5421660024,-59412.56888400018,59412.56888400018,7.9999999999999964
2026-10-02,2,2026-10-01,True,VALLE,21916005.26,441740.81875,192479659.57000002,125111778.72,364.2612,375479.7,66261.12,85.0,15.0,Cubierta (85.0% Contratos / 15.0% Bolsa),1325.22245625,482727.1221805725,742657.1110500026,683244.5421660024,-59412.56888400018,59412.56888400018,7.9999999999999964
2026-10-02,2,2026-10-01,True,SANTANDER,17075081.62,441740.81875,192479659.57000002,125111778.72,364.2612,375479.7,66261.12,85.0,15.0,Cubierta (85.0% Contratos / 15.0% Bolsa),1325.22245625,482727.1221805725,742657.1110500026,683244.5421660024,-59412.56888400018,59412.56888400018,7.9999999999999964
2026-10-02,2,2026-10-01,True,CUNDINAMARCA,10891402.8,441740.81875,192479659.57000002,125111778.72,364.2612,375479.7,66261.12,85.0,15.0,Cubierta (85.0% Contratos / 15.0% Bolsa),1325.22245625,482727.1221805725,742657.1110500026,683244.5421660024,-59412.56888400018,59412.56888400018,7.9999999999999964
2026-10-02,2,2026-10-01,True,TOLIMA,9010728.22,441740.81875,192479659.57000002,125111778.72,364.2612,375479.7,66261.12,85.0,15.0,Cubierta (85.0% Contratos / 15.0% Bolsa),1325.22245625,482727.1221805725,742657.1110500026,683244.5421660024,-59412.56888400018,59412.56888400018,7.9999999999999964
2026-10-03,3,2026-10-01,True,ANTIOQUIA,25883105.85,314576.15875,162571658.04,105671577.73,364.6118,267389.73,47186.42,85.0,15.0,Cubierta (85.0% Contratos / 15.0% Bolsa),943.72847625,344094.53843676974,529376.2129596072,487026.1159228387,-42350.097036768566,42350.097036768566,7.999999999999997
2026-10-03,3,2026-10-01,True,BOGOTA,36012982.61,314576.15875,162571658.04,105671577.73,364.6118,267389.73,47186.42,85.0,15.0,Cubierta (85.0% Contratos / 15.0% Bolsa),943.72847625,344094.53843676974,529376.2129596072,487026.1159228387,-42350.097036768566,42350.097036768566,7.999999999999997
2026-10-03,3,2026-10-01,True,CARIBE_MAR,28591206.44,314576.15875,162571658.04,105671577.73,364.6118,267389.73,47186.42,85.0,15.0,Cubierta (85.0% Contratos / 15.0% Bolsa),943.72847625,344094.53843676974,529376.2129596072,487026.1159228387,-42350.097036768566,42350.097036768566,7.999999999999997
2026-10-03,3,2026-10-01,True,CARIBE_SOL,22551097.82,314576.15875,162571658.04,105671577.73,364.6118,267389.73,47186.42,85.0,15.0,Cubierta (85.0% Contratos / 15.0% Bolsa),943.72847625,344094.53843676974,529376.2129596072,487026.1159228387,-42350.097036768566,42350.097036768566,7.999999999999997
2026-10-03,3,2026-10-01,True,VALLE,18434915.32,314576.15875,162571658.04,105671577.73,364.6118,267389.73,47186.42,85.0,15.0,Cubierta (85.0% Contratos / 15.0% Bolsa),943.72847625,344094.53843676974,529376.2129596072,487026.1159228387,-42350.097036768566,42350.097036768566,7.999999999999997
2026-10-03,3,2026-10-01,True,SANTANDER,14199434.06,314576.15875,162571658.04,105671577.73,364.6118,267389.73,47186.42,85.0,15.0,Cubierta (85.0% Contratos / 15.0% Bolsa),943.72847625,344094.53843676974,529376.2129596072,487026.1159228387,-42350.097036768566,42350.097036768566,7.999999999999997
2026-10-03,3,2026-10-01,True,CUNDINAMARCA,9237323.5,314576.15875,162571658.04,105671577.73,364.6118,267389.73,47186.42,85.0,15.0,Cubierta (85.0% Contratos / 15.0% Bolsa),943.72847625,344094.53843676974,529376.2129596072,487026.1159228387,-42350.097036768566,42350.097036768566,7.999999999999997
2026-10-03,3,2026-10-01,True,TOLIMA,7661592.44,314576.15875,162571658.04,105671577.73,364.6118,267389.73,47186.42,85.0,15.0,Cubierta (85.0% Contratos / 15.0% Bolsa),943.72847625,344094.53843676974,529376.2129596072,487026.1159228387,-42350.097036768566,42350.097036768566,7.999999999999997
2026-10-04,4,2026-10-01,True,ANTIOQUIA,25896990.36,316545.8125,163589567.20000002,106333218.68,365.0365,269063.94,47481.87,85.0,15.0,Cubierta (85.0% Contratos / 15.0% Bolsa),949.6374375,346652.32645396877,533311.2714676443,490646.3697502327,-42664.90171741153,42664.90171741153,7.999999999999997
2026-10-04,4,2026-10-01,True,BOGOTA,36058970.12,316545.8125,163589567.20000002,106333218.68,365.0365,269063.94,47481.87,85.0,15.0,Cubierta (85.0% Contratos / 15.0% Bolsa),949.6374375,346652.32645396877,533311.2714676443,490646.3697502327,-42664.90171741153,42664.90171741153,7.999999999999997
2026-10-04,4,2026-10-01,True,CARIBE_MAR,28853620.67,316545.8125,163589567.20000002,106333218.68,365.0365,269063.94,47481.87,85.0,15.0,Cubierta (85.0% Contratos / 15.0% Bolsa),949.6374375,346652.32645396877,533311.2714676443,490646.3697502327,-42664.90171741153,42664.90171741153,7.999999999999997
2026-10-04,4,2026-10-01,True,CARIBE_SOL,22533596.65,316545.8125,163589567.20000002,106333218.68,365.0365,269063.94,47481.87,85.0,15.0,Cubierta (85.0% Contratos / 15.0% Bolsa),949.6374375,346652.32645396877,533311.2714676443,490646.3697502327,-42664.90171741153,42664.90171741153,7.999999999999997
2026-10-04,4,2026-10-01,True,VALLE,18644604.08,316545.8125,163589567.20000002,106333218.68,365.0365,269063.94,47481.87,85.0,15.0,Cubierta (85.0% Contratos / 15.0% Bolsa),949.6374375,346652.32645396877,533311.2714676443,490646.3697502327,-42664.90171741153,42664.90171741153,7.999999999999997
2026-10-04,4,2026-10-01,True,SANTANDER,14537060.17,316545.8125,163589567.20000002,106333218.68,365.0365,269063.94,47481.87,85.0,15.0,Cubierta (85.0% Contratos / 15.0% Bolsa),949.6374375,346652.32645396877,533311.2714676443,490646.3697502327,-42664.90171741153,42664.90171741153,7.999999999999997
2026-10-04,4,2026-10-01,True,CUNDINAMARCA,9308549.86,316545.8125,163589567.20000002,106333218.68,365.0365,269063.94,47481.87,85.0,15.0,Cubierta (85.0% Contratos / 15.0% Bolsa),949.6374375,346652.32645396877,533311.2714676443,490646.3697502327,-42664.90171741153,42664.90171741153,7.999999999999997
2026-10-04,4,2026-10-01,True,TOLIMA,7756175.29,316545.8125,163589567.20000002,106333218.68,365.0365,269063.94,47481.87,85.0,15.0,Cubierta (85.0% Contratos / 15.0% Bolsa),949.6374375,346652.32645396877,533311.2714676443,490646.3697502327,-42664.90171741153,42664.90171741153,7.999999999999997
2026-10-05,5,2026-10-01,True,ANTIOQUIA,30749297.23,443626.1475,193301153.79000002,125645749.96,365.5296,377082.23,66543.92,85.0,15.0,Cubierta (85.0% Contratos / 15.0% Bolsa),1330.8784425000001,486475.4647356481,748423.7919218452,688549.8885680976,-59873.90335374756,59873.90335374756,7.999999999999993
2026-10-05,5,2026-10-01,True,BOGOTA,41840705.81,443626.1475,193301153.79000002,125645749.96,365.5296,377082.23,66543.92,85.0,15.0,Cubierta (85.0% Contratos / 15.0% Bolsa),1330.8784425000001,486475.4647356481,748423.7919218452,688549.8885680976,-59873.90335374756,59873.90335374756,7.999999999999993
2026-10-05,5,2026-10-01,True,CARIBE_MAR,34303352.08,443626.1475,193301153.79000002,125645749.96,365.5296,377082.23,66543.92,85.0,15.0,Cubierta (85.0% Contratos / 15.0% Bolsa),1330.8784425000001,486475.4647356481,748423.7919218452,688549.8885680976,-59873.90335374756,59873.90335374756,7.999999999999993
2026-10-05,5,2026-10-01,True,CARIBE_SOL,26713016.75,443626.1475,193301153.79000002,125645749.96,365.5296,377082.23,66543.92,85.0,15.0,Cubierta (85.0% Contratos / 15.0% Bolsa),1330.8784425000001,486475.4647356481,748423.7919218452,688549.8885680976,-59873.90335374756,59873.90335374756,7.999999999999993
2026-10-05,5,2026-10-01,True,VALLE,22332010.69,443626.1475,193301153.79000002,125645749.96,365.5296,377082.23,66543.92,85.0,15.0,Cubierta (85.0% Contratos / 15.0% Bolsa),1330.8784425000001,486475.4647356481,748423.7919218452,688549.8885680976,-59873.90335374756,59873.90335374756,7.999999999999993
2026-10-05,5,2026-10-01,True,SANTANDER,17100517.69,443626.1475,193301153.79000002,125645749.96,365.5296,377082.23,66543.92,85.0,15.0,Cubierta (85.0% Contratos / 15.0% Bolsa),1330.8784425000001,486475.4647356481,748423.7919218452,688549.8885680976,-59873.90335374756,59873.90335374756,7.999999999999993
2026-10-05,5,2026-10-01,True,CUNDINAMARCA,11072466.49,443626.1475,193301153.79000002,125645749.96,365.5296,377082.23,66543.92,85.0,15.0,Cubierta (85.0% Contratos / 15.0% Bolsa),1330.8784425000001,486475.4647356481,748423.7919218452,688549.8885680976,-59873.90335374756,59873.90335374756,7.999999999999993
2026-10-05,5,2026-10-01,True,TOLIMA,9189787.05,443626.1475,193301153.79000002,125645749.96,365.5296,377082.23,66543.92,85.0,15.0,Cubierta (85.0% Contratos / 15.0% Bolsa),1330.8784425000001,486475.4647356481,748423.7919218452,688549.8885680976,-59873.90335374756,59873.90335374756,7.999999999999993
2026-10-06,6,2026-10-01,True,ANTIOQUIA,30682117.98,445139.73125,193960667.22,126074433.69,366.0842,378368.77,66770.96,85.0,15.0,Cubierta (85.0% Contratos / 15.0% Bolsa),1335.41919375,488875.8672086138,752116.7188003795,691947.3812963492,-60169.33750403032,60169.33750403032,7.999999999999995
2026-10-06,6,2026-10-01,True,BOGOTA,42818983.24,445139.73125,193960667.22,126074433.69,366.0842,378368.77,66770.96,85.0,15.0,Cubierta (85.0% Contratos / 15.0% Bolsa),1335.41919375,488875.8672086138,752116.7188003795,691947.3812963492,-60169.33750403032,60169.33750403032,7.999999999999995
2026-10-06,6,2026-10-01,True,CARIBE_MAR,34012630.74,445139.73125,193960667.22,126074433.69,366.0842,378368.77,66770.96,85.0,15.0,Cubierta (85.0% Contratos / 15.0% Bolsa),1335.41919375,488875.8672086138,752116.7188003795,691947.3812963492,-60169.33750403032,60169.33750403032,7.999999999999995
2026-10-06,6,2026-10-01,True,CARIBE_SOL,26981589.86,445139.73125,193960667.22,126074433.69,366.0842,378368.77,66770.96,85.0,15.0,Cubierta (85.0% Contratos / 15.0% Bolsa),1335.41919375,488875.8672086138,752116.7188003795,691947.3812963492,-60169.33750403032,60169.33750403032,7.999999999999995
2026-10-06,6,2026-10-01,True,VALLE,22350910.88,445139.73125,193960667.22,126074433.69,366.0842,378368.77,66770.96,85.0,15.0,Cubierta (85.0% Contratos / 15.0% Bolsa),1335.41919375,488875.8672086138,752116.7188003795,691947.3812963492,-60169.33750403032,60169.33750403032,7.999999999999995
2026-10-06,6,2026-10-01,True,SANTANDER,17033873.8,445139.73125,193960667.22,126074433.69,366.0842,378368.77,66770.96,85.0,15.0,Cubierta (85.0% Contratos / 15.0% Bolsa),1335.41919375,488875.8672086138,752116.7188003795,691947.3812963492,-60169.33750403032,60169.33750403032,7.999999999999995
2026-10-06,6,2026-10-01,True,CUNDINAMARCA,10957603.14,445139.73125,193960667.22,126074433.69,366.0842,378368.77,66770.96,85.0,15.0,Cubierta (85.0% Contratos / 15.0% Bolsa),1335.41919375,488875.8672086138,752116.7188003795,691947.3812963492,-60169.33750403032,60169.33750403032,7.999999999999995
2026-10-06,6,2026-10-01,True,TOLIMA,9122957.58,445139.73125,193960667.22,126074433.69,366.0842,378368.77,66770.96,85.0,15.0,Cubierta (85.0% Contratos / 15.0% Bolsa),1335.41919375,488875.8672086138,752116.7188003795,691947.3812963492,-60169.33750403032,60169.33750403032,7.999999999999995
2026-10-07,7,2026-10-01,True,ANTIOQUIA,30594741.02,445655.89875,194185576.83,126220624.94,366.6921,378807.51,66848.38,85.0,15.0,Cubierta (85.0% Contratos / 15.0% Bolsa),1336.96769625,490255.4921700746,754239.2187202041,693900.0812225877,-60339.13749761635,60339.13749761635,8.000000000000004
2026-10-07,7,2026-10-01,True,BOGOTA,42879156.01,445655.89875,194185576.83,126220624.94,366.6921,378807.51,66848.38,85.0,15.0,Cubierta (85.0% Contratos / 15.0% Bolsa),1336.96769625,490255.4921700746,754239.2187202041,693900.0812225877,-60339.13749761635,60339.13749761635,8.000000000000004
2026-10-07,7,2026-10-01,True,CARIBE_MAR,34255177.95,445655.89875,194185576.83,126220624.94,366.6921,378807.51,66848.38,85.0,15.0,Cubierta (85.0% Contratos / 15.0% Bolsa),1336.96769625,490255.4921700746,754239.2187202041,693900.0812225877,-60339.13749761635,60339.13749761635,8.000000000000004
2026-10-07,7,2026-10-01,True,CARIBE_SOL,27188844.9,445655.89875,194185576.83,126220624.94,366.6921,378807.51,66848.38,85.0,15.0,Cubierta (85.0% Contratos / 15.0% Bolsa),1336.96769625,490255.4921700746,754239.2187202041,693900.0812225877,-60339.13749761635,60339.13749761635,8.000000000000004
2026-10-07,7,2026-10-01,True,VALLE,21895579.42,445655.89875,194185576.83,126220624.94,366.6921,378807.51,66848.38,85.0,15.0,Cubierta (85.0% Contratos / 15.0% Bolsa),1336.96769625,490255.4921700746,754239.2187202041,693900.0812225877,-60339.13749761635,60339.13749761635,8.000000000000004
2026-10-07,7,2026-10-01,True,SANTANDER,17158816.76,445655.89875,194185576.83,126220624.94,366.6921,378807.51,66848.38,85.0,15.0,Cubierta (85.0% Contratos / 15.0% Bolsa),1336.96769625,490255.4921700746,754239.2187202041,693900.0812225877,-60339.13749761635,60339.13749761635,8.000000000000004
2026-10-07,7,2026-10-01,True,CUNDINAMARCA,11044680.25,445655.89875,194185576.83,126220624.94,366.6921,378807.51,66848.38,85.0,15.0,Cubierta (85.0% Contratos / 15.0% Bolsa),1336.96769625,490255.4921700746,754239.2187202041,693900.0812225877,-60339.13749761635,60339.13749761635,8.000000000000004
2026-10-07,7,2026-10-01,True,TOLIMA,9168580.52,445655.89875,194185576.83,126220624.94,366.6921,378807.51,66848.38,85.0,15.0,Cubierta (85.0% Contratos / 15.0% Bolsa),1336.96769625,490255.4921700746,754239.2187202041,693900.0812225877,-60339.13749761635,60339.13749761635,8.000000000000004
2026-10-08,8,2026-10-01,True,ANTIOQUIA,30744825.62,444694.13125,193766505.85999998,125948228.81,367.3438,377990.01,66704.12,85.0,15.0,Cubierta (85.0% Contratos / 15.0% Bolsa),1334.08239375,490066.8960332212,753949.0708143541,693633.1451492058,-60315.9256651483,60315.9256651483,7.9999999999999964
2026-10-08,8,2026-10-01,True,BOGOTA,42881194.02,444694.13125,193766505.85999998,125948228.81,367.3438,377990.01,66704.12,85.0,15.0,Cubierta (85.0% Contratos / 15.0% Bolsa),1334.08239375,490066.8960332212,753949.0708143541,693633.1451492058,-60315.9256651483,60315.9256651483,7.9999999999999964
2026-10-08,8,2026-10-01,True,CARIBE_MAR,34234190.34,444694.13125,193766505.85999998,125948228.81,367.3438,377990.01,66704.12,85.0,15.0,Cubierta (85.0% Contratos / 15.0% Bolsa),1334.08239375,490066.8960332212,753949.0708143541,693633.1451492058,-60315.9256651483,60315.9256651483,7.9999999999999964
2026-10-08,8,2026-10-01,True,CARIBE_SOL,26982295.97,444694.13125,193766505.85999998,125948228.81,367.3438,377990.01,66704.12,85.0,15.0,Cubierta (85.0% Contratos / 15.0% Bolsa),1334.08239375,490066.8960332212,753949.0708143541,693633.1451492058,-60315.9256651483,60315.9256651483,7.9999999999999964
2026-10-08,8,2026-10-01,True,VALLE,21987847.38,444694.13125,193766505.85999998,125948228.81,367.3438,377990.01,66704.12,85.0,15.0,Cubierta (85.0% Contratos / 15.0% Bolsa),1334.08239375,490066.8960332212,753949.0708143541,693633.1451492058,-60315.9256651483,60315.9256651483,7.9999999999999964
2026-10-08,8,2026-10-01,True,SANTANDER,16855117.56,444694.13125,193766505.85999998,125948228.81,367.3438,377990.01,66704.12,85.0,15.0,Cubierta (85.0% Contratos / 15.0% Bolsa),1334.08239375,490066.8960332212,753949.0708143541,693633.1451492058,-60315.9256651483,60315.9256651483,7.9999999999999964
2026-10-08,8,2026-10-01,True,CUNDINAMARCA,11065428.81,444694.13125,193766505.85999998,125948228.81,367.3438,377990.01,66704.12,85.0,15.0,Cubierta (85.0% Contratos / 15.0% Bolsa),1334.08239375,490066.8960332212,753949.0708143541,693633.1451492058,-60315.9256651483,60315.9256651483,7.9999999999999964
2026-10-08,8,2026-10-01,True,TOLIMA,9015606.16,444694.13125,193766505.85999998,125948228.81,367.3438,377990.01,66704.12,85.0,15.0,Cubierta (85.0% Contratos / 15.0% Bolsa),1334.08239375,490066.8960332212,753949.0708143541,693633.1451492058,-60315.9256651483,60315.9256651483,7.9999999999999964
2026-10-09,9,2026-10-01,True,ANTIOQUIA,30702282.63,446405.70625,194512290.39000002,126432988.75,368.0292,379444.85,66960.86,85.0,15.0,Cubierta (85.0% Contratos / 15.0% Bolsa),1339.21711875,492871.0048398675,758263.0843900177,697602.0376388163,-60661.046751201386,60661.046751201386,7.9999999999999964
2026-10-09,9,2026-10-01,True,BOGOTA,43056679.06,446405.70625,194512290.39000002,126432988.75,368.0292,379444.85,66960.86,85.0,15.0,Cubierta (85.0% Contratos / 15.0% Bolsa),1339.21711875,492871.0048398675,758263.0843900177,697602.0376388163,-60661.046751201386,60661.046751201386,7.9999999999999964
2026-10-09,9,2026-10-01,True,CARIBE_MAR,34088436.84,446405.70625,194512290.39000002,126432988.75,368.0292,379444.85,66960.86,85.0,15.0,Cubierta (85.0% Contratos / 15.0% Bolsa),1339.21711875,492871.0048398675,758263.0843900177,697602.0376388163,-60661.046751201386,60661.046751201386,7.9999999999999964
2026-10-09,9,2026-10-01,True,CARIBE_SOL,27284375.2,446405.70625,194512290.39000002,126432988.75,368.0292,379444.85,66960.86,85.0,15.0,Cubierta (85.0% Contratos / 15.0% Bolsa),1339.21711875,492871.0048398675,758263.0843900177,697602.0376388163,-60661.046751201386,60661.046751201386,7.9999999999999964
2026-10-09,9,2026-10-01,True,VALLE,22005369.9,446405.70625,194512290.39000002,126432988.75,368.0292,379444.85,66960.86,85.0,15.0,Cubierta (85.0% Contratos / 15.0% Bolsa),1339.21711875,492871.0048398675,758263.0843900177,697602.0376388163,-60661.046751201386,60661.046751201386,7.9999999999999964
2026-10-09,9,2026-10-01,True,SANTANDER,17134723.21,446405.70625,194512290.39000002,126432988.75,368.0292,379444.85,66960.86,85.0,15.0,Cubierta (85.0% Contratos / 15.0% Bolsa),1339.21711875,492871.0048398675,758263.0843900177,697602.0376388163,-60661.046751201386,60661.046751201386,7.9999999999999964
2026-10-09,9,2026-10-01,True,CUNDINAMARCA,11014366.21,446405.70625,194512290.39000002,126432988.75,368.0292,379444.85,66960.86,85.0,15.0,Cubierta (85.0% Contratos / 15.0% Bolsa),1339.21711875,492871.0048398675,758263.0843900177,697602.0376388163,-60661.046751201386,60661.046751201386,7.9999999999999964
2026-10-09,9,2026-10-01,True,TOLIMA,9226057.34,446405.70625,194512290.39000002,126432988.75,368.0292,379444.85,66960.86,85.0,15.0,Cubierta (85.0% Contratos / 15.0% Bolsa),1339.21711875,492871.0048398675,758263.0843900177,697602.0376388163,-60661.046751201386,60661.046751201386,7.9999999999999964
2026-10-10,10,2026-10-01,True,ANTIOQUIA,25979686.55,316082.91375,163350342.75,106177722.79,368.7374,268670.48,47412.44,85.0,15.0,Cubierta (85.0% Contratos / 15.0% Bolsa),948.2487412500001,349654.7754017978,537930.4236824076,494895.989787815,-43034.43389459257,43034.43389459257,7.999999999999993
2026-10-10,10,2026-10-01,True,BOGOTA,36594794.71,316082.91375,163350342.75,106177722.79,368.7374,268670.48,47412.44,85.0,15.0,Cubierta (85.0% Contratos / 15.0% Bolsa),948.2487412500001,349654.7754017978,537930.4236824076,494895.989787815,-43034.43389459257,43034.43389459257,7.999999999999993
2026-10-10,10,2026-10-01,True,CARIBE_MAR,28410898.37,316082.91375,163350342.75,106177722.79,368.7374,268670.48,47412.44,85.0,15.0,Cubierta (85.0% Contratos / 15.0% Bolsa),948.2487412500001,349654.7754017978,537930.4236824076,494895.989787815,-43034.43389459257,43034.43389459257,7.999999999999993
2026-10-10,10,2026-10-01,True,CARIBE_SOL,22500172.56,316082.91375,163350342.75,106177722.79,368.7374,268670.48,47412.44,85.0,15.0,Cubierta (85.0% Contratos / 15.0% Bolsa),948.2487412500001,349654.7754017978,537930.4236824076,494895.989787815,-43034.43389459257,43034.43389459257,7.999999999999993
2026-10-10,10,2026-10-01,True,VALLE,18494475.84,316082.91375,163350342.75,106177722.79,368.7374,268670.48,47412.44,85.0,15.0,Cubierta (85.0% Contratos / 15.0% Bolsa),948.2487412500001,349654.7754017978,537930.4236824076,494895.989787815,-43034.43389459257,43034.43389459257,7.999999999999993
2026-10-10,10,2026-10-01,True,SANTANDER,14526037.81,316082.91375,163350342.75,106177722.79,368.7374,268670.48,47412.44,85.0,15.0,Cubierta (85.0% Contratos / 15.0% Bolsa),948.2487412500001,349654.7754017978,537930.4236824076,494895.989787815,-43034.43389459257,43034.43389459257,7.999999999999993
2026-10-10,10,2026-10-01,True,CUNDINAMARCA,9216796.46,316082.91375,163350342.75,106177722.79,368.7374,268670.48,47412.44,85.0,15.0,Cubierta (85.0% Contratos / 15.0% Bolsa),948.2487412500001,349654.7754017978,537930.4236824076,494895.989787815,-43034.43389459257,43034.43389459257,7.999999999999993
2026-10-10,10,2026-10-01,True,TOLIMA,7627480.45,316082.91375,163350342.75,106177722.79,368.7374,268670.48,47412.44,85.0,15.0,Cubierta (85.0% Contratos / 15.0% Bolsa),948.2487412500001,349654.7754017978,537930.4236824076,494895.989787815,-43034.43389459257,43034.43389459257,7.999999999999993
2026-10-11,11,2026-10-01,True,ANTIOQUIA,25916076.11,317831.52375,164254017.22,106765111.19,369.457,270156.8,47674.73,85.0,15.0,Cubierta (85.0% Contratos / 15.0% Bolsa),953.49457125,352275.24381031125,541961.9135695536,498604.9604839894,-43356.95308556425,43356.95308556425,7.999999999999993
2026-10-11,11,2026-10-01,True,BOGOTA,36115634.46,317831.52375,164254017.22,106765111.19,369.457,270156.8,47674.73,85.0,15.0,Cubierta (85.0% Contratos / 15.0% Bolsa),953.49457125,352275.24381031125,541961.9135695536,498604.9604839894,-43356.95308556425,43356.95308556425,7.999999999999993
2026-10-11,11,2026-10-01,True,CARIBE_MAR,28850879.41,317831.52375,164254017.22,106765111.19,369.457,270156.8,47674.73,85.0,15.0,Cubierta (85.0% Contratos / 15.0% Bolsa),953.49457125,352275.24381031125,541961.9135695536,498604.9604839894,-43356.95308556425,43356.95308556425,7.999999999999993
2026-10-11,11,2026-10-01,True,CARIBE_SOL,22984159.37,317831.52375,164254017.22,106765111.19,369.457,270156.8,47674.73,85.0,15.0,Cubierta (85.0% Contratos / 15.0% Bolsa),953.49457125,352275.24381031125,541961.9135695536,498604.9604839894,-43356.95308556425,43356.95308556425,7.999999999999993
2026-10-11,11,2026-10-01,True,VALLE,18663034.3,317831.52375,164254017.22,106765111.19,369.457,270156.8,47674.73,85.0,15.0,Cubierta (85.0% Contratos / 15.0% Bolsa),953.49457125,352275.24381031125,541961.9135695536,498604.9604839894,-43356.95308556425,43356.95308556425,7.999999999999993
2026-10-11,11,2026-10-01,True,SANTANDER,14517278.34,317831.52375,164254017.22,106765111.19,369.457,270156.8,47674.73,85.0,15.0,Cubierta (85.0% Contratos / 15.0% Bolsa),953.49457125,352275.24381031125,541961.9135695536,498604.9604839894,-43356.95308556425,43356.95308556425,7.999999999999993
2026-10-11,11,2026-10-01,True,CUNDINAMARCA,9370285.23,317831.52375,164254017.22,106765111.19,369.457,270156.8,47674.73,85.0,15.0,Cubierta (85.0% Contratos / 15.0% Bolsa),953.49457125,352275.24381031125,541961.9135695536,498604.9604839894,-43356.95308556425,43356.95308556425,7.999999999999993
2026-10-11,11,2026-10-01,True,TOLIMA,7836670.0,317831.52375,164254017.22,106765111.19,369.457,270156.8,47674.73,85.0,15.0,Cubierta (85.0% Contratos / 15.0% Bolsa),953.49457125,352275.24381031125,541961.9135695536,498604.9604839894,-43356.95308556425,43356.95308556425,7.999999999999993
2026-10-12,12,2026-10-01,True,ANTIOQUIA,30187138.9,447754.99875,195100217.17000002,126815141.16,370.1764,380591.75,67163.25,85.0,15.0,Cubierta (85.0% Contratos / 15.0% Bolsa),1343.2649962500002,497245.0005578386,764992.3085535371,703792.9238692542,-61199.38468428294,61199.38468428294,7.9999999999999964
2026-10-12,12,2026-10-01,True,BOGOTA,43449227.77,447754.99875,195100217.17000002,126815141.16,370.1764,380591.75,67163.25,85.0,15.0,Cubierta (85.0% Contratos / 15.0% Bolsa),1343.2649962500002,497245.0005578386,764992.3085535371,703792.9238692542,-61199.38468428294,61199.38468428294,7.9999999999999964
2026-10-12,12,2026-10-01,True,CARIBE_MAR,34560630.78,447754.99875,195100217.17000002,126815141.16,370.1764,380591.75,67163.25,85.0,15.0,Cubierta (85.0% Contratos / 15.0% Bolsa),1343.2649962500002,497245.0005578386,764992.3085535371,703792.9238692542,-61199.38468428294,61199.38468428294,7.9999999999999964
2026-10-12,12,2026-10-01,True,CARIBE_SOL,27210581.26,447754.99875,195100217.17000002,126815141.16,370.1764,380591.75,67163.25,85.0,15.0,Cubierta (85.0% Contratos / 15.0% Bolsa),1343.2649962500002,497245.0005578386,764992.3085535371,703792.9238692542,-61199.38468428294,61199.38468428294,7.9999999999999964
2026-10-12,12,2026-10-01,True,VALLE,22250464.16,447754.99875,195100217.17000002,126815141.16,370.1764,380591.75,67163.25,85.0,15.0,Cubierta (85.0% Contratos / 15.0% Bolsa),1343.2649962500002,497245.0005578386,764992.3085535371,703792.9238692542,-61199.38468428294,61199.38468428294,7.9999999999999964
2026-10-12,12,2026-10-01,True,SANTANDER,17226544.28,447754.99875,195100217.17000002,126815141.16,370.1764,380591.75,67163.25,85.0,15.0,Cubierta (85.0% Contratos / 15.0% Bolsa),1343.2649962500002,497245.0005578386,764992.3085535371,703792.9238692542,-61199.38468428294,61199.38468428294,7.9999999999999964
2026-10-12,12,2026-10-01,True,CUNDINAMARCA,11067362.27,447754.99875,195100217.17000002,126815141.16,370.1764,380591.75,67163.25,85.0,15.0,Cubierta (85.0% Contratos / 15.0% Bolsa),1343.2649962500002,497245.0005578386,764992.3085535371,703792.9238692542,-61199.38468428294,61199.38468428294,7.9999999999999964
2026-10-12,12,2026-10-01,True,TOLIMA,9148267.75,447754.99875,195100217.17000002,126815141.16,370.1764,380591.75,67163.25,85.0,15.0,Cubierta (85.0% Contratos / 15.0% Bolsa),1343.2649962500002,497245.0005578386,764992.3085535371,703792.9238692542,-61199.38468428294,61199.38468428294,7.9999999999999964
2026-10-13,13,2026-10-01,True,ANTIOQUIA,30725680.61,446302.98125,194467529.79,126403894.36,370.884,379357.53,66945.45,85.0,15.0,Cubierta (85.0% Contratos / 15.0% Bolsa),1338.9089437500002,496579.90469377505,763969.0841654227,702851.5574321889,-61117.526733233826,61117.526733233826,8.000000000000002
2026-10-13,13,2026-10-01,True,BOGOTA,43151272.53,446302.98125,194467529.79,126403894.36,370.884,379357.53,66945.45,85.0,15.0,Cubierta (85.0% Contratos / 15.0% Bolsa),1338.9089437500002,496579.90469377505,763969.0841654227,702851.5574321889,-61117.526733233826,61117.526733233826,8.000000000000002
2026-10-13,13,2026-10-01,True,CARIBE_MAR,34498151.15,446302.98125,194467529.79,126403894.36,370.884,379357.53,66945.45,85.0,15.0,Cubierta (85.0% Contratos / 15.0% Bolsa),1338.9089437500002,496579.90469377505,763969.0841654227,702851.5574321889,-61117.526733233826,61117.526733233826,8.000000000000002
2026-10-13,13,2026-10-01,True,CARIBE_SOL,26869557.53,446302.98125,194467529.79,126403894.36,370.884,379357.53,66945.45,85.0,15.0,Cubierta (85.0% Contratos / 15.0% Bolsa),1338.9089437500002,496579.90469377505,763969.0841654227,702851.5574321889,-61117.526733233826,61117.526733233826,8.000000000000002
2026-10-13,13,2026-10-01,True,VALLE,21960115.08,446302.98125,194467529.79,126403894.36,370.884,379357.53,66945.45,85.0,15.0,Cubierta (85.0% Contratos / 15.0% Bolsa),1338.9089437500002,496579.90469377505,763969.0841654227,702851.5574321889,-61117.526733233826,61117.526733233826,8.000000000000002
2026-10-13,13,2026-10-01,True,SANTANDER,16938637.03,446302.98125,194467529.79,126403894.36,370.884,379357.53,66945.45,85.0,15.0,Cubierta (85.0% Contratos / 15.0% Bolsa),1338.9089437500002,496579.90469377505,763969.0841654227,702851.5574321889,-61117.526733233826,61117.526733233826,8.000000000000002
2026-10-13,13,2026-10-01,True,CUNDINAMARCA,11090704.81,446302.98125,194467529.79,126403894.36,370.884,379357.53,66945.45,85.0,15.0,Cubierta (85.0% Contratos / 15.0% Bolsa),1338.9089437500002,496579.90469377505,763969.0841654227,702851.5574321889,-61117.526733233826,61117.526733233826,8.000000000000002
2026-10-13,13,2026-10-01,True,TOLIMA,9233411.05,446302.98125,194467529.79,126403894.36,370.884,379357.53,66945.45,85.0,15.0,Cubierta (85.0% Contratos / 15.0% Bolsa),1338.9089437500002,496579.90469377505,763969.0841654227,702851.5574321889,-61117.526733233826,61117.526733233826,8.000000000000002
2026-10-14,14,2026-10-01,True,ANTIOQUIA,30691351.87,446230.515,194435954.27999997,126383370.28,371.5684,379295.94,66934.58,85.0,15.0,Cubierta (85.0% Contratos / 15.0% Bolsa),1338.6915450000001,497415.47546917805,765254.5776569992,704034.2114444394,-61220.366212559864,61220.366212559864,7.99999999999999
2026-10-14,14,2026-10-01,True,BOGOTA,43211878.68,446230.515,194435954.27999997,126383370.28,371.5684,379295.94,66934.58,85.0,15.0,Cubierta (85.0% Contratos / 15.0% Bolsa),1338.6915450000001,497415.47546917805,765254.5776569992,704034.2114444394,-61220.366212559864,61220.366212559864,7.99999999999999
2026-10-14,14,2026-10-01,True,CARIBE_MAR,34182464.8,446230.515,194435954.27999997,126383370.28,371.5684,379295.94,66934.58,85.0,15.0,Cubierta (85.0% Contratos / 15.0% Bolsa),1338.6915450000001,497415.47546917805,765254.5776569992,704034.2114444394,-61220.366212559864,61220.366212559864,7.99999999999999
2026-10-14,14,2026-10-01,True,CARIBE_SOL,27071652.26,446230.515,194435954.27999997,126383370.28,371.5684,379295.94,66934.58,85.0,15.0,Cubierta (85.0% Contratos / 15.0% Bolsa),1338.6915450000001,497415.47546917805,765254.5776569992,704034.2114444394,-61220.366212559864,61220.366212559864,7.99999999999999
2026-10-14,14,2026-10-01,True,VALLE,21901250.25,446230.515,194435954.27999997,126383370.28,371.5684,379295.94,66934.58,85.0,15.0,Cubierta (85.0% Contratos / 15.0% Bolsa),1338.6915450000001,497415.47546917805,765254.5776569992,704034.2114444394,-61220.366212559864,61220.366212559864,7.99999999999999
2026-10-14,14,2026-10-01,True,SANTANDER,17069900.98,446230.515,194435954.27999997,126383370.28,371.5684,379295.94,66934.58,85.0,15.0,Cubierta (85.0% Contratos / 15.0% Bolsa),1338.6915450000001,497415.47546917805,765254.5776569992,704034.2114444394,-61220.366212559864,61220.366212559864,7.99999999999999
2026-10-14,14,2026-10-01,True,CUNDINAMARCA,11080255.08,446230.515,194435954.27999997,126383370.28,371.5684,379295.94,66934.58,85.0,15.0,Cubierta (85.0% Contratos / 15.0% Bolsa),1338.6915450000001,497415.47546917805,765254.5776569992,704034.2114444394,-61220.366212559864,61220.366212559864,7.99999999999999
2026-10-14,14,2026-10-01,True,TOLIMA,9227200.36,446230.515,194435954.27999997,126383370.28,371.5684,379295.94,66934.58,85.0,15.0,Cubierta (85.0% Contratos / 15.0% Bolsa),1338.6915450000001,497415.47546917805,765254.5776569992,704034.2114444394,-61220.366212559864,61220.366212559864,7.99999999999999
2026-10-15,15,2026-10-01,True,ANTIOQUIA,30529176.67,443206.03875,193118099.64,125526764.77,372.2187,376725.13,66480.91,85.0,15.0,Cubierta (85.0% Contratos / 15.0% Bolsa),1329.61811625,494908.7267270239,761398.0410942358,700486.197806697,-60911.84328753885,60911.84328753885,7.999999999999999
2026-10-15,15,2026-10-01,True,BOGOTA,42314060.12,443206.03875,193118099.64,125526764.77,372.2187,376725.13,66480.91,85.0,15.0,Cubierta (85.0% Contratos / 15.0% Bolsa),1329.61811625,494908.7267270239,761398.0410942358,700486.197806697,-60911.84328753885,60911.84328753885,7.999999999999999
2026-10-15,15,2026-10-01,True,CARIBE_MAR,34339633.81,443206.03875,193118099.64,125526764.77,372.2187,376725.13,66480.91,85.0,15.0,Cubierta (85.0% Contratos / 15.0% Bolsa),1329.61811625,494908.7267270239,761398.0410942358,700486.197806697,-60911.84328753885,60911.84328753885,7.999999999999999
2026-10-15,15,2026-10-01,True,CARIBE_SOL,26710062.02,443206.03875,193118099.64,125526764.77,372.2187,376725.13,66480.91,85.0,15.0,Cubierta (85.0% Contratos / 15.0% Bolsa),1329.61811625,494908.7267270239,761398.0410942358,700486.197806697,-60911.84328753885,60911.84328753885,7.999999999999999
2026-10-15,15,2026-10-01,True,VALLE,22141452.02,443206.03875,193118099.64,125526764.77,372.2187,376725.13,66480.91,85.0,15.0,Cubierta (85.0% Contratos / 15.0% Bolsa),1329.61811625,494908.7267270239,761398.0410942358,700486.197806697,-60911.84328753885,60911.84328753885,7.999999999999999
2026-10-15,15,2026-10-01,True,SANTANDER,17062090.51,443206.03875,193118099.64,125526764.77,372.2187,376725.13,66480.91,85.0,15.0,Cubierta (85.0% Contratos / 15.0% Bolsa),1329.61811625,494908.7267270239,761398.0410942358,700486.197806697,-60911.84328753885,60911.84328753885,7.999999999999999
2026-10-15,15,2026-10-01,True,CUNDINAMARCA,10943938.24,443206.03875,193118099.64,125526764.77,372.2187,376725.13,66480.91,85.0,15.0,Cubierta (85.0% Contratos / 15.0% Bolsa),1329.61811625,494908.7267270239,761398.0410942358,700486.197806697,-60911.84328753885,60911.84328753885,7.999999999999999
2026-10-15,15,2026-10-01,True,TOLIMA,9077686.25,443206.03875,193118099.64,125526764.77,372.2187,376725.13,66480.91,85.0,15.0,Cubierta (85.0% Contratos / 15.0% Bolsa),1329.61811625,494908.7267270239,761398.0410942358,700486.197806697,-60911.84328753885,60911.84328753885,7.999999999999999
2026-10-16,16,2026-10-01,True,ANTIOQUIA,30476797.95,446054.4175,194359223.17,126333495.06,372.8248,379146.25,66908.16,85.0,15.0,Cubierta (85.0% Contratos / 15.0% Bolsa),1338.1632525,498900.446980662,767539.149204056,706136.0172677316,-61403.13193632441,61403.13193632441,7.99999999999999
2026-10-16,16,2026-10-01,True,BOGOTA,42867710.6,446054.4175,194359223.17,126333495.06,372.8248,379146.25,66908.16,85.0,15.0,Cubierta (85.0% Contratos / 15.0% Bolsa),1338.1632525,498900.446980662,767539.149204056,706136.0172677316,-61403.13193632441,61403.13193632441,7.99999999999999
2026-10-16,16,2026-10-01,True,CARIBE_MAR,34900137.25,446054.4175,194359223.17,126333495.06,372.8248,379146.25,66908.16,85.0,15.0,Cubierta (85.0% Contratos / 15.0% Bolsa),1338.1632525,498900.446980662,767539.149204056,706136.0172677316,-61403.13193632441,61403.13193632441,7.99999999999999
2026-10-16,16,2026-10-01,True,CARIBE_SOL,26941399.73,446054.4175,194359223.17,126333495.06,372.8248,379146.25,66908.16,85.0,15.0,Cubierta (85.0% Contratos / 15.0% Bolsa),1338.1632525,498900.446980662,767539.149204056,706136.0172677316,-61403.13193632441,61403.13193632441,7.99999999999999
2026-10-16,16,2026-10-01,True,VALLE,21912923.29,446054.4175,194359223.17,126333495.06,372.8248,379146.25,66908.16,85.0,15.0,Cubierta (85.0% Contratos / 15.0% Bolsa),1338.1632525,498900.446980662,767539.149204056,706136.0172677316,-61403.13193632441,61403.13193632441,7.99999999999999
2026-10-16,16,2026-10-01,True,SANTANDER,17036006.18,446054.4175,194359223.17,126333495.06,372.8248,379146.25,66908.16,85.0,15.0,Cubierta (85.0% Contratos / 15.0% Bolsa),1338.1632525,498900.446980662,767539.149204056,706136.0172677316,-61403.13193632441,61403.13193632441,7.99999999999999
2026-10-16,16,2026-10-01,True,CUNDINAMARCA,10993798.32,446054.4175,194359223.17,126333495.06,372.8248,379146.25,66908.16,85.0,15.0,Cubierta (85.0% Contratos / 15.0% Bolsa),1338.1632525,498900.446980662,767539.149204056,706136.0172677316,-61403.13193632441,61403.13193632441,7.99999999999999
2026-10-16,16,2026-10-01,True,TOLIMA,9230449.85,446054.4175,194359223.17,126333495.06,372.8248,379146.25,66908.16,85.0,15.0,Cubierta (85.0% Contratos / 15.0% Bolsa),1338.1632525,498900.446980662,767539.149204056,706136.0172677316,-61403.13193632441,61403.13193632441,7.99999999999999
2026-10-17,17,2026-10-01,True,ANTIOQUIA,25730351.24,318151.5525,164419407.01000002,106872614.56,373.3774,270428.82,47722.73,85.0,15.0,Cubierta (85.0% Contratos / 15.0% Bolsa),954.4546574999999,356371.7984352405,548264.3052670303,504403.1608456679,-43861.144421362376,43861.144421362376,7.999999999999992
2026-10-17,17,2026-10-01,True,BOGOTA,36115682.12,318151.5525,164419407.01000002,106872614.56,373.3774,270428.82,47722.73,85.0,15.0,Cubierta (85.0% Contratos / 15.0% Bolsa),954.4546574999999,356371.7984352405,548264.3052670303,504403.1608456679,-43861.144421362376,43861.144421362376,7.999999999999992
2026-10-17,17,2026-10-01,True,CARIBE_MAR,29061432.55,318151.5525,164419407.01000002,106872614.56,373.3774,270428.82,47722.73,85.0,15.0,Cubierta (85.0% Contratos / 15.0% Bolsa),954.4546574999999,356371.7984352405,548264.3052670303,504403.1608456679,-43861.144421362376,43861.144421362376,7.999999999999992
2026-10-17,17,2026-10-01,True,CARIBE_SOL,22944936.54,318151.5525,164419407.01000002,106872614.56,373.3774,270428.82,47722.73,85.0,15.0,Cubierta (85.0% Contratos / 15.0% Bolsa),954.4546574999999,356371.7984352405,548264.3052670303,504403.1608456679,-43861.144421362376,43861.144421362376,7.999999999999992
2026-10-17,17,2026-10-01,True,VALLE,18864602.28,318151.5525,164419407.01000002,106872614.56,373.3774,270428.82,47722.73,85.0,15.0,Cubierta (85.0% Contratos / 15.0% Bolsa),954.4546574999999,356371.7984352405,548264.3052670303,504403.1608456679,-43861.144421362376,43861.144421362376,7.999999999999992
2026-10-17,17,2026-10-01,True,SANTANDER,14441371.89,318151.5525,164419407.01000002,106872614.56,373.3774,270428.82,47722.73,85.0,15.0,Cubierta (85.0% Contratos / 15.0% Bolsa),954.4546574999999,356371.7984352405,548264.3052670303,504403.1608456679,-43861.144421362376,43861.144421362376,7.999999999999992
2026-10-17,17,2026-10-01,True,CUNDINAMARCA,9423812.12,318151.5525,164419407.01000002,106872614.56,373.3774,270428.82,47722.73,85.0,15.0,Cubierta (85.0% Contratos / 15.0% Bolsa),954.4546574999999,356371.7984352405,548264.3052670303,504403.1608456679,-43861.144421362376,43861.144421362376,7.999999999999992
2026-10-17,17,2026-10-01,True,TOLIMA,7837218.27,318151.5525,164419407.01000002,106872614.56,373.3774,270428.82,47722.73,85.0,15.0,Cubierta (85.0% Contratos / 15.0% Bolsa),954.4546574999999,356371.7984352405,548264.3052670303,504403.1608456679,-43861.144421362376,43861.144421362376,7.999999999999992
2026-10-18,18,2026-10-01,True,ANTIOQUIA,25881745.24,316275.885,163450070.08,106242545.55,373.8682,268834.5,47441.38,85.0,15.0,Cubierta (85.0% Contratos / 15.0% Bolsa),948.827655,354736.487485071,545748.4422949983,502088.5669113985,-43659.875383599836,43659.875383599836,7.999999999999995
2026-10-18,18,2026-10-01,True,BOGOTA,36036806.23,316275.885,163450070.08,106242545.55,373.8682,268834.5,47441.38,85.0,15.0,Cubierta (85.0% Contratos / 15.0% Bolsa),948.827655,354736.487485071,545748.4422949983,502088.5669113985,-43659.875383599836,43659.875383599836,7.999999999999995
2026-10-18,18,2026-10-01,True,CARIBE_MAR,28636352.06,316275.885,163450070.08,106242545.55,373.8682,268834.5,47441.38,85.0,15.0,Cubierta (85.0% Contratos / 15.0% Bolsa),948.827655,354736.487485071,545748.4422949983,502088.5669113985,-43659.875383599836,43659.875383599836,7.999999999999995
2026-10-18,18,2026-10-01,True,CARIBE_SOL,22858776.92,316275.885,163450070.08,106242545.55,373.8682,268834.5,47441.38,85.0,15.0,Cubierta (85.0% Contratos / 15.0% Bolsa),948.827655,354736.487485071,545748.4422949983,502088.5669113985,-43659.875383599836,43659.875383599836,7.999999999999995
2026-10-18,18,2026-10-01,True,VALLE,18786681.34,316275.885,163450070.08,106242545.55,373.8682,268834.5,47441.38,85.0,15.0,Cubierta (85.0% Contratos / 15.0% Bolsa),948.827655,354736.487485071,545748.4422949983,502088.5669113985,-43659.875383599836,43659.875383599836,7.999999999999995
2026-10-18,18,2026-10-01,True,SANTANDER,14322773.41,316275.885,163450070.08,106242545.55,373.8682,268834.5,47441.38,85.0,15.0,Cubierta (85.0% Contratos / 15.0% Bolsa),948.827655,354736.487485071,545748.4422949983,502088.5669113985,-43659.875383599836,43659.875383599836,7.999999999999995
2026-10-18,18,2026-10-01,True,CUNDINAMARCA,9185667.38,316275.885,163450070.08,106242545.55,373.8682,268834.5,47441.38,85.0,15.0,Cubierta (85.0% Contratos / 15.0% Bolsa),948.827655,354736.487485071,545748.4422949983,502088.5669113985,-43659.875383599836,43659.875383599836,7.999999999999995
2026-10-18,18,2026-10-01,True,TOLIMA,7741267.5,316275.885,163450070.08,106242545.55,373.8682,268834.5,47441.38,85.0,15.0,Cubierta (85.0% Contratos / 15.0% Bolsa),948.827655,354736.487485071,545748.4422949983,502088.5669113985,-43659.875383599836,43659.875383599836,7.999999999999995
2026-10-19,19,2026-10-01,True,ANTIOQUIA,30761136.12,447307.66875,194905302.5,126688446.62,374.2904,380211.52,67096.15,85.0,15.0,Cubierta (85.0% Contratos / 15.0% Bolsa),1341.92300625,502268.898778515,772721.3827666737,710903.6721453398,-61817.710621333914,61817.710621333914,8.000000000000004
2026-10-19,19,2026-10-01,True,BOGOTA,43063755.16,447307.66875,194905302.5,126688446.62,374.2904,380211.52,67096.15,85.0,15.0,Cubierta (85.0% Contratos / 15.0% Bolsa),1341.92300625,502268.898778515,772721.3827666737,710903.6721453398,-61817.710621333914,61817.710621333914,8.000000000000004
2026-10-19,19,2026-10-01,True,CARIBE_MAR,34534343.62,447307.66875,194905302.5,126688446.62,374.2904,380211.52,67096.15,85.0,15.0,Cubierta (85.0% Contratos / 15.0% Bolsa),1341.92300625,502268.898778515,772721.3827666737,710903.6721453398,-61817.710621333914,61817.710621333914,8.000000000000004
2026-10-19,19,2026-10-01,True,CARIBE_SOL,26996822.95,447307.66875,194905302.5,126688446.62,374.2904,380211.52,67096.15,85.0,15.0,Cubierta (85.0% Contratos / 15.0% Bolsa),1341.92300625,502268.898778515,772721.3827666737,710903.6721453398,-61817.710621333914,61817.710621333914,8.000000000000004
2026-10-19,19,2026-10-01,True,VALLE,22309164.49,447307.66875,194905302.5,126688446.62,374.2904,380211.52,67096.15,85.0,15.0,Cubierta (85.0% Contratos / 15.0% Bolsa),1341.92300625,502268.898778515,772721.3827666737,710903.6721453398,-61817.710621333914,61817.710621333914,8.000000000000004
2026-10-19,19,2026-10-01,True,SANTANDER,17261462.2,447307.66875,194905302.5,126688446.62,374.2904,380211.52,67096.15,85.0,15.0,Cubierta (85.0% Contratos / 15.0% Bolsa),1341.92300625,502268.898778515,772721.3827666737,710903.6721453398,-61817.710621333914,61817.710621333914,8.000000000000004
2026-10-19,19,2026-10-01,True,CUNDINAMARCA,10792437.1,447307.66875,194905302.5,126688446.62,374.2904,380211.52,67096.15,85.0,15.0,Cubierta (85.0% Contratos / 15.0% Bolsa),1341.92300625,502268.898778515,772721.3827666737,710903.6721453398,-61817.710621333914,61817.710621333914,8.000000000000004
2026-10-19,19,2026-10-01,True,TOLIMA,9186180.86,447307.66875,194905302.5,126688446.62,374.2904,380211.52,67096.15,85.0,15.0,Cubierta (85.0% Contratos / 15.0% Bolsa),1341.92300625,502268.898778515,772721.3827666737,710903.6721453398,-61817.710621333914,61817.710621333914,8.000000000000004
2026-10-20,20,2026-10-01,True,ANTIOQUIA,30318788.57,443679.9525,193324598.26999998,125660988.88,374.6383,377127.96,66551.99,85.0,15.0,Cubierta (85.0% Contratos / 15.0% Bolsa),1331.0398575000002,498658.5094460423,767166.9375818231,705793.5825752773,-61373.35500654578,61373.35500654578,7.999999999999992
2026-10-20,20,2026-10-01,True,BOGOTA,42285038.95,443679.9525,193324598.26999998,125660988.88,374.6383,377127.96,66551.99,85.0,15.0,Cubierta (85.0% Contratos / 15.0% Bolsa),1331.0398575000002,498658.5094460423,767166.9375818231,705793.5825752773,-61373.35500654578,61373.35500654578,7.999999999999992
2026-10-20,20,2026-10-01,True,CARIBE_MAR,34340790.22,443679.9525,193324598.26999998,125660988.88,374.6383,377127.96,66551.99,85.0,15.0,Cubierta (85.0% Contratos / 15.0% Bolsa),1331.0398575000002,498658.5094460423,767166.9375818231,705793.5825752773,-61373.35500654578,61373.35500654578,7.999999999999992
2026-10-20,20,2026-10-01,True,CARIBE_SOL,26869307.87,443679.9525,193324598.26999998,125660988.88,374.6383,377127.96,66551.99,85.0,15.0,Cubierta (85.0% Contratos / 15.0% Bolsa),1331.0398575000002,498658.5094460423,767166.9375818231,705793.5825752773,-61373.35500654578,61373.35500654578,7.999999999999992
2026-10-20,20,2026-10-01,True,VALLE,22234263.83,443679.9525,193324598.26999998,125660988.88,374.6383,377127.96,66551.99,85.0,15.0,Cubierta (85.0% Contratos / 15.0% Bolsa),1331.0398575000002,498658.5094460423,767166.9375818231,705793.5825752773,-61373.35500654578,61373.35500654578,7.999999999999992
2026-10-20,20,2026-10-01,True,SANTANDER,17040554.79,443679.9525,193324598.26999998,125660988.88,374.6383,377127.96,66551.99,85.0,15.0,Cubierta (85.0% Contratos / 15.0% Bolsa),1331.0398575000002,498658.5094460423,767166.9375818231,705793.5825752773,-61373.35500654578,61373.35500654578,7.999999999999992
2026-10-20,20,2026-10-01,True,CUNDINAMARCA,11087748.85,443679.9525,193324598.26999998,125660988.88,374.6383,377127.96,66551.99,85.0,15.0,Cubierta (85.0% Contratos / 15.0% Bolsa),1331.0398575000002,498658.5094460423,767166.9375818231,705793.5825752773,-61373.35500654578,61373.35500654578,7.999999999999992
2026-10-20,20,2026-10-01,True,TOLIMA,9148105.19,443679.9525,193324598.26999998,125660988.88,374.6383,377127.96,66551.99,85.0,15.0,Cubierta (85.0% Contratos / 15.0% Bolsa),1331.0398575000002,498658.5094460423,767166.9375818231,705793.5825752773,-61373.35500654578,61373.35500654578,7.999999999999992
2026-10-21,21,2026-10-01,True,ANTIOQUIA,31026474.59,447684.03875,195069297.83,126795043.59,374.9079,380531.43,67152.61,85.0,15.0,Cubierta (85.0% Contratos / 15.0% Bolsa),1343.0521162500002,503520.8484938434,774647.4592182428,712675.6624807834,-61971.79673745937,61971.79673745937,7.999999999999993
2026-10-21,21,2026-10-01,True,BOGOTA,42939932.0,447684.03875,195069297.83,126795043.59,374.9079,380531.43,67152.61,85.0,15.0,Cubierta (85.0% Contratos / 15.0% Bolsa),1343.0521162500002,503520.8484938434,774647.4592182428,712675.6624807834,-61971.79673745937,61971.79673745937,7.999999999999993
2026-10-21,21,2026-10-01,True,CARIBE_MAR,34671467.8,447684.03875,195069297.83,126795043.59,374.9079,380531.43,67152.61,85.0,15.0,Cubierta (85.0% Contratos / 15.0% Bolsa),1343.0521162500002,503520.8484938434,774647.4592182428,712675.6624807834,-61971.79673745937,61971.79673745937,7.999999999999993
2026-10-21,21,2026-10-01,True,CARIBE_SOL,26843123.07,447684.03875,195069297.83,126795043.59,374.9079,380531.43,67152.61,85.0,15.0,Cubierta (85.0% Contratos / 15.0% Bolsa),1343.0521162500002,503520.8484938434,774647.4592182428,712675.6624807834,-61971.79673745937,61971.79673745937,7.999999999999993
2026-10-21,21,2026-10-01,True,VALLE,22543613.67,447684.03875,195069297.83,126795043.59,374.9079,380531.43,67152.61,85.0,15.0,Cubierta (85.0% Contratos / 15.0% Bolsa),1343.0521162500002,503520.8484938434,774647.4592182428,712675.6624807834,-61971.79673745937,61971.79673745937,7.999999999999993
2026-10-21,21,2026-10-01,True,SANTANDER,16850428.05,447684.03875,195069297.83,126795043.59,374.9079,380531.43,67152.61,85.0,15.0,Cubierta (85.0% Contratos / 15.0% Bolsa),1343.0521162500002,503520.8484938434,774647.4592182428,712675.6624807834,-61971.79673745937,61971.79673745937,7.999999999999993
2026-10-21,21,2026-10-01,True,CUNDINAMARCA,10999311.81,447684.03875,195069297.83,126795043.59,374.9079,380531.43,67152.61,85.0,15.0,Cubierta (85.0% Contratos / 15.0% Bolsa),1343.0521162500002,503520.8484938434,774647.4592182428,712675.6624807834,-61971.79673745937,61971.79673745937,7.999999999999993
2026-10-21,21,2026-10-01,True,TOLIMA,9194946.84,447684.03875,195069297.83,126795043.59,374.9079,380531.43,67152.61,85.0,15.0,Cubierta (85.0% Contratos / 15.0% Bolsa),1343.0521162500002,503520.8484938434,774647.4592182428,712675.6624807834,-61971.79673745937,61971.79673745937,7.999999999999993
2026-10-22,22,2026-10-01,True,ANTIOQUIA,30485692.85,447222.8775,194868356.35000002,126664431.63,375.0969,380139.45,67083.43,85.0,15.0,Cubierta (85.0% Contratos / 15.0% Bolsa),1341.6686325,503255.7448779893,774239.6074893177,712300.4388901723,-61939.16859914537,61939.16859914537,7.999999999999995
2026-10-22,22,2026-10-01,True,BOGOTA,43191316.92,447222.8775,194868356.35000002,126664431.63,375.0969,380139.45,67083.43,85.0,15.0,Cubierta (85.0% Contratos / 15.0% Bolsa),1341.6686325,503255.7448779893,774239.6074893177,712300.4388901723,-61939.16859914537,61939.16859914537,7.999999999999995
2026-10-22,22,2026-10-01,True,CARIBE_MAR,34509529.14,447222.8775,194868356.35000002,126664431.63,375.0969,380139.45,67083.43,85.0,15.0,Cubierta (85.0% Contratos / 15.0% Bolsa),1341.6686325,503255.7448779893,774239.6074893177,712300.4388901723,-61939.16859914537,61939.16859914537,7.999999999999995
2026-10-22,22,2026-10-01,True,CARIBE_SOL,27037764.09,447222.8775,194868356.35000002,126664431.63,375.0969,380139.45,67083.43,85.0,15.0,Cubierta (85.0% Contratos / 15.0% Bolsa),1341.6686325,503255.7448779893,774239.6074893177,712300.4388901723,-61939.16859914537,61939.16859914537,7.999999999999995
2026-10-22,22,2026-10-01,True,VALLE,22169671.28,447222.8775,194868356.35000002,126664431.63,375.0969,380139.45,67083.43,85.0,15.0,Cubierta (85.0% Contratos / 15.0% Bolsa),1341.6686325,503255.7448779893,774239.6074893177,712300.4388901723,-61939.16859914537,61939.16859914537,7.999999999999995
2026-10-22,22,2026-10-01,True,SANTANDER,17337452.81,447222.8775,194868356.35000002,126664431.63,375.0969,380139.45,67083.43,85.0,15.0,Cubierta (85.0% Contratos / 15.0% Bolsa),1341.6686325,503255.7448779893,774239.6074893177,712300.4388901723,-61939.16859914537,61939.16859914537,7.999999999999995
2026-10-22,22,2026-10-01,True,CUNDINAMARCA,11032932.96,447222.8775,194868356.35000002,126664431.63,375.0969,380139.45,67083.43,85.0,15.0,Cubierta (85.0% Contratos / 15.0% Bolsa),1341.6686325,503255.7448779893,774239.6074893177,712300.4388901723,-61939.16859914537,61939.16859914537,7.999999999999995
2026-10-22,22,2026-10-01,True,TOLIMA,9103996.3,447222.8775,194868356.35000002,126664431.63,375.0969,380139.45,67083.43,85.0,15.0,Cubierta (85.0% Contratos / 15.0% Bolsa),1341.6686325,503255.7448779893,774239.6074893177,712300.4388901723,-61939.16859914537,61939.16859914537,7.999999999999995
2026-10-23,23,2026-10-01,True,ANTIOQUIA,30995153.45,445709.78,194209054.46,126235885.4,375.2043,378853.31,66856.47,85.0,15.0,Cubierta (85.0% Contratos / 15.0% Bolsa),1337.1293400000002,501696.6780241621,771841.0431079812,710093.7596593427,-61747.28344863851,61747.28344863851,8.000000000000002
2026-10-23,23,2026-10-01,True,BOGOTA,42513451.48,445709.78,194209054.46,126235885.4,375.2043,378853.31,66856.47,85.0,15.0,Cubierta (85.0% Contratos / 15.0% Bolsa),1337.1293400000002,501696.6780241621,771841.0431079812,710093.7596593427,-61747.28344863851,61747.28344863851,8.000000000000002
2026-10-23,23,2026-10-01,True,CARIBE_MAR,34379651.02,445709.78,194209054.46,126235885.4,375.2043,378853.31,66856.47,85.0,15.0,Cubierta (85.0% Contratos / 15.0% Bolsa),1337.1293400000002,501696.6780241621,771841.0431079812,710093.7596593427,-61747.28344863851,61747.28344863851,8.000000000000002
2026-10-23,23,2026-10-01,True,CARIBE_SOL,26747817.67,445709.78,194209054.46,126235885.4,375.2043,378853.31,66856.47,85.0,15.0,Cubierta (85.0% Contratos / 15.0% Bolsa),1337.1293400000002,501696.6780241621,771841.0431079812,710093.7596593427,-61747.28344863851,61747.28344863851,8.000000000000002
2026-10-23,23,2026-10-01,True,VALLE,22127500.75,445709.78,194209054.46,126235885.4,375.2043,378853.31,66856.47,85.0,15.0,Cubierta (85.0% Contratos / 15.0% Bolsa),1337.1293400000002,501696.6780241621,771841.0431079812,710093.7596593427,-61747.28344863851,61747.28344863851,8.000000000000002
2026-10-23,23,2026-10-01,True,SANTANDER,17190257.11,445709.78,194209054.46,126235885.4,375.2043,378853.31,66856.47,85.0,15.0,Cubierta (85.0% Contratos / 15.0% Bolsa),1337.1293400000002,501696.6780241621,771841.0431079812,710093.7596593427,-61747.28344863851,61747.28344863851,8.000000000000002
2026-10-23,23,2026-10-01,True,CUNDINAMARCA,11058221.7,445709.78,194209054.46,126235885.4,375.2043,378853.31,66856.47,85.0,15.0,Cubierta (85.0% Contratos / 15.0% Bolsa),1337.1293400000002,501696.6780241621,771841.0431079812,710093.7596593427,-61747.28344863851,61747.28344863851,8.000000000000002
2026-10-23,23,2026-10-01,True,TOLIMA,9197001.28,445709.78,194209054.46,126235885.4,375.2043,378853.31,66856.47,85.0,15.0,Cubierta (85.0% Contratos / 15.0% Bolsa),1337.1293400000002,501696.6780241621,771841.0431079812,710093.7596593427,-61747.28344863851,61747.28344863851,8.000000000000002
2026-10-24,24,2026-10-01,True,ANTIOQUIA,25874197.77,316924.7825,163785417.21,106460521.19,375.2312,269386.07,47538.72,85.0,15.0,Cubierta (85.0% Contratos / 15.0% Bolsa),950.7743475,356760.199341642,548861.8451229433,504952.89751310786,-43908.94760983542,43908.94760983542,7.999999999999992
2026-10-24,24,2026-10-01,True,BOGOTA,35832894.55,316924.7825,163785417.21,106460521.19,375.2312,269386.07,47538.72,85.0,15.0,Cubierta (85.0% Contratos / 15.0% Bolsa),950.7743475,356760.199341642,548861.8451229433,504952.89751310786,-43908.94760983542,43908.94760983542,7.999999999999992
2026-10-24,24,2026-10-01,True,CARIBE_MAR,28949556.94,316924.7825,163785417.21,106460521.19,375.2312,269386.07,47538.72,85.0,15.0,Cubierta (85.0% Contratos / 15.0% Bolsa),950.7743475,356760.199341642,548861.8451229433,504952.89751310786,-43908.94760983542,43908.94760983542,7.999999999999992
2026-10-24,24,2026-10-01,True,CARIBE_SOL,22949652.37,316924.7825,163785417.21,106460521.19,375.2312,269386.07,47538.72,85.0,15.0,Cubierta (85.0% Contratos / 15.0% Bolsa),950.7743475,356760.199341642,548861.8451229433,504952.89751310786,-43908.94760983542,43908.94760983542,7.999999999999992
2026-10-24,24,2026-10-01,True,VALLE,18431979.51,316924.7825,163785417.21,106460521.19,375.2312,269386.07,47538.72,85.0,15.0,Cubierta (85.0% Contratos / 15.0% Bolsa),950.7743475,356760.199341642,548861.8451229433,504952.89751310786,-43908.94760983542,43908.94760983542,7.999999999999992
2026-10-24,24,2026-10-01,True,SANTANDER,14645752.43,316924.7825,163785417.21,106460521.19,375.2312,269386.07,47538.72,85.0,15.0,Cubierta (85.0% Contratos / 15.0% Bolsa),950.7743475,356760.199341642,548861.8451229433,504952.89751310786,-43908.94760983542,43908.94760983542,7.999999999999992
2026-10-24,24,2026-10-01,True,CUNDINAMARCA,9310335.71,316924.7825,163785417.21,106460521.19,375.2312,269386.07,47538.72,85.0,15.0,Cubierta (85.0% Contratos / 15.0% Bolsa),950.7743475,356760.199341642,548861.8451229433,504952.89751310786,-43908.94760983542,43908.94760983542,7.999999999999992
2026-10-24,24,2026-10-01,True,TOLIMA,7791047.93,316924.7825,163785417.21,106460521.19,375.2312,269386.07,47538.72,85.0,15.0,Cubierta (85.0% Contratos / 15.0% Bolsa),950.7743475,356760.199341642,548861.8451229433,504952.89751310786,-43908.94760983542,43908.94760983542,7.999999999999992
2026-10-25,25,2026-10-01,True,ANTIOQUIA,25618051.04,316985.355,163816720.69,106480868.45,375.1799,269437.55,47547.8,85.0,15.0,Cubierta (85.0% Contratos / 15.0% Bolsa),950.956065,356779.6013710935,548891.6944093346,504980.35885658785,-43911.33555274672,43911.33555274672,7.999999999999992
2026-10-25,25,2026-10-01,True,BOGOTA,36119328.14,316985.355,163816720.69,106480868.45,375.1799,269437.55,47547.8,85.0,15.0,Cubierta (85.0% Contratos / 15.0% Bolsa),950.956065,356779.6013710935,548891.6944093346,504980.35885658785,-43911.33555274672,43911.33555274672,7.999999999999992
2026-10-25,25,2026-10-01,True,CARIBE_MAR,29332546.61,316985.355,163816720.69,106480868.45,375.1799,269437.55,47547.8,85.0,15.0,Cubierta (85.0% Contratos / 15.0% Bolsa),950.956065,356779.6013710935,548891.6944093346,504980.35885658785,-43911.33555274672,43911.33555274672,7.999999999999992
2026-10-25,25,2026-10-01,True,CARIBE_SOL,22585236.86,316985.355,163816720.69,106480868.45,375.1799,269437.55,47547.8,85.0,15.0,Cubierta (85.0% Contratos / 15.0% Bolsa),950.956065,356779.6013710935,548891.6944093346,504980.35885658785,-43911.33555274672,43911.33555274672,7.999999999999992
2026-10-25,25,2026-10-01,True,VALLE,18582103.51,316985.355,163816720.69,106480868.45,375.1799,269437.55,47547.8,85.0,15.0,Cubierta (85.0% Contratos / 15.0% Bolsa),950.956065,356779.6013710935,548891.6944093346,504980.35885658785,-43911.33555274672,43911.33555274672,7.999999999999992
2026-10-25,25,2026-10-01,True,SANTANDER,14557286.74,316985.355,163816720.69,106480868.45,375.1799,269437.55,47547.8,85.0,15.0,Cubierta (85.0% Contratos / 15.0% Bolsa),950.956065,356779.6013710935,548891.6944093346,504980.35885658785,-43911.33555274672,43911.33555274672,7.999999999999992
2026-10-25,25,2026-10-01,True,CUNDINAMARCA,9305520.31,316985.355,163816720.69,106480868.45,375.1799,269437.55,47547.8,85.0,15.0,Cubierta (85.0% Contratos / 15.0% Bolsa),950.956065,356779.6013710935,548891.6944093346,504980.35885658785,-43911.33555274672,43911.33555274672,7.999999999999992
2026-10-25,25,2026-10-01,True,TOLIMA,7716647.48,316985.355,163816720.69,106480868.45,375.1799,269437.55,47547.8,85.0,15.0,Cubierta (85.0% Contratos / 15.0% Bolsa),950.956065,356779.6013710935,548891.6944093346,504980.35885658785,-43911.33555274672,43911.33555274672,7.999999999999992
2026-10-26,26,2026-10-01,True,ANTIOQUIA,30795616.64,446472.38375,194541343.6,126451873.34,375.0546,379501.53,66970.86,85.0,15.0,Cubierta (85.0% Contratos / 15.0% Bolsa),1339.41715125,502354.56389520824,772853.1752233972,711024.9212055255,-61828.25401787169,61828.25401787169,7.999999999999989
2026-10-26,26,2026-10-01,True,BOGOTA,43354514.61,446472.38375,194541343.6,126451873.34,375.0546,379501.53,66970.86,85.0,15.0,Cubierta (85.0% Contratos / 15.0% Bolsa),1339.41715125,502354.56389520824,772853.1752233972,711024.9212055255,-61828.25401787169,61828.25401787169,7.999999999999989
2026-10-26,26,2026-10-01,True,CARIBE_MAR,33636332.41,446472.38375,194541343.6,126451873.34,375.0546,379501.53,66970.86,85.0,15.0,Cubierta (85.0% Contratos / 15.0% Bolsa),1339.41715125,502354.56389520824,772853.1752233972,711024.9212055255,-61828.25401787169,61828.25401787169,7.999999999999989
2026-10-26,26,2026-10-01,True,CARIBE_SOL,27090104.7,446472.38375,194541343.6,126451873.34,375.0546,379501.53,66970.86,85.0,15.0,Cubierta (85.0% Contratos / 15.0% Bolsa),1339.41715125,502354.56389520824,772853.1752233972,711024.9212055255,-61828.25401787169,61828.25401787169,7.999999999999989
2026-10-26,26,2026-10-01,True,VALLE,22106719.55,446472.38375,194541343.6,126451873.34,375.0546,379501.53,66970.86,85.0,15.0,Cubierta (85.0% Contratos / 15.0% Bolsa),1339.41715125,502354.56389520824,772853.1752233972,711024.9212055255,-61828.25401787169,61828.25401787169,7.999999999999989
2026-10-26,26,2026-10-01,True,SANTANDER,17225514.63,446472.38375,194541343.6,126451873.34,375.0546,379501.53,66970.86,85.0,15.0,Cubierta (85.0% Contratos / 15.0% Bolsa),1339.41715125,502354.56389520824,772853.1752233972,711024.9212055255,-61828.25401787169,61828.25401787169,7.999999999999989
2026-10-26,26,2026-10-01,True,CUNDINAMARCA,11021348.38,446472.38375,194541343.6,126451873.34,375.0546,379501.53,66970.86,85.0,15.0,Cubierta (85.0% Contratos / 15.0% Bolsa),1339.41715125,502354.56389520824,772853.1752233972,711024.9212055255,-61828.25401787169,61828.25401787169,7.999999999999989
2026-10-26,26,2026-10-01,True,TOLIMA,9311192.68,446472.38375,194541343.6,126451873.34,375.0546,379501.53,66970.86,85.0,15.0,Cubierta (85.0% Contratos / 15.0% Bolsa),1339.41715125,502354.56389520824,772853.1752233972,711024.9212055255,-61828.25401787169,61828.25401787169,7.999999999999989
2026-10-27,27,2026-10-01,True,ANTIOQUIA,30871582.08,446315.17,194472841.08,126407346.7,374.8608,379367.89,66947.28,85.0,15.0,Cubierta (85.0% Contratos / 15.0% Bolsa),1338.94551,501918.185035008,772181.8231429989,710407.277291559,-61774.54585143982,61774.54585143982,7.999999999999989
2026-10-27,27,2026-10-01,True,BOGOTA,42509781.84,446315.17,194472841.08,126407346.7,374.8608,379367.89,66947.28,85.0,15.0,Cubierta (85.0% Contratos / 15.0% Bolsa),1338.94551,501918.185035008,772181.8231429989,710407.277291559,-61774.54585143982,61774.54585143982,7.999999999999989
2026-10-27,27,2026-10-01,True,CARIBE_MAR,34366209.94,446315.17,194472841.08,126407346.7,374.8608,379367.89,66947.28,85.0,15.0,Cubierta (85.0% Contratos / 15.0% Bolsa),1338.94551,501918.185035008,772181.8231429989,710407.277291559,-61774.54585143982,61774.54585143982,7.999999999999989
2026-10-27,27,2026-10-01,True,CARIBE_SOL,26847839.75,446315.17,194472841.08,126407346.7,374.8608,379367.89,66947.28,85.0,15.0,Cubierta (85.0% Contratos / 15.0% Bolsa),1338.94551,501918.185035008,772181.8231429989,710407.277291559,-61774.54585143982,61774.54585143982,7.999999999999989
2026-10-27,27,2026-10-01,True,VALLE,22127263.85,446315.17,194472841.08,126407346.7,374.8608,379367.89,66947.28,85.0,15.0,Cubierta (85.0% Contratos / 15.0% Bolsa),1338.94551,501918.185035008,772181.8231429989,710407.277291559,-61774.54585143982,61774.54585143982,7.999999999999989
2026-10-27,27,2026-10-01,True,SANTANDER,17306277.55,446315.17,194472841.08,126407346.7,374.8608,379367.89,66947.28,85.0,15.0,Cubierta (85.0% Contratos / 15.0% Bolsa),1338.94551,501918.185035008,772181.8231429989,710407.277291559,-61774.54585143982,61774.54585143982,7.999999999999989
2026-10-27,27,2026-10-01,True,CUNDINAMARCA,11114025.65,446315.17,194472841.08,126407346.7,374.8608,379367.89,66947.28,85.0,15.0,Cubierta (85.0% Contratos / 15.0% Bolsa),1338.94551,501918.185035008,772181.8231429989,710407.277291559,-61774.54585143982,61774.54585143982,7.999999999999989
2026-10-27,27,2026-10-01,True,TOLIMA,9329860.42,446315.17,194472841.08,126407346.7,374.8608,379367.89,66947.28,85.0,15.0,Cubierta (85.0% Contratos / 15.0% Bolsa),1338.94551,501918.185035008,772181.8231429989,710407.277291559,-61774.54585143982,61774.54585143982,7.999999999999989
2026-10-28,28,2026-10-01,True,ANTIOQUIA,30904820.08,447829.665,195132751.62,126836288.55,374.6057,380655.22,67174.45,85.0,15.0,Cubierta (85.0% Contratos / 15.0% Bolsa),1343.488995,503278.6354142715,774274.8237325774,712332.8378339713,-61941.98589860613,61941.98589860613,7.999999999999992
2026-10-28,28,2026-10-01,True,BOGOTA,43428859.53,447829.665,195132751.62,126836288.55,374.6057,380655.22,67174.45,85.0,15.0,Cubierta (85.0% Contratos / 15.0% Bolsa),1343.488995,503278.6354142715,774274.8237325774,712332.8378339713,-61941.98589860613,61941.98589860613,7.999999999999992
2026-10-28,28,2026-10-01,True,CARIBE_MAR,34151477.23,447829.665,195132751.62,126836288.55,374.6057,380655.22,67174.45,85.0,15.0,Cubierta (85.0% Contratos / 15.0% Bolsa),1343.488995,503278.6354142715,774274.8237325774,712332.8378339713,-61941.98589860613,61941.98589860613,7.999999999999992
2026-10-28,28,2026-10-01,True,CARIBE_SOL,26996900.92,447829.665,195132751.62,126836288.55,374.6057,380655.22,67174.45,85.0,15.0,Cubierta (85.0% Contratos / 15.0% Bolsa),1343.488995,503278.6354142715,774274.8237325774,712332.8378339713,-61941.98589860613,61941.98589860613,7.999999999999992
2026-10-28,28,2026-10-01,True,VALLE,22256967.78,447829.665,195132751.62,126836288.55,374.6057,380655.22,67174.45,85.0,15.0,Cubierta (85.0% Contratos / 15.0% Bolsa),1343.488995,503278.6354142715,774274.8237325774,712332.8378339713,-61941.98589860613,61941.98589860613,7.999999999999992
2026-10-28,28,2026-10-01,True,SANTANDER,17103612.68,447829.665,195132751.62,126836288.55,374.6057,380655.22,67174.45,85.0,15.0,Cubierta (85.0% Contratos / 15.0% Bolsa),1343.488995,503278.6354142715,774274.8237325774,712332.8378339713,-61941.98589860613,61941.98589860613,7.999999999999992
2026-10-28,28,2026-10-01,True,CUNDINAMARCA,11062028.37,447829.665,195132751.62,126836288.55,374.6057,380655.22,67174.45,85.0,15.0,Cubierta (85.0% Contratos / 15.0% Bolsa),1343.488995,503278.6354142715,774274.8237325774,712332.8378339713,-61941.98589860613,61941.98589860613,7.999999999999992
2026-10-28,28,2026-10-01,True,TOLIMA,9228085.03,447829.665,195132751.62,126836288.55,374.6057,380655.22,67174.45,85.0,15.0,Cubierta (85.0% Contratos / 15.0% Bolsa),1343.488995,503278.6354142715,774274.8237325774,712332.8378339713,-61941.98589860613,61941.98589860613,7.999999999999992
2026-10-29,29,2026-10-01,True,ANTIOQUIA,30658197.21,445840.38375,194265962.43,126272875.58,374.2975,378964.33,66876.06,85.0,15.0,Cubierta (85.0% Contratos / 15.0% Bolsa),1337.52115125,500630.8231099969,770201.2663200224,708585.1650144206,-61616.10130560177,61616.10130560177,7.999999999999997
2026-10-29,29,2026-10-01,True,BOGOTA,43197013.61,445840.38375,194265962.43,126272875.58,374.2975,378964.33,66876.06,85.0,15.0,Cubierta (85.0% Contratos / 15.0% Bolsa),1337.52115125,500630.8231099969,770201.2663200224,708585.1650144206,-61616.10130560177,61616.10130560177,7.999999999999997
2026-10-29,29,2026-10-01,True,CARIBE_MAR,34223185.09,445840.38375,194265962.43,126272875.58,374.2975,378964.33,66876.06,85.0,15.0,Cubierta (85.0% Contratos / 15.0% Bolsa),1337.52115125,500630.8231099969,770201.2663200224,708585.1650144206,-61616.10130560177,61616.10130560177,7.999999999999997
2026-10-29,29,2026-10-01,True,CARIBE_SOL,26811095.05,445840.38375,194265962.43,126272875.58,374.2975,378964.33,66876.06,85.0,15.0,Cubierta (85.0% Contratos / 15.0% Bolsa),1337.52115125,500630.8231099969,770201.2663200224,708585.1650144206,-61616.10130560177,61616.10130560177,7.999999999999997
2026-10-29,29,2026-10-01,True,VALLE,22175381.62,445840.38375,194265962.43,126272875.58,374.2975,378964.33,66876.06,85.0,15.0,Cubierta (85.0% Contratos / 15.0% Bolsa),1337.52115125,500630.8231099969,770201.2663200224,708585.1650144206,-61616.10130560177,61616.10130560177,7.999999999999997
2026-10-29,29,2026-10-01,True,SANTANDER,17189072.31,445840.38375,194265962.43,126272875.58,374.2975,378964.33,66876.06,85.0,15.0,Cubierta (85.0% Contratos / 15.0% Bolsa),1337.52115125,500630.8231099969,770201.2663200224,708585.1650144206,-61616.10130560177,61616.10130560177,7.999999999999997
2026-10-29,29,2026-10-01,True,CUNDINAMARCA,11043046.17,445840.38375,194265962.43,126272875.58,374.2975,378964.33,66876.06,85.0,15.0,Cubierta (85.0% Contratos / 15.0% Bolsa),1337.52115125,500630.8231099969,770201.2663200224,708585.1650144206,-61616.10130560177,61616.10130560177,7.999999999999997
2026-10-29,29,2026-10-01,True,TOLIMA,8968971.37,445840.38375,194265962.43,126272875.58,374.2975,378964.33,66876.06,85.0,15.0,Cubierta (85.0% Contratos / 15.0% Bolsa),1337.52115125,500630.8231099969,770201.2663200224,708585.1650144206,-61616.10130560177,61616.10130560177,7.999999999999997
2026-10-30,30,2026-10-01,True,ANTIOQUIA,30901732.98,448424.97625,195392146.64999998,127004895.32,373.9454,381161.23,67263.75,85.0,15.0,Cubierta (85.0% Contratos / 15.0% Bolsa),1345.27492875,503059.3713413903,773937.4943866039,712022.4948356757,-61914.999550928245,61914.999550928245,7.99999999999999
2026-10-30,30,2026-10-01,True,BOGOTA,43565592.44,448424.97625,195392146.64999998,127004895.32,373.9454,381161.23,67263.75,85.0,15.0,Cubierta (85.0% Contratos / 15.0% Bolsa),1345.27492875,503059.3713413903,773937.4943866039,712022.4948356757,-61914.999550928245,61914.999550928245,7.99999999999999
2026-10-30,30,2026-10-01,True,CARIBE_MAR,34407898.76,448424.97625,195392146.64999998,127004895.32,373.9454,381161.23,67263.75,85.0,15.0,Cubierta (85.0% Contratos / 15.0% Bolsa),1345.27492875,503059.3713413903,773937.4943866039,712022.4948356757,-61914.999550928245,61914.999550928245,7.99999999999999
2026-10-30,30,2026-10-01,True,CARIBE_SOL,27317395.79,448424.97625,195392146.64999998,127004895.32,373.9454,381161.23,67263.75,85.0,15.0,Cubierta (85.0% Contratos / 15.0% Bolsa),1345.27492875,503059.3713413903,773937.4943866039,712022.4948356757,-61914.999550928245,61914.999550928245,7.99999999999999
2026-10-30,30,2026-10-01,True,VALLE,21998920.94,448424.97625,195392146.64999998,127004895.32,373.9454,381161.23,67263.75,85.0,15.0,Cubierta (85.0% Contratos / 15.0% Bolsa),1345.27492875,503059.3713413903,773937.4943866039,712022.4948356757,-61914.999550928245,61914.999550928245,7.99999999999999
2026-10-30,30,2026-10-01,True,SANTANDER,17068526.04,448424.97625,195392146.64999998,127004895.32,373.9454,381161.23,67263.75,85.0,15.0,Cubierta (85.0% Contratos / 15.0% Bolsa),1345.27492875,503059.3713413903,773937.4943866039,712022.4948356757,-61914.999550928245,61914.999550928245,7.99999999999999
2026-10-30,30,2026-10-01,True,CUNDINAMARCA,11007462.41,448424.97625,195392146.64999998,127004895.32,373.9454,381161.23,67263.75,85.0,15.0,Cubierta (85.0% Contratos / 15.0% Bolsa),1345.27492875,503059.3713413903,773937.4943866039,712022.4948356757,-61914.999550928245,61914.999550928245,7.99999999999999
2026-10-30,30,2026-10-01,True,TOLIMA,9124617.29,448424.97625,195392146.64999998,127004895.32,373.9454,381161.23,67263.75,85.0,15.0,Cubierta (85.0% Contratos / 15.0% Bolsa),1345.27492875,503059.3713413903,773937.4943866039,712022.4948356757,-61914.999550928245,61914.999550928245,7.99999999999999
2026-10-31,31,2026-10-01,True,ANTIOQUIA,25734437.43,315749.31125,163177938.53,106065660.04,373.5597,268386.91,47362.4,85.0,15.0,Cubierta (85.0% Contratos / 15.0% Bolsa),947.2479337500001,353853.65395726997,544390.2368804349,500839.01793000015,-43551.21895043476,43551.21895043476,7.999999999999995
2026-10-31,31,2026-10-01,True,BOGOTA,36291977.27,315749.31125,163177938.53,106065660.04,373.5597,268386.91,47362.4,85.0,15.0,Cubierta (85.0% Contratos / 15.0% Bolsa),947.2479337500001,353853.65395726997,544390.2368804349,500839.01793000015,-43551.21895043476,43551.21895043476,7.999999999999995
2026-10-31,31,2026-10-01,True,CARIBE_MAR,28504480.99,315749.31125,163177938.53,106065660.04,373.5597,268386.91,47362.4,85.0,15.0,Cubierta (85.0% Contratos / 15.0% Bolsa),947.2479337500001,353853.65395726997,544390.2368804349,500839.01793000015,-43551.21895043476,43551.21895043476,7.999999999999995
2026-10-31,31,2026-10-01,True,CARIBE_SOL,22787411.66,315749.31125,163177938.53,106065660.04,373.5597,268386.91,47362.4,85.0,15.0,Cubierta (85.0% Contratos / 15.0% Bolsa),947.2479337500001,353853.65395726997,544390.2368804349,500839.01793000015,-43551.21895043476,43551.21895043476,7.999999999999995
2026-10-31,31,2026-10-01,True,VALLE,18453729.86,315749.31125,163177938.53,106065660.04,373.5597,268386.91,47362.4,85.0,15.0,Cubierta (85.0% Contratos / 15.0% Bolsa),947.2479337500001,353853.65395726997,544390.2368804349,500839.01793000015,-43551.21895043476,43551.21895043476,7.999999999999995
2026-10-31,31,2026-10-01,True,SANTANDER,14319641.41,315749.31125,163177938.53,106065660.04,373.5597,268386.91,47362.4,85.0,15.0,Cubierta (85.0% Contratos / 15.0% Bolsa),947.2479337500001,353853.65395726997,544390.2368804349,500839.01793000015,-43551.21895043476,43551.21895043476,7.999999999999995
2026-10-31,31,2026-10-01,True,CUNDINAMARCA,9323746.21,315749.31125,163177938.53,106065660.04,373.5597,268386.91,47362.4,85.0,15.0,Cubierta (85.0% Contratos / 15.0% Bolsa),947.2479337500001,353853.65395726997,544390.2368804349,500839.01793000015,-43551.21895043476,43551.21895043476,7.999999999999995
2026-10-31,31,2026-10-01,True,TOLIMA,7762513.7,315749.31125,163177938.53,106065660.04,373.5597,268386.91,47362.4,85.0,15.0,Cubierta (85.0% Contratos / 15.0% Bolsa),947.2479337500001,353853.65395726997,544390.2368804349,500839.01793000015,-43551.21895043476,43551.21895043476,7.999999999999995
2026-11-01,1,2026-11-01,True,ANTIOQUIA,25907003.92,318427.73625,164562137.51,106965389.38,373.1514,270663.58,47764.16,85.0,15.0,Cubierta (85.0% Contratos / 15.0% Bolsa),955.2832087500001,356465.2667415548,548408.1026870055,504535.4544720451,-43872.64821496041,43872.64821496041,7.999999999999995
2026-11-01,1,2026-11-01,True,BOGOTA,36339012.19,318427.73625,164562137.51,106965389.38,373.1514,270663.58,47764.16,85.0,15.0,Cubierta (85.0% Contratos / 15.0% Bolsa),955.2832087500001,356465.2667415548,548408.1026870055,504535.4544720451,-43872.64821496041,43872.64821496041,7.999999999999995
2026-11-01,1,2026-11-01,True,CARIBE_MAR,28812182.36,318427.73625,164562137.51,106965389.38,373.1514,270663.58,47764.16,85.0,15.0,Cubierta (85.0% Contratos / 15.0% Bolsa),955.2832087500001,356465.2667415548,548408.1026870055,504535.4544720451,-43872.64821496041,43872.64821496041,7.999999999999995
2026-11-01,1,2026-11-01,True,CARIBE_SOL,23066635.88,318427.73625,164562137.51,106965389.38,373.1514,270663.58,47764.16,85.0,15.0,Cubierta (85.0% Contratos / 15.0% Bolsa),955.2832087500001,356465.2667415548,548408.1026870055,504535.4544720451,-43872.64821496041,43872.64821496041,7.999999999999995
2026-11-01,1,2026-11-01,True,VALLE,18872482.15,318427.73625,164562137.51,106965389.38,373.1514,270663.58,47764.16,85.0,15.0,Cubierta (85.0% Contratos / 15.0% Bolsa),955.2832087500001,356465.2667415548,548408.1026870055,504535.4544720451,-43872.64821496041,43872.64821496041,7.999999999999995
2026-11-01,1,2026-11-01,True,SANTANDER,14558525.42,318427.73625,164562137.51,106965389.38,373.1514,270663.58,47764.16,85.0,15.0,Cubierta (85.0% Contratos / 15.0% Bolsa),955.2832087500001,356465.2667415548,548408.1026870055,504535.4544720451,-43872.64821496041,43872.64821496041,7.999999999999995
2026-11-01,1,2026-11-01,True,CUNDINAMARCA,9289929.64,318427.73625,164562137.51,106965389.38,373.1514,270663.58,47764.16,85.0,15.0,Cubierta (85.0% Contratos / 15.0% Bolsa),955.2832087500001,356465.2667415548,548408.1026870055,504535.4544720451,-43872.64821496041,43872.64821496041,7.999999999999995
2026-11-01,1,2026-11-01,True,TOLIMA,7716365.95,318427.73625,164562137.51,106965389.38,373.1514,270663.58,47764.16,85.0,15.0,Cubierta (85.0% Contratos / 15.0% Bolsa),955.2832087500001,356465.2667415548,548408.1026870055,504535.4544720451,-43872.64821496041,43872.64821496041,7.999999999999995
2026-11-02,2,2026-11-01,True,ANTIOQUIA,31094633.98,451135.76,196573315.83999997,127772655.3,372.7317,383465.4,67670.36,85.0,15.0,Cubierta (85.0% Contratos / 15.0% Bolsa),1353.4072800000001,504457.79626677604,776088.9173092055,714001.8039244692,-62087.11338473635,62087.11338473635,7.999999999999989
2026-11-02,2,2026-11-01,True,BOGOTA,43636506.49,451135.76,196573315.83999997,127772655.3,372.7317,383465.4,67670.36,85.0,15.0,Cubierta (85.0% Contratos / 15.0% Bolsa),1353.4072800000001,504457.79626677604,776088.9173092055,714001.8039244692,-62087.11338473635,62087.11338473635,7.999999999999989
2026-11-02,2,2026-11-01,True,CARIBE_MAR,34682709.0,451135.76,196573315.83999997,127772655.3,372.7317,383465.4,67670.36,85.0,15.0,Cubierta (85.0% Contratos / 15.0% Bolsa),1353.4072800000001,504457.79626677604,776088.9173092055,714001.8039244692,-62087.11338473635,62087.11338473635,7.999999999999989
2026-11-02,2,2026-11-01,True,CARIBE_SOL,27283953.0,451135.76,196573315.83999997,127772655.3,372.7317,383465.4,67670.36,85.0,15.0,Cubierta (85.0% Contratos / 15.0% Bolsa),1353.4072800000001,504457.79626677604,776088.9173092055,714001.8039244692,-62087.11338473635,62087.11338473635,7.999999999999989
2026-11-02,2,2026-11-01,True,VALLE,22361222.28,451135.76,196573315.83999997,127772655.3,372.7317,383465.4,67670.36,85.0,15.0,Cubierta (85.0% Contratos / 15.0% Bolsa),1353.4072800000001,504457.79626677604,776088.9173092055,714001.8039244692,-62087.11338473635,62087.11338473635,7.999999999999989
2026-11-02,2,2026-11-01,True,SANTANDER,17114160.6,451135.76,196573315.83999997,127772655.3,372.7317,383465.4,67670.36,85.0,15.0,Cubierta (85.0% Contratos / 15.0% Bolsa),1353.4072800000001,504457.79626677604,776088.9173092055,714001.8039244692,-62087.11338473635,62087.11338473635,7.999999999999989
2026-11-02,2,2026-11-01,True,CUNDINAMARCA,11212176.07,451135.76,196573315.83999997,127772655.3,372.7317,383465.4,67670.36,85.0,15.0,Cubierta (85.0% Contratos / 15.0% Bolsa),1353.4072800000001,504457.79626677604,776088.9173092055,714001.8039244692,-62087.11338473635,62087.11338473635,7.999999999999989
2026-11-02,2,2026-11-01,True,TOLIMA,9187954.42,451135.76,196573315.83999997,127772655.3,372.7317,383465.4,67670.36,85.0,15.0,Cubierta (85.0% Contratos / 15.0% Bolsa),1353.4072800000001,504457.79626677604,776088.9173092055,714001.8039244692,-62087.11338473635,62087.11338473635,7.999999999999989
2026-11-03,3,2026-11-01,True,ANTIOQUIA,30529381.38,447139.79,194832152.32999998,126640899.01,372.3124,380068.82,67070.97,85.0,15.0,Cubierta (85.0% Contratos / 15.0% Bolsa),1341.41937,499427.06505118805,768349.3308752837,706881.384405261,-61467.94647002267,61467.94647002267,7.9999999999999964
2026-11-03,3,2026-11-01,True,BOGOTA,43139396.97,447139.79,194832152.32999998,126640899.01,372.3124,380068.82,67070.97,85.0,15.0,Cubierta (85.0% Contratos / 15.0% Bolsa),1341.41937,499427.06505118805,768349.3308752837,706881.384405261,-61467.94647002267,61467.94647002267,7.9999999999999964
2026-11-03,3,2026-11-01,True,CARIBE_MAR,34592670.08,447139.79,194832152.32999998,126640899.01,372.3124,380068.82,67070.97,85.0,15.0,Cubierta (85.0% Contratos / 15.0% Bolsa),1341.41937,499427.06505118805,768349.3308752837,706881.384405261,-61467.94647002267,61467.94647002267,7.9999999999999964
2026-11-03,3,2026-11-01,True,CARIBE_SOL,26852862.8,447139.79,194832152.32999998,126640899.01,372.3124,380068.82,67070.97,85.0,15.0,Cubierta (85.0% Contratos / 15.0% Bolsa),1341.41937,499427.06505118805,768349.3308752837,706881.384405261,-61467.94647002267,61467.94647002267,7.9999999999999964
2026-11-03,3,2026-11-01,True,VALLE,22043234.93,447139.79,194832152.32999998,126640899.01,372.3124,380068.82,67070.97,85.0,15.0,Cubierta (85.0% Contratos / 15.0% Bolsa),1341.41937,499427.06505118805,768349.3308752837,706881.384405261,-61467.94647002267,61467.94647002267,7.9999999999999964
2026-11-03,3,2026-11-01,True,SANTANDER,17153992.45,447139.79,194832152.32999998,126640899.01,372.3124,380068.82,67070.97,85.0,15.0,Cubierta (85.0% Contratos / 15.0% Bolsa),1341.41937,499427.06505118805,768349.3308752837,706881.384405261,-61467.94647002267,61467.94647002267,7.9999999999999964
2026-11-03,3,2026-11-01,True,CUNDINAMARCA,11246717.7,447139.79,194832152.32999998,126640899.01,372.3124,380068.82,67070.97,85.0,15.0,Cubierta (85.0% Contratos / 15.0% Bolsa),1341.41937,499427.06505118805,768349.3308752837,706881.384405261,-61467.94647002267,61467.94647002267,7.9999999999999964
2026-11-03,3,2026-11-01,True,TOLIMA,9273896.02,447139.79,194832152.32999998,126640899.01,372.3124,380068.82,67070.97,85.0,15.0,Cubierta (85.0% Contratos / 15.0% Bolsa),1341.41937,499427.06505118805,768349.3308752837,706881.384405261,-61467.94647002267,61467.94647002267,7.9999999999999964
2026-11-04,4,2026-11-01,True,ANTIOQUIA,30029401.21,447548.3925,195010192.68,126756625.24,371.905,380416.13,67132.26,85.0,15.0,Cubierta (85.0% Contratos / 15.0% Bolsa),1342.6451775,499336.4547381375,768209.9303784864,706753.1359482076,-61456.794430278824,61456.794430278824,7.999999999999989
2026-11-04,4,2026-11-01,True,BOGOTA,42983852.24,447548.3925,195010192.68,126756625.24,371.905,380416.13,67132.26,85.0,15.0,Cubierta (85.0% Contratos / 15.0% Bolsa),1342.6451775,499336.4547381375,768209.9303784864,706753.1359482076,-61456.794430278824,61456.794430278824,7.999999999999989
2026-11-04,4,2026-11-01,True,CARIBE_MAR,34647404.35,447548.3925,195010192.68,126756625.24,371.905,380416.13,67132.26,85.0,15.0,Cubierta (85.0% Contratos / 15.0% Bolsa),1342.6451775,499336.4547381375,768209.9303784864,706753.1359482076,-61456.794430278824,61456.794430278824,7.999999999999989
2026-11-04,4,2026-11-01,True,CARIBE_SOL,27206673.49,447548.3925,195010192.68,126756625.24,371.905,380416.13,67132.26,85.0,15.0,Cubierta (85.0% Contratos / 15.0% Bolsa),1342.6451775,499336.4547381375,768209.9303784864,706753.1359482076,-61456.794430278824,61456.794430278824,7.999999999999989
2026-11-04,4,2026-11-01,True,VALLE,22406928.19,447548.3925,195010192.68,126756625.24,371.905,380416.13,67132.26,85.0,15.0,Cubierta (85.0% Contratos / 15.0% Bolsa),1342.6451775,499336.4547381375,768209.9303784864,706753.1359482076,-61456.794430278824,61456.794430278824,7.999999999999989
2026-11-04,4,2026-11-01,True,SANTANDER,17406983.1,447548.3925,195010192.68,126756625.24,371.905,380416.13,67132.26,85.0,15.0,Cubierta (85.0% Contratos / 15.0% Bolsa),1342.6451775,499336.4547381375,768209.9303784864,706753.1359482076,-61456.794430278824,61456.794430278824,7.999999999999989
2026-11-04,4,2026-11-01,True,CUNDINAMARCA,11004155.45,447548.3925,195010192.68,126756625.24,371.905,380416.13,67132.26,85.0,15.0,Cubierta (85.0% Contratos / 15.0% Bolsa),1342.6451775,499336.4547381375,768209.9303784864,706753.1359482076,-61456.794430278824,61456.794430278824,7.999999999999989
2026-11-04,4,2026-11-01,True,TOLIMA,9324794.65,447548.3925,195010192.68,126756625.24,371.905,380416.13,67132.26,85.0,15.0,Cubierta (85.0% Contratos / 15.0% Bolsa),1342.6451775,499336.4547381375,768209.9303784864,706753.1359482076,-61456.794430278824,61456.794430278824,7.999999999999989
2026-11-05,5,2026-11-01,True,ANTIOQUIA,30887333.39,447051.0725,194793495.67000002,126615772.19,371.5208,379993.41,67057.66,85.0,15.0,Cubierta (85.0% Contratos / 15.0% Bolsa),1341.1532175,498266.316288174,766563.5634930236,705238.4784135817,-61325.085079441895,61325.085079441895,8.0
2026-11-05,5,2026-11-01,True,BOGOTA,42433432.1,447051.0725,194793495.67000002,126615772.19,371.5208,379993.41,67057.66,85.0,15.0,Cubierta (85.0% Contratos / 15.0% Bolsa),1341.1532175,498266.316288174,766563.5634930236,705238.4784135817,-61325.085079441895,61325.085079441895,8.0
2026-11-05,5,2026-11-01,True,CARIBE_MAR,34500867.37,447051.0725,194793495.67000002,126615772.19,371.5208,379993.41,67057.66,85.0,15.0,Cubierta (85.0% Contratos / 15.0% Bolsa),1341.1532175,498266.316288174,766563.5634930236,705238.4784135817,-61325.085079441895,61325.085079441895,8.0
2026-11-05,5,2026-11-01,True,CARIBE_SOL,26978942.81,447051.0725,194793495.67000002,126615772.19,371.5208,379993.41,67057.66,85.0,15.0,Cubierta (85.0% Contratos / 15.0% Bolsa),1341.1532175,498266.316288174,766563.5634930236,705238.4784135817,-61325.085079441895,61325.085079441895,8.0
2026-11-05,5,2026-11-01,True,VALLE,22208293.12,447051.0725,194793495.67000002,126615772.19,371.5208,379993.41,67057.66,85.0,15.0,Cubierta (85.0% Contratos / 15.0% Bolsa),1341.1532175,498266.316288174,766563.5634930236,705238.4784135817,-61325.085079441895,61325.085079441895,8.0
2026-11-05,5,2026-11-01,True,SANTANDER,17404455.82,447051.0725,194793495.67000002,126615772.19,371.5208,379993.41,67057.66,85.0,15.0,Cubierta (85.0% Contratos / 15.0% Bolsa),1341.1532175,498266.316288174,766563.5634930236,705238.4784135817,-61325.085079441895,61325.085079441895,8.0
2026-11-05,5,2026-11-01,True,CUNDINAMARCA,11136446.83,447051.0725,194793495.67000002,126615772.19,371.5208,379993.41,67057.66,85.0,15.0,Cubierta (85.0% Contratos / 15.0% Bolsa),1341.1532175,498266.316288174,766563.5634930236,705238.4784135817,-61325.085079441895,61325.085079441895,8.0
2026-11-05,5,2026-11-01,True,TOLIMA,9243724.23,447051.0725,194793495.67000002,126615772.19,371.5208,379993.41,67057.66,85.0,15.0,Cubierta (85.0% Contratos / 15.0% Bolsa),1341.1532175,498266.316288174,766563.5634930236,705238.4784135817,-61325.085079441895,61325.085079441895,8.0
2026-11-06,6,2026-11-01,True,ANTIOQUIA,31090057.88,450900.99375,196471021.45999998,127706163.95,371.1708,383265.84,67635.15,85.0,15.0,Cubierta (85.0% Contratos / 15.0% Bolsa),1352.70298125,502083.84771294746,772436.6887831014,710641.7536804533,-61794.9351026481,61794.9351026481,7.999999999999999
2026-11-06,6,2026-11-01,True,BOGOTA,43037929.87,450900.99375,196471021.45999998,127706163.95,371.1708,383265.84,67635.15,85.0,15.0,Cubierta (85.0% Contratos / 15.0% Bolsa),1352.70298125,502083.84771294746,772436.6887831014,710641.7536804533,-61794.9351026481,61794.9351026481,7.999999999999999
2026-11-06,6,2026-11-01,True,CARIBE_MAR,34973719.62,450900.99375,196471021.45999998,127706163.95,371.1708,383265.84,67635.15,85.0,15.0,Cubierta (85.0% Contratos / 15.0% Bolsa),1352.70298125,502083.84771294746,772436.6887831014,710641.7536804533,-61794.9351026481,61794.9351026481,7.999999999999999
2026-11-06,6,2026-11-01,True,CARIBE_SOL,27361631.13,450900.99375,196471021.45999998,127706163.95,371.1708,383265.84,67635.15,85.0,15.0,Cubierta (85.0% Contratos / 15.0% Bolsa),1352.70298125,502083.84771294746,772436.6887831014,710641.7536804533,-61794.9351026481,61794.9351026481,7.999999999999999
2026-11-06,6,2026-11-01,True,VALLE,22148031.07,450900.99375,196471021.45999998,127706163.95,371.1708,383265.84,67635.15,85.0,15.0,Cubierta (85.0% Contratos / 15.0% Bolsa),1352.70298125,502083.84771294746,772436.6887831014,710641.7536804533,-61794.9351026481,61794.9351026481,7.999999999999999
2026-11-06,6,2026-11-01,True,SANTANDER,17555152.0,450900.99375,196471021.45999998,127706163.95,371.1708,383265.84,67635.15,85.0,15.0,Cubierta (85.0% Contratos / 15.0% Bolsa),1352.70298125,502083.84771294746,772436.6887831014,710641.7536804533,-61794.9351026481,61794.9351026481,7.999999999999999
2026-11-06,6,2026-11-01,True,CUNDINAMARCA,11099268.28,450900.99375,196471021.45999998,127706163.95,371.1708,383265.84,67635.15,85.0,15.0,Cubierta (85.0% Contratos / 15.0% Bolsa),1352.70298125,502083.84771294746,772436.6887831014,710641.7536804533,-61794.9351026481,61794.9351026481,7.999999999999999
2026-11-06,6,2026-11-01,True,TOLIMA,9205231.61,450900.99375,196471021.45999998,127706163.95,371.1708,383265.84,67635.15,85.0,15.0,Cubierta (85.0% Contratos / 15.0% Bolsa),1352.70298125,502083.84771294746,772436.6887831014,710641.7536804533,-61794.9351026481,61794.9351026481,7.999999999999999
2026-11-07,7,2026-11-01,True,ANTIOQUIA,26311992.31,320850.7775,165814355.34999996,107779330.98,370.8651,272723.16,48127.62,85.0,15.0,Cubierta (85.0% Contratos / 15.0% Bolsa),962.5523325000001,356977.0670478458,549195.4877531775,505259.84873292333,-43935.639020254195,43935.639020254195,7.999999999999999
2026-11-07,7,2026-11-01,True,BOGOTA,36565871.73,320850.7775,165814355.34999996,107779330.98,370.8651,272723.16,48127.62,85.0,15.0,Cubierta (85.0% Contratos / 15.0% Bolsa),962.5523325000001,356977.0670478458,549195.4877531775,505259.84873292333,-43935.639020254195,43935.639020254195,7.999999999999999
2026-11-07,7,2026-11-01,True,CARIBE_MAR,29239701.94,320850.7775,165814355.34999996,107779330.98,370.8651,272723.16,48127.62,85.0,15.0,Cubierta (85.0% Contratos / 15.0% Bolsa),962.5523325000001,356977.0670478458,549195.4877531775,505259.84873292333,-43935.639020254195,43935.639020254195,7.999999999999999
2026-11-07,7,2026-11-01,True,CARIBE_SOL,22841837.54,320850.7775,165814355.34999996,107779330.98,370.8651,272723.16,48127.62,85.0,15.0,Cubierta (85.0% Contratos / 15.0% Bolsa),962.5523325000001,356977.0670478458,549195.4877531775,505259.84873292333,-43935.639020254195,43935.639020254195,7.999999999999999
2026-11-07,7,2026-11-01,True,VALLE,18945789.76,320850.7775,165814355.34999996,107779330.98,370.8651,272723.16,48127.62,85.0,15.0,Cubierta (85.0% Contratos / 15.0% Bolsa),962.5523325000001,356977.0670478458,549195.4877531775,505259.84873292333,-43935.639020254195,43935.639020254195,7.999999999999999
2026-11-07,7,2026-11-01,True,SANTANDER,14728377.5,320850.7775,165814355.34999996,107779330.98,370.8651,272723.16,48127.62,85.0,15.0,Cubierta (85.0% Contratos / 15.0% Bolsa),962.5523325000001,356977.0670478458,549195.4877531775,505259.84873292333,-43935.639020254195,43935.639020254195,7.999999999999999
2026-11-07,7,2026-11-01,True,CUNDINAMARCA,9382267.68,320850.7775,165814355.34999996,107779330.98,370.8651,272723.16,48127.62,85.0,15.0,Cubierta (85.0% Contratos / 15.0% Bolsa),962.5523325000001,356977.0670478458,549195.4877531775,505259.84873292333,-43935.639020254195,43935.639020254195,7.999999999999999
2026-11-07,7,2026-11-01,True,TOLIMA,7798516.89,320850.7775,165814355.34999996,107779330.98,370.8651,272723.16,48127.62,85.0,15.0,Cubierta (85.0% Contratos / 15.0% Bolsa),962.5523325000001,356977.0670478458,549195.4877531775,505259.84873292333,-43935.639020254195,43935.639020254195,7.999999999999999
2026-11-08,8,2026-11-01,True,ANTIOQUIA,26015800.82,319342.6225,165034947.06,107272715.59,370.6131,271441.23,47901.39,85.0,15.0,Cubierta (85.0% Contratos / 15.0% Bolsa),958.0278675,355057.6778605642,546242.5813188528,502543.1748133446,-43699.40650550823,43699.40650550823,8.0
2026-11-08,8,2026-11-01,True,BOGOTA,36113257.19,319342.6225,165034947.06,107272715.59,370.6131,271441.23,47901.39,85.0,15.0,Cubierta (85.0% Contratos / 15.0% Bolsa),958.0278675,355057.6778605642,546242.5813188528,502543.1748133446,-43699.40650550823,43699.40650550823,8.0
2026-11-08,8,2026-11-01,True,CARIBE_MAR,29349730.49,319342.6225,165034947.06,107272715.59,370.6131,271441.23,47901.39,85.0,15.0,Cubierta (85.0% Contratos / 15.0% Bolsa),958.0278675,355057.6778605642,546242.5813188528,502543.1748133446,-43699.40650550823,43699.40650550823,8.0
2026-11-08,8,2026-11-01,True,CARIBE_SOL,22778643.77,319342.6225,165034947.06,107272715.59,370.6131,271441.23,47901.39,85.0,15.0,Cubierta (85.0% Contratos / 15.0% Bolsa),958.0278675,355057.6778605642,546242.5813188528,502543.1748133446,-43699.40650550823,43699.40650550823,8.0
2026-11-08,8,2026-11-01,True,VALLE,18747388.1,319342.6225,165034947.06,107272715.59,370.6131,271441.23,47901.39,85.0,15.0,Cubierta (85.0% Contratos / 15.0% Bolsa),958.0278675,355057.6778605642,546242.5813188528,502543.1748133446,-43699.40650550823,43699.40650550823,8.0
2026-11-08,8,2026-11-01,True,SANTANDER,14759561.36,319342.6225,165034947.06,107272715.59,370.6131,271441.23,47901.39,85.0,15.0,Cubierta (85.0% Contratos / 15.0% Bolsa),958.0278675,355057.6778605642,546242.5813188528,502543.1748133446,-43699.40650550823,43699.40650550823,8.0
2026-11-08,8,2026-11-01,True,CUNDINAMARCA,9425714.7,319342.6225,165034947.06,107272715.59,370.6131,271441.23,47901.39,85.0,15.0,Cubierta (85.0% Contratos / 15.0% Bolsa),958.0278675,355057.6778605642,546242.5813188528,502543.1748133446,-43699.40650550823,43699.40650550823,8.0
2026-11-08,8,2026-11-01,True,TOLIMA,7844850.63,319342.6225,165034947.06,107272715.59,370.6131,271441.23,47901.39,85.0,15.0,Cubierta (85.0% Contratos / 15.0% Bolsa),958.0278675,355057.6778605642,546242.5813188528,502543.1748133446,-43699.40650550823,43699.40650550823,8.0
2026-11-09,9,2026-11-01,True,ANTIOQUIA,30814228.97,448269.965,195324603.36,126960992.18,370.4228,381029.47,67240.49,85.0,15.0,Cubierta (85.0% Contratos / 15.0% Bolsa),1344.809895,498148.24677360605,766381.9181373855,705071.3646863947,-61310.55345099082,61310.55345099082,7.999999999999997
2026-11-09,9,2026-11-01,True,BOGOTA,43148328.56,448269.965,195324603.36,126960992.18,370.4228,381029.47,67240.49,85.0,15.0,Cubierta (85.0% Contratos / 15.0% Bolsa),1344.809895,498148.24677360605,766381.9181373855,705071.3646863947,-61310.55345099082,61310.55345099082,7.999999999999997
2026-11-09,9,2026-11-01,True,CARIBE_MAR,34433517.4,448269.965,195324603.36,126960992.18,370.4228,381029.47,67240.49,85.0,15.0,Cubierta (85.0% Contratos / 15.0% Bolsa),1344.809895,498148.24677360605,766381.9181373855,705071.3646863947,-61310.55345099082,61310.55345099082,7.999999999999997
2026-11-09,9,2026-11-01,True,CARIBE_SOL,27210468.33,448269.965,195324603.36,126960992.18,370.4228,381029.47,67240.49,85.0,15.0,Cubierta (85.0% Contratos / 15.0% Bolsa),1344.809895,498148.24677360605,766381.9181373855,705071.3646863947,-61310.55345099082,61310.55345099082,7.999999999999997
2026-11-09,9,2026-11-01,True,VALLE,22189737.85,448269.965,195324603.36,126960992.18,370.4228,381029.47,67240.49,85.0,15.0,Cubierta (85.0% Contratos / 15.0% Bolsa),1344.809895,498148.24677360605,766381.9181373855,705071.3646863947,-61310.55345099082,61310.55345099082,7.999999999999997
2026-11-09,9,2026-11-01,True,SANTANDER,17194015.39,448269.965,195324603.36,126960992.18,370.4228,381029.47,67240.49,85.0,15.0,Cubierta (85.0% Contratos / 15.0% Bolsa),1344.809895,498148.24677360605,766381.9181373855,705071.3646863947,-61310.55345099082,61310.55345099082,7.999999999999997
2026-11-09,9,2026-11-01,True,CUNDINAMARCA,11082630.11,448269.965,195324603.36,126960992.18,370.4228,381029.47,67240.49,85.0,15.0,Cubierta (85.0% Contratos / 15.0% Bolsa),1344.809895,498148.24677360605,766381.9181373855,705071.3646863947,-61310.55345099082,61310.55345099082,7.999999999999997
2026-11-09,9,2026-11-01,True,TOLIMA,9251676.75,448269.965,195324603.36,126960992.18,370.4228,381029.47,67240.49,85.0,15.0,Cubierta (85.0% Contratos / 15.0% Bolsa),1344.809895,498148.24677360605,766381.9181373855,705071.3646863947,-61310.55345099082,61310.55345099082,7.999999999999997
2026-11-10,10,2026-11-01,True,ANTIOQUIA,30495406.27,447080.045,194806119.70999998,126623977.81,370.3013,380018.04,67062.01,85.0,15.0,Cubierta (85.0% Contratos / 15.0% Bolsa),1341.240135,496662.9656026755,764096.8701670138,702969.1205536528,-61127.749613361084,61127.749613361084,7.999999999999997
2026-11-10,10,2026-11-01,True,BOGOTA,43316868.55,447080.045,194806119.70999998,126623977.81,370.3013,380018.04,67062.01,85.0,15.0,Cubierta (85.0% Contratos / 15.0% Bolsa),1341.240135,496662.9656026755,764096.8701670138,702969.1205536528,-61127.749613361084,61127.749613361084,7.999999999999997
2026-11-10,10,2026-11-01,True,CARIBE_MAR,34308734.49,447080.045,194806119.70999998,126623977.81,370.3013,380018.04,67062.01,85.0,15.0,Cubierta (85.0% Contratos / 15.0% Bolsa),1341.240135,496662.9656026755,764096.8701670138,702969.1205536528,-61127.749613361084,61127.749613361084,7.999999999999997
2026-11-10,10,2026-11-01,True,CARIBE_SOL,27104797.55,447080.045,194806119.70999998,126623977.81,370.3013,380018.04,67062.01,85.0,15.0,Cubierta (85.0% Contratos / 15.0% Bolsa),1341.240135,496662.9656026755,764096.8701670138,702969.1205536528,-61127.749613361084,61127.749613361084,7.999999999999997
2026-11-10,10,2026-11-01,True,VALLE,22081465.01,447080.045,194806119.70999998,126623977.81,370.3013,380018.04,67062.01,85.0,15.0,Cubierta (85.0% Contratos / 15.0% Bolsa),1341.240135,496662.9656026755,764096.8701670138,702969.1205536528,-61127.749613361084,61127.749613361084,7.999999999999997
2026-11-10,10,2026-11-01,True,SANTANDER,17072514.01,447080.045,194806119.70999998,126623977.81,370.3013,380018.04,67062.01,85.0,15.0,Cubierta (85.0% Contratos / 15.0% Bolsa),1341.240135,496662.9656026755,764096.8701670138,702969.1205536528,-61127.749613361084,61127.749613361084,7.999999999999997
2026-11-10,10,2026-11-01,True,CUNDINAMARCA,11115285.32,447080.045,194806119.70999998,126623977.81,370.3013,380018.04,67062.01,85.0,15.0,Cubierta (85.0% Contratos / 15.0% Bolsa),1341.240135,496662.9656026755,764096.8701670138,702969.1205536528,-61127.749613361084,61127.749613361084,7.999999999999997
2026-11-10,10,2026-11-01,True,TOLIMA,9311048.51,447080.045,194806119.70999998,126623977.81,370.3013,380018.04,67062.01,85.0,15.0,Cubierta (85.0% Contratos / 15.0% Bolsa),1341.240135,496662.9656026755,764096.8701670138,702969.1205536528,-61127.749613361084,61127.749613361084,7.999999999999997
2026-11-11,11,2026-11-01,True,ANTIOQUIA,30746890.7,450177.09125,196155595.40999997,127501137.02,370.2541,382650.53,67526.56,85.0,15.0,Cubierta (85.0% Contratos / 15.0% Bolsa),1350.53127375,500039.7412841599,769291.9096468206,707748.556875075,-61543.352771745645,61543.352771745645,7.999999999999999
2026-11-11,11,2026-11-01,True,BOGOTA,43516560.09,450177.09125,196155595.40999997,127501137.02,370.2541,382650.53,67526.56,85.0,15.0,Cubierta (85.0% Contratos / 15.0% Bolsa),1350.53127375,500039.7412841599,769291.9096468206,707748.556875075,-61543.352771745645,61543.352771745645,7.999999999999999
2026-11-11,11,2026-11-01,True,CARIBE_MAR,34589353.71,450177.09125,196155595.40999997,127501137.02,370.2541,382650.53,67526.56,85.0,15.0,Cubierta (85.0% Contratos / 15.0% Bolsa),1350.53127375,500039.7412841599,769291.9096468206,707748.556875075,-61543.352771745645,61543.352771745645,7.999999999999999
2026-11-11,11,2026-11-01,True,CARIBE_SOL,27246222.08,450177.09125,196155595.40999997,127501137.02,370.2541,382650.53,67526.56,85.0,15.0,Cubierta (85.0% Contratos / 15.0% Bolsa),1350.53127375,500039.7412841599,769291.9096468206,707748.556875075,-61543.352771745645,61543.352771745645,7.999999999999999
2026-11-11,11,2026-11-01,True,VALLE,22383361.2,450177.09125,196155595.40999997,127501137.02,370.2541,382650.53,67526.56,85.0,15.0,Cubierta (85.0% Contratos / 15.0% Bolsa),1350.53127375,500039.7412841599,769291.9096468206,707748.556875075,-61543.352771745645,61543.352771745645,7.999999999999999
2026-11-11,11,2026-11-01,True,SANTANDER,17426875.79,450177.09125,196155595.40999997,127501137.02,370.2541,382650.53,67526.56,85.0,15.0,Cubierta (85.0% Contratos / 15.0% Bolsa),1350.53127375,500039.7412841599,769291.9096468206,707748.556875075,-61543.352771745645,61543.352771745645,7.999999999999999
2026-11-11,11,2026-11-01,True,CUNDINAMARCA,11043433.72,450177.09125,196155595.40999997,127501137.02,370.2541,382650.53,67526.56,85.0,15.0,Cubierta (85.0% Contratos / 15.0% Bolsa),1350.53127375,500039.7412841599,769291.9096468206,707748.556875075,-61543.352771745645,61543.352771745645,7.999999999999999
2026-11-11,11,2026-11-01,True,TOLIMA,9202898.12,450177.09125,196155595.40999997,127501137.02,370.2541,382650.53,67526.56,85.0,15.0,Cubierta (85.0% Contratos / 15.0% Bolsa),1350.53127375,500039.7412841599,769291.9096468206,707748.556875075,-61543.352771745645,61543.352771745645,7.999999999999999
2026-11-12,12,2026-11-01,True,ANTIOQUIA,30836372.38,451085.3175,196551336.86999997,127758368.97,370.2852,383422.52,67662.8,85.0,15.0,Cubierta (85.0% Contratos / 15.0% Bolsa),1353.2559525000001,501090.65102265304,770908.693853851,709235.9983455429,-61672.69550830801,61672.69550830801,7.999999999999992
2026-11-12,12,2026-11-01,True,BOGOTA,43365247.01,451085.3175,196551336.86999997,127758368.97,370.2852,383422.52,67662.8,85.0,15.0,Cubierta (85.0% Contratos / 15.0% Bolsa),1353.2559525000001,501090.65102265304,770908.693853851,709235.9983455429,-61672.69550830801,61672.69550830801,7.999999999999992
2026-11-12,12,2026-11-01,True,CARIBE_MAR,34918416.9,451085.3175,196551336.86999997,127758368.97,370.2852,383422.52,67662.8,85.0,15.0,Cubierta (85.0% Contratos / 15.0% Bolsa),1353.2559525000001,501090.65102265304,770908.693853851,709235.9983455429,-61672.69550830801,61672.69550830801,7.999999999999992
2026-11-12,12,2026-11-01,True,CARIBE_SOL,27341057.19,451085.3175,196551336.86999997,127758368.97,370.2852,383422.52,67662.8,85.0,15.0,Cubierta (85.0% Contratos / 15.0% Bolsa),1353.2559525000001,501090.65102265304,770908.693853851,709235.9983455429,-61672.69550830801,61672.69550830801,7.999999999999992
2026-11-12,12,2026-11-01,True,VALLE,22518616.88,451085.3175,196551336.86999997,127758368.97,370.2852,383422.52,67662.8,85.0,15.0,Cubierta (85.0% Contratos / 15.0% Bolsa),1353.2559525000001,501090.65102265304,770908.693853851,709235.9983455429,-61672.69550830801,61672.69550830801,7.999999999999992
2026-11-12,12,2026-11-01,True,SANTANDER,17112487.74,451085.3175,196551336.86999997,127758368.97,370.2852,383422.52,67662.8,85.0,15.0,Cubierta (85.0% Contratos / 15.0% Bolsa),1353.2559525000001,501090.65102265304,770908.693853851,709235.9983455429,-61672.69550830801,61672.69550830801,7.999999999999992
2026-11-12,12,2026-11-01,True,CUNDINAMARCA,11197208.95,451085.3175,196551336.86999997,127758368.97,370.2852,383422.52,67662.8,85.0,15.0,Cubierta (85.0% Contratos / 15.0% Bolsa),1353.2559525000001,501090.65102265304,770908.693853851,709235.9983455429,-61672.69550830801,61672.69550830801,7.999999999999992
2026-11-12,12,2026-11-01,True,TOLIMA,9261929.82,451085.3175,196551336.86999997,127758368.97,370.2852,383422.52,67662.8,85.0,15.0,Cubierta (85.0% Contratos / 15.0% Bolsa),1353.2559525000001,501090.65102265304,770908.693853851,709235.9983455429,-61672.69550830801,61672.69550830801,7.999999999999992
2026-11-13,13,2026-11-01,True,ANTIOQUIA,31120729.95,450564.74125,196324506.2,127610929.03,370.3969,382980.03,67584.71,85.0,15.0,Cubierta (85.0% Contratos / 15.0% Bolsa),1351.69422375,500663.3502249064,770251.3080383175,708631.2033952521,-61620.104643065366,61620.104643065366,7.9999999999999964
2026-11-13,13,2026-11-01,True,BOGOTA,43433927.87,450564.74125,196324506.2,127610929.03,370.3969,382980.03,67584.71,85.0,15.0,Cubierta (85.0% Contratos / 15.0% Bolsa),1351.69422375,500663.3502249064,770251.3080383175,708631.2033952521,-61620.104643065366,61620.104643065366,7.9999999999999964
2026-11-13,13,2026-11-01,True,CARIBE_MAR,34570733.21,450564.74125,196324506.2,127610929.03,370.3969,382980.03,67584.71,85.0,15.0,Cubierta (85.0% Contratos / 15.0% Bolsa),1351.69422375,500663.3502249064,770251.3080383175,708631.2033952521,-61620.104643065366,61620.104643065366,7.9999999999999964
2026-11-13,13,2026-11-01,True,CARIBE_SOL,27090116.24,450564.74125,196324506.2,127610929.03,370.3969,382980.03,67584.71,85.0,15.0,Cubierta (85.0% Contratos / 15.0% Bolsa),1351.69422375,500663.3502249064,770251.3080383175,708631.2033952521,-61620.104643065366,61620.104643065366,7.9999999999999964
2026-11-13,13,2026-11-01,True,VALLE,22288744.69,450564.74125,196324506.2,127610929.03,370.3969,382980.03,67584.71,85.0,15.0,Cubierta (85.0% Contratos / 15.0% Bolsa),1351.69422375,500663.3502249064,770251.3080383175,708631.2033952521,-61620.104643065366,61620.104643065366,7.9999999999999964
2026-11-13,13,2026-11-01,True,SANTANDER,17414414.36,450564.74125,196324506.2,127610929.03,370.3969,382980.03,67584.71,85.0,15.0,Cubierta (85.0% Contratos / 15.0% Bolsa),1351.69422375,500663.3502249064,770251.3080383175,708631.2033952521,-61620.104643065366,61620.104643065366,7.9999999999999964
2026-11-13,13,2026-11-01,True,CUNDINAMARCA,11173529.29,450564.74125,196324506.2,127610929.03,370.3969,382980.03,67584.71,85.0,15.0,Cubierta (85.0% Contratos / 15.0% Bolsa),1351.69422375,500663.3502249064,770251.3080383175,708631.2033952521,-61620.104643065366,61620.104643065366,7.9999999999999964
2026-11-13,13,2026-11-01,True,TOLIMA,9232310.59,450564.74125,196324506.2,127610929.03,370.3969,382980.03,67584.71,85.0,15.0,Cubierta (85.0% Contratos / 15.0% Bolsa),1351.69422375,500663.3502249064,770251.3080383175,708631.2033952521,-61620.104643065366,61620.104643065366,7.9999999999999964
2026-11-14,14,2026-11-01,True,ANTIOQUIA,26321489.48,320327.81875,165544092.31,107603660.0,370.5902,272278.65,48049.17,85.0,15.0,Cubierta (85.0% Contratos / 15.0% Bolsa),960.9834562499999,356131.0512483787,547893.9250051434,504062.41100473196,-43831.51400041144,43831.51400041144,7.999999999999993
2026-11-14,14,2026-11-01,True,BOGOTA,36547198.08,320327.81875,165544092.31,107603660.0,370.5902,272278.65,48049.17,85.0,15.0,Cubierta (85.0% Contratos / 15.0% Bolsa),960.9834562499999,356131.0512483787,547893.9250051434,504062.41100473196,-43831.51400041144,43831.51400041144,7.999999999999993
2026-11-14,14,2026-11-01,True,CARIBE_MAR,29120077.13,320327.81875,165544092.31,107603660.0,370.5902,272278.65,48049.17,85.0,15.0,Cubierta (85.0% Contratos / 15.0% Bolsa),960.9834562499999,356131.0512483787,547893.9250051434,504062.41100473196,-43831.51400041144,43831.51400041144,7.999999999999993
2026-11-14,14,2026-11-01,True,CARIBE_SOL,22832254.52,320327.81875,165544092.31,107603660.0,370.5902,272278.65,48049.17,85.0,15.0,Cubierta (85.0% Contratos / 15.0% Bolsa),960.9834562499999,356131.0512483787,547893.9250051434,504062.41100473196,-43831.51400041144,43831.51400041144,7.999999999999993
2026-11-14,14,2026-11-01,True,VALLE,18921013.15,320327.81875,165544092.31,107603660.0,370.5902,272278.65,48049.17,85.0,15.0,Cubierta (85.0% Contratos / 15.0% Bolsa),960.9834562499999,356131.0512483787,547893.9250051434,504062.41100473196,-43831.51400041144,43831.51400041144,7.999999999999993
2026-11-14,14,2026-11-01,True,SANTANDER,14508833.8,320327.81875,165544092.31,107603660.0,370.5902,272278.65,48049.17,85.0,15.0,Cubierta (85.0% Contratos / 15.0% Bolsa),960.9834562499999,356131.0512483787,547893.9250051434,504062.41100473196,-43831.51400041144,43831.51400041144,7.999999999999993
2026-11-14,14,2026-11-01,True,CUNDINAMARCA,9363537.81,320327.81875,165544092.31,107603660.0,370.5902,272278.65,48049.17,85.0,15.0,Cubierta (85.0% Contratos / 15.0% Bolsa),960.9834562499999,356131.0512483787,547893.9250051434,504062.41100473196,-43831.51400041144,43831.51400041144,7.999999999999993
2026-11-14,14,2026-11-01,True,TOLIMA,7929688.34,320327.81875,165544092.31,107603660.0,370.5902,272278.65,48049.17,85.0,15.0,Cubierta (85.0% Contratos / 15.0% Bolsa),960.9834562499999,356131.0512483787,547893.9250051434,504062.41100473196,-43831.51400041144,43831.51400041144,7.999999999999993
2026-11-15,15,2026-11-01,True,ANTIOQUIA,26238790.48,320140.22125,165447142.5,107540642.62,370.8641,272119.19,48021.03,85.0,15.0,Cubierta (85.0% Contratos / 15.0% Bolsa),960.42066375,356185.54508304637,547977.7616917029,504139.5407563667,-43838.2209353362,43838.2209353362,7.999999999999995
2026-11-15,15,2026-11-01,True,BOGOTA,36684860.32,320140.22125,165447142.5,107540642.62,370.8641,272119.19,48021.03,85.0,15.0,Cubierta (85.0% Contratos / 15.0% Bolsa),960.42066375,356185.54508304637,547977.7616917029,504139.5407563667,-43838.2209353362,43838.2209353362,7.999999999999995
2026-11-15,15,2026-11-01,True,CARIBE_MAR,29060326.19,320140.22125,165447142.5,107540642.62,370.8641,272119.19,48021.03,85.0,15.0,Cubierta (85.0% Contratos / 15.0% Bolsa),960.42066375,356185.54508304637,547977.7616917029,504139.5407563667,-43838.2209353362,43838.2209353362,7.999999999999995
2026-11-15,15,2026-11-01,True,CARIBE_SOL,22844347.0,320140.22125,165447142.5,107540642.62,370.8641,272119.19,48021.03,85.0,15.0,Cubierta (85.0% Contratos / 15.0% Bolsa),960.42066375,356185.54508304637,547977.7616917029,504139.5407563667,-43838.2209353362,43838.2209353362,7.999999999999995
2026-11-15,15,2026-11-01,True,VALLE,18880679.59,320140.22125,165447142.5,107540642.62,370.8641,272119.19,48021.03,85.0,15.0,Cubierta (85.0% Contratos / 15.0% Bolsa),960.42066375,356185.54508304637,547977.7616917029,504139.5407563667,-43838.2209353362,43838.2209353362,7.999999999999995
2026-11-15,15,2026-11-01,True,SANTANDER,14656689.52,320140.22125,165447142.5,107540642.62,370.8641,272119.19,48021.03,85.0,15.0,Cubierta (85.0% Contratos / 15.0% Bolsa),960.42066375,356185.54508304637,547977.7616917029,504139.5407563667,-43838.2209353362,43838.2209353362,7.999999999999995
2026-11-15,15,2026-11-01,True,CUNDINAMARCA,9373557.22,320140.22125,165447142.5,107540642.62,370.8641,272119.19,48021.03,85.0,15.0,Cubierta (85.0% Contratos / 15.0% Bolsa),960.42066375,356185.54508304637,547977.7616917029,504139.5407563667,-43838.2209353362,43838.2209353362,7.999999999999995
2026-11-15,15,2026-11-01,True,TOLIMA,7707892.18,320140.22125,165447142.5,107540642.62,370.8641,272119.19,48021.03,85.0,15.0,Cubierta (85.0% Contratos / 15.0% Bolsa),960.42066375,356185.54508304637,547977.7616917029,504139.5407563667,-43838.2209353362,43838.2209353362,7.999999999999995
2026-11-16,16,2026-11-01,True,ANTIOQUIA,30663393.92,447612.73375,195038228.26999998,126774848.38,371.2161,380470.82,67141.91,85.0,15.0,Cubierta (85.0% Contratos / 15.0% Bolsa),1342.83820125,498483.15999904013,766897.1692020708,705545.3956659052,-61351.773536165594,61351.773536165594,7.99999999999999
2026-11-16,16,2026-11-01,True,BOGOTA,43135194.76,447612.73375,195038228.26999998,126774848.38,371.2161,380470.82,67141.91,85.0,15.0,Cubierta (85.0% Contratos / 15.0% Bolsa),1342.83820125,498483.15999904013,766897.1692020708,705545.3956659052,-61351.773536165594,61351.773536165594,7.99999999999999
2026-11-16,16,2026-11-01,True,CARIBE_MAR,34567468.24,447612.73375,195038228.26999998,126774848.38,371.2161,380470.82,67141.91,85.0,15.0,Cubierta (85.0% Contratos / 15.0% Bolsa),1342.83820125,498483.15999904013,766897.1692020708,705545.3956659052,-61351.773536165594,61351.773536165594,7.99999999999999
2026-11-16,16,2026-11-01,True,CARIBE_SOL,27096495.83,447612.73375,195038228.26999998,126774848.38,371.2161,380470.82,67141.91,85.0,15.0,Cubierta (85.0% Contratos / 15.0% Bolsa),1342.83820125,498483.15999904013,766897.1692020708,705545.3956659052,-61351.773536165594,61351.773536165594,7.99999999999999
2026-11-16,16,2026-11-01,True,VALLE,22042827.54,447612.73375,195038228.26999998,126774848.38,371.2161,380470.82,67141.91,85.0,15.0,Cubierta (85.0% Contratos / 15.0% Bolsa),1342.83820125,498483.15999904013,766897.1692020708,705545.3956659052,-61351.773536165594,61351.773536165594,7.99999999999999
2026-11-16,16,2026-11-01,True,SANTANDER,17225823.73,447612.73375,195038228.26999998,126774848.38,371.2161,380470.82,67141.91,85.0,15.0,Cubierta (85.0% Contratos / 15.0% Bolsa),1342.83820125,498483.15999904013,766897.1692020708,705545.3956659052,-61351.773536165594,61351.773536165594,7.99999999999999
2026-11-16,16,2026-11-01,True,CUNDINAMARCA,11032411.38,447612.73375,195038228.26999998,126774848.38,371.2161,380470.82,67141.91,85.0,15.0,Cubierta (85.0% Contratos / 15.0% Bolsa),1342.83820125,498483.15999904013,766897.1692020708,705545.3956659052,-61351.773536165594,61351.773536165594,7.99999999999999
2026-11-16,16,2026-11-01,True,TOLIMA,9274612.87,447612.73375,195038228.26999998,126774848.38,371.2161,380470.82,67141.91,85.0,15.0,Cubierta (85.0% Contratos / 15.0% Bolsa),1342.83820125,498483.15999904013,766897.1692020708,705545.3956659052,-61351.773536165594,61351.773536165594,7.99999999999999
2026-11-17,17,2026-11-01,True,ANTIOQUIA,30823134.39,450510.1075,196300700.60999998,127595455.4,371.642,382933.59,67576.52,85.0,15.0,Cubierta (85.0% Contratos / 15.0% Bolsa),1351.5303225,502285.432114545,772746.8186165646,710927.0731272395,-61819.74548932514,61819.74548932514,7.9999999999999964
2026-11-17,17,2026-11-01,True,BOGOTA,43802575.93,450510.1075,196300700.60999998,127595455.4,371.642,382933.59,67576.52,85.0,15.0,Cubierta (85.0% Contratos / 15.0% Bolsa),1351.5303225,502285.432114545,772746.8186165646,710927.0731272395,-61819.74548932514,61819.74548932514,7.9999999999999964
2026-11-17,17,2026-11-01,True,CARIBE_MAR,34419880.65,450510.1075,196300700.60999998,127595455.4,371.642,382933.59,67576.52,85.0,15.0,Cubierta (85.0% Contratos / 15.0% Bolsa),1351.5303225,502285.432114545,772746.8186165646,710927.0731272395,-61819.74548932514,61819.74548932514,7.9999999999999964
2026-11-17,17,2026-11-01,True,CARIBE_SOL,27168543.35,450510.1075,196300700.60999998,127595455.4,371.642,382933.59,67576.52,85.0,15.0,Cubierta (85.0% Contratos / 15.0% Bolsa),1351.5303225,502285.432114545,772746.8186165646,710927.0731272395,-61819.74548932514,61819.74548932514,7.9999999999999964
2026-11-17,17,2026-11-01,True,VALLE,22082397.48,450510.1075,196300700.60999998,127595455.4,371.642,382933.59,67576.52,85.0,15.0,Cubierta (85.0% Contratos / 15.0% Bolsa),1351.5303225,502285.432114545,772746.8186165646,710927.0731272395,-61819.74548932514,61819.74548932514,7.9999999999999964
2026-11-17,17,2026-11-01,True,SANTANDER,17470204.51,450510.1075,196300700.60999998,127595455.4,371.642,382933.59,67576.52,85.0,15.0,Cubierta (85.0% Contratos / 15.0% Bolsa),1351.5303225,502285.432114545,772746.8186165646,710927.0731272395,-61819.74548932514,61819.74548932514,7.9999999999999964
2026-11-17,17,2026-11-01,True,CUNDINAMARCA,11208300.53,450510.1075,196300700.60999998,127595455.4,371.642,382933.59,67576.52,85.0,15.0,Cubierta (85.0% Contratos / 15.0% Bolsa),1351.5303225,502285.432114545,772746.8186165646,710927.0731272395,-61819.74548932514,61819.74548932514,7.9999999999999964
2026-11-17,17,2026-11-01,True,TOLIMA,9325663.77,450510.1075,196300700.60999998,127595455.4,371.642,382933.59,67576.52,85.0,15.0,Cubierta (85.0% Contratos / 15.0% Bolsa),1351.5303225,502285.432114545,772746.8186165646,710927.0731272395,-61819.74548932514,61819.74548932514,7.9999999999999964
2026-11-18,18,2026-11-01,True,ANTIOQUIA,31548978.78,453624.0,197657516.14999998,128477385.5,372.1363,385580.4,68043.6,85.0,15.0,Cubierta (85.0% Contratos / 15.0% Bolsa),1360.872,506429.87085360003,779122.8782211469,716793.0479634552,-62329.830257691676,62329.830257691676,7.99999999999999
2026-11-18,18,2026-11-01,True,BOGOTA,43398186.06,453624.0,197657516.14999998,128477385.5,372.1363,385580.4,68043.6,85.0,15.0,Cubierta (85.0% Contratos / 15.0% Bolsa),1360.872,506429.87085360003,779122.8782211469,716793.0479634552,-62329.830257691676,62329.830257691676,7.99999999999999
2026-11-18,18,2026-11-01,True,CARIBE_MAR,35371649.66,453624.0,197657516.14999998,128477385.5,372.1363,385580.4,68043.6,85.0,15.0,Cubierta (85.0% Contratos / 15.0% Bolsa),1360.872,506429.87085360003,779122.8782211469,716793.0479634552,-62329.830257691676,62329.830257691676,7.99999999999999
2026-11-18,18,2026-11-01,True,CARIBE_SOL,27318912.51,453624.0,197657516.14999998,128477385.5,372.1363,385580.4,68043.6,85.0,15.0,Cubierta (85.0% Contratos / 15.0% Bolsa),1360.872,506429.87085360003,779122.8782211469,716793.0479634552,-62329.830257691676,62329.830257691676,7.99999999999999
2026-11-18,18,2026-11-01,True,VALLE,22249144.07,453624.0,197657516.14999998,128477385.5,372.1363,385580.4,68043.6,85.0,15.0,Cubierta (85.0% Contratos / 15.0% Bolsa),1360.872,506429.87085360003,779122.8782211469,716793.0479634552,-62329.830257691676,62329.830257691676,7.99999999999999
2026-11-18,18,2026-11-01,True,SANTANDER,17304124.22,453624.0,197657516.14999998,128477385.5,372.1363,385580.4,68043.6,85.0,15.0,Cubierta (85.0% Contratos / 15.0% Bolsa),1360.872,506429.87085360003,779122.8782211469,716793.0479634552,-62329.830257691676,62329.830257691676,7.99999999999999
2026-11-18,18,2026-11-01,True,CUNDINAMARCA,11141455.91,453624.0,197657516.14999998,128477385.5,372.1363,385580.4,68043.6,85.0,15.0,Cubierta (85.0% Contratos / 15.0% Bolsa),1360.872,506429.87085360003,779122.8782211469,716793.0479634552,-62329.830257691676,62329.830257691676,7.99999999999999
2026-11-18,18,2026-11-01,True,TOLIMA,9325064.94,453624.0,197657516.14999998,128477385.5,372.1363,385580.4,68043.6,85.0,15.0,Cubierta (85.0% Contratos / 15.0% Bolsa),1360.872,506429.87085360003,779122.8782211469,716793.0479634552,-62329.830257691676,62329.830257691676,7.99999999999999
2026-11-19,19,2026-11-01,True,ANTIOQUIA,31517091.2,451998.0825,196949055.76,128016886.24,372.6919,384198.37,67799.71,85.0,15.0,Cubierta (85.0% Contratos / 15.0% Bolsa),1355.9942475,505368.0724898452,777489.3423163629,715290.1949310539,-62199.147385308985,62199.147385308985,7.999999999999995
2026-11-19,19,2026-11-01,True,BOGOTA,42516345.04,451998.0825,196949055.76,128016886.24,372.6919,384198.37,67799.71,85.0,15.0,Cubierta (85.0% Contratos / 15.0% Bolsa),1355.9942475,505368.0724898452,777489.3423163629,715290.1949310539,-62199.147385308985,62199.147385308985,7.999999999999995
2026-11-19,19,2026-11-01,True,CARIBE_MAR,35018341.12,451998.0825,196949055.76,128016886.24,372.6919,384198.37,67799.71,85.0,15.0,Cubierta (85.0% Contratos / 15.0% Bolsa),1355.9942475,505368.0724898452,777489.3423163629,715290.1949310539,-62199.147385308985,62199.147385308985,7.999999999999995
2026-11-19,19,2026-11-01,True,CARIBE_SOL,27420487.89,451998.0825,196949055.76,128016886.24,372.6919,384198.37,67799.71,85.0,15.0,Cubierta (85.0% Contratos / 15.0% Bolsa),1355.9942475,505368.0724898452,777489.3423163629,715290.1949310539,-62199.147385308985,62199.147385308985,7.999999999999995
2026-11-19,19,2026-11-01,True,VALLE,22423855.32,451998.0825,196949055.76,128016886.24,372.6919,384198.37,67799.71,85.0,15.0,Cubierta (85.0% Contratos / 15.0% Bolsa),1355.9942475,505368.0724898452,777489.3423163629,715290.1949310539,-62199.147385308985,62199.147385308985,7.999999999999995
2026-11-19,19,2026-11-01,True,SANTANDER,17595632.05,451998.0825,196949055.76,128016886.24,372.6919,384198.37,67799.71,85.0,15.0,Cubierta (85.0% Contratos / 15.0% Bolsa),1355.9942475,505368.0724898452,777489.3423163629,715290.1949310539,-62199.147385308985,62199.147385308985,7.999999999999995
2026-11-19,19,2026-11-01,True,CUNDINAMARCA,11226975.5,451998.0825,196949055.76,128016886.24,372.6919,384198.37,67799.71,85.0,15.0,Cubierta (85.0% Contratos / 15.0% Bolsa),1355.9942475,505368.0724898452,777489.3423163629,715290.1949310539,-62199.147385308985,62199.147385308985,7.999999999999995
2026-11-19,19,2026-11-01,True,TOLIMA,9230327.64,451998.0825,196949055.76,128016886.24,372.6919,384198.37,67799.71,85.0,15.0,Cubierta (85.0% Contratos / 15.0% Bolsa),1355.9942475,505368.0724898452,777489.3423163629,715290.1949310539,-62199.147385308985,62199.147385308985,7.999999999999995
2026-11-20,20,2026-11-01,True,ANTIOQUIA,31209695.32,450050.83,196100579.67999998,127465376.79,373.3006,382543.21,67507.62,85.0,15.0,Cubierta (85.0% Contratos / 15.0% Bolsa),1350.1524900000002,504012.73460849404,775404.2071021572,713371.8705339846,-62032.336568172555,62032.336568172555,7.999999999999997
2026-11-20,20,2026-11-01,True,BOGOTA,42993493.48,450050.83,196100579.67999998,127465376.79,373.3006,382543.21,67507.62,85.0,15.0,Cubierta (85.0% Contratos / 15.0% Bolsa),1350.1524900000002,504012.73460849404,775404.2071021572,713371.8705339846,-62032.336568172555,62032.336568172555,7.999999999999997
2026-11-20,20,2026-11-01,True,CARIBE_MAR,34928753.53,450050.83,196100579.67999998,127465376.79,373.3006,382543.21,67507.62,85.0,15.0,Cubierta (85.0% Contratos / 15.0% Bolsa),1350.1524900000002,504012.73460849404,775404.2071021572,713371.8705339846,-62032.336568172555,62032.336568172555,7.999999999999997
2026-11-20,20,2026-11-01,True,CARIBE_SOL,27410172.21,450050.83,196100579.67999998,127465376.79,373.3006,382543.21,67507.62,85.0,15.0,Cubierta (85.0% Contratos / 15.0% Bolsa),1350.1524900000002,504012.73460849404,775404.2071021572,713371.8705339846,-62032.336568172555,62032.336568172555,7.999999999999997
2026-11-20,20,2026-11-01,True,VALLE,22226355.95,450050.83,196100579.67999998,127465376.79,373.3006,382543.21,67507.62,85.0,15.0,Cubierta (85.0% Contratos / 15.0% Bolsa),1350.1524900000002,504012.73460849404,775404.2071021572,713371.8705339846,-62032.336568172555,62032.336568172555,7.999999999999997
2026-11-20,20,2026-11-01,True,SANTANDER,17116042.03,450050.83,196100579.67999998,127465376.79,373.3006,382543.21,67507.62,85.0,15.0,Cubierta (85.0% Contratos / 15.0% Bolsa),1350.1524900000002,504012.73460849404,775404.2071021572,713371.8705339846,-62032.336568172555,62032.336568172555,7.999999999999997
2026-11-20,20,2026-11-01,True,CUNDINAMARCA,10996629.25,450050.83,196100579.67999998,127465376.79,373.3006,382543.21,67507.62,85.0,15.0,Cubierta (85.0% Contratos / 15.0% Bolsa),1350.1524900000002,504012.73460849404,775404.2071021572,713371.8705339846,-62032.336568172555,62032.336568172555,7.999999999999997
2026-11-20,20,2026-11-01,True,TOLIMA,9219437.91,450050.83,196100579.67999998,127465376.79,373.3006,382543.21,67507.62,85.0,15.0,Cubierta (85.0% Contratos / 15.0% Bolsa),1350.1524900000002,504012.73460849404,775404.2071021572,713371.8705339846,-62032.336568172555,62032.336568172555,7.999999999999997
2026-11-21,21,2026-11-01,True,ANTIOQUIA,26237891.13,321607.79125,166205576.86,108033624.96,373.953,273366.62,48241.17,85.0,15.0,Cubierta (85.0% Contratos / 15.0% Bolsa),964.8233737500001,360798.59508393373,555074.7616624525,510668.7807294563,-44405.9809329962,44405.9809329962,8.0
2026-11-21,21,2026-11-01,True,BOGOTA,36726478.73,321607.79125,166205576.86,108033624.96,373.953,273366.62,48241.17,85.0,15.0,Cubierta (85.0% Contratos / 15.0% Bolsa),964.8233737500001,360798.59508393373,555074.7616624525,510668.7807294563,-44405.9809329962,44405.9809329962,8.0
2026-11-21,21,2026-11-01,True,CARIBE_MAR,29610000.41,321607.79125,166205576.86,108033624.96,373.953,273366.62,48241.17,85.0,15.0,Cubierta (85.0% Contratos / 15.0% Bolsa),964.8233737500001,360798.59508393373,555074.7616624525,510668.7807294563,-44405.9809329962,44405.9809329962,8.0
2026-11-21,21,2026-11-01,True,CARIBE_SOL,22879731.12,321607.79125,166205576.86,108033624.96,373.953,273366.62,48241.17,85.0,15.0,Cubierta (85.0% Contratos / 15.0% Bolsa),964.8233737500001,360798.59508393373,555074.7616624525,510668.7807294563,-44405.9809329962,44405.9809329962,8.0
2026-11-21,21,2026-11-01,True,VALLE,18793224.58,321607.79125,166205576.86,108033624.96,373.953,273366.62,48241.17,85.0,15.0,Cubierta (85.0% Contratos / 15.0% Bolsa),964.8233737500001,360798.59508393373,555074.7616624525,510668.7807294563,-44405.9809329962,44405.9809329962,8.0
2026-11-21,21,2026-11-01,True,SANTANDER,14704050.27,321607.79125,166205576.86,108033624.96,373.953,273366.62,48241.17,85.0,15.0,Cubierta (85.0% Contratos / 15.0% Bolsa),964.8233737500001,360798.59508393373,555074.7616624525,510668.7807294563,-44405.9809329962,44405.9809329962,8.0
2026-11-21,21,2026-11-01,True,CUNDINAMARCA,9510353.58,321607.79125,166205576.86,108033624.96,373.953,273366.62,48241.17,85.0,15.0,Cubierta (85.0% Contratos / 15.0% Bolsa),964.8233737500001,360798.59508393373,555074.7616624525,510668.7807294563,-44405.9809329962,44405.9809329962,8.0
2026-11-21,21,2026-11-01,True,TOLIMA,7743847.04,321607.79125,166205576.86,108033624.96,373.953,273366.62,48241.17,85.0,15.0,Cubierta (85.0% Contratos / 15.0% Bolsa),964.8233737500001,360798.59508393373,555074.7616624525,510668.7807294563,-44405.9809329962,44405.9809329962,8.0
2026-11-22,22,2026-11-01,True,ANTIOQUIA,26138185.08,321417.965,166107475.35999998,107969858.98,374.639,273205.27,48212.69,85.0,15.0,Cubierta (85.0% Contratos / 15.0% Bolsa),964.253895,361247.11496890505,555764.7922804435,511303.608898008,-44461.18338243547,44461.18338243547,7.999999999999999
2026-11-22,22,2026-11-01,True,BOGOTA,36296355.95,321417.965,166107475.35999998,107969858.98,374.639,273205.27,48212.69,85.0,15.0,Cubierta (85.0% Contratos / 15.0% Bolsa),964.253895,361247.11496890505,555764.7922804435,511303.608898008,-44461.18338243547,44461.18338243547,7.999999999999999
2026-11-22,22,2026-11-01,True,CARIBE_MAR,29690263.09,321417.965,166107475.35999998,107969858.98,374.639,273205.27,48212.69,85.0,15.0,Cubierta (85.0% Contratos / 15.0% Bolsa),964.253895,361247.11496890505,555764.7922804435,511303.608898008,-44461.18338243547,44461.18338243547,7.999999999999999
2026-11-22,22,2026-11-01,True,CARIBE_SOL,23110422.57,321417.965,166107475.35999998,107969858.98,374.639,273205.27,48212.69,85.0,15.0,Cubierta (85.0% Contratos / 15.0% Bolsa),964.253895,361247.11496890505,555764.7922804435,511303.608898008,-44461.18338243547,44461.18338243547,7.999999999999999
2026-11-22,22,2026-11-01,True,VALLE,18733638.74,321417.965,166107475.35999998,107969858.98,374.639,273205.27,48212.69,85.0,15.0,Cubierta (85.0% Contratos / 15.0% Bolsa),964.253895,361247.11496890505,555764.7922804435,511303.608898008,-44461.18338243547,44461.18338243547,7.999999999999999
2026-11-22,22,2026-11-01,True,SANTANDER,14875537.52,321417.965,166107475.35999998,107969858.98,374.639,273205.27,48212.69,85.0,15.0,Cubierta (85.0% Contratos / 15.0% Bolsa),964.253895,361247.11496890505,555764.7922804435,511303.608898008,-44461.18338243547,44461.18338243547,7.999999999999999
2026-11-22,22,2026-11-01,True,CUNDINAMARCA,9410336.13,321417.965,166107475.35999998,107969858.98,374.639,273205.27,48212.69,85.0,15.0,Cubierta (85.0% Contratos / 15.0% Bolsa),964.253895,361247.11496890505,555764.7922804435,511303.608898008,-44461.18338243547,44461.18338243547,7.999999999999999
2026-11-22,22,2026-11-01,True,TOLIMA,7852736.28,321417.965,166107475.35999998,107969858.98,374.639,273205.27,48212.69,85.0,15.0,Cubierta (85.0% Contratos / 15.0% Bolsa),964.253895,361247.11496890505,555764.7922804435,511303.608898008,-44461.18338243547,44461.18338243547,7.999999999999999
2026-11-23,23,2026-11-01,True,ANTIOQUIA,30934572.56,451835.565,196878241.94000003,127970857.26,375.3474,384060.23,67775.33,85.0,15.0,Cubierta (85.0% Contratos / 15.0% Bolsa),1355.506695,508785.913650843,782747.559468952,720127.7547114359,-62619.80475751613,62619.80475751613,7.9999999999999964
2026-11-23,23,2026-11-01,True,BOGOTA,43285217.09,451835.565,196878241.94000003,127970857.26,375.3474,384060.23,67775.33,85.0,15.0,Cubierta (85.0% Contratos / 15.0% Bolsa),1355.506695,508785.913650843,782747.559468952,720127.7547114359,-62619.80475751613,62619.80475751613,7.9999999999999964
2026-11-23,23,2026-11-01,True,CARIBE_MAR,34906434.05,451835.565,196878241.94000003,127970857.26,375.3474,384060.23,67775.33,85.0,15.0,Cubierta (85.0% Contratos / 15.0% Bolsa),1355.506695,508785.913650843,782747.559468952,720127.7547114359,-62619.80475751613,62619.80475751613,7.9999999999999964
2026-11-23,23,2026-11-01,True,CARIBE_SOL,27542641.3,451835.565,196878241.94000003,127970857.26,375.3474,384060.23,67775.33,85.0,15.0,Cubierta (85.0% Contratos / 15.0% Bolsa),1355.506695,508785.913650843,782747.559468952,720127.7547114359,-62619.80475751613,62619.80475751613,7.9999999999999964
2026-11-23,23,2026-11-01,True,VALLE,22322915.02,451835.565,196878241.94000003,127970857.26,375.3474,384060.23,67775.33,85.0,15.0,Cubierta (85.0% Contratos / 15.0% Bolsa),1355.506695,508785.913650843,782747.559468952,720127.7547114359,-62619.80475751613,62619.80475751613,7.9999999999999964
2026-11-23,23,2026-11-01,True,SANTANDER,17334356.4,451835.565,196878241.94000003,127970857.26,375.3474,384060.23,67775.33,85.0,15.0,Cubierta (85.0% Contratos / 15.0% Bolsa),1355.506695,508785.913650843,782747.559468952,720127.7547114359,-62619.80475751613,62619.80475751613,7.9999999999999964
2026-11-23,23,2026-11-01,True,CUNDINAMARCA,11218705.55,451835.565,196878241.94000003,127970857.26,375.3474,384060.23,67775.33,85.0,15.0,Cubierta (85.0% Contratos / 15.0% Bolsa),1355.506695,508785.913650843,782747.559468952,720127.7547114359,-62619.80475751613,62619.80475751613,7.9999999999999964
2026-11-23,23,2026-11-01,True,TOLIMA,9333399.97,451835.565,196878241.94000003,127970857.26,375.3474,384060.23,67775.33,85.0,15.0,Cubierta (85.0% Contratos / 15.0% Bolsa),1355.506695,508785.913650843,782747.559468952,720127.7547114359,-62619.80475751613,62619.80475751613,7.9999999999999964
2026-11-24,24,2026-11-01,True,ANTIOQUIA,30968591.33,452172.2275,197024935.52000004,128066208.09,376.0671,384346.39,67825.83,85.0,15.0,Cubierta (85.0% Contratos / 15.0% Bolsa),1356.5166825,510141.2948893957,784832.7613560446,722046.140447561,-62786.62090848351,62786.62090848351,7.999999999999993
2026-11-24,24,2026-11-01,True,BOGOTA,43895304.32,452172.2275,197024935.52000004,128066208.09,376.0671,384346.39,67825.83,85.0,15.0,Cubierta (85.0% Contratos / 15.0% Bolsa),1356.5166825,510141.2948893957,784832.7613560446,722046.140447561,-62786.62090848351,62786.62090848351,7.999999999999993
2026-11-24,24,2026-11-01,True,CARIBE_MAR,34871489.62,452172.2275,197024935.52000004,128066208.09,376.0671,384346.39,67825.83,85.0,15.0,Cubierta (85.0% Contratos / 15.0% Bolsa),1356.5166825,510141.2948893957,784832.7613560446,722046.140447561,-62786.62090848351,62786.62090848351,7.999999999999993
2026-11-24,24,2026-11-01,True,CARIBE_SOL,27368316.89,452172.2275,197024935.52000004,128066208.09,376.0671,384346.39,67825.83,85.0,15.0,Cubierta (85.0% Contratos / 15.0% Bolsa),1356.5166825,510141.2948893957,784832.7613560446,722046.140447561,-62786.62090848351,62786.62090848351,7.999999999999993
2026-11-24,24,2026-11-01,True,VALLE,22199912.97,452172.2275,197024935.52000004,128066208.09,376.0671,384346.39,67825.83,85.0,15.0,Cubierta (85.0% Contratos / 15.0% Bolsa),1356.5166825,510141.2948893957,784832.7613560446,722046.140447561,-62786.62090848351,62786.62090848351,7.999999999999993
2026-11-24,24,2026-11-01,True,SANTANDER,17251124.08,452172.2275,197024935.52000004,128066208.09,376.0671,384346.39,67825.83,85.0,15.0,Cubierta (85.0% Contratos / 15.0% Bolsa),1356.5166825,510141.2948893957,784832.7613560446,722046.140447561,-62786.62090848351,62786.62090848351,7.999999999999993
2026-11-24,24,2026-11-01,True,CUNDINAMARCA,11116992.69,452172.2275,197024935.52000004,128066208.09,376.0671,384346.39,67825.83,85.0,15.0,Cubierta (85.0% Contratos / 15.0% Bolsa),1356.5166825,510141.2948893957,784832.7613560446,722046.140447561,-62786.62090848351,62786.62090848351,7.999999999999993
2026-11-24,24,2026-11-01,True,TOLIMA,9353203.62,452172.2275,197024935.52000004,128066208.09,376.0671,384346.39,67825.83,85.0,15.0,Cubierta (85.0% Contratos / 15.0% Bolsa),1356.5166825,510141.2948893957,784832.7613560446,722046.140447561,-62786.62090848351,62786.62090848351,7.999999999999993
2026-11-25,25,2026-11-01,True,ANTIOQUIA,30527583.32,449259.7975,195755902.97,127241336.93,376.7864,381870.83,67388.97,85.0,15.0,Cubierta (85.0% Contratos / 15.0% Bolsa),1347.7793925,507824.945294262,781269.146609627,718767.6148808568,-62501.53172877012,62501.53172877012,7.999999999999995
2026-11-25,25,2026-11-01,True,BOGOTA,43339788.34,449259.7975,195755902.97,127241336.93,376.7864,381870.83,67388.97,85.0,15.0,Cubierta (85.0% Contratos / 15.0% Bolsa),1347.7793925,507824.945294262,781269.146609627,718767.6148808568,-62501.53172877012,62501.53172877012,7.999999999999995
2026-11-25,25,2026-11-01,True,CARIBE_MAR,34429429.96,449259.7975,195755902.97,127241336.93,376.7864,381870.83,67388.97,85.0,15.0,Cubierta (85.0% Contratos / 15.0% Bolsa),1347.7793925,507824.945294262,781269.146609627,718767.6148808568,-62501.53172877012,62501.53172877012,7.999999999999995
2026-11-25,25,2026-11-01,True,CARIBE_SOL,27038076.88,449259.7975,195755902.97,127241336.93,376.7864,381870.83,67388.97,85.0,15.0,Cubierta (85.0% Contratos / 15.0% Bolsa),1347.7793925,507824.945294262,781269.146609627,718767.6148808568,-62501.53172877012,62501.53172877012,7.999999999999995
2026-11-25,25,2026-11-01,True,VALLE,22523061.08,449259.7975,195755902.97,127241336.93,376.7864,381870.83,67388.97,85.0,15.0,Cubierta (85.0% Contratos / 15.0% Bolsa),1347.7793925,507824.945294262,781269.146609627,718767.6148808568,-62501.53172877012,62501.53172877012,7.999999999999995
2026-11-25,25,2026-11-01,True,SANTANDER,17396243.31,449259.7975,195755902.97,127241336.93,376.7864,381870.83,67388.97,85.0,15.0,Cubierta (85.0% Contratos / 15.0% Bolsa),1347.7793925,507824.945294262,781269.146609627,718767.6148808568,-62501.53172877012,62501.53172877012,7.999999999999995
2026-11-25,25,2026-11-01,True,CUNDINAMARCA,11286388.12,449259.7975,195755902.97,127241336.93,376.7864,381870.83,67388.97,85.0,15.0,Cubierta (85.0% Contratos / 15.0% Bolsa),1347.7793925,507824.945294262,781269.146609627,718767.6148808568,-62501.53172877012,62501.53172877012,7.999999999999995
2026-11-25,25,2026-11-01,True,TOLIMA,9215331.96,449259.7975,195755902.97,127241336.93,376.7864,381870.83,67388.97,85.0,15.0,Cubierta (85.0% Contratos / 15.0% Bolsa),1347.7793925,507824.945294262,781269.146609627,718767.6148808568,-62501.53172877012,62501.53172877012,7.999999999999995
2026-11-26,26,2026-11-01,True,ANTIOQUIA,31024960.7,448551.35625,195447214.07999998,127040689.15,377.4937,381268.65,67282.7,85.0,15.0,Cubierta (85.0% Contratos / 15.0% Bolsa),1345.65406875,507975.9333324919,781501.4359084443,718981.3210357688,-62520.114872675505,62520.114872675505,7.999999999999995
2026-11-26,26,2026-11-01,True,BOGOTA,42644681.15,448551.35625,195447214.07999998,127040689.15,377.4937,381268.65,67282.7,85.0,15.0,Cubierta (85.0% Contratos / 15.0% Bolsa),1345.65406875,507975.9333324919,781501.4359084443,718981.3210357688,-62520.114872675505,62520.114872675505,7.999999999999995
2026-11-26,26,2026-11-01,True,CARIBE_MAR,34817127.13,448551.35625,195447214.07999998,127040689.15,377.4937,381268.65,67282.7,85.0,15.0,Cubierta (85.0% Contratos / 15.0% Bolsa),1345.65406875,507975.9333324919,781501.4359084443,718981.3210357688,-62520.114872675505,62520.114872675505,7.999999999999995
2026-11-26,26,2026-11-01,True,CARIBE_SOL,27181854.48,448551.35625,195447214.07999998,127040689.15,377.4937,381268.65,67282.7,85.0,15.0,Cubierta (85.0% Contratos / 15.0% Bolsa),1345.65406875,507975.9333324919,781501.4359084443,718981.3210357688,-62520.114872675505,62520.114872675505,7.999999999999995
2026-11-26,26,2026-11-01,True,VALLE,21958386.23,448551.35625,195447214.07999998,127040689.15,377.4937,381268.65,67282.7,85.0,15.0,Cubierta (85.0% Contratos / 15.0% Bolsa),1345.65406875,507975.9333324919,781501.4359084443,718981.3210357688,-62520.114872675505,62520.114872675505,7.999999999999995
2026-11-26,26,2026-11-01,True,SANTANDER,17487478.29,448551.35625,195447214.07999998,127040689.15,377.4937,381268.65,67282.7,85.0,15.0,Cubierta (85.0% Contratos / 15.0% Bolsa),1345.65406875,507975.9333324919,781501.4359084443,718981.3210357688,-62520.114872675505,62520.114872675505,7.999999999999995
2026-11-26,26,2026-11-01,True,CUNDINAMARCA,11103929.52,448551.35625,195447214.07999998,127040689.15,377.4937,381268.65,67282.7,85.0,15.0,Cubierta (85.0% Contratos / 15.0% Bolsa),1345.65406875,507975.9333324919,781501.4359084443,718981.3210357688,-62520.114872675505,62520.114872675505,7.999999999999995
2026-11-26,26,2026-11-01,True,TOLIMA,9228796.58,448551.35625,195447214.07999998,127040689.15,377.4937,381268.65,67282.7,85.0,15.0,Cubierta (85.0% Contratos / 15.0% Bolsa),1345.65406875,507975.9333324919,781501.4359084443,718981.3210357688,-62520.114872675505,62520.114872675505,7.999999999999995
2026-11-27,27,2026-11-01,True,ANTIOQUIA,30694395.12,450186.9675,196159898.86,127503934.26,378.1776,382658.92,67528.05,85.0,15.0,Cubierta (85.0% Contratos / 15.0% Bolsa),1350.5609025,510751.88076128403,785772.1242419668,722910.3543026095,-62861.7699393573,62861.7699393573,7.999999999999995
2026-11-27,27,2026-11-01,True,BOGOTA,43195953.88,450186.9675,196159898.86,127503934.26,378.1776,382658.92,67528.05,85.0,15.0,Cubierta (85.0% Contratos / 15.0% Bolsa),1350.5609025,510751.88076128403,785772.1242419668,722910.3543026095,-62861.7699393573,62861.7699393573,7.999999999999995
2026-11-27,27,2026-11-01,True,CARIBE_MAR,34444765.99,450186.9675,196159898.86,127503934.26,378.1776,382658.92,67528.05,85.0,15.0,Cubierta (85.0% Contratos / 15.0% Bolsa),1350.5609025,510751.88076128403,785772.1242419668,722910.3543026095,-62861.7699393573,62861.7699393573,7.999999999999995
2026-11-27,27,2026-11-01,True,CARIBE_SOL,27560932.96,450186.9675,196159898.86,127503934.26,378.1776,382658.92,67528.05,85.0,15.0,Cubierta (85.0% Contratos / 15.0% Bolsa),1350.5609025,510751.88076128403,785772.1242419668,722910.3543026095,-62861.7699393573,62861.7699393573,7.999999999999995
2026-11-27,27,2026-11-01,True,VALLE,22458348.37,450186.9675,196159898.86,127503934.26,378.1776,382658.92,67528.05,85.0,15.0,Cubierta (85.0% Contratos / 15.0% Bolsa),1350.5609025,510751.88076128403,785772.1242419668,722910.3543026095,-62861.7699393573,62861.7699393573,7.999999999999995
2026-11-27,27,2026-11-01,True,SANTANDER,17436473.6,450186.9675,196159898.86,127503934.26,378.1776,382658.92,67528.05,85.0,15.0,Cubierta (85.0% Contratos / 15.0% Bolsa),1350.5609025,510751.88076128403,785772.1242419668,722910.3543026095,-62861.7699393573,62861.7699393573,7.999999999999995
2026-11-27,27,2026-11-01,True,CUNDINAMARCA,11041872.97,450186.9675,196159898.86,127503934.26,378.1776,382658.92,67528.05,85.0,15.0,Cubierta (85.0% Contratos / 15.0% Bolsa),1350.5609025,510751.88076128403,785772.1242419668,722910.3543026095,-62861.7699393573,62861.7699393573,7.999999999999995
2026-11-27,27,2026-11-01,True,TOLIMA,9327155.97,450186.9675,196159898.86,127503934.26,378.1776,382658.92,67528.05,85.0,15.0,Cubierta (85.0% Contratos / 15.0% Bolsa),1350.5609025,510751.88076128403,785772.1242419668,722910.3543026095,-62861.7699393573,62861.7699393573,7.999999999999995
2026-11-28,28,2026-11-01,True,ANTIOQUIA,26296055.36,321648.3775,166226551.63,108047258.56,378.8272,273401.12,48247.26,85.0,15.0,Cubierta (85.0% Contratos / 15.0% Bolsa),964.9451325,365547.462698604,562380.7118414037,517390.25489409146,-44990.45694731228,44990.45694731228,7.999999999999997
2026-11-28,28,2026-11-01,True,BOGOTA,36778493.29,321648.3775,166226551.63,108047258.56,378.8272,273401.12,48247.26,85.0,15.0,Cubierta (85.0% Contratos / 15.0% Bolsa),964.9451325,365547.462698604,562380.7118414037,517390.25489409146,-44990.45694731228,44990.45694731228,7.999999999999997
2026-11-28,28,2026-11-01,True,CARIBE_MAR,29536947.48,321648.3775,166226551.63,108047258.56,378.8272,273401.12,48247.26,85.0,15.0,Cubierta (85.0% Contratos / 15.0% Bolsa),964.9451325,365547.462698604,562380.7118414037,517390.25489409146,-44990.45694731228,44990.45694731228,7.999999999999997
2026-11-28,28,2026-11-01,True,CARIBE_SOL,23073826.2,321648.3775,166226551.63,108047258.56,378.8272,273401.12,48247.26,85.0,15.0,Cubierta (85.0% Contratos / 15.0% Bolsa),964.9451325,365547.462698604,562380.7118414037,517390.25489409146,-44990.45694731228,44990.45694731228,7.999999999999997
2026-11-28,28,2026-11-01,True,VALLE,18693197.04,321648.3775,166226551.63,108047258.56,378.8272,273401.12,48247.26,85.0,15.0,Cubierta (85.0% Contratos / 15.0% Bolsa),964.9451325,365547.462698604,562380.7118414037,517390.25489409146,-44990.45694731228,44990.45694731228,7.999999999999997
2026-11-28,28,2026-11-01,True,SANTANDER,14722567.39,321648.3775,166226551.63,108047258.56,378.8272,273401.12,48247.26,85.0,15.0,Cubierta (85.0% Contratos / 15.0% Bolsa),964.9451325,365547.462698604,562380.7118414037,517390.25489409146,-44990.45694731228,44990.45694731228,7.999999999999997
2026-11-28,28,2026-11-01,True,CUNDINAMARCA,9299602.1,321648.3775,166226551.63,108047258.56,378.8272,273401.12,48247.26,85.0,15.0,Cubierta (85.0% Contratos / 15.0% Bolsa),964.9451325,365547.462698604,562380.7118414037,517390.25489409146,-44990.45694731228,44990.45694731228,7.999999999999997
2026-11-28,28,2026-11-01,True,TOLIMA,7825862.77,321648.3775,166226551.63,108047258.56,378.8272,273401.12,48247.26,85.0,15.0,Cubierta (85.0% Contratos / 15.0% Bolsa),964.9451325,365547.462698604,562380.7118414037,517390.25489409146,-44990.45694731228,44990.45694731228,7.999999999999997
2026-11-29,29,2026-11-01,True,ANTIOQUIA,26101978.45,321335.43,166064821.48,107942133.96,379.4325,273135.12,48200.31,85.0,15.0,Cubierta (85.0% Contratos / 15.0% Bolsa),964.00629,365775.316630425,562731.2563649265,517712.75585573236,-45018.5005091941,45018.5005091941,7.9999999999999964
2026-11-29,29,2026-11-01,True,BOGOTA,36788646.8,321335.43,166064821.48,107942133.96,379.4325,273135.12,48200.31,85.0,15.0,Cubierta (85.0% Contratos / 15.0% Bolsa),964.00629,365775.316630425,562731.2563649265,517712.75585573236,-45018.5005091941,45018.5005091941,7.9999999999999964
2026-11-29,29,2026-11-01,True,CARIBE_MAR,29120436.48,321335.43,166064821.48,107942133.96,379.4325,273135.12,48200.31,85.0,15.0,Cubierta (85.0% Contratos / 15.0% Bolsa),964.00629,365775.316630425,562731.2563649265,517712.75585573236,-45018.5005091941,45018.5005091941,7.9999999999999964
2026-11-29,29,2026-11-01,True,CARIBE_SOL,23354046.01,321335.43,166064821.48,107942133.96,379.4325,273135.12,48200.31,85.0,15.0,Cubierta (85.0% Contratos / 15.0% Bolsa),964.00629,365775.316630425,562731.2563649265,517712.75585573236,-45018.5005091941,45018.5005091941,7.9999999999999964
2026-11-29,29,2026-11-01,True,VALLE,18814650.5,321335.43,166064821.48,107942133.96,379.4325,273135.12,48200.31,85.0,15.0,Cubierta (85.0% Contratos / 15.0% Bolsa),964.00629,365775.316630425,562731.2563649265,517712.75585573236,-45018.5005091941,45018.5005091941,7.9999999999999964
2026-11-29,29,2026-11-01,True,SANTANDER,14594501.04,321335.43,166064821.48,107942133.96,379.4325,273135.12,48200.31,85.0,15.0,Cubierta (85.0% Contratos / 15.0% Bolsa),964.00629,365775.316630425,562731.2563649265,517712.75585573236,-45018.5005091941,45018.5005091941,7.9999999999999964
2026-11-29,29,2026-11-01,True,CUNDINAMARCA,9470458.16,321335.43,166064821.48,107942133.96,379.4325,273135.12,48200.31,85.0,15.0,Cubierta (85.0% Contratos / 15.0% Bolsa),964.00629,365775.316630425,562731.2563649265,517712.75585573236,-45018.5005091941,45018.5005091941,7.9999999999999964
2026-11-29,29,2026-11-01,True,TOLIMA,7820104.04,321335.43,166064821.48,107942133.96,379.4325,273135.12,48200.31,85.0,15.0,Cubierta (85.0% Contratos / 15.0% Bolsa),964.00629,365775.316630425,562731.2563649265,517712.75585573236,-45018.5005091941,45018.5005091941,7.9999999999999964
2026-11-30,30,2026-11-01,True,ANTIOQUIA,31185338.45,452135.3125,197008850.61999997,128055752.9,379.984,384315.02,67820.3,85.0,15.0,Cubierta (85.0% Contratos / 15.0% Bolsa),1356.4059375,515412.55375499994,792942.3904108839,729506.9991780133,-63435.391232870636,63435.391232870636,7.99999999999999
2026-11-30,30,2026-11-01,True,BOGOTA,43079990.12,452135.3125,197008850.61999997,128055752.9,379.984,384315.02,67820.3,85.0,15.0,Cubierta (85.0% Contratos / 15.0% Bolsa),1356.4059375,515412.55375499994,792942.3904108839,729506.9991780133,-63435.391232870636,63435.391232870636,7.99999999999999
2026-11-30,30,2026-11-01,True,CARIBE_MAR,35162237.0,452135.3125,197008850.61999997,128055752.9,379.984,384315.02,67820.3,85.0,15.0,Cubierta (85.0% Contratos / 15.0% Bolsa),1356.4059375,515412.55375499994,792942.3904108839,729506.9991780133,-63435.391232870636,63435.391232870636,7.99999999999999
2026-11-30,30,2026-11-01,True,CARIBE_SOL,27683216.92,452135.3125,197008850.61999997,128055752.9,379.984,384315.02,67820.3,85.0,15.0,Cubierta (85.0% Contratos / 15.0% Bolsa),1356.4059375,515412.55375499994,792942.3904108839,729506.9991780133,-63435.391232870636,63435.391232870636,7.99999999999999
2026-11-30,30,2026-11-01,True,VALLE,22208367.98,452135.3125,197008850.61999997,128055752.9,379.984,384315.02,67820.3,85.0,15.0,Cubierta (85.0% Contratos / 15.0% Bolsa),1356.4059375,515412.55375499994,792942.3904108839,729506.9991780133,-63435.391232870636,63435.391232870636,7.99999999999999
2026-11-30,30,2026-11-01,True,SANTANDER,17181267.73,452135.3125,197008850.61999997,128055752.9,379.984,384315.02,67820.3,85.0,15.0,Cubierta (85.0% Contratos / 15.0% Bolsa),1356.4059375,515412.55375499994,792942.3904108839,729506.9991780133,-63435.391232870636,63435.391232870636,7.99999999999999
2026-11-30,30,2026-11-01,True,CUNDINAMARCA,11113616.14,452135.3125,197008850.61999997,128055752.9,379.984,384315.02,67820.3,85.0,15.0,Cubierta (85.0% Contratos / 15.0% Bolsa),1356.4059375,515412.55375499994,792942.3904108839,729506.9991780133,-63435.391232870636,63435.391232870636,7.99999999999999
2026-11-30,30,2026-11-01,True,TOLIMA,9394816.28,452135.3125,197008850.61999997,128055752.9,379.984,384315.02,67820.3,85.0,15.0,Cubierta (85.0% Contratos / 15.0% Bolsa),1356.4059375,515412.55375499994,792942.3904108839,729506.9991780133,-63435.391232870636,63435.391232870636,7.99999999999999
2026-12-01,1,2026-12-01,True,ANTIOQUIA,31221359.49,453844.81375,197753731.22000003,128539925.29,380.4737,385768.09,68076.72,85.0,15.0,Cubierta (85.0% Contratos / 15.0% Bolsa),1361.5344412499999,518028.0465398201,796966.2254644777,733208.9274273195,-63757.29803715821,63757.29803715821,7.999999999999999
2026-12-01,1,2026-12-01,True,BOGOTA,43705368.8,453844.81375,197753731.22000003,128539925.29,380.4737,385768.09,68076.72,85.0,15.0,Cubierta (85.0% Contratos / 15.0% Bolsa),1361.5344412499999,518028.0465398201,796966.2254644777,733208.9274273195,-63757.29803715821,63757.29803715821,7.999999999999999
2026-12-01,1,2026-12-01,True,CARIBE_MAR,35082210.27,453844.81375,197753731.22000003,128539925.29,380.4737,385768.09,68076.72,85.0,15.0,Cubierta (85.0% Contratos / 15.0% Bolsa),1361.5344412499999,518028.0465398201,796966.2254644777,733208.9274273195,-63757.29803715821,63757.29803715821,7.999999999999999
2026-12-01,1,2026-12-01,True,CARIBE_SOL,27277975.02,453844.81375,197753731.22000003,128539925.29,380.4737,385768.09,68076.72,85.0,15.0,Cubierta (85.0% Contratos / 15.0% Bolsa),1361.5344412499999,518028.0465398201,796966.2254644777,733208.9274273195,-63757.29803715821,63757.29803715821,7.999999999999999
2026-12-01,1,2026-12-01,True,VALLE,22453206.4,453844.81375,197753731.22000003,128539925.29,380.4737,385768.09,68076.72,85.0,15.0,Cubierta (85.0% Contratos / 15.0% Bolsa),1361.5344412499999,518028.0465398201,796966.2254644777,733208.9274273195,-63757.29803715821,63757.29803715821,7.999999999999999
2026-12-01,1,2026-12-01,True,SANTANDER,17558680.18,453844.81375,197753731.22000003,128539925.29,380.4737,385768.09,68076.72,85.0,15.0,Cubierta (85.0% Contratos / 15.0% Bolsa),1361.5344412499999,518028.0465398201,796966.2254644777,733208.9274273195,-63757.29803715821,63757.29803715821,7.999999999999999
2026-12-01,1,2026-12-01,True,CUNDINAMARCA,11178942.95,453844.81375,197753731.22000003,128539925.29,380.4737,385768.09,68076.72,85.0,15.0,Cubierta (85.0% Contratos / 15.0% Bolsa),1361.5344412499999,518028.0465398201,796966.2254644777,733208.9274273195,-63757.29803715821,63757.29803715821,7.999999999999999
2026-12-01,1,2026-12-01,True,TOLIMA,9275988.11,453844.81375,197753731.22000003,128539925.29,380.4737,385768.09,68076.72,85.0,15.0,Cubierta (85.0% Contratos / 15.0% Bolsa),1361.5344412499999,518028.0465398201,796966.2254644777,733208.9274273195,-63757.29803715821,63757.29803715821,7.999999999999999
2026-12-02,2,2026-12-01,True,ANTIOQUIA,31204049.89,452815.7375,197305332.06,128248465.84,380.8945,384893.38,67922.36,85.0,15.0,Cubierta (85.0% Contratos / 15.0% Bolsa),1358.4472125,517425.0717815812,796038.5719654565,732355.48620822,-63683.08575723646,63683.08575723646,7.999999999999993
2026-12-02,2,2026-12-01,True,BOGOTA,43679233.66,452815.7375,197305332.06,128248465.84,380.8945,384893.38,67922.36,85.0,15.0,Cubierta (85.0% Contratos / 15.0% Bolsa),1358.4472125,517425.0717815812,796038.5719654565,732355.48620822,-63683.08575723646,63683.08575723646,7.999999999999993
2026-12-02,2,2026-12-01,True,CARIBE_MAR,34530767.01,452815.7375,197305332.06,128248465.84,380.8945,384893.38,67922.36,85.0,15.0,Cubierta (85.0% Contratos / 15.0% Bolsa),1358.4472125,517425.0717815812,796038.5719654565,732355.48620822,-63683.08575723646,63683.08575723646,7.999999999999993
2026-12-02,2,2026-12-01,True,CARIBE_SOL,27451426.1,452815.7375,197305332.06,128248465.84,380.8945,384893.38,67922.36,85.0,15.0,Cubierta (85.0% Contratos / 15.0% Bolsa),1358.4472125,517425.0717815812,796038.5719654565,732355.48620822,-63683.08575723646,63683.08575723646,7.999999999999993
2026-12-02,2,2026-12-01,True,VALLE,22494586.07,452815.7375,197305332.06,128248465.84,380.8945,384893.38,67922.36,85.0,15.0,Cubierta (85.0% Contratos / 15.0% Bolsa),1358.4472125,517425.0717815812,796038.5719654565,732355.48620822,-63683.08575723646,63683.08575723646,7.999999999999993
2026-12-02,2,2026-12-01,True,SANTANDER,17283711.24,452815.7375,197305332.06,128248465.84,380.8945,384893.38,67922.36,85.0,15.0,Cubierta (85.0% Contratos / 15.0% Bolsa),1358.4472125,517425.0717815812,796038.5719654565,732355.48620822,-63683.08575723646,63683.08575723646,7.999999999999993
2026-12-02,2,2026-12-01,True,CUNDINAMARCA,11356712.48,452815.7375,197305332.06,128248465.84,380.8945,384893.38,67922.36,85.0,15.0,Cubierta (85.0% Contratos / 15.0% Bolsa),1358.4472125,517425.0717815812,796038.5719654565,732355.48620822,-63683.08575723646,63683.08575723646,7.999999999999993
2026-12-02,2,2026-12-01,True,TOLIMA,9304845.61,452815.7375,197305332.06,128248465.84,380.8945,384893.38,67922.36,85.0,15.0,Cubierta (85.0% Contratos / 15.0% Bolsa),1358.4472125,517425.0717815812,796038.5719654565,732355.48620822,-63683.08575723646,63683.08575723646,7.999999999999993
2026-12-03,3,2026-12-01,True,ANTIOQUIA,31015452.56,450657.51875,196364932.13,127637205.88,381.2411,383058.89,67598.63,85.0,15.0,Cubierta (85.0% Contratos / 15.0% Bolsa),1351.97255625,515427.5045145619,792965.3915888214,729528.1602617158,-63437.23132710566,63437.23132710566,7.999999999999993
2026-12-03,3,2026-12-01,True,BOGOTA,43040540.53,450657.51875,196364932.13,127637205.88,381.2411,383058.89,67598.63,85.0,15.0,Cubierta (85.0% Contratos / 15.0% Bolsa),1351.97255625,515427.5045145619,792965.3915888214,729528.1602617158,-63437.23132710566,63437.23132710566,7.999999999999993
2026-12-03,3,2026-12-01,True,CARIBE_MAR,35114450.93,450657.51875,196364932.13,127637205.88,381.2411,383058.89,67598.63,85.0,15.0,Cubierta (85.0% Contratos / 15.0% Bolsa),1351.97255625,515427.5045145619,792965.3915888214,729528.1602617158,-63437.23132710566,63437.23132710566,7.999999999999993
2026-12-03,3,2026-12-01,True,CARIBE_SOL,27104891.61,450657.51875,196364932.13,127637205.88,381.2411,383058.89,67598.63,85.0,15.0,Cubierta (85.0% Contratos / 15.0% Bolsa),1351.97255625,515427.5045145619,792965.3915888214,729528.1602617158,-63437.23132710566,63437.23132710566,7.999999999999993
2026-12-03,3,2026-12-01,True,VALLE,22325162.27,450657.51875,196364932.13,127637205.88,381.2411,383058.89,67598.63,85.0,15.0,Cubierta (85.0% Contratos / 15.0% Bolsa),1351.97255625,515427.5045145619,792965.3915888214,729528.1602617158,-63437.23132710566,63437.23132710566,7.999999999999993
2026-12-03,3,2026-12-01,True,SANTANDER,17316649.71,450657.51875,196364932.13,127637205.88,381.2411,383058.89,67598.63,85.0,15.0,Cubierta (85.0% Contratos / 15.0% Bolsa),1351.97255625,515427.5045145619,792965.3915888214,729528.1602617158,-63437.23132710566,63437.23132710566,7.999999999999993
2026-12-03,3,2026-12-01,True,CUNDINAMARCA,11101018.51,450657.51875,196364932.13,127637205.88,381.2411,383058.89,67598.63,85.0,15.0,Cubierta (85.0% Contratos / 15.0% Bolsa),1351.97255625,515427.5045145619,792965.3915888214,729528.1602617158,-63437.23132710566,63437.23132710566,7.999999999999993
2026-12-03,3,2026-12-01,True,TOLIMA,9346766.01,450657.51875,196364932.13,127637205.88,381.2411,383058.89,67598.63,85.0,15.0,Cubierta (85.0% Contratos / 15.0% Bolsa),1351.97255625,515427.5045145619,792965.3915888214,729528.1602617158,-63437.23132710566,63437.23132710566,7.999999999999993
2026-12-04,4,2026-12-01,True,ANTIOQUIA,30936032.94,453403.9625,197561639.31999996,128415065.56,381.5093,385393.37,68010.59,85.0,15.0,Cubierta (85.0% Contratos / 15.0% Bolsa),1360.2118875,518933.48505180376,798359.2077595716,734490.471138806,-63868.736620765645,63868.736620765645,7.999999999999989
2026-12-04,4,2026-12-01,True,BOGOTA,43380060.98,453403.9625,197561639.31999996,128415065.56,381.5093,385393.37,68010.59,85.0,15.0,Cubierta (85.0% Contratos / 15.0% Bolsa),1360.2118875,518933.48505180376,798359.2077595716,734490.471138806,-63868.736620765645,63868.736620765645,7.999999999999989
2026-12-04,4,2026-12-01,True,CARIBE_MAR,34944112.44,453403.9625,197561639.31999996,128415065.56,381.5093,385393.37,68010.59,85.0,15.0,Cubierta (85.0% Contratos / 15.0% Bolsa),1360.2118875,518933.48505180376,798359.2077595716,734490.471138806,-63868.736620765645,63868.736620765645,7.999999999999989
2026-12-04,4,2026-12-01,True,CARIBE_SOL,27719984.86,453403.9625,197561639.31999996,128415065.56,381.5093,385393.37,68010.59,85.0,15.0,Cubierta (85.0% Contratos / 15.0% Bolsa),1360.2118875,518933.48505180376,798359.2077595716,734490.471138806,-63868.736620765645,63868.736620765645,7.999999999999989
2026-12-04,4,2026-12-01,True,VALLE,22569702.26,453403.9625,197561639.31999996,128415065.56,381.5093,385393.37,68010.59,85.0,15.0,Cubierta (85.0% Contratos / 15.0% Bolsa),1360.2118875,518933.48505180376,798359.2077595716,734490.471138806,-63868.736620765645,63868.736620765645,7.999999999999989
2026-12-04,4,2026-12-01,True,SANTANDER,17480844.61,453403.9625,197561639.31999996,128415065.56,381.5093,385393.37,68010.59,85.0,15.0,Cubierta (85.0% Contratos / 15.0% Bolsa),1360.2118875,518933.48505180376,798359.2077595716,734490.471138806,-63868.736620765645,63868.736620765645,7.999999999999989
2026-12-04,4,2026-12-01,True,CUNDINAMARCA,11214904.66,453403.9625,197561639.31999996,128415065.56,381.5093,385393.37,68010.59,85.0,15.0,Cubierta (85.0% Contratos / 15.0% Bolsa),1360.2118875,518933.48505180376,798359.2077595716,734490.471138806,-63868.736620765645,63868.736620765645,7.999999999999989
2026-12-04,4,2026-12-01,True,TOLIMA,9315996.57,453403.9625,197561639.31999996,128415065.56,381.5093,385393.37,68010.59,85.0,15.0,Cubierta (85.0% Contratos / 15.0% Bolsa),1360.2118875,518933.48505180376,798359.2077595716,734490.471138806,-63868.736620765645,63868.736620765645,7.999999999999989
2026-12-05,5,2026-12-01,True,ANTIOQUIA,25899037.86,322566.16375,166700859.78,108355558.86,381.6968,274181.24,48384.92,85.0,15.0,Cubierta (85.0% Contratos / 15.0% Bolsa),967.6984912500001,369367.41747495305,568257.5653303484,522796.9601039206,-45460.60522642784,45460.60522642784,7.999999999999993
2026-12-05,5,2026-12-01,True,BOGOTA,36943055.55,322566.16375,166700859.78,108355558.86,381.6968,274181.24,48384.92,85.0,15.0,Cubierta (85.0% Contratos / 15.0% Bolsa),967.6984912500001,369367.41747495305,568257.5653303484,522796.9601039206,-45460.60522642784,45460.60522642784,7.999999999999993
2026-12-05,5,2026-12-01,True,CARIBE_MAR,29897550.66,322566.16375,166700859.78,108355558.86,381.6968,274181.24,48384.92,85.0,15.0,Cubierta (85.0% Contratos / 15.0% Bolsa),967.6984912500001,369367.41747495305,568257.5653303484,522796.9601039206,-45460.60522642784,45460.60522642784,7.999999999999993
2026-12-05,5,2026-12-01,True,CARIBE_SOL,22841870.62,322566.16375,166700859.78,108355558.86,381.6968,274181.24,48384.92,85.0,15.0,Cubierta (85.0% Contratos / 15.0% Bolsa),967.6984912500001,369367.41747495305,568257.5653303484,522796.9601039206,-45460.60522642784,45460.60522642784,7.999999999999993
2026-12-05,5,2026-12-01,True,VALLE,19017227.5,322566.16375,166700859.78,108355558.86,381.6968,274181.24,48384.92,85.0,15.0,Cubierta (85.0% Contratos / 15.0% Bolsa),967.6984912500001,369367.41747495305,568257.5653303484,522796.9601039206,-45460.60522642784,45460.60522642784,7.999999999999993
2026-12-05,5,2026-12-01,True,SANTANDER,14785322.78,322566.16375,166700859.78,108355558.86,381.6968,274181.24,48384.92,85.0,15.0,Cubierta (85.0% Contratos / 15.0% Bolsa),967.6984912500001,369367.41747495305,568257.5653303484,522796.9601039206,-45460.60522642784,45460.60522642784,7.999999999999993
2026-12-05,5,2026-12-01,True,CUNDINAMARCA,9448321.25,322566.16375,166700859.78,108355558.86,381.6968,274181.24,48384.92,85.0,15.0,Cubierta (85.0% Contratos / 15.0% Bolsa),967.6984912500001,369367.41747495305,568257.5653303484,522796.9601039206,-45460.60522642784,45460.60522642784,7.999999999999993
2026-12-05,5,2026-12-01,True,TOLIMA,7868473.56,322566.16375,166700859.78,108355558.86,381.6968,274181.24,48384.92,85.0,15.0,Cubierta (85.0% Contratos / 15.0% Bolsa),967.6984912500001,369367.41747495305,568257.5653303484,522796.9601039206,-45460.60522642784,45460.60522642784,7.999999999999993
2026-12-06,6,2026-12-01,True,ANTIOQUIA,26098035.55,321173.075,165980917.37,107887596.29,381.8028,272997.11,48175.96,85.0,15.0,Cubierta (85.0% Contratos / 15.0% Bolsa),963.519225,367874.33795883,565960.5199392844,520683.6783441417,-45276.84159514273,45276.84159514273,7.9999999999999964
2026-12-06,6,2026-12-01,True,BOGOTA,36773515.56,321173.075,165980917.37,107887596.29,381.8028,272997.11,48175.96,85.0,15.0,Cubierta (85.0% Contratos / 15.0% Bolsa),963.519225,367874.33795883,565960.5199392844,520683.6783441417,-45276.84159514273,45276.84159514273,7.9999999999999964
2026-12-06,6,2026-12-01,True,CARIBE_MAR,29100898.23,321173.075,165980917.37,107887596.29,381.8028,272997.11,48175.96,85.0,15.0,Cubierta (85.0% Contratos / 15.0% Bolsa),963.519225,367874.33795883,565960.5199392844,520683.6783441417,-45276.84159514273,45276.84159514273,7.9999999999999964
2026-12-06,6,2026-12-01,True,CARIBE_SOL,23157168.45,321173.075,165980917.37,107887596.29,381.8028,272997.11,48175.96,85.0,15.0,Cubierta (85.0% Contratos / 15.0% Bolsa),963.519225,367874.33795883,565960.5199392844,520683.6783441417,-45276.84159514273,45276.84159514273,7.9999999999999964
2026-12-06,6,2026-12-01,True,VALLE,18927506.92,321173.075,165980917.37,107887596.29,381.8028,272997.11,48175.96,85.0,15.0,Cubierta (85.0% Contratos / 15.0% Bolsa),963.519225,367874.33795883,565960.5199392844,520683.6783441417,-45276.84159514273,45276.84159514273,7.9999999999999964
2026-12-06,6,2026-12-01,True,SANTANDER,14588315.81,321173.075,165980917.37,107887596.29,381.8028,272997.11,48175.96,85.0,15.0,Cubierta (85.0% Contratos / 15.0% Bolsa),963.519225,367874.33795883,565960.5199392844,520683.6783441417,-45276.84159514273,45276.84159514273,7.9999999999999964
2026-12-06,6,2026-12-01,True,CUNDINAMARCA,9484549.56,321173.075,165980917.37,107887596.29,381.8028,272997.11,48175.96,85.0,15.0,Cubierta (85.0% Contratos / 15.0% Bolsa),963.519225,367874.33795883,565960.5199392844,520683.6783441417,-45276.84159514273,45276.84159514273,7.9999999999999964
2026-12-06,6,2026-12-01,True,TOLIMA,7850927.29,321173.075,165980917.37,107887596.29,381.8028,272997.11,48175.96,85.0,15.0,Cubierta (85.0% Contratos / 15.0% Bolsa),963.519225,367874.33795883,565960.5199392844,520683.6783441417,-45276.84159514273,45276.84159514273,7.9999999999999964
2026-12-07,7,2026-12-01,True,ANTIOQUIA,31273064.44,455567.54875,198504378.34,129027845.92,381.8283,387232.42,68335.13,85.0,15.0,Cubierta (85.0% Contratos / 15.0% Bolsa),1366.70264625,521845.7480231389,802839.612349513,738612.443361552,-64227.16898796102,64227.16898796102,7.999999999999997
2026-12-07,7,2026-12-01,True,BOGOTA,43523605.21,455567.54875,198504378.34,129027845.92,381.8283,387232.42,68335.13,85.0,15.0,Cubierta (85.0% Contratos / 15.0% Bolsa),1366.70264625,521845.7480231389,802839.612349513,738612.443361552,-64227.16898796102,64227.16898796102,7.999999999999997
2026-12-07,7,2026-12-01,True,CARIBE_MAR,35526737.79,455567.54875,198504378.34,129027845.92,381.8283,387232.42,68335.13,85.0,15.0,Cubierta (85.0% Contratos / 15.0% Bolsa),1366.70264625,521845.7480231389,802839.612349513,738612.443361552,-64227.16898796102,64227.16898796102,7.999999999999997
2026-12-07,7,2026-12-01,True,CARIBE_SOL,27903480.83,455567.54875,198504378.34,129027845.92,381.8283,387232.42,68335.13,85.0,15.0,Cubierta (85.0% Contratos / 15.0% Bolsa),1366.70264625,521845.7480231389,802839.612349513,738612.443361552,-64227.16898796102,64227.16898796102,7.999999999999997
2026-12-07,7,2026-12-01,True,VALLE,22476251.4,455567.54875,198504378.34,129027845.92,381.8283,387232.42,68335.13,85.0,15.0,Cubierta (85.0% Contratos / 15.0% Bolsa),1366.70264625,521845.7480231389,802839.612349513,738612.443361552,-64227.16898796102,64227.16898796102,7.999999999999997
2026-12-07,7,2026-12-01,True,SANTANDER,17322249.47,455567.54875,198504378.34,129027845.92,381.8283,387232.42,68335.13,85.0,15.0,Cubierta (85.0% Contratos / 15.0% Bolsa),1366.70264625,521845.7480231389,802839.612349513,738612.443361552,-64227.16898796102,64227.16898796102,7.999999999999997
2026-12-07,7,2026-12-01,True,CUNDINAMARCA,11146370.02,455567.54875,198504378.34,129027845.92,381.8283,387232.42,68335.13,85.0,15.0,Cubierta (85.0% Contratos / 15.0% Bolsa),1366.70264625,521845.7480231389,802839.612349513,738612.443361552,-64227.16898796102,64227.16898796102,7.999999999999997
2026-12-07,7,2026-12-01,True,TOLIMA,9332619.18,455567.54875,198504378.34,129027845.92,381.8283,387232.42,68335.13,85.0,15.0,Cubierta (85.0% Contratos / 15.0% Bolsa),1366.70264625,521845.7480231389,802839.612349513,738612.443361552,-64227.16898796102,64227.16898796102,7.999999999999997
2026-12-08,8,2026-12-01,True,ANTIOQUIA,31454197.03,453562.1875,197630582.89,128459878.88,381.7756,385527.86,68034.33,85.0,15.0,Cubierta (85.0% Contratos / 15.0% Bolsa),1360.6865625,519476.928810375,799195.2750835526,735259.6530768684,-63935.62200668419,63935.62200668419,7.999999999999999
2026-12-08,8,2026-12-01,True,BOGOTA,43969466.72,453562.1875,197630582.89,128459878.88,381.7756,385527.86,68034.33,85.0,15.0,Cubierta (85.0% Contratos / 15.0% Bolsa),1360.6865625,519476.928810375,799195.2750835526,735259.6530768684,-63935.62200668419,63935.62200668419,7.999999999999999
2026-12-08,8,2026-12-01,True,CARIBE_MAR,34782941.96,453562.1875,197630582.89,128459878.88,381.7756,385527.86,68034.33,85.0,15.0,Cubierta (85.0% Contratos / 15.0% Bolsa),1360.6865625,519476.928810375,799195.2750835526,735259.6530768684,-63935.62200668419,63935.62200668419,7.999999999999999
2026-12-08,8,2026-12-01,True,CARIBE_SOL,27294349.0,453562.1875,197630582.89,128459878.88,381.7756,385527.86,68034.33,85.0,15.0,Cubierta (85.0% Contratos / 15.0% Bolsa),1360.6865625,519476.928810375,799195.2750835526,735259.6530768684,-63935.62200668419,63935.62200668419,7.999999999999999
2026-12-08,8,2026-12-01,True,VALLE,22275022.7,453562.1875,197630582.89,128459878.88,381.7756,385527.86,68034.33,85.0,15.0,Cubierta (85.0% Contratos / 15.0% Bolsa),1360.6865625,519476.928810375,799195.2750835526,735259.6530768684,-63935.62200668419,63935.62200668419,7.999999999999999
2026-12-08,8,2026-12-01,True,SANTANDER,17424126.26,453562.1875,197630582.89,128459878.88,381.7756,385527.86,68034.33,85.0,15.0,Cubierta (85.0% Contratos / 15.0% Bolsa),1360.6865625,519476.928810375,799195.2750835526,735259.6530768684,-63935.62200668419,63935.62200668419,7.999999999999999
2026-12-08,8,2026-12-01,True,CUNDINAMARCA,11210520.52,453562.1875,197630582.89,128459878.88,381.7756,385527.86,68034.33,85.0,15.0,Cubierta (85.0% Contratos / 15.0% Bolsa),1360.6865625,519476.928810375,799195.2750835526,735259.6530768684,-63935.62200668419,63935.62200668419,7.999999999999999
2026-12-08,8,2026-12-01,True,TOLIMA,9219958.7,453562.1875,197630582.89,128459878.88,381.7756,385527.86,68034.33,85.0,15.0,Cubierta (85.0% Contratos / 15.0% Bolsa),1360.6865625,519476.928810375,799195.2750835526,735259.6530768684,-63935.62200668419,63935.62200668419,7.999999999999999
2026-12-09,9,2026-12-01,True,ANTIOQUIA,31658551.67,453877.54125,197767991.64000002,128549194.57,381.6491,385795.91,68081.63,85.0,15.0,Cubierta (85.0% Contratos / 15.0% Bolsa),1361.63262375,519665.8653848261,799485.9467210092,735527.0709833285,-63958.875737680704,63958.875737680704,7.9999999999999964
2026-12-09,9,2026-12-01,True,BOGOTA,43138542.68,453877.54125,197767991.64000002,128549194.57,381.6491,385795.91,68081.63,85.0,15.0,Cubierta (85.0% Contratos / 15.0% Bolsa),1361.63262375,519665.8653848261,799485.9467210092,735527.0709833285,-63958.875737680704,63958.875737680704,7.9999999999999964
2026-12-09,9,2026-12-01,True,CARIBE_MAR,34793681.28,453877.54125,197767991.64000002,128549194.57,381.6491,385795.91,68081.63,85.0,15.0,Cubierta (85.0% Contratos / 15.0% Bolsa),1361.63262375,519665.8653848261,799485.9467210092,735527.0709833285,-63958.875737680704,63958.875737680704,7.9999999999999964
2026-12-09,9,2026-12-01,True,CARIBE_SOL,27610352.18,453877.54125,197767991.64000002,128549194.57,381.6491,385795.91,68081.63,85.0,15.0,Cubierta (85.0% Contratos / 15.0% Bolsa),1361.63262375,519665.8653848261,799485.9467210092,735527.0709833285,-63958.875737680704,63958.875737680704,7.9999999999999964
2026-12-09,9,2026-12-01,True,VALLE,22430102.47,453877.54125,197767991.64000002,128549194.57,381.6491,385795.91,68081.63,85.0,15.0,Cubierta (85.0% Contratos / 15.0% Bolsa),1361.63262375,519665.8653848261,799485.9467210092,735527.0709833285,-63958.875737680704,63958.875737680704,7.9999999999999964
2026-12-09,9,2026-12-01,True,SANTANDER,17417545.35,453877.54125,197767991.64000002,128549194.57,381.6491,385795.91,68081.63,85.0,15.0,Cubierta (85.0% Contratos / 15.0% Bolsa),1361.63262375,519665.8653848261,799485.9467210092,735527.0709833285,-63958.875737680704,63958.875737680704,7.9999999999999964
2026-12-09,9,2026-12-01,True,CUNDINAMARCA,11314648.02,453877.54125,197767991.64000002,128549194.57,381.6491,385795.91,68081.63,85.0,15.0,Cubierta (85.0% Contratos / 15.0% Bolsa),1361.63262375,519665.8653848261,799485.9467210092,735527.0709833285,-63958.875737680704,63958.875737680704,7.9999999999999964
2026-12-09,9,2026-12-01,True,TOLIMA,9404567.99,453877.54125,197767991.64000002,128549194.57,381.6491,385795.91,68081.63,85.0,15.0,Cubierta (85.0% Contratos / 15.0% Bolsa),1361.63262375,519665.8653848261,799485.9467210092,735527.0709833285,-63958.875737680704,63958.875737680704,7.9999999999999964
2026-12-10,10,2026-12-01,True,ANTIOQUIA,30810599.89,454497.93375,198038315.22000003,128724904.89,381.4542,386323.24,68174.69,85.0,15.0,Cubierta (85.0% Contratos / 15.0% Bolsa),1363.4938012500002,520110.43716077786,800169.903342922,736156.3110754882,-64013.59226743376,64013.59226743376,8.0
2026-12-10,10,2026-12-01,True,BOGOTA,44300338.08,454497.93375,198038315.22000003,128724904.89,381.4542,386323.24,68174.69,85.0,15.0,Cubierta (85.0% Contratos / 15.0% Bolsa),1363.4938012500002,520110.43716077786,800169.903342922,736156.3110754882,-64013.59226743376,64013.59226743376,8.0
2026-12-10,10,2026-12-01,True,CARIBE_MAR,35118542.41,454497.93375,198038315.22000003,128724904.89,381.4542,386323.24,68174.69,85.0,15.0,Cubierta (85.0% Contratos / 15.0% Bolsa),1363.4938012500002,520110.43716077786,800169.903342922,736156.3110754882,-64013.59226743376,64013.59226743376,8.0
2026-12-10,10,2026-12-01,True,CARIBE_SOL,27391714.68,454497.93375,198038315.22000003,128724904.89,381.4542,386323.24,68174.69,85.0,15.0,Cubierta (85.0% Contratos / 15.0% Bolsa),1363.4938012500002,520110.43716077786,800169.903342922,736156.3110754882,-64013.59226743376,64013.59226743376,8.0
2026-12-10,10,2026-12-01,True,VALLE,22292386.42,454497.93375,198038315.22000003,128724904.89,381.4542,386323.24,68174.69,85.0,15.0,Cubierta (85.0% Contratos / 15.0% Bolsa),1363.4938012500002,520110.43716077786,800169.903342922,736156.3110754882,-64013.59226743376,64013.59226743376,8.0
2026-12-10,10,2026-12-01,True,SANTANDER,17454309.03,454497.93375,198038315.22000003,128724904.89,381.4542,386323.24,68174.69,85.0,15.0,Cubierta (85.0% Contratos / 15.0% Bolsa),1363.4938012500002,520110.43716077786,800169.903342922,736156.3110754882,-64013.59226743376,64013.59226743376,8.0
2026-12-10,10,2026-12-01,True,CUNDINAMARCA,11258841.59,454497.93375,198038315.22000003,128724904.89,381.4542,386323.24,68174.69,85.0,15.0,Cubierta (85.0% Contratos / 15.0% Bolsa),1363.4938012500002,520110.43716077786,800169.903342922,736156.3110754882,-64013.59226743376,64013.59226743376,8.0
2026-12-10,10,2026-12-01,True,TOLIMA,9411583.12,454497.93375,198038315.22000003,128724904.89,381.4542,386323.24,68174.69,85.0,15.0,Cubierta (85.0% Contratos / 15.0% Bolsa),1363.4938012500002,520110.43716077786,800169.903342922,736156.3110754882,-64013.59226743376,64013.59226743376,8.0
2026-12-11,11,2026-12-01,True,ANTIOQUIA,30967943.61,453662.13875,197674134.5,128488187.42,381.1981,385612.82,68049.32,85.0,15.0,Cubierta (85.0% Contratos / 15.0% Bolsa),1360.98641625,518805.4360003092,798162.2092623046,734309.2325213202,-63852.97674098436,63852.97674098436,7.999999999999999
2026-12-11,11,2026-12-01,True,BOGOTA,43564216.34,453662.13875,197674134.5,128488187.42,381.1981,385612.82,68049.32,85.0,15.0,Cubierta (85.0% Contratos / 15.0% Bolsa),1360.98641625,518805.4360003092,798162.2092623046,734309.2325213202,-63852.97674098436,63852.97674098436,7.999999999999999
2026-12-11,11,2026-12-01,True,CARIBE_MAR,35003466.97,453662.13875,197674134.5,128488187.42,381.1981,385612.82,68049.32,85.0,15.0,Cubierta (85.0% Contratos / 15.0% Bolsa),1360.98641625,518805.4360003092,798162.2092623046,734309.2325213202,-63852.97674098436,63852.97674098436,7.999999999999999
2026-12-11,11,2026-12-01,True,CARIBE_SOL,27396813.63,453662.13875,197674134.5,128488187.42,381.1981,385612.82,68049.32,85.0,15.0,Cubierta (85.0% Contratos / 15.0% Bolsa),1360.98641625,518805.4360003092,798162.2092623046,734309.2325213202,-63852.97674098436,63852.97674098436,7.999999999999999
2026-12-11,11,2026-12-01,True,VALLE,22628369.2,453662.13875,197674134.5,128488187.42,381.1981,385612.82,68049.32,85.0,15.0,Cubierta (85.0% Contratos / 15.0% Bolsa),1360.98641625,518805.4360003092,798162.2092623046,734309.2325213202,-63852.97674098436,63852.97674098436,7.999999999999999
2026-12-11,11,2026-12-01,True,SANTANDER,17627103.36,453662.13875,197674134.5,128488187.42,381.1981,385612.82,68049.32,85.0,15.0,Cubierta (85.0% Contratos / 15.0% Bolsa),1360.98641625,518805.4360003092,798162.2092623046,734309.2325213202,-63852.97674098436,63852.97674098436,7.999999999999999
2026-12-11,11,2026-12-01,True,CUNDINAMARCA,11165890.1,453662.13875,197674134.5,128488187.42,381.1981,385612.82,68049.32,85.0,15.0,Cubierta (85.0% Contratos / 15.0% Bolsa),1360.98641625,518805.4360003092,798162.2092623046,734309.2325213202,-63852.97674098436,63852.97674098436,7.999999999999999
2026-12-11,11,2026-12-01,True,TOLIMA,9320331.29,453662.13875,197674134.5,128488187.42,381.1981,385612.82,68049.32,85.0,15.0,Cubierta (85.0% Contratos / 15.0% Bolsa),1360.98641625,518805.4360003092,798162.2092623046,734309.2325213202,-63852.97674098436,63852.97674098436,7.999999999999999
2026-12-12,12,2026-12-01,True,ANTIOQUIA,26208252.28,323464.16875,167164945.3,108657214.44,380.8889,274944.54,48519.63,85.0,15.0,Cubierta (85.0% Contratos / 15.0% Bolsa),970.3925062500001,369611.73427380563,568633.4373704828,523142.7623808442,-45490.67498963862,45490.67498963862,7.999999999999999
2026-12-12,12,2026-12-01,True,BOGOTA,37032936.75,323464.16875,167164945.3,108657214.44,380.8889,274944.54,48519.63,85.0,15.0,Cubierta (85.0% Contratos / 15.0% Bolsa),970.3925062500001,369611.73427380563,568633.4373704828,523142.7623808442,-45490.67498963862,45490.67498963862,7.999999999999999
2026-12-12,12,2026-12-01,True,CARIBE_MAR,29487248.25,323464.16875,167164945.3,108657214.44,380.8889,274944.54,48519.63,85.0,15.0,Cubierta (85.0% Contratos / 15.0% Bolsa),970.3925062500001,369611.73427380563,568633.4373704828,523142.7623808442,-45490.67498963862,45490.67498963862,7.999999999999999
2026-12-12,12,2026-12-01,True,CARIBE_SOL,23348566.48,323464.16875,167164945.3,108657214.44,380.8889,274944.54,48519.63,85.0,15.0,Cubierta (85.0% Contratos / 15.0% Bolsa),970.3925062500001,369611.73427380563,568633.4373704828,523142.7623808442,-45490.67498963862,45490.67498963862,7.999999999999999
2026-12-12,12,2026-12-01,True,VALLE,18972725.38,323464.16875,167164945.3,108657214.44,380.8889,274944.54,48519.63,85.0,15.0,Cubierta (85.0% Contratos / 15.0% Bolsa),970.3925062500001,369611.73427380563,568633.4373704828,523142.7623808442,-45490.67498963862,45490.67498963862,7.999999999999999
2026-12-12,12,2026-12-01,True,SANTANDER,14754624.0,323464.16875,167164945.3,108657214.44,380.8889,274944.54,48519.63,85.0,15.0,Cubierta (85.0% Contratos / 15.0% Bolsa),970.3925062500001,369611.73427380563,568633.4373704828,523142.7623808442,-45490.67498963862,45490.67498963862,7.999999999999999
2026-12-12,12,2026-12-01,True,CUNDINAMARCA,9506813.98,323464.16875,167164945.3,108657214.44,380.8889,274944.54,48519.63,85.0,15.0,Cubierta (85.0% Contratos / 15.0% Bolsa),970.3925062500001,369611.73427380563,568633.4373704828,523142.7623808442,-45490.67498963862,45490.67498963862,7.999999999999999
2026-12-12,12,2026-12-01,True,TOLIMA,7853778.18,323464.16875,167164945.3,108657214.44,380.8889,274944.54,48519.63,85.0,15.0,Cubierta (85.0% Contratos / 15.0% Bolsa),970.3925062500001,369611.73427380563,568633.4373704828,523142.7623808442,-45490.67498963862,45490.67498963862,7.999999999999999
2026-12-13,13,2026-12-01,True,ANTIOQUIA,26167118.68,321204.945,165997387.88,107898302.12,380.5362,273024.2,48180.74,85.0,15.0,Cubierta (85.0% Contratos / 15.0% Bolsa),963.6148350000001,366690.32757452707,564138.9655097291,519007.8482689508,-45131.11724077829,45131.11724077829,7.999999999999993
2026-12-13,13,2026-12-01,True,BOGOTA,36221086.27,321204.945,165997387.88,107898302.12,380.5362,273024.2,48180.74,85.0,15.0,Cubierta (85.0% Contratos / 15.0% Bolsa),963.6148350000001,366690.32757452707,564138.9655097291,519007.8482689508,-45131.11724077829,45131.11724077829,7.999999999999993
2026-12-13,13,2026-12-01,True,CARIBE_MAR,29376021.15,321204.945,165997387.88,107898302.12,380.5362,273024.2,48180.74,85.0,15.0,Cubierta (85.0% Contratos / 15.0% Bolsa),963.6148350000001,366690.32757452707,564138.9655097291,519007.8482689508,-45131.11724077829,45131.11724077829,7.999999999999993
2026-12-13,13,2026-12-01,True,CARIBE_SOL,23032598.15,321204.945,165997387.88,107898302.12,380.5362,273024.2,48180.74,85.0,15.0,Cubierta (85.0% Contratos / 15.0% Bolsa),963.6148350000001,366690.32757452707,564138.9655097291,519007.8482689508,-45131.11724077829,45131.11724077829,7.999999999999993
2026-12-13,13,2026-12-01,True,VALLE,18995382.38,321204.945,165997387.88,107898302.12,380.5362,273024.2,48180.74,85.0,15.0,Cubierta (85.0% Contratos / 15.0% Bolsa),963.6148350000001,366690.32757452707,564138.9655097291,519007.8482689508,-45131.11724077829,45131.11724077829,7.999999999999993
2026-12-13,13,2026-12-01,True,SANTANDER,14762436.19,321204.945,165997387.88,107898302.12,380.5362,273024.2,48180.74,85.0,15.0,Cubierta (85.0% Contratos / 15.0% Bolsa),963.6148350000001,366690.32757452707,564138.9655097291,519007.8482689508,-45131.11724077829,45131.11724077829,7.999999999999993
2026-12-13,13,2026-12-01,True,CUNDINAMARCA,9537562.4,321204.945,165997387.88,107898302.12,380.5362,273024.2,48180.74,85.0,15.0,Cubierta (85.0% Contratos / 15.0% Bolsa),963.6148350000001,366690.32757452707,564138.9655097291,519007.8482689508,-45131.11724077829,45131.11724077829,7.999999999999993
2026-12-13,13,2026-12-01,True,TOLIMA,7905182.66,321204.945,165997387.88,107898302.12,380.5362,273024.2,48180.74,85.0,15.0,Cubierta (85.0% Contratos / 15.0% Bolsa),963.6148350000001,366690.32757452707,564138.9655097291,519007.8482689508,-45131.11724077829,45131.11724077829,7.999999999999993
2026-12-14,14,2026-12-01,True,ANTIOQUIA,31282469.33,453746.84125,197711042.10999998,128512177.37,380.15,385684.82,68062.03,85.0,15.0,Cubierta (85.0% Contratos / 15.0% Bolsa),1361.24052375,517475.58510356245,796116.2847840037,732426.9820012834,-63689.302782720304,63689.302782720304,8.0
2026-12-14,14,2026-12-01,True,BOGOTA,43567859.58,453746.84125,197711042.10999998,128512177.37,380.15,385684.82,68062.03,85.0,15.0,Cubierta (85.0% Contratos / 15.0% Bolsa),1361.24052375,517475.58510356245,796116.2847840037,732426.9820012834,-63689.302782720304,63689.302782720304,8.0
2026-12-14,14,2026-12-01,True,CARIBE_MAR,34953056.42,453746.84125,197711042.10999998,128512177.37,380.15,385684.82,68062.03,85.0,15.0,Cubierta (85.0% Contratos / 15.0% Bolsa),1361.24052375,517475.58510356245,796116.2847840037,732426.9820012834,-63689.302782720304,63689.302782720304,8.0
2026-12-14,14,2026-12-01,True,CARIBE_SOL,27699994.01,453746.84125,197711042.10999998,128512177.37,380.15,385684.82,68062.03,85.0,15.0,Cubierta (85.0% Contratos / 15.0% Bolsa),1361.24052375,517475.58510356245,796116.2847840037,732426.9820012834,-63689.302782720304,63689.302782720304,8.0
2026-12-14,14,2026-12-01,True,VALLE,22296253.01,453746.84125,197711042.10999998,128512177.37,380.15,385684.82,68062.03,85.0,15.0,Cubierta (85.0% Contratos / 15.0% Bolsa),1361.24052375,517475.58510356245,796116.2847840037,732426.9820012834,-63689.302782720304,63689.302782720304,8.0
2026-12-14,14,2026-12-01,True,SANTANDER,17392051.92,453746.84125,197711042.10999998,128512177.37,380.15,385684.82,68062.03,85.0,15.0,Cubierta (85.0% Contratos / 15.0% Bolsa),1361.24052375,517475.58510356245,796116.2847840037,732426.9820012834,-63689.302782720304,63689.302782720304,8.0
2026-12-14,14,2026-12-01,True,CUNDINAMARCA,11322062.76,453746.84125,197711042.10999998,128512177.37,380.15,385684.82,68062.03,85.0,15.0,Cubierta (85.0% Contratos / 15.0% Bolsa),1361.24052375,517475.58510356245,796116.2847840037,732426.9820012834,-63689.302782720304,63689.302782720304,8.0
2026-12-14,14,2026-12-01,True,TOLIMA,9197295.08,453746.84125,197711042.10999998,128512177.37,380.15,385684.82,68062.03,85.0,15.0,Cubierta (85.0% Contratos / 15.0% Bolsa),1361.24052375,517475.58510356245,796116.2847840037,732426.9820012834,-63689.302782720304,63689.302782720304,8.0
2026-12-15,15,2026-12-01,True,ANTIOQUIA,31098398.59,453313.6125,197522271.01,128389476.16,379.7413,385316.57,67997.04,85.0,15.0,Cubierta (85.0% Contratos / 15.0% Bolsa),1359.9408375,516425.7015553388,794501.079294247,730940.9929507072,-63560.08634353976,63560.08634353976,8.0
2026-12-15,15,2026-12-01,True,BOGOTA,42789312.55,453313.6125,197522271.01,128389476.16,379.7413,385316.57,67997.04,85.0,15.0,Cubierta (85.0% Contratos / 15.0% Bolsa),1359.9408375,516425.7015553388,794501.079294247,730940.9929507072,-63560.08634353976,63560.08634353976,8.0
2026-12-15,15,2026-12-01,True,CARIBE_MAR,35347921.62,453313.6125,197522271.01,128389476.16,379.7413,385316.57,67997.04,85.0,15.0,Cubierta (85.0% Contratos / 15.0% Bolsa),1359.9408375,516425.7015553388,794501.079294247,730940.9929507072,-63560.08634353976,63560.08634353976,8.0
2026-12-15,15,2026-12-01,True,CARIBE_SOL,27721906.38,453313.6125,197522271.01,128389476.16,379.7413,385316.57,67997.04,85.0,15.0,Cubierta (85.0% Contratos / 15.0% Bolsa),1359.9408375,516425.7015553388,794501.079294247,730940.9929507072,-63560.08634353976,63560.08634353976,8.0
2026-12-15,15,2026-12-01,True,VALLE,22581303.4,453313.6125,197522271.01,128389476.16,379.7413,385316.57,67997.04,85.0,15.0,Cubierta (85.0% Contratos / 15.0% Bolsa),1359.9408375,516425.7015553388,794501.079294247,730940.9929507072,-63560.08634353976,63560.08634353976,8.0
2026-12-15,15,2026-12-01,True,SANTANDER,17321704.68,453313.6125,197522271.01,128389476.16,379.7413,385316.57,67997.04,85.0,15.0,Cubierta (85.0% Contratos / 15.0% Bolsa),1359.9408375,516425.7015553388,794501.079294247,730940.9929507072,-63560.08634353976,63560.08634353976,8.0
2026-12-15,15,2026-12-01,True,CUNDINAMARCA,11216556.45,453313.6125,197522271.01,128389476.16,379.7413,385316.57,67997.04,85.0,15.0,Cubierta (85.0% Contratos / 15.0% Bolsa),1359.9408375,516425.7015553388,794501.079294247,730940.9929507072,-63560.08634353976,63560.08634353976,8.0
2026-12-15,15,2026-12-01,True,TOLIMA,9445167.34,453313.6125,197522271.01,128389476.16,379.7413,385316.57,67997.04,85.0,15.0,Cubierta (85.0% Contratos / 15.0% Bolsa),1359.9408375,516425.7015553388,794501.079294247,730940.9929507072,-63560.08634353976,63560.08634353976,8.0
2026-12-16,16,2026-12-01,True,ANTIOQUIA,31262142.06,454524.415,198049853.86,128732405.01,379.3216,386345.75,68178.66,85.0,15.0,Cubierta (85.0% Contratos / 15.0% Bolsa),1363.573245,517232.785010592,795742.7461639603,732083.3264708435,-63659.4196931168,63659.4196931168,7.9999999999999964
2026-12-16,16,2026-12-01,True,BOGOTA,43607989.72,454524.415,198049853.86,128732405.01,379.3216,386345.75,68178.66,85.0,15.0,Cubierta (85.0% Contratos / 15.0% Bolsa),1363.573245,517232.785010592,795742.7461639603,732083.3264708435,-63659.4196931168,63659.4196931168,7.9999999999999964
2026-12-16,16,2026-12-01,True,CARIBE_MAR,34852149.95,454524.415,198049853.86,128732405.01,379.3216,386345.75,68178.66,85.0,15.0,Cubierta (85.0% Contratos / 15.0% Bolsa),1363.573245,517232.785010592,795742.7461639603,732083.3264708435,-63659.4196931168,63659.4196931168,7.9999999999999964
2026-12-16,16,2026-12-01,True,CARIBE_SOL,27501066.2,454524.415,198049853.86,128732405.01,379.3216,386345.75,68178.66,85.0,15.0,Cubierta (85.0% Contratos / 15.0% Bolsa),1363.573245,517232.785010592,795742.7461639603,732083.3264708435,-63659.4196931168,63659.4196931168,7.9999999999999964
2026-12-16,16,2026-12-01,True,VALLE,22264559.68,454524.415,198049853.86,128732405.01,379.3216,386345.75,68178.66,85.0,15.0,Cubierta (85.0% Contratos / 15.0% Bolsa),1363.573245,517232.785010592,795742.7461639603,732083.3264708435,-63659.4196931168,63659.4196931168,7.9999999999999964
2026-12-16,16,2026-12-01,True,SANTANDER,17781944.38,454524.415,198049853.86,128732405.01,379.3216,386345.75,68178.66,85.0,15.0,Cubierta (85.0% Contratos / 15.0% Bolsa),1363.573245,517232.785010592,795742.7461639603,732083.3264708435,-63659.4196931168,63659.4196931168,7.9999999999999964
2026-12-16,16,2026-12-01,True,CUNDINAMARCA,11375146.32,454524.415,198049853.86,128732405.01,379.3216,386345.75,68178.66,85.0,15.0,Cubierta (85.0% Contratos / 15.0% Bolsa),1363.573245,517232.785010592,795742.7461639603,732083.3264708435,-63659.4196931168,63659.4196931168,7.9999999999999964
2026-12-16,16,2026-12-01,True,TOLIMA,9404855.55,454524.415,198049853.86,128732405.01,379.3216,386345.75,68178.66,85.0,15.0,Cubierta (85.0% Contratos / 15.0% Bolsa),1363.573245,517232.785010592,795742.7461639603,732083.3264708435,-63659.4196931168,63659.4196931168,7.9999999999999964
2026-12-17,17,2026-12-01,True,ANTIOQUIA,31368275.88,454851.54875,198192395.82,128825057.28,378.9024,386623.82,68227.73,85.0,15.0,Cubierta (85.0% Contratos / 15.0% Bolsa),1364.5546462500001,517033.03039527603,795435.4313958714,731800.5968842017,-63634.8345116697,63634.8345116697,7.999999999999999
2026-12-17,17,2026-12-01,True,BOGOTA,44286086.22,454851.54875,198192395.82,128825057.28,378.9024,386623.82,68227.73,85.0,15.0,Cubierta (85.0% Contratos / 15.0% Bolsa),1364.5546462500001,517033.03039527603,795435.4313958714,731800.5968842017,-63634.8345116697,63634.8345116697,7.999999999999999
2026-12-17,17,2026-12-01,True,CARIBE_MAR,34936018.4,454851.54875,198192395.82,128825057.28,378.9024,386623.82,68227.73,85.0,15.0,Cubierta (85.0% Contratos / 15.0% Bolsa),1364.5546462500001,517033.03039527603,795435.4313958714,731800.5968842017,-63634.8345116697,63634.8345116697,7.999999999999999
2026-12-17,17,2026-12-01,True,CARIBE_SOL,27507435.44,454851.54875,198192395.82,128825057.28,378.9024,386623.82,68227.73,85.0,15.0,Cubierta (85.0% Contratos / 15.0% Bolsa),1364.5546462500001,517033.03039527603,795435.4313958714,731800.5968842017,-63634.8345116697,63634.8345116697,7.999999999999999
2026-12-17,17,2026-12-01,True,VALLE,22285877.35,454851.54875,198192395.82,128825057.28,378.9024,386623.82,68227.73,85.0,15.0,Cubierta (85.0% Contratos / 15.0% Bolsa),1364.5546462500001,517033.03039527603,795435.4313958714,731800.5968842017,-63634.8345116697,63634.8345116697,7.999999999999999
2026-12-17,17,2026-12-01,True,SANTANDER,17122363.62,454851.54875,198192395.82,128825057.28,378.9024,386623.82,68227.73,85.0,15.0,Cubierta (85.0% Contratos / 15.0% Bolsa),1364.5546462500001,517033.03039527603,795435.4313958714,731800.5968842017,-63634.8345116697,63634.8345116697,7.999999999999999
2026-12-17,17,2026-12-01,True,CUNDINAMARCA,11405766.45,454851.54875,198192395.82,128825057.28,378.9024,386623.82,68227.73,85.0,15.0,Cubierta (85.0% Contratos / 15.0% Bolsa),1364.5546462500001,517033.03039527603,795435.4313958714,731800.5968842017,-63634.8345116697,63634.8345116697,7.999999999999999
2026-12-17,17,2026-12-01,True,TOLIMA,9280572.46,454851.54875,198192395.82,128825057.28,378.9024,386623.82,68227.73,85.0,15.0,Cubierta (85.0% Contratos / 15.0% Bolsa),1364.5546462500001,517033.03039527603,795435.4313958714,731800.5968842017,-63634.8345116697,63634.8345116697,7.999999999999999
2026-12-18,18,2026-12-01,True,ANTIOQUIA,31654905.53,455309.3275,198391863.68,128954711.39,378.4953,387012.93,68296.4,85.0,15.0,Cubierta (85.0% Contratos / 15.0% Bolsa),1365.9279825,516997.32151473226,795380.4946503856,731750.0550783548,-63630.439572030795,63630.439572030795,7.999999999999993
2026-12-18,18,2026-12-01,True,BOGOTA,43976900.4,455309.3275,198391863.68,128954711.39,378.4953,387012.93,68296.4,85.0,15.0,Cubierta (85.0% Contratos / 15.0% Bolsa),1365.9279825,516997.32151473226,795380.4946503856,731750.0550783548,-63630.439572030795,63630.439572030795,7.999999999999993
2026-12-18,18,2026-12-01,True,CARIBE_MAR,34973204.41,455309.3275,198391863.68,128954711.39,378.4953,387012.93,68296.4,85.0,15.0,Cubierta (85.0% Contratos / 15.0% Bolsa),1365.9279825,516997.32151473226,795380.4946503856,731750.0550783548,-63630.439572030795,63630.439572030795,7.999999999999993
2026-12-18,18,2026-12-01,True,CARIBE_SOL,27438961.56,455309.3275,198391863.68,128954711.39,378.4953,387012.93,68296.4,85.0,15.0,Cubierta (85.0% Contratos / 15.0% Bolsa),1365.9279825,516997.32151473226,795380.4946503856,731750.0550783548,-63630.439572030795,63630.439572030795,7.999999999999993
2026-12-18,18,2026-12-01,True,VALLE,22017152.7,455309.3275,198391863.68,128954711.39,378.4953,387012.93,68296.4,85.0,15.0,Cubierta (85.0% Contratos / 15.0% Bolsa),1365.9279825,516997.32151473226,795380.4946503856,731750.0550783548,-63630.439572030795,63630.439572030795,7.999999999999993
2026-12-18,18,2026-12-01,True,SANTANDER,17564927.49,455309.3275,198391863.68,128954711.39,378.4953,387012.93,68296.4,85.0,15.0,Cubierta (85.0% Contratos / 15.0% Bolsa),1365.9279825,516997.32151473226,795380.4946503856,731750.0550783548,-63630.439572030795,63630.439572030795,7.999999999999993
2026-12-18,18,2026-12-01,True,CUNDINAMARCA,11302344.97,455309.3275,198391863.68,128954711.39,378.4953,387012.93,68296.4,85.0,15.0,Cubierta (85.0% Contratos / 15.0% Bolsa),1365.9279825,516997.32151473226,795380.4946503856,731750.0550783548,-63630.439572030795,63630.439572030795,7.999999999999993
2026-12-18,18,2026-12-01,True,TOLIMA,9463466.62,455309.3275,198391863.68,128954711.39,378.4953,387012.93,68296.4,85.0,15.0,Cubierta (85.0% Contratos / 15.0% Bolsa),1365.9279825,516997.32151473226,795380.4946503856,731750.0550783548,-63630.439572030795,63630.439572030795,7.999999999999993
2026-12-19,19,2026-12-01,True,ANTIOQUIA,26396311.56,322601.66625,166719207.64999998,108367484.97,378.1116,274211.42,48390.25,85.0,15.0,Cubierta (85.0% Contratos / 15.0% Bolsa),967.8049987500001,365938.29656536056,562981.9947289269,517943.4351506128,-45038.55957831413,45038.55957831413,7.9999999999999964
2026-12-19,19,2026-12-01,True,BOGOTA,37082945.6,322601.66625,166719207.64999998,108367484.97,378.1116,274211.42,48390.25,85.0,15.0,Cubierta (85.0% Contratos / 15.0% Bolsa),967.8049987500001,365938.29656536056,562981.9947289269,517943.4351506128,-45038.55957831413,45038.55957831413,7.9999999999999964
2026-12-19,19,2026-12-01,True,CARIBE_MAR,29279163.8,322601.66625,166719207.64999998,108367484.97,378.1116,274211.42,48390.25,85.0,15.0,Cubierta (85.0% Contratos / 15.0% Bolsa),967.8049987500001,365938.29656536056,562981.9947289269,517943.4351506128,-45038.55957831413,45038.55957831413,7.9999999999999964
2026-12-19,19,2026-12-01,True,CARIBE_SOL,23076041.55,322601.66625,166719207.64999998,108367484.97,378.1116,274211.42,48390.25,85.0,15.0,Cubierta (85.0% Contratos / 15.0% Bolsa),967.8049987500001,365938.29656536056,562981.9947289269,517943.4351506128,-45038.55957831413,45038.55957831413,7.9999999999999964
2026-12-19,19,2026-12-01,True,VALLE,19013109.4,322601.66625,166719207.64999998,108367484.97,378.1116,274211.42,48390.25,85.0,15.0,Cubierta (85.0% Contratos / 15.0% Bolsa),967.8049987500001,365938.29656536056,562981.9947289269,517943.4351506128,-45038.55957831413,45038.55957831413,7.9999999999999964
2026-12-19,19,2026-12-01,True,SANTANDER,14781196.29,322601.66625,166719207.64999998,108367484.97,378.1116,274211.42,48390.25,85.0,15.0,Cubierta (85.0% Contratos / 15.0% Bolsa),967.8049987500001,365938.29656536056,562981.9947289269,517943.4351506128,-45038.55957831413,45038.55957831413,7.9999999999999964
2026-12-19,19,2026-12-01,True,CUNDINAMARCA,9383268.2,322601.66625,166719207.64999998,108367484.97,378.1116,274211.42,48390.25,85.0,15.0,Cubierta (85.0% Contratos / 15.0% Bolsa),967.8049987500001,365938.29656536056,562981.9947289269,517943.4351506128,-45038.55957831413,45038.55957831413,7.9999999999999964
2026-12-19,19,2026-12-01,True,TOLIMA,7707171.25,322601.66625,166719207.64999998,108367484.97,378.1116,274211.42,48390.25,85.0,15.0,Cubierta (85.0% Contratos / 15.0% Bolsa),967.8049987500001,365938.29656536056,562981.9947289269,517943.4351506128,-45038.55957831413,45038.55957831413,7.9999999999999964
2026-12-20,20,2026-12-01,True,ANTIOQUIA,26110553.34,323435.07125,167149907.61,108647439.95,377.7623,274919.81,48515.26,85.0,15.0,Cubierta (85.0% Contratos / 15.0% Bolsa),970.30521375,366544.72924819164,563914.9680559748,518801.7706114969,-45113.19744447793,45113.19744447793,7.99999999999999
2026-12-20,20,2026-12-01,True,BOGOTA,37035492.44,323435.07125,167149907.61,108647439.95,377.7623,274919.81,48515.26,85.0,15.0,Cubierta (85.0% Contratos / 15.0% Bolsa),970.30521375,366544.72924819164,563914.9680559748,518801.7706114969,-45113.19744447793,45113.19744447793,7.99999999999999
2026-12-20,20,2026-12-01,True,CARIBE_MAR,29826979.85,323435.07125,167149907.61,108647439.95,377.7623,274919.81,48515.26,85.0,15.0,Cubierta (85.0% Contratos / 15.0% Bolsa),970.30521375,366544.72924819164,563914.9680559748,518801.7706114969,-45113.19744447793,45113.19744447793,7.99999999999999
2026-12-20,20,2026-12-01,True,CARIBE_SOL,23140440.65,323435.07125,167149907.61,108647439.95,377.7623,274919.81,48515.26,85.0,15.0,Cubierta (85.0% Contratos / 15.0% Bolsa),970.30521375,366544.72924819164,563914.9680559748,518801.7706114969,-45113.19744447793,45113.19744447793,7.99999999999999
2026-12-20,20,2026-12-01,True,VALLE,19059243.8,323435.07125,167149907.61,108647439.95,377.7623,274919.81,48515.26,85.0,15.0,Cubierta (85.0% Contratos / 15.0% Bolsa),970.30521375,366544.72924819164,563914.9680559748,518801.7706114969,-45113.19744447793,45113.19744447793,7.99999999999999
2026-12-20,20,2026-12-01,True,SANTANDER,14607323.0,323435.07125,167149907.61,108647439.95,377.7623,274919.81,48515.26,85.0,15.0,Cubierta (85.0% Contratos / 15.0% Bolsa),970.30521375,366544.72924819164,563914.9680559748,518801.7706114969,-45113.19744447793,45113.19744447793,7.99999999999999
2026-12-20,20,2026-12-01,True,CUNDINAMARCA,9440460.64,323435.07125,167149907.61,108647439.95,377.7623,274919.81,48515.26,85.0,15.0,Cubierta (85.0% Contratos / 15.0% Bolsa),970.30521375,366544.72924819164,563914.9680559748,518801.7706114969,-45113.19744447793,45113.19744447793,7.99999999999999
2026-12-20,20,2026-12-01,True,TOLIMA,7929413.89,323435.07125,167149907.61,108647439.95,377.7623,274919.81,48515.26,85.0,15.0,Cubierta (85.0% Contratos / 15.0% Bolsa),970.30521375,366544.72924819164,563914.9680559748,518801.7706114969,-45113.19744447793,45113.19744447793,7.99999999999999
2026-12-21,21,2026-12-01,True,ANTIOQUIA,31706416.4,456472.6,198898736.12000003,129284178.48,377.4575,388001.71,68470.89,85.0,15.0,Cubierta (85.0% Contratos / 15.0% Bolsa),1369.4178,516897.01924349996,795226.1834392366,731608.0887640977,-63618.09467513894,63618.09467513894,8.000000000000002
2026-12-21,21,2026-12-01,True,BOGOTA,44092092.06,456472.6,198898736.12000003,129284178.48,377.4575,388001.71,68470.89,85.0,15.0,Cubierta (85.0% Contratos / 15.0% Bolsa),1369.4178,516897.01924349996,795226.1834392366,731608.0887640977,-63618.09467513894,63618.09467513894,8.000000000000002
2026-12-21,21,2026-12-01,True,CARIBE_MAR,35254328.48,456472.6,198898736.12000003,129284178.48,377.4575,388001.71,68470.89,85.0,15.0,Cubierta (85.0% Contratos / 15.0% Bolsa),1369.4178,516897.01924349996,795226.1834392366,731608.0887640977,-63618.09467513894,63618.09467513894,8.000000000000002
2026-12-21,21,2026-12-01,True,CARIBE_SOL,27269963.36,456472.6,198898736.12000003,129284178.48,377.4575,388001.71,68470.89,85.0,15.0,Cubierta (85.0% Contratos / 15.0% Bolsa),1369.4178,516897.01924349996,795226.1834392366,731608.0887640977,-63618.09467513894,63618.09467513894,8.000000000000002
2026-12-21,21,2026-12-01,True,VALLE,22632085.74,456472.6,198898736.12000003,129284178.48,377.4575,388001.71,68470.89,85.0,15.0,Cubierta (85.0% Contratos / 15.0% Bolsa),1369.4178,516897.01924349996,795226.1834392366,731608.0887640977,-63618.09467513894,63618.09467513894,8.000000000000002
2026-12-21,21,2026-12-01,True,SANTANDER,17178115.49,456472.6,198898736.12000003,129284178.48,377.4575,388001.71,68470.89,85.0,15.0,Cubierta (85.0% Contratos / 15.0% Bolsa),1369.4178,516897.01924349996,795226.1834392366,731608.0887640977,-63618.09467513894,63618.09467513894,8.000000000000002
2026-12-21,21,2026-12-01,True,CUNDINAMARCA,11285361.06,456472.6,198898736.12000003,129284178.48,377.4575,388001.71,68470.89,85.0,15.0,Cubierta (85.0% Contratos / 15.0% Bolsa),1369.4178,516897.01924349996,795226.1834392366,731608.0887640977,-63618.09467513894,63618.09467513894,8.000000000000002
2026-12-21,21,2026-12-01,True,TOLIMA,9480373.53,456472.6,198898736.12000003,129284178.48,377.4575,388001.71,68470.89,85.0,15.0,Cubierta (85.0% Contratos / 15.0% Bolsa),1369.4178,516897.01924349996,795226.1834392366,731608.0887640977,-63618.09467513894,63618.09467513894,8.000000000000002
2026-12-22,22,2026-12-01,True,ANTIOQUIA,31302773.81,455515.74,198481803.83,129013172.49,377.2065,387188.38,68327.36,85.0,15.0,Cubierta (85.0% Contratos / 15.0% Bolsa),1366.54722,515470.49394093,793031.529136819,729589.0068058735,-63442.522330945474,63442.522330945474,7.999999999999995
2026-12-22,22,2026-12-01,True,BOGOTA,43962525.5,455515.74,198481803.83,129013172.49,377.2065,387188.38,68327.36,85.0,15.0,Cubierta (85.0% Contratos / 15.0% Bolsa),1366.54722,515470.49394093,793031.529136819,729589.0068058735,-63442.522330945474,63442.522330945474,7.999999999999995
2026-12-22,22,2026-12-01,True,CARIBE_MAR,35011079.94,455515.74,198481803.83,129013172.49,377.2065,387188.38,68327.36,85.0,15.0,Cubierta (85.0% Contratos / 15.0% Bolsa),1366.54722,515470.49394093,793031.529136819,729589.0068058735,-63442.522330945474,63442.522330945474,7.999999999999995
2026-12-22,22,2026-12-01,True,CARIBE_SOL,27466965.65,455515.74,198481803.83,129013172.49,377.2065,387188.38,68327.36,85.0,15.0,Cubierta (85.0% Contratos / 15.0% Bolsa),1366.54722,515470.49394093,793031.529136819,729589.0068058735,-63442.522330945474,63442.522330945474,7.999999999999995
2026-12-22,22,2026-12-01,True,VALLE,22484226.39,455515.74,198481803.83,129013172.49,377.2065,387188.38,68327.36,85.0,15.0,Cubierta (85.0% Contratos / 15.0% Bolsa),1366.54722,515470.49394093,793031.529136819,729589.0068058735,-63442.522330945474,63442.522330945474,7.999999999999995
2026-12-22,22,2026-12-01,True,SANTANDER,17586867.85,455515.74,198481803.83,129013172.49,377.2065,387188.38,68327.36,85.0,15.0,Cubierta (85.0% Contratos / 15.0% Bolsa),1366.54722,515470.49394093,793031.529136819,729589.0068058735,-63442.522330945474,63442.522330945474,7.999999999999995
2026-12-22,22,2026-12-01,True,CUNDINAMARCA,11255460.27,455515.74,198481803.83,129013172.49,377.2065,387188.38,68327.36,85.0,15.0,Cubierta (85.0% Contratos / 15.0% Bolsa),1366.54722,515470.49394093,793031.529136819,729589.0068058735,-63442.522330945474,63442.522330945474,7.999999999999995
2026-12-22,22,2026-12-01,True,TOLIMA,9411904.42,455515.74,198481803.83,129013172.49,377.2065,387188.38,68327.36,85.0,15.0,Cubierta (85.0% Contratos / 15.0% Bolsa),1366.54722,515470.49394093,793031.529136819,729589.0068058735,-63442.522330945474,63442.522330945474,7.999999999999995
2026-12-23,23,2026-12-01,True,ANTIOQUIA,31542168.48,454409.92375,197999966.57999998,128699978.28,377.0174,386248.44,68161.49,85.0,15.0,Cubierta (85.0% Contratos / 15.0% Bolsa),1363.22977125,513961.3439592698,790709.7599189065,727452.979125394,-63256.78079351247,63256.78079351247,7.999999999999995
2026-12-23,23,2026-12-01,True,BOGOTA,43827520.42,454409.92375,197999966.57999998,128699978.28,377.0174,386248.44,68161.49,85.0,15.0,Cubierta (85.0% Contratos / 15.0% Bolsa),1363.22977125,513961.3439592698,790709.7599189065,727452.979125394,-63256.78079351247,63256.78079351247,7.999999999999995
2026-12-23,23,2026-12-01,True,CARIBE_MAR,34737912.78,454409.92375,197999966.57999998,128699978.28,377.0174,386248.44,68161.49,85.0,15.0,Cubierta (85.0% Contratos / 15.0% Bolsa),1363.22977125,513961.3439592698,790709.7599189065,727452.979125394,-63256.78079351247,63256.78079351247,7.999999999999995
2026-12-23,23,2026-12-01,True,CARIBE_SOL,27506822.75,454409.92375,197999966.57999998,128699978.28,377.0174,386248.44,68161.49,85.0,15.0,Cubierta (85.0% Contratos / 15.0% Bolsa),1363.22977125,513961.3439592698,790709.7599189065,727452.979125394,-63256.78079351247,63256.78079351247,7.999999999999995
2026-12-23,23,2026-12-01,True,VALLE,22287745.85,454409.92375,197999966.57999998,128699978.28,377.0174,386248.44,68161.49,85.0,15.0,Cubierta (85.0% Contratos / 15.0% Bolsa),1363.22977125,513961.3439592698,790709.7599189065,727452.979125394,-63256.78079351247,63256.78079351247,7.999999999999995
2026-12-23,23,2026-12-01,True,SANTANDER,17307419.96,454409.92375,197999966.57999998,128699978.28,377.0174,386248.44,68161.49,85.0,15.0,Cubierta (85.0% Contratos / 15.0% Bolsa),1363.22977125,513961.3439592698,790709.7599189065,727452.979125394,-63256.78079351247,63256.78079351247,7.999999999999995
2026-12-23,23,2026-12-01,True,CUNDINAMARCA,11250058.14,454409.92375,197999966.57999998,128699978.28,377.0174,386248.44,68161.49,85.0,15.0,Cubierta (85.0% Contratos / 15.0% Bolsa),1363.22977125,513961.3439592698,790709.7599189065,727452.979125394,-63256.78079351247,63256.78079351247,7.999999999999995
2026-12-23,23,2026-12-01,True,TOLIMA,9540318.2,454409.92375,197999966.57999998,128699978.28,377.0174,386248.44,68161.49,85.0,15.0,Cubierta (85.0% Contratos / 15.0% Bolsa),1363.22977125,513961.3439592698,790709.7599189065,727452.979125394,-63256.78079351247,63256.78079351247,7.999999999999995
2026-12-24,24,2026-12-01,True,ANTIOQUIA,31680945.91,457753.86875,199457023.54999998,129647065.31,376.8972,389090.79,68663.08,85.0,15.0,Cubierta (85.0% Contratos / 15.0% Bolsa),1373.26160625,517578.4542631275,796274.5450048415,732572.5814044542,-63701.96360038733,63701.96360038733,8.000000000000002
2026-12-24,24,2026-12-01,True,BOGOTA,43803871.0,457753.86875,199457023.54999998,129647065.31,376.8972,389090.79,68663.08,85.0,15.0,Cubierta (85.0% Contratos / 15.0% Bolsa),1373.26160625,517578.4542631275,796274.5450048415,732572.5814044542,-63701.96360038733,63701.96360038733,8.000000000000002
2026-12-24,24,2026-12-01,True,CARIBE_MAR,35303750.48,457753.86875,199457023.54999998,129647065.31,376.8972,389090.79,68663.08,85.0,15.0,Cubierta (85.0% Contratos / 15.0% Bolsa),1373.26160625,517578.4542631275,796274.5450048415,732572.5814044542,-63701.96360038733,63701.96360038733,8.000000000000002
2026-12-24,24,2026-12-01,True,CARIBE_SOL,27750539.82,457753.86875,199457023.54999998,129647065.31,376.8972,389090.79,68663.08,85.0,15.0,Cubierta (85.0% Contratos / 15.0% Bolsa),1373.26160625,517578.4542631275,796274.5450048415,732572.5814044542,-63701.96360038733,63701.96360038733,8.000000000000002
2026-12-24,24,2026-12-01,True,VALLE,22645903.59,457753.86875,199457023.54999998,129647065.31,376.8972,389090.79,68663.08,85.0,15.0,Cubierta (85.0% Contratos / 15.0% Bolsa),1373.26160625,517578.4542631275,796274.5450048415,732572.5814044542,-63701.96360038733,63701.96360038733,8.000000000000002
2026-12-24,24,2026-12-01,True,SANTANDER,17642415.29,457753.86875,199457023.54999998,129647065.31,376.8972,389090.79,68663.08,85.0,15.0,Cubierta (85.0% Contratos / 15.0% Bolsa),1373.26160625,517578.4542631275,796274.5450048415,732572.5814044542,-63701.96360038733,63701.96360038733,8.000000000000002
2026-12-24,24,2026-12-01,True,CUNDINAMARCA,11265847.8,457753.86875,199457023.54999998,129647065.31,376.8972,389090.79,68663.08,85.0,15.0,Cubierta (85.0% Contratos / 15.0% Bolsa),1373.26160625,517578.4542631275,796274.5450048415,732572.5814044542,-63701.96360038733,63701.96360038733,8.000000000000002
2026-12-24,24,2026-12-01,True,TOLIMA,9363749.66,457753.86875,199457023.54999998,129647065.31,376.8972,389090.79,68663.08,85.0,15.0,Cubierta (85.0% Contratos / 15.0% Bolsa),1373.26160625,517578.4542631275,796274.5450048415,732572.5814044542,-63701.96360038733,63701.96360038733,8.000000000000002
2026-12-25,25,2026-12-01,True,ANTIOQUIA,30735736.06,454663.97125,198110662.88,128771930.87,376.8513,386464.38,68199.6,85.0,15.0,Cubierta (85.0% Contratos / 15.0% Bolsa),1363.99191375,514022.1258861754,790803.2706063981,727539.0089578863,-63264.26164851186,63264.26164851186,8.000000000000002
2026-12-25,25,2026-12-01,True,BOGOTA,43974395.23,454663.97125,198110662.88,128771930.87,376.8513,386464.38,68199.6,85.0,15.0,Cubierta (85.0% Contratos / 15.0% Bolsa),1363.99191375,514022.1258861754,790803.2706063981,727539.0089578863,-63264.26164851186,63264.26164851186,8.000000000000002
2026-12-25,25,2026-12-01,True,CARIBE_MAR,35322468.01,454663.97125,198110662.88,128771930.87,376.8513,386464.38,68199.6,85.0,15.0,Cubierta (85.0% Contratos / 15.0% Bolsa),1363.99191375,514022.1258861754,790803.2706063981,727539.0089578863,-63264.26164851186,63264.26164851186,8.000000000000002
2026-12-25,25,2026-12-01,True,CARIBE_SOL,27503230.96,454663.97125,198110662.88,128771930.87,376.8513,386464.38,68199.6,85.0,15.0,Cubierta (85.0% Contratos / 15.0% Bolsa),1363.99191375,514022.1258861754,790803.2706063981,727539.0089578863,-63264.26164851186,63264.26164851186,8.000000000000002
2026-12-25,25,2026-12-01,True,VALLE,22447028.28,454663.97125,198110662.88,128771930.87,376.8513,386464.38,68199.6,85.0,15.0,Cubierta (85.0% Contratos / 15.0% Bolsa),1363.99191375,514022.1258861754,790803.2706063981,727539.0089578863,-63264.26164851186,63264.26164851186,8.000000000000002
2026-12-25,25,2026-12-01,True,SANTANDER,17588802.85,454663.97125,198110662.88,128771930.87,376.8513,386464.38,68199.6,85.0,15.0,Cubierta (85.0% Contratos / 15.0% Bolsa),1363.99191375,514022.1258861754,790803.2706063981,727539.0089578863,-63264.26164851186,63264.26164851186,8.000000000000002
2026-12-25,25,2026-12-01,True,CUNDINAMARCA,11165515.86,454663.97125,198110662.88,128771930.87,376.8513,386464.38,68199.6,85.0,15.0,Cubierta (85.0% Contratos / 15.0% Bolsa),1363.99191375,514022.1258861754,790803.2706063981,727539.0089578863,-63264.26164851186,63264.26164851186,8.000000000000002
2026-12-25,25,2026-12-01,True,TOLIMA,9373485.63,454663.97125,198110662.88,128771930.87,376.8513,386464.38,68199.6,85.0,15.0,Cubierta (85.0% Contratos / 15.0% Bolsa),1363.99191375,514022.1258861754,790803.2706063981,727539.0089578863,-63264.26164851186,63264.26164851186,8.000000000000002
2026-12-26,26,2026-12-01,True,ANTIOQUIA,26711878.22,325704.5625,168322771.07,109409801.2,376.8838,276848.88,48855.68,85.0,15.0,Cubierta (85.0% Contratos / 15.0% Bolsa),977.1136875,368258.3195770125,566551.2608644094,521227.15999525663,-45324.10086915275,45324.10086915275,8.0
2026-12-26,26,2026-12-01,True,BOGOTA,37259545.9,325704.5625,168322771.07,109409801.2,376.8838,276848.88,48855.68,85.0,15.0,Cubierta (85.0% Contratos / 15.0% Bolsa),977.1136875,368258.3195770125,566551.2608644094,521227.15999525663,-45324.10086915275,45324.10086915275,8.0
2026-12-26,26,2026-12-01,True,CARIBE_MAR,29453164.58,325704.5625,168322771.07,109409801.2,376.8838,276848.88,48855.68,85.0,15.0,Cubierta (85.0% Contratos / 15.0% Bolsa),977.1136875,368258.3195770125,566551.2608644094,521227.15999525663,-45324.10086915275,45324.10086915275,8.0
2026-12-26,26,2026-12-01,True,CARIBE_SOL,23322856.04,325704.5625,168322771.07,109409801.2,376.8838,276848.88,48855.68,85.0,15.0,Cubierta (85.0% Contratos / 15.0% Bolsa),977.1136875,368258.3195770125,566551.2608644094,521227.15999525663,-45324.10086915275,45324.10086915275,8.0
2026-12-26,26,2026-12-01,True,VALLE,19164154.33,325704.5625,168322771.07,109409801.2,376.8838,276848.88,48855.68,85.0,15.0,Cubierta (85.0% Contratos / 15.0% Bolsa),977.1136875,368258.3195770125,566551.2608644094,521227.15999525663,-45324.10086915275,45324.10086915275,8.0
2026-12-26,26,2026-12-01,True,SANTANDER,14969461.6,325704.5625,168322771.07,109409801.2,376.8838,276848.88,48855.68,85.0,15.0,Cubierta (85.0% Contratos / 15.0% Bolsa),977.1136875,368258.3195770125,566551.2608644094,521227.15999525663,-45324.10086915275,45324.10086915275,8.0
2026-12-26,26,2026-12-01,True,CUNDINAMARCA,9453384.91,325704.5625,168322771.07,109409801.2,376.8838,276848.88,48855.68,85.0,15.0,Cubierta (85.0% Contratos / 15.0% Bolsa),977.1136875,368258.3195770125,566551.2608644094,521227.15999525663,-45324.10086915275,45324.10086915275,8.0
2026-12-26,26,2026-12-01,True,TOLIMA,7988325.49,325704.5625,168322771.07,109409801.2,376.8838,276848.88,48855.68,85.0,15.0,Cubierta (85.0% Contratos / 15.0% Bolsa),977.1136875,368258.3195770125,566551.2608644094,521227.15999525663,-45324.10086915275,45324.10086915275,8.0
2026-12-27,27,2026-12-01,True,ANTIOQUIA,26464554.24,323510.74875,167189017.57999998,108672861.43,376.997,274984.14,48526.61,85.0,15.0,Cubierta (85.0% Contratos / 15.0% Bolsa),970.5322462500001,365887.7452395113,562904.2234298625,517871.88555547356,-45032.33787438896,45032.33787438896,7.999999999999993
2026-12-27,27,2026-12-01,True,BOGOTA,36721857.14,323510.74875,167189017.57999998,108672861.43,376.997,274984.14,48526.61,85.0,15.0,Cubierta (85.0% Contratos / 15.0% Bolsa),970.5322462500001,365887.7452395113,562904.2234298625,517871.88555547356,-45032.33787438896,45032.33787438896,7.999999999999993
2026-12-27,27,2026-12-01,True,CARIBE_MAR,29497857.04,323510.74875,167189017.57999998,108672861.43,376.997,274984.14,48526.61,85.0,15.0,Cubierta (85.0% Contratos / 15.0% Bolsa),970.5322462500001,365887.7452395113,562904.2234298625,517871.88555547356,-45032.33787438896,45032.33787438896,7.999999999999993
2026-12-27,27,2026-12-01,True,CARIBE_SOL,23275741.78,323510.74875,167189017.57999998,108672861.43,376.997,274984.14,48526.61,85.0,15.0,Cubierta (85.0% Contratos / 15.0% Bolsa),970.5322462500001,365887.7452395113,562904.2234298625,517871.88555547356,-45032.33787438896,45032.33787438896,7.999999999999993
2026-12-27,27,2026-12-01,True,VALLE,18996230.18,323510.74875,167189017.57999998,108672861.43,376.997,274984.14,48526.61,85.0,15.0,Cubierta (85.0% Contratos / 15.0% Bolsa),970.5322462500001,365887.7452395113,562904.2234298625,517871.88555547356,-45032.33787438896,45032.33787438896,7.999999999999993
2026-12-27,27,2026-12-01,True,SANTANDER,14808682.85,323510.74875,167189017.57999998,108672861.43,376.997,274984.14,48526.61,85.0,15.0,Cubierta (85.0% Contratos / 15.0% Bolsa),970.5322462500001,365887.7452395113,562904.2234298625,517871.88555547356,-45032.33787438896,45032.33787438896,7.999999999999993
2026-12-27,27,2026-12-01,True,CUNDINAMARCA,9608428.68,323510.74875,167189017.57999998,108672861.43,376.997,274984.14,48526.61,85.0,15.0,Cubierta (85.0% Contratos / 15.0% Bolsa),970.5322462500001,365887.7452395113,562904.2234298625,517871.88555547356,-45032.33787438896,45032.33787438896,7.999999999999993
2026-12-27,27,2026-12-01,True,TOLIMA,7815665.67,323510.74875,167189017.57999998,108672861.43,376.997,274984.14,48526.61,85.0,15.0,Cubierta (85.0% Contratos / 15.0% Bolsa),970.5322462500001,365887.7452395113,562904.2234298625,517871.88555547356,-45032.33787438896,45032.33787438896,7.999999999999993
2026-12-28,28,2026-12-01,True,ANTIOQUIA,31877093.14,458023.16625,199574364.39,129723336.85,377.1917,389319.69,68703.47,85.0,15.0,Cubierta (85.0% Contratos / 15.0% Bolsa),1374.06949875,518287.61015166045,797365.5541009909,733576.3097729116,-63789.24432807928,63789.24432807928,8.000000000000002
2026-12-28,28,2026-12-01,True,BOGOTA,43754035.68,458023.16625,199574364.39,129723336.85,377.1917,389319.69,68703.47,85.0,15.0,Cubierta (85.0% Contratos / 15.0% Bolsa),1374.06949875,518287.61015166045,797365.5541009909,733576.3097729116,-63789.24432807928,63789.24432807928,8.000000000000002
2026-12-28,28,2026-12-01,True,CARIBE_MAR,35062157.99,458023.16625,199574364.39,129723336.85,377.1917,389319.69,68703.47,85.0,15.0,Cubierta (85.0% Contratos / 15.0% Bolsa),1374.06949875,518287.61015166045,797365.5541009909,733576.3097729116,-63789.24432807928,63789.24432807928,8.000000000000002
2026-12-28,28,2026-12-01,True,CARIBE_SOL,27995458.57,458023.16625,199574364.39,129723336.85,377.1917,389319.69,68703.47,85.0,15.0,Cubierta (85.0% Contratos / 15.0% Bolsa),1374.06949875,518287.61015166045,797365.5541009909,733576.3097729116,-63789.24432807928,63789.24432807928,8.000000000000002
2026-12-28,28,2026-12-01,True,VALLE,22526470.58,458023.16625,199574364.39,129723336.85,377.1917,389319.69,68703.47,85.0,15.0,Cubierta (85.0% Contratos / 15.0% Bolsa),1374.06949875,518287.61015166045,797365.5541009909,733576.3097729116,-63789.24432807928,63789.24432807928,8.000000000000002
2026-12-28,28,2026-12-01,True,SANTANDER,17508719.97,458023.16625,199574364.39,129723336.85,377.1917,389319.69,68703.47,85.0,15.0,Cubierta (85.0% Contratos / 15.0% Bolsa),1374.06949875,518287.61015166045,797365.5541009909,733576.3097729116,-63789.24432807928,63789.24432807928,8.000000000000002
2026-12-28,28,2026-12-01,True,CUNDINAMARCA,11361691.33,458023.16625,199574364.39,129723336.85,377.1917,389319.69,68703.47,85.0,15.0,Cubierta (85.0% Contratos / 15.0% Bolsa),1374.06949875,518287.61015166045,797365.5541009909,733576.3097729116,-63789.24432807928,63789.24432807928,8.000000000000002
2026-12-28,28,2026-12-01,True,TOLIMA,9488737.13,458023.16625,199574364.39,129723336.85,377.1917,389319.69,68703.47,85.0,15.0,Cubierta (85.0% Contratos / 15.0% Bolsa),1374.06949875,518287.61015166045,797365.5541009909,733576.3097729116,-63789.24432807928,63789.24432807928,8.000000000000002
2026-12-29,29,2026-12-01,True,ANTIOQUIA,31768913.86,455421.11125,198440571.27,128986371.33,377.467,387107.94,68313.17,85.0,15.0,Cubierta (85.0% Contratos / 15.0% Bolsa),1366.2633337500001,515719.3218006113,793414.3412040295,729941.1939077072,-63473.14729632228,63473.14729632228,7.999999999999989
2026-12-29,29,2026-12-01,True,BOGOTA,43795465.9,455421.11125,198440571.27,128986371.33,377.467,387107.94,68313.17,85.0,15.0,Cubierta (85.0% Contratos / 15.0% Bolsa),1366.2633337500001,515719.3218006113,793414.3412040295,729941.1939077072,-63473.14729632228,63473.14729632228,7.999999999999989
2026-12-29,29,2026-12-01,True,CARIBE_MAR,35137667.22,455421.11125,198440571.27,128986371.33,377.467,387107.94,68313.17,85.0,15.0,Cubierta (85.0% Contratos / 15.0% Bolsa),1366.2633337500001,515719.3218006113,793414.3412040295,729941.1939077072,-63473.14729632228,63473.14729632228,7.999999999999989
2026-12-29,29,2026-12-01,True,CARIBE_SOL,27416814.9,455421.11125,198440571.27,128986371.33,377.467,387107.94,68313.17,85.0,15.0,Cubierta (85.0% Contratos / 15.0% Bolsa),1366.2633337500001,515719.3218006113,793414.3412040295,729941.1939077072,-63473.14729632228,63473.14729632228,7.999999999999989
2026-12-29,29,2026-12-01,True,VALLE,22240203.71,455421.11125,198440571.27,128986371.33,377.467,387107.94,68313.17,85.0,15.0,Cubierta (85.0% Contratos / 15.0% Bolsa),1366.2633337500001,515719.3218006113,793414.3412040295,729941.1939077072,-63473.14729632228,63473.14729632228,7.999999999999989
2026-12-29,29,2026-12-01,True,SANTANDER,17476032.15,455421.11125,198440571.27,128986371.33,377.467,387107.94,68313.17,85.0,15.0,Cubierta (85.0% Contratos / 15.0% Bolsa),1366.2633337500001,515719.3218006113,793414.3412040295,729941.1939077072,-63473.14729632228,63473.14729632228,7.999999999999989
2026-12-29,29,2026-12-01,True,CUNDINAMARCA,11291568.16,455421.11125,198440571.27,128986371.33,377.467,387107.94,68313.17,85.0,15.0,Cubierta (85.0% Contratos / 15.0% Bolsa),1366.2633337500001,515719.3218006113,793414.3412040295,729941.1939077072,-63473.14729632228,63473.14729632228,7.999999999999989
2026-12-29,29,2026-12-01,True,TOLIMA,9313905.37,455421.11125,198440571.27,128986371.33,377.467,387107.94,68313.17,85.0,15.0,Cubierta (85.0% Contratos / 15.0% Bolsa),1366.2633337500001,515719.3218006113,793414.3412040295,729941.1939077072,-63473.14729632228,63473.14729632228,7.999999999999989
2026-12-30,30,2026-12-01,True,ANTIOQUIA,31740563.26,456881.4975,199076905.43,129399988.53,377.8203,388349.27,68532.22,85.0,15.0,Cubierta (85.0% Contratos / 15.0% Bolsa),1370.6444925,517857.31334969774,796703.5589964564,732967.2742767399,-63736.284719716525,63736.284719716525,8.000000000000002
2026-12-30,30,2026-12-01,True,BOGOTA,43826205.49,456881.4975,199076905.43,129399988.53,377.8203,388349.27,68532.22,85.0,15.0,Cubierta (85.0% Contratos / 15.0% Bolsa),1370.6444925,517857.31334969774,796703.5589964564,732967.2742767399,-63736.284719716525,63736.284719716525,8.000000000000002
2026-12-30,30,2026-12-01,True,CARIBE_MAR,35055146.65,456881.4975,199076905.43,129399988.53,377.8203,388349.27,68532.22,85.0,15.0,Cubierta (85.0% Contratos / 15.0% Bolsa),1370.6444925,517857.31334969774,796703.5589964564,732967.2742767399,-63736.284719716525,63736.284719716525,8.000000000000002
2026-12-30,30,2026-12-01,True,CARIBE_SOL,27983648.94,456881.4975,199076905.43,129399988.53,377.8203,388349.27,68532.22,85.0,15.0,Cubierta (85.0% Contratos / 15.0% Bolsa),1370.6444925,517857.31334969774,796703.5589964564,732967.2742767399,-63736.284719716525,63736.284719716525,8.000000000000002
2026-12-30,30,2026-12-01,True,VALLE,22314465.17,456881.4975,199076905.43,129399988.53,377.8203,388349.27,68532.22,85.0,15.0,Cubierta (85.0% Contratos / 15.0% Bolsa),1370.6444925,517857.31334969774,796703.5589964564,732967.2742767399,-63736.284719716525,63736.284719716525,8.000000000000002
2026-12-30,30,2026-12-01,True,SANTANDER,17677112.22,456881.4975,199076905.43,129399988.53,377.8203,388349.27,68532.22,85.0,15.0,Cubierta (85.0% Contratos / 15.0% Bolsa),1370.6444925,517857.31334969774,796703.5589964564,732967.2742767399,-63736.284719716525,63736.284719716525,8.000000000000002
2026-12-30,30,2026-12-01,True,CUNDINAMARCA,11137232.21,456881.4975,199076905.43,129399988.53,377.8203,388349.27,68532.22,85.0,15.0,Cubierta (85.0% Contratos / 15.0% Bolsa),1370.6444925,517857.31334969774,796703.5589964564,732967.2742767399,-63736.284719716525,63736.284719716525,8.000000000000002
2026-12-30,30,2026-12-01,True,TOLIMA,9342531.49,456881.4975,199076905.43,129399988.53,377.8203,388349.27,68532.22,85.0,15.0,Cubierta (85.0% Contratos / 15.0% Bolsa),1370.6444925,517857.31334969774,796703.5589964564,732967.2742767399,-63736.284719716525,63736.284719716525,8.000000000000002
2026-12-31,31,2026-12-01,True,ANTIOQUIA,31721329.08,458143.3575,199626735.36,129757377.98,378.2475,389421.85,68721.5,85.0,15.0,Cubierta (85.0% Contratos / 15.0% Bolsa),1374.4300725,519874.7388479438,799807.2905599535,735822.7073151573,-63984.58324479626,63984.58324479626,7.999999999999997
2026-12-31,31,2026-12-01,True,BOGOTA,44231296.75,458143.3575,199626735.36,129757377.98,378.2475,389421.85,68721.5,85.0,15.0,Cubierta (85.0% Contratos / 15.0% Bolsa),1374.4300725,519874.7388479438,799807.2905599535,735822.7073151573,-63984.58324479626,63984.58324479626,7.999999999999997
2026-12-31,31,2026-12-01,True,CARIBE_MAR,35192426.2,458143.3575,199626735.36,129757377.98,378.2475,389421.85,68721.5,85.0,15.0,Cubierta (85.0% Contratos / 15.0% Bolsa),1374.4300725,519874.7388479438,799807.2905599535,735822.7073151573,-63984.58324479626,63984.58324479626,7.999999999999997
2026-12-31,31,2026-12-01,True,CARIBE_SOL,27643315.62,458143.3575,199626735.36,129757377.98,378.2475,389421.85,68721.5,85.0,15.0,Cubierta (85.0% Contratos / 15.0% Bolsa),1374.4300725,519874.7388479438,799807.2905599535,735822.7073151573,-63984.58324479626,63984.58324479626,7.999999999999997
2026-12-31,31,2026-12-01,True,VALLE,22796807.69,458143.3575,199626735.36,129757377.98,378.2475,389421.85,68721.5,85.0,15.0,Cubierta (85.0% Contratos / 15.0% Bolsa),1374.4300725,519874.7388479438,799807.2905599535,735822.7073151573,-63984.58324479626,63984.58324479626,7.999999999999997
2026-12-31,31,2026-12-01,True,SANTANDER,17473817.82,458143.3575,199626735.36,129757377.98,378.2475,389421.85,68721.5,85.0,15.0,Cubierta (85.0% Contratos / 15.0% Bolsa),1374.4300725,519874.7388479438,799807.2905599535,735822.7073151573,-63984.58324479626,63984.58324479626,7.999999999999997
2026-12-31,31,2026-12-01,True,CUNDINAMARCA,11192538.52,458143.3575,199626735.36,129757377.98,378.2475,389421.85,68721.5,85.0,15.0,Cubierta (85.0% Contratos / 15.0% Bolsa),1374.4300725,519874.7388479438,799807.2905599535,735822.7073151573,-63984.58324479626,63984.58324479626,7.999999999999997
2026-12-31,31,2026-12-01,True,TOLIMA,9375203.68,458143.3575,199626735.36,129757377.98,378.2475,389421.85,68721.5,85.0,15.0,Cubierta (85.0% Contratos / 15.0% Bolsa),1374.4300725,519874.7388479438,799807.2905599535,735822.7073151573,-63984.58324479626,63984.58324479626,7.999999999999997
2027-01-01,1,2027-01-01,True,ANTIOQUIA,31207350.47,454771.12625,198157353.33,128802279.66,378.743,386555.46,68215.67,85.0,15.0,Cubierta (85.0% Contratos / 15.0% Bolsa),1364.3133787499999,516724.14200791117,794960.2185014834,731363.4010213648,-63596.817480118596,63596.817480118596,7.99999999999999
2027-01-01,1,2027-01-01,True,BOGOTA,43812331.64,454771.12625,198157353.33,128802279.66,378.743,386555.46,68215.67,85.0,15.0,Cubierta (85.0% Contratos / 15.0% Bolsa),1364.3133787499999,516724.14200791117,794960.2185014834,731363.4010213648,-63596.817480118596,63596.817480118596,7.99999999999999
2027-01-01,1,2027-01-01,True,CARIBE_MAR,34970892.88,454771.12625,198157353.33,128802279.66,378.743,386555.46,68215.67,85.0,15.0,Cubierta (85.0% Contratos / 15.0% Bolsa),1364.3133787499999,516724.14200791117,794960.2185014834,731363.4010213648,-63596.817480118596,63596.817480118596,7.99999999999999
2027-01-01,1,2027-01-01,True,CARIBE_SOL,27639533.63,454771.12625,198157353.33,128802279.66,378.743,386555.46,68215.67,85.0,15.0,Cubierta (85.0% Contratos / 15.0% Bolsa),1364.3133787499999,516724.14200791117,794960.2185014834,731363.4010213648,-63596.817480118596,63596.817480118596,7.99999999999999
2027-01-01,1,2027-01-01,True,VALLE,22419171.33,454771.12625,198157353.33,128802279.66,378.743,386555.46,68215.67,85.0,15.0,Cubierta (85.0% Contratos / 15.0% Bolsa),1364.3133787499999,516724.14200791117,794960.2185014834,731363.4010213648,-63596.817480118596,63596.817480118596,7.99999999999999
2027-01-01,1,2027-01-01,True,SANTANDER,17243821.55,454771.12625,198157353.33,128802279.66,378.743,386555.46,68215.67,85.0,15.0,Cubierta (85.0% Contratos / 15.0% Bolsa),1364.3133787499999,516724.14200791117,794960.2185014834,731363.4010213648,-63596.817480118596,63596.817480118596,7.99999999999999
2027-01-01,1,2027-01-01,True,CUNDINAMARCA,11414542.49,454771.12625,198157353.33,128802279.66,378.743,386555.46,68215.67,85.0,15.0,Cubierta (85.0% Contratos / 15.0% Bolsa),1364.3133787499999,516724.14200791117,794960.2185014834,731363.4010213648,-63596.817480118596,63596.817480118596,7.99999999999999
2027-01-01,1,2027-01-01,True,TOLIMA,9449709.34,454771.12625,198157353.33,128802279.66,378.743,386555.46,68215.67,85.0,15.0,Cubierta (85.0% Contratos / 15.0% Bolsa),1364.3133787499999,516724.14200791117,794960.2185014834,731363.4010213648,-63596.817480118596,63596.817480118596,7.99999999999999
2027-01-02,2,2027-01-01,True,ANTIOQUIA,26455580.93,325129.355,168025506.35000002,109216579.13,379.2996,276359.95,48769.4,85.0,15.0,Cubierta (85.0% Contratos / 15.0% Bolsa),975.388065,369964.302899274,569175.8506012391,523641.78255314,-45534.068048099114,45534.068048099114,7.999999999999997
2027-01-02,2,2027-01-01,True,BOGOTA,36704247.25,325129.355,168025506.35000002,109216579.13,379.2996,276359.95,48769.4,85.0,15.0,Cubierta (85.0% Contratos / 15.0% Bolsa),975.388065,369964.302899274,569175.8506012391,523641.78255314,-45534.068048099114,45534.068048099114,7.999999999999997
2027-01-02,2,2027-01-01,True,CARIBE_MAR,29927202.12,325129.355,168025506.35000002,109216579.13,379.2996,276359.95,48769.4,85.0,15.0,Cubierta (85.0% Contratos / 15.0% Bolsa),975.388065,369964.302899274,569175.8506012391,523641.78255314,-45534.068048099114,45534.068048099114,7.999999999999997
2027-01-02,2,2027-01-01,True,CARIBE_SOL,23405210.95,325129.355,168025506.35000002,109216579.13,379.2996,276359.95,48769.4,85.0,15.0,Cubierta (85.0% Contratos / 15.0% Bolsa),975.388065,369964.302899274,569175.8506012391,523641.78255314,-45534.068048099114,45534.068048099114,7.999999999999997
2027-01-02,2,2027-01-01,True,VALLE,19093815.44,325129.355,168025506.35000002,109216579.13,379.2996,276359.95,48769.4,85.0,15.0,Cubierta (85.0% Contratos / 15.0% Bolsa),975.388065,369964.302899274,569175.8506012391,523641.78255314,-45534.068048099114,45534.068048099114,7.999999999999997
2027-01-02,2,2027-01-01,True,SANTANDER,14822527.83,325129.355,168025506.35000002,109216579.13,379.2996,276359.95,48769.4,85.0,15.0,Cubierta (85.0% Contratos / 15.0% Bolsa),975.388065,369964.302899274,569175.8506012391,523641.78255314,-45534.068048099114,45534.068048099114,7.999999999999997
2027-01-02,2,2027-01-01,True,CUNDINAMARCA,9684094.59,325129.355,168025506.35000002,109216579.13,379.2996,276359.95,48769.4,85.0,15.0,Cubierta (85.0% Contratos / 15.0% Bolsa),975.388065,369964.302899274,569175.8506012391,523641.78255314,-45534.068048099114,45534.068048099114,7.999999999999997
2027-01-02,2,2027-01-01,True,TOLIMA,7932827.24,325129.355,168025506.35000002,109216579.13,379.2996,276359.95,48769.4,85.0,15.0,Cubierta (85.0% Contratos / 15.0% Bolsa),975.388065,369964.302899274,569175.8506012391,523641.78255314,-45534.068048099114,45534.068048099114,7.999999999999997
2027-01-03,3,2027-01-01,True,ANTIOQUIA,26700749.65,325367.8675,168148768.76,109296699.69,379.9092,276562.69,48805.18,85.0,15.0,Cubierta (85.0% Contratos / 15.0% Bolsa),976.1036025,370830.738742893,570508.8288560993,524868.1225476114,-45640.70630848792,45640.70630848792,7.9999999999999964
2027-01-03,3,2027-01-01,True,BOGOTA,37235159.94,325367.8675,168148768.76,109296699.69,379.9092,276562.69,48805.18,85.0,15.0,Cubierta (85.0% Contratos / 15.0% Bolsa),976.1036025,370830.738742893,570508.8288560993,524868.1225476114,-45640.70630848792,45640.70630848792,7.9999999999999964
2027-01-03,3,2027-01-01,True,CARIBE_MAR,29786734.5,325367.8675,168148768.76,109296699.69,379.9092,276562.69,48805.18,85.0,15.0,Cubierta (85.0% Contratos / 15.0% Bolsa),976.1036025,370830.738742893,570508.8288560993,524868.1225476114,-45640.70630848792,45640.70630848792,7.9999999999999964
2027-01-03,3,2027-01-01,True,CARIBE_SOL,23179527.37,325367.8675,168148768.76,109296699.69,379.9092,276562.69,48805.18,85.0,15.0,Cubierta (85.0% Contratos / 15.0% Bolsa),976.1036025,370830.738742893,570508.8288560993,524868.1225476114,-45640.70630848792,45640.70630848792,7.9999999999999964
2027-01-03,3,2027-01-01,True,VALLE,19020004.7,325367.8675,168148768.76,109296699.69,379.9092,276562.69,48805.18,85.0,15.0,Cubierta (85.0% Contratos / 15.0% Bolsa),976.1036025,370830.738742893,570508.8288560993,524868.1225476114,-45640.70630848792,45640.70630848792,7.9999999999999964
2027-01-03,3,2027-01-01,True,SANTANDER,14808412.98,325367.8675,168148768.76,109296699.69,379.9092,276562.69,48805.18,85.0,15.0,Cubierta (85.0% Contratos / 15.0% Bolsa),976.1036025,370830.738742893,570508.8288560993,524868.1225476114,-45640.70630848792,45640.70630848792,7.9999999999999964
2027-01-03,3,2027-01-01,True,CUNDINAMARCA,9473288.06,325367.8675,168148768.76,109296699.69,379.9092,276562.69,48805.18,85.0,15.0,Cubierta (85.0% Contratos / 15.0% Bolsa),976.1036025,370830.738742893,570508.8288560993,524868.1225476114,-45640.70630848792,45640.70630848792,7.9999999999999964
2027-01-03,3,2027-01-01,True,TOLIMA,7944891.56,325367.8675,168148768.76,109296699.69,379.9092,276562.69,48805.18,85.0,15.0,Cubierta (85.0% Contratos / 15.0% Bolsa),976.1036025,370830.738742893,570508.8288560993,524868.1225476114,-45640.70630848792,45640.70630848792,7.9999999999999964
2027-01-04,4,2027-01-01,True,ANTIOQUIA,31581519.82,457606.4375,199392783.06000003,129605308.99,380.5623,388965.47,68640.97,85.0,15.0,Cubierta (85.0% Contratos / 15.0% Bolsa),1372.8193125,522443.27504941873,803758.884685212,739458.1739103951,-64300.71077481692,64300.71077481692,7.999999999999995
2027-01-04,4,2027-01-01,True,BOGOTA,43684679.14,457606.4375,199392783.06000003,129605308.99,380.5623,388965.47,68640.97,85.0,15.0,Cubierta (85.0% Contratos / 15.0% Bolsa),1372.8193125,522443.27504941873,803758.884685212,739458.1739103951,-64300.71077481692,64300.71077481692,7.999999999999995
2027-01-04,4,2027-01-01,True,CARIBE_MAR,35752510.81,457606.4375,199392783.06000003,129605308.99,380.5623,388965.47,68640.97,85.0,15.0,Cubierta (85.0% Contratos / 15.0% Bolsa),1372.8193125,522443.27504941873,803758.884685212,739458.1739103951,-64300.71077481692,64300.71077481692,7.999999999999995
2027-01-04,4,2027-01-01,True,CARIBE_SOL,27902200.77,457606.4375,199392783.06000003,129605308.99,380.5623,388965.47,68640.97,85.0,15.0,Cubierta (85.0% Contratos / 15.0% Bolsa),1372.8193125,522443.27504941873,803758.884685212,739458.1739103951,-64300.71077481692,64300.71077481692,7.999999999999995
2027-01-04,4,2027-01-01,True,VALLE,22336689.51,457606.4375,199392783.06000003,129605308.99,380.5623,388965.47,68640.97,85.0,15.0,Cubierta (85.0% Contratos / 15.0% Bolsa),1372.8193125,522443.27504941873,803758.884685212,739458.1739103951,-64300.71077481692,64300.71077481692,7.999999999999995
2027-01-04,4,2027-01-01,True,SANTANDER,17567240.61,457606.4375,199392783.06000003,129605308.99,380.5623,388965.47,68640.97,85.0,15.0,Cubierta (85.0% Contratos / 15.0% Bolsa),1372.8193125,522443.27504941873,803758.884685212,739458.1739103951,-64300.71077481692,64300.71077481692,7.999999999999995
2027-01-04,4,2027-01-01,True,CUNDINAMARCA,11178698.62,457606.4375,199392783.06000003,129605308.99,380.5623,388965.47,68640.97,85.0,15.0,Cubierta (85.0% Contratos / 15.0% Bolsa),1372.8193125,522443.27504941873,803758.884685212,739458.1739103951,-64300.71077481692,64300.71077481692,7.999999999999995
2027-01-04,4,2027-01-01,True,TOLIMA,9389243.78,457606.4375,199392783.06000003,129605308.99,380.5623,388965.47,68640.97,85.0,15.0,Cubierta (85.0% Contratos / 15.0% Bolsa),1372.8193125,522443.27504941873,803758.884685212,739458.1739103951,-64300.71077481692,64300.71077481692,7.999999999999995
2027-01-05,5,2027-01-01,True,ANTIOQUIA,31770536.17,458445.475,199758377.09,129842945.11,381.2487,389678.65,68766.82,85.0,15.0,Cubierta (85.0% Contratos / 15.0% Bolsa),1375.336425,524345.2240938975,806684.9601351385,742150.1633243274,-64534.796810811036,64534.796810811036,7.999999999999995
2027-01-05,5,2027-01-01,True,BOGOTA,43758685.16,458445.475,199758377.09,129842945.11,381.2487,389678.65,68766.82,85.0,15.0,Cubierta (85.0% Contratos / 15.0% Bolsa),1375.336425,524345.2240938975,806684.9601351385,742150.1633243274,-64534.796810811036,64534.796810811036,7.999999999999995
2027-01-05,5,2027-01-01,True,CARIBE_MAR,35355593.53,458445.475,199758377.09,129842945.11,381.2487,389678.65,68766.82,85.0,15.0,Cubierta (85.0% Contratos / 15.0% Bolsa),1375.336425,524345.2240938975,806684.9601351385,742150.1633243274,-64534.796810811036,64534.796810811036,7.999999999999995
2027-01-05,5,2027-01-01,True,CARIBE_SOL,27861904.57,458445.475,199758377.09,129842945.11,381.2487,389678.65,68766.82,85.0,15.0,Cubierta (85.0% Contratos / 15.0% Bolsa),1375.336425,524345.2240938975,806684.9601351385,742150.1633243274,-64534.796810811036,64534.796810811036,7.999999999999995
2027-01-05,5,2027-01-01,True,VALLE,22706428.46,458445.475,199758377.09,129842945.11,381.2487,389678.65,68766.82,85.0,15.0,Cubierta (85.0% Contratos / 15.0% Bolsa),1375.336425,524345.2240938975,806684.9601351385,742150.1633243274,-64534.796810811036,64534.796810811036,7.999999999999995
2027-01-05,5,2027-01-01,True,SANTANDER,17637007.2,458445.475,199758377.09,129842945.11,381.2487,389678.65,68766.82,85.0,15.0,Cubierta (85.0% Contratos / 15.0% Bolsa),1375.336425,524345.2240938975,806684.9601351385,742150.1633243274,-64534.796810811036,64534.796810811036,7.999999999999995
2027-01-05,5,2027-01-01,True,CUNDINAMARCA,11295445.28,458445.475,199758377.09,129842945.11,381.2487,389678.65,68766.82,85.0,15.0,Cubierta (85.0% Contratos / 15.0% Bolsa),1375.336425,524345.2240938975,806684.9601351385,742150.1633243274,-64534.796810811036,64534.796810811036,7.999999999999995
2027-01-05,5,2027-01-01,True,TOLIMA,9372776.72,458445.475,199758377.09,129842945.11,381.2487,389678.65,68766.82,85.0,15.0,Cubierta (85.0% Contratos / 15.0% Bolsa),1375.336425,524345.2240938975,806684.9601351385,742150.1633243274,-64534.796810811036,64534.796810811036,7.999999999999995
2027-01-06,6,2027-01-01,True,ANTIOQUIA,31366061.45,457632.545,199404159.1,129612703.42,381.9575,388987.66,68644.88,85.0,15.0,Cubierta (85.0% Contratos / 15.0% Bolsa),1372.897635,524388.5484205125,806751.6129235129,742211.4838896319,-64540.12903388101,64540.12903388101,7.9999999999999964
2027-01-06,6,2027-01-01,True,BOGOTA,43435967.48,457632.545,199404159.1,129612703.42,381.9575,388987.66,68644.88,85.0,15.0,Cubierta (85.0% Contratos / 15.0% Bolsa),1372.897635,524388.5484205125,806751.6129235129,742211.4838896319,-64540.12903388101,64540.12903388101,7.9999999999999964
2027-01-06,6,2027-01-01,True,CARIBE_MAR,35565294.58,457632.545,199404159.1,129612703.42,381.9575,388987.66,68644.88,85.0,15.0,Cubierta (85.0% Contratos / 15.0% Bolsa),1372.897635,524388.5484205125,806751.6129235129,742211.4838896319,-64540.12903388101,64540.12903388101,7.9999999999999964
2027-01-06,6,2027-01-01,True,CARIBE_SOL,27870180.11,457632.545,199404159.1,129612703.42,381.9575,388987.66,68644.88,85.0,15.0,Cubierta (85.0% Contratos / 15.0% Bolsa),1372.897635,524388.5484205125,806751.6129235129,742211.4838896319,-64540.12903388101,64540.12903388101,7.9999999999999964
2027-01-06,6,2027-01-01,True,VALLE,22600820.97,457632.545,199404159.1,129612703.42,381.9575,388987.66,68644.88,85.0,15.0,Cubierta (85.0% Contratos / 15.0% Bolsa),1372.897635,524388.5484205125,806751.6129235129,742211.4838896319,-64540.12903388101,64540.12903388101,7.9999999999999964
2027-01-06,6,2027-01-01,True,SANTANDER,17804668.7,457632.545,199404159.1,129612703.42,381.9575,388987.66,68644.88,85.0,15.0,Cubierta (85.0% Contratos / 15.0% Bolsa),1372.897635,524388.5484205125,806751.6129235129,742211.4838896319,-64540.12903388101,64540.12903388101,7.9999999999999964
2027-01-06,6,2027-01-01,True,CUNDINAMARCA,11311249.8,457632.545,199404159.1,129612703.42,381.9575,388987.66,68644.88,85.0,15.0,Cubierta (85.0% Contratos / 15.0% Bolsa),1372.897635,524388.5484205125,806751.6129235129,742211.4838896319,-64540.12903388101,64540.12903388101,7.9999999999999964
2027-01-06,6,2027-01-01,True,TOLIMA,9449916.01,457632.545,199404159.1,129612703.42,381.9575,388987.66,68644.88,85.0,15.0,Cubierta (85.0% Contratos / 15.0% Bolsa),1372.897635,524388.5484205125,806751.6129235129,742211.4838896319,-64540.12903388101,64540.12903388101,7.9999999999999964
2027-01-07,7,2027-01-01,True,ANTIOQUIA,31478165.25,458827.495,199924834.52999997,129951142.44,382.6772,390003.37,68824.12,85.0,15.0,Cubierta (85.0% Contratos / 15.0% Bolsa),1376.482485,526748.4632088421,810382.2511185885,745551.6710291015,-64830.58008948702,64830.58008948702,7.999999999999992
2027-01-07,7,2027-01-01,True,BOGOTA,44053455.57,458827.495,199924834.52999997,129951142.44,382.6772,390003.37,68824.12,85.0,15.0,Cubierta (85.0% Contratos / 15.0% Bolsa),1376.482485,526748.4632088421,810382.2511185885,745551.6710291015,-64830.58008948702,64830.58008948702,7.999999999999992
2027-01-07,7,2027-01-01,True,CARIBE_MAR,35345348.63,458827.495,199924834.52999997,129951142.44,382.6772,390003.37,68824.12,85.0,15.0,Cubierta (85.0% Contratos / 15.0% Bolsa),1376.482485,526748.4632088421,810382.2511185885,745551.6710291015,-64830.58008948702,64830.58008948702,7.999999999999992
2027-01-07,7,2027-01-01,True,CARIBE_SOL,27813762.09,458827.495,199924834.52999997,129951142.44,382.6772,390003.37,68824.12,85.0,15.0,Cubierta (85.0% Contratos / 15.0% Bolsa),1376.482485,526748.4632088421,810382.2511185885,745551.6710291015,-64830.58008948702,64830.58008948702,7.999999999999992
2027-01-07,7,2027-01-01,True,VALLE,22877899.38,458827.495,199924834.52999997,129951142.44,382.6772,390003.37,68824.12,85.0,15.0,Cubierta (85.0% Contratos / 15.0% Bolsa),1376.482485,526748.4632088421,810382.2511185885,745551.6710291015,-64830.58008948702,64830.58008948702,7.999999999999992
2027-01-07,7,2027-01-01,True,SANTANDER,17395600.71,458827.495,199924834.52999997,129951142.44,382.6772,390003.37,68824.12,85.0,15.0,Cubierta (85.0% Contratos / 15.0% Bolsa),1376.482485,526748.4632088421,810382.2511185885,745551.6710291015,-64830.58008948702,64830.58008948702,7.999999999999992
2027-01-07,7,2027-01-01,True,CUNDINAMARCA,11487767.42,458827.495,199924834.52999997,129951142.44,382.6772,390003.37,68824.12,85.0,15.0,Cubierta (85.0% Contratos / 15.0% Bolsa),1376.482485,526748.4632088421,810382.2511185885,745551.6710291015,-64830.58008948702,64830.58008948702,7.999999999999992
2027-01-07,7,2027-01-01,True,TOLIMA,9472835.48,458827.495,199924834.52999997,129951142.44,382.6772,390003.37,68824.12,85.0,15.0,Cubierta (85.0% Contratos / 15.0% Bolsa),1376.482485,526748.4632088421,810382.2511185885,745551.6710291015,-64830.58008948702,64830.58008948702,7.999999999999992
2027-01-08,8,2027-01-01,True,ANTIOQUIA,31413744.88,456378.86125,198857891.72,129257629.62,383.3964,387922.03,68456.83,85.0,15.0,Cubierta (85.0% Contratos / 15.0% Bolsa),1369.13658375,524922.0373180485,807572.3650921944,742966.5758848189,-64605.78920737549,64605.78920737549,7.999999999999992
2027-01-08,8,2027-01-01,True,BOGOTA,43863468.24,456378.86125,198857891.72,129257629.62,383.3964,387922.03,68456.83,85.0,15.0,Cubierta (85.0% Contratos / 15.0% Bolsa),1369.13658375,524922.0373180485,807572.3650921944,742966.5758848189,-64605.78920737549,64605.78920737549,7.999999999999992
2027-01-08,8,2027-01-01,True,CARIBE_MAR,35016126.88,456378.86125,198857891.72,129257629.62,383.3964,387922.03,68456.83,85.0,15.0,Cubierta (85.0% Contratos / 15.0% Bolsa),1369.13658375,524922.0373180485,807572.3650921944,742966.5758848189,-64605.78920737549,64605.78920737549,7.999999999999992
2027-01-08,8,2027-01-01,True,CARIBE_SOL,27452672.18,456378.86125,198857891.72,129257629.62,383.3964,387922.03,68456.83,85.0,15.0,Cubierta (85.0% Contratos / 15.0% Bolsa),1369.13658375,524922.0373180485,807572.3650921944,742966.5758848189,-64605.78920737549,64605.78920737549,7.999999999999992
2027-01-08,8,2027-01-01,True,VALLE,22779942.07,456378.86125,198857891.72,129257629.62,383.3964,387922.03,68456.83,85.0,15.0,Cubierta (85.0% Contratos / 15.0% Bolsa),1369.13658375,524922.0373180485,807572.3650921944,742966.5758848189,-64605.78920737549,64605.78920737549,7.999999999999992
2027-01-08,8,2027-01-01,True,SANTANDER,17639059.37,456378.86125,198857891.72,129257629.62,383.3964,387922.03,68456.83,85.0,15.0,Cubierta (85.0% Contratos / 15.0% Bolsa),1369.13658375,524922.0373180485,807572.3650921944,742966.5758848189,-64605.78920737549,64605.78920737549,7.999999999999992
2027-01-08,8,2027-01-01,True,CUNDINAMARCA,11223148.48,456378.86125,198857891.72,129257629.62,383.3964,387922.03,68456.83,85.0,15.0,Cubierta (85.0% Contratos / 15.0% Bolsa),1369.13658375,524922.0373180485,807572.3650921944,742966.5758848189,-64605.78920737549,64605.78920737549,7.999999999999992
2027-01-08,8,2027-01-01,True,TOLIMA,9469729.62,456378.86125,198857891.72,129257629.62,383.3964,387922.03,68456.83,85.0,15.0,Cubierta (85.0% Contratos / 15.0% Bolsa),1369.13658375,524922.0373180485,807572.3650921944,742966.5758848189,-64605.78920737549,64605.78920737549,7.999999999999992
2027-01-09,9,2027-01-01,True,ANTIOQUIA,26552345.89,324054.8625,167470212.88,108855638.37,384.1034,275446.63,48608.23,85.0,15.0,Cubierta (85.0% Contratos / 15.0% Bolsa),972.1645875,373411.72341834754,574479.5745003204,528521.2085402948,-45958.36596002558,45958.36596002558,7.99999999999999
2027-01-09,9,2027-01-01,True,BOGOTA,36661507.11,324054.8625,167470212.88,108855638.37,384.1034,275446.63,48608.23,85.0,15.0,Cubierta (85.0% Contratos / 15.0% Bolsa),972.1645875,373411.72341834754,574479.5745003204,528521.2085402948,-45958.36596002558,45958.36596002558,7.99999999999999
2027-01-09,9,2027-01-01,True,CARIBE_MAR,29851998.9,324054.8625,167470212.88,108855638.37,384.1034,275446.63,48608.23,85.0,15.0,Cubierta (85.0% Contratos / 15.0% Bolsa),972.1645875,373411.72341834754,574479.5745003204,528521.2085402948,-45958.36596002558,45958.36596002558,7.99999999999999
2027-01-09,9,2027-01-01,True,CARIBE_SOL,23182827.18,324054.8625,167470212.88,108855638.37,384.1034,275446.63,48608.23,85.0,15.0,Cubierta (85.0% Contratos / 15.0% Bolsa),972.1645875,373411.72341834754,574479.5745003204,528521.2085402948,-45958.36596002558,45958.36596002558,7.99999999999999
2027-01-09,9,2027-01-01,True,VALLE,18995774.91,324054.8625,167470212.88,108855638.37,384.1034,275446.63,48608.23,85.0,15.0,Cubierta (85.0% Contratos / 15.0% Bolsa),972.1645875,373411.72341834754,574479.5745003204,528521.2085402948,-45958.36596002558,45958.36596002558,7.99999999999999
2027-01-09,9,2027-01-01,True,SANTANDER,14769190.94,324054.8625,167470212.88,108855638.37,384.1034,275446.63,48608.23,85.0,15.0,Cubierta (85.0% Contratos / 15.0% Bolsa),972.1645875,373411.72341834754,574479.5745003204,528521.2085402948,-45958.36596002558,45958.36596002558,7.99999999999999
2027-01-09,9,2027-01-01,True,CUNDINAMARCA,9407773.29,324054.8625,167470212.88,108855638.37,384.1034,275446.63,48608.23,85.0,15.0,Cubierta (85.0% Contratos / 15.0% Bolsa),972.1645875,373411.72341834754,574479.5745003204,528521.2085402948,-45958.36596002558,45958.36596002558,7.99999999999999
2027-01-09,9,2027-01-01,True,TOLIMA,8048794.66,324054.8625,167470212.88,108855638.37,384.1034,275446.63,48608.23,85.0,15.0,Cubierta (85.0% Contratos / 15.0% Bolsa),972.1645875,373411.72341834754,574479.5745003204,528521.2085402948,-45958.36596002558,45958.36596002558,7.99999999999999
2027-01-10,10,2027-01-01,True,ANTIOQUIA,26559158.51,325851.2925,168398600.67000002,109459090.44,384.7867,276973.6,48877.69,85.0,15.0,Cubierta (85.0% Contratos / 15.0% Bolsa),977.5538775,376149.73059542925,578691.8931999466,532396.5417439509,-46295.3514559957,46295.3514559957,7.999999999999995
2027-01-10,10,2027-01-01,True,BOGOTA,37156673.08,325851.2925,168398600.67000002,109459090.44,384.7867,276973.6,48877.69,85.0,15.0,Cubierta (85.0% Contratos / 15.0% Bolsa),977.5538775,376149.73059542925,578691.8931999466,532396.5417439509,-46295.3514559957,46295.3514559957,7.999999999999995
2027-01-10,10,2027-01-01,True,CARIBE_MAR,29544863.2,325851.2925,168398600.67000002,109459090.44,384.7867,276973.6,48877.69,85.0,15.0,Cubierta (85.0% Contratos / 15.0% Bolsa),977.5538775,376149.73059542925,578691.8931999466,532396.5417439509,-46295.3514559957,46295.3514559957,7.999999999999995
2027-01-10,10,2027-01-01,True,CARIBE_SOL,23564382.94,325851.2925,168398600.67000002,109459090.44,384.7867,276973.6,48877.69,85.0,15.0,Cubierta (85.0% Contratos / 15.0% Bolsa),977.5538775,376149.73059542925,578691.8931999466,532396.5417439509,-46295.3514559957,46295.3514559957,7.999999999999995
2027-01-10,10,2027-01-01,True,VALLE,19051171.47,325851.2925,168398600.67000002,109459090.44,384.7867,276973.6,48877.69,85.0,15.0,Cubierta (85.0% Contratos / 15.0% Bolsa),977.5538775,376149.73059542925,578691.8931999466,532396.5417439509,-46295.3514559957,46295.3514559957,7.999999999999995
2027-01-10,10,2027-01-01,True,SANTANDER,15048736.05,325851.2925,168398600.67000002,109459090.44,384.7867,276973.6,48877.69,85.0,15.0,Cubierta (85.0% Contratos / 15.0% Bolsa),977.5538775,376149.73059542925,578691.8931999466,532396.5417439509,-46295.3514559957,46295.3514559957,7.999999999999995
2027-01-10,10,2027-01-01,True,CUNDINAMARCA,9564190.4,325851.2925,168398600.67000002,109459090.44,384.7867,276973.6,48877.69,85.0,15.0,Cubierta (85.0% Contratos / 15.0% Bolsa),977.5538775,376149.73059542925,578691.8931999466,532396.5417439509,-46295.3514559957,46295.3514559957,7.999999999999995
2027-01-10,10,2027-01-01,True,TOLIMA,7909425.02,325851.2925,168398600.67000002,109459090.44,384.7867,276973.6,48877.69,85.0,15.0,Cubierta (85.0% Contratos / 15.0% Bolsa),977.5538775,376149.73059542925,578691.8931999466,532396.5417439509,-46295.3514559957,46295.3514559957,7.999999999999995
2027-01-11,11,2027-01-01,True,ANTIOQUIA,31404179.84,456199.45625,198779719.66,129206817.78,385.4357,387769.54,68429.92,85.0,15.0,Cubierta (85.0% Contratos / 15.0% Bolsa),1368.59836875,527506.6702780144,811548.7234983565,746624.825618488,-64923.89787986851,64923.89787986851,7.999999999999999
2027-01-11,11,2027-01-01,True,BOGOTA,43708578.52,456199.45625,198779719.66,129206817.78,385.4357,387769.54,68429.92,85.0,15.0,Cubierta (85.0% Contratos / 15.0% Bolsa),1368.59836875,527506.6702780144,811548.7234983565,746624.825618488,-64923.89787986851,64923.89787986851,7.999999999999999
2027-01-11,11,2027-01-01,True,CARIBE_MAR,35107991.97,456199.45625,198779719.66,129206817.78,385.4357,387769.54,68429.92,85.0,15.0,Cubierta (85.0% Contratos / 15.0% Bolsa),1368.59836875,527506.6702780144,811548.7234983565,746624.825618488,-64923.89787986851,64923.89787986851,7.999999999999999
2027-01-11,11,2027-01-01,True,CARIBE_SOL,27314920.05,456199.45625,198779719.66,129206817.78,385.4357,387769.54,68429.92,85.0,15.0,Cubierta (85.0% Contratos / 15.0% Bolsa),1368.59836875,527506.6702780144,811548.7234983565,746624.825618488,-64923.89787986851,64923.89787986851,7.999999999999999
2027-01-11,11,2027-01-01,True,VALLE,22697113.81,456199.45625,198779719.66,129206817.78,385.4357,387769.54,68429.92,85.0,15.0,Cubierta (85.0% Contratos / 15.0% Bolsa),1368.59836875,527506.6702780144,811548.7234983565,746624.825618488,-64923.89787986851,64923.89787986851,7.999999999999999
2027-01-11,11,2027-01-01,True,SANTANDER,17736002.53,456199.45625,198779719.66,129206817.78,385.4357,387769.54,68429.92,85.0,15.0,Cubierta (85.0% Contratos / 15.0% Bolsa),1368.59836875,527506.6702780144,811548.7234983565,746624.825618488,-64923.89787986851,64923.89787986851,7.999999999999999
2027-01-11,11,2027-01-01,True,CUNDINAMARCA,11432950.74,456199.45625,198779719.66,129206817.78,385.4357,387769.54,68429.92,85.0,15.0,Cubierta (85.0% Contratos / 15.0% Bolsa),1368.59836875,527506.6702780144,811548.7234983565,746624.825618488,-64923.89787986851,64923.89787986851,7.999999999999999
2027-01-11,11,2027-01-01,True,TOLIMA,9377982.2,456199.45625,198779719.66,129206817.78,385.4357,387769.54,68429.92,85.0,15.0,Cubierta (85.0% Contratos / 15.0% Bolsa),1368.59836875,527506.6702780144,811548.7234983565,746624.825618488,-64923.89787986851,64923.89787986851,7.999999999999999
2027-01-12,12,2027-01-01,True,ANTIOQUIA,31418241.28,459650.755,200283553.19,130184309.57,386.0401,390703.14,68947.61,85.0,15.0,Cubierta (85.0% Contratos / 15.0% Bolsa),1378.9522650000001,532330.8702758265,818970.5696771358,753452.9241029649,-65517.64557417086,65517.64557417086,8.0
2027-01-12,12,2027-01-01,True,BOGOTA,45124173.06,459650.755,200283553.19,130184309.57,386.0401,390703.14,68947.61,85.0,15.0,Cubierta (85.0% Contratos / 15.0% Bolsa),1378.9522650000001,532330.8702758265,818970.5696771358,753452.9241029649,-65517.64557417086,65517.64557417086,8.0
2027-01-12,12,2027-01-01,True,CARIBE_MAR,35116323.9,459650.755,200283553.19,130184309.57,386.0401,390703.14,68947.61,85.0,15.0,Cubierta (85.0% Contratos / 15.0% Bolsa),1378.9522650000001,532330.8702758265,818970.5696771358,753452.9241029649,-65517.64557417086,65517.64557417086,8.0
2027-01-12,12,2027-01-01,True,CARIBE_SOL,27431939.94,459650.755,200283553.19,130184309.57,386.0401,390703.14,68947.61,85.0,15.0,Cubierta (85.0% Contratos / 15.0% Bolsa),1378.9522650000001,532330.8702758265,818970.5696771358,753452.9241029649,-65517.64557417086,65517.64557417086,8.0
2027-01-12,12,2027-01-01,True,VALLE,22847583.73,459650.755,200283553.19,130184309.57,386.0401,390703.14,68947.61,85.0,15.0,Cubierta (85.0% Contratos / 15.0% Bolsa),1378.9522650000001,532330.8702758265,818970.5696771358,753452.9241029649,-65517.64557417086,65517.64557417086,8.0
2027-01-12,12,2027-01-01,True,SANTANDER,17564578.2,459650.755,200283553.19,130184309.57,386.0401,390703.14,68947.61,85.0,15.0,Cubierta (85.0% Contratos / 15.0% Bolsa),1378.9522650000001,532330.8702758265,818970.5696771358,753452.9241029649,-65517.64557417086,65517.64557417086,8.0
2027-01-12,12,2027-01-01,True,CUNDINAMARCA,11402331.99,459650.755,200283553.19,130184309.57,386.0401,390703.14,68947.61,85.0,15.0,Cubierta (85.0% Contratos / 15.0% Bolsa),1378.9522650000001,532330.8702758265,818970.5696771358,753452.9241029649,-65517.64557417086,65517.64557417086,8.0
2027-01-12,12,2027-01-01,True,TOLIMA,9378381.09,459650.755,200283553.19,130184309.57,386.0401,390703.14,68947.61,85.0,15.0,Cubierta (85.0% Contratos / 15.0% Bolsa),1378.9522650000001,532330.8702758265,818970.5696771358,753452.9241029649,-65517.64557417086,65517.64557417086,8.0
2027-01-13,13,2027-01-01,True,ANTIOQUIA,31615508.33,458495.3875,199780125.43,129857081.53,386.5906,389721.08,68774.31,85.0,15.0,Cubierta (85.0% Contratos / 15.0% Bolsa),1375.4861625,531750.0208525725,818076.9551546541,752630.7987422819,-65446.15641237225,65446.15641237225,7.99999999999999
2027-01-13,13,2027-01-01,True,BOGOTA,43935337.39,458495.3875,199780125.43,129857081.53,386.5906,389721.08,68774.31,85.0,15.0,Cubierta (85.0% Contratos / 15.0% Bolsa),1375.4861625,531750.0208525725,818076.9551546541,752630.7987422819,-65446.15641237225,65446.15641237225,7.99999999999999
2027-01-13,13,2027-01-01,True,CARIBE_MAR,35548660.2,458495.3875,199780125.43,129857081.53,386.5906,389721.08,68774.31,85.0,15.0,Cubierta (85.0% Contratos / 15.0% Bolsa),1375.4861625,531750.0208525725,818076.9551546541,752630.7987422819,-65446.15641237225,65446.15641237225,7.99999999999999
2027-01-13,13,2027-01-01,True,CARIBE_SOL,27430624.61,458495.3875,199780125.43,129857081.53,386.5906,389721.08,68774.31,85.0,15.0,Cubierta (85.0% Contratos / 15.0% Bolsa),1375.4861625,531750.0208525725,818076.9551546541,752630.7987422819,-65446.15641237225,65446.15641237225,7.99999999999999
2027-01-13,13,2027-01-01,True,VALLE,22941607.12,458495.3875,199780125.43,129857081.53,386.5906,389721.08,68774.31,85.0,15.0,Cubierta (85.0% Contratos / 15.0% Bolsa),1375.4861625,531750.0208525725,818076.9551546541,752630.7987422819,-65446.15641237225,65446.15641237225,7.99999999999999
2027-01-13,13,2027-01-01,True,SANTANDER,17467473.15,458495.3875,199780125.43,129857081.53,386.5906,389721.08,68774.31,85.0,15.0,Cubierta (85.0% Contratos / 15.0% Bolsa),1375.4861625,531750.0208525725,818076.9551546541,752630.7987422819,-65446.15641237225,65446.15641237225,7.99999999999999
2027-01-13,13,2027-01-01,True,CUNDINAMARCA,11395177.38,458495.3875,199780125.43,129857081.53,386.5906,389721.08,68774.31,85.0,15.0,Cubierta (85.0% Contratos / 15.0% Bolsa),1375.4861625,531750.0208525725,818076.9551546541,752630.7987422819,-65446.15641237225,65446.15641237225,7.99999999999999
2027-01-13,13,2027-01-01,True,TOLIMA,9445737.25,458495.3875,199780125.43,129857081.53,386.5906,389721.08,68774.31,85.0,15.0,Cubierta (85.0% Contratos / 15.0% Bolsa),1375.4861625,531750.0208525725,818076.9551546541,752630.7987422819,-65446.15641237225,65446.15641237225,7.99999999999999
2027-01-14,14,2027-01-01,True,ANTIOQUIA,31570219.04,457053.55125,199151874.29999998,129448718.29,387.0791,388495.52,68558.03,85.0,15.0,Cubierta (85.0% Contratos / 15.0% Bolsa),1371.1606537500002,530747.6318089616,816534.818199172,751212.0327432383,-65322.78545593377,65322.78545593377,8.000000000000002
2027-01-14,14,2027-01-01,True,BOGOTA,43551771.97,457053.55125,199151874.29999998,129448718.29,387.0791,388495.52,68558.03,85.0,15.0,Cubierta (85.0% Contratos / 15.0% Bolsa),1371.1606537500002,530747.6318089616,816534.818199172,751212.0327432383,-65322.78545593377,65322.78545593377,8.000000000000002
2027-01-14,14,2027-01-01,True,CARIBE_MAR,35008116.06,457053.55125,199151874.29999998,129448718.29,387.0791,388495.52,68558.03,85.0,15.0,Cubierta (85.0% Contratos / 15.0% Bolsa),1371.1606537500002,530747.6318089616,816534.818199172,751212.0327432383,-65322.78545593377,65322.78545593377,8.000000000000002
2027-01-14,14,2027-01-01,True,CARIBE_SOL,27689094.45,457053.55125,199151874.29999998,129448718.29,387.0791,388495.52,68558.03,85.0,15.0,Cubierta (85.0% Contratos / 15.0% Bolsa),1371.1606537500002,530747.6318089616,816534.818199172,751212.0327432383,-65322.78545593377,65322.78545593377,8.000000000000002
2027-01-14,14,2027-01-01,True,VALLE,22851796.47,457053.55125,199151874.29999998,129448718.29,387.0791,388495.52,68558.03,85.0,15.0,Cubierta (85.0% Contratos / 15.0% Bolsa),1371.1606537500002,530747.6318089616,816534.818199172,751212.0327432383,-65322.78545593377,65322.78545593377,8.000000000000002
2027-01-14,14,2027-01-01,True,SANTANDER,17803292.86,457053.55125,199151874.29999998,129448718.29,387.0791,388495.52,68558.03,85.0,15.0,Cubierta (85.0% Contratos / 15.0% Bolsa),1371.1606537500002,530747.6318089616,816534.818199172,751212.0327432383,-65322.78545593377,65322.78545593377,8.000000000000002
2027-01-14,14,2027-01-01,True,CUNDINAMARCA,11304030.55,457053.55125,199151874.29999998,129448718.29,387.0791,388495.52,68558.03,85.0,15.0,Cubierta (85.0% Contratos / 15.0% Bolsa),1371.1606537500002,530747.6318089616,816534.818199172,751212.0327432383,-65322.78545593377,65322.78545593377,8.000000000000002
2027-01-14,14,2027-01-01,True,TOLIMA,9373552.9,457053.55125,199151874.29999998,129448718.29,387.0791,388495.52,68558.03,85.0,15.0,Cubierta (85.0% Contratos / 15.0% Bolsa),1371.1606537500002,530747.6318089616,816534.818199172,751212.0327432383,-65322.78545593377,65322.78545593377,8.000000000000002
2027-01-15,15,2027-01-01,True,ANTIOQUIA,31462562.74,457651.2825,199412323.35,129618010.18,387.4987,389003.59,68647.69,85.0,15.0,Cubierta (85.0% Contratos / 15.0% Bolsa),1372.9538475,532017.8310662482,818488.9708553645,753009.8531869353,-65479.11766842916,65479.11766842916,8.0
2027-01-15,15,2027-01-01,True,BOGOTA,44026259.66,457651.2825,199412323.35,129618010.18,387.4987,389003.59,68647.69,85.0,15.0,Cubierta (85.0% Contratos / 15.0% Bolsa),1372.9538475,532017.8310662482,818488.9708553645,753009.8531869353,-65479.11766842916,65479.11766842916,8.0
2027-01-15,15,2027-01-01,True,CARIBE_MAR,35099346.7,457651.2825,199412323.35,129618010.18,387.4987,389003.59,68647.69,85.0,15.0,Cubierta (85.0% Contratos / 15.0% Bolsa),1372.9538475,532017.8310662482,818488.9708553645,753009.8531869353,-65479.11766842916,65479.11766842916,8.0
2027-01-15,15,2027-01-01,True,CARIBE_SOL,27820779.75,457651.2825,199412323.35,129618010.18,387.4987,389003.59,68647.69,85.0,15.0,Cubierta (85.0% Contratos / 15.0% Bolsa),1372.9538475,532017.8310662482,818488.9708553645,753009.8531869353,-65479.11766842916,65479.11766842916,8.0
2027-01-15,15,2027-01-01,True,VALLE,22855323.95,457651.2825,199412323.35,129618010.18,387.4987,389003.59,68647.69,85.0,15.0,Cubierta (85.0% Contratos / 15.0% Bolsa),1372.9538475,532017.8310662482,818488.9708553645,753009.8531869353,-65479.11766842916,65479.11766842916,8.0
2027-01-15,15,2027-01-01,True,SANTANDER,17507304.84,457651.2825,199412323.35,129618010.18,387.4987,389003.59,68647.69,85.0,15.0,Cubierta (85.0% Contratos / 15.0% Bolsa),1372.9538475,532017.8310662482,818488.9708553645,753009.8531869353,-65479.11766842916,65479.11766842916,8.0
2027-01-15,15,2027-01-01,True,CUNDINAMARCA,11301365.62,457651.2825,199412323.35,129618010.18,387.4987,389003.59,68647.69,85.0,15.0,Cubierta (85.0% Contratos / 15.0% Bolsa),1372.9538475,532017.8310662482,818488.9708553645,753009.8531869353,-65479.11766842916,65479.11766842916,8.0
2027-01-15,15,2027-01-01,True,TOLIMA,9339380.09,457651.2825,199412323.35,129618010.18,387.4987,389003.59,68647.69,85.0,15.0,Cubierta (85.0% Contratos / 15.0% Bolsa),1372.9538475,532017.8310662482,818488.9708553645,753009.8531869353,-65479.11766842916,65479.11766842916,8.0
2027-01-16,16,2027-01-01,True,ANTIOQUIA,26732379.97,326973.66,168978635.95,109836113.37,387.8439,277927.61,49046.05,85.0,15.0,Cubierta (85.0% Contratos / 15.0% Bolsa),980.92098,380444.218475022,585298.7976405579,538474.8938293132,-46823.90381124464,46823.90381124464,8.000000000000004
2027-01-16,16,2027-01-01,True,BOGOTA,37542527.97,326973.66,168978635.95,109836113.37,387.8439,277927.61,49046.05,85.0,15.0,Cubierta (85.0% Contratos / 15.0% Bolsa),980.92098,380444.218475022,585298.7976405579,538474.8938293132,-46823.90381124464,46823.90381124464,8.000000000000004
2027-01-16,16,2027-01-01,True,CARIBE_MAR,29900907.38,326973.66,168978635.95,109836113.37,387.8439,277927.61,49046.05,85.0,15.0,Cubierta (85.0% Contratos / 15.0% Bolsa),980.92098,380444.218475022,585298.7976405579,538474.8938293132,-46823.90381124464,46823.90381124464,8.000000000000004
2027-01-16,16,2027-01-01,True,CARIBE_SOL,23528930.94,326973.66,168978635.95,109836113.37,387.8439,277927.61,49046.05,85.0,15.0,Cubierta (85.0% Contratos / 15.0% Bolsa),980.92098,380444.218475022,585298.7976405579,538474.8938293132,-46823.90381124464,46823.90381124464,8.000000000000004
2027-01-16,16,2027-01-01,True,VALLE,19184649.35,326973.66,168978635.95,109836113.37,387.8439,277927.61,49046.05,85.0,15.0,Cubierta (85.0% Contratos / 15.0% Bolsa),980.92098,380444.218475022,585298.7976405579,538474.8938293132,-46823.90381124464,46823.90381124464,8.000000000000004
2027-01-16,16,2027-01-01,True,SANTANDER,14724664.56,326973.66,168978635.95,109836113.37,387.8439,277927.61,49046.05,85.0,15.0,Cubierta (85.0% Contratos / 15.0% Bolsa),980.92098,380444.218475022,585298.7976405579,538474.8938293132,-46823.90381124464,46823.90381124464,8.000000000000004
2027-01-16,16,2027-01-01,True,CUNDINAMARCA,9501087.71,326973.66,168978635.95,109836113.37,387.8439,277927.61,49046.05,85.0,15.0,Cubierta (85.0% Contratos / 15.0% Bolsa),980.92098,380444.218475022,585298.7976405579,538474.8938293132,-46823.90381124464,46823.90381124464,8.000000000000004
2027-01-16,16,2027-01-01,True,TOLIMA,7863488.07,326973.66,168978635.95,109836113.37,387.8439,277927.61,49046.05,85.0,15.0,Cubierta (85.0% Contratos / 15.0% Bolsa),980.92098,380444.218475022,585298.7976405579,538474.8938293132,-46823.90381124464,46823.90381124464,8.000000000000004
2027-01-17,17,2027-01-01,True,ANTIOQUIA,26432077.44,325927.035,168437744.41,109484533.87,388.1107,277037.98,48889.06,85.0,15.0,Cubierta (85.0% Contratos / 15.0% Bolsa),977.7811049999999,379487.3091083235,583826.629378757,537120.4990284564,-46706.13035030058,46706.13035030058,8.000000000000004
2027-01-17,17,2027-01-01,True,BOGOTA,37239045.48,325927.035,168437744.41,109484533.87,388.1107,277037.98,48889.06,85.0,15.0,Cubierta (85.0% Contratos / 15.0% Bolsa),977.7811049999999,379487.3091083235,583826.629378757,537120.4990284564,-46706.13035030058,46706.13035030058,8.000000000000004
2027-01-17,17,2027-01-01,True,CARIBE_MAR,29908631.73,325927.035,168437744.41,109484533.87,388.1107,277037.98,48889.06,85.0,15.0,Cubierta (85.0% Contratos / 15.0% Bolsa),977.7811049999999,379487.3091083235,583826.629378757,537120.4990284564,-46706.13035030058,46706.13035030058,8.000000000000004
2027-01-17,17,2027-01-01,True,CARIBE_SOL,23298935.26,325927.035,168437744.41,109484533.87,388.1107,277037.98,48889.06,85.0,15.0,Cubierta (85.0% Contratos / 15.0% Bolsa),977.7811049999999,379487.3091083235,583826.629378757,537120.4990284564,-46706.13035030058,46706.13035030058,8.000000000000004
2027-01-17,17,2027-01-01,True,VALLE,19022587.53,325927.035,168437744.41,109484533.87,388.1107,277037.98,48889.06,85.0,15.0,Cubierta (85.0% Contratos / 15.0% Bolsa),977.7811049999999,379487.3091083235,583826.629378757,537120.4990284564,-46706.13035030058,46706.13035030058,8.000000000000004
2027-01-17,17,2027-01-01,True,SANTANDER,14956614.79,325927.035,168437744.41,109484533.87,388.1107,277037.98,48889.06,85.0,15.0,Cubierta (85.0% Contratos / 15.0% Bolsa),977.7811049999999,379487.3091083235,583826.629378757,537120.4990284564,-46706.13035030058,46706.13035030058,8.000000000000004
2027-01-17,17,2027-01-01,True,CUNDINAMARCA,9554771.91,325927.035,168437744.41,109484533.87,388.1107,277037.98,48889.06,85.0,15.0,Cubierta (85.0% Contratos / 15.0% Bolsa),977.7811049999999,379487.3091083235,583826.629378757,537120.4990284564,-46706.13035030058,46706.13035030058,8.000000000000004
2027-01-17,17,2027-01-01,True,TOLIMA,8025080.27,325927.035,168437744.41,109484533.87,388.1107,277037.98,48889.06,85.0,15.0,Cubierta (85.0% Contratos / 15.0% Bolsa),977.7811049999999,379487.3091083235,583826.629378757,537120.4990284564,-46706.13035030058,46706.13035030058,8.000000000000004
2027-01-18,18,2027-01-01,True,ANTIOQUIA,31710163.18,457270.91,199246584.00000006,129510279.6,388.2968,388680.27,68590.64,85.0,15.0,Cubierta (85.0% Contratos / 15.0% Bolsa),1371.8127299999999,532670.493258264,819493.0665511758,753933.6212270817,-65559.44532409403,65559.44532409403,7.9999999999999964
2027-01-18,18,2027-01-01,True,BOGOTA,43870495.72,457270.91,199246584.00000006,129510279.6,388.2968,388680.27,68590.64,85.0,15.0,Cubierta (85.0% Contratos / 15.0% Bolsa),1371.8127299999999,532670.493258264,819493.0665511758,753933.6212270817,-65559.44532409403,65559.44532409403,7.9999999999999964
2027-01-18,18,2027-01-01,True,CARIBE_MAR,35226399.42,457270.91,199246584.00000006,129510279.6,388.2968,388680.27,68590.64,85.0,15.0,Cubierta (85.0% Contratos / 15.0% Bolsa),1371.8127299999999,532670.493258264,819493.0665511758,753933.6212270817,-65559.44532409403,65559.44532409403,7.9999999999999964
2027-01-18,18,2027-01-01,True,CARIBE_SOL,27750760.82,457270.91,199246584.00000006,129510279.6,388.2968,388680.27,68590.64,85.0,15.0,Cubierta (85.0% Contratos / 15.0% Bolsa),1371.8127299999999,532670.493258264,819493.0665511758,753933.6212270817,-65559.44532409403,65559.44532409403,7.9999999999999964
2027-01-18,18,2027-01-01,True,VALLE,22662460.83,457270.91,199246584.00000006,129510279.6,388.2968,388680.27,68590.64,85.0,15.0,Cubierta (85.0% Contratos / 15.0% Bolsa),1371.8127299999999,532670.493258264,819493.0665511758,753933.6212270817,-65559.44532409403,65559.44532409403,7.9999999999999964
2027-01-18,18,2027-01-01,True,SANTANDER,17303946.52,457270.91,199246584.00000006,129510279.6,388.2968,388680.27,68590.64,85.0,15.0,Cubierta (85.0% Contratos / 15.0% Bolsa),1371.8127299999999,532670.493258264,819493.0665511758,753933.6212270817,-65559.44532409403,65559.44532409403,7.9999999999999964
2027-01-18,18,2027-01-01,True,CUNDINAMARCA,11221108.14,457270.91,199246584.00000006,129510279.6,388.2968,388680.27,68590.64,85.0,15.0,Cubierta (85.0% Contratos / 15.0% Bolsa),1371.8127299999999,532670.493258264,819493.0665511758,753933.6212270817,-65559.44532409403,65559.44532409403,7.9999999999999964
2027-01-18,18,2027-01-01,True,TOLIMA,9501249.37,457270.91,199246584.00000006,129510279.6,388.2968,388680.27,68590.64,85.0,15.0,Cubierta (85.0% Contratos / 15.0% Bolsa),1371.8127299999999,532670.493258264,819493.0665511758,753933.6212270817,-65559.44532409403,65559.44532409403,7.9999999999999964
2027-01-19,19,2027-01-01,True,ANTIOQUIA,31772635.29,459534.95625,200233096.62,130151512.8,388.4013,390604.71,68930.24,85.0,15.0,Cubierta (85.0% Contratos / 15.0% Bolsa),1378.60486875,535451.9232088294,823772.1895710332,757870.4144053506,-65901.77516568266,65901.77516568266,8.0
2027-01-19,19,2027-01-01,True,BOGOTA,44223428.61,459534.95625,200233096.62,130151512.8,388.4013,390604.71,68930.24,85.0,15.0,Cubierta (85.0% Contratos / 15.0% Bolsa),1378.60486875,535451.9232088294,823772.1895710332,757870.4144053506,-65901.77516568266,65901.77516568266,8.0
2027-01-19,19,2027-01-01,True,CARIBE_MAR,35160586.6,459534.95625,200233096.62,130151512.8,388.4013,390604.71,68930.24,85.0,15.0,Cubierta (85.0% Contratos / 15.0% Bolsa),1378.60486875,535451.9232088294,823772.1895710332,757870.4144053506,-65901.77516568266,65901.77516568266,8.0
2027-01-19,19,2027-01-01,True,CARIBE_SOL,27875114.84,459534.95625,200233096.62,130151512.8,388.4013,390604.71,68930.24,85.0,15.0,Cubierta (85.0% Contratos / 15.0% Bolsa),1378.60486875,535451.9232088294,823772.1895710332,757870.4144053506,-65901.77516568266,65901.77516568266,8.0
2027-01-19,19,2027-01-01,True,VALLE,22740605.08,459534.95625,200233096.62,130151512.8,388.4013,390604.71,68930.24,85.0,15.0,Cubierta (85.0% Contratos / 15.0% Bolsa),1378.60486875,535451.9232088294,823772.1895710332,757870.4144053506,-65901.77516568266,65901.77516568266,8.0
2027-01-19,19,2027-01-01,True,SANTANDER,17597225.3,459534.95625,200233096.62,130151512.8,388.4013,390604.71,68930.24,85.0,15.0,Cubierta (85.0% Contratos / 15.0% Bolsa),1378.60486875,535451.9232088294,823772.1895710332,757870.4144053506,-65901.77516568266,65901.77516568266,8.0
2027-01-19,19,2027-01-01,True,CUNDINAMARCA,11314814.48,459534.95625,200233096.62,130151512.8,388.4013,390604.71,68930.24,85.0,15.0,Cubierta (85.0% Contratos / 15.0% Bolsa),1378.60486875,535451.9232088294,823772.1895710332,757870.4144053506,-65901.77516568266,65901.77516568266,8.0
2027-01-19,19,2027-01-01,True,TOLIMA,9548686.42,459534.95625,200233096.62,130151512.8,388.4013,390604.71,68930.24,85.0,15.0,Cubierta (85.0% Contratos / 15.0% Bolsa),1378.60486875,535451.9232088294,823772.1895710332,757870.4144053506,-65901.77516568266,65901.77516568266,8.0
2027-01-20,20,2027-01-01,True,ANTIOQUIA,31163260.62,457690.92,199429594.64000002,129629236.52,388.4253,389037.28,68653.64,85.0,15.0,Cubierta (85.0% Contratos / 15.0% Bolsa),1373.07276,533336.198724828,820517.228782109,754875.8504795403,-65641.37830256869,65641.37830256869,7.9999999999999964
2027-01-20,20,2027-01-01,True,BOGOTA,43929495.72,457690.92,199429594.64000002,129629236.52,388.4253,389037.28,68653.64,85.0,15.0,Cubierta (85.0% Contratos / 15.0% Bolsa),1373.07276,533336.198724828,820517.228782109,754875.8504795403,-65641.37830256869,65641.37830256869,7.9999999999999964
2027-01-20,20,2027-01-01,True,CARIBE_MAR,35524531.01,457690.92,199429594.64000002,129629236.52,388.4253,389037.28,68653.64,85.0,15.0,Cubierta (85.0% Contratos / 15.0% Bolsa),1373.07276,533336.198724828,820517.228782109,754875.8504795403,-65641.37830256869,65641.37830256869,7.9999999999999964
2027-01-20,20,2027-01-01,True,CARIBE_SOL,27762918.59,457690.92,199429594.64000002,129629236.52,388.4253,389037.28,68653.64,85.0,15.0,Cubierta (85.0% Contratos / 15.0% Bolsa),1373.07276,533336.198724828,820517.228782109,754875.8504795403,-65641.37830256869,65641.37830256869,7.9999999999999964
2027-01-20,20,2027-01-01,True,VALLE,22621301.16,457690.92,199429594.64000002,129629236.52,388.4253,389037.28,68653.64,85.0,15.0,Cubierta (85.0% Contratos / 15.0% Bolsa),1373.07276,533336.198724828,820517.228782109,754875.8504795403,-65641.37830256869,65641.37830256869,7.9999999999999964
2027-01-20,20,2027-01-01,True,SANTANDER,17623502.65,457690.92,199429594.64000002,129629236.52,388.4253,389037.28,68653.64,85.0,15.0,Cubierta (85.0% Contratos / 15.0% Bolsa),1373.07276,533336.198724828,820517.228782109,754875.8504795403,-65641.37830256869,65641.37830256869,7.9999999999999964
2027-01-20,20,2027-01-01,True,CUNDINAMARCA,11345864.02,457690.92,199429594.64000002,129629236.52,388.4253,389037.28,68653.64,85.0,15.0,Cubierta (85.0% Contratos / 15.0% Bolsa),1373.07276,533336.198724828,820517.228782109,754875.8504795403,-65641.37830256869,65641.37830256869,7.9999999999999964
2027-01-20,20,2027-01-01,True,TOLIMA,9458720.87,457690.92,199429594.64000002,129629236.52,388.4253,389037.28,68653.64,85.0,15.0,Cubierta (85.0% Contratos / 15.0% Bolsa),1373.07276,533336.198724828,820517.228782109,754875.8504795403,-65641.37830256869,65641.37830256869,7.9999999999999964
2027-01-21,21,2027-01-01,True,ANTIOQUIA,31578170.93,460530.75125,200666993.87,130433546.02,388.3714,391451.14,69079.61,85.0,15.0,Cubierta (85.0% Contratos / 15.0% Bolsa),1381.59225375,536570.9178180428,825493.719691586,759454.2221162592,-66039.49757532682,66039.49757532682,7.999999999999993
2027-01-21,21,2027-01-01,True,BOGOTA,44677188.23,460530.75125,200666993.87,130433546.02,388.3714,391451.14,69079.61,85.0,15.0,Cubierta (85.0% Contratos / 15.0% Bolsa),1381.59225375,536570.9178180428,825493.719691586,759454.2221162592,-66039.49757532682,66039.49757532682,7.999999999999993
2027-01-21,21,2027-01-01,True,CARIBE_MAR,35445414.28,460530.75125,200666993.87,130433546.02,388.3714,391451.14,69079.61,85.0,15.0,Cubierta (85.0% Contratos / 15.0% Bolsa),1381.59225375,536570.9178180428,825493.719691586,759454.2221162592,-66039.49757532682,66039.49757532682,7.999999999999993
2027-01-21,21,2027-01-01,True,CARIBE_SOL,27869053.52,460530.75125,200666993.87,130433546.02,388.3714,391451.14,69079.61,85.0,15.0,Cubierta (85.0% Contratos / 15.0% Bolsa),1381.59225375,536570.9178180428,825493.719691586,759454.2221162592,-66039.49757532682,66039.49757532682,7.999999999999993
2027-01-21,21,2027-01-01,True,VALLE,22599943.26,460530.75125,200666993.87,130433546.02,388.3714,391451.14,69079.61,85.0,15.0,Cubierta (85.0% Contratos / 15.0% Bolsa),1381.59225375,536570.9178180428,825493.719691586,759454.2221162592,-66039.49757532682,66039.49757532682,7.999999999999993
2027-01-21,21,2027-01-01,True,SANTANDER,17690971.03,460530.75125,200666993.87,130433546.02,388.3714,391451.14,69079.61,85.0,15.0,Cubierta (85.0% Contratos / 15.0% Bolsa),1381.59225375,536570.9178180428,825493.719691586,759454.2221162592,-66039.49757532682,66039.49757532682,7.999999999999993
2027-01-21,21,2027-01-01,True,CUNDINAMARCA,11329811.08,460530.75125,200666993.87,130433546.02,388.3714,391451.14,69079.61,85.0,15.0,Cubierta (85.0% Contratos / 15.0% Bolsa),1381.59225375,536570.9178180428,825493.719691586,759454.2221162592,-66039.49757532682,66039.49757532682,7.999999999999993
2027-01-21,21,2027-01-01,True,TOLIMA,9476441.54,460530.75125,200666993.87,130433546.02,388.3714,391451.14,69079.61,85.0,15.0,Cubierta (85.0% Contratos / 15.0% Bolsa),1381.59225375,536570.9178180428,825493.719691586,759454.2221162592,-66039.49757532682,66039.49757532682,7.999999999999993
2027-01-22,22,2027-01-01,True,ANTIOQUIA,31473101.06,457356.4875,199283872.81999993,129534517.33,388.2435,388753.01,68603.47,85.0,15.0,Cubierta (85.0% Contratos / 15.0% Bolsa),1372.0694625,532697.0503641188,819533.9236560857,753971.2097635989,-65562.71389248688,65562.71389248688,8.000000000000004
2027-01-22,22,2027-01-01,True,BOGOTA,43833959.29,457356.4875,199283872.81999993,129534517.33,388.2435,388753.01,68603.47,85.0,15.0,Cubierta (85.0% Contratos / 15.0% Bolsa),1372.0694625,532697.0503641188,819533.9236560857,753971.2097635989,-65562.71389248688,65562.71389248688,8.000000000000004
2027-01-22,22,2027-01-01,True,CARIBE_MAR,34999346.86,457356.4875,199283872.81999993,129534517.33,388.2435,388753.01,68603.47,85.0,15.0,Cubierta (85.0% Contratos / 15.0% Bolsa),1372.0694625,532697.0503641188,819533.9236560857,753971.2097635989,-65562.71389248688,65562.71389248688,8.000000000000004
2027-01-22,22,2027-01-01,True,CARIBE_SOL,27571048.59,457356.4875,199283872.81999993,129534517.33,388.2435,388753.01,68603.47,85.0,15.0,Cubierta (85.0% Contratos / 15.0% Bolsa),1372.0694625,532697.0503641188,819533.9236560857,753971.2097635989,-65562.71389248688,65562.71389248688,8.000000000000004
2027-01-22,22,2027-01-01,True,VALLE,22775940.67,457356.4875,199283872.81999993,129534517.33,388.2435,388753.01,68603.47,85.0,15.0,Cubierta (85.0% Contratos / 15.0% Bolsa),1372.0694625,532697.0503641188,819533.9236560857,753971.2097635989,-65562.71389248688,65562.71389248688,8.000000000000004
2027-01-22,22,2027-01-01,True,SANTANDER,17776944.58,457356.4875,199283872.81999993,129534517.33,388.2435,388753.01,68603.47,85.0,15.0,Cubierta (85.0% Contratos / 15.0% Bolsa),1372.0694625,532697.0503641188,819533.9236560857,753971.2097635989,-65562.71389248688,65562.71389248688,8.000000000000004
2027-01-22,22,2027-01-01,True,CUNDINAMARCA,11363480.41,457356.4875,199283872.81999993,129534517.33,388.2435,388753.01,68603.47,85.0,15.0,Cubierta (85.0% Contratos / 15.0% Bolsa),1372.0694625,532697.0503641188,819533.9236560857,753971.2097635989,-65562.71389248688,65562.71389248688,8.000000000000004
2027-01-22,22,2027-01-01,True,TOLIMA,9490051.36,457356.4875,199283872.81999993,129534517.33,388.2435,388753.01,68603.47,85.0,15.0,Cubierta (85.0% Contratos / 15.0% Bolsa),1372.0694625,532697.0503641188,819533.9236560857,753971.2097635989,-65562.71389248688,65562.71389248688,8.000000000000004
2027-01-23,23,2027-01-01,True,ANTIOQUIA,26649147.02,326139.77125,168547685.12,109555995.33,388.0475,277218.81,48920.97,85.0,15.0,Cubierta (85.0% Contratos / 15.0% Bolsa),978.41931375,379673.16865240317,584112.56714688,537383.5617751296,-46729.00537175033,46729.00537175033,7.999999999999989
2027-01-23,23,2027-01-01,True,BOGOTA,37144135.67,326139.77125,168547685.12,109555995.33,388.0475,277218.81,48920.97,85.0,15.0,Cubierta (85.0% Contratos / 15.0% Bolsa),978.41931375,379673.16865240317,584112.56714688,537383.5617751296,-46729.00537175033,46729.00537175033,7.999999999999989
2027-01-23,23,2027-01-01,True,CARIBE_MAR,29834169.44,326139.77125,168547685.12,109555995.33,388.0475,277218.81,48920.97,85.0,15.0,Cubierta (85.0% Contratos / 15.0% Bolsa),978.41931375,379673.16865240317,584112.56714688,537383.5617751296,-46729.00537175033,46729.00537175033,7.999999999999989
2027-01-23,23,2027-01-01,True,CARIBE_SOL,23376985.63,326139.77125,168547685.12,109555995.33,388.0475,277218.81,48920.97,85.0,15.0,Cubierta (85.0% Contratos / 15.0% Bolsa),978.41931375,379673.16865240317,584112.56714688,537383.5617751296,-46729.00537175033,46729.00537175033,7.999999999999989
2027-01-23,23,2027-01-01,True,VALLE,19067022.0,326139.77125,168547685.12,109555995.33,388.0475,277218.81,48920.97,85.0,15.0,Cubierta (85.0% Contratos / 15.0% Bolsa),978.41931375,379673.16865240317,584112.56714688,537383.5617751296,-46729.00537175033,46729.00537175033,7.999999999999989
2027-01-23,23,2027-01-01,True,SANTANDER,14942625.18,326139.77125,168547685.12,109555995.33,388.0475,277218.81,48920.97,85.0,15.0,Cubierta (85.0% Contratos / 15.0% Bolsa),978.41931375,379673.16865240317,584112.56714688,537383.5617751296,-46729.00537175033,46729.00537175033,7.999999999999989
2027-01-23,23,2027-01-01,True,CUNDINAMARCA,9495506.34,326139.77125,168547685.12,109555995.33,388.0475,277218.81,48920.97,85.0,15.0,Cubierta (85.0% Contratos / 15.0% Bolsa),978.41931375,379673.16865240317,584112.56714688,537383.5617751296,-46729.00537175033,46729.00537175033,7.999999999999989
2027-01-23,23,2027-01-01,True,TOLIMA,8038093.84,326139.77125,168547685.12,109555995.33,388.0475,277218.81,48920.97,85.0,15.0,Cubierta (85.0% Contratos / 15.0% Bolsa),978.41931375,379673.16865240317,584112.56714688,537383.5617751296,-46729.00537175033,46729.00537175033,7.999999999999989
2027-01-24,24,2027-01-01,True,ANTIOQUIA,26084249.35,324525.10125,167713230.94,109013600.11,387.7904,275846.34,48678.77,85.0,15.0,Cubierta (85.0% Contratos / 15.0% Bolsa),973.57530375,377543.156471334,580835.6253458419,534368.7753181745,-46466.85002766736,46466.85002766736,8.000000000000002
2027-01-24,24,2027-01-01,True,BOGOTA,37408639.02,324525.10125,167713230.94,109013600.11,387.7904,275846.34,48678.77,85.0,15.0,Cubierta (85.0% Contratos / 15.0% Bolsa),973.57530375,377543.156471334,580835.6253458419,534368.7753181745,-46466.85002766736,46466.85002766736,8.000000000000002
2027-01-24,24,2027-01-01,True,CARIBE_MAR,29476608.22,324525.10125,167713230.94,109013600.11,387.7904,275846.34,48678.77,85.0,15.0,Cubierta (85.0% Contratos / 15.0% Bolsa),973.57530375,377543.156471334,580835.6253458419,534368.7753181745,-46466.85002766736,46466.85002766736,8.000000000000002
2027-01-24,24,2027-01-01,True,CARIBE_SOL,23450650.56,324525.10125,167713230.94,109013600.11,387.7904,275846.34,48678.77,85.0,15.0,Cubierta (85.0% Contratos / 15.0% Bolsa),973.57530375,377543.156471334,580835.6253458419,534368.7753181745,-46466.85002766736,46466.85002766736,8.000000000000002
2027-01-24,24,2027-01-01,True,VALLE,18763569.01,324525.10125,167713230.94,109013600.11,387.7904,275846.34,48678.77,85.0,15.0,Cubierta (85.0% Contratos / 15.0% Bolsa),973.57530375,377543.156471334,580835.6253458419,534368.7753181745,-46466.85002766736,46466.85002766736,8.000000000000002
2027-01-24,24,2027-01-01,True,SANTANDER,15018725.58,324525.10125,167713230.94,109013600.11,387.7904,275846.34,48678.77,85.0,15.0,Cubierta (85.0% Contratos / 15.0% Bolsa),973.57530375,377543.156471334,580835.6253458419,534368.7753181745,-46466.85002766736,46466.85002766736,8.000000000000002
2027-01-24,24,2027-01-01,True,CUNDINAMARCA,9597063.35,324525.10125,167713230.94,109013600.11,387.7904,275846.34,48678.77,85.0,15.0,Cubierta (85.0% Contratos / 15.0% Bolsa),973.57530375,377543.156471334,580835.6253458419,534368.7753181745,-46466.85002766736,46466.85002766736,8.000000000000002
2027-01-24,24,2027-01-01,True,TOLIMA,7913725.85,324525.10125,167713230.94,109013600.11,387.7904,275846.34,48678.77,85.0,15.0,Cubierta (85.0% Contratos / 15.0% Bolsa),973.57530375,377543.156471334,580835.6253458419,534368.7753181745,-46466.85002766736,46466.85002766736,8.000000000000002
2027-01-25,25,2027-01-01,True,ANTIOQUIA,31399638.65,460753.6375,200764112.3,130496673.0,387.4804,391640.59,69113.05,85.0,15.0,Cubierta (85.0% Contratos / 15.0% Bolsa),1382.2609125000001,535599.011279865,823998.4788605283,758078.6005516861,-65919.87830884219,65919.87830884219,7.99999999999999
2027-01-25,25,2027-01-01,True,BOGOTA,44318982.61,460753.6375,200764112.3,130496673.0,387.4804,391640.59,69113.05,85.0,15.0,Cubierta (85.0% Contratos / 15.0% Bolsa),1382.2609125000001,535599.011279865,823998.4788605283,758078.6005516861,-65919.87830884219,65919.87830884219,7.99999999999999
2027-01-25,25,2027-01-01,True,CARIBE_MAR,35745679.2,460753.6375,200764112.3,130496673.0,387.4804,391640.59,69113.05,85.0,15.0,Cubierta (85.0% Contratos / 15.0% Bolsa),1382.2609125000001,535599.011279865,823998.4788605283,758078.6005516861,-65919.87830884219,65919.87830884219,7.99999999999999
2027-01-25,25,2027-01-01,True,CARIBE_SOL,27785181.18,460753.6375,200764112.3,130496673.0,387.4804,391640.59,69113.05,85.0,15.0,Cubierta (85.0% Contratos / 15.0% Bolsa),1382.2609125000001,535599.011279865,823998.4788605283,758078.6005516861,-65919.87830884219,65919.87830884219,7.99999999999999
2027-01-25,25,2027-01-01,True,VALLE,22834962.38,460753.6375,200764112.3,130496673.0,387.4804,391640.59,69113.05,85.0,15.0,Cubierta (85.0% Contratos / 15.0% Bolsa),1382.2609125000001,535599.011279865,823998.4788605283,758078.6005516861,-65919.87830884219,65919.87830884219,7.99999999999999
2027-01-25,25,2027-01-01,True,SANTANDER,17793556.36,460753.6375,200764112.3,130496673.0,387.4804,391640.59,69113.05,85.0,15.0,Cubierta (85.0% Contratos / 15.0% Bolsa),1382.2609125000001,535599.011279865,823998.4788605283,758078.6005516861,-65919.87830884219,65919.87830884219,7.99999999999999
2027-01-25,25,2027-01-01,True,CUNDINAMARCA,11413724.68,460753.6375,200764112.3,130496673.0,387.4804,391640.59,69113.05,85.0,15.0,Cubierta (85.0% Contratos / 15.0% Bolsa),1382.2609125000001,535599.011279865,823998.4788605283,758078.6005516861,-65919.87830884219,65919.87830884219,7.99999999999999
2027-01-25,25,2027-01-01,True,TOLIMA,9472387.24,460753.6375,200764112.3,130496673.0,387.4804,391640.59,69113.05,85.0,15.0,Cubierta (85.0% Contratos / 15.0% Bolsa),1382.2609125000001,535599.011279865,823998.4788605283,758078.6005516861,-65919.87830884219,65919.87830884219,7.99999999999999
2027-01-26,26,2027-01-01,True,ANTIOQUIA,31729085.01,457641.65,199408126.43,129615282.18,387.1269,388995.4,68646.25,85.0,15.0,Cubierta (85.0% Contratos / 15.0% Bolsa),1372.92495,531496.179826155,817686.4304986227,752271.5160587329,-65414.914439889835,65414.914439889835,8.000000000000004
2027-01-26,26,2027-01-01,True,BOGOTA,43626967.3,457641.65,199408126.43,129615282.18,387.1269,388995.4,68646.25,85.0,15.0,Cubierta (85.0% Contratos / 15.0% Bolsa),1372.92495,531496.179826155,817686.4304986227,752271.5160587329,-65414.914439889835,65414.914439889835,8.000000000000004
2027-01-26,26,2027-01-01,True,CARIBE_MAR,35600720.48,457641.65,199408126.43,129615282.18,387.1269,388995.4,68646.25,85.0,15.0,Cubierta (85.0% Contratos / 15.0% Bolsa),1372.92495,531496.179826155,817686.4304986227,752271.5160587329,-65414.914439889835,65414.914439889835,8.000000000000004
2027-01-26,26,2027-01-01,True,CARIBE_SOL,27423416.06,457641.65,199408126.43,129615282.18,387.1269,388995.4,68646.25,85.0,15.0,Cubierta (85.0% Contratos / 15.0% Bolsa),1372.92495,531496.179826155,817686.4304986227,752271.5160587329,-65414.914439889835,65414.914439889835,8.000000000000004
2027-01-26,26,2027-01-01,True,VALLE,22420924.99,457641.65,199408126.43,129615282.18,387.1269,388995.4,68646.25,85.0,15.0,Cubierta (85.0% Contratos / 15.0% Bolsa),1372.92495,531496.179826155,817686.4304986227,752271.5160587329,-65414.914439889835,65414.914439889835,8.000000000000004
2027-01-26,26,2027-01-01,True,SANTANDER,17864599.91,457641.65,199408126.43,129615282.18,387.1269,388995.4,68646.25,85.0,15.0,Cubierta (85.0% Contratos / 15.0% Bolsa),1372.92495,531496.179826155,817686.4304986227,752271.5160587329,-65414.914439889835,65414.914439889835,8.000000000000004
2027-01-26,26,2027-01-01,True,CUNDINAMARCA,11336211.57,457641.65,199408126.43,129615282.18,387.1269,388995.4,68646.25,85.0,15.0,Cubierta (85.0% Contratos / 15.0% Bolsa),1372.92495,531496.179826155,817686.4304986227,752271.5160587329,-65414.914439889835,65414.914439889835,8.000000000000004
2027-01-26,26,2027-01-01,True,TOLIMA,9406201.11,457641.65,199408126.43,129615282.18,387.1269,388995.4,68646.25,85.0,15.0,Cubierta (85.0% Contratos / 15.0% Bolsa),1372.92495,531496.179826155,817686.4304986227,752271.5160587329,-65414.914439889835,65414.914439889835,8.000000000000004
2027-01-27,27,2027-01-01,True,ANTIOQUIA,31246414.48,459379.47125,200165346.95000005,130107475.52,386.7403,390472.55,68906.92,85.0,15.0,Cubierta (85.0% Contratos / 15.0% Bolsa),1378.13841375,532981.6635751991,819971.7900999354,754374.0468919405,-65597.74320799485,65597.74320799485,8.000000000000004
2027-01-27,27,2027-01-01,True,BOGOTA,44459168.06,459379.47125,200165346.95000005,130107475.52,386.7403,390472.55,68906.92,85.0,15.0,Cubierta (85.0% Contratos / 15.0% Bolsa),1378.13841375,532981.6635751991,819971.7900999354,754374.0468919405,-65597.74320799485,65597.74320799485,8.000000000000004
2027-01-27,27,2027-01-01,True,CARIBE_MAR,35323454.63,459379.47125,200165346.95000005,130107475.52,386.7403,390472.55,68906.92,85.0,15.0,Cubierta (85.0% Contratos / 15.0% Bolsa),1378.13841375,532981.6635751991,819971.7900999354,754374.0468919405,-65597.74320799485,65597.74320799485,8.000000000000004
2027-01-27,27,2027-01-01,True,CARIBE_SOL,27812842.05,459379.47125,200165346.95000005,130107475.52,386.7403,390472.55,68906.92,85.0,15.0,Cubierta (85.0% Contratos / 15.0% Bolsa),1378.13841375,532981.6635751991,819971.7900999354,754374.0468919405,-65597.74320799485,65597.74320799485,8.000000000000004
2027-01-27,27,2027-01-01,True,VALLE,22680703.62,459379.47125,200165346.95000005,130107475.52,386.7403,390472.55,68906.92,85.0,15.0,Cubierta (85.0% Contratos / 15.0% Bolsa),1378.13841375,532981.6635751991,819971.7900999354,754374.0468919405,-65597.74320799485,65597.74320799485,8.000000000000004
2027-01-27,27,2027-01-01,True,SANTANDER,17714269.74,459379.47125,200165346.95000005,130107475.52,386.7403,390472.55,68906.92,85.0,15.0,Cubierta (85.0% Contratos / 15.0% Bolsa),1378.13841375,532981.6635751991,819971.7900999354,754374.0468919405,-65597.74320799485,65597.74320799485,8.000000000000004
2027-01-27,27,2027-01-01,True,CUNDINAMARCA,11365635.74,459379.47125,200165346.95000005,130107475.52,386.7403,390472.55,68906.92,85.0,15.0,Cubierta (85.0% Contratos / 15.0% Bolsa),1378.13841375,532981.6635751991,819971.7900999354,754374.0468919405,-65597.74320799485,65597.74320799485,8.000000000000004
2027-01-27,27,2027-01-01,True,TOLIMA,9562858.63,459379.47125,200165346.95000005,130107475.52,386.7403,390472.55,68906.92,85.0,15.0,Cubierta (85.0% Contratos / 15.0% Bolsa),1378.13841375,532981.6635751991,819971.7900999354,754374.0468919405,-65597.74320799485,65597.74320799485,8.000000000000004
2027-01-28,28,2027-01-01,True,ANTIOQUIA,31171283.39,460777.47,200774496.61,130503422.8,386.3313,391660.85,69116.62,85.0,15.0,Cubierta (85.0% Contratos / 15.0% Bolsa),1382.33241,534038.276987433,821597.3491894009,755869.5612542488,-65727.78793515207,65727.78793515207,7.999999999999999
2027-01-28,28,2027-01-01,True,BOGOTA,44436326.51,460777.47,200774496.61,130503422.8,386.3313,391660.85,69116.62,85.0,15.0,Cubierta (85.0% Contratos / 15.0% Bolsa),1382.33241,534038.276987433,821597.3491894009,755869.5612542488,-65727.78793515207,65727.78793515207,7.999999999999999
2027-01-28,28,2027-01-01,True,CARIBE_MAR,35926832.57,460777.47,200774496.61,130503422.8,386.3313,391660.85,69116.62,85.0,15.0,Cubierta (85.0% Contratos / 15.0% Bolsa),1382.33241,534038.276987433,821597.3491894009,755869.5612542488,-65727.78793515207,65727.78793515207,7.999999999999999
2027-01-28,28,2027-01-01,True,CARIBE_SOL,27836842.0,460777.47,200774496.61,130503422.8,386.3313,391660.85,69116.62,85.0,15.0,Cubierta (85.0% Contratos / 15.0% Bolsa),1382.33241,534038.276987433,821597.3491894009,755869.5612542488,-65727.78793515207,65727.78793515207,7.999999999999999
2027-01-28,28,2027-01-01,True,VALLE,22648156.84,460777.47,200774496.61,130503422.8,386.3313,391660.85,69116.62,85.0,15.0,Cubierta (85.0% Contratos / 15.0% Bolsa),1382.33241,534038.276987433,821597.3491894009,755869.5612542488,-65727.78793515207,65727.78793515207,7.999999999999999
2027-01-28,28,2027-01-01,True,SANTANDER,17779438.86,460777.47,200774496.61,130503422.8,386.3313,391660.85,69116.62,85.0,15.0,Cubierta (85.0% Contratos / 15.0% Bolsa),1382.33241,534038.276987433,821597.3491894009,755869.5612542488,-65727.78793515207,65727.78793515207,7.999999999999999
2027-01-28,28,2027-01-01,True,CUNDINAMARCA,11385369.26,460777.47,200774496.61,130503422.8,386.3313,391660.85,69116.62,85.0,15.0,Cubierta (85.0% Contratos / 15.0% Bolsa),1382.33241,534038.276987433,821597.3491894009,755869.5612542488,-65727.78793515207,65727.78793515207,7.999999999999999
2027-01-28,28,2027-01-01,True,TOLIMA,9590247.18,460777.47,200774496.61,130503422.8,386.3313,391660.85,69116.62,85.0,15.0,Cubierta (85.0% Contratos / 15.0% Bolsa),1382.33241,534038.276987433,821597.3491894009,755869.5612542488,-65727.78793515207,65727.78793515207,7.999999999999999
2027-01-29,29,2027-01-01,True,ANTIOQUIA,31629644.94,458021.54125,199573656.41000003,129722876.67,385.9115,389318.31,68703.23,85.0,15.0,Cubierta (85.0% Contratos / 15.0% Bolsa),1374.06462375,530267.3400482981,815795.907744602,750532.2351250339,-65263.67261956807,65263.67261956807,7.999999999999989
2027-01-29,29,2027-01-01,True,BOGOTA,43793994.72,458021.54125,199573656.41000003,129722876.67,385.9115,389318.31,68703.23,85.0,15.0,Cubierta (85.0% Contratos / 15.0% Bolsa),1374.06462375,530267.3400482981,815795.907744602,750532.2351250339,-65263.67261956807,65263.67261956807,7.999999999999989
2027-01-29,29,2027-01-01,True,CARIBE_MAR,34966115.8,458021.54125,199573656.41000003,129722876.67,385.9115,389318.31,68703.23,85.0,15.0,Cubierta (85.0% Contratos / 15.0% Bolsa),1374.06462375,530267.3400482981,815795.907744602,750532.2351250339,-65263.67261956807,65263.67261956807,7.999999999999989
2027-01-29,29,2027-01-01,True,CARIBE_SOL,27942703.82,458021.54125,199573656.41000003,129722876.67,385.9115,389318.31,68703.23,85.0,15.0,Cubierta (85.0% Contratos / 15.0% Bolsa),1374.06462375,530267.3400482981,815795.907744602,750532.2351250339,-65263.67261956807,65263.67261956807,7.999999999999989
2027-01-29,29,2027-01-01,True,VALLE,22645365.89,458021.54125,199573656.41000003,129722876.67,385.9115,389318.31,68703.23,85.0,15.0,Cubierta (85.0% Contratos / 15.0% Bolsa),1374.06462375,530267.3400482981,815795.907744602,750532.2351250339,-65263.67261956807,65263.67261956807,7.999999999999989
2027-01-29,29,2027-01-01,True,SANTANDER,17860535.61,458021.54125,199573656.41000003,129722876.67,385.9115,389318.31,68703.23,85.0,15.0,Cubierta (85.0% Contratos / 15.0% Bolsa),1374.06462375,530267.3400482981,815795.907744602,750532.2351250339,-65263.67261956807,65263.67261956807,7.999999999999989
2027-01-29,29,2027-01-01,True,CUNDINAMARCA,11276098.76,458021.54125,199573656.41000003,129722876.67,385.9115,389318.31,68703.23,85.0,15.0,Cubierta (85.0% Contratos / 15.0% Bolsa),1374.06462375,530267.3400482981,815795.907744602,750532.2351250339,-65263.67261956807,65263.67261956807,7.999999999999989
2027-01-29,29,2027-01-01,True,TOLIMA,9459196.87,458021.54125,199573656.41000003,129722876.67,385.9115,389318.31,68703.23,85.0,15.0,Cubierta (85.0% Contratos / 15.0% Bolsa),1374.06462375,530267.3400482981,815795.907744602,750532.2351250339,-65263.67261956807,65263.67261956807,7.999999999999989
2027-01-30,30,2027-01-01,True,ANTIOQUIA,26898318.75,327212.3575,169101993.49,109916295.77,385.4924,278130.5,49081.85,85.0,15.0,Cubierta (85.0% Contratos / 15.0% Bolsa),981.6370724999999,378413.63100699894,582174.8169258998,535600.8315718279,-46573.98535407195,46573.98535407195,7.999999999999993
2027-01-30,30,2027-01-01,True,BOGOTA,36908409.21,327212.3575,169101993.49,109916295.77,385.4924,278130.5,49081.85,85.0,15.0,Cubierta (85.0% Contratos / 15.0% Bolsa),981.6370724999999,378413.63100699894,582174.8169258998,535600.8315718279,-46573.98535407195,46573.98535407195,7.999999999999993
2027-01-30,30,2027-01-01,True,CARIBE_MAR,29750399.99,327212.3575,169101993.49,109916295.77,385.4924,278130.5,49081.85,85.0,15.0,Cubierta (85.0% Contratos / 15.0% Bolsa),981.6370724999999,378413.63100699894,582174.8169258998,535600.8315718279,-46573.98535407195,46573.98535407195,7.999999999999993
2027-01-30,30,2027-01-01,True,CARIBE_SOL,23755338.23,327212.3575,169101993.49,109916295.77,385.4924,278130.5,49081.85,85.0,15.0,Cubierta (85.0% Contratos / 15.0% Bolsa),981.6370724999999,378413.63100699894,582174.8169258998,535600.8315718279,-46573.98535407195,46573.98535407195,7.999999999999993
2027-01-30,30,2027-01-01,True,VALLE,19313561.31,327212.3575,169101993.49,109916295.77,385.4924,278130.5,49081.85,85.0,15.0,Cubierta (85.0% Contratos / 15.0% Bolsa),981.6370724999999,378413.63100699894,582174.8169258998,535600.8315718279,-46573.98535407195,46573.98535407195,7.999999999999993
2027-01-30,30,2027-01-01,True,SANTANDER,14844607.04,327212.3575,169101993.49,109916295.77,385.4924,278130.5,49081.85,85.0,15.0,Cubierta (85.0% Contratos / 15.0% Bolsa),981.6370724999999,378413.63100699894,582174.8169258998,535600.8315718279,-46573.98535407195,46573.98535407195,7.999999999999993
2027-01-30,30,2027-01-01,True,CUNDINAMARCA,9575483.18,327212.3575,169101993.49,109916295.77,385.4924,278130.5,49081.85,85.0,15.0,Cubierta (85.0% Contratos / 15.0% Bolsa),981.6370724999999,378413.63100699894,582174.8169258998,535600.8315718279,-46573.98535407195,46573.98535407195,7.999999999999993
2027-01-30,30,2027-01-01,True,TOLIMA,8055875.78,327212.3575,169101993.49,109916295.77,385.4924,278130.5,49081.85,85.0,15.0,Cubierta (85.0% Contratos / 15.0% Bolsa),981.6370724999999,378413.63100699894,582174.8169258998,535600.8315718279,-46573.98535407195,46573.98535407195,7.999999999999993
2027-01-31,31,2027-01-01,True,ANTIOQUIA,26359519.37,324929.79375,167922373.81,109149542.98,385.0856,276190.32,48739.47,85.0,15.0,Cubierta (85.0% Contratos / 15.0% Bolsa),974.78938125,375377.353752285,577503.6211388432,531303.3314477358,-46200.289691107464,46200.289691107464,8.0
2027-01-31,31,2027-01-01,True,BOGOTA,37081732.77,324929.79375,167922373.81,109149542.98,385.0856,276190.32,48739.47,85.0,15.0,Cubierta (85.0% Contratos / 15.0% Bolsa),974.78938125,375377.353752285,577503.6211388432,531303.3314477358,-46200.289691107464,46200.289691107464,8.0
2027-01-31,31,2027-01-01,True,CARIBE_MAR,29582859.66,324929.79375,167922373.81,109149542.98,385.0856,276190.32,48739.47,85.0,15.0,Cubierta (85.0% Contratos / 15.0% Bolsa),974.78938125,375377.353752285,577503.6211388432,531303.3314477358,-46200.289691107464,46200.289691107464,8.0
2027-01-31,31,2027-01-01,True,CARIBE_SOL,23127997.42,324929.79375,167922373.81,109149542.98,385.0856,276190.32,48739.47,85.0,15.0,Cubierta (85.0% Contratos / 15.0% Bolsa),974.78938125,375377.353752285,577503.6211388432,531303.3314477358,-46200.289691107464,46200.289691107464,8.0
2027-01-31,31,2027-01-01,True,VALLE,19118942.93,324929.79375,167922373.81,109149542.98,385.0856,276190.32,48739.47,85.0,15.0,Cubierta (85.0% Contratos / 15.0% Bolsa),974.78938125,375377.353752285,577503.6211388432,531303.3314477358,-46200.289691107464,46200.289691107464,8.0
2027-01-31,31,2027-01-01,True,SANTANDER,14973191.56,324929.79375,167922373.81,109149542.98,385.0856,276190.32,48739.47,85.0,15.0,Cubierta (85.0% Contratos / 15.0% Bolsa),974.78938125,375377.353752285,577503.6211388432,531303.3314477358,-46200.289691107464,46200.289691107464,8.0
2027-01-31,31,2027-01-01,True,CUNDINAMARCA,9742406.75,324929.79375,167922373.81,109149542.98,385.0856,276190.32,48739.47,85.0,15.0,Cubierta (85.0% Contratos / 15.0% Bolsa),974.78938125,375377.353752285,577503.6211388432,531303.3314477358,-46200.289691107464,46200.289691107464,8.0
2027-01-31,31,2027-01-01,True,TOLIMA,7935723.35,324929.79375,167922373.81,109149542.98,385.0856,276190.32,48739.47,85.0,15.0,Cubierta (85.0% Contratos / 15.0% Bolsa),974.78938125,375377.353752285,577503.6211388432,531303.3314477358,-46200.289691107464,46200.289691107464,8.0
2027-02-01,1,2027-02-01,True,ANTIOQUIA,31481333.24,458017.56,199571921.39999995,129721748.91,384.7025,389314.93,68702.63,85.0,15.0,Cubierta (85.0% Contratos / 15.0% Bolsa),1374.05268,528601.5011277,813233.0786579999,748174.4323653599,-65058.64629264001,65058.64629264001,8.000000000000004
2027-02-01,1,2027-02-01,True,BOGOTA,43599801.22,458017.56,199571921.39999995,129721748.91,384.7025,389314.93,68702.63,85.0,15.0,Cubierta (85.0% Contratos / 15.0% Bolsa),1374.05268,528601.5011277,813233.0786579999,748174.4323653599,-65058.64629264001,65058.64629264001,8.000000000000004
2027-02-01,1,2027-02-01,True,CARIBE_MAR,35352814.96,458017.56,199571921.39999995,129721748.91,384.7025,389314.93,68702.63,85.0,15.0,Cubierta (85.0% Contratos / 15.0% Bolsa),1374.05268,528601.5011277,813233.0786579999,748174.4323653599,-65058.64629264001,65058.64629264001,8.000000000000004
2027-02-01,1,2027-02-01,True,CARIBE_SOL,27977648.92,458017.56,199571921.39999995,129721748.91,384.7025,389314.93,68702.63,85.0,15.0,Cubierta (85.0% Contratos / 15.0% Bolsa),1374.05268,528601.5011277,813233.0786579999,748174.4323653599,-65058.64629264001,65058.64629264001,8.000000000000004
2027-02-01,1,2027-02-01,True,VALLE,22931572.03,458017.56,199571921.39999995,129721748.91,384.7025,389314.93,68702.63,85.0,15.0,Cubierta (85.0% Contratos / 15.0% Bolsa),1374.05268,528601.5011277,813233.0786579999,748174.4323653599,-65058.64629264001,65058.64629264001,8.000000000000004
2027-02-01,1,2027-02-01,True,SANTANDER,17685905.22,458017.56,199571921.39999995,129721748.91,384.7025,389314.93,68702.63,85.0,15.0,Cubierta (85.0% Contratos / 15.0% Bolsa),1374.05268,528601.5011277,813233.0786579999,748174.4323653599,-65058.64629264001,65058.64629264001,8.000000000000004
2027-02-01,1,2027-02-01,True,CUNDINAMARCA,11222339.64,458017.56,199571921.39999995,129721748.91,384.7025,389314.93,68702.63,85.0,15.0,Cubierta (85.0% Contratos / 15.0% Bolsa),1374.05268,528601.5011277,813233.0786579999,748174.4323653599,-65058.64629264001,65058.64629264001,8.000000000000004
2027-02-01,1,2027-02-01,True,TOLIMA,9320506.17,458017.56,199571921.39999995,129721748.91,384.7025,389314.93,68702.63,85.0,15.0,Cubierta (85.0% Contratos / 15.0% Bolsa),1374.05268,528601.5011277,813233.0786579999,748174.4323653599,-65058.64629264001,65058.64629264001,8.000000000000004
2027-02-02,2,2027-02-01,True,ANTIOQUIA,31842735.32,460654.235,200720799.3,130468519.55,384.3539,391556.1,69098.14,85.0,15.0,Cubierta (85.0% Contratos / 15.0% Bolsa),1381.962705,531162.7553212994,817173.4696937593,751799.5921182586,-65373.87757550075,65373.87757550075,8.0
2027-02-02,2,2027-02-01,True,BOGOTA,44140440.56,460654.235,200720799.3,130468519.55,384.3539,391556.1,69098.14,85.0,15.0,Cubierta (85.0% Contratos / 15.0% Bolsa),1381.962705,531162.7553212994,817173.4696937593,751799.5921182586,-65373.87757550075,65373.87757550075,8.0
2027-02-02,2,2027-02-01,True,CARIBE_MAR,35039628.31,460654.235,200720799.3,130468519.55,384.3539,391556.1,69098.14,85.0,15.0,Cubierta (85.0% Contratos / 15.0% Bolsa),1381.962705,531162.7553212994,817173.4696937593,751799.5921182586,-65373.87757550075,65373.87757550075,8.0
2027-02-02,2,2027-02-01,True,CARIBE_SOL,28115189.06,460654.235,200720799.3,130468519.55,384.3539,391556.1,69098.14,85.0,15.0,Cubierta (85.0% Contratos / 15.0% Bolsa),1381.962705,531162.7553212994,817173.4696937593,751799.5921182586,-65373.87757550075,65373.87757550075,8.0
2027-02-02,2,2027-02-01,True,VALLE,22804493.44,460654.235,200720799.3,130468519.55,384.3539,391556.1,69098.14,85.0,15.0,Cubierta (85.0% Contratos / 15.0% Bolsa),1381.962705,531162.7553212994,817173.4696937593,751799.5921182586,-65373.87757550075,65373.87757550075,8.0
2027-02-02,2,2027-02-01,True,SANTANDER,17670959.51,460654.235,200720799.3,130468519.55,384.3539,391556.1,69098.14,85.0,15.0,Cubierta (85.0% Contratos / 15.0% Bolsa),1381.962705,531162.7553212994,817173.4696937593,751799.5921182586,-65373.87757550075,65373.87757550075,8.0
2027-02-02,2,2027-02-01,True,CUNDINAMARCA,11544400.61,460654.235,200720799.3,130468519.55,384.3539,391556.1,69098.14,85.0,15.0,Cubierta (85.0% Contratos / 15.0% Bolsa),1381.962705,531162.7553212994,817173.4696937593,751799.5921182586,-65373.87757550075,65373.87757550075,8.0
2027-02-02,2,2027-02-01,True,TOLIMA,9562952.49,460654.235,200720799.3,130468519.55,384.3539,391556.1,69098.14,85.0,15.0,Cubierta (85.0% Contratos / 15.0% Bolsa),1381.962705,531162.7553212994,817173.4696937593,751799.5921182586,-65373.87757550075,65373.87757550075,8.0
2027-02-03,3,2027-02-01,True,ANTIOQUIA,31965537.83,461208.5775,200962343.02,130625522.96,384.0499,392027.29,69181.29,85.0,15.0,Cubierta (85.0% Contratos / 15.0% Bolsa),1383.6257325000001,531381.3242040518,817509.7295634703,752108.9511983928,-65400.77836507757,65400.77836507757,7.999999999999993
2027-02-03,3,2027-02-01,True,BOGOTA,43894689.13,461208.5775,200962343.02,130625522.96,384.0499,392027.29,69181.29,85.0,15.0,Cubierta (85.0% Contratos / 15.0% Bolsa),1383.6257325000001,531381.3242040518,817509.7295634703,752108.9511983928,-65400.77836507757,65400.77836507757,7.999999999999993
2027-02-03,3,2027-02-01,True,CARIBE_MAR,35237404.44,461208.5775,200962343.02,130625522.96,384.0499,392027.29,69181.29,85.0,15.0,Cubierta (85.0% Contratos / 15.0% Bolsa),1383.6257325000001,531381.3242040518,817509.7295634703,752108.9511983928,-65400.77836507757,65400.77836507757,7.999999999999993
2027-02-03,3,2027-02-01,True,CARIBE_SOL,28331985.25,461208.5775,200962343.02,130625522.96,384.0499,392027.29,69181.29,85.0,15.0,Cubierta (85.0% Contratos / 15.0% Bolsa),1383.6257325000001,531381.3242040518,817509.7295634703,752108.9511983928,-65400.77836507757,65400.77836507757,7.999999999999993
2027-02-03,3,2027-02-01,True,VALLE,22621179.28,461208.5775,200962343.02,130625522.96,384.0499,392027.29,69181.29,85.0,15.0,Cubierta (85.0% Contratos / 15.0% Bolsa),1383.6257325000001,531381.3242040518,817509.7295634703,752108.9511983928,-65400.77836507757,65400.77836507757,7.999999999999993
2027-02-03,3,2027-02-01,True,SANTANDER,17891849.41,461208.5775,200962343.02,130625522.96,384.0499,392027.29,69181.29,85.0,15.0,Cubierta (85.0% Contratos / 15.0% Bolsa),1383.6257325000001,531381.3242040518,817509.7295634703,752108.9511983928,-65400.77836507757,65400.77836507757,7.999999999999993
2027-02-03,3,2027-02-01,True,CUNDINAMARCA,11562201.22,461208.5775,200962343.02,130625522.96,384.0499,392027.29,69181.29,85.0,15.0,Cubierta (85.0% Contratos / 15.0% Bolsa),1383.6257325000001,531381.3242040518,817509.7295634703,752108.9511983928,-65400.77836507757,65400.77836507757,7.999999999999993
2027-02-03,3,2027-02-01,True,TOLIMA,9457496.46,461208.5775,200962343.02,130625522.96,384.0499,392027.29,69181.29,85.0,15.0,Cubierta (85.0% Contratos / 15.0% Bolsa),1383.6257325000001,531381.3242040518,817509.7295634703,752108.9511983928,-65400.77836507757,65400.77836507757,7.999999999999993
2027-02-04,4,2027-02-01,True,ANTIOQUIA,31492001.94,459895.61875,200390247.64,130253660.97,383.7999,390911.28,68984.34,85.0,15.0,Cubierta (85.0% Contratos / 15.0% Bolsa),1379.6868562500001,529523.6774600644,814651.8114520047,749479.6665358443,-65172.14491616038,65172.14491616038,8.0
2027-02-04,4,2027-02-01,True,BOGOTA,44246174.64,459895.61875,200390247.64,130253660.97,383.7999,390911.28,68984.34,85.0,15.0,Cubierta (85.0% Contratos / 15.0% Bolsa),1379.6868562500001,529523.6774600644,814651.8114520047,749479.6665358443,-65172.14491616038,65172.14491616038,8.0
2027-02-04,4,2027-02-01,True,CARIBE_MAR,35243911.17,459895.61875,200390247.64,130253660.97,383.7999,390911.28,68984.34,85.0,15.0,Cubierta (85.0% Contratos / 15.0% Bolsa),1379.6868562500001,529523.6774600644,814651.8114520047,749479.6665358443,-65172.14491616038,65172.14491616038,8.0
2027-02-04,4,2027-02-01,True,CARIBE_SOL,27905524.35,459895.61875,200390247.64,130253660.97,383.7999,390911.28,68984.34,85.0,15.0,Cubierta (85.0% Contratos / 15.0% Bolsa),1379.6868562500001,529523.6774600644,814651.8114520047,749479.6665358443,-65172.14491616038,65172.14491616038,8.0
2027-02-04,4,2027-02-01,True,VALLE,22731096.61,459895.61875,200390247.64,130253660.97,383.7999,390911.28,68984.34,85.0,15.0,Cubierta (85.0% Contratos / 15.0% Bolsa),1379.6868562500001,529523.6774600644,814651.8114520047,749479.6665358443,-65172.14491616038,65172.14491616038,8.0
2027-02-04,4,2027-02-01,True,SANTANDER,18007610.04,459895.61875,200390247.64,130253660.97,383.7999,390911.28,68984.34,85.0,15.0,Cubierta (85.0% Contratos / 15.0% Bolsa),1379.6868562500001,529523.6774600644,814651.8114520047,749479.6665358443,-65172.14491616038,65172.14491616038,8.0
2027-02-04,4,2027-02-01,True,CUNDINAMARCA,11300234.15,459895.61875,200390247.64,130253660.97,383.7999,390911.28,68984.34,85.0,15.0,Cubierta (85.0% Contratos / 15.0% Bolsa),1379.6868562500001,529523.6774600644,814651.8114520047,749479.6665358443,-65172.14491616038,65172.14491616038,8.0
2027-02-04,4,2027-02-01,True,TOLIMA,9463694.74,459895.61875,200390247.64,130253660.97,383.7999,390911.28,68984.34,85.0,15.0,Cubierta (85.0% Contratos / 15.0% Bolsa),1379.6868562500001,529523.6774600644,814651.8114520047,749479.6665358443,-65172.14491616038,65172.14491616038,8.0
2027-02-05,5,2027-02-01,True,ANTIOQUIA,32211918.56,460540.65875,200671311.14000002,130436352.24,383.612,391459.56,69081.1,85.0,15.0,Cubierta (85.0% Contratos / 15.0% Bolsa),1381.62197625,530006.769553215,815395.0300881206,750163.427681071,-65231.60240704962,65231.60240704962,7.9999999999999964
2027-02-05,5,2027-02-01,True,BOGOTA,43898838.8,460540.65875,200671311.14000002,130436352.24,383.612,391459.56,69081.1,85.0,15.0,Cubierta (85.0% Contratos / 15.0% Bolsa),1381.62197625,530006.769553215,815395.0300881206,750163.427681071,-65231.60240704962,65231.60240704962,7.9999999999999964
2027-02-05,5,2027-02-01,True,CARIBE_MAR,35495080.79,460540.65875,200671311.14000002,130436352.24,383.612,391459.56,69081.1,85.0,15.0,Cubierta (85.0% Contratos / 15.0% Bolsa),1381.62197625,530006.769553215,815395.0300881206,750163.427681071,-65231.60240704962,65231.60240704962,7.9999999999999964
2027-02-05,5,2027-02-01,True,CARIBE_SOL,27673154.44,460540.65875,200671311.14000002,130436352.24,383.612,391459.56,69081.1,85.0,15.0,Cubierta (85.0% Contratos / 15.0% Bolsa),1381.62197625,530006.769553215,815395.0300881206,750163.427681071,-65231.60240704962,65231.60240704962,7.9999999999999964
2027-02-05,5,2027-02-01,True,VALLE,22649936.64,460540.65875,200671311.14000002,130436352.24,383.612,391459.56,69081.1,85.0,15.0,Cubierta (85.0% Contratos / 15.0% Bolsa),1381.62197625,530006.769553215,815395.0300881206,750163.427681071,-65231.60240704962,65231.60240704962,7.9999999999999964
2027-02-05,5,2027-02-01,True,SANTANDER,17831319.54,460540.65875,200671311.14000002,130436352.24,383.612,391459.56,69081.1,85.0,15.0,Cubierta (85.0% Contratos / 15.0% Bolsa),1381.62197625,530006.769553215,815395.0300881206,750163.427681071,-65231.60240704962,65231.60240704962,7.9999999999999964
2027-02-05,5,2027-02-01,True,CUNDINAMARCA,11464792.3,460540.65875,200671311.14000002,130436352.24,383.612,391459.56,69081.1,85.0,15.0,Cubierta (85.0% Contratos / 15.0% Bolsa),1381.62197625,530006.769553215,815395.0300881206,750163.427681071,-65231.60240704962,65231.60240704962,7.9999999999999964
2027-02-05,5,2027-02-01,True,TOLIMA,9446270.07,460540.65875,200671311.14000002,130436352.24,383.612,391459.56,69081.1,85.0,15.0,Cubierta (85.0% Contratos / 15.0% Bolsa),1381.62197625,530006.769553215,815395.0300881206,750163.427681071,-65231.60240704962,65231.60240704962,7.9999999999999964
2027-02-06,6,2027-02-01,True,ANTIOQUIA,26692242.83,326610.3525,168790880.06000003,109714072.04,383.4931,277618.8,48991.55,85.0,15.0,Cubierta (85.0% Contratos / 15.0% Bolsa),979.8310574999999,375758.44971695327,578089.9226361975,531842.7288253017,-46247.193810895784,46247.193810895784,7.999999999999997
2027-02-06,6,2027-02-01,True,BOGOTA,37806198.54,326610.3525,168790880.06000003,109714072.04,383.4931,277618.8,48991.55,85.0,15.0,Cubierta (85.0% Contratos / 15.0% Bolsa),979.8310574999999,375758.44971695327,578089.9226361975,531842.7288253017,-46247.193810895784,46247.193810895784,7.999999999999997
2027-02-06,6,2027-02-01,True,CARIBE_MAR,29320051.5,326610.3525,168790880.06000003,109714072.04,383.4931,277618.8,48991.55,85.0,15.0,Cubierta (85.0% Contratos / 15.0% Bolsa),979.8310574999999,375758.44971695327,578089.9226361975,531842.7288253017,-46247.193810895784,46247.193810895784,7.999999999999997
2027-02-06,6,2027-02-01,True,CARIBE_SOL,23470633.16,326610.3525,168790880.06000003,109714072.04,383.4931,277618.8,48991.55,85.0,15.0,Cubierta (85.0% Contratos / 15.0% Bolsa),979.8310574999999,375758.44971695327,578089.9226361975,531842.7288253017,-46247.193810895784,46247.193810895784,7.999999999999997
2027-02-06,6,2027-02-01,True,VALLE,19150245.02,326610.3525,168790880.06000003,109714072.04,383.4931,277618.8,48991.55,85.0,15.0,Cubierta (85.0% Contratos / 15.0% Bolsa),979.8310574999999,375758.44971695327,578089.9226361975,531842.7288253017,-46247.193810895784,46247.193810895784,7.999999999999997
2027-02-06,6,2027-02-01,True,SANTANDER,14872744.78,326610.3525,168790880.06000003,109714072.04,383.4931,277618.8,48991.55,85.0,15.0,Cubierta (85.0% Contratos / 15.0% Bolsa),979.8310574999999,375758.44971695327,578089.9226361975,531842.7288253017,-46247.193810895784,46247.193810895784,7.999999999999997
2027-02-06,6,2027-02-01,True,CUNDINAMARCA,9457177.8,326610.3525,168790880.06000003,109714072.04,383.4931,277618.8,48991.55,85.0,15.0,Cubierta (85.0% Contratos / 15.0% Bolsa),979.8310574999999,375758.44971695327,578089.9226361975,531842.7288253017,-46247.193810895784,46247.193810895784,7.999999999999997
2027-02-06,6,2027-02-01,True,TOLIMA,8021586.43,326610.3525,168790880.06000003,109714072.04,383.4931,277618.8,48991.55,85.0,15.0,Cubierta (85.0% Contratos / 15.0% Bolsa),979.8310574999999,375758.44971695327,578089.9226361975,531842.7288253017,-46247.193810895784,46247.193810895784,7.999999999999997
2027-02-07,7,2027-02-01,True,ANTIOQUIA,26358384.6,325838.0675,168391766.01,109454647.91,383.4485,276962.36,48875.71,85.0,15.0,Cubierta (85.0% Contratos / 15.0% Bolsa),977.5142025,374826.3546773213,576655.9302543624,530523.4558340134,-46132.474420349,46132.474420349,8.0
2027-02-07,7,2027-02-01,True,BOGOTA,36784189.46,325838.0675,168391766.01,109454647.91,383.4485,276962.36,48875.71,85.0,15.0,Cubierta (85.0% Contratos / 15.0% Bolsa),977.5142025,374826.3546773213,576655.9302543624,530523.4558340134,-46132.474420349,46132.474420349,8.0
2027-02-07,7,2027-02-01,True,CARIBE_MAR,30321560.61,325838.0675,168391766.01,109454647.91,383.4485,276962.36,48875.71,85.0,15.0,Cubierta (85.0% Contratos / 15.0% Bolsa),977.5142025,374826.3546773213,576655.9302543624,530523.4558340134,-46132.474420349,46132.474420349,8.0
2027-02-07,7,2027-02-01,True,CARIBE_SOL,23438633.63,325838.0675,168391766.01,109454647.91,383.4485,276962.36,48875.71,85.0,15.0,Cubierta (85.0% Contratos / 15.0% Bolsa),977.5142025,374826.3546773213,576655.9302543624,530523.4558340134,-46132.474420349,46132.474420349,8.0
2027-02-07,7,2027-02-01,True,VALLE,19045430.98,325838.0675,168391766.01,109454647.91,383.4485,276962.36,48875.71,85.0,15.0,Cubierta (85.0% Contratos / 15.0% Bolsa),977.5142025,374826.3546773213,576655.9302543624,530523.4558340134,-46132.474420349,46132.474420349,8.0
2027-02-07,7,2027-02-01,True,SANTANDER,14796067.73,325838.0675,168391766.01,109454647.91,383.4485,276962.36,48875.71,85.0,15.0,Cubierta (85.0% Contratos / 15.0% Bolsa),977.5142025,374826.3546773213,576655.9302543624,530523.4558340134,-46132.474420349,46132.474420349,8.0
2027-02-07,7,2027-02-01,True,CUNDINAMARCA,9578387.03,325838.0675,168391766.01,109454647.91,383.4485,276962.36,48875.71,85.0,15.0,Cubierta (85.0% Contratos / 15.0% Bolsa),977.5142025,374826.3546773213,576655.9302543624,530523.4558340134,-46132.474420349,46132.474420349,8.0
2027-02-07,7,2027-02-01,True,TOLIMA,8069111.97,325838.0675,168391766.01,109454647.91,383.4485,276962.36,48875.71,85.0,15.0,Cubierta (85.0% Contratos / 15.0% Bolsa),977.5142025,374826.3546773213,576655.9302543624,530523.4558340134,-46132.474420349,46132.474420349,8.0
2027-02-08,8,2027-02-01,True,ANTIOQUIA,32059091.06,461013.41875,200877306.45999998,130570249.2,383.4824,391861.41,69152.01,85.0,15.0,Cubierta (85.0% Contratos / 15.0% Bolsa),1383.04025625,530371.596763365,815956.30270662,750679.7984900904,-65276.504216529545,65276.504216529545,7.999999999999993
2027-02-08,8,2027-02-01,True,BOGOTA,44552280.67,461013.41875,200877306.45999998,130570249.2,383.4824,391861.41,69152.01,85.0,15.0,Cubierta (85.0% Contratos / 15.0% Bolsa),1383.04025625,530371.596763365,815956.30270662,750679.7984900904,-65276.504216529545,65276.504216529545,7.999999999999993
2027-02-08,8,2027-02-01,True,CARIBE_MAR,35167378.05,461013.41875,200877306.45999998,130570249.2,383.4824,391861.41,69152.01,85.0,15.0,Cubierta (85.0% Contratos / 15.0% Bolsa),1383.04025625,530371.596763365,815956.30270662,750679.7984900904,-65276.504216529545,65276.504216529545,7.999999999999993
2027-02-08,8,2027-02-01,True,CARIBE_SOL,27622947.92,461013.41875,200877306.45999998,130570249.2,383.4824,391861.41,69152.01,85.0,15.0,Cubierta (85.0% Contratos / 15.0% Bolsa),1383.04025625,530371.596763365,815956.30270662,750679.7984900904,-65276.504216529545,65276.504216529545,7.999999999999993
2027-02-08,8,2027-02-01,True,VALLE,22664767.1,461013.41875,200877306.45999998,130570249.2,383.4824,391861.41,69152.01,85.0,15.0,Cubierta (85.0% Contratos / 15.0% Bolsa),1383.04025625,530371.596763365,815956.30270662,750679.7984900904,-65276.504216529545,65276.504216529545,7.999999999999993
2027-02-08,8,2027-02-01,True,SANTANDER,17679182.21,461013.41875,200877306.45999998,130570249.2,383.4824,391861.41,69152.01,85.0,15.0,Cubierta (85.0% Contratos / 15.0% Bolsa),1383.04025625,530371.596763365,815956.30270662,750679.7984900904,-65276.504216529545,65276.504216529545,7.999999999999993
2027-02-08,8,2027-02-01,True,CUNDINAMARCA,11456288.06,461013.41875,200877306.45999998,130570249.2,383.4824,391861.41,69152.01,85.0,15.0,Cubierta (85.0% Contratos / 15.0% Bolsa),1383.04025625,530371.596763365,815956.30270662,750679.7984900904,-65276.504216529545,65276.504216529545,7.999999999999993
2027-02-08,8,2027-02-01,True,TOLIMA,9675371.39,461013.41875,200877306.45999998,130570249.2,383.4824,391861.41,69152.01,85.0,15.0,Cubierta (85.0% Contratos / 15.0% Bolsa),1383.04025625,530371.596763365,815956.30270662,750679.7984900904,-65276.504216529545,65276.504216529545,7.999999999999993
2027-02-09,9,2027-02-01,True,ANTIOQUIA,31431207.91,460781.8375,200776399.72,130504659.82,383.5971,391664.56,69117.28,85.0,15.0,Cubierta (85.0% Contratos / 15.0% Bolsa),1382.3455125,530263.7297930138,815790.3535152114,750527.1252339944,-65263.22828121693,65263.22828121693,8.000000000000004
2027-02-09,9,2027-02-01,True,BOGOTA,44442781.69,460781.8375,200776399.72,130504659.82,383.5971,391664.56,69117.28,85.0,15.0,Cubierta (85.0% Contratos / 15.0% Bolsa),1382.3455125,530263.7297930138,815790.3535152114,750527.1252339944,-65263.22828121693,65263.22828121693,8.000000000000004
2027-02-09,9,2027-02-01,True,CARIBE_MAR,35306892.44,460781.8375,200776399.72,130504659.82,383.5971,391664.56,69117.28,85.0,15.0,Cubierta (85.0% Contratos / 15.0% Bolsa),1382.3455125,530263.7297930138,815790.3535152114,750527.1252339944,-65263.22828121693,65263.22828121693,8.000000000000004
2027-02-09,9,2027-02-01,True,CARIBE_SOL,27795792.53,460781.8375,200776399.72,130504659.82,383.5971,391664.56,69117.28,85.0,15.0,Cubierta (85.0% Contratos / 15.0% Bolsa),1382.3455125,530263.7297930138,815790.3535152114,750527.1252339944,-65263.22828121693,65263.22828121693,8.000000000000004
2027-02-09,9,2027-02-01,True,VALLE,23052865.3,460781.8375,200776399.72,130504659.82,383.5971,391664.56,69117.28,85.0,15.0,Cubierta (85.0% Contratos / 15.0% Bolsa),1382.3455125,530263.7297930138,815790.3535152114,750527.1252339944,-65263.22828121693,65263.22828121693,8.000000000000004
2027-02-09,9,2027-02-01,True,SANTANDER,17821931.19,460781.8375,200776399.72,130504659.82,383.5971,391664.56,69117.28,85.0,15.0,Cubierta (85.0% Contratos / 15.0% Bolsa),1382.3455125,530263.7297930138,815790.3535152114,750527.1252339944,-65263.22828121693,65263.22828121693,8.000000000000004
2027-02-09,9,2027-02-01,True,CUNDINAMARCA,11415987.25,460781.8375,200776399.72,130504659.82,383.5971,391664.56,69117.28,85.0,15.0,Cubierta (85.0% Contratos / 15.0% Bolsa),1382.3455125,530263.7297930138,815790.3535152114,750527.1252339944,-65263.22828121693,65263.22828121693,8.000000000000004
2027-02-09,9,2027-02-01,True,TOLIMA,9508941.41,460781.8375,200776399.72,130504659.82,383.5971,391664.56,69117.28,85.0,15.0,Cubierta (85.0% Contratos / 15.0% Bolsa),1382.3455125,530263.7297930138,815790.3535152114,750527.1252339944,-65263.22828121693,65263.22828121693,8.000000000000004
2027-02-10,10,2027-02-01,True,ANTIOQUIA,31467367.84,461923.0275,201273650.17000002,130827872.61,383.7932,392634.57,69288.45,85.0,15.0,Cubierta (85.0% Contratos / 15.0% Bolsa),1385.7690825000002,531848.750633739,818228.8471319566,752770.5393614001,-65458.30777055654,65458.30777055654,8.000000000000002
2027-02-10,10,2027-02-01,True,BOGOTA,44492342.56,461923.0275,201273650.17000002,130827872.61,383.7932,392634.57,69288.45,85.0,15.0,Cubierta (85.0% Contratos / 15.0% Bolsa),1385.7690825000002,531848.750633739,818228.8471319566,752770.5393614001,-65458.30777055654,65458.30777055654,8.000000000000002
2027-02-10,10,2027-02-01,True,CARIBE_MAR,35736335.82,461923.0275,201273650.17000002,130827872.61,383.7932,392634.57,69288.45,85.0,15.0,Cubierta (85.0% Contratos / 15.0% Bolsa),1385.7690825000002,531848.750633739,818228.8471319566,752770.5393614001,-65458.30777055654,65458.30777055654,8.000000000000002
2027-02-10,10,2027-02-01,True,CARIBE_SOL,28362127.46,461923.0275,201273650.17000002,130827872.61,383.7932,392634.57,69288.45,85.0,15.0,Cubierta (85.0% Contratos / 15.0% Bolsa),1385.7690825000002,531848.750633739,818228.8471319566,752770.5393614001,-65458.30777055654,65458.30777055654,8.000000000000002
2027-02-10,10,2027-02-01,True,VALLE,22685056.6,461923.0275,201273650.17000002,130827872.61,383.7932,392634.57,69288.45,85.0,15.0,Cubierta (85.0% Contratos / 15.0% Bolsa),1385.7690825000002,531848.750633739,818228.8471319566,752770.5393614001,-65458.30777055654,65458.30777055654,8.000000000000002
2027-02-10,10,2027-02-01,True,SANTANDER,17665176.09,461923.0275,201273650.17000002,130827872.61,383.7932,392634.57,69288.45,85.0,15.0,Cubierta (85.0% Contratos / 15.0% Bolsa),1385.7690825000002,531848.750633739,818228.8471319566,752770.5393614001,-65458.30777055654,65458.30777055654,8.000000000000002
2027-02-10,10,2027-02-01,True,CUNDINAMARCA,11320713.3,461923.0275,201273650.17000002,130827872.61,383.7932,392634.57,69288.45,85.0,15.0,Cubierta (85.0% Contratos / 15.0% Bolsa),1385.7690825000002,531848.750633739,818228.8471319566,752770.5393614001,-65458.30777055654,65458.30777055654,8.000000000000002
2027-02-10,10,2027-02-01,True,TOLIMA,9544530.5,461923.0275,201273650.17000002,130827872.61,383.7932,392634.57,69288.45,85.0,15.0,Cubierta (85.0% Contratos / 15.0% Bolsa),1385.7690825000002,531848.750633739,818228.8471319566,752770.5393614001,-65458.30777055654,65458.30777055654,8.000000000000002
2027-02-11,11,2027-02-01,True,ANTIOQUIA,31812218.21,459451.37375,200196676.78,130127839.91,384.0699,390533.67,68917.71,85.0,15.0,Cubierta (85.0% Contratos / 15.0% Bolsa),1378.3541212500002,529384.3295130754,814437.43000134,749282.4356012328,-65154.994400107185,65154.994400107185,7.999999999999999
2027-02-11,11,2027-02-01,True,BOGOTA,44531580.02,459451.37375,200196676.78,130127839.91,384.0699,390533.67,68917.71,85.0,15.0,Cubierta (85.0% Contratos / 15.0% Bolsa),1378.3541212500002,529384.3295130754,814437.43000134,749282.4356012328,-65154.994400107185,65154.994400107185,7.999999999999999
2027-02-11,11,2027-02-01,True,CARIBE_MAR,35212695.19,459451.37375,200196676.78,130127839.91,384.0699,390533.67,68917.71,85.0,15.0,Cubierta (85.0% Contratos / 15.0% Bolsa),1378.3541212500002,529384.3295130754,814437.43000134,749282.4356012328,-65154.994400107185,65154.994400107185,7.999999999999999
2027-02-11,11,2027-02-01,True,CARIBE_SOL,27778040.63,459451.37375,200196676.78,130127839.91,384.0699,390533.67,68917.71,85.0,15.0,Cubierta (85.0% Contratos / 15.0% Bolsa),1378.3541212500002,529384.3295130754,814437.43000134,749282.4356012328,-65154.994400107185,65154.994400107185,7.999999999999999
2027-02-11,11,2027-02-01,True,VALLE,22511875.94,459451.37375,200196676.78,130127839.91,384.0699,390533.67,68917.71,85.0,15.0,Cubierta (85.0% Contratos / 15.0% Bolsa),1378.3541212500002,529384.3295130754,814437.43000134,749282.4356012328,-65154.994400107185,65154.994400107185,7.999999999999999
2027-02-11,11,2027-02-01,True,SANTANDER,17549768.59,459451.37375,200196676.78,130127839.91,384.0699,390533.67,68917.71,85.0,15.0,Cubierta (85.0% Contratos / 15.0% Bolsa),1378.3541212500002,529384.3295130754,814437.43000134,749282.4356012328,-65154.994400107185,65154.994400107185,7.999999999999999
2027-02-11,11,2027-02-01,True,CUNDINAMARCA,11253073.95,459451.37375,200196676.78,130127839.91,384.0699,390533.67,68917.71,85.0,15.0,Cubierta (85.0% Contratos / 15.0% Bolsa),1378.3541212500002,529384.3295130754,814437.43000134,749282.4356012328,-65154.994400107185,65154.994400107185,7.999999999999999
2027-02-11,11,2027-02-01,True,TOLIMA,9547424.25,459451.37375,200196676.78,130127839.91,384.0699,390533.67,68917.71,85.0,15.0,Cubierta (85.0% Contratos / 15.0% Bolsa),1378.3541212500002,529384.3295130754,814437.43000134,749282.4356012328,-65154.994400107185,65154.994400107185,7.999999999999999
2027-02-12,12,2027-02-01,True,ANTIOQUIA,31487963.5,460827.0825,200796114.25,130517474.26,384.4246,391703.02,69124.06,85.0,15.0,Cubierta (85.0% Contratos / 15.0% Bolsa),1382.4812475,531459.8005776885,817630.4624428744,752220.0254474445,-65410.43699542992,65410.43699542992,7.9999999999999964
2027-02-12,12,2027-02-01,True,BOGOTA,44220623.82,460827.0825,200796114.25,130517474.26,384.4246,391703.02,69124.06,85.0,15.0,Cubierta (85.0% Contratos / 15.0% Bolsa),1382.4812475,531459.8005776885,817630.4624428744,752220.0254474445,-65410.43699542992,65410.43699542992,7.9999999999999964
2027-02-12,12,2027-02-01,True,CARIBE_MAR,35386629.58,460827.0825,200796114.25,130517474.26,384.4246,391703.02,69124.06,85.0,15.0,Cubierta (85.0% Contratos / 15.0% Bolsa),1382.4812475,531459.8005776885,817630.4624428744,752220.0254474445,-65410.43699542992,65410.43699542992,7.9999999999999964
2027-02-12,12,2027-02-01,True,CARIBE_SOL,27919942.39,460827.0825,200796114.25,130517474.26,384.4246,391703.02,69124.06,85.0,15.0,Cubierta (85.0% Contratos / 15.0% Bolsa),1382.4812475,531459.8005776885,817630.4624428744,752220.0254474445,-65410.43699542992,65410.43699542992,7.9999999999999964
2027-02-12,12,2027-02-01,True,VALLE,23061458.0,460827.0825,200796114.25,130517474.26,384.4246,391703.02,69124.06,85.0,15.0,Cubierta (85.0% Contratos / 15.0% Bolsa),1382.4812475,531459.8005776885,817630.4624428744,752220.0254474445,-65410.43699542992,65410.43699542992,7.9999999999999964
2027-02-12,12,2027-02-01,True,SANTANDER,17729596.25,460827.0825,200796114.25,130517474.26,384.4246,391703.02,69124.06,85.0,15.0,Cubierta (85.0% Contratos / 15.0% Bolsa),1382.4812475,531459.8005776885,817630.4624428744,752220.0254474445,-65410.43699542992,65410.43699542992,7.9999999999999964
2027-02-12,12,2027-02-01,True,CUNDINAMARCA,11400576.06,460827.0825,200796114.25,130517474.26,384.4246,391703.02,69124.06,85.0,15.0,Cubierta (85.0% Contratos / 15.0% Bolsa),1382.4812475,531459.8005776885,817630.4624428744,752220.0254474445,-65410.43699542992,65410.43699542992,7.9999999999999964
2027-02-12,12,2027-02-01,True,TOLIMA,9589324.65,460827.0825,200796114.25,130517474.26,384.4246,391703.02,69124.06,85.0,15.0,Cubierta (85.0% Contratos / 15.0% Bolsa),1382.4812475,531459.8005776885,817630.4624428744,752220.0254474445,-65410.43699542992,65410.43699542992,7.9999999999999964
2027-02-13,13,2027-02-01,True,ANTIOQUIA,26759982.07,327583.51,169293803.5,110040972.28,384.8531,278445.98,49137.53,85.0,15.0,Cubierta (85.0% Contratos / 15.0% Bolsa),982.75053,378214.587997143,581868.5968922427,535319.1091408633,-46549.487751379376,46549.487751379376,7.999999999999993
2027-02-13,13,2027-02-01,True,BOGOTA,37337578.51,327583.51,169293803.5,110040972.28,384.8531,278445.98,49137.53,85.0,15.0,Cubierta (85.0% Contratos / 15.0% Bolsa),982.75053,378214.587997143,581868.5968922427,535319.1091408633,-46549.487751379376,46549.487751379376,7.999999999999993
2027-02-13,13,2027-02-01,True,CARIBE_MAR,29642856.59,327583.51,169293803.5,110040972.28,384.8531,278445.98,49137.53,85.0,15.0,Cubierta (85.0% Contratos / 15.0% Bolsa),982.75053,378214.587997143,581868.5968922427,535319.1091408633,-46549.487751379376,46549.487751379376,7.999999999999993
2027-02-13,13,2027-02-01,True,CARIBE_SOL,23537812.12,327583.51,169293803.5,110040972.28,384.8531,278445.98,49137.53,85.0,15.0,Cubierta (85.0% Contratos / 15.0% Bolsa),982.75053,378214.587997143,581868.5968922427,535319.1091408633,-46549.487751379376,46549.487751379376,7.999999999999993
2027-02-13,13,2027-02-01,True,VALLE,19286972.42,327583.51,169293803.5,110040972.28,384.8531,278445.98,49137.53,85.0,15.0,Cubierta (85.0% Contratos / 15.0% Bolsa),982.75053,378214.587997143,581868.5968922427,535319.1091408633,-46549.487751379376,46549.487751379376,7.999999999999993
2027-02-13,13,2027-02-01,True,SANTANDER,15087448.14,327583.51,169293803.5,110040972.28,384.8531,278445.98,49137.53,85.0,15.0,Cubierta (85.0% Contratos / 15.0% Bolsa),982.75053,378214.587997143,581868.5968922427,535319.1091408633,-46549.487751379376,46549.487751379376,7.999999999999993
2027-02-13,13,2027-02-01,True,CUNDINAMARCA,9671614.98,327583.51,169293803.5,110040972.28,384.8531,278445.98,49137.53,85.0,15.0,Cubierta (85.0% Contratos / 15.0% Bolsa),982.75053,378214.587997143,581868.5968922427,535319.1091408633,-46549.487751379376,46549.487751379376,7.999999999999993
2027-02-13,13,2027-02-01,True,TOLIMA,7969538.67,327583.51,169293803.5,110040972.28,384.8531,278445.98,49137.53,85.0,15.0,Cubierta (85.0% Contratos / 15.0% Bolsa),982.75053,378214.587997143,581868.5968922427,535319.1091408633,-46549.487751379376,46549.487751379376,7.999999999999993
2027-02-14,14,2027-02-01,True,ANTIOQUIA,26891864.58,327325.995,169160720.9,109954468.58,385.3496,278227.1,49098.9,85.0,15.0,Cubierta (85.0% Contratos / 15.0% Bolsa),981.977985,378404.823728556,582161.2673011745,535588.3659170805,-46572.901384093915,46572.901384093915,7.999999999999993
2027-02-14,14,2027-02-01,True,BOGOTA,37120707.11,327325.995,169160720.9,109954468.58,385.3496,278227.1,49098.9,85.0,15.0,Cubierta (85.0% Contratos / 15.0% Bolsa),981.977985,378404.823728556,582161.2673011745,535588.3659170805,-46572.901384093915,46572.901384093915,7.999999999999993
2027-02-14,14,2027-02-01,True,CARIBE_MAR,29620632.42,327325.995,169160720.9,109954468.58,385.3496,278227.1,49098.9,85.0,15.0,Cubierta (85.0% Contratos / 15.0% Bolsa),981.977985,378404.823728556,582161.2673011745,535588.3659170805,-46572.901384093915,46572.901384093915,7.999999999999993
2027-02-14,14,2027-02-01,True,CARIBE_SOL,23698810.17,327325.995,169160720.9,109954468.58,385.3496,278227.1,49098.9,85.0,15.0,Cubierta (85.0% Contratos / 15.0% Bolsa),981.977985,378404.823728556,582161.2673011745,535588.3659170805,-46572.901384093915,46572.901384093915,7.999999999999993
2027-02-14,14,2027-02-01,True,VALLE,19474849.73,327325.995,169160720.9,109954468.58,385.3496,278227.1,49098.9,85.0,15.0,Cubierta (85.0% Contratos / 15.0% Bolsa),981.977985,378404.823728556,582161.2673011745,535588.3659170805,-46572.901384093915,46572.901384093915,7.999999999999993
2027-02-14,14,2027-02-01,True,SANTANDER,14785195.93,327325.995,169160720.9,109954468.58,385.3496,278227.1,49098.9,85.0,15.0,Cubierta (85.0% Contratos / 15.0% Bolsa),981.977985,378404.823728556,582161.2673011745,535588.3659170805,-46572.901384093915,46572.901384093915,7.999999999999993
2027-02-14,14,2027-02-01,True,CUNDINAMARCA,9494270.61,327325.995,169160720.9,109954468.58,385.3496,278227.1,49098.9,85.0,15.0,Cubierta (85.0% Contratos / 15.0% Bolsa),981.977985,378404.823728556,582161.2673011745,535588.3659170805,-46572.901384093915,46572.901384093915,7.999999999999993
2027-02-14,14,2027-02-01,True,TOLIMA,8074390.35,327325.995,169160720.9,109954468.58,385.3496,278227.1,49098.9,85.0,15.0,Cubierta (85.0% Contratos / 15.0% Bolsa),981.977985,378404.823728556,582161.2673011745,535588.3659170805,-46572.901384093915,46572.901384093915,7.999999999999993
2027-02-15,15,2027-02-01,True,ANTIOQUIA,31781815.7,462518.27625,201533018.01,130996461.71,385.9073,393140.53,69377.74,85.0,15.0,Cubierta (85.0% Contratos / 15.0% Bolsa),1387.55482875,535467.537564875,823796.2116162587,757892.514686958,-65903.69692930067,65903.69692930067,7.9999999999999964
2027-02-15,15,2027-02-01,True,BOGOTA,44890667.76,462518.27625,201533018.01,130996461.71,385.9073,393140.53,69377.74,85.0,15.0,Cubierta (85.0% Contratos / 15.0% Bolsa),1387.55482875,535467.537564875,823796.2116162587,757892.514686958,-65903.69692930067,65903.69692930067,7.9999999999999964
2027-02-15,15,2027-02-01,True,CARIBE_MAR,35497734.44,462518.27625,201533018.01,130996461.71,385.9073,393140.53,69377.74,85.0,15.0,Cubierta (85.0% Contratos / 15.0% Bolsa),1387.55482875,535467.537564875,823796.2116162587,757892.514686958,-65903.69692930067,65903.69692930067,7.9999999999999964
2027-02-15,15,2027-02-01,True,CARIBE_SOL,27985167.26,462518.27625,201533018.01,130996461.71,385.9073,393140.53,69377.74,85.0,15.0,Cubierta (85.0% Contratos / 15.0% Bolsa),1387.55482875,535467.537564875,823796.2116162587,757892.514686958,-65903.69692930067,65903.69692930067,7.9999999999999964
2027-02-15,15,2027-02-01,True,VALLE,22619189.86,462518.27625,201533018.01,130996461.71,385.9073,393140.53,69377.74,85.0,15.0,Cubierta (85.0% Contratos / 15.0% Bolsa),1387.55482875,535467.537564875,823796.2116162587,757892.514686958,-65903.69692930067,65903.69692930067,7.9999999999999964
2027-02-15,15,2027-02-01,True,SANTANDER,17878803.74,462518.27625,201533018.01,130996461.71,385.9073,393140.53,69377.74,85.0,15.0,Cubierta (85.0% Contratos / 15.0% Bolsa),1387.55482875,535467.537564875,823796.2116162587,757892.514686958,-65903.69692930067,65903.69692930067,7.9999999999999964
2027-02-15,15,2027-02-01,True,CUNDINAMARCA,11485673.39,462518.27625,201533018.01,130996461.71,385.9073,393140.53,69377.74,85.0,15.0,Cubierta (85.0% Contratos / 15.0% Bolsa),1387.55482875,535467.537564875,823796.2116162587,757892.514686958,-65903.69692930067,65903.69692930067,7.9999999999999964
2027-02-15,15,2027-02-01,True,TOLIMA,9393965.86,462518.27625,201533018.01,130996461.71,385.9073,393140.53,69377.74,85.0,15.0,Cubierta (85.0% Contratos / 15.0% Bolsa),1387.55482875,535467.537564875,823796.2116162587,757892.514686958,-65903.69692930067,65903.69692930067,7.9999999999999964
2027-02-16,16,2027-02-01,True,ANTIOQUIA,31520866.68,461506.675,201092232.85000002,130709951.35,386.5177,392280.67,69226.0,85.0,15.0,Cubierta (85.0% Contratos / 15.0% Bolsa),1384.520025,535141.4956669424,823294.6087341198,757431.0400353903,-65863.5686987295,65863.5686987295,7.99999999999999
2027-02-16,16,2027-02-01,True,BOGOTA,44322901.38,461506.675,201092232.85000002,130709951.35,386.5177,392280.67,69226.0,85.0,15.0,Cubierta (85.0% Contratos / 15.0% Bolsa),1384.520025,535141.4956669424,823294.6087341198,757431.0400353903,-65863.5686987295,65863.5686987295,7.99999999999999
2027-02-16,16,2027-02-01,True,CARIBE_MAR,35784722.77,461506.675,201092232.85000002,130709951.35,386.5177,392280.67,69226.0,85.0,15.0,Cubierta (85.0% Contratos / 15.0% Bolsa),1384.520025,535141.4956669424,823294.6087341198,757431.0400353903,-65863.5686987295,65863.5686987295,7.99999999999999
2027-02-16,16,2027-02-01,True,CARIBE_SOL,27979496.65,461506.675,201092232.85000002,130709951.35,386.5177,392280.67,69226.0,85.0,15.0,Cubierta (85.0% Contratos / 15.0% Bolsa),1384.520025,535141.4956669424,823294.6087341198,757431.0400353903,-65863.5686987295,65863.5686987295,7.99999999999999
2027-02-16,16,2027-02-01,True,VALLE,22893707.72,461506.675,201092232.85000002,130709951.35,386.5177,392280.67,69226.0,85.0,15.0,Cubierta (85.0% Contratos / 15.0% Bolsa),1384.520025,535141.4956669424,823294.6087341198,757431.0400353903,-65863.5686987295,65863.5686987295,7.99999999999999
2027-02-16,16,2027-02-01,True,SANTANDER,17621848.04,461506.675,201092232.85000002,130709951.35,386.5177,392280.67,69226.0,85.0,15.0,Cubierta (85.0% Contratos / 15.0% Bolsa),1384.520025,535141.4956669424,823294.6087341198,757431.0400353903,-65863.5686987295,65863.5686987295,7.99999999999999
2027-02-16,16,2027-02-01,True,CUNDINAMARCA,11468546.58,461506.675,201092232.85000002,130709951.35,386.5177,392280.67,69226.0,85.0,15.0,Cubierta (85.0% Contratos / 15.0% Bolsa),1384.520025,535141.4956669424,823294.6087341198,757431.0400353903,-65863.5686987295,65863.5686987295,7.99999999999999
2027-02-16,16,2027-02-01,True,TOLIMA,9500143.03,461506.675,201092232.85000002,130709951.35,386.5177,392280.67,69226.0,85.0,15.0,Cubierta (85.0% Contratos / 15.0% Bolsa),1384.520025,535141.4956669424,823294.6087341198,757431.0400353903,-65863.5686987295,65863.5686987295,7.99999999999999
2027-02-17,17,2027-02-01,True,ANTIOQUIA,31862635.67,463685.69625,202041697.95999998,131327103.67,387.1715,394132.84,69552.85,85.0,15.0,Cubierta (85.0% Contratos / 15.0% Bolsa),1391.05708875,538577.6596369706,828581.0148513457,762294.533663238,-66286.48118810763,66286.48118810763,7.999999999999997
2027-02-17,17,2027-02-01,True,BOGOTA,45246359.8,463685.69625,202041697.95999998,131327103.67,387.1715,394132.84,69552.85,85.0,15.0,Cubierta (85.0% Contratos / 15.0% Bolsa),1391.05708875,538577.6596369706,828581.0148513457,762294.533663238,-66286.48118810763,66286.48118810763,7.999999999999997
2027-02-17,17,2027-02-01,True,CARIBE_MAR,35568524.74,463685.69625,202041697.95999998,131327103.67,387.1715,394132.84,69552.85,85.0,15.0,Cubierta (85.0% Contratos / 15.0% Bolsa),1391.05708875,538577.6596369706,828581.0148513457,762294.533663238,-66286.48118810763,66286.48118810763,7.999999999999997
2027-02-17,17,2027-02-01,True,CARIBE_SOL,27884959.54,463685.69625,202041697.95999998,131327103.67,387.1715,394132.84,69552.85,85.0,15.0,Cubierta (85.0% Contratos / 15.0% Bolsa),1391.05708875,538577.6596369706,828581.0148513457,762294.533663238,-66286.48118810763,66286.48118810763,7.999999999999997
2027-02-17,17,2027-02-01,True,VALLE,22670106.13,463685.69625,202041697.95999998,131327103.67,387.1715,394132.84,69552.85,85.0,15.0,Cubierta (85.0% Contratos / 15.0% Bolsa),1391.05708875,538577.6596369706,828581.0148513457,762294.533663238,-66286.48118810763,66286.48118810763,7.999999999999997
2027-02-17,17,2027-02-01,True,SANTANDER,17923318.53,463685.69625,202041697.95999998,131327103.67,387.1715,394132.84,69552.85,85.0,15.0,Cubierta (85.0% Contratos / 15.0% Bolsa),1391.05708875,538577.6596369706,828581.0148513457,762294.533663238,-66286.48118810763,66286.48118810763,7.999999999999997
2027-02-17,17,2027-02-01,True,CUNDINAMARCA,11347194.76,463685.69625,202041697.95999998,131327103.67,387.1715,394132.84,69552.85,85.0,15.0,Cubierta (85.0% Contratos / 15.0% Bolsa),1391.05708875,538577.6596369706,828581.0148513457,762294.533663238,-66286.48118810763,66286.48118810763,7.999999999999997
2027-02-17,17,2027-02-01,True,TOLIMA,9538598.79,463685.69625,202041697.95999998,131327103.67,387.1715,394132.84,69552.85,85.0,15.0,Cubierta (85.0% Contratos / 15.0% Bolsa),1391.05708875,538577.6596369706,828581.0148513457,762294.533663238,-66286.48118810763,66286.48118810763,7.999999999999997
2027-02-18,18,2027-02-01,True,ANTIOQUIA,31343052.59,461143.74125,200934092.15999997,130607159.9,387.8584,391972.18,69171.56,85.0,15.0,Cubierta (85.0% Contratos / 15.0% Bolsa),1383.43122375,536575.4209537171,825500.6476463849,759460.5958346741,-66040.05181171081,66040.05181171081,8.000000000000004
2027-02-18,18,2027-02-01,True,BOGOTA,44650449.47,461143.74125,200934092.15999997,130607159.9,387.8584,391972.18,69171.56,85.0,15.0,Cubierta (85.0% Contratos / 15.0% Bolsa),1383.43122375,536575.4209537171,825500.6476463849,759460.5958346741,-66040.05181171081,66040.05181171081,8.000000000000004
2027-02-18,18,2027-02-01,True,CARIBE_MAR,35570291.79,461143.74125,200934092.15999997,130607159.9,387.8584,391972.18,69171.56,85.0,15.0,Cubierta (85.0% Contratos / 15.0% Bolsa),1383.43122375,536575.4209537171,825500.6476463849,759460.5958346741,-66040.05181171081,66040.05181171081,8.000000000000004
2027-02-18,18,2027-02-01,True,CARIBE_SOL,27777826.48,461143.74125,200934092.15999997,130607159.9,387.8584,391972.18,69171.56,85.0,15.0,Cubierta (85.0% Contratos / 15.0% Bolsa),1383.43122375,536575.4209537171,825500.6476463849,759460.5958346741,-66040.05181171081,66040.05181171081,8.000000000000004
2027-02-18,18,2027-02-01,True,VALLE,22938620.38,461143.74125,200934092.15999997,130607159.9,387.8584,391972.18,69171.56,85.0,15.0,Cubierta (85.0% Contratos / 15.0% Bolsa),1383.43122375,536575.4209537171,825500.6476463849,759460.5958346741,-66040.05181171081,66040.05181171081,8.000000000000004
2027-02-18,18,2027-02-01,True,SANTANDER,17844378.35,461143.74125,200934092.15999997,130607159.9,387.8584,391972.18,69171.56,85.0,15.0,Cubierta (85.0% Contratos / 15.0% Bolsa),1383.43122375,536575.4209537171,825500.6476463849,759460.5958346741,-66040.05181171081,66040.05181171081,8.000000000000004
2027-02-18,18,2027-02-01,True,CUNDINAMARCA,11438218.38,461143.74125,200934092.15999997,130607159.9,387.8584,391972.18,69171.56,85.0,15.0,Cubierta (85.0% Contratos / 15.0% Bolsa),1383.43122375,536575.4209537171,825500.6476463849,759460.5958346741,-66040.05181171081,66040.05181171081,8.000000000000004
2027-02-18,18,2027-02-01,True,TOLIMA,9371254.72,461143.74125,200934092.15999997,130607159.9,387.8584,391972.18,69171.56,85.0,15.0,Cubierta (85.0% Contratos / 15.0% Bolsa),1383.43122375,536575.4209537171,825500.6476463849,759460.5958346741,-66040.05181171081,66040.05181171081,8.000000000000004
2027-02-19,19,2027-02-01,True,ANTIOQUIA,31911452.12,461955.51625,201287806.58,130837074.28,388.5675,392662.19,69293.33,85.0,15.0,Cubierta (85.0% Contratos / 15.0% Bolsa),1385.86654875,538502.7001814157,828465.6925677971,762188.4371623734,-66277.2554054237,66277.2554054237,7.99999999999999
2027-02-19,19,2027-02-01,True,BOGOTA,43870664.54,461955.51625,201287806.58,130837074.28,388.5675,392662.19,69293.33,85.0,15.0,Cubierta (85.0% Contratos / 15.0% Bolsa),1385.86654875,538502.7001814157,828465.6925677971,762188.4371623734,-66277.2554054237,66277.2554054237,7.99999999999999
2027-02-19,19,2027-02-01,True,CARIBE_MAR,35630472.8,461955.51625,201287806.58,130837074.28,388.5675,392662.19,69293.33,85.0,15.0,Cubierta (85.0% Contratos / 15.0% Bolsa),1385.86654875,538502.7001814157,828465.6925677971,762188.4371623734,-66277.2554054237,66277.2554054237,7.99999999999999
2027-02-19,19,2027-02-01,True,CARIBE_SOL,28103560.26,461955.51625,201287806.58,130837074.28,388.5675,392662.19,69293.33,85.0,15.0,Cubierta (85.0% Contratos / 15.0% Bolsa),1385.86654875,538502.7001814157,828465.6925677971,762188.4371623734,-66277.2554054237,66277.2554054237,7.99999999999999
2027-02-19,19,2027-02-01,True,VALLE,22965218.44,461955.51625,201287806.58,130837074.28,388.5675,392662.19,69293.33,85.0,15.0,Cubierta (85.0% Contratos / 15.0% Bolsa),1385.86654875,538502.7001814157,828465.6925677971,762188.4371623734,-66277.2554054237,66277.2554054237,7.99999999999999
2027-02-19,19,2027-02-01,True,SANTANDER,17810983.97,461955.51625,201287806.58,130837074.28,388.5675,392662.19,69293.33,85.0,15.0,Cubierta (85.0% Contratos / 15.0% Bolsa),1385.86654875,538502.7001814157,828465.6925677971,762188.4371623734,-66277.2554054237,66277.2554054237,7.99999999999999
2027-02-19,19,2027-02-01,True,CUNDINAMARCA,11362323.21,461955.51625,201287806.58,130837074.28,388.5675,392662.19,69293.33,85.0,15.0,Cubierta (85.0% Contratos / 15.0% Bolsa),1385.86654875,538502.7001814157,828465.6925677971,762188.4371623734,-66277.2554054237,66277.2554054237,7.99999999999999
2027-02-19,19,2027-02-01,True,TOLIMA,9633131.24,461955.51625,201287806.58,130837074.28,388.5675,392662.19,69293.33,85.0,15.0,Cubierta (85.0% Contratos / 15.0% Bolsa),1385.86654875,538502.7001814157,828465.6925677971,762188.4371623734,-66277.2554054237,66277.2554054237,7.99999999999999
2027-02-20,20,2027-02-01,True,ANTIOQUIA,26811668.86,328772.5125,169908275.35999998,110440378.98,389.2874,279456.64,49315.88,85.0,15.0,Cubierta (85.0% Contratos / 15.0% Bolsa),986.3175375000001,383960.9897477775,590709.2150179754,543452.4778165374,-47256.73720143805,47256.73720143805,8.000000000000004
2027-02-20,20,2027-02-01,True,BOGOTA,37590199.67,328772.5125,169908275.35999998,110440378.98,389.2874,279456.64,49315.88,85.0,15.0,Cubierta (85.0% Contratos / 15.0% Bolsa),986.3175375000001,383960.9897477775,590709.2150179754,543452.4778165374,-47256.73720143805,47256.73720143805,8.000000000000004
2027-02-20,20,2027-02-01,True,CARIBE_MAR,29823146.11,328772.5125,169908275.35999998,110440378.98,389.2874,279456.64,49315.88,85.0,15.0,Cubierta (85.0% Contratos / 15.0% Bolsa),986.3175375000001,383960.9897477775,590709.2150179754,543452.4778165374,-47256.73720143805,47256.73720143805,8.000000000000004
2027-02-20,20,2027-02-01,True,CARIBE_SOL,23761737.14,328772.5125,169908275.35999998,110440378.98,389.2874,279456.64,49315.88,85.0,15.0,Cubierta (85.0% Contratos / 15.0% Bolsa),986.3175375000001,383960.9897477775,590709.2150179754,543452.4778165374,-47256.73720143805,47256.73720143805,8.000000000000004
2027-02-20,20,2027-02-01,True,VALLE,19342594.25,328772.5125,169908275.35999998,110440378.98,389.2874,279456.64,49315.88,85.0,15.0,Cubierta (85.0% Contratos / 15.0% Bolsa),986.3175375000001,383960.9897477775,590709.2150179754,543452.4778165374,-47256.73720143805,47256.73720143805,8.000000000000004
2027-02-20,20,2027-02-01,True,SANTANDER,14886316.01,328772.5125,169908275.35999998,110440378.98,389.2874,279456.64,49315.88,85.0,15.0,Cubierta (85.0% Contratos / 15.0% Bolsa),986.3175375000001,383960.9897477775,590709.2150179754,543452.4778165374,-47256.73720143805,47256.73720143805,8.000000000000004
2027-02-20,20,2027-02-01,True,CUNDINAMARCA,9669531.63,328772.5125,169908275.35999998,110440378.98,389.2874,279456.64,49315.88,85.0,15.0,Cubierta (85.0% Contratos / 15.0% Bolsa),986.3175375000001,383960.9897477775,590709.2150179754,543452.4778165374,-47256.73720143805,47256.73720143805,8.000000000000004
2027-02-20,20,2027-02-01,True,TOLIMA,8023081.69,328772.5125,169908275.35999998,110440378.98,389.2874,279456.64,49315.88,85.0,15.0,Cubierta (85.0% Contratos / 15.0% Bolsa),986.3175375000001,383960.9897477775,590709.2150179754,543452.4778165374,-47256.73720143805,47256.73720143805,8.000000000000004
2027-02-21,21,2027-02-01,True,ANTIOQUIA,26671981.17,330323.5875,170709864.39999998,110961411.86,390.0064,280775.05,49548.54,85.0,15.0,Cubierta (85.0% Contratos / 15.0% Bolsa),990.9707625000001,386484.93958788004,594592.2147505846,547024.8375705378,-47567.37718004675,47567.37718004675,7.999999999999997
2027-02-21,21,2027-02-01,True,BOGOTA,37808631.4,330323.5875,170709864.39999998,110961411.86,390.0064,280775.05,49548.54,85.0,15.0,Cubierta (85.0% Contratos / 15.0% Bolsa),990.9707625000001,386484.93958788004,594592.2147505846,547024.8375705378,-47567.37718004675,47567.37718004675,7.999999999999997
2027-02-21,21,2027-02-01,True,CARIBE_MAR,29991745.66,330323.5875,170709864.39999998,110961411.86,390.0064,280775.05,49548.54,85.0,15.0,Cubierta (85.0% Contratos / 15.0% Bolsa),990.9707625000001,386484.93958788004,594592.2147505846,547024.8375705378,-47567.37718004675,47567.37718004675,7.999999999999997
2027-02-21,21,2027-02-01,True,CARIBE_SOL,23851468.41,330323.5875,170709864.39999998,110961411.86,390.0064,280775.05,49548.54,85.0,15.0,Cubierta (85.0% Contratos / 15.0% Bolsa),990.9707625000001,386484.93958788004,594592.2147505846,547024.8375705378,-47567.37718004675,47567.37718004675,7.999999999999997
2027-02-21,21,2027-02-01,True,VALLE,19728223.75,330323.5875,170709864.39999998,110961411.86,390.0064,280775.05,49548.54,85.0,15.0,Cubierta (85.0% Contratos / 15.0% Bolsa),990.9707625000001,386484.93958788004,594592.2147505846,547024.8375705378,-47567.37718004675,47567.37718004675,7.999999999999997
2027-02-21,21,2027-02-01,True,SANTANDER,15049873.38,330323.5875,170709864.39999998,110961411.86,390.0064,280775.05,49548.54,85.0,15.0,Cubierta (85.0% Contratos / 15.0% Bolsa),990.9707625000001,386484.93958788004,594592.2147505846,547024.8375705378,-47567.37718004675,47567.37718004675,7.999999999999997
2027-02-21,21,2027-02-01,True,CUNDINAMARCA,9638716.21,330323.5875,170709864.39999998,110961411.86,390.0064,280775.05,49548.54,85.0,15.0,Cubierta (85.0% Contratos / 15.0% Bolsa),990.9707625000001,386484.93958788004,594592.2147505846,547024.8375705378,-47567.37718004675,47567.37718004675,7.999999999999997
2027-02-21,21,2027-02-01,True,TOLIMA,7969224.42,330323.5875,170709864.39999998,110961411.86,390.0064,280775.05,49548.54,85.0,15.0,Cubierta (85.0% Contratos / 15.0% Bolsa),990.9707625000001,386484.93958788004,594592.2147505846,547024.8375705378,-47567.37718004675,47567.37718004675,7.999999999999997
2027-02-22,22,2027-02-01,True,ANTIOQUIA,31934392.08,462336.7325,201453914.20999995,130945044.24,390.713,392986.22,69350.51,85.0,15.0,Cubierta (85.0% Contratos / 15.0% Bolsa),1387.0101975,541922.9152958175,833727.5619712807,767029.3570135783,-66698.20495770243,66698.20495770243,7.9999999999999964
2027-02-22,22,2027-02-01,True,BOGOTA,44224654.71,462336.7325,201453914.20999995,130945044.24,390.713,392986.22,69350.51,85.0,15.0,Cubierta (85.0% Contratos / 15.0% Bolsa),1387.0101975,541922.9152958175,833727.5619712807,767029.3570135783,-66698.20495770243,66698.20495770243,7.9999999999999964
2027-02-22,22,2027-02-01,True,CARIBE_MAR,35601331.61,462336.7325,201453914.20999995,130945044.24,390.713,392986.22,69350.51,85.0,15.0,Cubierta (85.0% Contratos / 15.0% Bolsa),1387.0101975,541922.9152958175,833727.5619712807,767029.3570135783,-66698.20495770243,66698.20495770243,7.9999999999999964
2027-02-22,22,2027-02-01,True,CARIBE_SOL,27737411.87,462336.7325,201453914.20999995,130945044.24,390.713,392986.22,69350.51,85.0,15.0,Cubierta (85.0% Contratos / 15.0% Bolsa),1387.0101975,541922.9152958175,833727.5619712807,767029.3570135783,-66698.20495770243,66698.20495770243,7.9999999999999964
2027-02-22,22,2027-02-01,True,VALLE,22991656.38,462336.7325,201453914.20999995,130945044.24,390.713,392986.22,69350.51,85.0,15.0,Cubierta (85.0% Contratos / 15.0% Bolsa),1387.0101975,541922.9152958175,833727.5619712807,767029.3570135783,-66698.20495770243,66698.20495770243,7.9999999999999964
2027-02-22,22,2027-02-01,True,SANTANDER,17701238.2,462336.7325,201453914.20999995,130945044.24,390.713,392986.22,69350.51,85.0,15.0,Cubierta (85.0% Contratos / 15.0% Bolsa),1387.0101975,541922.9152958175,833727.5619712807,767029.3570135783,-66698.20495770243,66698.20495770243,7.9999999999999964
2027-02-22,22,2027-02-01,True,CUNDINAMARCA,11595295.51,462336.7325,201453914.20999995,130945044.24,390.713,392986.22,69350.51,85.0,15.0,Cubierta (85.0% Contratos / 15.0% Bolsa),1387.0101975,541922.9152958175,833727.5619712807,767029.3570135783,-66698.20495770243,66698.20495770243,7.9999999999999964
2027-02-22,22,2027-02-01,True,TOLIMA,9667933.85,462336.7325,201453914.20999995,130945044.24,390.713,392986.22,69350.51,85.0,15.0,Cubierta (85.0% Contratos / 15.0% Bolsa),1387.0101975,541922.9152958175,833727.5619712807,767029.3570135783,-66698.20495770243,66698.20495770243,7.9999999999999964
2027-02-23,23,2027-02-01,True,ANTIOQUIA,31957037.55,464416.91125,202360310.14000002,131534201.59,391.3959,394754.37,69662.54,85.0,15.0,Cubierta (85.0% Contratos / 15.0% Bolsa),1393.25073375,545312.6248617417,838942.499793673,771827.0998101792,-67115.39998349384,67115.39998349384,8.0
2027-02-23,23,2027-02-01,True,BOGOTA,45414624.88,464416.91125,202360310.14000002,131534201.59,391.3959,394754.37,69662.54,85.0,15.0,Cubierta (85.0% Contratos / 15.0% Bolsa),1393.25073375,545312.6248617417,838942.499793673,771827.0998101792,-67115.39998349384,67115.39998349384,8.0
2027-02-23,23,2027-02-01,True,CARIBE_MAR,35449073.57,464416.91125,202360310.14000002,131534201.59,391.3959,394754.37,69662.54,85.0,15.0,Cubierta (85.0% Contratos / 15.0% Bolsa),1393.25073375,545312.6248617417,838942.499793673,771827.0998101792,-67115.39998349384,67115.39998349384,8.0
2027-02-23,23,2027-02-01,True,CARIBE_SOL,28014317.42,464416.91125,202360310.14000002,131534201.59,391.3959,394754.37,69662.54,85.0,15.0,Cubierta (85.0% Contratos / 15.0% Bolsa),1393.25073375,545312.6248617417,838942.499793673,771827.0998101792,-67115.39998349384,67115.39998349384,8.0
2027-02-23,23,2027-02-01,True,VALLE,22601837.44,464416.91125,202360310.14000002,131534201.59,391.3959,394754.37,69662.54,85.0,15.0,Cubierta (85.0% Contratos / 15.0% Bolsa),1393.25073375,545312.6248617417,838942.499793673,771827.0998101792,-67115.39998349384,67115.39998349384,8.0
2027-02-23,23,2027-02-01,True,SANTANDER,17728559.86,464416.91125,202360310.14000002,131534201.59,391.3959,394754.37,69662.54,85.0,15.0,Cubierta (85.0% Contratos / 15.0% Bolsa),1393.25073375,545312.6248617417,838942.499793673,771827.0998101792,-67115.39998349384,67115.39998349384,8.0
2027-02-23,23,2027-02-01,True,CUNDINAMARCA,11611340.32,464416.91125,202360310.14000002,131534201.59,391.3959,394754.37,69662.54,85.0,15.0,Cubierta (85.0% Contratos / 15.0% Bolsa),1393.25073375,545312.6248617417,838942.499793673,771827.0998101792,-67115.39998349384,67115.39998349384,8.0
2027-02-23,23,2027-02-01,True,TOLIMA,9583519.1,464416.91125,202360310.14000002,131534201.59,391.3959,394754.37,69662.54,85.0,15.0,Cubierta (85.0% Contratos / 15.0% Bolsa),1393.25073375,545312.6248617417,838942.499793673,771827.0998101792,-67115.39998349384,67115.39998349384,8.0
2027-02-24,24,2027-02-01,True,ANTIOQUIA,31905100.66,460661.67875,200724042.95,130470627.92,392.0442,391562.43,69099.25,85.0,15.0,Cubierta (85.0% Contratos / 15.0% Bolsa),1381.9850362500001,541799.2179486023,833537.2583664933,766854.2776971739,-66682.9806693194,66682.9806693194,7.999999999999992
2027-02-24,24,2027-02-01,True,BOGOTA,44024980.68,460661.67875,200724042.95,130470627.92,392.0442,391562.43,69099.25,85.0,15.0,Cubierta (85.0% Contratos / 15.0% Bolsa),1381.9850362500001,541799.2179486023,833537.2583664933,766854.2776971739,-66682.9806693194,66682.9806693194,7.999999999999992
2027-02-24,24,2027-02-01,True,CARIBE_MAR,35145884.1,460661.67875,200724042.95,130470627.92,392.0442,391562.43,69099.25,85.0,15.0,Cubierta (85.0% Contratos / 15.0% Bolsa),1381.9850362500001,541799.2179486023,833537.2583664933,766854.2776971739,-66682.9806693194,66682.9806693194,7.999999999999992
2027-02-24,24,2027-02-01,True,CARIBE_SOL,27867314.08,460661.67875,200724042.95,130470627.92,392.0442,391562.43,69099.25,85.0,15.0,Cubierta (85.0% Contratos / 15.0% Bolsa),1381.9850362500001,541799.2179486023,833537.2583664933,766854.2776971739,-66682.9806693194,66682.9806693194,7.999999999999992
2027-02-24,24,2027-02-01,True,VALLE,22936959.45,460661.67875,200724042.95,130470627.92,392.0442,391562.43,69099.25,85.0,15.0,Cubierta (85.0% Contratos / 15.0% Bolsa),1381.9850362500001,541799.2179486023,833537.2583664933,766854.2776971739,-66682.9806693194,66682.9806693194,7.999999999999992
2027-02-24,24,2027-02-01,True,SANTANDER,17809196.21,460661.67875,200724042.95,130470627.92,392.0442,391562.43,69099.25,85.0,15.0,Cubierta (85.0% Contratos / 15.0% Bolsa),1381.9850362500001,541799.2179486023,833537.2583664933,766854.2776971739,-66682.9806693194,66682.9806693194,7.999999999999992
2027-02-24,24,2027-02-01,True,CUNDINAMARCA,11538363.88,460661.67875,200724042.95,130470627.92,392.0442,391562.43,69099.25,85.0,15.0,Cubierta (85.0% Contratos / 15.0% Bolsa),1381.9850362500001,541799.2179486023,833537.2583664933,766854.2776971739,-66682.9806693194,66682.9806693194,7.999999999999992
2027-02-24,24,2027-02-01,True,TOLIMA,9496243.89,460661.67875,200724042.95,130470627.92,392.0442,391562.43,69099.25,85.0,15.0,Cubierta (85.0% Contratos / 15.0% Bolsa),1381.9850362500001,541799.2179486023,833537.2583664933,766854.2776971739,-66682.9806693194,66682.9806693194,7.999999999999992
2027-02-25,25,2027-02-01,True,ANTIOQUIA,31762392.26,463978.03125,202169076.87,131409899.97,392.6476,394381.33,69596.7,85.0,15.0,Cubierta (85.0% Contratos / 15.0% Bolsa),1391.93409375,546539.5812691125,840830.1250006104,773563.7150005616,-67266.41000004881,67266.41000004881,7.999999999999997
2027-02-25,25,2027-02-01,True,BOGOTA,44710309.08,463978.03125,202169076.87,131409899.97,392.6476,394381.33,69596.7,85.0,15.0,Cubierta (85.0% Contratos / 15.0% Bolsa),1391.93409375,546539.5812691125,840830.1250006104,773563.7150005616,-67266.41000004881,67266.41000004881,7.999999999999997
2027-02-25,25,2027-02-01,True,CARIBE_MAR,35447383.73,463978.03125,202169076.87,131409899.97,392.6476,394381.33,69596.7,85.0,15.0,Cubierta (85.0% Contratos / 15.0% Bolsa),1391.93409375,546539.5812691125,840830.1250006104,773563.7150005616,-67266.41000004881,67266.41000004881,7.999999999999997
2027-02-25,25,2027-02-01,True,CARIBE_SOL,28166019.28,463978.03125,202169076.87,131409899.97,392.6476,394381.33,69596.7,85.0,15.0,Cubierta (85.0% Contratos / 15.0% Bolsa),1391.93409375,546539.5812691125,840830.1250006104,773563.7150005616,-67266.41000004881,67266.41000004881,7.999999999999997
2027-02-25,25,2027-02-01,True,VALLE,22929356.72,463978.03125,202169076.87,131409899.97,392.6476,394381.33,69596.7,85.0,15.0,Cubierta (85.0% Contratos / 15.0% Bolsa),1391.93409375,546539.5812691125,840830.1250006104,773563.7150005616,-67266.41000004881,67266.41000004881,7.999999999999997
2027-02-25,25,2027-02-01,True,SANTANDER,18101210.0,463978.03125,202169076.87,131409899.97,392.6476,394381.33,69596.7,85.0,15.0,Cubierta (85.0% Contratos / 15.0% Bolsa),1391.93409375,546539.5812691125,840830.1250006104,773563.7150005616,-67266.41000004881,67266.41000004881,7.999999999999997
2027-02-25,25,2027-02-01,True,CUNDINAMARCA,11460725.36,463978.03125,202169076.87,131409899.97,392.6476,394381.33,69596.7,85.0,15.0,Cubierta (85.0% Contratos / 15.0% Bolsa),1391.93409375,546539.5812691125,840830.1250006104,773563.7150005616,-67266.41000004881,67266.41000004881,7.999999999999997
2027-02-25,25,2027-02-01,True,TOLIMA,9591680.44,463978.03125,202169076.87,131409899.97,392.6476,394381.33,69596.7,85.0,15.0,Cubierta (85.0% Contratos / 15.0% Bolsa),1391.93409375,546539.5812691125,840830.1250006104,773563.7150005616,-67266.41000004881,67266.41000004881,7.999999999999997
2027-02-26,26,2027-02-01,True,ANTIOQUIA,32428264.89,463944.91375,202154646.77,131400520.4,393.1971,394353.18,69591.74,85.0,15.0,Cubierta (85.0% Contratos / 15.0% Bolsa),1391.83474125,547265.3839387504,841946.7445243582,774591.0049624096,-67355.73956194858,67355.73956194858,7.99999999999999
2027-02-26,26,2027-02-01,True,BOGOTA,44370765.75,463944.91375,202154646.77,131400520.4,393.1971,394353.18,69591.74,85.0,15.0,Cubierta (85.0% Contratos / 15.0% Bolsa),1391.83474125,547265.3839387504,841946.7445243582,774591.0049624096,-67355.73956194858,67355.73956194858,7.99999999999999
2027-02-26,26,2027-02-01,True,CARIBE_MAR,35746682.22,463944.91375,202154646.77,131400520.4,393.1971,394353.18,69591.74,85.0,15.0,Cubierta (85.0% Contratos / 15.0% Bolsa),1391.83474125,547265.3839387504,841946.7445243582,774591.0049624096,-67355.73956194858,67355.73956194858,7.99999999999999
2027-02-26,26,2027-02-01,True,CARIBE_SOL,27680783.44,463944.91375,202154646.77,131400520.4,393.1971,394353.18,69591.74,85.0,15.0,Cubierta (85.0% Contratos / 15.0% Bolsa),1391.83474125,547265.3839387504,841946.7445243582,774591.0049624096,-67355.73956194858,67355.73956194858,7.99999999999999
2027-02-26,26,2027-02-01,True,VALLE,22667085.27,463944.91375,202154646.77,131400520.4,393.1971,394353.18,69591.74,85.0,15.0,Cubierta (85.0% Contratos / 15.0% Bolsa),1391.83474125,547265.3839387504,841946.7445243582,774591.0049624096,-67355.73956194858,67355.73956194858,7.99999999999999
2027-02-26,26,2027-02-01,True,SANTANDER,18084459.6,463944.91375,202154646.77,131400520.4,393.1971,394353.18,69591.74,85.0,15.0,Cubierta (85.0% Contratos / 15.0% Bolsa),1391.83474125,547265.3839387504,841946.7445243582,774591.0049624096,-67355.73956194858,67355.73956194858,7.99999999999999
2027-02-26,26,2027-02-01,True,CUNDINAMARCA,11570522.79,463944.91375,202154646.77,131400520.4,393.1971,394353.18,69591.74,85.0,15.0,Cubierta (85.0% Contratos / 15.0% Bolsa),1391.83474125,547265.3839387504,841946.7445243582,774591.0049624096,-67355.73956194858,67355.73956194858,7.99999999999999
2027-02-26,26,2027-02-01,True,TOLIMA,9606082.81,463944.91375,202154646.77,131400520.4,393.1971,394353.18,69591.74,85.0,15.0,Cubierta (85.0% Contratos / 15.0% Bolsa),1391.83474125,547265.3839387504,841946.7445243582,774591.0049624096,-67355.73956194858,67355.73956194858,7.99999999999999
2027-02-27,27,2027-02-01,True,ANTIOQUIA,26416984.32,327360.73375,169178673.54999998,109966137.81,393.6845,278256.62,49104.11,85.0,15.0,Cubierta (85.0% Contratos / 15.0% Bolsa),982.08220125,386630.5403580057,594816.2159218707,547230.9186481211,-47585.2972737496,47585.2972737496,7.999999999999992
2027-02-27,27,2027-02-01,True,BOGOTA,37750183.13,327360.73375,169178673.54999998,109966137.81,393.6845,278256.62,49104.11,85.0,15.0,Cubierta (85.0% Contratos / 15.0% Bolsa),982.08220125,386630.5403580057,594816.2159218707,547230.9186481211,-47585.2972737496,47585.2972737496,7.999999999999992
2027-02-27,27,2027-02-01,True,CARIBE_MAR,29904550.49,327360.73375,169178673.54999998,109966137.81,393.6845,278256.62,49104.11,85.0,15.0,Cubierta (85.0% Contratos / 15.0% Bolsa),982.08220125,386630.5403580057,594816.2159218707,547230.9186481211,-47585.2972737496,47585.2972737496,7.999999999999992
2027-02-27,27,2027-02-01,True,CARIBE_SOL,23222409.86,327360.73375,169178673.54999998,109966137.81,393.6845,278256.62,49104.11,85.0,15.0,Cubierta (85.0% Contratos / 15.0% Bolsa),982.08220125,386630.5403580057,594816.2159218707,547230.9186481211,-47585.2972737496,47585.2972737496,7.999999999999992
2027-02-27,27,2027-02-01,True,VALLE,18964897.45,327360.73375,169178673.54999998,109966137.81,393.6845,278256.62,49104.11,85.0,15.0,Cubierta (85.0% Contratos / 15.0% Bolsa),982.08220125,386630.5403580057,594816.2159218707,547230.9186481211,-47585.2972737496,47585.2972737496,7.999999999999992
2027-02-27,27,2027-02-01,True,SANTANDER,15154902.95,327360.73375,169178673.54999998,109966137.81,393.6845,278256.62,49104.11,85.0,15.0,Cubierta (85.0% Contratos / 15.0% Bolsa),982.08220125,386630.5403580057,594816.2159218707,547230.9186481211,-47585.2972737496,47585.2972737496,7.999999999999992
2027-02-27,27,2027-02-01,True,CUNDINAMARCA,9709803.94,327360.73375,169178673.54999998,109966137.81,393.6845,278256.62,49104.11,85.0,15.0,Cubierta (85.0% Contratos / 15.0% Bolsa),982.08220125,386630.5403580057,594816.2159218707,547230.9186481211,-47585.2972737496,47585.2972737496,7.999999999999992
2027-02-27,27,2027-02-01,True,TOLIMA,8054941.41,327360.73375,169178673.54999998,109966137.81,393.6845,278256.62,49104.11,85.0,15.0,Cubierta (85.0% Contratos / 15.0% Bolsa),982.08220125,386630.5403580057,594816.2159218707,547230.9186481211,-47585.2972737496,47585.2972737496,7.999999999999992
2027-02-28,28,2027-02-01,True,ANTIOQUIA,26924251.64,329318.57375,170190477.71,110623810.51,394.1028,279920.79,49397.79,85.0,15.0,Cubierta (85.0% Contratos / 15.0% Bolsa),987.95572125,389356.1160206445,599009.4092706522,551088.656529,-47920.75274165219,47920.75274165219,8.000000000000004
2027-02-28,28,2027-02-01,True,BOGOTA,37313014.03,329318.57375,170190477.71,110623810.51,394.1028,279920.79,49397.79,85.0,15.0,Cubierta (85.0% Contratos / 15.0% Bolsa),987.95572125,389356.1160206445,599009.4092706522,551088.656529,-47920.75274165219,47920.75274165219,8.000000000000004
2027-02-28,28,2027-02-01,True,CARIBE_MAR,30124172.12,329318.57375,170190477.71,110623810.51,394.1028,279920.79,49397.79,85.0,15.0,Cubierta (85.0% Contratos / 15.0% Bolsa),987.95572125,389356.1160206445,599009.4092706522,551088.656529,-47920.75274165219,47920.75274165219,8.000000000000004
2027-02-28,28,2027-02-01,True,CARIBE_SOL,23659506.83,329318.57375,170190477.71,110623810.51,394.1028,279920.79,49397.79,85.0,15.0,Cubierta (85.0% Contratos / 15.0% Bolsa),987.95572125,389356.1160206445,599009.4092706522,551088.656529,-47920.75274165219,47920.75274165219,8.000000000000004
2027-02-28,28,2027-02-01,True,VALLE,19405938.0,329318.57375,170190477.71,110623810.51,394.1028,279920.79,49397.79,85.0,15.0,Cubierta (85.0% Contratos / 15.0% Bolsa),987.95572125,389356.1160206445,599009.4092706522,551088.656529,-47920.75274165219,47920.75274165219,8.000000000000004
2027-02-28,28,2027-02-01,True,SANTANDER,15108562.22,329318.57375,170190477.71,110623810.51,394.1028,279920.79,49397.79,85.0,15.0,Cubierta (85.0% Contratos / 15.0% Bolsa),987.95572125,389356.1160206445,599009.4092706522,551088.656529,-47920.75274165219,47920.75274165219,8.000000000000004
2027-02-28,28,2027-02-01,True,CUNDINAMARCA,9660579.01,329318.57375,170190477.71,110623810.51,394.1028,279920.79,49397.79,85.0,15.0,Cubierta (85.0% Contratos / 15.0% Bolsa),987.95572125,389356.1160206445,599009.4092706522,551088.656529,-47920.75274165219,47920.75274165219,8.000000000000004
2027-02-28,28,2027-02-01,True,TOLIMA,7994453.86,329318.57375,170190477.71,110623810.51,394.1028,279920.79,49397.79,85.0,15.0,Cubierta (85.0% Contratos / 15.0% Bolsa),987.95572125,389356.1160206445,599009.4092706522,551088.656529,-47920.75274165219,47920.75274165219,8.000000000000004
