Período (Mes),Tipo de Registro,Código Agente,Rol PUI,Código Mercado,Mercado Comercialización,Demanda Agente (VR - DemaComeReg) [kWh],Cobertura Energía en Contratos [kWh],Exposición Energía en Bolsa Spot [kWh],Porcentaje Cobertura Contratos [%],Porcentaje Exposición Bolsa Spot [%],Estado Cobertura Demanda,Costo Unitario Prestación (CU - PrecPromCont) [COP/kWh],Demanda Mercado Actual (VR) [kWh],Demanda Mercado Rezago m-1 (VR m-1) [kWh],Volumen Áreas Especiales m-1 (VPUI m-1) [kWh],Costo Unitario Rezago m-1 (CU m-1) [COP/kWh],Demanda Mercado Rezago m-2 (VR m-2) [kWh],Volumen Áreas Especiales Actual (VPUI) [kWh],Cargo Transitorio Unitario (CRPUI) [COP/kWh],Cargo Competitivo Fijo (CFPUI) [COP/kWh],Valor Total PUI Mercado [COP],Giro Obligatorio Total Mercado [COP],Recaudo Real Estimado Mercado [COP],Participación Agente CNIOR [%],Asignación Energía PUI Agente [kWh],Valor Asignación PUI Agente [COP],Egreso Giro Obligatorio al CIOR [COP],Recaudo Real Efectivo Agente [COP],Flujo Neto de Caja PUI [COP],Sobrecosto por Incobrabilidad [COP],Pérdida por Incobrabilidad [%]
2024-01-01,HISTORICO,LESC,CNIOR,ANTIOQUIA,EPM - ANTIOQUIA,2704687.5,2298984.38,405703.13,85.0,15.0,Cubierta (85.0% Contratos / 15.0% Bolsa),280.0,25000000.0,25000000.0,2500000.0,277.5,25000000.0,2500000.0,0.0,0.0,0.0,0.0,0.0,2.2192,0.0,0.0,0.0,0.0,0.0,0.0,0.0
2024-01-01,HISTORICO,LESC,CNIOR,BOGOTA,ENEL - BOGOTA CUNDINAMARCA,2704687.5,2298984.38,405703.13,85.0,15.0,Cubierta (85.0% Contratos / 15.0% Bolsa),280.0,35000000.0,35000000.0,3500000.0,277.5,35000000.0,3500000.0,0.0,0.0,0.0,0.0,0.0,2.2192,0.0,0.0,0.0,0.0,0.0,0.0,0.0
2024-01-01,HISTORICO,LESC,CNIOR,CARIBE_MAR,AFINIA - CARIBE MAR,2704687.5,2298984.38,405703.13,85.0,15.0,Cubierta (85.0% Contratos / 15.0% Bolsa),280.0,28000000.0,28000000.0,2800000.0,277.5,28000000.0,2800000.0,0.0,0.0,0.0,0.0,0.0,2.2192,0.0,0.0,0.0,0.0,0.0,0.0,0.0
2024-01-01,HISTORICO,LESC,CNIOR,CARIBE_SOL,AIR-E - CARIBE SOL,2704687.5,2298984.38,405703.13,85.0,15.0,Cubierta (85.0% Contratos / 15.0% Bolsa),280.0,22000000.0,22000000.0,2200000.0,277.5,22000000.0,2200000.0,0.0,0.0,0.0,0.0,0.0,2.2192,0.0,0.0,0.0,0.0,0.0,0.0,0.0
2024-01-01,HISTORICO,LESC,CNIOR,CUNDINAMARCA,EEC - CUNDINAMARCA,2704687.5,2298984.38,405703.13,85.0,15.0,Cubierta (85.0% Contratos / 15.0% Bolsa),280.0,9000000.0,9000000.0,900000.0,277.5,9000000.0,900000.0,0.0,0.0,0.0,0.0,0.0,2.2192,0.0,0.0,0.0,0.0,0.0,0.0,0.0
2024-01-01,HISTORICO,LESC,CNIOR,SANTANDER,ESSA - SANTANDER,2704687.5,2298984.38,405703.13,85.0,15.0,Cubierta (85.0% Contratos / 15.0% Bolsa),280.0,14000000.0,14000000.0,1400000.0,277.5,14000000.0,1400000.0,0.0,0.0,0.0,0.0,0.0,2.2192,0.0,0.0,0.0,0.0,0.0,0.0,0.0
2024-01-01,HISTORICO,LESC,CNIOR,TOLIMA,ELET - TOLIMA,2704687.5,2298984.38,405703.13,85.0,15.0,Cubierta (85.0% Contratos / 15.0% Bolsa),280.0,7500000.0,7500000.0,750000.0,277.5,7500000.0,750000.0,0.0,0.0,0.0,0.0,0.0,2.2192,0.0,0.0,0.0,0.0,0.0,0.0,0.0
2024-01-01,HISTORICO,LESC,CNIOR,VALLE,CVC - VALLE DEL CAUCA,2704687.5,2298984.38,405703.13,85.0,15.0,Cubierta (85.0% Contratos / 15.0% Bolsa),280.0,18000000.0,18000000.0,1800000.0,277.5,18000000.0,1800000.0,0.0,0.0,0.0,0.0,0.0,2.2192,0.0,0.0,0.0,0.0,0.0,0.0,0.0
2024-02-01,HISTORICO,LESC,CNIOR,ANTIOQUIA,EPM - ANTIOQUIA,2722718.75,2314310.94,408407.81,85.0,15.0,Cubierta (85.0% Contratos / 15.0% Bolsa),295.1221,25250000.0,25000000.0,2500000.0,280.0,25000000.0,2525000.0,0.0,0.0,0.0,0.0,0.0,2.2192,0.0,0.0,0.0,0.0,0.0,0.0,0.0
2024-02-01,HISTORICO,LESC,CNIOR,BOGOTA,ENEL - BOGOTA CUNDINAMARCA,2722718.75,2314310.94,408407.81,85.0,15.0,Cubierta (85.0% Contratos / 15.0% Bolsa),295.1221,35350000.0,35000000.0,3500000.0,280.0,35000000.0,3535000.0,0.0,0.0,0.0,0.0,0.0,2.2192,0.0,0.0,0.0,0.0,0.0,0.0,0.0
2024-02-01,HISTORICO,LESC,CNIOR,CARIBE_MAR,AFINIA - CARIBE MAR,2722718.75,2314310.94,408407.81,85.0,15.0,Cubierta (85.0% Contratos / 15.0% Bolsa),295.1221,28280000.0,28000000.0,2800000.0,280.0,28000000.0,2828000.0,0.0,0.0,0.0,0.0,0.0,2.2192,0.0,0.0,0.0,0.0,0.0,0.0,0.0
2024-02-01,HISTORICO,LESC,CNIOR,CARIBE_SOL,AIR-E - CARIBE SOL,2722718.75,2314310.94,408407.81,85.0,15.0,Cubierta (85.0% Contratos / 15.0% Bolsa),295.1221,22220000.0,22000000.0,2200000.0,280.0,22000000.0,2222000.0,0.0,0.0,0.0,0.0,0.0,2.2192,0.0,0.0,0.0,0.0,0.0,0.0,0.0
2024-02-01,HISTORICO,LESC,CNIOR,CUNDINAMARCA,EEC - CUNDINAMARCA,2722718.75,2314310.94,408407.81,85.0,15.0,Cubierta (85.0% Contratos / 15.0% Bolsa),295.1221,9090000.0,9000000.0,900000.0,280.0,9000000.0,909000.0,0.0,0.0,0.0,0.0,0.0,2.2192,0.0,0.0,0.0,0.0,0.0,0.0,0.0
2024-02-01,HISTORICO,LESC,CNIOR,SANTANDER,ESSA - SANTANDER,2722718.75,2314310.94,408407.81,85.0,15.0,Cubierta (85.0% Contratos / 15.0% Bolsa),295.1221,14140000.0,14000000.0,1400000.0,280.0,14000000.0,1414000.0,0.0,0.0,0.0,0.0,0.0,2.2192,0.0,0.0,0.0,0.0,0.0,0.0,0.0
2024-02-01,HISTORICO,LESC,CNIOR,TOLIMA,ELET - TOLIMA,2722718.75,2314310.94,408407.81,85.0,15.0,Cubierta (85.0% Contratos / 15.0% Bolsa),295.1221,7575000.0,7500000.0,750000.0,280.0,7500000.0,757500.0,0.0,0.0,0.0,0.0,0.0,2.2192,0.0,0.0,0.0,0.0,0.0,0.0,0.0
2024-02-01,HISTORICO,LESC,CNIOR,VALLE,CVC - VALLE DEL CAUCA,2722718.75,2314310.94,408407.81,85.0,15.0,Cubierta (85.0% Contratos / 15.0% Bolsa),295.1221,18180000.0,18000000.0,1800000.0,280.0,18000000.0,1818000.0,0.0,0.0,0.0,0.0,0.0,2.2192,0.0,0.0,0.0,0.0,0.0,0.0,0.0
2024-03-01,HISTORICO,LESC,CNIOR,ANTIOQUIA,EPM - ANTIOQUIA,2740750.0,2329637.5,411112.5,85.0,15.0,Cubierta (85.0% Contratos / 15.0% Bolsa),298.6395,25500000.0,25250000.0,2525000.0,295.1221,25000000.0,2550000.0,1.017e-05,0.0,254.13,254.13,233.8,2.2192,3.67,1094.77,5.64,5.19,-0.45,0.45,8.0
2024-03-01,HISTORICO,LESC,CNIOR,BOGOTA,ENEL - BOGOTA CUNDINAMARCA,2740750.0,2329637.5,411112.5,85.0,15.0,Cubierta (85.0% Contratos / 15.0% Bolsa),298.6395,35700000.0,35350000.0,3535000.0,295.1221,35000000.0,3570000.0,1.017e-05,0.0,355.78,355.78,327.32,2.2192,5.13,1532.68,7.9,7.26,-0.63,0.63,8.0
2024-03-01,HISTORICO,LESC,CNIOR,CARIBE_MAR,AFINIA - CARIBE MAR,2740750.0,2329637.5,411112.5,85.0,15.0,Cubierta (85.0% Contratos / 15.0% Bolsa),298.6395,28560000.0,28280000.0,2828000.0,295.1221,28000000.0,2856000.0,1.017e-05,0.0,284.63,284.63,261.86,2.2192,4.11,1226.14,6.32,5.81,-0.51,0.51,8.0
2024-03-01,HISTORICO,LESC,CNIOR,CARIBE_SOL,AIR-E - CARIBE SOL,2740750.0,2329637.5,411112.5,85.0,15.0,Cubierta (85.0% Contratos / 15.0% Bolsa),298.6395,22440000.0,22220000.0,2222000.0,295.1221,22000000.0,2244000.0,1.017e-05,0.0,223.64,223.64,205.75,2.2192,3.23,963.4,4.96,4.57,-0.4,0.4,8.0
2024-03-01,HISTORICO,LESC,CNIOR,CUNDINAMARCA,EEC - CUNDINAMARCA,2740750.0,2329637.5,411112.5,85.0,15.0,Cubierta (85.0% Contratos / 15.0% Bolsa),298.6395,9180000.0,9090000.0,909000.0,295.1221,9000000.0,918000.0,1.017e-05,0.0,91.49,91.49,84.17,2.2192,1.32,394.12,2.03,1.87,-0.16,0.16,8.0
2024-03-01,HISTORICO,LESC,CNIOR,SANTANDER,ESSA - SANTANDER,2740750.0,2329637.5,411112.5,85.0,15.0,Cubierta (85.0% Contratos / 15.0% Bolsa),298.6395,14280000.0,14140000.0,1414000.0,295.1221,14000000.0,1428000.0,1.017e-05,0.0,142.31,142.31,130.93,2.2192,2.05,613.07,3.16,2.91,-0.25,0.25,8.0
2024-03-01,HISTORICO,LESC,CNIOR,TOLIMA,ELET - TOLIMA,2740750.0,2329637.5,411112.5,85.0,15.0,Cubierta (85.0% Contratos / 15.0% Bolsa),298.6395,7650000.0,7575000.0,757500.0,295.1221,7500000.0,765000.0,1.017e-05,0.0,76.24,76.24,70.14,2.2192,1.1,328.43,1.69,1.56,-0.14,0.14,8.0
2024-03-01,HISTORICO,LESC,CNIOR,VALLE,CVC - VALLE DEL CAUCA,2740750.0,2329637.5,411112.5,85.0,15.0,Cubierta (85.0% Contratos / 15.0% Bolsa),298.6395,18360000.0,18180000.0,1818000.0,295.1221,18000000.0,1836000.0,1.017e-05,0.0,182.98,182.98,168.34,2.2192,2.64,788.23,4.06,3.74,-0.32,0.32,8.0
2024-04-01,HISTORICO,LESC,CNIOR,ANTIOQUIA,EPM - ANTIOQUIA,2758781.25,2344964.06,413817.19,85.0,15.0,Cubierta (85.0% Contratos / 15.0% Bolsa),289.6168,25750000.0,25500000.0,2550000.0,298.6395,25250000.0,2575000.0,1.005e-05,0.0,253.65,253.65,233.36,2.2192,3.66,1059.68,5.63,5.18,-0.45,0.45,8.0
2024-04-01,HISTORICO,LESC,CNIOR,BOGOTA,ENEL - BOGOTA CUNDINAMARCA,2758781.25,2344964.06,413817.19,85.0,15.0,Cubierta (85.0% Contratos / 15.0% Bolsa),289.6168,36050000.0,35700000.0,3570000.0,298.6395,35350000.0,3605000.0,1.005e-05,0.0,355.11,355.11,326.7,2.2192,5.12,1483.55,7.88,7.25,-0.63,0.63,8.0
2024-04-01,HISTORICO,LESC,CNIOR,CARIBE_MAR,AFINIA - CARIBE MAR,2758781.25,2344964.06,413817.19,85.0,15.0,Cubierta (85.0% Contratos / 15.0% Bolsa),289.6168,28840000.0,28560000.0,2856000.0,298.6395,28280000.0,2884000.0,1.005e-05,0.0,284.09,284.09,261.36,2.2192,4.1,1186.84,6.3,5.8,-0.5,0.5,8.0
2024-04-01,HISTORICO,LESC,CNIOR,CARIBE_SOL,AIR-E - CARIBE SOL,2758781.25,2344964.06,413817.19,85.0,15.0,Cubierta (85.0% Contratos / 15.0% Bolsa),289.6168,22660000.0,22440000.0,2244000.0,298.6395,22220000.0,2266000.0,1.005e-05,0.0,223.21,223.21,205.36,2.2192,3.22,932.52,4.95,4.56,-0.4,0.4,8.0
2024-04-01,HISTORICO,LESC,CNIOR,CUNDINAMARCA,EEC - CUNDINAMARCA,2758781.25,2344964.06,413817.19,85.0,15.0,Cubierta (85.0% Contratos / 15.0% Bolsa),289.6168,9270000.0,9180000.0,918000.0,298.6395,9090000.0,927000.0,1.005e-05,0.0,91.31,91.31,84.01,2.2192,1.32,381.48,2.03,1.86,-0.16,0.16,8.0
2024-04-01,HISTORICO,LESC,CNIOR,SANTANDER,ESSA - SANTANDER,2758781.25,2344964.06,413817.19,85.0,15.0,Cubierta (85.0% Contratos / 15.0% Bolsa),289.6168,14420000.0,14280000.0,1428000.0,298.6395,14140000.0,1442000.0,1.005e-05,0.0,142.04,142.04,130.68,2.2192,2.05,593.42,3.15,2.9,-0.25,0.25,8.0
2024-04-01,HISTORICO,LESC,CNIOR,TOLIMA,ELET - TOLIMA,2758781.25,2344964.06,413817.19,85.0,15.0,Cubierta (85.0% Contratos / 15.0% Bolsa),289.6168,7725000.0,7650000.0,765000.0,298.6395,7575000.0,772500.0,1.005e-05,0.0,76.1,76.1,70.01,2.2192,1.1,317.9,1.69,1.55,-0.14,0.14,8.0
2024-04-01,HISTORICO,LESC,CNIOR,VALLE,CVC - VALLE DEL CAUCA,2758781.25,2344964.06,413817.19,85.0,15.0,Cubierta (85.0% Contratos / 15.0% Bolsa),289.6168,18540000.0,18360000.0,1836000.0,298.6395,18180000.0,1854000.0,1.005e-05,0.0,182.63,182.63,168.02,2.2192,2.63,762.97,4.05,3.73,-0.32,0.32,8.0
2024-05-01,HISTORICO,LESC,CNIOR,ANTIOQUIA,EPM - ANTIOQUIA,2776812.5,2360290.62,416521.88,85.0,15.0,Cubierta (85.0% Contratos / 15.0% Bolsa),278.648,26000000.0,25750000.0,2575000.0,289.6168,25500000.0,2600000.0,1.036e-05,0.0,264.14,264.14,243.01,2.2192,3.81,1061.72,5.86,5.39,-0.47,0.47,8.0
2024-05-01,HISTORICO,LESC,CNIOR,BOGOTA,ENEL - BOGOTA CUNDINAMARCA,2776812.5,2360290.62,416521.88,85.0,15.0,Cubierta (85.0% Contratos / 15.0% Bolsa),278.648,36400000.0,36050000.0,3605000.0,289.6168,35700000.0,3640000.0,1.036e-05,0.0,369.8,369.8,340.22,2.2192,5.33,1486.41,8.21,7.55,-0.66,0.66,8.0
2024-05-01,HISTORICO,LESC,CNIOR,CARIBE_MAR,AFINIA - CARIBE MAR,2776812.5,2360290.62,416521.88,85.0,15.0,Cubierta (85.0% Contratos / 15.0% Bolsa),278.648,29120000.0,28840000.0,2884000.0,289.6168,28560000.0,2912000.0,1.036e-05,0.0,295.84,295.84,272.17,2.2192,4.27,1189.12,6.57,6.04,-0.53,0.53,8.0
2024-05-01,HISTORICO,LESC,CNIOR,CARIBE_SOL,AIR-E - CARIBE SOL,2776812.5,2360290.62,416521.88,85.0,15.0,Cubierta (85.0% Contratos / 15.0% Bolsa),278.648,22880000.0,22660000.0,2266000.0,289.6168,22440000.0,2288000.0,1.036e-05,0.0,232.45,232.45,213.85,2.2192,3.35,934.31,5.16,4.75,-0.41,0.41,8.0
2024-05-01,HISTORICO,LESC,CNIOR,CUNDINAMARCA,EEC - CUNDINAMARCA,2776812.5,2360290.62,416521.88,85.0,15.0,Cubierta (85.0% Contratos / 15.0% Bolsa),278.648,9360000.0,9270000.0,927000.0,289.6168,9180000.0,936000.0,1.036e-05,0.0,95.09,95.09,87.48,2.2192,1.37,382.22,2.11,1.94,-0.17,0.17,8.0
2024-05-01,HISTORICO,LESC,CNIOR,SANTANDER,ESSA - SANTANDER,2776812.5,2360290.62,416521.88,85.0,15.0,Cubierta (85.0% Contratos / 15.0% Bolsa),278.648,14560000.0,14420000.0,1442000.0,289.6168,14280000.0,1456000.0,1.036e-05,0.0,147.92,147.92,136.09,2.2192,2.13,594.56,3.28,3.02,-0.26,0.26,8.0
2024-05-01,HISTORICO,LESC,CNIOR,TOLIMA,ELET - TOLIMA,2776812.5,2360290.62,416521.88,85.0,15.0,Cubierta (85.0% Contratos / 15.0% Bolsa),278.648,7800000.0,7725000.0,772500.0,289.6168,7650000.0,780000.0,1.036e-05,0.0,79.24,79.24,72.9,2.2192,1.14,318.52,1.76,1.62,-0.14,0.14,8.0
2024-05-01,HISTORICO,LESC,CNIOR,VALLE,CVC - VALLE DEL CAUCA,2776812.5,2360290.62,416521.88,85.0,15.0,Cubierta (85.0% Contratos / 15.0% Bolsa),278.648,18720000.0,18540000.0,1854000.0,289.6168,18360000.0,1872000.0,1.036e-05,0.0,190.18,190.18,174.97,2.2192,2.74,764.44,4.22,3.88,-0.34,0.34,8.0
2024-06-01,HISTORICO,LESC,CNIOR,ANTIOQUIA,EPM - ANTIOQUIA,2794843.75,2375617.19,419226.56,85.0,15.0,Cubierta (85.0% Contratos / 15.0% Bolsa),278.1161,26250000.0,26000000.0,2600000.0,278.648,25750000.0,2625000.0,1.077e-05,0.0,277.23,277.23,255.05,2.2192,4.0,1112.2,6.15,5.66,-0.49,0.49,8.0
2024-06-01,HISTORICO,LESC,CNIOR,BOGOTA,ENEL - BOGOTA CUNDINAMARCA,2794843.75,2375617.19,419226.56,85.0,15.0,Cubierta (85.0% Contratos / 15.0% Bolsa),278.1161,36750000.0,36400000.0,3640000.0,278.648,36050000.0,3675000.0,1.077e-05,0.0,388.12,388.12,357.07,2.2192,5.6,1557.09,8.61,7.92,-0.69,0.69,8.0
2024-06-01,HISTORICO,LESC,CNIOR,CARIBE_MAR,AFINIA - CARIBE MAR,2794843.75,2375617.19,419226.56,85.0,15.0,Cubierta (85.0% Contratos / 15.0% Bolsa),278.1161,29400000.0,29120000.0,2912000.0,278.648,28840000.0,2940000.0,1.077e-05,0.0,310.5,310.5,285.66,2.2192,4.48,1245.67,6.89,6.34,-0.55,0.55,8.0
2024-06-01,HISTORICO,LESC,CNIOR,CARIBE_SOL,AIR-E - CARIBE SOL,2794843.75,2375617.19,419226.56,85.0,15.0,Cubierta (85.0% Contratos / 15.0% Bolsa),278.1161,23100000.0,22880000.0,2288000.0,278.648,22660000.0,2310000.0,1.077e-05,0.0,243.96,243.96,224.45,2.2192,3.52,978.74,5.41,4.98,-0.43,0.43,8.0
2024-06-01,HISTORICO,LESC,CNIOR,CUNDINAMARCA,EEC - CUNDINAMARCA,2794843.75,2375617.19,419226.56,85.0,15.0,Cubierta (85.0% Contratos / 15.0% Bolsa),278.1161,9450000.0,9360000.0,936000.0,278.648,9270000.0,945000.0,1.077e-05,0.0,99.8,99.8,91.82,2.2192,1.44,400.39,2.21,2.04,-0.18,0.18,8.0
2024-06-01,HISTORICO,LESC,CNIOR,SANTANDER,ESSA - SANTANDER,2794843.75,2375617.19,419226.56,85.0,15.0,Cubierta (85.0% Contratos / 15.0% Bolsa),278.1161,14700000.0,14560000.0,1456000.0,278.648,14420000.0,1470000.0,1.077e-05,0.0,155.25,155.25,142.83,2.2192,2.24,622.83,3.45,3.17,-0.28,0.28,8.0
2024-06-01,HISTORICO,LESC,CNIOR,TOLIMA,ELET - TOLIMA,2794843.75,2375617.19,419226.56,85.0,15.0,Cubierta (85.0% Contratos / 15.0% Bolsa),278.1161,7875000.0,7800000.0,780000.0,278.648,7725000.0,787500.0,1.077e-05,0.0,83.17,83.17,76.52,2.2192,1.2,333.66,1.85,1.7,-0.15,0.15,8.0
2024-06-01,HISTORICO,LESC,CNIOR,VALLE,CVC - VALLE DEL CAUCA,2794843.75,2375617.19,419226.56,85.0,15.0,Cubierta (85.0% Contratos / 15.0% Bolsa),278.1161,18900000.0,18720000.0,1872000.0,278.648,18540000.0,1890000.0,1.077e-05,0.0,199.61,199.61,183.64,2.2192,2.88,800.79,4.43,4.08,-0.35,0.35,8.0
2024-07-01,HISTORICO,LESC,CNIOR,ANTIOQUIA,EPM - ANTIOQUIA,2812875.0,2390943.75,421931.25,85.0,15.0,Cubierta (85.0% Contratos / 15.0% Bolsa),290.8088,26500000.0,26250000.0,2625000.0,278.1161,26000000.0,2650000.0,1.079e-05,0.0,280.46,280.46,258.02,2.2192,4.05,1176.5,6.22,5.73,-0.5,0.5,8.0
2024-07-01,HISTORICO,LESC,CNIOR,BOGOTA,ENEL - BOGOTA CUNDINAMARCA,2812875.0,2390943.75,421931.25,85.0,15.0,Cubierta (85.0% Contratos / 15.0% Bolsa),290.8088,37100000.0,36750000.0,3675000.0,278.1161,36400000.0,3710000.0,1.079e-05,0.0,392.64,392.64,361.23,2.2192,5.66,1647.1,8.71,8.02,-0.7,0.7,8.0
2024-07-01,HISTORICO,LESC,CNIOR,CARIBE_MAR,AFINIA - CARIBE MAR,2812875.0,2390943.75,421931.25,85.0,15.0,Cubierta (85.0% Contratos / 15.0% Bolsa),290.8088,29680000.0,29400000.0,2940000.0,278.1161,29120000.0,2968000.0,1.079e-05,0.0,314.11,314.11,288.98,2.2192,4.53,1317.68,6.97,6.41,-0.56,0.56,8.0
2024-07-01,HISTORICO,LESC,CNIOR,CARIBE_SOL,AIR-E - CARIBE SOL,2812875.0,2390943.75,421931.25,85.0,15.0,Cubierta (85.0% Contratos / 15.0% Bolsa),290.8088,23320000.0,23100000.0,2310000.0,278.1161,22880000.0,2332000.0,1.079e-05,0.0,246.8,246.8,227.06,2.2192,3.56,1035.32,5.48,5.04,-0.44,0.44,8.0
2024-07-01,HISTORICO,LESC,CNIOR,CUNDINAMARCA,EEC - CUNDINAMARCA,2812875.0,2390943.75,421931.25,85.0,15.0,Cubierta (85.0% Contratos / 15.0% Bolsa),290.8088,9540000.0,9450000.0,945000.0,278.1161,9360000.0,954000.0,1.079e-05,0.0,100.97,100.97,92.89,2.2192,1.46,423.54,2.24,2.06,-0.18,0.18,8.0
2024-07-01,HISTORICO,LESC,CNIOR,SANTANDER,ESSA - SANTANDER,2812875.0,2390943.75,421931.25,85.0,15.0,Cubierta (85.0% Contratos / 15.0% Bolsa),290.8088,14840000.0,14700000.0,1470000.0,278.1161,14560000.0,1484000.0,1.079e-05,0.0,157.06,157.06,144.49,2.2192,2.27,658.84,3.49,3.21,-0.28,0.28,8.0
2024-07-01,HISTORICO,LESC,CNIOR,TOLIMA,ELET - TOLIMA,2812875.0,2390943.75,421931.25,85.0,15.0,Cubierta (85.0% Contratos / 15.0% Bolsa),290.8088,7950000.0,7875000.0,787500.0,278.1161,7800000.0,795000.0,1.079e-05,0.0,84.14,84.14,77.41,2.2192,1.21,352.95,1.87,1.72,-0.15,0.15,8.0
2024-07-01,HISTORICO,LESC,CNIOR,VALLE,CVC - VALLE DEL CAUCA,2812875.0,2390943.75,421931.25,85.0,15.0,Cubierta (85.0% Contratos / 15.0% Bolsa),290.8088,19080000.0,18900000.0,1890000.0,278.1161,18720000.0,1908000.0,1.079e-05,0.0,201.93,201.93,185.78,2.2192,2.91,847.08,4.48,4.12,-0.36,0.36,8.0
2024-08-01,HISTORICO,LESC,CNIOR,ANTIOQUIA,EPM - ANTIOQUIA,2830906.25,2406270.31,424635.94,85.0,15.0,Cubierta (85.0% Contratos / 15.0% Bolsa),307.3548,26750000.0,26500000.0,2650000.0,290.8088,26250000.0,2675000.0,1.032e-05,0.0,270.8,270.8,249.13,2.2192,3.91,1200.6,6.01,5.53,-0.48,0.48,8.0
2024-08-01,HISTORICO,LESC,CNIOR,BOGOTA,ENEL - BOGOTA CUNDINAMARCA,2830906.25,2406270.31,424635.94,85.0,15.0,Cubierta (85.0% Contratos / 15.0% Bolsa),307.3548,37450000.0,37100000.0,3710000.0,290.8088,36750000.0,3745000.0,1.032e-05,0.0,379.12,379.12,348.79,2.2192,5.47,1680.84,8.41,7.74,-0.67,0.67,8.0
2024-08-01,HISTORICO,LESC,CNIOR,CARIBE_MAR,AFINIA - CARIBE MAR,2830906.25,2406270.31,424635.94,85.0,15.0,Cubierta (85.0% Contratos / 15.0% Bolsa),307.3548,29960000.0,29680000.0,2968000.0,290.8088,29400000.0,2996000.0,1.032e-05,0.0,303.29,303.29,279.03,2.2192,4.37,1344.67,6.73,6.19,-0.54,0.54,8.0
2024-08-01,HISTORICO,LESC,CNIOR,CARIBE_SOL,AIR-E - CARIBE SOL,2830906.25,2406270.31,424635.94,85.0,15.0,Cubierta (85.0% Contratos / 15.0% Bolsa),307.3548,23540000.0,23320000.0,2332000.0,290.8088,23100000.0,2354000.0,1.032e-05,0.0,238.3,238.3,219.24,2.2192,3.44,1056.53,5.29,4.87,-0.42,0.42,8.0
2024-08-01,HISTORICO,LESC,CNIOR,CUNDINAMARCA,EEC - CUNDINAMARCA,2830906.25,2406270.31,424635.94,85.0,15.0,Cubierta (85.0% Contratos / 15.0% Bolsa),307.3548,9630000.0,9540000.0,954000.0,290.8088,9450000.0,963000.0,1.032e-05,0.0,97.49,97.49,89.69,2.2192,1.41,432.22,2.16,1.99,-0.17,0.17,8.0
2024-08-01,HISTORICO,LESC,CNIOR,SANTANDER,ESSA - SANTANDER,2830906.25,2406270.31,424635.94,85.0,15.0,Cubierta (85.0% Contratos / 15.0% Bolsa),307.3548,14980000.0,14840000.0,1484000.0,290.8088,14700000.0,1498000.0,1.032e-05,0.0,151.65,151.65,139.51,2.2192,2.19,672.34,3.37,3.1,-0.27,0.27,8.0
2024-08-01,HISTORICO,LESC,CNIOR,TOLIMA,ELET - TOLIMA,2830906.25,2406270.31,424635.94,85.0,15.0,Cubierta (85.0% Contratos / 15.0% Bolsa),307.3548,8025000.0,7950000.0,795000.0,290.8088,7875000.0,802500.0,1.032e-05,0.0,81.24,81.24,74.74,2.2192,1.17,360.18,1.8,1.66,-0.14,0.14,8.0
2024-08-01,HISTORICO,LESC,CNIOR,VALLE,CVC - VALLE DEL CAUCA,2830906.25,2406270.31,424635.94,85.0,15.0,Cubierta (85.0% Contratos / 15.0% Bolsa),307.3548,19260000.0,19080000.0,1908000.0,290.8088,18900000.0,1926000.0,1.032e-05,0.0,194.97,194.97,179.38,2.2192,2.81,864.43,4.33,3.98,-0.35,0.35,8.0
2024-09-01,HISTORICO,LESC,CNIOR,ANTIOQUIA,EPM - ANTIOQUIA,2848937.5,2421596.88,427340.63,85.0,15.0,Cubierta (85.0% Contratos / 15.0% Bolsa),314.8404,27000000.0,26750000.0,2675000.0,307.3548,26500000.0,2700000.0,9.76e-06,0.0,258.66,258.66,237.97,2.2192,3.73,1174.72,5.74,5.28,-0.46,0.46,8.0
2024-09-01,HISTORICO,LESC,CNIOR,BOGOTA,ENEL - BOGOTA CUNDINAMARCA,2848937.5,2421596.88,427340.63,85.0,15.0,Cubierta (85.0% Contratos / 15.0% Bolsa),314.8404,37800000.0,37450000.0,3745000.0,307.3548,37100000.0,3780000.0,9.76e-06,0.0,362.12,362.12,333.15,2.2192,5.22,1644.6,8.04,7.39,-0.64,0.64,8.0
2024-09-01,HISTORICO,LESC,CNIOR,CARIBE_MAR,AFINIA - CARIBE MAR,2848937.5,2421596.88,427340.63,85.0,15.0,Cubierta (85.0% Contratos / 15.0% Bolsa),314.8404,30240000.0,29960000.0,2996000.0,307.3548,29680000.0,3024000.0,9.76e-06,0.0,289.7,289.7,266.52,2.2192,4.18,1315.68,6.43,5.91,-0.51,0.51,8.0
2024-09-01,HISTORICO,LESC,CNIOR,CARIBE_SOL,AIR-E - CARIBE SOL,2848937.5,2421596.88,427340.63,85.0,15.0,Cubierta (85.0% Contratos / 15.0% Bolsa),314.8404,23760000.0,23540000.0,2354000.0,307.3548,23320000.0,2376000.0,9.76e-06,0.0,227.62,227.62,209.41,2.2192,3.28,1033.75,5.05,4.65,-0.4,0.4,8.0
2024-09-01,HISTORICO,LESC,CNIOR,CUNDINAMARCA,EEC - CUNDINAMARCA,2848937.5,2421596.88,427340.63,85.0,15.0,Cubierta (85.0% Contratos / 15.0% Bolsa),314.8404,9720000.0,9630000.0,963000.0,307.3548,9540000.0,972000.0,9.76e-06,0.0,93.12,93.12,85.67,2.2192,1.34,422.9,2.07,1.9,-0.17,0.17,8.0
2024-09-01,HISTORICO,LESC,CNIOR,SANTANDER,ESSA - SANTANDER,2848937.5,2421596.88,427340.63,85.0,15.0,Cubierta (85.0% Contratos / 15.0% Bolsa),314.8404,15120000.0,14980000.0,1498000.0,307.3548,14840000.0,1512000.0,9.76e-06,0.0,144.85,144.85,133.26,2.2192,2.09,657.84,3.21,2.96,-0.26,0.26,8.0
2024-09-01,HISTORICO,LESC,CNIOR,TOLIMA,ELET - TOLIMA,2848937.5,2421596.88,427340.63,85.0,15.0,Cubierta (85.0% Contratos / 15.0% Bolsa),314.8404,8100000.0,8025000.0,802500.0,307.3548,7950000.0,810000.0,9.76e-06,0.0,77.6,77.6,71.39,2.2192,1.12,352.42,1.72,1.58,-0.14,0.14,8.0
2024-09-01,HISTORICO,LESC,CNIOR,VALLE,CVC - VALLE DEL CAUCA,2848937.5,2421596.88,427340.63,85.0,15.0,Cubierta (85.0% Contratos / 15.0% Bolsa),314.8404,19440000.0,19260000.0,1926000.0,307.3548,19080000.0,1944000.0,9.76e-06,0.0,186.23,186.23,171.34,2.2192,2.69,845.8,4.13,3.8,-0.33,0.33,8.0
2024-10-01,HISTORICO,LESC,CNIOR,ANTIOQUIA,EPM - ANTIOQUIA,2866968.75,2436923.44,430045.31,85.0,15.0,Cubierta (85.0% Contratos / 15.0% Bolsa),308.6818,27250000.0,27000000.0,2700000.0,314.8404,26750000.0,2725000.0,9.53e-06,0.0,254.89,254.89,234.5,2.2192,3.68,1134.96,5.66,5.2,-0.45,0.45,8.0
2024-10-01,HISTORICO,LESC,CNIOR,BOGOTA,ENEL - BOGOTA CUNDINAMARCA,2866968.75,2436923.44,430045.31,85.0,15.0,Cubierta (85.0% Contratos / 15.0% Bolsa),308.6818,38150000.0,37800000.0,3780000.0,314.8404,37450000.0,3815000.0,9.53e-06,0.0,356.85,356.85,328.3,2.2192,5.15,1588.95,7.92,7.29,-0.63,0.63,8.0
2024-10-01,HISTORICO,LESC,CNIOR,CARIBE_MAR,AFINIA - CARIBE MAR,2866968.75,2436923.44,430045.31,85.0,15.0,Cubierta (85.0% Contratos / 15.0% Bolsa),308.6818,30520000.0,30240000.0,3024000.0,314.8404,29960000.0,3052000.0,9.53e-06,0.0,285.48,285.48,262.64,2.2192,4.12,1271.16,6.34,5.83,-0.51,0.51,8.0
2024-10-01,HISTORICO,LESC,CNIOR,CARIBE_SOL,AIR-E - CARIBE SOL,2866968.75,2436923.44,430045.31,85.0,15.0,Cubierta (85.0% Contratos / 15.0% Bolsa),308.6818,23980000.0,23760000.0,2376000.0,314.8404,23540000.0,2398000.0,9.53e-06,0.0,224.3,224.3,206.36,2.2192,3.24,998.77,4.98,4.58,-0.4,0.4,8.0
2024-10-01,HISTORICO,LESC,CNIOR,CUNDINAMARCA,EEC - CUNDINAMARCA,2866968.75,2436923.44,430045.31,85.0,15.0,Cubierta (85.0% Contratos / 15.0% Bolsa),308.6818,9810000.0,9720000.0,972000.0,314.8404,9630000.0,981000.0,9.53e-06,0.0,91.76,91.76,84.42,2.2192,1.32,408.59,2.04,1.87,-0.16,0.16,8.0
2024-10-01,HISTORICO,LESC,CNIOR,SANTANDER,ESSA - SANTANDER,2866968.75,2436923.44,430045.31,85.0,15.0,Cubierta (85.0% Contratos / 15.0% Bolsa),308.6818,15260000.0,15120000.0,1512000.0,314.8404,14980000.0,1526000.0,9.53e-06,0.0,142.74,142.74,131.32,2.2192,2.06,635.58,3.17,2.91,-0.25,0.25,8.0
2024-10-01,HISTORICO,LESC,CNIOR,TOLIMA,ELET - TOLIMA,2866968.75,2436923.44,430045.31,85.0,15.0,Cubierta (85.0% Contratos / 15.0% Bolsa),308.6818,8175000.0,8100000.0,810000.0,314.8404,8025000.0,817500.0,9.53e-06,0.0,76.47,76.47,70.35,2.2192,1.1,340.49,1.7,1.56,-0.14,0.14,8.0
2024-10-01,HISTORICO,LESC,CNIOR,VALLE,CVC - VALLE DEL CAUCA,2866968.75,2436923.44,430045.31,85.0,15.0,Cubierta (85.0% Contratos / 15.0% Bolsa),308.6818,19620000.0,19440000.0,1944000.0,314.8404,19260000.0,1962000.0,9.53e-06,0.0,183.52,183.52,168.84,2.2192,2.65,817.17,4.07,3.75,-0.33,0.33,8.0
2024-11-01,HISTORICO,LESC,CNIOR,ANTIOQUIA,EPM - ANTIOQUIA,2885000.0,2452250.0,432750.0,85.0,15.0,Cubierta (85.0% Contratos / 15.0% Bolsa),296.8397,27500000.0,27250000.0,2725000.0,308.6818,27000000.0,2750000.0,9.72e-06,0.0,262.41,262.41,241.41,2.2192,3.79,1123.6,5.82,5.36,-0.47,0.47,8.0
2024-11-01,HISTORICO,LESC,CNIOR,BOGOTA,ENEL - BOGOTA CUNDINAMARCA,2885000.0,2452250.0,432750.0,85.0,15.0,Cubierta (85.0% Contratos / 15.0% Bolsa),296.8397,38500000.0,38150000.0,3815000.0,308.6818,37800000.0,3850000.0,9.72e-06,0.0,367.37,367.37,337.98,2.2192,5.3,1573.04,8.15,7.5,-0.65,0.65,8.0
2024-11-01,HISTORICO,LESC,CNIOR,CARIBE_MAR,AFINIA - CARIBE MAR,2885000.0,2452250.0,432750.0,85.0,15.0,Cubierta (85.0% Contratos / 15.0% Bolsa),296.8397,30800000.0,30520000.0,3052000.0,308.6818,30240000.0,3080000.0,9.72e-06,0.0,293.89,293.89,270.38,2.2192,4.24,1258.43,6.52,6.0,-0.52,0.52,8.0
2024-11-01,HISTORICO,LESC,CNIOR,CARIBE_SOL,AIR-E - CARIBE SOL,2885000.0,2452250.0,432750.0,85.0,15.0,Cubierta (85.0% Contratos / 15.0% Bolsa),296.8397,24200000.0,23980000.0,2398000.0,308.6818,23760000.0,2420000.0,9.72e-06,0.0,230.92,230.92,212.44,2.2192,3.33,988.77,5.12,4.71,-0.41,0.41,8.0
2024-11-01,HISTORICO,LESC,CNIOR,CUNDINAMARCA,EEC - CUNDINAMARCA,2885000.0,2452250.0,432750.0,85.0,15.0,Cubierta (85.0% Contratos / 15.0% Bolsa),296.8397,9900000.0,9810000.0,981000.0,308.6818,9720000.0,990000.0,9.72e-06,0.0,94.47,94.47,86.91,2.2192,1.36,404.5,2.1,1.93,-0.17,0.17,8.0
2024-11-01,HISTORICO,LESC,CNIOR,SANTANDER,ESSA - SANTANDER,2885000.0,2452250.0,432750.0,85.0,15.0,Cubierta (85.0% Contratos / 15.0% Bolsa),296.8397,15400000.0,15260000.0,1526000.0,308.6818,15120000.0,1540000.0,9.72e-06,0.0,146.95,146.95,135.19,2.2192,2.12,629.22,3.26,3.0,-0.26,0.26,8.0
2024-11-01,HISTORICO,LESC,CNIOR,TOLIMA,ELET - TOLIMA,2885000.0,2452250.0,432750.0,85.0,15.0,Cubierta (85.0% Contratos / 15.0% Bolsa),296.8397,8250000.0,8175000.0,817500.0,308.6818,8100000.0,825000.0,9.72e-06,0.0,78.72,78.72,72.42,2.2192,1.14,337.08,1.75,1.61,-0.14,0.14,8.0
2024-11-01,HISTORICO,LESC,CNIOR,VALLE,CVC - VALLE DEL CAUCA,2885000.0,2452250.0,432750.0,85.0,15.0,Cubierta (85.0% Contratos / 15.0% Bolsa),296.8397,19800000.0,19620000.0,1962000.0,308.6818,19440000.0,1980000.0,9.72e-06,0.0,188.93,188.93,173.82,2.2192,2.73,808.99,4.19,3.86,-0.34,0.34,8.0
2024-12-01,HISTORICO,LESC,CNIOR,ANTIOQUIA,EPM - ANTIOQUIA,2903031.25,2467576.56,435454.69,85.0,15.0,Cubierta (85.0% Contratos / 15.0% Bolsa),292.5001,27750000.0,27500000.0,2750000.0,296.8397,27250000.0,2775000.0,1.011e-05,0.0,275.4,275.4,253.37,2.2192,3.97,1162.0,6.11,5.62,-0.49,0.49,8.0
2024-12-01,HISTORICO,LESC,CNIOR,BOGOTA,ENEL - BOGOTA CUNDINAMARCA,2903031.25,2467576.56,435454.69,85.0,15.0,Cubierta (85.0% Contratos / 15.0% Bolsa),292.5001,38850000.0,38500000.0,3850000.0,296.8397,38150000.0,3885000.0,1.011e-05,0.0,385.56,385.56,354.72,2.2192,5.56,1626.81,8.56,7.87,-0.68,0.68,8.0
2024-12-01,HISTORICO,LESC,CNIOR,CARIBE_MAR,AFINIA - CARIBE MAR,2903031.25,2467576.56,435454.69,85.0,15.0,Cubierta (85.0% Contratos / 15.0% Bolsa),292.5001,31080000.0,30800000.0,3080000.0,296.8397,30520000.0,3108000.0,1.011e-05,0.0,308.45,308.45,283.77,2.2192,4.45,1301.44,6.85,6.3,-0.55,0.55,8.0
2024-12-01,HISTORICO,LESC,CNIOR,CARIBE_SOL,AIR-E - CARIBE SOL,2903031.25,2467576.56,435454.69,85.0,15.0,Cubierta (85.0% Contratos / 15.0% Bolsa),292.5001,24420000.0,24200000.0,2420000.0,296.8397,23980000.0,2442000.0,1.011e-05,0.0,242.35,242.35,222.96,2.2192,3.5,1022.56,5.38,4.95,-0.43,0.43,8.0
2024-12-01,HISTORICO,LESC,CNIOR,CUNDINAMARCA,EEC - CUNDINAMARCA,2903031.25,2467576.56,435454.69,85.0,15.0,Cubierta (85.0% Contratos / 15.0% Bolsa),292.5001,9990000.0,9900000.0,990000.0,296.8397,9810000.0,999000.0,1.011e-05,0.0,99.14,99.14,91.21,2.2192,1.43,418.32,2.2,2.02,-0.18,0.18,8.0
2024-12-01,HISTORICO,LESC,CNIOR,SANTANDER,ESSA - SANTANDER,2903031.25,2467576.56,435454.69,85.0,15.0,Cubierta (85.0% Contratos / 15.0% Bolsa),292.5001,15540000.0,15400000.0,1540000.0,296.8397,15260000.0,1554000.0,1.011e-05,0.0,154.22,154.22,141.89,2.2192,2.22,650.72,3.42,3.15,-0.27,0.27,8.0
2024-12-01,HISTORICO,LESC,CNIOR,TOLIMA,ELET - TOLIMA,2903031.25,2467576.56,435454.69,85.0,15.0,Cubierta (85.0% Contratos / 15.0% Bolsa),292.5001,8325000.0,8250000.0,825000.0,296.8397,8175000.0,832500.0,1.011e-05,0.0,82.62,82.62,76.01,2.2192,1.19,348.6,1.83,1.69,-0.15,0.15,8.0
2024-12-01,HISTORICO,LESC,CNIOR,VALLE,CVC - VALLE DEL CAUCA,2903031.25,2467576.56,435454.69,85.0,15.0,Cubierta (85.0% Contratos / 15.0% Bolsa),292.5001,19980000.0,19800000.0,1980000.0,296.8397,19620000.0,1998000.0,1.011e-05,0.0,198.29,198.29,182.43,2.2192,2.86,836.64,4.4,4.05,-0.35,0.35,8.0
2025-01-01,HISTORICO,LESC,CNIOR,ANTIOQUIA,EPM - ANTIOQUIA,2921062.5,2482903.12,438159.38,85.0,15.0,Cubierta (85.0% Contratos / 15.0% Bolsa),301.9514,28000000.0,27750000.0,2775000.0,292.5001,27500000.0,2800000.0,1.026e-05,0.0,282.05,282.05,259.49,2.2192,4.07,1228.52,6.26,5.76,-0.5,0.5,8.0
2025-01-01,HISTORICO,LESC,CNIOR,BOGOTA,ENEL - BOGOTA CUNDINAMARCA,2921062.5,2482903.12,438159.38,85.0,15.0,Cubierta (85.0% Contratos / 15.0% Bolsa),301.9514,39200000.0,38850000.0,3885000.0,292.5001,38500000.0,3920000.0,1.026e-05,0.0,394.87,394.87,363.28,2.2192,5.7,1719.92,8.76,8.06,-0.7,0.7,8.0
2025-01-01,HISTORICO,LESC,CNIOR,CARIBE_MAR,AFINIA - CARIBE MAR,2921062.5,2482903.12,438159.38,85.0,15.0,Cubierta (85.0% Contratos / 15.0% Bolsa),301.9514,31360000.0,31080000.0,3108000.0,292.5001,30800000.0,3136000.0,1.026e-05,0.0,315.9,315.9,290.63,2.2192,4.56,1375.94,7.01,6.45,-0.56,0.56,8.0
2025-01-01,HISTORICO,LESC,CNIOR,CARIBE_SOL,AIR-E - CARIBE SOL,2921062.5,2482903.12,438159.38,85.0,15.0,Cubierta (85.0% Contratos / 15.0% Bolsa),301.9514,24640000.0,24420000.0,2442000.0,292.5001,24200000.0,2464000.0,1.026e-05,0.0,248.21,248.21,228.35,2.2192,3.58,1081.09,5.51,5.07,-0.44,0.44,8.0
2025-01-01,HISTORICO,LESC,CNIOR,CUNDINAMARCA,EEC - CUNDINAMARCA,2921062.5,2482903.12,438159.38,85.0,15.0,Cubierta (85.0% Contratos / 15.0% Bolsa),301.9514,10080000.0,9990000.0,999000.0,292.5001,9900000.0,1008000.0,1.026e-05,0.0,101.54,101.54,93.42,2.2192,1.46,442.27,2.25,2.07,-0.18,0.18,8.0
2025-01-01,HISTORICO,LESC,CNIOR,SANTANDER,ESSA - SANTANDER,2921062.5,2482903.12,438159.38,85.0,15.0,Cubierta (85.0% Contratos / 15.0% Bolsa),301.9514,15680000.0,15540000.0,1554000.0,292.5001,15400000.0,1568000.0,1.026e-05,0.0,157.95,157.95,145.31,2.2192,2.28,687.97,3.51,3.22,-0.28,0.28,8.0
2025-01-01,HISTORICO,LESC,CNIOR,TOLIMA,ELET - TOLIMA,2921062.5,2482903.12,438159.38,85.0,15.0,Cubierta (85.0% Contratos / 15.0% Bolsa),301.9514,8400000.0,8325000.0,832500.0,292.5001,8250000.0,840000.0,1.026e-05,0.0,84.62,84.62,77.85,2.2192,1.22,368.55,1.88,1.73,-0.15,0.15,8.0
2025-01-01,HISTORICO,LESC,CNIOR,VALLE,CVC - VALLE DEL CAUCA,2921062.5,2482903.12,438159.38,85.0,15.0,Cubierta (85.0% Contratos / 15.0% Bolsa),301.9514,20160000.0,19980000.0,1998000.0,292.5001,19800000.0,2016000.0,1.026e-05,0.0,203.08,203.08,186.83,2.2192,2.93,884.53,4.51,4.15,-0.36,0.36,8.0
2025-02-01,HISTORICO,LESC,CNIOR,ANTIOQUIA,EPM - ANTIOQUIA,2939093.75,2498229.69,440864.06,85.0,15.0,Cubierta (85.0% Contratos / 15.0% Bolsa),318.8025,28250000.0,28000000.0,2800000.0,301.9514,27750000.0,2825000.0,9.94e-06,0.0,275.71,275.71,253.65,2.2192,3.98,1267.9,6.12,5.63,-0.49,0.49,8.0
2025-02-01,HISTORICO,LESC,CNIOR,BOGOTA,ENEL - BOGOTA CUNDINAMARCA,2939093.75,2498229.69,440864.06,85.0,15.0,Cubierta (85.0% Contratos / 15.0% Bolsa),318.8025,39550000.0,39200000.0,3920000.0,301.9514,38850000.0,3955000.0,9.94e-06,0.0,385.99,385.99,355.11,2.2192,5.57,1775.06,8.57,7.88,-0.69,0.69,8.0
2025-02-01,HISTORICO,LESC,CNIOR,CARIBE_MAR,AFINIA - CARIBE MAR,2939093.75,2498229.69,440864.06,85.0,15.0,Cubierta (85.0% Contratos / 15.0% Bolsa),318.8025,31640000.0,31360000.0,3136000.0,301.9514,31080000.0,3164000.0,9.94e-06,0.0,308.79,308.79,284.09,2.2192,4.45,1420.05,6.85,6.3,-0.55,0.55,8.0
2025-02-01,HISTORICO,LESC,CNIOR,CARIBE_SOL,AIR-E - CARIBE SOL,2939093.75,2498229.69,440864.06,85.0,15.0,Cubierta (85.0% Contratos / 15.0% Bolsa),318.8025,24860000.0,24640000.0,2464000.0,301.9514,24420000.0,2486000.0,9.94e-06,0.0,242.62,242.62,223.21,2.2192,3.5,1115.75,5.38,4.95,-0.43,0.43,8.0
2025-02-01,HISTORICO,LESC,CNIOR,CUNDINAMARCA,EEC - CUNDINAMARCA,2939093.75,2498229.69,440864.06,85.0,15.0,Cubierta (85.0% Contratos / 15.0% Bolsa),318.8025,10170000.0,10080000.0,1008000.0,301.9514,9990000.0,1017000.0,9.94e-06,0.0,99.25,99.25,91.31,2.2192,1.43,456.44,2.2,2.03,-0.18,0.18,8.0
2025-02-01,HISTORICO,LESC,CNIOR,SANTANDER,ESSA - SANTANDER,2939093.75,2498229.69,440864.06,85.0,15.0,Cubierta (85.0% Contratos / 15.0% Bolsa),318.8025,15820000.0,15680000.0,1568000.0,301.9514,15540000.0,1582000.0,9.94e-06,0.0,154.4,154.4,142.04,2.2192,2.23,710.02,3.43,3.15,-0.27,0.27,8.0
2025-02-01,HISTORICO,LESC,CNIOR,TOLIMA,ELET - TOLIMA,2939093.75,2498229.69,440864.06,85.0,15.0,Cubierta (85.0% Contratos / 15.0% Bolsa),318.8025,8475000.0,8400000.0,840000.0,301.9514,8325000.0,847500.0,9.94e-06,0.0,82.71,82.71,76.1,2.2192,1.19,380.37,1.84,1.69,-0.15,0.15,8.0
2025-02-01,HISTORICO,LESC,CNIOR,VALLE,CVC - VALLE DEL CAUCA,2939093.75,2498229.69,440864.06,85.0,15.0,Cubierta (85.0% Contratos / 15.0% Bolsa),318.8025,20340000.0,20160000.0,2016000.0,301.9514,19980000.0,2034000.0,9.94e-06,0.0,198.51,198.51,182.63,2.2192,2.86,912.89,4.41,4.05,-0.35,0.35,8.0
2025-03-01,HISTORICO,LESC,CNIOR,ANTIOQUIA,EPM - ANTIOQUIA,2957125.0,2513556.25,443568.75,85.0,15.0,Cubierta (85.0% Contratos / 15.0% Bolsa),329.8591,28500000.0,28250000.0,2825000.0,318.8025,28000000.0,2850000.0,9.41e-06,0.0,263.49,263.49,242.41,2.2192,3.8,1253.72,5.85,5.38,-0.47,0.47,8.0
2025-03-01,HISTORICO,LESC,CNIOR,BOGOTA,ENEL - BOGOTA CUNDINAMARCA,2957125.0,2513556.25,443568.75,85.0,15.0,Cubierta (85.0% Contratos / 15.0% Bolsa),329.8591,39900000.0,39550000.0,3955000.0,318.8025,39200000.0,3990000.0,9.41e-06,0.0,368.88,368.88,339.37,2.2192,5.32,1755.21,8.19,7.53,-0.65,0.65,8.0
2025-03-01,HISTORICO,LESC,CNIOR,CARIBE_MAR,AFINIA - CARIBE MAR,2957125.0,2513556.25,443568.75,85.0,15.0,Cubierta (85.0% Contratos / 15.0% Bolsa),329.8591,31920000.0,31640000.0,3164000.0,318.8025,31360000.0,3192000.0,9.41e-06,0.0,295.1,295.1,271.5,2.2192,4.26,1404.17,6.55,6.03,-0.52,0.52,8.0
2025-03-01,HISTORICO,LESC,CNIOR,CARIBE_SOL,AIR-E - CARIBE SOL,2957125.0,2513556.25,443568.75,85.0,15.0,Cubierta (85.0% Contratos / 15.0% Bolsa),329.8591,25080000.0,24860000.0,2486000.0,318.8025,24640000.0,2508000.0,9.41e-06,0.0,231.87,231.87,213.32,2.2192,3.34,1103.28,5.15,4.73,-0.41,0.41,8.0
2025-03-01,HISTORICO,LESC,CNIOR,CUNDINAMARCA,EEC - CUNDINAMARCA,2957125.0,2513556.25,443568.75,85.0,15.0,Cubierta (85.0% Contratos / 15.0% Bolsa),329.8591,10260000.0,10170000.0,1017000.0,318.8025,10080000.0,1026000.0,9.41e-06,0.0,94.85,94.85,87.27,2.2192,1.37,451.34,2.11,1.94,-0.17,0.17,8.0
2025-03-01,HISTORICO,LESC,CNIOR,SANTANDER,ESSA - SANTANDER,2957125.0,2513556.25,443568.75,85.0,15.0,Cubierta (85.0% Contratos / 15.0% Bolsa),329.8591,15960000.0,15820000.0,1582000.0,318.8025,15680000.0,1596000.0,9.41e-06,0.0,147.55,147.55,135.75,2.2192,2.13,702.09,3.27,3.01,-0.26,0.26,8.0
2025-03-01,HISTORICO,LESC,CNIOR,TOLIMA,ELET - TOLIMA,2957125.0,2513556.25,443568.75,85.0,15.0,Cubierta (85.0% Contratos / 15.0% Bolsa),329.8591,8550000.0,8475000.0,847500.0,318.8025,8400000.0,855000.0,9.41e-06,0.0,79.05,79.05,72.72,2.2192,1.14,376.12,1.75,1.61,-0.14,0.14,8.0
2025-03-01,HISTORICO,LESC,CNIOR,VALLE,CVC - VALLE DEL CAUCA,2957125.0,2513556.25,443568.75,85.0,15.0,Cubierta (85.0% Contratos / 15.0% Bolsa),329.8591,20520000.0,20340000.0,2034000.0,318.8025,20160000.0,2052000.0,9.41e-06,0.0,189.71,189.71,174.53,2.2192,2.74,902.68,4.21,3.87,-0.34,0.34,8.0
2025-04-01,HISTORICO,LESC,CNIOR,ANTIOQUIA,EPM - ANTIOQUIA,2975156.25,2528882.81,446273.44,85.0,15.0,Cubierta (85.0% Contratos / 15.0% Bolsa),327.2543,28750000.0,28500000.0,2850000.0,329.8591,28250000.0,2875000.0,9.09e-06,0.0,256.93,256.93,236.37,2.2192,3.71,1212.86,5.7,5.25,-0.46,0.46,8.0
2025-04-01,HISTORICO,LESC,CNIOR,BOGOTA,ENEL - BOGOTA CUNDINAMARCA,2975156.25,2528882.81,446273.44,85.0,15.0,Cubierta (85.0% Contratos / 15.0% Bolsa),327.2543,40250000.0,39900000.0,3990000.0,329.8591,39550000.0,4025000.0,9.09e-06,0.0,359.7,359.7,330.92,2.2192,5.19,1698.01,7.98,7.34,-0.64,0.64,8.0
2025-04-01,HISTORICO,LESC,CNIOR,CARIBE_MAR,AFINIA - CARIBE MAR,2975156.25,2528882.81,446273.44,85.0,15.0,Cubierta (85.0% Contratos / 15.0% Bolsa),327.2543,32200000.0,31920000.0,3192000.0,329.8591,31640000.0,3220000.0,9.09e-06,0.0,287.76,287.76,264.74,2.2192,4.15,1358.41,6.39,5.88,-0.51,0.51,8.0
2025-04-01,HISTORICO,LESC,CNIOR,CARIBE_SOL,AIR-E - CARIBE SOL,2975156.25,2528882.81,446273.44,85.0,15.0,Cubierta (85.0% Contratos / 15.0% Bolsa),327.2543,25300000.0,25080000.0,2508000.0,329.8591,24860000.0,2530000.0,9.09e-06,0.0,226.1,226.1,208.01,2.2192,3.26,1067.32,5.02,4.62,-0.4,0.4,8.0
2025-04-01,HISTORICO,LESC,CNIOR,CUNDINAMARCA,EEC - CUNDINAMARCA,2975156.25,2528882.81,446273.44,85.0,15.0,Cubierta (85.0% Contratos / 15.0% Bolsa),327.2543,10350000.0,10260000.0,1026000.0,329.8591,10170000.0,1035000.0,9.09e-06,0.0,92.49,92.49,85.09,2.2192,1.33,436.63,2.05,1.89,-0.16,0.16,8.0
2025-04-01,HISTORICO,LESC,CNIOR,SANTANDER,ESSA - SANTANDER,2975156.25,2528882.81,446273.44,85.0,15.0,Cubierta (85.0% Contratos / 15.0% Bolsa),327.2543,16100000.0,15960000.0,1596000.0,329.8591,15820000.0,1610000.0,9.09e-06,0.0,143.88,143.88,132.37,2.2192,2.08,679.2,3.19,2.94,-0.26,0.26,8.0
2025-04-01,HISTORICO,LESC,CNIOR,TOLIMA,ELET - TOLIMA,2975156.25,2528882.81,446273.44,85.0,15.0,Cubierta (85.0% Contratos / 15.0% Bolsa),327.2543,8625000.0,8550000.0,855000.0,329.8591,8475000.0,862500.0,9.09e-06,0.0,77.08,77.08,70.91,2.2192,1.11,363.86,1.71,1.57,-0.14,0.14,8.0
2025-04-01,HISTORICO,LESC,CNIOR,VALLE,CVC - VALLE DEL CAUCA,2975156.25,2528882.81,446273.44,85.0,15.0,Cubierta (85.0% Contratos / 15.0% Bolsa),327.2543,20700000.0,20520000.0,2052000.0,329.8591,20340000.0,2070000.0,9.09e-06,0.0,184.99,184.99,170.19,2.2192,2.67,873.26,4.11,3.78,-0.33,0.33,8.0
2025-05-01,HISTORICO,LESC,CNIOR,ANTIOQUIA,EPM - ANTIOQUIA,2993187.5,2544209.38,448978.13,85.0,15.0,Cubierta (85.0% Contratos / 15.0% Bolsa),315.6815,29000000.0,28750000.0,2875000.0,327.2543,28500000.0,2900000.0,9.17e-06,0.0,261.26,261.26,240.36,2.2192,3.77,1189.72,5.8,5.33,-0.46,0.46,8.0
2025-05-01,HISTORICO,LESC,CNIOR,BOGOTA,ENEL - BOGOTA CUNDINAMARCA,2993187.5,2544209.38,448978.13,85.0,15.0,Cubierta (85.0% Contratos / 15.0% Bolsa),315.6815,40600000.0,40250000.0,4025000.0,327.2543,39900000.0,4060000.0,9.17e-06,0.0,365.77,365.77,336.51,2.2192,5.28,1665.61,8.12,7.47,-0.65,0.65,8.0
2025-05-01,HISTORICO,LESC,CNIOR,CARIBE_MAR,AFINIA - CARIBE MAR,2993187.5,2544209.38,448978.13,85.0,15.0,Cubierta (85.0% Contratos / 15.0% Bolsa),315.6815,32480000.0,32200000.0,3220000.0,327.2543,31920000.0,3248000.0,9.17e-06,0.0,292.62,292.62,269.21,2.2192,4.22,1332.49,6.49,5.97,-0.52,0.52,8.0
2025-05-01,HISTORICO,LESC,CNIOR,CARIBE_SOL,AIR-E - CARIBE SOL,2993187.5,2544209.38,448978.13,85.0,15.0,Cubierta (85.0% Contratos / 15.0% Bolsa),315.6815,25520000.0,25300000.0,2530000.0,327.2543,25080000.0,2552000.0,9.17e-06,0.0,229.91,229.91,211.52,2.2192,3.32,1046.96,5.1,4.69,-0.41,0.41,8.0
2025-05-01,HISTORICO,LESC,CNIOR,CUNDINAMARCA,EEC - CUNDINAMARCA,2993187.5,2544209.38,448978.13,85.0,15.0,Cubierta (85.0% Contratos / 15.0% Bolsa),315.6815,10440000.0,10350000.0,1035000.0,327.2543,10260000.0,1044000.0,9.17e-06,0.0,94.06,94.06,86.53,2.2192,1.36,428.3,2.09,1.92,-0.17,0.17,8.0
2025-05-01,HISTORICO,LESC,CNIOR,SANTANDER,ESSA - SANTANDER,2993187.5,2544209.38,448978.13,85.0,15.0,Cubierta (85.0% Contratos / 15.0% Bolsa),315.6815,16240000.0,16100000.0,1610000.0,327.2543,15960000.0,1624000.0,9.17e-06,0.0,146.31,146.31,134.6,2.2192,2.11,666.24,3.25,2.99,-0.26,0.26,8.0
2025-05-01,HISTORICO,LESC,CNIOR,TOLIMA,ELET - TOLIMA,2993187.5,2544209.38,448978.13,85.0,15.0,Cubierta (85.0% Contratos / 15.0% Bolsa),315.6815,8700000.0,8625000.0,862500.0,327.2543,8550000.0,870000.0,9.17e-06,0.0,78.38,78.38,72.11,2.2192,1.13,356.92,1.74,1.6,-0.14,0.14,8.0
2025-05-01,HISTORICO,LESC,CNIOR,VALLE,CVC - VALLE DEL CAUCA,2993187.5,2544209.38,448978.13,85.0,15.0,Cubierta (85.0% Contratos / 15.0% Bolsa),315.6815,20880000.0,20700000.0,2070000.0,327.2543,20520000.0,2088000.0,9.17e-06,0.0,188.11,188.11,173.06,2.2192,2.71,856.6,4.17,3.84,-0.33,0.33,8.0
2025-06-01,HISTORICO,LESC,CNIOR,ANTIOQUIA,EPM - ANTIOQUIA,3011218.75,2559535.94,451682.81,85.0,15.0,Cubierta (85.0% Contratos / 15.0% Bolsa),308.079,29250000.0,29000000.0,2900000.0,315.6815,28750000.0,2925000.0,9.5e-06,0.0,273.22,273.22,251.36,2.2192,3.94,1214.19,6.06,5.58,-0.49,0.49,8.0
2025-06-01,HISTORICO,LESC,CNIOR,BOGOTA,ENEL - BOGOTA CUNDINAMARCA,3011218.75,2559535.94,451682.81,85.0,15.0,Cubierta (85.0% Contratos / 15.0% Bolsa),308.079,40950000.0,40600000.0,4060000.0,315.6815,40250000.0,4095000.0,9.5e-06,0.0,382.51,382.51,351.91,2.2192,5.52,1699.87,8.49,7.81,-0.68,0.68,8.0
2025-06-01,HISTORICO,LESC,CNIOR,CARIBE_MAR,AFINIA - CARIBE MAR,3011218.75,2559535.94,451682.81,85.0,15.0,Cubierta (85.0% Contratos / 15.0% Bolsa),308.079,32760000.0,32480000.0,3248000.0,315.6815,32200000.0,3276000.0,9.5e-06,0.0,306.0,306.0,281.52,2.2192,4.41,1359.9,6.79,6.25,-0.54,0.54,8.0
2025-06-01,HISTORICO,LESC,CNIOR,CARIBE_SOL,AIR-E - CARIBE SOL,3011218.75,2559535.94,451682.81,85.0,15.0,Cubierta (85.0% Contratos / 15.0% Bolsa),308.079,25740000.0,25520000.0,2552000.0,315.6815,25300000.0,2574000.0,9.5e-06,0.0,240.43,240.43,221.2,2.2192,3.47,1068.49,5.34,4.91,-0.43,0.43,8.0
2025-06-01,HISTORICO,LESC,CNIOR,CUNDINAMARCA,EEC - CUNDINAMARCA,3011218.75,2559535.94,451682.81,85.0,15.0,Cubierta (85.0% Contratos / 15.0% Bolsa),308.079,10530000.0,10440000.0,1044000.0,315.6815,10350000.0,1053000.0,9.5e-06,0.0,98.36,98.36,90.49,2.2192,1.42,437.11,2.18,2.01,-0.17,0.17,8.0
2025-06-01,HISTORICO,LESC,CNIOR,SANTANDER,ESSA - SANTANDER,3011218.75,2559535.94,451682.81,85.0,15.0,Cubierta (85.0% Contratos / 15.0% Bolsa),308.079,16380000.0,16240000.0,1624000.0,315.6815,16100000.0,1638000.0,9.5e-06,0.0,153.0,153.0,140.76,2.2192,2.21,679.95,3.4,3.12,-0.27,0.27,8.0
2025-06-01,HISTORICO,LESC,CNIOR,TOLIMA,ELET - TOLIMA,3011218.75,2559535.94,451682.81,85.0,15.0,Cubierta (85.0% Contratos / 15.0% Bolsa),308.079,8775000.0,8700000.0,870000.0,315.6815,8625000.0,877500.0,9.5e-06,0.0,81.97,81.97,75.41,2.2192,1.18,364.26,1.82,1.67,-0.15,0.15,8.0
2025-06-01,HISTORICO,LESC,CNIOR,VALLE,CVC - VALLE DEL CAUCA,3011218.75,2559535.94,451682.81,85.0,15.0,Cubierta (85.0% Contratos / 15.0% Bolsa),308.079,21060000.0,20880000.0,2088000.0,315.6815,20700000.0,2106000.0,9.5e-06,0.0,196.72,196.72,180.98,2.2192,2.84,874.22,4.37,4.02,-0.35,0.35,8.0
2025-07-01,HISTORICO,LESC,CNIOR,ANTIOQUIA,EPM - ANTIOQUIA,3029250.0,2574862.5,454387.5,85.0,15.0,Cubierta (85.0% Contratos / 15.0% Bolsa),313.7352,29500000.0,29250000.0,2925000.0,308.079,29000000.0,2950000.0,9.74e-06,0.0,282.4,282.4,259.8,2.2192,4.07,1278.02,6.27,5.77,-0.5,0.5,8.0
2025-07-01,HISTORICO,LESC,CNIOR,BOGOTA,ENEL - BOGOTA CUNDINAMARCA,3029250.0,2574862.5,454387.5,85.0,15.0,Cubierta (85.0% Contratos / 15.0% Bolsa),313.7352,41300000.0,40950000.0,4095000.0,308.079,40600000.0,4130000.0,9.74e-06,0.0,395.35,395.35,363.72,2.2192,5.7,1789.22,8.77,8.07,-0.7,0.7,8.0
2025-07-01,HISTORICO,LESC,CNIOR,CARIBE_MAR,AFINIA - CARIBE MAR,3029250.0,2574862.5,454387.5,85.0,15.0,Cubierta (85.0% Contratos / 15.0% Bolsa),313.7352,33040000.0,32760000.0,3276000.0,308.079,32480000.0,3304000.0,9.74e-06,0.0,316.28,316.28,290.98,2.2192,4.56,1431.38,7.02,6.46,-0.56,0.56,8.0
2025-07-01,HISTORICO,LESC,CNIOR,CARIBE_SOL,AIR-E - CARIBE SOL,3029250.0,2574862.5,454387.5,85.0,15.0,Cubierta (85.0% Contratos / 15.0% Bolsa),313.7352,25960000.0,25740000.0,2574000.0,308.079,25520000.0,2596000.0,9.74e-06,0.0,248.51,248.51,228.63,2.2192,3.58,1124.65,5.51,5.07,-0.44,0.44,8.0
2025-07-01,HISTORICO,LESC,CNIOR,CUNDINAMARCA,EEC - CUNDINAMARCA,3029250.0,2574862.5,454387.5,85.0,15.0,Cubierta (85.0% Contratos / 15.0% Bolsa),313.7352,10620000.0,10530000.0,1053000.0,308.079,10440000.0,1062000.0,9.74e-06,0.0,101.66,101.66,93.53,2.2192,1.47,460.09,2.26,2.08,-0.18,0.18,8.0
2025-07-01,HISTORICO,LESC,CNIOR,SANTANDER,ESSA - SANTANDER,3029250.0,2574862.5,454387.5,85.0,15.0,Cubierta (85.0% Contratos / 15.0% Bolsa),313.7352,16520000.0,16380000.0,1638000.0,308.079,16240000.0,1652000.0,9.74e-06,0.0,158.14,158.14,145.49,2.2192,2.28,715.69,3.51,3.23,-0.28,0.28,8.0
2025-07-01,HISTORICO,LESC,CNIOR,TOLIMA,ELET - TOLIMA,3029250.0,2574862.5,454387.5,85.0,15.0,Cubierta (85.0% Contratos / 15.0% Bolsa),313.7352,8850000.0,8775000.0,877500.0,308.079,8700000.0,885000.0,9.74e-06,0.0,84.72,84.72,77.94,2.2192,1.22,383.4,1.88,1.73,-0.15,0.15,8.0
2025-07-01,HISTORICO,LESC,CNIOR,VALLE,CVC - VALLE DEL CAUCA,3029250.0,2574862.5,454387.5,85.0,15.0,Cubierta (85.0% Contratos / 15.0% Bolsa),313.7352,21240000.0,21060000.0,2106000.0,308.079,20880000.0,2124000.0,9.74e-06,0.0,203.32,203.32,187.06,2.2192,2.93,920.17,4.51,4.15,-0.36,0.36,8.0
2025-08-01,HISTORICO,LESC,CNIOR,ANTIOQUIA,EPM - ANTIOQUIA,3047281.25,2590189.06,457092.19,85.0,15.0,Cubierta (85.0% Contratos / 15.0% Bolsa),329.7482,29750000.0,29500000.0,2950000.0,313.7352,29250000.0,2975000.0,9.56e-06,0.0,279.69,279.69,257.32,2.2192,4.03,1330.4,6.21,5.71,-0.5,0.5,8.0
2025-08-01,HISTORICO,LESC,CNIOR,BOGOTA,ENEL - BOGOTA CUNDINAMARCA,3047281.25,2590189.06,457092.19,85.0,15.0,Cubierta (85.0% Contratos / 15.0% Bolsa),329.7482,41650000.0,41300000.0,4130000.0,313.7352,40950000.0,4165000.0,9.56e-06,0.0,391.57,391.57,360.25,2.2192,5.65,1862.56,8.69,7.99,-0.7,0.7,8.0
2025-08-01,HISTORICO,LESC,CNIOR,CARIBE_MAR,AFINIA - CARIBE MAR,3047281.25,2590189.06,457092.19,85.0,15.0,Cubierta (85.0% Contratos / 15.0% Bolsa),329.7482,33320000.0,33040000.0,3304000.0,313.7352,32760000.0,3332000.0,9.56e-06,0.0,313.26,313.26,288.2,2.2192,4.52,1490.05,6.95,6.4,-0.56,0.56,8.0
2025-08-01,HISTORICO,LESC,CNIOR,CARIBE_SOL,AIR-E - CARIBE SOL,3047281.25,2590189.06,457092.19,85.0,15.0,Cubierta (85.0% Contratos / 15.0% Bolsa),329.7482,26180000.0,25960000.0,2596000.0,313.7352,25740000.0,2618000.0,9.56e-06,0.0,246.13,246.13,226.44,2.2192,3.55,1170.75,5.46,5.03,-0.44,0.44,8.0
2025-08-01,HISTORICO,LESC,CNIOR,CUNDINAMARCA,EEC - CUNDINAMARCA,3047281.25,2590189.06,457092.19,85.0,15.0,Cubierta (85.0% Contratos / 15.0% Bolsa),329.7482,10710000.0,10620000.0,1062000.0,313.7352,10530000.0,1071000.0,9.56e-06,0.0,100.69,100.69,92.63,2.2192,1.45,478.94,2.23,2.06,-0.18,0.18,8.0
2025-08-01,HISTORICO,LESC,CNIOR,SANTANDER,ESSA - SANTANDER,3047281.25,2590189.06,457092.19,85.0,15.0,Cubierta (85.0% Contratos / 15.0% Bolsa),329.7482,16660000.0,16520000.0,1652000.0,313.7352,16380000.0,1666000.0,9.56e-06,0.0,156.63,156.63,144.1,2.2192,2.26,745.02,3.48,3.2,-0.28,0.28,8.0
2025-08-01,HISTORICO,LESC,CNIOR,TOLIMA,ELET - TOLIMA,3047281.25,2590189.06,457092.19,85.0,15.0,Cubierta (85.0% Contratos / 15.0% Bolsa),329.7482,8925000.0,8850000.0,885000.0,313.7352,8775000.0,892500.0,9.56e-06,0.0,83.91,83.91,77.2,2.2192,1.21,399.12,1.86,1.71,-0.15,0.15,8.0
2025-08-01,HISTORICO,LESC,CNIOR,VALLE,CVC - VALLE DEL CAUCA,3047281.25,2590189.06,457092.19,85.0,15.0,Cubierta (85.0% Contratos / 15.0% Bolsa),329.7482,21420000.0,21240000.0,2124000.0,313.7352,21060000.0,2142000.0,9.56e-06,0.0,201.38,201.38,185.27,2.2192,2.9,957.89,4.47,4.11,-0.36,0.36,8.0
2025-09-01,HISTORICO,LESC,CNIOR,ANTIOQUIA,EPM - ANTIOQUIA,3065312.5,2605515.62,459796.88,85.0,15.0,Cubierta (85.0% Contratos / 15.0% Bolsa),343.6942,30000000.0,29750000.0,2975000.0,329.7482,29500000.0,3000000.0,9.1e-06,0.0,268.39,268.39,246.92,2.2192,3.87,1330.6,5.96,5.48,-0.48,0.48,8.0
2025-09-01,HISTORICO,LESC,CNIOR,BOGOTA,ENEL - BOGOTA CUNDINAMARCA,3065312.5,2605515.62,459796.88,85.0,15.0,Cubierta (85.0% Contratos / 15.0% Bolsa),343.6942,42000000.0,41650000.0,4165000.0,329.7482,41300000.0,4200000.0,9.1e-06,0.0,375.74,375.74,345.68,2.2192,5.42,1862.85,8.34,7.67,-0.67,0.67,8.0
2025-09-01,HISTORICO,LESC,CNIOR,CARIBE_MAR,AFINIA - CARIBE MAR,3065312.5,2605515.62,459796.88,85.0,15.0,Cubierta (85.0% Contratos / 15.0% Bolsa),343.6942,33600000.0,33320000.0,3332000.0,329.7482,33040000.0,3360000.0,9.1e-06,0.0,300.59,300.59,276.55,2.2192,4.34,1490.28,6.67,6.14,-0.53,0.53,8.0
2025-09-01,HISTORICO,LESC,CNIOR,CARIBE_SOL,AIR-E - CARIBE SOL,3065312.5,2605515.62,459796.88,85.0,15.0,Cubierta (85.0% Contratos / 15.0% Bolsa),343.6942,26400000.0,26180000.0,2618000.0,329.7482,25960000.0,2640000.0,9.1e-06,0.0,236.18,236.18,217.29,2.2192,3.41,1170.93,5.24,4.82,-0.42,0.42,8.0
2025-09-01,HISTORICO,LESC,CNIOR,CUNDINAMARCA,EEC - CUNDINAMARCA,3065312.5,2605515.62,459796.88,85.0,15.0,Cubierta (85.0% Contratos / 15.0% Bolsa),343.6942,10800000.0,10710000.0,1071000.0,329.7482,10620000.0,1080000.0,9.1e-06,0.0,96.62,96.62,88.89,2.2192,1.39,479.02,2.14,1.97,-0.17,0.17,8.0
2025-09-01,HISTORICO,LESC,CNIOR,SANTANDER,ESSA - SANTANDER,3065312.5,2605515.62,459796.88,85.0,15.0,Cubierta (85.0% Contratos / 15.0% Bolsa),343.6942,16800000.0,16660000.0,1666000.0,329.7482,16520000.0,1680000.0,9.1e-06,0.0,150.3,150.3,138.27,2.2192,2.17,745.14,3.34,3.07,-0.27,0.27,8.0
2025-09-01,HISTORICO,LESC,CNIOR,TOLIMA,ELET - TOLIMA,3065312.5,2605515.62,459796.88,85.0,15.0,Cubierta (85.0% Contratos / 15.0% Bolsa),343.6942,9000000.0,8925000.0,892500.0,329.7482,8850000.0,900000.0,9.1e-06,0.0,80.52,80.52,74.07,2.2192,1.16,399.18,1.79,1.64,-0.14,0.14,8.0
2025-09-01,HISTORICO,LESC,CNIOR,VALLE,CVC - VALLE DEL CAUCA,3065312.5,2605515.62,459796.88,85.0,15.0,Cubierta (85.0% Contratos / 15.0% Bolsa),343.6942,21600000.0,21420000.0,2142000.0,329.7482,21240000.0,2160000.0,9.1e-06,0.0,193.24,193.24,177.78,2.2192,2.79,958.03,4.29,3.95,-0.34,0.34,8.0
2025-10-01,HISTORICO,LESC,CNIOR,ANTIOQUIA,EPM - ANTIOQUIA,3083343.75,2620842.19,462501.56,85.0,15.0,Cubierta (85.0% Contratos / 15.0% Bolsa),345.0498,30250000.0,30000000.0,3000000.0,343.6942,29750000.0,3025000.0,8.73e-06,0.0,259.68,259.68,238.9,2.2192,3.75,1292.51,5.76,5.3,-0.46,0.46,8.0
2025-10-01,HISTORICO,LESC,CNIOR,BOGOTA,ENEL - BOGOTA CUNDINAMARCA,3083343.75,2620842.19,462501.56,85.0,15.0,Cubierta (85.0% Contratos / 15.0% Bolsa),345.0498,42350000.0,42000000.0,4200000.0,343.6942,41650000.0,4235000.0,8.73e-06,0.0,363.55,363.55,334.47,2.2192,5.24,1809.51,8.07,7.42,-0.65,0.65,8.0
2025-10-01,HISTORICO,LESC,CNIOR,CARIBE_MAR,AFINIA - CARIBE MAR,3083343.75,2620842.19,462501.56,85.0,15.0,Cubierta (85.0% Contratos / 15.0% Bolsa),345.0498,33880000.0,33600000.0,3360000.0,343.6942,33320000.0,3388000.0,8.73e-06,0.0,290.84,290.84,267.57,2.2192,4.2,1447.61,6.45,5.94,-0.52,0.52,8.0
2025-10-01,HISTORICO,LESC,CNIOR,CARIBE_SOL,AIR-E - CARIBE SOL,3083343.75,2620842.19,462501.56,85.0,15.0,Cubierta (85.0% Contratos / 15.0% Bolsa),345.0498,26620000.0,26400000.0,2640000.0,343.6942,26180000.0,2662000.0,8.73e-06,0.0,228.52,228.52,210.24,2.2192,3.3,1137.41,5.07,4.67,-0.41,0.41,8.0
2025-10-01,HISTORICO,LESC,CNIOR,CUNDINAMARCA,EEC - CUNDINAMARCA,3083343.75,2620842.19,462501.56,85.0,15.0,Cubierta (85.0% Contratos / 15.0% Bolsa),345.0498,10890000.0,10800000.0,1080000.0,343.6942,10710000.0,1089000.0,8.73e-06,0.0,93.48,93.48,86.01,2.2192,1.35,465.3,2.07,1.91,-0.17,0.17,8.0
2025-10-01,HISTORICO,LESC,CNIOR,SANTANDER,ESSA - SANTANDER,3083343.75,2620842.19,462501.56,85.0,15.0,Cubierta (85.0% Contratos / 15.0% Bolsa),345.0498,16940000.0,16800000.0,1680000.0,343.6942,16660000.0,1694000.0,8.73e-06,0.0,145.42,145.42,133.79,2.2192,2.1,723.81,3.23,2.97,-0.26,0.26,8.0
2025-10-01,HISTORICO,LESC,CNIOR,TOLIMA,ELET - TOLIMA,3083343.75,2620842.19,462501.56,85.0,15.0,Cubierta (85.0% Contratos / 15.0% Bolsa),345.0498,9075000.0,9000000.0,900000.0,343.6942,8925000.0,907500.0,8.73e-06,0.0,77.9,77.9,71.67,2.2192,1.12,387.75,1.73,1.59,-0.14,0.14,8.0
2025-10-01,HISTORICO,LESC,CNIOR,VALLE,CVC - VALLE DEL CAUCA,3083343.75,2620842.19,462501.56,85.0,15.0,Cubierta (85.0% Contratos / 15.0% Bolsa),345.0498,21780000.0,21600000.0,2160000.0,343.6942,21420000.0,2178000.0,8.73e-06,0.0,186.97,186.97,172.01,2.2192,2.7,930.61,4.15,3.82,-0.33,0.33,8.0
2025-11-01,HISTORICO,LESC,CNIOR,ANTIOQUIA,EPM - ANTIOQUIA,3101375.0,2636168.75,465206.25,85.0,15.0,Cubierta (85.0% Contratos / 15.0% Bolsa),334.8672,30500000.0,30250000.0,3025000.0,345.0498,30000000.0,3050000.0,8.69e-06,0.0,260.83,260.83,239.97,2.2192,3.76,1259.94,5.79,5.33,-0.46,0.46,8.0
2025-11-01,HISTORICO,LESC,CNIOR,BOGOTA,ENEL - BOGOTA CUNDINAMARCA,3101375.0,2636168.75,465206.25,85.0,15.0,Cubierta (85.0% Contratos / 15.0% Bolsa),334.8672,42700000.0,42350000.0,4235000.0,345.0498,42000000.0,4270000.0,8.69e-06,0.0,365.16,365.16,335.95,2.2192,5.27,1763.91,8.1,7.46,-0.65,0.65,8.0
2025-11-01,HISTORICO,LESC,CNIOR,CARIBE_MAR,AFINIA - CARIBE MAR,3101375.0,2636168.75,465206.25,85.0,15.0,Cubierta (85.0% Contratos / 15.0% Bolsa),334.8672,34160000.0,33880000.0,3388000.0,345.0498,33600000.0,3416000.0,8.69e-06,0.0,292.13,292.13,268.76,2.2192,4.21,1411.13,6.48,5.96,-0.52,0.52,8.0
2025-11-01,HISTORICO,LESC,CNIOR,CARIBE_SOL,AIR-E - CARIBE SOL,3101375.0,2636168.75,465206.25,85.0,15.0,Cubierta (85.0% Contratos / 15.0% Bolsa),334.8672,26840000.0,26620000.0,2662000.0,345.0498,26400000.0,2684000.0,8.69e-06,0.0,229.53,229.53,211.17,2.2192,3.31,1108.75,5.09,4.69,-0.41,0.41,8.0
2025-11-01,HISTORICO,LESC,CNIOR,CUNDINAMARCA,EEC - CUNDINAMARCA,3101375.0,2636168.75,465206.25,85.0,15.0,Cubierta (85.0% Contratos / 15.0% Bolsa),334.8672,10980000.0,10890000.0,1089000.0,345.0498,10800000.0,1098000.0,8.69e-06,0.0,93.9,93.9,86.39,2.2192,1.35,453.58,2.08,1.92,-0.17,0.17,8.0
2025-11-01,HISTORICO,LESC,CNIOR,SANTANDER,ESSA - SANTANDER,3101375.0,2636168.75,465206.25,85.0,15.0,Cubierta (85.0% Contratos / 15.0% Bolsa),334.8672,17080000.0,16940000.0,1694000.0,345.0498,16800000.0,1708000.0,8.69e-06,0.0,146.07,146.07,134.38,2.2192,2.11,705.57,3.24,2.98,-0.26,0.26,8.0
2025-11-01,HISTORICO,LESC,CNIOR,TOLIMA,ELET - TOLIMA,3101375.0,2636168.75,465206.25,85.0,15.0,Cubierta (85.0% Contratos / 15.0% Bolsa),334.8672,9150000.0,9075000.0,907500.0,345.0498,9000000.0,915000.0,8.69e-06,0.0,78.25,78.25,71.99,2.2192,1.13,377.98,1.74,1.6,-0.14,0.14,8.0
2025-11-01,HISTORICO,LESC,CNIOR,VALLE,CVC - VALLE DEL CAUCA,3101375.0,2636168.75,465206.25,85.0,15.0,Cubierta (85.0% Contratos / 15.0% Bolsa),334.8672,21960000.0,21780000.0,2178000.0,345.0498,21600000.0,2196000.0,8.69e-06,0.0,187.8,187.8,172.78,2.2192,2.71,907.16,4.17,3.83,-0.33,0.33,8.0
2025-12-01,HISTORICO,LESC,CNIOR,ANTIOQUIA,EPM - ANTIOQUIA,3119406.25,2651495.31,467910.94,85.0,15.0,Cubierta (85.0% Contratos / 15.0% Bolsa),324.8067,30750000.0,30500000.0,3050000.0,334.8672,30250000.0,3075000.0,8.96e-06,0.0,271.0,271.0,249.32,2.2192,3.91,1269.74,6.01,5.53,-0.48,0.48,8.0
2025-12-01,HISTORICO,LESC,CNIOR,BOGOTA,ENEL - BOGOTA CUNDINAMARCA,3119406.25,2651495.31,467910.94,85.0,15.0,Cubierta (85.0% Contratos / 15.0% Bolsa),324.8067,43050000.0,42700000.0,4270000.0,334.8672,42350000.0,4305000.0,8.96e-06,0.0,379.4,379.4,349.05,2.2192,5.47,1777.64,8.42,7.75,-0.67,0.67,8.0
2025-12-01,HISTORICO,LESC,CNIOR,CARIBE_MAR,AFINIA - CARIBE MAR,3119406.25,2651495.31,467910.94,85.0,15.0,Cubierta (85.0% Contratos / 15.0% Bolsa),324.8067,34440000.0,34160000.0,3416000.0,334.8672,33880000.0,3444000.0,8.96e-06,0.0,303.52,303.52,279.24,2.2192,4.38,1422.11,6.74,6.2,-0.54,0.54,8.0
2025-12-01,HISTORICO,LESC,CNIOR,CARIBE_SOL,AIR-E - CARIBE SOL,3119406.25,2651495.31,467910.94,85.0,15.0,Cubierta (85.0% Contratos / 15.0% Bolsa),324.8067,27060000.0,26840000.0,2684000.0,334.8672,26620000.0,2706000.0,8.96e-06,0.0,238.48,238.48,219.4,2.2192,3.44,1117.37,5.29,4.87,-0.42,0.42,8.0
2025-12-01,HISTORICO,LESC,CNIOR,CUNDINAMARCA,EEC - CUNDINAMARCA,3119406.25,2651495.31,467910.94,85.0,15.0,Cubierta (85.0% Contratos / 15.0% Bolsa),324.8067,11070000.0,10980000.0,1098000.0,334.8672,10890000.0,1107000.0,8.96e-06,0.0,97.56,97.56,89.76,2.2192,1.41,457.11,2.17,1.99,-0.17,0.17,8.0
2025-12-01,HISTORICO,LESC,CNIOR,SANTANDER,ESSA - SANTANDER,3119406.25,2651495.31,467910.94,85.0,15.0,Cubierta (85.0% Contratos / 15.0% Bolsa),324.8067,17220000.0,17080000.0,1708000.0,334.8672,16940000.0,1722000.0,8.96e-06,0.0,151.76,151.76,139.62,2.2192,2.19,711.05,3.37,3.1,-0.27,0.27,8.0
2025-12-01,HISTORICO,LESC,CNIOR,TOLIMA,ELET - TOLIMA,3119406.25,2651495.31,467910.94,85.0,15.0,Cubierta (85.0% Contratos / 15.0% Bolsa),324.8067,9225000.0,9150000.0,915000.0,334.8672,9075000.0,922500.0,8.96e-06,0.0,81.3,81.3,74.8,2.2192,1.17,380.92,1.8,1.66,-0.14,0.14,8.0
2025-12-01,HISTORICO,LESC,CNIOR,VALLE,CVC - VALLE DEL CAUCA,3119406.25,2651495.31,467910.94,85.0,15.0,Cubierta (85.0% Contratos / 15.0% Bolsa),324.8067,22140000.0,21960000.0,2196000.0,334.8672,21780000.0,2214000.0,8.96e-06,0.0,195.12,195.12,179.51,2.2192,2.81,914.21,4.33,3.98,-0.35,0.35,8.0
2026-01-01,HISTORICO,LESC,CNIOR,ANTIOQUIA,EPM - ANTIOQUIA,3137437.5,2666821.88,470615.63,85.0,15.0,Cubierta (85.0% Contratos / 15.0% Bolsa),326.4163,31000000.0,30750000.0,3075000.0,324.8067,30500000.0,3100000.0,9.24e-06,0.0,281.71,281.71,259.17,2.2192,4.06,1326.43,6.25,5.75,-0.5,0.5,8.0
2026-01-01,HISTORICO,LESC,CNIOR,BOGOTA,ENEL - BOGOTA CUNDINAMARCA,3137437.5,2666821.88,470615.63,85.0,15.0,Cubierta (85.0% Contratos / 15.0% Bolsa),326.4163,43400000.0,43050000.0,4305000.0,324.8067,42700000.0,4340000.0,9.24e-06,0.0,394.39,394.39,362.84,2.2192,5.69,1857.0,8.75,8.05,-0.7,0.7,8.0
2026-01-01,HISTORICO,LESC,CNIOR,CARIBE_MAR,AFINIA - CARIBE MAR,3137437.5,2666821.88,470615.63,85.0,15.0,Cubierta (85.0% Contratos / 15.0% Bolsa),326.4163,34720000.0,34440000.0,3444000.0,324.8067,34160000.0,3472000.0,9.24e-06,0.0,315.51,315.51,290.27,2.2192,4.55,1485.6,7.0,6.44,-0.56,0.56,8.0
2026-01-01,HISTORICO,LESC,CNIOR,CARIBE_SOL,AIR-E - CARIBE SOL,3137437.5,2666821.88,470615.63,85.0,15.0,Cubierta (85.0% Contratos / 15.0% Bolsa),326.4163,27280000.0,27060000.0,2706000.0,324.8067,26840000.0,2728000.0,9.24e-06,0.0,247.9,247.9,228.07,2.2192,3.58,1167.26,5.5,5.06,-0.44,0.44,8.0
2026-01-01,HISTORICO,LESC,CNIOR,CUNDINAMARCA,EEC - CUNDINAMARCA,3137437.5,2666821.88,470615.63,85.0,15.0,Cubierta (85.0% Contratos / 15.0% Bolsa),326.4163,11160000.0,11070000.0,1107000.0,324.8067,10980000.0,1116000.0,9.24e-06,0.0,101.41,101.41,93.3,2.2192,1.46,477.51,2.25,2.07,-0.18,0.18,8.0
2026-01-01,HISTORICO,LESC,CNIOR,SANTANDER,ESSA - SANTANDER,3137437.5,2666821.88,470615.63,85.0,15.0,Cubierta (85.0% Contratos / 15.0% Bolsa),326.4163,17360000.0,17220000.0,1722000.0,324.8067,17080000.0,1736000.0,9.24e-06,0.0,157.76,157.76,145.13,2.2192,2.28,742.8,3.5,3.22,-0.28,0.28,8.0
2026-01-01,HISTORICO,LESC,CNIOR,TOLIMA,ELET - TOLIMA,3137437.5,2666821.88,470615.63,85.0,15.0,Cubierta (85.0% Contratos / 15.0% Bolsa),326.4163,9300000.0,9225000.0,922500.0,324.8067,9150000.0,930000.0,9.24e-06,0.0,84.51,84.51,77.75,2.2192,1.22,397.93,1.88,1.73,-0.15,0.15,8.0
2026-01-01,HISTORICO,LESC,CNIOR,VALLE,CVC - VALLE DEL CAUCA,3137437.5,2666821.88,470615.63,85.0,15.0,Cubierta (85.0% Contratos / 15.0% Bolsa),326.4163,22320000.0,22140000.0,2214000.0,324.8067,21960000.0,2232000.0,9.24e-06,0.0,202.83,202.83,186.6,2.2192,2.93,955.03,4.5,4.14,-0.36,0.36,8.0
2026-02-01,HISTORICO,LESC,CNIOR,ANTIOQUIA,EPM - ANTIOQUIA,3155468.75,2682148.44,473320.31,85.0,15.0,Cubierta (85.0% Contratos / 15.0% Bolsa),340.5147,31250000.0,31000000.0,3100000.0,326.4163,30750000.0,3125000.0,9.19e-06,0.0,282.61,282.61,260.01,2.2192,4.08,1388.18,6.27,5.77,-0.5,0.5,8.0
2026-02-01,HISTORICO,LESC,CNIOR,BOGOTA,ENEL - BOGOTA CUNDINAMARCA,3155468.75,2682148.44,473320.31,85.0,15.0,Cubierta (85.0% Contratos / 15.0% Bolsa),340.5147,43750000.0,43400000.0,4340000.0,326.4163,43050000.0,4375000.0,9.19e-06,0.0,395.66,395.66,364.01,2.2192,5.71,1943.45,8.78,8.08,-0.7,0.7,8.0
2026-02-01,HISTORICO,LESC,CNIOR,CARIBE_MAR,AFINIA - CARIBE MAR,3155468.75,2682148.44,473320.31,85.0,15.0,Cubierta (85.0% Contratos / 15.0% Bolsa),340.5147,35000000.0,34720000.0,3472000.0,326.4163,34440000.0,3500000.0,9.19e-06,0.0,316.53,316.53,291.21,2.2192,4.57,1554.76,7.02,6.46,-0.56,0.56,8.0
2026-02-01,HISTORICO,LESC,CNIOR,CARIBE_SOL,AIR-E - CARIBE SOL,3155468.75,2682148.44,473320.31,85.0,15.0,Cubierta (85.0% Contratos / 15.0% Bolsa),340.5147,27500000.0,27280000.0,2728000.0,326.4163,27060000.0,2750000.0,9.19e-06,0.0,248.7,248.7,228.8,2.2192,3.59,1221.6,5.52,5.08,-0.44,0.44,8.0
2026-02-01,HISTORICO,LESC,CNIOR,CUNDINAMARCA,EEC - CUNDINAMARCA,3155468.75,2682148.44,473320.31,85.0,15.0,Cubierta (85.0% Contratos / 15.0% Bolsa),340.5147,11250000.0,11160000.0,1116000.0,326.4163,11070000.0,1125000.0,9.19e-06,0.0,101.74,101.74,93.6,2.2192,1.47,499.75,2.26,2.08,-0.18,0.18,8.0
2026-02-01,HISTORICO,LESC,CNIOR,SANTANDER,ESSA - SANTANDER,3155468.75,2682148.44,473320.31,85.0,15.0,Cubierta (85.0% Contratos / 15.0% Bolsa),340.5147,17500000.0,17360000.0,1736000.0,326.4163,17220000.0,1750000.0,9.19e-06,0.0,158.26,158.26,145.6,2.2192,2.28,777.38,3.51,3.23,-0.28,0.28,8.0
2026-02-01,HISTORICO,LESC,CNIOR,TOLIMA,ELET - TOLIMA,3155468.75,2682148.44,473320.31,85.0,15.0,Cubierta (85.0% Contratos / 15.0% Bolsa),340.5147,9375000.0,9300000.0,930000.0,326.4163,9225000.0,937500.0,9.19e-06,0.0,84.78,84.78,78.0,2.2192,1.22,416.45,1.88,1.73,-0.15,0.15,8.0
2026-02-01,HISTORICO,LESC,CNIOR,VALLE,CVC - VALLE DEL CAUCA,3155468.75,2682148.44,473320.31,85.0,15.0,Cubierta (85.0% Contratos / 15.0% Bolsa),340.5147,22500000.0,22320000.0,2232000.0,326.4163,22140000.0,2250000.0,9.19e-06,0.0,203.48,203.48,187.2,2.2192,2.94,999.49,4.52,4.15,-0.36,0.36,8.0
2026-03-01,HISTORICO,LESC,CNIOR,ANTIOQUIA,EPM - ANTIOQUIA,3173500.0,2697475.0,476025.0,85.0,15.0,Cubierta (85.0% Contratos / 15.0% Bolsa),356.4384,31500000.0,31250000.0,3125000.0,340.5147,31000000.0,3150000.0,8.81e-06,0.0,273.12,273.12,251.27,2.2192,3.94,1404.26,6.06,5.58,-0.48,0.48,8.0
2026-03-01,HISTORICO,LESC,CNIOR,BOGOTA,ENEL - BOGOTA CUNDINAMARCA,3173500.0,2697475.0,476025.0,85.0,15.0,Cubierta (85.0% Contratos / 15.0% Bolsa),356.4384,44100000.0,43750000.0,4375000.0,340.5147,43400000.0,4410000.0,8.81e-06,0.0,382.36,382.36,351.77,2.2192,5.52,1965.96,8.49,7.81,-0.68,0.68,8.0
2026-03-01,HISTORICO,LESC,CNIOR,CARIBE_MAR,AFINIA - CARIBE MAR,3173500.0,2697475.0,476025.0,85.0,15.0,Cubierta (85.0% Contratos / 15.0% Bolsa),356.4384,35280000.0,35000000.0,3500000.0,340.5147,34720000.0,3528000.0,8.81e-06,0.0,305.89,305.89,281.42,2.2192,4.41,1572.77,6.79,6.25,-0.54,0.54,8.0
2026-03-01,HISTORICO,LESC,CNIOR,CARIBE_SOL,AIR-E - CARIBE SOL,3173500.0,2697475.0,476025.0,85.0,15.0,Cubierta (85.0% Contratos / 15.0% Bolsa),356.4384,27720000.0,27500000.0,2750000.0,340.5147,27280000.0,2772000.0,8.81e-06,0.0,240.34,240.34,221.11,2.2192,3.47,1235.75,5.33,4.91,-0.43,0.43,8.0
2026-03-01,HISTORICO,LESC,CNIOR,CUNDINAMARCA,EEC - CUNDINAMARCA,3173500.0,2697475.0,476025.0,85.0,15.0,Cubierta (85.0% Contratos / 15.0% Bolsa),356.4384,11340000.0,11250000.0,1125000.0,340.5147,11160000.0,1134000.0,8.81e-06,0.0,98.32,98.32,90.46,2.2192,1.42,505.53,2.18,2.01,-0.17,0.17,8.0
2026-03-01,HISTORICO,LESC,CNIOR,SANTANDER,ESSA - SANTANDER,3173500.0,2697475.0,476025.0,85.0,15.0,Cubierta (85.0% Contratos / 15.0% Bolsa),356.4384,17640000.0,17500000.0,1750000.0,340.5147,17360000.0,1764000.0,8.81e-06,0.0,152.94,152.94,140.71,2.2192,2.21,786.39,3.39,3.12,-0.27,0.27,8.0
2026-03-01,HISTORICO,LESC,CNIOR,TOLIMA,ELET - TOLIMA,3173500.0,2697475.0,476025.0,85.0,15.0,Cubierta (85.0% Contratos / 15.0% Bolsa),356.4384,9450000.0,9375000.0,937500.0,340.5147,9300000.0,945000.0,8.81e-06,0.0,81.93,81.93,75.38,2.2192,1.18,421.28,1.82,1.67,-0.15,0.15,8.0
2026-03-01,HISTORICO,LESC,CNIOR,VALLE,CVC - VALLE DEL CAUCA,3173500.0,2697475.0,476025.0,85.0,15.0,Cubierta (85.0% Contratos / 15.0% Bolsa),356.4384,22680000.0,22500000.0,2250000.0,340.5147,22320000.0,2268000.0,8.81e-06,0.0,196.64,196.64,180.91,2.2192,2.84,1011.07,4.36,4.01,-0.35,0.35,8.0
2026-04-01,HISTORICO,LESC,CNIOR,ANTIOQUIA,EPM - ANTIOQUIA,3191531.25,2712801.56,478729.69,85.0,15.0,Cubierta (85.0% Contratos / 15.0% Bolsa),361.8456,31750000.0,31500000.0,3150000.0,356.4384,31250000.0,3175000.0,8.42e-06,0.0,263.02,263.02,241.98,2.2192,3.79,1372.86,5.84,5.37,-0.47,0.47,8.0
2026-04-01,HISTORICO,LESC,CNIOR,BOGOTA,ENEL - BOGOTA CUNDINAMARCA,3191531.25,2712801.56,478729.69,85.0,15.0,Cubierta (85.0% Contratos / 15.0% Bolsa),361.8456,44450000.0,44100000.0,4410000.0,356.4384,43750000.0,4445000.0,8.42e-06,0.0,368.23,368.23,338.77,2.2192,5.31,1922.0,8.17,7.52,-0.65,0.65,8.0
2026-04-01,HISTORICO,LESC,CNIOR,CARIBE_MAR,AFINIA - CARIBE MAR,3191531.25,2712801.56,478729.69,85.0,15.0,Cubierta (85.0% Contratos / 15.0% Bolsa),361.8456,35560000.0,35280000.0,3528000.0,356.4384,35000000.0,3556000.0,8.42e-06,0.0,294.58,294.58,271.01,2.2192,4.25,1537.6,6.54,6.01,-0.52,0.52,8.0
2026-04-01,HISTORICO,LESC,CNIOR,CARIBE_SOL,AIR-E - CARIBE SOL,3191531.25,2712801.56,478729.69,85.0,15.0,Cubierta (85.0% Contratos / 15.0% Bolsa),361.8456,27940000.0,27720000.0,2772000.0,356.4384,27500000.0,2794000.0,8.42e-06,0.0,231.46,231.46,212.94,2.2192,3.34,1208.12,5.14,4.73,-0.41,0.41,8.0
2026-04-01,HISTORICO,LESC,CNIOR,CUNDINAMARCA,EEC - CUNDINAMARCA,3191531.25,2712801.56,478729.69,85.0,15.0,Cubierta (85.0% Contratos / 15.0% Bolsa),361.8456,11430000.0,11340000.0,1134000.0,356.4384,11250000.0,1143000.0,8.42e-06,0.0,94.69,94.69,87.11,2.2192,1.37,494.23,2.1,1.93,-0.17,0.17,8.0
2026-04-01,HISTORICO,LESC,CNIOR,SANTANDER,ESSA - SANTANDER,3191531.25,2712801.56,478729.69,85.0,15.0,Cubierta (85.0% Contratos / 15.0% Bolsa),361.8456,17780000.0,17640000.0,1764000.0,356.4384,17500000.0,1778000.0,8.42e-06,0.0,147.29,147.29,135.51,2.2192,2.12,768.8,3.27,3.01,-0.26,0.26,8.0
2026-04-01,HISTORICO,LESC,CNIOR,TOLIMA,ELET - TOLIMA,3191531.25,2712801.56,478729.69,85.0,15.0,Cubierta (85.0% Contratos / 15.0% Bolsa),361.8456,9525000.0,9450000.0,945000.0,356.4384,9375000.0,952500.0,8.42e-06,0.0,78.91,78.91,72.59,2.2192,1.14,411.86,1.75,1.61,-0.14,0.14,8.0
2026-04-01,HISTORICO,LESC,CNIOR,VALLE,CVC - VALLE DEL CAUCA,3191531.25,2712801.56,478729.69,85.0,15.0,Cubierta (85.0% Contratos / 15.0% Bolsa),361.8456,22860000.0,22680000.0,2268000.0,356.4384,22500000.0,2286000.0,8.42e-06,0.0,189.37,189.37,174.22,2.2192,2.73,988.46,4.2,3.87,-0.34,0.34,8.0
2026-05-01,HISTORICO,LESC,CNIOR,ANTIOQUIA,EPM - ANTIOQUIA,3209562.5,2728128.12,481434.38,85.0,15.0,Cubierta (85.0% Contratos / 15.0% Bolsa),354.0636,32000000.0,31750000.0,3175000.0,361.8456,31500000.0,3200000.0,8.29e-06,0.0,261.16,261.16,240.27,2.2192,3.77,1333.85,5.8,5.33,-0.46,0.46,8.0
2026-05-01,HISTORICO,LESC,CNIOR,BOGOTA,ENEL - BOGOTA CUNDINAMARCA,3209562.5,2728128.12,481434.38,85.0,15.0,Cubierta (85.0% Contratos / 15.0% Bolsa),354.0636,44800000.0,44450000.0,4445000.0,361.8456,44100000.0,4480000.0,8.29e-06,0.0,365.63,365.63,336.38,2.2192,5.27,1867.38,8.11,7.46,-0.65,0.65,8.0
2026-05-01,HISTORICO,LESC,CNIOR,CARIBE_MAR,AFINIA - CARIBE MAR,3209562.5,2728128.12,481434.38,85.0,15.0,Cubierta (85.0% Contratos / 15.0% Bolsa),354.0636,35840000.0,35560000.0,3556000.0,361.8456,35280000.0,3584000.0,8.29e-06,0.0,292.5,292.5,269.1,2.2192,4.22,1493.91,6.49,5.97,-0.52,0.52,8.0
2026-05-01,HISTORICO,LESC,CNIOR,CARIBE_SOL,AIR-E - CARIBE SOL,3209562.5,2728128.12,481434.38,85.0,15.0,Cubierta (85.0% Contratos / 15.0% Bolsa),354.0636,28160000.0,27940000.0,2794000.0,361.8456,27720000.0,2816000.0,8.29e-06,0.0,229.82,229.82,211.44,2.2192,3.32,1173.78,5.1,4.69,-0.41,0.41,8.0
2026-05-01,HISTORICO,LESC,CNIOR,CUNDINAMARCA,EEC - CUNDINAMARCA,3209562.5,2728128.12,481434.38,85.0,15.0,Cubierta (85.0% Contratos / 15.0% Bolsa),354.0636,11520000.0,11430000.0,1143000.0,361.8456,11340000.0,1152000.0,8.29e-06,0.0,94.02,94.02,86.5,2.2192,1.36,480.18,2.09,1.92,-0.17,0.17,8.0
2026-05-01,HISTORICO,LESC,CNIOR,SANTANDER,ESSA - SANTANDER,3209562.5,2728128.12,481434.38,85.0,15.0,Cubierta (85.0% Contratos / 15.0% Bolsa),354.0636,17920000.0,17780000.0,1778000.0,361.8456,17640000.0,1792000.0,8.29e-06,0.0,146.25,146.25,134.55,2.2192,2.11,746.95,3.25,2.99,-0.26,0.26,8.0
2026-05-01,HISTORICO,LESC,CNIOR,TOLIMA,ELET - TOLIMA,3209562.5,2728128.12,481434.38,85.0,15.0,Cubierta (85.0% Contratos / 15.0% Bolsa),354.0636,9600000.0,9525000.0,952500.0,361.8456,9450000.0,960000.0,8.29e-06,0.0,78.35,78.35,72.08,2.2192,1.13,400.15,1.74,1.6,-0.14,0.14,8.0
2026-05-01,HISTORICO,LESC,CNIOR,VALLE,CVC - VALLE DEL CAUCA,3209562.5,2728128.12,481434.38,85.0,15.0,Cubierta (85.0% Contratos / 15.0% Bolsa),354.0636,23040000.0,22860000.0,2286000.0,361.8456,22680000.0,2304000.0,8.29e-06,0.0,188.04,188.04,172.99,2.2192,2.71,960.37,4.17,3.84,-0.33,0.33,8.0
2026-06-01,HISTORICO,LESC,CNIOR,ANTIOQUIA,EPM - ANTIOQUIA,3227593.75,2743454.69,484139.06,85.0,15.0,Cubierta (85.0% Contratos / 15.0% Bolsa),342.5455,32250000.0,32000000.0,3200000.0,354.0636,31750000.0,3225000.0,8.47e-06,0.0,269.02,269.02,247.5,2.2192,3.88,1329.28,5.97,5.49,-0.48,0.48,8.0
2026-06-01,HISTORICO,LESC,CNIOR,BOGOTA,ENEL - BOGOTA CUNDINAMARCA,3227593.75,2743454.69,484139.06,85.0,15.0,Cubierta (85.0% Contratos / 15.0% Bolsa),342.5455,45150000.0,44800000.0,4480000.0,354.0636,44450000.0,4515000.0,8.47e-06,0.0,376.63,376.63,346.5,2.2192,5.43,1861.0,8.36,7.69,-0.67,0.67,8.0
2026-06-01,HISTORICO,LESC,CNIOR,CARIBE_MAR,AFINIA - CARIBE MAR,3227593.75,2743454.69,484139.06,85.0,15.0,Cubierta (85.0% Contratos / 15.0% Bolsa),342.5455,36120000.0,35840000.0,3584000.0,354.0636,35560000.0,3612000.0,8.47e-06,0.0,301.3,301.3,277.2,2.2192,4.35,1488.8,6.69,6.15,-0.53,0.53,8.0
2026-06-01,HISTORICO,LESC,CNIOR,CARIBE_SOL,AIR-E - CARIBE SOL,3227593.75,2743454.69,484139.06,85.0,15.0,Cubierta (85.0% Contratos / 15.0% Bolsa),342.5455,28380000.0,28160000.0,2816000.0,354.0636,27940000.0,2838000.0,8.47e-06,0.0,236.74,236.74,217.8,2.2192,3.41,1169.77,5.25,4.83,-0.42,0.42,8.0
2026-06-01,HISTORICO,LESC,CNIOR,CUNDINAMARCA,EEC - CUNDINAMARCA,3227593.75,2743454.69,484139.06,85.0,15.0,Cubierta (85.0% Contratos / 15.0% Bolsa),342.5455,11610000.0,11520000.0,1152000.0,354.0636,11430000.0,1161000.0,8.47e-06,0.0,96.85,96.85,89.1,2.2192,1.4,478.54,2.15,1.98,-0.17,0.17,8.0
2026-06-01,HISTORICO,LESC,CNIOR,SANTANDER,ESSA - SANTANDER,3227593.75,2743454.69,484139.06,85.0,15.0,Cubierta (85.0% Contratos / 15.0% Bolsa),342.5455,18060000.0,17920000.0,1792000.0,354.0636,17780000.0,1806000.0,8.47e-06,0.0,150.65,150.65,138.6,2.2192,2.17,744.4,3.34,3.08,-0.27,0.27,8.0
2026-06-01,HISTORICO,LESC,CNIOR,TOLIMA,ELET - TOLIMA,3227593.75,2743454.69,484139.06,85.0,15.0,Cubierta (85.0% Contratos / 15.0% Bolsa),342.5455,9675000.0,9600000.0,960000.0,354.0636,9525000.0,967500.0,8.47e-06,0.0,80.71,80.71,74.25,2.2192,1.16,398.79,1.79,1.65,-0.14,0.14,8.0
2026-06-01,HISTORICO,LESC,CNIOR,VALLE,CVC - VALLE DEL CAUCA,3227593.75,2743454.69,484139.06,85.0,15.0,Cubierta (85.0% Contratos / 15.0% Bolsa),342.5455,23220000.0,23040000.0,2304000.0,354.0636,22860000.0,2322000.0,8.47e-06,0.0,193.69,193.69,178.2,2.2192,2.79,957.08,4.3,3.95,-0.34,0.34,8.0
2026-07-01,HISTORICO,LESC,CNIOR,ANTIOQUIA,EPM - ANTIOQUIA,3245625.0,2758781.25,486843.75,85.0,15.0,Cubierta (85.0% Contratos / 15.0% Bolsa),340.1795,32500000.0,32250000.0,3225000.0,342.5455,32000000.0,3250000.0,8.76e-06,0.0,280.25,280.25,257.83,2.2192,4.04,1375.24,6.22,5.72,-0.5,0.5,8.0
2026-07-01,HISTORICO,LESC,CNIOR,BOGOTA,ENEL - BOGOTA CUNDINAMARCA,3245625.0,2758781.25,486843.75,85.0,15.0,Cubierta (85.0% Contratos / 15.0% Bolsa),340.1795,45500000.0,45150000.0,4515000.0,342.5455,44800000.0,4550000.0,8.76e-06,0.0,392.36,392.36,360.97,2.2192,5.66,1925.33,8.71,8.01,-0.7,0.7,8.0
2026-07-01,HISTORICO,LESC,CNIOR,CARIBE_MAR,AFINIA - CARIBE MAR,3245625.0,2758781.25,486843.75,85.0,15.0,Cubierta (85.0% Contratos / 15.0% Bolsa),340.1795,36400000.0,36120000.0,3612000.0,342.5455,35840000.0,3640000.0,8.76e-06,0.0,313.89,313.89,288.77,2.2192,4.53,1540.26,6.97,6.41,-0.56,0.56,8.0
2026-07-01,HISTORICO,LESC,CNIOR,CARIBE_SOL,AIR-E - CARIBE SOL,3245625.0,2758781.25,486843.75,85.0,15.0,Cubierta (85.0% Contratos / 15.0% Bolsa),340.1795,28600000.0,28380000.0,2838000.0,342.5455,28160000.0,2860000.0,8.76e-06,0.0,246.62,246.62,226.89,2.2192,3.56,1210.21,5.47,5.04,-0.44,0.44,8.0
2026-07-01,HISTORICO,LESC,CNIOR,CUNDINAMARCA,EEC - CUNDINAMARCA,3245625.0,2758781.25,486843.75,85.0,15.0,Cubierta (85.0% Contratos / 15.0% Bolsa),340.1795,11700000.0,11610000.0,1161000.0,342.5455,11520000.0,1170000.0,8.76e-06,0.0,100.89,100.89,92.82,2.2192,1.46,495.08,2.24,2.06,-0.18,0.18,8.0
2026-07-01,HISTORICO,LESC,CNIOR,SANTANDER,ESSA - SANTANDER,3245625.0,2758781.25,486843.75,85.0,15.0,Cubierta (85.0% Contratos / 15.0% Bolsa),340.1795,18200000.0,18060000.0,1806000.0,342.5455,17920000.0,1820000.0,8.76e-06,0.0,156.94,156.94,144.39,2.2192,2.26,770.13,3.48,3.2,-0.28,0.28,8.0
2026-07-01,HISTORICO,LESC,CNIOR,TOLIMA,ELET - TOLIMA,3245625.0,2758781.25,486843.75,85.0,15.0,Cubierta (85.0% Contratos / 15.0% Bolsa),340.1795,9750000.0,9675000.0,967500.0,342.5455,9600000.0,975000.0,8.76e-06,0.0,84.08,84.08,77.35,2.2192,1.21,412.57,1.87,1.72,-0.15,0.15,8.0
2026-07-01,HISTORICO,LESC,CNIOR,VALLE,CVC - VALLE DEL CAUCA,3245625.0,2758781.25,486843.75,85.0,15.0,Cubierta (85.0% Contratos / 15.0% Bolsa),340.1795,23400000.0,23220000.0,2322000.0,342.5455,23040000.0,2340000.0,8.76e-06,0.0,201.78,201.78,185.64,2.2192,2.91,990.17,4.48,4.12,-0.36,0.36,8.0
2026-08-01,HISTORICO,LESC,CNIOR,ANTIOQUIA,EPM - ANTIOQUIA,3263656.25,2774107.81,489548.44,85.0,15.0,Cubierta (85.0% Contratos / 15.0% Bolsa),351.4394,32750000.0,32500000.0,3250000.0,340.1795,32250000.0,3275000.0,8.82e-06,0.0,284.41,284.41,261.66,2.2192,4.1,1441.81,6.31,5.81,-0.5,0.5,8.0
2026-08-01,FORECAST,LESC,CNIOR,ANTIOQUIA,EPM - ANTIOQUIA,1504561.28,1278877.08,225684.19,85.0,15.0,Cubierta (85.0% Contratos / 15.0% Bolsa),363.9117,111575667.0,109344153.66,10934415.37,360.2726,107112640.32,11157566.7,1.05e-05,0.0,225684.19,126352229.14,116244050.81,0.3277,4513.68,1642578.98,2527044.58,2324881.02,-202163.57,202163.57,8.0
2026-08-01,HISTORICO,LESC,CNIOR,BOGOTA,ENEL - BOGOTA CUNDINAMARCA,3263656.25,2774107.81,489548.44,85.0,15.0,Cubierta (85.0% Contratos / 15.0% Bolsa),351.4394,45850000.0,45500000.0,4550000.0,340.1795,45150000.0,4585000.0,8.82e-06,0.0,398.17,398.17,366.32,2.2192,5.74,2018.54,8.84,8.13,-0.71,0.71,8.0
2026-08-01,FORECAST,LESC,CNIOR,BOGOTA,ENEL - BOGOTA CUNDINAMARCA,1504561.28,1278877.08,225684.19,85.0,15.0,Cubierta (85.0% Contratos / 15.0% Bolsa),363.9117,155855674.57,152738561.08,15273856.11,360.2726,149621447.59,15585567.46,1.05e-05,0.0,225684.19,126352229.14,116244050.81,0.3277,4513.68,1642578.98,2527044.58,2324881.02,-202163.57,202163.57,8.0
2026-08-01,HISTORICO,LESC,CNIOR,CARIBE_MAR,AFINIA - CARIBE MAR,3263656.25,2774107.81,489548.44,85.0,15.0,Cubierta (85.0% Contratos / 15.0% Bolsa),351.4394,36680000.0,36400000.0,3640000.0,340.1795,36120000.0,3668000.0,8.82e-06,0.0,318.54,318.54,293.05,2.2192,4.59,1614.83,7.07,6.5,-0.57,0.57,8.0
2026-08-01,FORECAST,LESC,CNIOR,CARIBE_MAR,AFINIA - CARIBE MAR,1504561.28,1278877.08,225684.19,85.0,15.0,Cubierta (85.0% Contratos / 15.0% Bolsa),363.9117,124691046.83,122197225.89,12219722.59,360.2726,119703404.96,12469104.68,1.05e-05,0.0,225684.19,126352229.14,116244050.81,0.3277,4513.68,1642578.98,2527044.58,2324881.02,-202163.57,202163.57,8.0
2026-08-01,HISTORICO,LESC,CNIOR,CARIBE_SOL,AIR-E - CARIBE SOL,3263656.25,2774107.81,489548.44,85.0,15.0,Cubierta (85.0% Contratos / 15.0% Bolsa),351.4394,28820000.0,28600000.0,2860000.0,340.1795,28380000.0,2882000.0,8.82e-06,0.0,250.28,250.28,230.26,2.2192,3.61,1268.8,5.55,5.11,-0.44,0.44,8.0
2026-08-01,FORECAST,LESC,CNIOR,CARIBE_SOL,AIR-E - CARIBE SOL,1504561.28,1278877.08,225684.19,85.0,15.0,Cubierta (85.0% Contratos / 15.0% Bolsa),363.9117,98320530.03,96354119.43,9635411.94,360.2726,94387708.83,9832053.0,1.05e-05,0.0,225684.19,126352229.14,116244050.81,0.3277,4513.68,1642578.98,2527044.58,2324881.02,-202163.57,202163.57,8.0
2026-08-01,HISTORICO,LESC,CNIOR,CUNDINAMARCA,EEC - CUNDINAMARCA,3263656.25,2774107.81,489548.44,85.0,15.0,Cubierta (85.0% Contratos / 15.0% Bolsa),351.4394,11790000.0,11700000.0,1170000.0,340.1795,11610000.0,1179000.0,8.82e-06,0.0,102.39,102.39,94.2,2.2192,1.48,519.05,2.27,2.09,-0.18,0.18,8.0
2026-08-01,FORECAST,LESC,CNIOR,CUNDINAMARCA,EEC - CUNDINAMARCA,1504561.28,1278877.08,225684.19,85.0,15.0,Cubierta (85.0% Contratos / 15.0% Bolsa),363.9117,39928910.66,39130332.45,3913033.24,360.2726,38331754.23,3992891.07,1.05e-05,0.0,225684.19,126352229.14,116244050.81,0.3277,4513.68,1642578.98,2527044.58,2324881.02,-202163.57,202163.57,8.0
2026-08-01,HISTORICO,LESC,CNIOR,SANTANDER,ESSA - SANTANDER,3263656.25,2774107.81,489548.44,85.0,15.0,Cubierta (85.0% Contratos / 15.0% Bolsa),351.4394,18340000.0,18200000.0,1820000.0,340.1795,18060000.0,1834000.0,8.82e-06,0.0,159.27,159.27,146.53,2.2192,2.3,807.42,3.53,3.25,-0.28,0.28,8.0
2026-08-01,FORECAST,LESC,CNIOR,SANTANDER,ESSA - SANTANDER,1504561.28,1278877.08,225684.19,85.0,15.0,Cubierta (85.0% Contratos / 15.0% Bolsa),363.9117,62438557.31,61189786.16,6118978.62,360.2726,59941015.02,6243855.73,1.05e-05,0.0,225684.19,126352229.14,116244050.81,0.3277,4513.68,1642578.98,2527044.58,2324881.02,-202163.57,202163.57,8.0
2026-08-01,HISTORICO,LESC,CNIOR,TOLIMA,ELET - TOLIMA,3263656.25,2774107.81,489548.44,85.0,15.0,Cubierta (85.0% Contratos / 15.0% Bolsa),351.4394,9825000.0,9750000.0,975000.0,340.1795,9675000.0,982500.0,8.82e-06,0.0,85.32,85.32,78.5,2.2192,1.23,432.54,1.89,1.74,-0.15,0.15,8.0
2026-08-01,FORECAST,LESC,CNIOR,TOLIMA,ELET - TOLIMA,1504561.28,1278877.08,225684.19,85.0,15.0,Cubierta (85.0% Contratos / 15.0% Bolsa),363.9117,33475246.96,32805742.02,3280574.2,360.2726,32136237.08,3347524.7,1.05e-05,0.0,225684.19,126352229.14,116244050.81,0.3277,4513.68,1642578.98,2527044.58,2324881.02,-202163.57,202163.57,8.0
2026-08-01,HISTORICO,LESC,CNIOR,VALLE,CVC - VALLE DEL CAUCA,3263656.25,2774107.81,489548.44,85.0,15.0,Cubierta (85.0% Contratos / 15.0% Bolsa),351.4394,23580000.0,23400000.0,2340000.0,340.1795,23220000.0,2358000.0,8.82e-06,0.0,204.77,204.77,188.39,2.2192,2.95,1038.11,4.54,4.18,-0.36,0.36,8.0
2026-08-01,FORECAST,LESC,CNIOR,VALLE,CVC - VALLE DEL CAUCA,1504561.28,1278877.08,225684.19,85.0,15.0,Cubierta (85.0% Contratos / 15.0% Bolsa),363.9117,80020264.76,78419859.46,7841985.95,360.2726,76819454.17,8002026.48,1.05e-05,0.0,225684.19,126352229.14,116244050.81,0.3277,4513.68,1642578.98,2527044.58,2324881.02,-202163.57,202163.57,8.0
2026-09-01,HISTORICO,LESC,CNIOR,ANTIOQUIA,EPM - ANTIOQUIA,3281687.5,2789434.38,492253.13,85.0,15.0,Cubierta (85.0% Contratos / 15.0% Bolsa),368.2714,33000000.0,32750000.0,3275000.0,351.4394,32500000.0,3300000.0,8.54e-06,0.0,277.43,277.43,255.24,2.2192,4.0,1473.8,6.16,5.66,-0.49,0.49,8.0
2026-09-01,FORECAST,LESC,CNIOR,ANTIOQUIA,EPM - ANTIOQUIA,12240445.05,10404378.3,1836066.76,85.0,15.0,Cubierta (85.0% Contratos / 15.0% Bolsa),366.3732,872685260.16,855231554.96,85523155.5,362.7095,837777849.75,87268526.02,1.05e-05,0.0,1836066.76,1034866859.27,952077510.53,0.3401,36721.34,13453269.17,20697337.19,19041550.21,-1655786.97,1655786.97,8.0
2026-09-01,HISTORICO,LESC,CNIOR,BOGOTA,ENEL - BOGOTA CUNDINAMARCA,3281687.5,2789434.38,492253.13,85.0,15.0,Cubierta (85.0% Contratos / 15.0% Bolsa),368.2714,46200000.0,45850000.0,4585000.0,351.4394,45500000.0,4620000.0,8.54e-06,0.0,388.4,388.4,357.33,2.2192,5.6,2063.32,8.62,7.93,-0.69,0.69,8.0
2026-09-01,FORECAST,LESC,CNIOR,BOGOTA,ENEL - BOGOTA CUNDINAMARCA,12240445.05,10404378.3,1836066.76,85.0,15.0,Cubierta (85.0% Contratos / 15.0% Bolsa),366.3732,1222440985.33,1197992165.62,119799216.56,362.7095,1173543345.92,122244098.53,1.05e-05,0.0,1836066.76,1034866859.27,952077510.53,0.3401,36721.34,13453269.17,20697337.19,19041550.21,-1655786.97,1655786.97,8.0
2026-09-01,HISTORICO,LESC,CNIOR,CARIBE_MAR,AFINIA - CARIBE MAR,3281687.5,2789434.38,492253.13,85.0,15.0,Cubierta (85.0% Contratos / 15.0% Bolsa),368.2714,36960000.0,36680000.0,3668000.0,351.4394,36400000.0,3696000.0,8.54e-06,0.0,310.72,310.72,285.86,2.2192,4.48,1650.65,6.9,6.34,-0.55,0.55,8.0
2026-09-01,FORECAST,LESC,CNIOR,CARIBE_MAR,AFINIA - CARIBE MAR,12240445.05,10404378.3,1836066.76,85.0,15.0,Cubierta (85.0% Contratos / 15.0% Bolsa),366.3732,981053305.25,961432239.14,96143223.91,362.7095,941811173.04,98105330.53,1.05e-05,0.0,1836066.76,1034866859.27,952077510.53,0.3401,36721.34,13453269.17,20697337.19,19041550.21,-1655786.97,1655786.97,8.0
2026-09-01,HISTORICO,LESC,CNIOR,CARIBE_SOL,AIR-E - CARIBE SOL,3281687.5,2789434.38,492253.13,85.0,15.0,Cubierta (85.0% Contratos / 15.0% Bolsa),368.2714,29040000.0,28820000.0,2882000.0,351.4394,28600000.0,2904000.0,8.54e-06,0.0,244.14,244.14,224.61,2.2192,3.52,1296.94,5.42,4.98,-0.43,0.43,8.0
2026-09-01,FORECAST,LESC,CNIOR,CARIBE_SOL,AIR-E - CARIBE SOL,12240445.05,10404378.3,1836066.76,85.0,15.0,Cubierta (85.0% Contratos / 15.0% Bolsa),366.3732,769434290.56,754045604.75,75404560.47,362.7095,738656918.94,76943429.06,1.05e-05,0.0,1836066.76,1034866859.27,952077510.53,0.3401,36721.34,13453269.17,20697337.19,19041550.21,-1655786.97,1655786.97,8.0
2026-09-01,HISTORICO,LESC,CNIOR,CUNDINAMARCA,EEC - CUNDINAMARCA,3281687.5,2789434.38,492253.13,85.0,15.0,Cubierta (85.0% Contratos / 15.0% Bolsa),368.2714,11880000.0,11790000.0,1179000.0,351.4394,11700000.0,1188000.0,8.54e-06,0.0,99.87,99.87,91.88,2.2192,1.44,530.57,2.22,2.04,-0.18,0.18,8.0
2026-09-01,FORECAST,LESC,CNIOR,CUNDINAMARCA,EEC - CUNDINAMARCA,12240445.05,10404378.3,1836066.76,85.0,15.0,Cubierta (85.0% Contratos / 15.0% Bolsa),366.3732,313667266.39,307393921.06,30739392.11,362.7095,301120575.73,31366726.64,1.05e-05,0.0,1836066.76,1034866859.27,952077510.53,0.3401,36721.34,13453269.17,20697337.19,19041550.21,-1655786.97,1655786.97,8.0
2026-09-01,HISTORICO,LESC,CNIOR,SANTANDER,ESSA - SANTANDER,3281687.5,2789434.38,492253.13,85.0,15.0,Cubierta (85.0% Contratos / 15.0% Bolsa),368.2714,18480000.0,18340000.0,1834000.0,351.4394,18200000.0,1848000.0,8.54e-06,0.0,155.36,155.36,142.93,2.2192,2.24,825.33,3.45,3.17,-0.28,0.28,8.0
2026-09-01,FORECAST,LESC,CNIOR,SANTANDER,ESSA - SANTANDER,12240445.05,10404378.3,1836066.76,85.0,15.0,Cubierta (85.0% Contratos / 15.0% Bolsa),366.3732,488871651.14,479094218.12,47909421.81,362.7095,469316785.09,48887165.11,1.05e-05,0.0,1836066.76,1034866859.27,952077510.53,0.3401,36721.34,13453269.17,20697337.19,19041550.21,-1655786.97,1655786.97,8.0
2026-09-01,HISTORICO,LESC,CNIOR,TOLIMA,ELET - TOLIMA,3281687.5,2789434.38,492253.13,85.0,15.0,Cubierta (85.0% Contratos / 15.0% Bolsa),368.2714,9900000.0,9825000.0,982500.0,351.4394,9750000.0,990000.0,8.54e-06,0.0,83.23,83.23,76.57,2.2192,1.2,442.14,1.85,1.7,-0.15,0.15,8.0
2026-09-01,FORECAST,LESC,CNIOR,TOLIMA,ELET - TOLIMA,12240445.05,10404378.3,1836066.76,85.0,15.0,Cubierta (85.0% Contratos / 15.0% Bolsa),366.3732,261892087.7,256654245.95,25665424.59,362.7095,251416404.19,26189208.77,1.05e-05,0.0,1836066.76,1034866859.27,952077510.53,0.3401,36721.34,13453269.17,20697337.19,19041550.21,-1655786.97,1655786.97,8.0
2026-09-01,HISTORICO,LESC,CNIOR,VALLE,CVC - VALLE DEL CAUCA,3281687.5,2789434.38,492253.13,85.0,15.0,Cubierta (85.0% Contratos / 15.0% Bolsa),368.2714,23760000.0,23580000.0,2358000.0,351.4394,23400000.0,2376000.0,8.54e-06,0.0,199.75,199.75,183.77,2.2192,2.88,1061.13,4.43,4.08,-0.35,0.35,8.0
2026-09-01,FORECAST,LESC,CNIOR,VALLE,CVC - VALLE DEL CAUCA,12240445.05,10404378.3,1836066.76,85.0,15.0,Cubierta (85.0% Contratos / 15.0% Bolsa),366.3732,627574601.62,615023109.59,61502310.96,362.7095,602471617.56,62757460.16,1.05e-05,0.0,1836066.76,1034866859.27,952077510.53,0.3401,36721.34,13453269.17,20697337.19,19041550.21,-1655786.97,1655786.97,8.0
2026-10-01,HISTORICO,LESC,CNIOR,ANTIOQUIA,EPM - ANTIOQUIA,3299718.75,2804760.94,494957.81,85.0,15.0,Cubierta (85.0% Contratos / 15.0% Bolsa),377.4987,33250000.0,33000000.0,3300000.0,368.2714,32750000.0,3325000.0,8.15e-06,0.0,266.79,266.79,245.44,2.2192,3.85,1452.77,5.92,5.45,-0.47,0.47,8.0
2026-10-01,FORECAST,LESC,CNIOR,ANTIOQUIA,EPM - ANTIOQUIA,12663583.22,10764045.73,1899537.48,85.0,15.0,Cubierta (85.0% Contratos / 15.0% Bolsa),371.1472,905922482.89,887804033.23,88780403.32,367.4357,869685583.57,90592248.29,1.05e-05,0.0,1899537.48,1084703747.79,997927447.97,0.3389,37990.75,14101148.72,21694074.96,19958548.96,-1735526.0,1735526.0,8.0
2026-10-01,HISTORICO,LESC,CNIOR,BOGOTA,ENEL - BOGOTA CUNDINAMARCA,3299718.75,2804760.94,494957.81,85.0,15.0,Cubierta (85.0% Contratos / 15.0% Bolsa),377.4987,46550000.0,46200000.0,4620000.0,368.2714,45850000.0,4655000.0,8.15e-06,0.0,373.5,373.5,343.62,2.2192,5.39,2033.87,8.29,7.63,-0.66,0.66,8.0
2026-10-01,FORECAST,LESC,CNIOR,BOGOTA,ENEL - BOGOTA CUNDINAMARCA,12663583.22,10764045.73,1899537.48,85.0,15.0,Cubierta (85.0% Contratos / 15.0% Bolsa),371.1472,1269091883.4,1243710045.73,124371004.57,367.4357,1218328208.06,126909188.34,1.05e-05,0.0,1899537.48,1084703747.79,997927447.97,0.3389,37990.75,14101148.72,21694074.96,19958548.96,-1735526.0,1735526.0,8.0
2026-10-01,HISTORICO,LESC,CNIOR,CARIBE_MAR,AFINIA - CARIBE MAR,3299718.75,2804760.94,494957.81,85.0,15.0,Cubierta (85.0% Contratos / 15.0% Bolsa),377.4987,37240000.0,36960000.0,3696000.0,368.2714,36680000.0,3724000.0,8.15e-06,0.0,298.8,298.8,274.9,2.2192,4.31,1627.1,6.63,6.1,-0.53,0.53,8.0
2026-10-01,FORECAST,LESC,CNIOR,CARIBE_MAR,AFINIA - CARIBE MAR,12663583.22,10764045.73,1899537.48,85.0,15.0,Cubierta (85.0% Contratos / 15.0% Bolsa),371.1472,1015976417.19,995656888.85,99565688.88,367.4357,975337360.5,101597641.72,1.05e-05,0.0,1899537.48,1084703747.79,997927447.97,0.3389,37990.75,14101148.72,21694074.96,19958548.96,-1735526.0,1735526.0,8.0
2026-10-01,HISTORICO,LESC,CNIOR,CARIBE_SOL,AIR-E - CARIBE SOL,3299718.75,2804760.94,494957.81,85.0,15.0,Cubierta (85.0% Contratos / 15.0% Bolsa),377.4987,29260000.0,29040000.0,2904000.0,368.2714,28820000.0,2926000.0,8.15e-06,0.0,234.77,234.77,215.99,2.2192,3.39,1278.43,5.21,4.79,-0.42,0.42,8.0
2026-10-01,FORECAST,LESC,CNIOR,CARIBE_SOL,AIR-E - CARIBE SOL,12663583.22,10764045.73,1899537.48,85.0,15.0,Cubierta (85.0% Contratos / 15.0% Bolsa),371.1472,796356615.56,780429483.25,78042948.32,367.4357,764502350.94,79635661.56,1.05e-05,0.0,1899537.48,1084703747.79,997927447.97,0.3389,37990.75,14101148.72,21694074.96,19958548.96,-1735526.0,1735526.0,8.0
2026-10-01,HISTORICO,LESC,CNIOR,CUNDINAMARCA,EEC - CUNDINAMARCA,3299718.75,2804760.94,494957.81,85.0,15.0,Cubierta (85.0% Contratos / 15.0% Bolsa),377.4987,11970000.0,11880000.0,1188000.0,368.2714,11790000.0,1197000.0,8.15e-06,0.0,96.04,96.04,88.36,2.2192,1.39,523.0,2.13,1.96,-0.17,0.17,8.0
2026-10-01,FORECAST,LESC,CNIOR,CUNDINAMARCA,EEC - CUNDINAMARCA,12663583.22,10764045.73,1899537.48,85.0,15.0,Cubierta (85.0% Contratos / 15.0% Bolsa),371.1472,326416033.92,319887713.24,31988771.32,367.4357,313359392.56,32641603.39,1.05e-05,0.0,1899537.48,1084703747.79,997927447.97,0.3389,37990.75,14101148.72,21694074.96,19958548.96,-1735526.0,1735526.0,8.0
2026-10-01,HISTORICO,LESC,CNIOR,SANTANDER,ESSA - SANTANDER,3299718.75,2804760.94,494957.81,85.0,15.0,Cubierta (85.0% Contratos / 15.0% Bolsa),377.4987,18620000.0,18480000.0,1848000.0,368.2714,18340000.0,1862000.0,8.15e-06,0.0,149.4,149.4,137.45,2.2192,2.16,813.55,3.32,3.05,-0.27,0.27,8.0
2026-10-01,FORECAST,LESC,CNIOR,SANTANDER,ESSA - SANTANDER,12663583.22,10764045.73,1899537.48,85.0,15.0,Cubierta (85.0% Contratos / 15.0% Bolsa),371.1472,508746150.05,498571227.05,49857122.7,367.4357,488396304.05,50874615.01,1.05e-05,0.0,1899537.48,1084703747.79,997927447.97,0.3389,37990.75,14101148.72,21694074.96,19958548.96,-1735526.0,1735526.0,8.0
2026-10-01,HISTORICO,LESC,CNIOR,TOLIMA,ELET - TOLIMA,3299718.75,2804760.94,494957.81,85.0,15.0,Cubierta (85.0% Contratos / 15.0% Bolsa),377.4987,9975000.0,9900000.0,990000.0,368.2714,9825000.0,997500.0,8.15e-06,0.0,80.04,80.04,73.63,2.2192,1.15,435.83,1.78,1.63,-0.14,0.14,8.0
2026-10-01,FORECAST,LESC,CNIOR,TOLIMA,ELET - TOLIMA,12663583.22,10764045.73,1899537.48,85.0,15.0,Cubierta (85.0% Contratos / 15.0% Bolsa),371.1472,271926846.97,266488310.03,26648831.0,367.4357,261049773.09,27192684.7,1.05e-05,0.0,1899537.48,1084703747.79,997927447.97,0.3389,37990.75,14101148.72,21694074.96,19958548.96,-1735526.0,1735526.0,8.0
2026-10-01,HISTORICO,LESC,CNIOR,VALLE,CVC - VALLE DEL CAUCA,3299718.75,2804760.94,494957.81,85.0,15.0,Cubierta (85.0% Contratos / 15.0% Bolsa),377.4987,23940000.0,23760000.0,2376000.0,368.2714,23580000.0,2394000.0,8.15e-06,0.0,192.09,192.09,176.72,2.2192,2.77,1045.99,4.26,3.92,-0.34,0.34,8.0
2026-10-01,FORECAST,LESC,CNIOR,VALLE,CVC - VALLE DEL CAUCA,12663583.22,10764045.73,1899537.48,85.0,15.0,Cubierta (85.0% Contratos / 15.0% Bolsa),371.1472,654524416.91,641433928.57,64143392.86,367.4357,628343440.23,65452441.69,1.05e-05,0.0,1899537.48,1084703747.79,997927447.97,0.3389,37990.75,14101148.72,21694074.96,19958548.96,-1735526.0,1735526.0,8.0
2026-11-01,HISTORICO,LESC,CNIOR,ANTIOQUIA,EPM - ANTIOQUIA,3317750.0,2820087.5,497662.5,85.0,15.0,Cubierta (85.0% Contratos / 15.0% Bolsa),372.9362,33500000.0,33250000.0,3325000.0,377.4987,33000000.0,3350000.0,7.95e-06,0.0,262.25,262.25,241.27,2.2192,3.78,1410.82,5.82,5.35,-0.47,0.47,8.0
2026-11-01,FORECAST,LESC,CNIOR,ANTIOQUIA,EPM - ANTIOQUIA,12336635.61,10486140.27,1850495.34,85.0,15.0,Cubierta (85.0% Contratos / 15.0% Bolsa),373.3027,883955855.05,866276737.95,86627673.79,369.5696,848597620.85,88395585.5,1.05e-05,0.0,1850495.34,1062681930.16,977667375.74,0.3384,37009.91,13814865.09,21253638.6,19553347.51,-1700291.09,1700291.09,8.0
2026-11-01,HISTORICO,LESC,CNIOR,BOGOTA,ENEL - BOGOTA CUNDINAMARCA,3317750.0,2820087.5,497662.5,85.0,15.0,Cubierta (85.0% Contratos / 15.0% Bolsa),372.9362,46900000.0,46550000.0,4655000.0,377.4987,46200000.0,4690000.0,7.95e-06,0.0,367.15,367.15,337.78,2.2192,5.3,1975.14,8.15,7.5,-0.65,0.65,8.0
2026-11-01,FORECAST,LESC,CNIOR,BOGOTA,ENEL - BOGOTA CUNDINAMARCA,12336635.61,10486140.27,1850495.34,85.0,15.0,Cubierta (85.0% Contratos / 15.0% Bolsa),373.3027,1242054157.13,1217213073.99,121721307.4,369.5696,1192371990.84,124205415.71,1.05e-05,0.0,1850495.34,1062681930.16,977667375.74,0.3384,37009.91,13814865.09,21253638.6,19553347.51,-1700291.09,1700291.09,8.0
2026-11-01,HISTORICO,LESC,CNIOR,CARIBE_MAR,AFINIA - CARIBE MAR,3317750.0,2820087.5,497662.5,85.0,15.0,Cubierta (85.0% Contratos / 15.0% Bolsa),372.9362,37520000.0,37240000.0,3724000.0,377.4987,36960000.0,3752000.0,7.95e-06,0.0,293.72,293.72,270.23,2.2192,4.24,1580.11,6.52,6.0,-0.52,0.52,8.0
2026-11-01,FORECAST,LESC,CNIOR,CARIBE_MAR,AFINIA - CARIBE MAR,12336635.61,10486140.27,1850495.34,85.0,15.0,Cubierta (85.0% Contratos / 15.0% Bolsa),373.3027,990589164.87,970777381.57,97077738.16,369.5696,950965598.28,99058916.49,1.05e-05,0.0,1850495.34,1062681930.16,977667375.74,0.3384,37009.91,13814865.09,21253638.6,19553347.51,-1700291.09,1700291.09,8.0
2026-11-01,HISTORICO,LESC,CNIOR,CARIBE_SOL,AIR-E - CARIBE SOL,3317750.0,2820087.5,497662.5,85.0,15.0,Cubierta (85.0% Contratos / 15.0% Bolsa),372.9362,29480000.0,29260000.0,2926000.0,377.4987,29040000.0,2948000.0,7.95e-06,0.0,230.78,230.78,212.32,2.2192,3.33,1241.52,5.12,4.71,-0.41,0.41,8.0
2026-11-01,FORECAST,LESC,CNIOR,CARIBE_SOL,AIR-E - CARIBE SOL,12336635.61,10486140.27,1850495.34,85.0,15.0,Cubierta (85.0% Contratos / 15.0% Bolsa),373.3027,779430730.06,763842115.46,76384211.55,369.5696,748253500.86,77943073.01,1.05e-05,0.0,1850495.34,1062681930.16,977667375.74,0.3384,37009.91,13814865.09,21253638.6,19553347.51,-1700291.09,1700291.09,8.0
2026-11-01,HISTORICO,LESC,CNIOR,CUNDINAMARCA,EEC - CUNDINAMARCA,3317750.0,2820087.5,497662.5,85.0,15.0,Cubierta (85.0% Contratos / 15.0% Bolsa),372.9362,12060000.0,11970000.0,1197000.0,377.4987,11880000.0,1206000.0,7.95e-06,0.0,94.41,94.41,86.86,2.2192,1.36,507.89,2.1,1.93,-0.17,0.17,8.0
2026-11-01,FORECAST,LESC,CNIOR,CUNDINAMARCA,EEC - CUNDINAMARCA,12336635.61,10486140.27,1850495.34,85.0,15.0,Cubierta (85.0% Contratos / 15.0% Bolsa),373.3027,318152239.74,311789194.95,31178919.49,369.5696,305426150.15,31815223.97,1.05e-05,0.0,1850495.34,1062681930.16,977667375.74,0.3384,37009.91,13814865.09,21253638.6,19553347.51,-1700291.09,1700291.09,8.0
2026-11-01,HISTORICO,LESC,CNIOR,SANTANDER,ESSA - SANTANDER,3317750.0,2820087.5,497662.5,85.0,15.0,Cubierta (85.0% Contratos / 15.0% Bolsa),372.9362,18760000.0,18620000.0,1862000.0,377.4987,18480000.0,1876000.0,7.95e-06,0.0,146.86,146.86,135.11,2.2192,2.12,790.06,3.26,3.0,-0.26,0.26,8.0
2026-11-01,FORECAST,LESC,CNIOR,SANTANDER,ESSA - SANTANDER,12336635.61,10486140.27,1850495.34,85.0,15.0,Cubierta (85.0% Contratos / 15.0% Bolsa),373.3027,494364284.7,484476999.01,48447699.9,369.5696,474589713.31,49436428.47,1.05e-05,0.0,1850495.34,1062681930.16,977667375.74,0.3384,37009.91,13814865.09,21253638.6,19553347.51,-1700291.09,1700291.09,8.0
2026-11-01,HISTORICO,LESC,CNIOR,TOLIMA,ELET - TOLIMA,3317750.0,2820087.5,497662.5,85.0,15.0,Cubierta (85.0% Contratos / 15.0% Bolsa),372.9362,10050000.0,9975000.0,997500.0,377.4987,9900000.0,1005000.0,7.95e-06,0.0,78.68,78.68,72.38,2.2192,1.13,423.24,1.75,1.61,-0.14,0.14,8.0
2026-11-01,FORECAST,LESC,CNIOR,TOLIMA,ELET - TOLIMA,12336635.61,10486140.27,1850495.34,85.0,15.0,Cubierta (85.0% Contratos / 15.0% Bolsa),373.3027,265373395.48,260065927.57,26006592.76,369.5696,254758459.66,26537339.55,1.05e-05,0.0,1850495.34,1062681930.16,977667375.74,0.3384,37009.91,13814865.09,21253638.6,19553347.51,-1700291.09,1700291.09,8.0
2026-11-01,HISTORICO,LESC,CNIOR,VALLE,CVC - VALLE DEL CAUCA,3317750.0,2820087.5,497662.5,85.0,15.0,Cubierta (85.0% Contratos / 15.0% Bolsa),372.9362,24120000.0,23940000.0,2394000.0,377.4987,23760000.0,2412000.0,7.95e-06,0.0,188.82,188.82,173.72,2.2192,2.72,1015.79,4.19,3.86,-0.34,0.34,8.0
2026-11-01,FORECAST,LESC,CNIOR,VALLE,CVC - VALLE DEL CAUCA,12336635.61,10486140.27,1850495.34,85.0,15.0,Cubierta (85.0% Contratos / 15.0% Bolsa),373.3027,635174892.12,622471394.28,62247139.43,369.5696,609767896.44,63517489.21,1.05e-05,0.0,1850495.34,1062681930.16,977667375.74,0.3384,37009.91,13814865.09,21253638.6,19553347.51,-1700291.09,1700291.09,8.0
2026-12-01,HISTORICO,LESC,CNIOR,ANTIOQUIA,EPM - ANTIOQUIA,3335781.25,2835414.06,500367.19,85.0,15.0,Cubierta (85.0% Contratos / 15.0% Bolsa),361.0773,33750000.0,33500000.0,3350000.0,372.9362,33250000.0,3375000.0,8.04e-06,0.0,267.47,267.47,246.07,2.2192,3.86,1393.14,5.94,5.46,-0.47,0.47,8.0
2026-12-01,FORECAST,LESC,CNIOR,ANTIOQUIA,EPM - ANTIOQUIA,13026691.33,11072687.63,1954003.7,85.0,15.0,Cubierta (85.0% Contratos / 15.0% Bolsa),379.3378,930458795.41,911849619.5,91184961.95,375.5444,893240443.59,93045879.54,1.05e-05,0.0,1954003.7,1140341356.31,1049114047.81,0.3405,39080.07,14824437.63,22806827.13,20982280.96,-1824546.17,1824546.17,8.0
2026-12-01,HISTORICO,LESC,CNIOR,BOGOTA,ENEL - BOGOTA CUNDINAMARCA,3335781.25,2835414.06,500367.19,85.0,15.0,Cubierta (85.0% Contratos / 15.0% Bolsa),361.0773,47250000.0,46900000.0,4690000.0,372.9362,46550000.0,4725000.0,8.04e-06,0.0,374.46,374.46,344.5,2.2192,5.4,1950.39,8.31,7.65,-0.66,0.66,8.0
2026-12-01,FORECAST,LESC,CNIOR,BOGOTA,ENEL - BOGOTA CUNDINAMARCA,13026691.33,11072687.63,1954003.7,85.0,15.0,Cubierta (85.0% Contratos / 15.0% Bolsa),379.3378,1299197687.85,1273213734.09,127321373.41,375.5444,1247229780.34,129919768.78,1.05e-05,0.0,1954003.7,1140341356.31,1049114047.81,0.3405,39080.07,14824437.63,22806827.13,20982280.96,-1824546.17,1824546.17,8.0
2026-12-01,HISTORICO,LESC,CNIOR,CARIBE_MAR,AFINIA - CARIBE MAR,3335781.25,2835414.06,500367.19,85.0,15.0,Cubierta (85.0% Contratos / 15.0% Bolsa),361.0773,37800000.0,37520000.0,3752000.0,372.9362,37240000.0,3780000.0,8.04e-06,0.0,299.57,299.57,275.6,2.2192,4.32,1560.32,6.65,6.12,-0.53,0.53,8.0
2026-12-01,FORECAST,LESC,CNIOR,CARIBE_MAR,AFINIA - CARIBE MAR,13026691.33,11072687.63,1954003.7,85.0,15.0,Cubierta (85.0% Contratos / 15.0% Bolsa),379.3378,1039200262.03,1018416256.79,101841625.68,375.5444,997632251.55,103920026.2,1.05e-05,0.0,1954003.7,1140341356.31,1049114047.81,0.3405,39080.07,14824437.63,22806827.13,20982280.96,-1824546.17,1824546.17,8.0
2026-12-01,HISTORICO,LESC,CNIOR,CARIBE_SOL,AIR-E - CARIBE SOL,3335781.25,2835414.06,500367.19,85.0,15.0,Cubierta (85.0% Contratos / 15.0% Bolsa),361.0773,29700000.0,29480000.0,2948000.0,372.9362,29260000.0,2970000.0,8.04e-06,0.0,235.38,235.38,216.55,2.2192,3.4,1225.96,5.22,4.81,-0.42,0.42,8.0
2026-12-01,FORECAST,LESC,CNIOR,CARIBE_SOL,AIR-E - CARIBE SOL,13026691.33,11072687.63,1954003.7,85.0,15.0,Cubierta (85.0% Contratos / 15.0% Bolsa),379.3378,814573754.88,798282279.78,79828227.98,375.5444,781990804.68,81457375.49,1.05e-05,0.0,1954003.7,1140341356.31,1049114047.81,0.3405,39080.07,14824437.63,22806827.13,20982280.96,-1824546.17,1824546.17,8.0
2026-12-01,HISTORICO,LESC,CNIOR,CUNDINAMARCA,EEC - CUNDINAMARCA,3335781.25,2835414.06,500367.19,85.0,15.0,Cubierta (85.0% Contratos / 15.0% Bolsa),361.0773,12150000.0,12060000.0,1206000.0,372.9362,11970000.0,1215000.0,8.04e-06,0.0,96.29,96.29,88.59,2.2192,1.39,501.53,2.14,1.97,-0.17,0.17,8.0
2026-12-01,FORECAST,LESC,CNIOR,CUNDINAMARCA,EEC - CUNDINAMARCA,13026691.33,11072687.63,1954003.7,85.0,15.0,Cubierta (85.0% Contratos / 15.0% Bolsa),379.3378,334213882.06,327529604.42,32752960.44,375.5444,320845326.78,33421388.21,1.05e-05,0.0,1954003.7,1140341356.31,1049114047.81,0.3405,39080.07,14824437.63,22806827.13,20982280.96,-1824546.17,1824546.17,8.0
2026-12-01,HISTORICO,LESC,CNIOR,SANTANDER,ESSA - SANTANDER,3335781.25,2835414.06,500367.19,85.0,15.0,Cubierta (85.0% Contratos / 15.0% Bolsa),361.0773,18900000.0,18760000.0,1876000.0,372.9362,18620000.0,1890000.0,8.04e-06,0.0,149.78,149.78,137.8,2.2192,2.16,780.16,3.32,3.06,-0.27,0.27,8.0
2026-12-01,FORECAST,LESC,CNIOR,SANTANDER,ESSA - SANTANDER,13026691.33,11072687.63,1954003.7,85.0,15.0,Cubierta (85.0% Contratos / 15.0% Bolsa),379.3378,520181143.42,509777520.55,50977752.06,375.5444,499373897.68,52018114.34,1.05e-05,0.0,1954003.7,1140341356.31,1049114047.81,0.3405,39080.07,14824437.63,22806827.13,20982280.96,-1824546.17,1824546.17,8.0
2026-12-01,HISTORICO,LESC,CNIOR,TOLIMA,ELET - TOLIMA,3335781.25,2835414.06,500367.19,85.0,15.0,Cubierta (85.0% Contratos / 15.0% Bolsa),361.0773,10125000.0,10050000.0,1005000.0,372.9362,9975000.0,1012500.0,8.04e-06,0.0,80.24,80.24,73.82,2.2192,1.16,417.94,1.78,1.64,-0.14,0.14,8.0
2026-12-01,FORECAST,LESC,CNIOR,TOLIMA,ELET - TOLIMA,13026691.33,11072687.63,1954003.7,85.0,15.0,Cubierta (85.0% Contratos / 15.0% Bolsa),379.3378,278548240.21,272977275.41,27297727.54,375.5444,267406310.6,27854824.02,1.05e-05,0.0,1954003.7,1140341356.31,1049114047.81,0.3405,39080.07,14824437.63,22806827.13,20982280.96,-1824546.17,1824546.17,8.0
2026-12-01,HISTORICO,LESC,CNIOR,VALLE,CVC - VALLE DEL CAUCA,3335781.25,2835414.06,500367.19,85.0,15.0,Cubierta (85.0% Contratos / 15.0% Bolsa),361.0773,24300000.0,24120000.0,2412000.0,372.9362,23940000.0,2430000.0,8.04e-06,0.0,192.58,192.58,177.17,2.2192,2.78,1003.06,4.27,3.93,-0.34,0.34,8.0
2026-12-01,FORECAST,LESC,CNIOR,VALLE,CVC - VALLE DEL CAUCA,13026691.33,11072687.63,1954003.7,85.0,15.0,Cubierta (85.0% Contratos / 15.0% Bolsa),379.3378,668869004.12,655491624.04,65549162.4,375.5444,642114243.96,66886900.41,1.05e-05,0.0,1954003.7,1140341356.31,1049114047.81,0.3405,39080.07,14824437.63,22806827.13,20982280.96,-1824546.17,1824546.17,8.0
2027-01-01,HISTORICO,LESC,CNIOR,ANTIOQUIA,EPM - ANTIOQUIA,3353812.5,2850740.62,503071.88,85.0,15.0,Cubierta (85.0% Contratos / 15.0% Bolsa),355.1233,34000000.0,33750000.0,3375000.0,361.0773,33500000.0,3400000.0,8.31e-06,0.0,278.33,278.33,256.07,2.2192,4.01,1425.81,6.18,5.68,-0.49,0.49,8.0
2027-01-01,FORECAST,LESC,CNIOR,ANTIOQUIA,EPM - ANTIOQUIA,12894758.03,10960544.33,1934213.7,85.0,15.0,Cubierta (85.0% Contratos / 15.0% Bolsa),385.388,925597083.48,907085141.81,90708514.18,381.5341,888573200.14,92559708.35,1.05e-05,0.0,1934213.7,1146929933.58,1055175538.89,0.3372,38684.27,14910089.14,22938598.67,21103510.78,-1835087.89,1835087.89,8.0
2027-01-01,HISTORICO,LESC,CNIOR,BOGOTA,ENEL - BOGOTA CUNDINAMARCA,3353812.5,2850740.62,503071.88,85.0,15.0,Cubierta (85.0% Contratos / 15.0% Bolsa),355.1233,47600000.0,47250000.0,4725000.0,361.0773,46900000.0,4760000.0,8.31e-06,0.0,389.67,389.67,358.49,2.2192,5.62,1996.13,8.65,7.96,-0.69,0.69,8.0
2027-01-01,FORECAST,LESC,CNIOR,BOGOTA,ENEL - BOGOTA CUNDINAMARCA,12894758.03,10960544.33,1934213.7,85.0,15.0,Cubierta (85.0% Contratos / 15.0% Bolsa),385.388,1301824211.11,1275787726.89,127578772.69,381.5341,1249751242.67,130182421.11,1.05e-05,0.0,1934213.7,1146929933.58,1055175538.89,0.3372,38684.27,14910089.14,22938598.67,21103510.78,-1835087.89,1835087.89,8.0
2027-01-01,HISTORICO,LESC,CNIOR,CARIBE_MAR,AFINIA - CARIBE MAR,3353812.5,2850740.62,503071.88,85.0,15.0,Cubierta (85.0% Contratos / 15.0% Bolsa),355.1233,38080000.0,37800000.0,3780000.0,361.0773,37520000.0,3808000.0,8.31e-06,0.0,311.73,311.73,286.8,2.2192,4.5,1596.9,6.92,6.36,-0.55,0.55,8.0
2027-01-01,FORECAST,LESC,CNIOR,CARIBE_MAR,AFINIA - CARIBE MAR,12894758.03,10960544.33,1934213.7,85.0,15.0,Cubierta (85.0% Contratos / 15.0% Bolsa),385.388,1038825530.8,1018049020.18,101804902.02,381.5341,997272509.57,103882553.08,1.05e-05,0.0,1934213.7,1146929933.58,1055175538.89,0.3372,38684.27,14910089.14,22938598.67,21103510.78,-1835087.89,1835087.89,8.0
2027-01-01,HISTORICO,LESC,CNIOR,CARIBE_SOL,AIR-E - CARIBE SOL,3353812.5,2850740.62,503071.88,85.0,15.0,Cubierta (85.0% Contratos / 15.0% Bolsa),355.1233,29920000.0,29700000.0,2970000.0,361.0773,29480000.0,2992000.0,8.31e-06,0.0,244.93,244.93,225.34,2.2192,3.53,1254.71,5.44,5.0,-0.43,0.43,8.0
2027-01-01,FORECAST,LESC,CNIOR,CARIBE_SOL,AIR-E - CARIBE SOL,12894758.03,10960544.33,1934213.7,85.0,15.0,Cubierta (85.0% Contratos / 15.0% Bolsa),385.388,815926536.39,799608005.66,79960800.57,381.5341,783289474.93,81592653.64,1.05e-05,0.0,1934213.7,1146929933.58,1055175538.89,0.3372,38684.27,14910089.14,22938598.67,21103510.78,-1835087.89,1835087.89,8.0
2027-01-01,HISTORICO,LESC,CNIOR,CUNDINAMARCA,EEC - CUNDINAMARCA,3353812.5,2850740.62,503071.88,85.0,15.0,Cubierta (85.0% Contratos / 15.0% Bolsa),355.1233,12240000.0,12150000.0,1215000.0,361.0773,12060000.0,1224000.0,8.31e-06,0.0,100.2,100.2,92.18,2.2192,1.45,513.29,2.22,2.05,-0.18,0.18,8.0
2027-01-01,FORECAST,LESC,CNIOR,CUNDINAMARCA,EEC - CUNDINAMARCA,12894758.03,10960544.33,1934213.7,85.0,15.0,Cubierta (85.0% Contratos / 15.0% Bolsa),385.388,334414063.64,327725782.37,32772578.24,381.5341,321037501.09,33441406.36,1.05e-05,0.0,1934213.7,1146929933.58,1055175538.89,0.3372,38684.27,14910089.14,22938598.67,21103510.78,-1835087.89,1835087.89,8.0
2027-01-01,HISTORICO,LESC,CNIOR,SANTANDER,ESSA - SANTANDER,3353812.5,2850740.62,503071.88,85.0,15.0,Cubierta (85.0% Contratos / 15.0% Bolsa),355.1233,19040000.0,18900000.0,1890000.0,361.0773,18760000.0,1904000.0,8.31e-06,0.0,155.87,155.87,143.4,2.2192,2.25,798.45,3.46,3.18,-0.28,0.28,8.0
2027-01-01,FORECAST,LESC,CNIOR,SANTANDER,ESSA - SANTANDER,12894758.03,10960544.33,1934213.7,85.0,15.0,Cubierta (85.0% Contratos / 15.0% Bolsa),385.388,519395047.11,509007146.17,50900714.62,381.5341,498619245.23,51939504.71,1.05e-05,0.0,1934213.7,1146929933.58,1055175538.89,0.3372,38684.27,14910089.14,22938598.67,21103510.78,-1835087.89,1835087.89,8.0
2027-01-01,HISTORICO,LESC,CNIOR,TOLIMA,ELET - TOLIMA,3353812.5,2850740.62,503071.88,85.0,15.0,Cubierta (85.0% Contratos / 15.0% Bolsa),355.1233,10200000.0,10125000.0,1012500.0,361.0773,10050000.0,1020000.0,8.31e-06,0.0,83.5,83.5,76.82,2.2192,1.2,427.74,1.85,1.7,-0.15,0.15,8.0
2027-01-01,FORECAST,LESC,CNIOR,TOLIMA,ELET - TOLIMA,12894758.03,10960544.33,1934213.7,85.0,15.0,Cubierta (85.0% Contratos / 15.0% Bolsa),385.388,278595443.54,273023534.67,27302353.47,381.5341,267451625.8,27859544.35,1.05e-05,0.0,1934213.7,1146929933.58,1055175538.89,0.3372,38684.27,14910089.14,22938598.67,21103510.78,-1835087.89,1835087.89,8.0
2027-01-01,HISTORICO,LESC,CNIOR,VALLE,CVC - VALLE DEL CAUCA,3353812.5,2850740.62,503071.88,85.0,15.0,Cubierta (85.0% Contratos / 15.0% Bolsa),355.1233,24480000.0,24300000.0,2430000.0,361.0773,24120000.0,2448000.0,8.31e-06,0.0,200.4,200.4,184.37,2.2192,2.89,1026.58,4.45,4.09,-0.36,0.36,8.0
2027-01-01,FORECAST,LESC,CNIOR,VALLE,CVC - VALLE DEL CAUCA,12894758.03,10960544.33,1934213.7,85.0,15.0,Cubierta (85.0% Contratos / 15.0% Bolsa),385.388,668618623.89,655246251.41,65524625.14,381.5341,641873878.93,66861862.39,1.05e-05,0.0,1934213.7,1146929933.58,1055175538.89,0.3372,38684.27,14910089.14,22938598.67,21103510.78,-1835087.89,1835087.89,8.0
2027-02-01,HISTORICO,LESC,CNIOR,ANTIOQUIA,EPM - ANTIOQUIA,3371843.75,2866067.19,505776.56,85.0,15.0,Cubierta (85.0% Contratos / 15.0% Bolsa),362.8469,34250000.0,34000000.0,3400000.0,355.1233,33750000.0,3425000.0,8.45e-06,0.0,285.11,285.11,262.3,2.2192,4.11,1492.3,6.33,5.82,-0.51,0.51,8.0
2027-02-01,FORECAST,LESC,CNIOR,ANTIOQUIA,EPM - ANTIOQUIA,11869248.24,10088861.0,1780387.24,85.0,15.0,Cubierta (85.0% Contratos / 15.0% Bolsa),387.1475,848311756.48,831345521.35,83134552.14,383.2761,814379286.22,84831175.65,1.05e-05,0.0,1780387.24,1060221620.66,975403891.01,0.3391,35607.74,13782881.07,21204432.41,19508077.82,-1696354.59,1696354.59,8.0
2027-02-01,HISTORICO,LESC,CNIOR,BOGOTA,ENEL - BOGOTA CUNDINAMARCA,3371843.75,2866067.19,505776.56,85.0,15.0,Cubierta (85.0% Contratos / 15.0% Bolsa),362.8469,47950000.0,47600000.0,4760000.0,355.1233,47250000.0,4795000.0,8.45e-06,0.0,399.16,399.16,367.22,2.2192,5.76,2089.22,8.86,8.15,-0.71,0.71,8.0
2027-02-01,FORECAST,LESC,CNIOR,BOGOTA,ENEL - BOGOTA CUNDINAMARCA,11869248.24,10088861.0,1780387.24,85.0,15.0,Cubierta (85.0% Contratos / 15.0% Bolsa),387.1475,1190629493.41,1166816903.54,116681690.35,383.2761,1143004313.67,119062949.34,1.05e-05,0.0,1780387.24,1060221620.66,975403891.01,0.3391,35607.74,13782881.07,21204432.41,19508077.82,-1696354.59,1696354.59,8.0
2027-02-01,HISTORICO,LESC,CNIOR,CARIBE_MAR,AFINIA - CARIBE MAR,3371843.75,2866067.19,505776.56,85.0,15.0,Cubierta (85.0% Contratos / 15.0% Bolsa),362.8469,38360000.0,38080000.0,3808000.0,355.1233,37800000.0,3836000.0,8.45e-06,0.0,319.33,319.33,293.78,2.2192,4.61,1671.37,7.09,6.52,-0.57,0.57,8.0
2027-02-01,FORECAST,LESC,CNIOR,CARIBE_MAR,AFINIA - CARIBE MAR,11869248.24,10088861.0,1780387.24,85.0,15.0,Cubierta (85.0% Contratos / 15.0% Bolsa),387.1475,950510054.78,931499853.68,93149985.37,383.2761,912489652.59,95051005.48,1.05e-05,0.0,1780387.24,1060221620.66,975403891.01,0.3391,35607.74,13782881.07,21204432.41,19508077.82,-1696354.59,1696354.59,8.0
2027-02-01,HISTORICO,LESC,CNIOR,CARIBE_SOL,AIR-E - CARIBE SOL,3371843.75,2866067.19,505776.56,85.0,15.0,Cubierta (85.0% Contratos / 15.0% Bolsa),362.8469,30140000.0,29920000.0,2992000.0,355.1233,29700000.0,3014000.0,8.45e-06,0.0,250.9,250.9,230.83,2.2192,3.62,1313.22,5.57,5.12,-0.45,0.45,8.0
2027-02-01,FORECAST,LESC,CNIOR,CARIBE_SOL,AIR-E - CARIBE SOL,11869248.24,10088861.0,1780387.24,85.0,15.0,Cubierta (85.0% Contratos / 15.0% Bolsa),387.1475,748816158.55,733839835.38,73383983.54,383.2761,718863512.21,74881615.86,1.05e-05,0.0,1780387.24,1060221620.66,975403891.01,0.3391,35607.74,13782881.07,21204432.41,19508077.82,-1696354.59,1696354.59,8.0
2027-02-01,HISTORICO,LESC,CNIOR,CUNDINAMARCA,EEC - CUNDINAMARCA,3371843.75,2866067.19,505776.56,85.0,15.0,Cubierta (85.0% Contratos / 15.0% Bolsa),362.8469,12330000.0,12240000.0,1224000.0,355.1233,12150000.0,1233000.0,8.45e-06,0.0,102.64,102.64,94.43,2.2192,1.48,537.23,2.28,2.1,-0.18,0.18,8.0
2027-02-01,FORECAST,LESC,CNIOR,CUNDINAMARCA,EEC - CUNDINAMARCA,11869248.24,10088861.0,1780387.24,85.0,15.0,Cubierta (85.0% Contratos / 15.0% Bolsa),387.1475,305492032.23,299382191.59,29938219.16,383.2761,293272350.94,30549203.22,1.05e-05,0.0,1780387.24,1060221620.66,975403891.01,0.3391,35607.74,13782881.07,21204432.41,19508077.82,-1696354.59,1696354.59,8.0
2027-02-01,HISTORICO,LESC,CNIOR,SANTANDER,ESSA - SANTANDER,3371843.75,2866067.19,505776.56,85.0,15.0,Cubierta (85.0% Contratos / 15.0% Bolsa),362.8469,19180000.0,19040000.0,1904000.0,355.1233,18900000.0,1918000.0,8.45e-06,0.0,159.66,159.66,146.89,2.2192,2.3,835.69,3.54,3.26,-0.28,0.28,8.0
2027-02-01,FORECAST,LESC,CNIOR,SANTANDER,ESSA - SANTANDER,11869248.24,10088861.0,1780387.24,85.0,15.0,Cubierta (85.0% Contratos / 15.0% Bolsa),387.1475,474670262.06,465176856.82,46517685.68,383.2761,455683451.58,47467026.21,1.05e-05,0.0,1780387.24,1060221620.66,975403891.01,0.3391,35607.74,13782881.07,21204432.41,19508077.82,-1696354.59,1696354.59,8.0
2027-02-01,HISTORICO,LESC,CNIOR,TOLIMA,ELET - TOLIMA,3371843.75,2866067.19,505776.56,85.0,15.0,Cubierta (85.0% Contratos / 15.0% Bolsa),362.8469,10275000.0,10200000.0,1020000.0,355.1233,10125000.0,1027500.0,8.45e-06,0.0,85.53,85.53,78.69,2.2192,1.23,447.69,1.9,1.75,-0.15,0.15,8.0
2027-02-01,FORECAST,LESC,CNIOR,TOLIMA,ELET - TOLIMA,11869248.24,10088861.0,1780387.24,85.0,15.0,Cubierta (85.0% Contratos / 15.0% Bolsa),387.1475,254283338.57,249197671.8,24919767.18,383.2761,244112005.03,25428333.86,1.05e-05,0.0,1780387.24,1060221620.66,975403891.01,0.3391,35607.74,13782881.07,21204432.41,19508077.82,-1696354.59,1696354.59,8.0
2027-02-01,HISTORICO,LESC,CNIOR,VALLE,CVC - VALLE DEL CAUCA,3371843.75,2866067.19,505776.56,85.0,15.0,Cubierta (85.0% Contratos / 15.0% Bolsa),362.8469,24660000.0,24480000.0,2448000.0,355.1233,24300000.0,2466000.0,8.45e-06,0.0,205.28,205.28,188.86,2.2192,2.96,1074.45,4.56,4.19,-0.36,0.36,8.0
2027-02-01,FORECAST,LESC,CNIOR,VALLE,CVC - VALLE DEL CAUCA,11869248.24,10088861.0,1780387.24,85.0,15.0,Cubierta (85.0% Contratos / 15.0% Bolsa),387.1475,612185661.03,599941947.81,59994194.78,383.2761,587698234.59,61218566.1,1.05e-05,0.0,1780387.24,1060221620.66,975403891.01,0.3391,35607.74,13782881.07,21204432.41,19508077.82,-1696354.59,1696354.59,8.0
