Código Agente,Nombre Comercializador,Rol Regulado PUI (CIOR/CNIOR),Código Mercado Comercialización,Mercado Comercialización,Período (Mes),Tipo de Registro,Es Pronóstico (Sí/No),Demanda Comercial Agente (VR - DemaComeReg) [kWh],Cobertura Energía en Contratos (Compras Contrato) [kWh],Exposición Energía en Bolsa Spot (Compras Bolsa) [kWh],Porcentaje Cobertura por Contratos [%],Porcentaje Exposición en Bolsa Spot [%],Estado Cobertura de Demanda Agente,Días Activos Mes,Promedio Diario Agente [kWh/día],Costo Unitario Prestación (CU - PrecPromCont) [COP/kWh],Demanda Comercial Mercado Total (VR - DemaCome) [kWh],Demanda Total Sistema (Todos Agentes) [kWh],Demanda Total Sistema (CNIORs) [kWh],Participación Agente en Total Sistema [%],Participación Agente entre CNIORs [%],Ranking Demanda Agente en el Mes,Demanda Mercado Rezago m-1 (VR m-1) [kWh],Volumen Áreas Especiales Rezago m-1 (VPUI m-1) [kWh],Costo Unitario Rezago m-1 (CU m-1) [COP/kWh],Demanda Mercado Rezago m-2 (VR m-2) [kWh],Volumen Áreas Especiales Actual (VPUI) [kWh],Cargo Unitario Transitorio (CRPUI) [COP/kWh],Cargo Unitario Fijo Competitivo (CFPUI) [COP/kWh],Valor Total PUI Mercado [COP],Giro Obligatorio Total Mercado [COP],Recaudo Real Estimado Mercado [COP],Asignación Energía PUI Agente [kWh],Valor Asignación PUI Agente [COP],Ingresos PUI Facturados Agente [COP],Egreso Giro Obligatorio al CIOR [COP],Recaudo Real Efectivo Agente [COP],Flujo Neto de Caja PUI [COP],Sobrecosto por Incobrabilidad [COP],Pérdida por Incobrabilidad [%],Código Comercializador CIOR,Nombre Comercializador CIOR,Demanda Acumulada CIOR [kWh],Total Giros Recibidos CIOR [COP],Parámetro Prima Riesgo Cartera (rcpui) [COP/kWh],Parámetro % Áreas Especiales [%],Parámetro Factor Recaudo CNIOR [%],Parámetro Cargo Competitivo (cfpui) [COP/kWh],Parámetro Esquema Competitivo [Sí/No]
CERC,CERC S.A. E.S.P.,CNIOR,ANTIOQUIA,EPM - ANTIOQUIA,2024-01-01,HISTORICO,False,25814062.5,21941953.12,3872109.38,85.0,15.0,Cubierta (85.0% Contratos / 15.0% Bolsa),30,860468.75,280.0,25000000.0,1500000000.0,975000000.0,13.7675,21.1808,12,25000000.0,2500000.0,277.5,25000000.0,2500000.0,0.0,0.0,0.0,0.0,0.0,0.0,0.0,0.0,0.0,0.0,0.0,0.0,0.0,ENDC,ENEL COLOMBIA S.A. E.S.P.,28794000000.0,0.0,0.03,0.1,0.92,0.025,False
CERC,CERC S.A. E.S.P.,CNIOR,BOGOTA,ENEL - BOGOTA CUNDINAMARCA,2024-01-01,HISTORICO,False,25814062.5,21941953.12,3872109.38,85.0,15.0,Cubierta (85.0% Contratos / 15.0% Bolsa),30,860468.75,280.0,35000000.0,1500000000.0,975000000.0,13.7675,21.1808,12,35000000.0,3500000.0,277.5,35000000.0,3500000.0,0.0,0.0,0.0,0.0,0.0,0.0,0.0,0.0,0.0,0.0,0.0,0.0,0.0,ENDC,ENEL COLOMBIA S.A. E.S.P.,28794000000.0,0.0,0.03,0.1,0.92,0.025,False
CERC,CERC S.A. E.S.P.,CNIOR,CARIBE_MAR,AFINIA - CARIBE MAR,2024-01-01,HISTORICO,False,25814062.5,21941953.12,3872109.38,85.0,15.0,Cubierta (85.0% Contratos / 15.0% Bolsa),30,860468.75,280.0,28000000.0,1500000000.0,975000000.0,13.7675,21.1808,12,28000000.0,2800000.0,277.5,28000000.0,2800000.0,0.0,0.0,0.0,0.0,0.0,0.0,0.0,0.0,0.0,0.0,0.0,0.0,0.0,ENDC,ENEL COLOMBIA S.A. E.S.P.,28794000000.0,0.0,0.03,0.1,0.92,0.025,False
CERC,CERC S.A. E.S.P.,CNIOR,CARIBE_SOL,AIR-E - CARIBE SOL,2024-01-01,HISTORICO,False,25814062.5,21941953.12,3872109.38,85.0,15.0,Cubierta (85.0% Contratos / 15.0% Bolsa),30,860468.75,280.0,22000000.0,1500000000.0,975000000.0,13.7675,21.1808,12,22000000.0,2200000.0,277.5,22000000.0,2200000.0,0.0,0.0,0.0,0.0,0.0,0.0,0.0,0.0,0.0,0.0,0.0,0.0,0.0,ENDC,ENEL COLOMBIA S.A. E.S.P.,28794000000.0,0.0,0.03,0.1,0.92,0.025,False
CERC,CERC S.A. E.S.P.,CNIOR,CUNDINAMARCA,EEC - CUNDINAMARCA,2024-01-01,HISTORICO,False,25814062.5,21941953.12,3872109.38,85.0,15.0,Cubierta (85.0% Contratos / 15.0% Bolsa),30,860468.75,280.0,9000000.0,1500000000.0,975000000.0,13.7675,21.1808,12,9000000.0,900000.0,277.5,9000000.0,900000.0,0.0,0.0,0.0,0.0,0.0,0.0,0.0,0.0,0.0,0.0,0.0,0.0,0.0,ENDC,ENEL COLOMBIA S.A. E.S.P.,28794000000.0,0.0,0.03,0.1,0.92,0.025,False
CERC,CERC S.A. E.S.P.,CNIOR,SANTANDER,ESSA - SANTANDER,2024-01-01,HISTORICO,False,25814062.5,21941953.12,3872109.38,85.0,15.0,Cubierta (85.0% Contratos / 15.0% Bolsa),30,860468.75,280.0,14000000.0,1500000000.0,975000000.0,13.7675,21.1808,12,14000000.0,1400000.0,277.5,14000000.0,1400000.0,0.0,0.0,0.0,0.0,0.0,0.0,0.0,0.0,0.0,0.0,0.0,0.0,0.0,ENDC,ENEL COLOMBIA S.A. E.S.P.,28794000000.0,0.0,0.03,0.1,0.92,0.025,False
CERC,CERC S.A. E.S.P.,CNIOR,TOLIMA,ELET - TOLIMA,2024-01-01,HISTORICO,False,25814062.5,21941953.12,3872109.38,85.0,15.0,Cubierta (85.0% Contratos / 15.0% Bolsa),30,860468.75,280.0,7500000.0,1500000000.0,975000000.0,13.7675,21.1808,12,7500000.0,750000.0,277.5,7500000.0,750000.0,0.0,0.0,0.0,0.0,0.0,0.0,0.0,0.0,0.0,0.0,0.0,0.0,0.0,ENDC,ENEL COLOMBIA S.A. E.S.P.,28794000000.0,0.0,0.03,0.1,0.92,0.025,False
CERC,CERC S.A. E.S.P.,CNIOR,VALLE,CVC - VALLE DEL CAUCA,2024-01-01,HISTORICO,False,25814062.5,21941953.12,3872109.38,85.0,15.0,Cubierta (85.0% Contratos / 15.0% Bolsa),30,860468.75,280.0,18000000.0,1500000000.0,975000000.0,13.7675,21.1808,12,18000000.0,1800000.0,277.5,18000000.0,1800000.0,0.0,0.0,0.0,0.0,0.0,0.0,0.0,0.0,0.0,0.0,0.0,0.0,0.0,ENDC,ENEL COLOMBIA S.A. E.S.P.,28794000000.0,0.0,0.03,0.1,0.92,0.025,False
CERC,CERC S.A. E.S.P.,CNIOR,ANTIOQUIA,EPM - ANTIOQUIA,2024-02-01,HISTORICO,False,25986156.25,22088232.81,3897923.44,85.0,15.0,Cubierta (85.0% Contratos / 15.0% Bolsa),30,866205.21,295.1221,25250000.0,1510000000.0,981500000.0,13.7675,21.1808,12,25000000.0,2500000.0,280.0,25000000.0,2525000.0,0.0,0.0,0.0,0.0,0.0,0.0,0.0,0.0,0.0,0.0,0.0,0.0,0.0,ENDC,ENEL COLOMBIA S.A. E.S.P.,28794000000.0,0.0,0.03,0.1,0.92,0.025,False
CERC,CERC S.A. E.S.P.,CNIOR,BOGOTA,ENEL - BOGOTA CUNDINAMARCA,2024-02-01,HISTORICO,False,25986156.25,22088232.81,3897923.44,85.0,15.0,Cubierta (85.0% Contratos / 15.0% Bolsa),30,866205.21,295.1221,35350000.0,1510000000.0,981500000.0,13.7675,21.1808,12,35000000.0,3500000.0,280.0,35000000.0,3535000.0,0.0,0.0,0.0,0.0,0.0,0.0,0.0,0.0,0.0,0.0,0.0,0.0,0.0,ENDC,ENEL COLOMBIA S.A. E.S.P.,28794000000.0,0.0,0.03,0.1,0.92,0.025,False
CERC,CERC S.A. E.S.P.,CNIOR,CARIBE_MAR,AFINIA - CARIBE MAR,2024-02-01,HISTORICO,False,25986156.25,22088232.81,3897923.44,85.0,15.0,Cubierta (85.0% Contratos / 15.0% Bolsa),30,866205.21,295.1221,28280000.0,1510000000.0,981500000.0,13.7675,21.1808,12,28000000.0,2800000.0,280.0,28000000.0,2828000.0,0.0,0.0,0.0,0.0,0.0,0.0,0.0,0.0,0.0,0.0,0.0,0.0,0.0,ENDC,ENEL COLOMBIA S.A. E.S.P.,28794000000.0,0.0,0.03,0.1,0.92,0.025,False
CERC,CERC S.A. E.S.P.,CNIOR,CARIBE_SOL,AIR-E - CARIBE SOL,2024-02-01,HISTORICO,False,25986156.25,22088232.81,3897923.44,85.0,15.0,Cubierta (85.0% Contratos / 15.0% Bolsa),30,866205.21,295.1221,22220000.0,1510000000.0,981500000.0,13.7675,21.1808,12,22000000.0,2200000.0,280.0,22000000.0,2222000.0,0.0,0.0,0.0,0.0,0.0,0.0,0.0,0.0,0.0,0.0,0.0,0.0,0.0,ENDC,ENEL COLOMBIA S.A. E.S.P.,28794000000.0,0.0,0.03,0.1,0.92,0.025,False
CERC,CERC S.A. E.S.P.,CNIOR,CUNDINAMARCA,EEC - CUNDINAMARCA,2024-02-01,HISTORICO,False,25986156.25,22088232.81,3897923.44,85.0,15.0,Cubierta (85.0% Contratos / 15.0% Bolsa),30,866205.21,295.1221,9090000.0,1510000000.0,981500000.0,13.7675,21.1808,12,9000000.0,900000.0,280.0,9000000.0,909000.0,0.0,0.0,0.0,0.0,0.0,0.0,0.0,0.0,0.0,0.0,0.0,0.0,0.0,ENDC,ENEL COLOMBIA S.A. E.S.P.,28794000000.0,0.0,0.03,0.1,0.92,0.025,False
CERC,CERC S.A. E.S.P.,CNIOR,SANTANDER,ESSA - SANTANDER,2024-02-01,HISTORICO,False,25986156.25,22088232.81,3897923.44,85.0,15.0,Cubierta (85.0% Contratos / 15.0% Bolsa),30,866205.21,295.1221,14140000.0,1510000000.0,981500000.0,13.7675,21.1808,12,14000000.0,1400000.0,280.0,14000000.0,1414000.0,0.0,0.0,0.0,0.0,0.0,0.0,0.0,0.0,0.0,0.0,0.0,0.0,0.0,ENDC,ENEL COLOMBIA S.A. E.S.P.,28794000000.0,0.0,0.03,0.1,0.92,0.025,False
CERC,CERC S.A. E.S.P.,CNIOR,TOLIMA,ELET - TOLIMA,2024-02-01,HISTORICO,False,25986156.25,22088232.81,3897923.44,85.0,15.0,Cubierta (85.0% Contratos / 15.0% Bolsa),30,866205.21,295.1221,7575000.0,1510000000.0,981500000.0,13.7675,21.1808,12,7500000.0,750000.0,280.0,7500000.0,757500.0,0.0,0.0,0.0,0.0,0.0,0.0,0.0,0.0,0.0,0.0,0.0,0.0,0.0,ENDC,ENEL COLOMBIA S.A. E.S.P.,28794000000.0,0.0,0.03,0.1,0.92,0.025,False
CERC,CERC S.A. E.S.P.,CNIOR,VALLE,CVC - VALLE DEL CAUCA,2024-02-01,HISTORICO,False,25986156.25,22088232.81,3897923.44,85.0,15.0,Cubierta (85.0% Contratos / 15.0% Bolsa),30,866205.21,295.1221,18180000.0,1510000000.0,981500000.0,13.7675,21.1808,12,18000000.0,1800000.0,280.0,18000000.0,1818000.0,0.0,0.0,0.0,0.0,0.0,0.0,0.0,0.0,0.0,0.0,0.0,0.0,0.0,ENDC,ENEL COLOMBIA S.A. E.S.P.,28794000000.0,0.0,0.03,0.1,0.92,0.025,False
CERC,CERC S.A. E.S.P.,CNIOR,ANTIOQUIA,EPM - ANTIOQUIA,2024-03-01,HISTORICO,False,26158250.0,22234512.5,3923737.5,85.0,15.0,Cubierta (85.0% Contratos / 15.0% Bolsa),30,871941.67,298.6395,25500000.0,1520000000.0,988000000.0,13.7675,21.1808,12,25250000.0,2525000.0,295.1221,25000000.0,2550000.0,1.017e-05,0.0,254.13,254.13,233.8,34.99,10448.69,34.99,53.83,49.52,-4.31,4.31,8.0,ENDC,ENEL COLOMBIA S.A. E.S.P.,28794000000.0,0.0,0.03,0.1,0.92,0.025,False
CERC,CERC S.A. E.S.P.,CNIOR,BOGOTA,ENEL - BOGOTA CUNDINAMARCA,2024-03-01,HISTORICO,False,26158250.0,22234512.5,3923737.5,85.0,15.0,Cubierta (85.0% Contratos / 15.0% Bolsa),30,871941.67,298.6395,35700000.0,1520000000.0,988000000.0,13.7675,21.1808,12,35350000.0,3535000.0,295.1221,35000000.0,3570000.0,1.017e-05,0.0,355.78,355.78,327.32,48.98,14628.17,48.98,75.36,69.33,-6.03,6.03,8.0,ENDC,ENEL COLOMBIA S.A. E.S.P.,28794000000.0,0.0,0.03,0.1,0.92,0.025,False
CERC,CERC S.A. E.S.P.,CNIOR,CARIBE_MAR,AFINIA - CARIBE MAR,2024-03-01,HISTORICO,False,26158250.0,22234512.5,3923737.5,85.0,15.0,Cubierta (85.0% Contratos / 15.0% Bolsa),30,871941.67,298.6395,28560000.0,1520000000.0,988000000.0,13.7675,21.1808,12,28280000.0,2828000.0,295.1221,28000000.0,2856000.0,1.017e-05,0.0,284.63,284.63,261.86,39.19,11702.53,39.19,60.29,55.46,-4.82,4.82,8.0,ENDC,ENEL COLOMBIA S.A. E.S.P.,28794000000.0,0.0,0.03,0.1,0.92,0.025,False
CERC,CERC S.A. E.S.P.,CNIOR,CARIBE_SOL,AIR-E - CARIBE SOL,2024-03-01,HISTORICO,False,26158250.0,22234512.5,3923737.5,85.0,15.0,Cubierta (85.0% Contratos / 15.0% Bolsa),30,871941.67,298.6395,22440000.0,1520000000.0,988000000.0,13.7675,21.1808,12,22220000.0,2222000.0,295.1221,22000000.0,2244000.0,1.017e-05,0.0,223.64,223.64,205.75,30.79,9194.85,30.79,47.37,43.58,-3.79,3.79,8.0,ENDC,ENEL COLOMBIA S.A. E.S.P.,28794000000.0,0.0,0.03,0.1,0.92,0.025,False
CERC,CERC S.A. E.S.P.,CNIOR,CUNDINAMARCA,EEC - CUNDINAMARCA,2024-03-01,HISTORICO,False,26158250.0,22234512.5,3923737.5,85.0,15.0,Cubierta (85.0% Contratos / 15.0% Bolsa),30,871941.67,298.6395,9180000.0,1520000000.0,988000000.0,13.7675,21.1808,12,9090000.0,909000.0,295.1221,9000000.0,918000.0,1.017e-05,0.0,91.49,91.49,84.17,12.6,3761.53,12.6,19.38,17.83,-1.55,1.55,8.0,ENDC,ENEL COLOMBIA S.A. E.S.P.,28794000000.0,0.0,0.03,0.1,0.92,0.025,False
CERC,CERC S.A. E.S.P.,CNIOR,SANTANDER,ESSA - SANTANDER,2024-03-01,HISTORICO,False,26158250.0,22234512.5,3923737.5,85.0,15.0,Cubierta (85.0% Contratos / 15.0% Bolsa),30,871941.67,298.6395,14280000.0,1520000000.0,988000000.0,13.7675,21.1808,12,14140000.0,1414000.0,295.1221,14000000.0,1428000.0,1.017e-05,0.0,142.31,142.31,130.93,19.59,5851.27,19.59,30.14,27.73,-2.41,2.41,8.0,ENDC,ENEL COLOMBIA S.A. E.S.P.,28794000000.0,0.0,0.03,0.1,0.92,0.025,False
CERC,CERC S.A. E.S.P.,CNIOR,TOLIMA,ELET - TOLIMA,2024-03-01,HISTORICO,False,26158250.0,22234512.5,3923737.5,85.0,15.0,Cubierta (85.0% Contratos / 15.0% Bolsa),30,871941.67,298.6395,7650000.0,1520000000.0,988000000.0,13.7675,21.1808,12,7575000.0,757500.0,295.1221,7500000.0,765000.0,1.017e-05,0.0,76.24,76.24,70.14,10.5,3134.61,10.5,16.15,14.86,-1.29,1.29,8.0,ENDC,ENEL COLOMBIA S.A. E.S.P.,28794000000.0,0.0,0.03,0.1,0.92,0.025,False
CERC,CERC S.A. E.S.P.,CNIOR,VALLE,CVC - VALLE DEL CAUCA,2024-03-01,HISTORICO,False,26158250.0,22234512.5,3923737.5,85.0,15.0,Cubierta (85.0% Contratos / 15.0% Bolsa),30,871941.67,298.6395,18360000.0,1520000000.0,988000000.0,13.7675,21.1808,12,18180000.0,1818000.0,295.1221,18000000.0,1836000.0,1.017e-05,0.0,182.98,182.98,168.34,25.19,7523.06,25.19,38.76,35.66,-3.1,3.1,8.0,ENDC,ENEL COLOMBIA S.A. E.S.P.,28794000000.0,0.0,0.03,0.1,0.92,0.025,False
CERC,CERC S.A. E.S.P.,CNIOR,ANTIOQUIA,EPM - ANTIOQUIA,2024-04-01,HISTORICO,False,26330343.75,22380792.19,3949551.56,85.0,15.0,Cubierta (85.0% Contratos / 15.0% Bolsa),30,877678.12,289.6168,25750000.0,1530000000.0,994500000.0,13.7675,21.1808,12,25500000.0,2550000.0,298.6395,25250000.0,2575000.0,1.005e-05,0.0,253.65,253.65,233.36,34.92,10113.8,34.92,53.73,49.43,-4.3,4.3,8.0,ENDC,ENEL COLOMBIA S.A. E.S.P.,28794000000.0,0.0,0.03,0.1,0.92,0.025,False
CERC,CERC S.A. E.S.P.,CNIOR,BOGOTA,ENEL - BOGOTA CUNDINAMARCA,2024-04-01,HISTORICO,False,26330343.75,22380792.19,3949551.56,85.0,15.0,Cubierta (85.0% Contratos / 15.0% Bolsa),30,877678.12,289.6168,36050000.0,1530000000.0,994500000.0,13.7675,21.1808,12,35700000.0,3570000.0,298.6395,35350000.0,3605000.0,1.005e-05,0.0,355.11,355.11,326.7,48.89,14159.32,48.89,75.22,69.2,-6.02,6.02,8.0,ENDC,ENEL COLOMBIA S.A. E.S.P.,28794000000.0,0.0,0.03,0.1,0.92,0.025,False
CERC,CERC S.A. E.S.P.,CNIOR,CARIBE_MAR,AFINIA - CARIBE MAR,2024-04-01,HISTORICO,False,26330343.75,22380792.19,3949551.56,85.0,15.0,Cubierta (85.0% Contratos / 15.0% Bolsa),30,877678.12,289.6168,28840000.0,1530000000.0,994500000.0,13.7675,21.1808,12,28560000.0,2856000.0,298.6395,28280000.0,2884000.0,1.005e-05,0.0,284.09,284.09,261.36,39.11,11327.45,39.11,60.17,55.36,-4.81,4.81,8.0,ENDC,ENEL COLOMBIA S.A. E.S.P.,28794000000.0,0.0,0.03,0.1,0.92,0.025,False
CERC,CERC S.A. E.S.P.,CNIOR,CARIBE_SOL,AIR-E - CARIBE SOL,2024-04-01,HISTORICO,False,26330343.75,22380792.19,3949551.56,85.0,15.0,Cubierta (85.0% Contratos / 15.0% Bolsa),30,877678.12,289.6168,22660000.0,1530000000.0,994500000.0,13.7675,21.1808,12,22440000.0,2244000.0,298.6395,22220000.0,2266000.0,1.005e-05,0.0,223.21,223.21,205.36,30.73,8900.14,30.73,47.28,43.5,-3.78,3.78,8.0,ENDC,ENEL COLOMBIA S.A. E.S.P.,28794000000.0,0.0,0.03,0.1,0.92,0.025,False
CERC,CERC S.A. E.S.P.,CNIOR,CUNDINAMARCA,EEC - CUNDINAMARCA,2024-04-01,HISTORICO,False,26330343.75,22380792.19,3949551.56,85.0,15.0,Cubierta (85.0% Contratos / 15.0% Bolsa),30,877678.12,289.6168,9270000.0,1530000000.0,994500000.0,13.7675,21.1808,12,9180000.0,918000.0,298.6395,9090000.0,927000.0,1.005e-05,0.0,91.31,91.31,84.01,12.57,3640.97,12.57,19.34,17.79,-1.55,1.55,8.0,ENDC,ENEL COLOMBIA S.A. E.S.P.,28794000000.0,0.0,0.03,0.1,0.92,0.025,False
CERC,CERC S.A. E.S.P.,CNIOR,SANTANDER,ESSA - SANTANDER,2024-04-01,HISTORICO,False,26330343.75,22380792.19,3949551.56,85.0,15.0,Cubierta (85.0% Contratos / 15.0% Bolsa),30,877678.12,289.6168,14420000.0,1530000000.0,994500000.0,13.7675,21.1808,12,14280000.0,1428000.0,298.6395,14140000.0,1442000.0,1.005e-05,0.0,142.04,142.04,130.68,19.56,5663.73,19.56,30.09,27.68,-2.41,2.41,8.0,ENDC,ENEL COLOMBIA S.A. E.S.P.,28794000000.0,0.0,0.03,0.1,0.92,0.025,False
CERC,CERC S.A. E.S.P.,CNIOR,TOLIMA,ELET - TOLIMA,2024-04-01,HISTORICO,False,26330343.75,22380792.19,3949551.56,85.0,15.0,Cubierta (85.0% Contratos / 15.0% Bolsa),30,877678.12,289.6168,7725000.0,1530000000.0,994500000.0,13.7675,21.1808,12,7650000.0,765000.0,298.6395,7575000.0,772500.0,1.005e-05,0.0,76.1,76.1,70.01,10.48,3034.14,10.48,16.12,14.83,-1.29,1.29,8.0,ENDC,ENEL COLOMBIA S.A. E.S.P.,28794000000.0,0.0,0.03,0.1,0.92,0.025,False
CERC,CERC S.A. E.S.P.,CNIOR,VALLE,CVC - VALLE DEL CAUCA,2024-04-01,HISTORICO,False,26330343.75,22380792.19,3949551.56,85.0,15.0,Cubierta (85.0% Contratos / 15.0% Bolsa),30,877678.12,289.6168,18540000.0,1530000000.0,994500000.0,13.7675,21.1808,12,18360000.0,1836000.0,298.6395,18180000.0,1854000.0,1.005e-05,0.0,182.63,182.63,168.02,25.14,7281.93,25.14,38.68,35.59,-3.09,3.09,8.0,ENDC,ENEL COLOMBIA S.A. E.S.P.,28794000000.0,0.0,0.03,0.1,0.92,0.025,False
CERC,CERC S.A. E.S.P.,CNIOR,ANTIOQUIA,EPM - ANTIOQUIA,2024-05-01,HISTORICO,False,26502437.5,22527071.88,3975365.63,85.0,15.0,Cubierta (85.0% Contratos / 15.0% Bolsa),30,883414.58,278.648,26000000.0,1540000000.0,1001000000.0,13.7675,21.1808,12,25750000.0,2575000.0,289.6168,25500000.0,2600000.0,1.036e-05,0.0,264.14,264.14,243.01,36.37,10133.25,36.37,55.95,51.47,-4.48,4.48,8.0,ENDC,ENEL COLOMBIA S.A. E.S.P.,28794000000.0,0.0,0.03,0.1,0.92,0.025,False
CERC,CERC S.A. E.S.P.,CNIOR,BOGOTA,ENEL - BOGOTA CUNDINAMARCA,2024-05-01,HISTORICO,False,26502437.5,22527071.88,3975365.63,85.0,15.0,Cubierta (85.0% Contratos / 15.0% Bolsa),30,883414.58,278.648,36400000.0,1540000000.0,1001000000.0,13.7675,21.1808,12,36050000.0,3605000.0,289.6168,35700000.0,3640000.0,1.036e-05,0.0,369.8,369.8,340.22,50.91,14186.55,50.91,78.33,72.06,-6.27,6.27,8.0,ENDC,ENEL COLOMBIA S.A. E.S.P.,28794000000.0,0.0,0.03,0.1,0.92,0.025,False
CERC,CERC S.A. E.S.P.,CNIOR,CARIBE_MAR,AFINIA - CARIBE MAR,2024-05-01,HISTORICO,False,26502437.5,22527071.88,3975365.63,85.0,15.0,Cubierta (85.0% Contratos / 15.0% Bolsa),30,883414.58,278.648,29120000.0,1540000000.0,1001000000.0,13.7675,21.1808,12,28840000.0,2884000.0,289.6168,28560000.0,2912000.0,1.036e-05,0.0,295.84,295.84,272.17,40.73,11349.24,40.73,62.66,57.65,-5.01,5.01,8.0,ENDC,ENEL COLOMBIA S.A. E.S.P.,28794000000.0,0.0,0.03,0.1,0.92,0.025,False
CERC,CERC S.A. E.S.P.,CNIOR,CARIBE_SOL,AIR-E - CARIBE SOL,2024-05-01,HISTORICO,False,26502437.5,22527071.88,3975365.63,85.0,15.0,Cubierta (85.0% Contratos / 15.0% Bolsa),30,883414.58,278.648,22880000.0,1540000000.0,1001000000.0,13.7675,21.1808,12,22660000.0,2266000.0,289.6168,22440000.0,2288000.0,1.036e-05,0.0,232.45,232.45,213.85,32.0,8917.26,32.0,49.23,45.29,-3.94,3.94,8.0,ENDC,ENEL COLOMBIA S.A. E.S.P.,28794000000.0,0.0,0.03,0.1,0.92,0.025,False
CERC,CERC S.A. E.S.P.,CNIOR,CUNDINAMARCA,EEC - CUNDINAMARCA,2024-05-01,HISTORICO,False,26502437.5,22527071.88,3975365.63,85.0,15.0,Cubierta (85.0% Contratos / 15.0% Bolsa),30,883414.58,278.648,9360000.0,1540000000.0,1001000000.0,13.7675,21.1808,12,9270000.0,927000.0,289.6168,9180000.0,936000.0,1.036e-05,0.0,95.09,95.09,87.48,13.09,3647.97,13.09,20.14,18.53,-1.61,1.61,8.0,ENDC,ENEL COLOMBIA S.A. E.S.P.,28794000000.0,0.0,0.03,0.1,0.92,0.025,False
CERC,CERC S.A. E.S.P.,CNIOR,SANTANDER,ESSA - SANTANDER,2024-05-01,HISTORICO,False,26502437.5,22527071.88,3975365.63,85.0,15.0,Cubierta (85.0% Contratos / 15.0% Bolsa),30,883414.58,278.648,14560000.0,1540000000.0,1001000000.0,13.7675,21.1808,12,14420000.0,1442000.0,289.6168,14280000.0,1456000.0,1.036e-05,0.0,147.92,147.92,136.09,20.36,5674.62,20.36,31.33,28.82,-2.51,2.51,8.0,ENDC,ENEL COLOMBIA S.A. E.S.P.,28794000000.0,0.0,0.03,0.1,0.92,0.025,False
CERC,CERC S.A. E.S.P.,CNIOR,TOLIMA,ELET - TOLIMA,2024-05-01,HISTORICO,False,26502437.5,22527071.88,3975365.63,85.0,15.0,Cubierta (85.0% Contratos / 15.0% Bolsa),30,883414.58,278.648,7800000.0,1540000000.0,1001000000.0,13.7675,21.1808,12,7725000.0,772500.0,289.6168,7650000.0,780000.0,1.036e-05,0.0,79.24,79.24,72.9,10.91,3039.97,10.91,16.78,15.44,-1.34,1.34,8.0,ENDC,ENEL COLOMBIA S.A. E.S.P.,28794000000.0,0.0,0.03,0.1,0.92,0.025,False
CERC,CERC S.A. E.S.P.,CNIOR,VALLE,CVC - VALLE DEL CAUCA,2024-05-01,HISTORICO,False,26502437.5,22527071.88,3975365.63,85.0,15.0,Cubierta (85.0% Contratos / 15.0% Bolsa),30,883414.58,278.648,18720000.0,1540000000.0,1001000000.0,13.7675,21.1808,12,18540000.0,1854000.0,289.6168,18360000.0,1872000.0,1.036e-05,0.0,190.18,190.18,174.97,26.18,7295.94,26.18,40.28,37.06,-3.22,3.22,8.0,ENDC,ENEL COLOMBIA S.A. E.S.P.,28794000000.0,0.0,0.03,0.1,0.92,0.025,False
CERC,CERC S.A. E.S.P.,CNIOR,ANTIOQUIA,EPM - ANTIOQUIA,2024-06-01,HISTORICO,False,26674531.25,22673351.56,4001179.69,85.0,15.0,Cubierta (85.0% Contratos / 15.0% Bolsa),30,889151.04,278.1161,26250000.0,1550000000.0,1007500000.0,13.7675,21.1808,12,26000000.0,2600000.0,278.648,25750000.0,2625000.0,1.077e-05,0.0,277.23,277.23,255.05,38.17,10615.09,38.17,58.72,54.02,-4.7,4.7,8.0,ENDC,ENEL COLOMBIA S.A. E.S.P.,28794000000.0,0.0,0.03,0.1,0.92,0.025,False
CERC,CERC S.A. E.S.P.,CNIOR,BOGOTA,ENEL - BOGOTA CUNDINAMARCA,2024-06-01,HISTORICO,False,26674531.25,22673351.56,4001179.69,85.0,15.0,Cubierta (85.0% Contratos / 15.0% Bolsa),30,889151.04,278.1161,36750000.0,1550000000.0,1007500000.0,13.7675,21.1808,12,36400000.0,3640000.0,278.648,36050000.0,3675000.0,1.077e-05,0.0,388.12,388.12,357.07,53.43,14861.13,53.43,82.21,75.63,-6.58,6.58,8.0,ENDC,ENEL COLOMBIA S.A. E.S.P.,28794000000.0,0.0,0.03,0.1,0.92,0.025,False
CERC,CERC S.A. E.S.P.,CNIOR,CARIBE_MAR,AFINIA - CARIBE MAR,2024-06-01,HISTORICO,False,26674531.25,22673351.56,4001179.69,85.0,15.0,Cubierta (85.0% Contratos / 15.0% Bolsa),30,889151.04,278.1161,29400000.0,1550000000.0,1007500000.0,13.7675,21.1808,12,29120000.0,2912000.0,278.648,28840000.0,2940000.0,1.077e-05,0.0,310.5,310.5,285.66,42.75,11888.9,42.75,65.77,60.5,-5.26,5.26,8.0,ENDC,ENEL COLOMBIA S.A. E.S.P.,28794000000.0,0.0,0.03,0.1,0.92,0.025,False
CERC,CERC S.A. E.S.P.,CNIOR,CARIBE_SOL,AIR-E - CARIBE SOL,2024-06-01,HISTORICO,False,26674531.25,22673351.56,4001179.69,85.0,15.0,Cubierta (85.0% Contratos / 15.0% Bolsa),30,889151.04,278.1161,23100000.0,1550000000.0,1007500000.0,13.7675,21.1808,12,22880000.0,2288000.0,278.648,22660000.0,2310000.0,1.077e-05,0.0,243.96,243.96,224.45,33.59,9341.28,33.59,51.67,47.54,-4.13,4.13,8.0,ENDC,ENEL COLOMBIA S.A. E.S.P.,28794000000.0,0.0,0.03,0.1,0.92,0.025,False
CERC,CERC S.A. E.S.P.,CNIOR,CUNDINAMARCA,EEC - CUNDINAMARCA,2024-06-01,HISTORICO,False,26674531.25,22673351.56,4001179.69,85.0,15.0,Cubierta (85.0% Contratos / 15.0% Bolsa),30,889151.04,278.1161,9450000.0,1550000000.0,1007500000.0,13.7675,21.1808,12,9360000.0,936000.0,278.648,9270000.0,945000.0,1.077e-05,0.0,99.8,99.8,91.82,13.74,3821.43,13.74,21.14,19.45,-1.69,1.69,8.0,ENDC,ENEL COLOMBIA S.A. E.S.P.,28794000000.0,0.0,0.03,0.1,0.92,0.025,False
CERC,CERC S.A. E.S.P.,CNIOR,SANTANDER,ESSA - SANTANDER,2024-06-01,HISTORICO,False,26674531.25,22673351.56,4001179.69,85.0,15.0,Cubierta (85.0% Contratos / 15.0% Bolsa),30,889151.04,278.1161,14700000.0,1550000000.0,1007500000.0,13.7675,21.1808,12,14560000.0,1456000.0,278.648,14420000.0,1470000.0,1.077e-05,0.0,155.25,155.25,142.83,21.37,5944.45,21.37,32.88,30.25,-2.63,2.63,8.0,ENDC,ENEL COLOMBIA S.A. E.S.P.,28794000000.0,0.0,0.03,0.1,0.92,0.025,False
CERC,CERC S.A. E.S.P.,CNIOR,TOLIMA,ELET - TOLIMA,2024-06-01,HISTORICO,False,26674531.25,22673351.56,4001179.69,85.0,15.0,Cubierta (85.0% Contratos / 15.0% Bolsa),30,889151.04,278.1161,7875000.0,1550000000.0,1007500000.0,13.7675,21.1808,12,7800000.0,780000.0,278.648,7725000.0,787500.0,1.077e-05,0.0,83.17,83.17,76.52,11.45,3184.53,11.45,17.62,16.21,-1.41,1.41,8.0,ENDC,ENEL COLOMBIA S.A. E.S.P.,28794000000.0,0.0,0.03,0.1,0.92,0.025,False
CERC,CERC S.A. E.S.P.,CNIOR,VALLE,CVC - VALLE DEL CAUCA,2024-06-01,HISTORICO,False,26674531.25,22673351.56,4001179.69,85.0,15.0,Cubierta (85.0% Contratos / 15.0% Bolsa),30,889151.04,278.1161,18900000.0,1550000000.0,1007500000.0,13.7675,21.1808,12,18720000.0,1872000.0,278.648,18540000.0,1890000.0,1.077e-05,0.0,199.61,199.61,183.64,27.48,7642.87,27.48,42.28,38.9,-3.38,3.38,8.0,ENDC,ENEL COLOMBIA S.A. E.S.P.,28794000000.0,0.0,0.03,0.1,0.92,0.025,False
CERC,CERC S.A. E.S.P.,CNIOR,ANTIOQUIA,EPM - ANTIOQUIA,2024-07-01,HISTORICO,False,26846625.0,22819631.25,4026993.75,85.0,15.0,Cubierta (85.0% Contratos / 15.0% Bolsa),30,894887.5,290.8088,26500000.0,1560000000.0,1014000000.0,13.7675,21.1808,12,26250000.0,2625000.0,278.1161,26000000.0,2650000.0,1.079e-05,0.0,280.46,280.46,258.02,38.61,11228.74,38.61,59.4,54.65,-4.75,4.75,8.0,ENDC,ENEL COLOMBIA S.A. E.S.P.,28794000000.0,0.0,0.03,0.1,0.92,0.025,False
CERC,CERC S.A. E.S.P.,CNIOR,BOGOTA,ENEL - BOGOTA CUNDINAMARCA,2024-07-01,HISTORICO,False,26846625.0,22819631.25,4026993.75,85.0,15.0,Cubierta (85.0% Contratos / 15.0% Bolsa),30,894887.5,290.8088,37100000.0,1560000000.0,1014000000.0,13.7675,21.1808,12,36750000.0,3675000.0,278.1161,36400000.0,3710000.0,1.079e-05,0.0,392.64,392.64,361.23,54.06,15720.24,54.06,83.16,76.51,-6.65,6.65,8.0,ENDC,ENEL COLOMBIA S.A. E.S.P.,28794000000.0,0.0,0.03,0.1,0.92,0.025,False
CERC,CERC S.A. E.S.P.,CNIOR,CARIBE_MAR,AFINIA - CARIBE MAR,2024-07-01,HISTORICO,False,26846625.0,22819631.25,4026993.75,85.0,15.0,Cubierta (85.0% Contratos / 15.0% Bolsa),30,894887.5,290.8088,29680000.0,1560000000.0,1014000000.0,13.7675,21.1808,12,29400000.0,2940000.0,278.1161,29120000.0,2968000.0,1.079e-05,0.0,314.11,314.11,288.98,43.25,12576.19,43.25,66.53,61.21,-5.32,5.32,8.0,ENDC,ENEL COLOMBIA S.A. E.S.P.,28794000000.0,0.0,0.03,0.1,0.92,0.025,False
CERC,CERC S.A. E.S.P.,CNIOR,CARIBE_SOL,AIR-E - CARIBE SOL,2024-07-01,HISTORICO,False,26846625.0,22819631.25,4026993.75,85.0,15.0,Cubierta (85.0% Contratos / 15.0% Bolsa),30,894887.5,290.8088,23320000.0,1560000000.0,1014000000.0,13.7675,21.1808,12,23100000.0,2310000.0,278.1161,22880000.0,2332000.0,1.079e-05,0.0,246.8,246.8,227.06,33.98,9881.29,33.98,52.27,48.09,-4.18,4.18,8.0,ENDC,ENEL COLOMBIA S.A. E.S.P.,28794000000.0,0.0,0.03,0.1,0.92,0.025,False
CERC,CERC S.A. E.S.P.,CNIOR,CUNDINAMARCA,EEC - CUNDINAMARCA,2024-07-01,HISTORICO,False,26846625.0,22819631.25,4026993.75,85.0,15.0,Cubierta (85.0% Contratos / 15.0% Bolsa),30,894887.5,290.8088,9540000.0,1560000000.0,1014000000.0,13.7675,21.1808,12,9450000.0,945000.0,278.1161,9360000.0,954000.0,1.079e-05,0.0,100.97,100.97,92.89,13.9,4042.35,13.9,21.39,19.67,-1.71,1.71,8.0,ENDC,ENEL COLOMBIA S.A. E.S.P.,28794000000.0,0.0,0.03,0.1,0.92,0.025,False
CERC,CERC S.A. E.S.P.,CNIOR,SANTANDER,ESSA - SANTANDER,2024-07-01,HISTORICO,False,26846625.0,22819631.25,4026993.75,85.0,15.0,Cubierta (85.0% Contratos / 15.0% Bolsa),30,894887.5,290.8088,14840000.0,1560000000.0,1014000000.0,13.7675,21.1808,12,14700000.0,1470000.0,278.1161,14560000.0,1484000.0,1.079e-05,0.0,157.06,157.06,144.49,21.62,6288.1,21.62,33.27,30.6,-2.66,2.66,8.0,ENDC,ENEL COLOMBIA S.A. E.S.P.,28794000000.0,0.0,0.03,0.1,0.92,0.025,False
CERC,CERC S.A. E.S.P.,CNIOR,TOLIMA,ELET - TOLIMA,2024-07-01,HISTORICO,False,26846625.0,22819631.25,4026993.75,85.0,15.0,Cubierta (85.0% Contratos / 15.0% Bolsa),30,894887.5,290.8088,7950000.0,1560000000.0,1014000000.0,13.7675,21.1808,12,7875000.0,787500.0,278.1161,7800000.0,795000.0,1.079e-05,0.0,84.14,84.14,77.41,11.58,3368.62,11.58,17.82,16.4,-1.43,1.43,8.0,ENDC,ENEL COLOMBIA S.A. E.S.P.,28794000000.0,0.0,0.03,0.1,0.92,0.025,False
CERC,CERC S.A. E.S.P.,CNIOR,VALLE,CVC - VALLE DEL CAUCA,2024-07-01,HISTORICO,False,26846625.0,22819631.25,4026993.75,85.0,15.0,Cubierta (85.0% Contratos / 15.0% Bolsa),30,894887.5,290.8088,19080000.0,1560000000.0,1014000000.0,13.7675,21.1808,12,18900000.0,1890000.0,278.1161,18720000.0,1908000.0,1.079e-05,0.0,201.93,201.93,185.78,27.8,8084.69,27.8,42.77,39.35,-3.42,3.42,8.0,ENDC,ENEL COLOMBIA S.A. E.S.P.,28794000000.0,0.0,0.03,0.1,0.92,0.025,False
CERC,CERC S.A. E.S.P.,CNIOR,ANTIOQUIA,EPM - ANTIOQUIA,2024-08-01,HISTORICO,False,27018718.75,22965910.94,4052807.81,85.0,15.0,Cubierta (85.0% Contratos / 15.0% Bolsa),30,900623.96,307.3548,26750000.0,1570000000.0,1020500000.0,13.7675,21.1808,12,26500000.0,2650000.0,290.8088,26250000.0,2675000.0,1.032e-05,0.0,270.8,270.8,249.13,37.28,11458.77,37.28,57.36,52.77,-4.59,4.59,8.0,ENDC,ENEL COLOMBIA S.A. E.S.P.,28794000000.0,0.0,0.03,0.1,0.92,0.025,False
CERC,CERC S.A. E.S.P.,CNIOR,BOGOTA,ENEL - BOGOTA CUNDINAMARCA,2024-08-01,HISTORICO,False,27018718.75,22965910.94,4052807.81,85.0,15.0,Cubierta (85.0% Contratos / 15.0% Bolsa),30,900623.96,307.3548,37450000.0,1570000000.0,1020500000.0,13.7675,21.1808,12,37100000.0,3710000.0,290.8088,36750000.0,3745000.0,1.032e-05,0.0,379.12,379.12,348.79,52.19,16042.28,52.19,80.3,73.88,-6.42,6.42,8.0,ENDC,ENEL COLOMBIA S.A. E.S.P.,28794000000.0,0.0,0.03,0.1,0.92,0.025,False
CERC,CERC S.A. E.S.P.,CNIOR,CARIBE_MAR,AFINIA - CARIBE MAR,2024-08-01,HISTORICO,False,27018718.75,22965910.94,4052807.81,85.0,15.0,Cubierta (85.0% Contratos / 15.0% Bolsa),30,900623.96,307.3548,29960000.0,1570000000.0,1020500000.0,13.7675,21.1808,12,29680000.0,2968000.0,290.8088,29400000.0,2996000.0,1.032e-05,0.0,303.29,303.29,279.03,41.76,12833.83,41.76,64.24,59.1,-5.14,5.14,8.0,ENDC,ENEL COLOMBIA S.A. E.S.P.,28794000000.0,0.0,0.03,0.1,0.92,0.025,False
CERC,CERC S.A. E.S.P.,CNIOR,CARIBE_SOL,AIR-E - CARIBE SOL,2024-08-01,HISTORICO,False,27018718.75,22965910.94,4052807.81,85.0,15.0,Cubierta (85.0% Contratos / 15.0% Bolsa),30,900623.96,307.3548,23540000.0,1570000000.0,1020500000.0,13.7675,21.1808,12,23320000.0,2332000.0,290.8088,23100000.0,2354000.0,1.032e-05,0.0,238.3,238.3,219.24,32.81,10083.72,32.81,50.47,46.44,-4.04,4.04,8.0,ENDC,ENEL COLOMBIA S.A. E.S.P.,28794000000.0,0.0,0.03,0.1,0.92,0.025,False
CERC,CERC S.A. E.S.P.,CNIOR,CUNDINAMARCA,EEC - CUNDINAMARCA,2024-08-01,HISTORICO,False,27018718.75,22965910.94,4052807.81,85.0,15.0,Cubierta (85.0% Contratos / 15.0% Bolsa),30,900623.96,307.3548,9630000.0,1570000000.0,1020500000.0,13.7675,21.1808,12,9540000.0,954000.0,290.8088,9450000.0,963000.0,1.032e-05,0.0,97.49,97.49,89.69,13.42,4125.16,13.42,20.65,19.0,-1.65,1.65,8.0,ENDC,ENEL COLOMBIA S.A. E.S.P.,28794000000.0,0.0,0.03,0.1,0.92,0.025,False
CERC,CERC S.A. E.S.P.,CNIOR,SANTANDER,ESSA - SANTANDER,2024-08-01,HISTORICO,False,27018718.75,22965910.94,4052807.81,85.0,15.0,Cubierta (85.0% Contratos / 15.0% Bolsa),30,900623.96,307.3548,14980000.0,1570000000.0,1020500000.0,13.7675,21.1808,12,14840000.0,1484000.0,290.8088,14700000.0,1498000.0,1.032e-05,0.0,151.65,151.65,139.51,20.88,6416.91,20.88,32.12,29.55,-2.57,2.57,8.0,ENDC,ENEL COLOMBIA S.A. E.S.P.,28794000000.0,0.0,0.03,0.1,0.92,0.025,False
CERC,CERC S.A. E.S.P.,CNIOR,TOLIMA,ELET - TOLIMA,2024-08-01,HISTORICO,False,27018718.75,22965910.94,4052807.81,85.0,15.0,Cubierta (85.0% Contratos / 15.0% Bolsa),30,900623.96,307.3548,8025000.0,1570000000.0,1020500000.0,13.7675,21.1808,12,7950000.0,795000.0,290.8088,7875000.0,802500.0,1.032e-05,0.0,81.24,81.24,74.74,11.18,3437.63,11.18,17.21,15.83,-1.38,1.38,8.0,ENDC,ENEL COLOMBIA S.A. E.S.P.,28794000000.0,0.0,0.03,0.1,0.92,0.025,False
CERC,CERC S.A. E.S.P.,CNIOR,VALLE,CVC - VALLE DEL CAUCA,2024-08-01,HISTORICO,False,27018718.75,22965910.94,4052807.81,85.0,15.0,Cubierta (85.0% Contratos / 15.0% Bolsa),30,900623.96,307.3548,19260000.0,1570000000.0,1020500000.0,13.7675,21.1808,12,19080000.0,1908000.0,290.8088,18900000.0,1926000.0,1.032e-05,0.0,194.97,194.97,179.38,26.84,8250.32,26.84,41.3,37.99,-3.3,3.3,8.0,ENDC,ENEL COLOMBIA S.A. E.S.P.,28794000000.0,0.0,0.03,0.1,0.92,0.025,False
CERC,CERC S.A. E.S.P.,CNIOR,ANTIOQUIA,EPM - ANTIOQUIA,2024-09-01,HISTORICO,False,27190812.5,23112190.62,4078621.88,85.0,15.0,Cubierta (85.0% Contratos / 15.0% Bolsa),30,906360.42,314.8404,27000000.0,1580000000.0,1027000000.0,13.7675,21.1808,12,26750000.0,2675000.0,307.3548,26500000.0,2700000.0,9.76e-06,0.0,258.66,258.66,237.97,35.61,11211.73,35.61,54.79,50.4,-4.38,4.38,8.0,ENDC,ENEL COLOMBIA S.A. E.S.P.,28794000000.0,0.0,0.03,0.1,0.92,0.025,False
CERC,CERC S.A. E.S.P.,CNIOR,BOGOTA,ENEL - BOGOTA CUNDINAMARCA,2024-09-01,HISTORICO,False,27190812.5,23112190.62,4078621.88,85.0,15.0,Cubierta (85.0% Contratos / 15.0% Bolsa),30,906360.42,314.8404,37800000.0,1580000000.0,1027000000.0,13.7675,21.1808,12,37450000.0,3745000.0,307.3548,37100000.0,3780000.0,9.76e-06,0.0,362.12,362.12,333.15,49.86,15696.42,49.86,76.7,70.56,-6.14,6.14,8.0,ENDC,ENEL COLOMBIA S.A. E.S.P.,28794000000.0,0.0,0.03,0.1,0.92,0.025,False
CERC,CERC S.A. E.S.P.,CNIOR,CARIBE_MAR,AFINIA - CARIBE MAR,2024-09-01,HISTORICO,False,27190812.5,23112190.62,4078621.88,85.0,15.0,Cubierta (85.0% Contratos / 15.0% Bolsa),30,906360.42,314.8404,30240000.0,1580000000.0,1027000000.0,13.7675,21.1808,12,29960000.0,2996000.0,307.3548,29680000.0,3024000.0,9.76e-06,0.0,289.7,289.7,266.52,39.88,12557.14,39.88,61.36,56.45,-4.91,4.91,8.0,ENDC,ENEL COLOMBIA S.A. E.S.P.,28794000000.0,0.0,0.03,0.1,0.92,0.025,False
CERC,CERC S.A. E.S.P.,CNIOR,CARIBE_SOL,AIR-E - CARIBE SOL,2024-09-01,HISTORICO,False,27190812.5,23112190.62,4078621.88,85.0,15.0,Cubierta (85.0% Contratos / 15.0% Bolsa),30,906360.42,314.8404,23760000.0,1580000000.0,1027000000.0,13.7675,21.1808,12,23540000.0,2354000.0,307.3548,23320000.0,2376000.0,9.76e-06,0.0,227.62,227.62,209.41,31.34,9866.32,31.34,48.21,44.35,-3.86,3.86,8.0,ENDC,ENEL COLOMBIA S.A. E.S.P.,28794000000.0,0.0,0.03,0.1,0.92,0.025,False
CERC,CERC S.A. E.S.P.,CNIOR,CUNDINAMARCA,EEC - CUNDINAMARCA,2024-09-01,HISTORICO,False,27190812.5,23112190.62,4078621.88,85.0,15.0,Cubierta (85.0% Contratos / 15.0% Bolsa),30,906360.42,314.8404,9720000.0,1580000000.0,1027000000.0,13.7675,21.1808,12,9630000.0,963000.0,307.3548,9540000.0,972000.0,9.76e-06,0.0,93.12,93.12,85.67,12.82,4036.22,12.82,19.72,18.15,-1.58,1.58,8.0,ENDC,ENEL COLOMBIA S.A. E.S.P.,28794000000.0,0.0,0.03,0.1,0.92,0.025,False
CERC,CERC S.A. E.S.P.,CNIOR,SANTANDER,ESSA - SANTANDER,2024-09-01,HISTORICO,False,27190812.5,23112190.62,4078621.88,85.0,15.0,Cubierta (85.0% Contratos / 15.0% Bolsa),30,906360.42,314.8404,15120000.0,1580000000.0,1027000000.0,13.7675,21.1808,12,14980000.0,1498000.0,307.3548,14840000.0,1512000.0,9.76e-06,0.0,144.85,144.85,133.26,19.94,6278.57,19.94,30.68,28.23,-2.45,2.45,8.0,ENDC,ENEL COLOMBIA S.A. E.S.P.,28794000000.0,0.0,0.03,0.1,0.92,0.025,False
CERC,CERC S.A. E.S.P.,CNIOR,TOLIMA,ELET - TOLIMA,2024-09-01,HISTORICO,False,27190812.5,23112190.62,4078621.88,85.0,15.0,Cubierta (85.0% Contratos / 15.0% Bolsa),30,906360.42,314.8404,8100000.0,1580000000.0,1027000000.0,13.7675,21.1808,12,8025000.0,802500.0,307.3548,7950000.0,810000.0,9.76e-06,0.0,77.6,77.6,71.39,10.68,3363.52,10.68,16.44,15.12,-1.31,1.31,8.0,ENDC,ENEL COLOMBIA S.A. E.S.P.,28794000000.0,0.0,0.03,0.1,0.92,0.025,False
CERC,CERC S.A. E.S.P.,CNIOR,VALLE,CVC - VALLE DEL CAUCA,2024-09-01,HISTORICO,False,27190812.5,23112190.62,4078621.88,85.0,15.0,Cubierta (85.0% Contratos / 15.0% Bolsa),30,906360.42,314.8404,19440000.0,1580000000.0,1027000000.0,13.7675,21.1808,12,19260000.0,1926000.0,307.3548,19080000.0,1944000.0,9.76e-06,0.0,186.23,186.23,171.34,25.64,8072.45,25.64,39.45,36.29,-3.16,3.16,8.0,ENDC,ENEL COLOMBIA S.A. E.S.P.,28794000000.0,0.0,0.03,0.1,0.92,0.025,False
CERC,CERC S.A. E.S.P.,CNIOR,ANTIOQUIA,EPM - ANTIOQUIA,2024-10-01,HISTORICO,False,27362906.25,23258470.31,4104435.94,85.0,15.0,Cubierta (85.0% Contratos / 15.0% Bolsa),30,912096.88,308.6818,27250000.0,1590000000.0,1033500000.0,13.7675,21.1808,12,27000000.0,2700000.0,314.8404,26750000.0,2725000.0,9.53e-06,0.0,254.89,254.89,234.5,35.09,10832.3,35.09,53.99,49.67,-4.32,4.32,8.0,ENDC,ENEL COLOMBIA S.A. E.S.P.,28794000000.0,0.0,0.03,0.1,0.92,0.025,False
CERC,CERC S.A. E.S.P.,CNIOR,BOGOTA,ENEL - BOGOTA CUNDINAMARCA,2024-10-01,HISTORICO,False,27362906.25,23258470.31,4104435.94,85.0,15.0,Cubierta (85.0% Contratos / 15.0% Bolsa),30,912096.88,308.6818,38150000.0,1590000000.0,1033500000.0,13.7675,21.1808,12,37800000.0,3780000.0,314.8404,37450000.0,3815000.0,9.53e-06,0.0,356.85,356.85,328.3,49.13,15165.22,49.13,75.58,69.54,-6.05,6.05,8.0,ENDC,ENEL COLOMBIA S.A. E.S.P.,28794000000.0,0.0,0.03,0.1,0.92,0.025,False
CERC,CERC S.A. E.S.P.,CNIOR,CARIBE_MAR,AFINIA - CARIBE MAR,2024-10-01,HISTORICO,False,27362906.25,23258470.31,4104435.94,85.0,15.0,Cubierta (85.0% Contratos / 15.0% Bolsa),30,912096.88,308.6818,30520000.0,1590000000.0,1033500000.0,13.7675,21.1808,12,30240000.0,3024000.0,314.8404,29960000.0,3052000.0,9.53e-06,0.0,285.48,285.48,262.64,39.3,12132.18,39.3,60.47,55.63,-4.84,4.84,8.0,ENDC,ENEL COLOMBIA S.A. E.S.P.,28794000000.0,0.0,0.03,0.1,0.92,0.025,False
CERC,CERC S.A. E.S.P.,CNIOR,CARIBE_SOL,AIR-E - CARIBE SOL,2024-10-01,HISTORICO,False,27362906.25,23258470.31,4104435.94,85.0,15.0,Cubierta (85.0% Contratos / 15.0% Bolsa),30,912096.88,308.6818,23980000.0,1590000000.0,1033500000.0,13.7675,21.1808,12,23760000.0,2376000.0,314.8404,23540000.0,2398000.0,9.53e-06,0.0,224.3,224.3,206.36,30.88,9532.42,30.88,47.51,43.71,-3.8,3.8,8.0,ENDC,ENEL COLOMBIA S.A. E.S.P.,28794000000.0,0.0,0.03,0.1,0.92,0.025,False
CERC,CERC S.A. E.S.P.,CNIOR,CUNDINAMARCA,EEC - CUNDINAMARCA,2024-10-01,HISTORICO,False,27362906.25,23258470.31,4104435.94,85.0,15.0,Cubierta (85.0% Contratos / 15.0% Bolsa),30,912096.88,308.6818,9810000.0,1590000000.0,1033500000.0,13.7675,21.1808,12,9720000.0,972000.0,314.8404,9630000.0,981000.0,9.53e-06,0.0,91.76,91.76,84.42,12.63,3899.63,12.63,19.44,17.88,-1.55,1.55,8.0,ENDC,ENEL COLOMBIA S.A. E.S.P.,28794000000.0,0.0,0.03,0.1,0.92,0.025,False
CERC,CERC S.A. E.S.P.,CNIOR,SANTANDER,ESSA - SANTANDER,2024-10-01,HISTORICO,False,27362906.25,23258470.31,4104435.94,85.0,15.0,Cubierta (85.0% Contratos / 15.0% Bolsa),30,912096.88,308.6818,15260000.0,1590000000.0,1033500000.0,13.7675,21.1808,12,15120000.0,1512000.0,314.8404,14980000.0,1526000.0,9.53e-06,0.0,142.74,142.74,131.32,19.65,6066.09,19.65,30.23,27.81,-2.42,2.42,8.0,ENDC,ENEL COLOMBIA S.A. E.S.P.,28794000000.0,0.0,0.03,0.1,0.92,0.025,False
CERC,CERC S.A. E.S.P.,CNIOR,TOLIMA,ELET - TOLIMA,2024-10-01,HISTORICO,False,27362906.25,23258470.31,4104435.94,85.0,15.0,Cubierta (85.0% Contratos / 15.0% Bolsa),30,912096.88,308.6818,8175000.0,1590000000.0,1033500000.0,13.7675,21.1808,12,8100000.0,810000.0,314.8404,8025000.0,817500.0,9.53e-06,0.0,76.47,76.47,70.35,10.53,3249.69,10.53,16.2,14.9,-1.3,1.3,8.0,ENDC,ENEL COLOMBIA S.A. E.S.P.,28794000000.0,0.0,0.03,0.1,0.92,0.025,False
CERC,CERC S.A. E.S.P.,CNIOR,VALLE,CVC - VALLE DEL CAUCA,2024-10-01,HISTORICO,False,27362906.25,23258470.31,4104435.94,85.0,15.0,Cubierta (85.0% Contratos / 15.0% Bolsa),30,912096.88,308.6818,19620000.0,1590000000.0,1033500000.0,13.7675,21.1808,12,19440000.0,1944000.0,314.8404,19260000.0,1962000.0,9.53e-06,0.0,183.52,183.52,168.84,25.27,7799.26,25.27,38.87,35.76,-3.11,3.11,8.0,ENDC,ENEL COLOMBIA S.A. E.S.P.,28794000000.0,0.0,0.03,0.1,0.92,0.025,False
CERC,CERC S.A. E.S.P.,CNIOR,ANTIOQUIA,EPM - ANTIOQUIA,2024-11-01,HISTORICO,False,27535000.0,23404750.0,4130250.0,85.0,15.0,Cubierta (85.0% Contratos / 15.0% Bolsa),30,917833.33,296.8397,27500000.0,1600000000.0,1040000000.0,13.7675,21.1808,12,27250000.0,2725000.0,308.6818,27000000.0,2750000.0,9.72e-06,0.0,262.41,262.41,241.41,36.13,10723.86,36.13,55.58,51.13,-4.45,4.45,8.0,ENDC,ENEL COLOMBIA S.A. E.S.P.,28794000000.0,0.0,0.03,0.1,0.92,0.025,False
CERC,CERC S.A. E.S.P.,CNIOR,BOGOTA,ENEL - BOGOTA CUNDINAMARCA,2024-11-01,HISTORICO,False,27535000.0,23404750.0,4130250.0,85.0,15.0,Cubierta (85.0% Contratos / 15.0% Bolsa),30,917833.33,296.8397,38500000.0,1600000000.0,1040000000.0,13.7675,21.1808,12,38150000.0,3815000.0,308.6818,37800000.0,3850000.0,9.72e-06,0.0,367.37,367.37,337.98,50.58,15013.4,50.58,77.81,71.59,-6.22,6.22,8.0,ENDC,ENEL COLOMBIA S.A. E.S.P.,28794000000.0,0.0,0.03,0.1,0.92,0.025,False
CERC,CERC S.A. E.S.P.,CNIOR,CARIBE_MAR,AFINIA - CARIBE MAR,2024-11-01,HISTORICO,False,27535000.0,23404750.0,4130250.0,85.0,15.0,Cubierta (85.0% Contratos / 15.0% Bolsa),30,917833.33,296.8397,30800000.0,1600000000.0,1040000000.0,13.7675,21.1808,12,30520000.0,3052000.0,308.6818,30240000.0,3080000.0,9.72e-06,0.0,293.89,293.89,270.38,40.46,12010.72,40.46,62.25,57.27,-4.98,4.98,8.0,ENDC,ENEL COLOMBIA S.A. E.S.P.,28794000000.0,0.0,0.03,0.1,0.92,0.025,False
CERC,CERC S.A. E.S.P.,CNIOR,CARIBE_SOL,AIR-E - CARIBE SOL,2024-11-01,HISTORICO,False,27535000.0,23404750.0,4130250.0,85.0,15.0,Cubierta (85.0% Contratos / 15.0% Bolsa),30,917833.33,296.8397,24200000.0,1600000000.0,1040000000.0,13.7675,21.1808,12,23980000.0,2398000.0,308.6818,23760000.0,2420000.0,9.72e-06,0.0,230.92,230.92,212.44,31.79,9437.0,31.79,48.91,45.0,-3.91,3.91,8.0,ENDC,ENEL COLOMBIA S.A. E.S.P.,28794000000.0,0.0,0.03,0.1,0.92,0.025,False
CERC,CERC S.A. E.S.P.,CNIOR,CUNDINAMARCA,EEC - CUNDINAMARCA,2024-11-01,HISTORICO,False,27535000.0,23404750.0,4130250.0,85.0,15.0,Cubierta (85.0% Contratos / 15.0% Bolsa),30,917833.33,296.8397,9900000.0,1600000000.0,1040000000.0,13.7675,21.1808,12,9810000.0,981000.0,308.6818,9720000.0,990000.0,9.72e-06,0.0,94.47,94.47,86.91,13.01,3860.59,13.01,20.01,18.41,-1.6,1.6,8.0,ENDC,ENEL COLOMBIA S.A. E.S.P.,28794000000.0,0.0,0.03,0.1,0.92,0.025,False
CERC,CERC S.A. E.S.P.,CNIOR,SANTANDER,ESSA - SANTANDER,2024-11-01,HISTORICO,False,27535000.0,23404750.0,4130250.0,85.0,15.0,Cubierta (85.0% Contratos / 15.0% Bolsa),30,917833.33,296.8397,15400000.0,1600000000.0,1040000000.0,13.7675,21.1808,12,15260000.0,1526000.0,308.6818,15120000.0,1540000.0,9.72e-06,0.0,146.95,146.95,135.19,20.23,6005.36,20.23,31.12,28.63,-2.49,2.49,8.0,ENDC,ENEL COLOMBIA S.A. E.S.P.,28794000000.0,0.0,0.03,0.1,0.92,0.025,False
CERC,CERC S.A. E.S.P.,CNIOR,TOLIMA,ELET - TOLIMA,2024-11-01,HISTORICO,False,27535000.0,23404750.0,4130250.0,85.0,15.0,Cubierta (85.0% Contratos / 15.0% Bolsa),30,917833.33,296.8397,8250000.0,1600000000.0,1040000000.0,13.7675,21.1808,12,8175000.0,817500.0,308.6818,8100000.0,825000.0,9.72e-06,0.0,78.72,78.72,72.42,10.84,3217.16,10.84,16.67,15.34,-1.33,1.33,8.0,ENDC,ENEL COLOMBIA S.A. E.S.P.,28794000000.0,0.0,0.03,0.1,0.92,0.025,False
CERC,CERC S.A. E.S.P.,CNIOR,VALLE,CVC - VALLE DEL CAUCA,2024-11-01,HISTORICO,False,27535000.0,23404750.0,4130250.0,85.0,15.0,Cubierta (85.0% Contratos / 15.0% Bolsa),30,917833.33,296.8397,19800000.0,1600000000.0,1040000000.0,13.7675,21.1808,12,19620000.0,1962000.0,308.6818,19440000.0,1980000.0,9.72e-06,0.0,188.93,188.93,173.82,26.01,7721.18,26.01,40.02,36.82,-3.2,3.2,8.0,ENDC,ENEL COLOMBIA S.A. E.S.P.,28794000000.0,0.0,0.03,0.1,0.92,0.025,False
CERC,CERC S.A. E.S.P.,CNIOR,ANTIOQUIA,EPM - ANTIOQUIA,2024-12-01,HISTORICO,False,27707093.75,23551029.69,4156064.06,85.0,15.0,Cubierta (85.0% Contratos / 15.0% Bolsa),30,923569.79,292.5001,27750000.0,1610000000.0,1046500000.0,13.7675,21.1808,12,27500000.0,2750000.0,296.8397,27250000.0,2775000.0,1.011e-05,0.0,275.4,275.4,253.37,37.92,11090.39,37.92,58.33,53.67,-4.67,4.67,8.0,ENDC,ENEL COLOMBIA S.A. E.S.P.,28794000000.0,0.0,0.03,0.1,0.92,0.025,False
CERC,CERC S.A. E.S.P.,CNIOR,BOGOTA,ENEL - BOGOTA CUNDINAMARCA,2024-12-01,HISTORICO,False,27707093.75,23551029.69,4156064.06,85.0,15.0,Cubierta (85.0% Contratos / 15.0% Bolsa),30,923569.79,292.5001,38850000.0,1610000000.0,1046500000.0,13.7675,21.1808,12,38500000.0,3850000.0,296.8397,38150000.0,3885000.0,1.011e-05,0.0,385.56,385.56,354.72,53.08,15526.55,53.08,81.66,75.13,-6.53,6.53,8.0,ENDC,ENEL COLOMBIA S.A. E.S.P.,28794000000.0,0.0,0.03,0.1,0.92,0.025,False
CERC,CERC S.A. E.S.P.,CNIOR,CARIBE_MAR,AFINIA - CARIBE MAR,2024-12-01,HISTORICO,False,27707093.75,23551029.69,4156064.06,85.0,15.0,Cubierta (85.0% Contratos / 15.0% Bolsa),30,923569.79,292.5001,31080000.0,1610000000.0,1046500000.0,13.7675,21.1808,12,30800000.0,3080000.0,296.8397,30520000.0,3108000.0,1.011e-05,0.0,308.45,308.45,283.77,42.47,12421.24,42.47,65.33,60.11,-5.23,5.23,8.0,ENDC,ENEL COLOMBIA S.A. E.S.P.,28794000000.0,0.0,0.03,0.1,0.92,0.025,False
CERC,CERC S.A. E.S.P.,CNIOR,CARIBE_SOL,AIR-E - CARIBE SOL,2024-12-01,HISTORICO,False,27707093.75,23551029.69,4156064.06,85.0,15.0,Cubierta (85.0% Contratos / 15.0% Bolsa),30,923569.79,292.5001,24420000.0,1610000000.0,1046500000.0,13.7675,21.1808,12,24200000.0,2420000.0,296.8397,23980000.0,2442000.0,1.011e-05,0.0,242.35,242.35,222.96,33.37,9759.54,33.37,51.33,47.23,-4.11,4.11,8.0,ENDC,ENEL COLOMBIA S.A. E.S.P.,28794000000.0,0.0,0.03,0.1,0.92,0.025,False
CERC,CERC S.A. E.S.P.,CNIOR,CUNDINAMARCA,EEC - CUNDINAMARCA,2024-12-01,HISTORICO,False,27707093.75,23551029.69,4156064.06,85.0,15.0,Cubierta (85.0% Contratos / 15.0% Bolsa),30,923569.79,292.5001,9990000.0,1610000000.0,1046500000.0,13.7675,21.1808,12,9900000.0,990000.0,296.8397,9810000.0,999000.0,1.011e-05,0.0,99.14,99.14,91.21,13.65,3992.54,13.65,21.0,19.32,-1.68,1.68,8.0,ENDC,ENEL COLOMBIA S.A. E.S.P.,28794000000.0,0.0,0.03,0.1,0.92,0.025,False
CERC,CERC S.A. E.S.P.,CNIOR,SANTANDER,ESSA - SANTANDER,2024-12-01,HISTORICO,False,27707093.75,23551029.69,4156064.06,85.0,15.0,Cubierta (85.0% Contratos / 15.0% Bolsa),30,923569.79,292.5001,15540000.0,1610000000.0,1046500000.0,13.7675,21.1808,12,15400000.0,1540000.0,296.8397,15260000.0,1554000.0,1.011e-05,0.0,154.22,154.22,141.89,21.23,6210.62,21.23,32.67,30.05,-2.61,2.61,8.0,ENDC,ENEL COLOMBIA S.A. E.S.P.,28794000000.0,0.0,0.03,0.1,0.92,0.025,False
CERC,CERC S.A. E.S.P.,CNIOR,TOLIMA,ELET - TOLIMA,2024-12-01,HISTORICO,False,27707093.75,23551029.69,4156064.06,85.0,15.0,Cubierta (85.0% Contratos / 15.0% Bolsa),30,923569.79,292.5001,8325000.0,1610000000.0,1046500000.0,13.7675,21.1808,12,8250000.0,825000.0,296.8397,8175000.0,832500.0,1.011e-05,0.0,82.62,82.62,76.01,11.37,3327.12,11.37,17.5,16.1,-1.4,1.4,8.0,ENDC,ENEL COLOMBIA S.A. E.S.P.,28794000000.0,0.0,0.03,0.1,0.92,0.025,False
CERC,CERC S.A. E.S.P.,CNIOR,VALLE,CVC - VALLE DEL CAUCA,2024-12-01,HISTORICO,False,27707093.75,23551029.69,4156064.06,85.0,15.0,Cubierta (85.0% Contratos / 15.0% Bolsa),30,923569.79,292.5001,19980000.0,1610000000.0,1046500000.0,13.7675,21.1808,12,19800000.0,1980000.0,296.8397,19620000.0,1998000.0,1.011e-05,0.0,198.29,198.29,182.43,27.3,7985.08,27.3,42.0,38.64,-3.36,3.36,8.0,ENDC,ENEL COLOMBIA S.A. E.S.P.,28794000000.0,0.0,0.03,0.1,0.92,0.025,False
CERC,CERC S.A. E.S.P.,CNIOR,ANTIOQUIA,EPM - ANTIOQUIA,2025-01-01,HISTORICO,False,27879187.5,23697309.38,4181878.13,85.0,15.0,Cubierta (85.0% Contratos / 15.0% Bolsa),30,929306.25,301.9514,28000000.0,1620000000.0,1053000000.0,13.7675,21.1808,12,27750000.0,2775000.0,292.5001,27500000.0,2800000.0,1.026e-05,0.0,282.05,282.05,259.49,38.83,11725.19,38.83,59.74,54.96,-4.78,4.78,8.0,ENDC,ENEL COLOMBIA S.A. E.S.P.,28794000000.0,0.0,0.03,0.1,0.92,0.025,False
CERC,CERC S.A. E.S.P.,CNIOR,BOGOTA,ENEL - BOGOTA CUNDINAMARCA,2025-01-01,HISTORICO,False,27879187.5,23697309.38,4181878.13,85.0,15.0,Cubierta (85.0% Contratos / 15.0% Bolsa),30,929306.25,301.9514,39200000.0,1620000000.0,1053000000.0,13.7675,21.1808,12,38850000.0,3885000.0,292.5001,38500000.0,3920000.0,1.026e-05,0.0,394.87,394.87,363.28,54.36,16415.27,54.36,83.64,76.95,-6.69,6.69,8.0,ENDC,ENEL COLOMBIA S.A. E.S.P.,28794000000.0,0.0,0.03,0.1,0.92,0.025,False
CERC,CERC S.A. E.S.P.,CNIOR,CARIBE_MAR,AFINIA - CARIBE MAR,2025-01-01,HISTORICO,False,27879187.5,23697309.38,4181878.13,85.0,15.0,Cubierta (85.0% Contratos / 15.0% Bolsa),30,929306.25,301.9514,31360000.0,1620000000.0,1053000000.0,13.7675,21.1808,12,31080000.0,3108000.0,292.5001,30800000.0,3136000.0,1.026e-05,0.0,315.9,315.9,290.63,43.49,13132.22,43.49,66.91,61.56,-5.35,5.35,8.0,ENDC,ENEL COLOMBIA S.A. E.S.P.,28794000000.0,0.0,0.03,0.1,0.92,0.025,False
CERC,CERC S.A. E.S.P.,CNIOR,CARIBE_SOL,AIR-E - CARIBE SOL,2025-01-01,HISTORICO,False,27879187.5,23697309.38,4181878.13,85.0,15.0,Cubierta (85.0% Contratos / 15.0% Bolsa),30,929306.25,301.9514,24640000.0,1620000000.0,1053000000.0,13.7675,21.1808,12,24420000.0,2442000.0,292.5001,24200000.0,2464000.0,1.026e-05,0.0,248.21,248.21,228.35,34.17,10318.17,34.17,52.57,48.37,-4.21,4.21,8.0,ENDC,ENEL COLOMBIA S.A. E.S.P.,28794000000.0,0.0,0.03,0.1,0.92,0.025,False
CERC,CERC S.A. E.S.P.,CNIOR,CUNDINAMARCA,EEC - CUNDINAMARCA,2025-01-01,HISTORICO,False,27879187.5,23697309.38,4181878.13,85.0,15.0,Cubierta (85.0% Contratos / 15.0% Bolsa),30,929306.25,301.9514,10080000.0,1620000000.0,1053000000.0,13.7675,21.1808,12,9990000.0,999000.0,292.5001,9900000.0,1008000.0,1.026e-05,0.0,101.54,101.54,93.42,13.98,4221.07,13.98,21.51,19.79,-1.72,1.72,8.0,ENDC,ENEL COLOMBIA S.A. E.S.P.,28794000000.0,0.0,0.03,0.1,0.92,0.025,False
CERC,CERC S.A. E.S.P.,CNIOR,SANTANDER,ESSA - SANTANDER,2025-01-01,HISTORICO,False,27879187.5,23697309.38,4181878.13,85.0,15.0,Cubierta (85.0% Contratos / 15.0% Bolsa),30,929306.25,301.9514,15680000.0,1620000000.0,1053000000.0,13.7675,21.1808,12,15540000.0,1554000.0,292.5001,15400000.0,1568000.0,1.026e-05,0.0,157.95,157.95,145.31,21.75,6566.11,21.75,33.45,30.78,-2.68,2.68,8.0,ENDC,ENEL COLOMBIA S.A. E.S.P.,28794000000.0,0.0,0.03,0.1,0.92,0.025,False
CERC,CERC S.A. E.S.P.,CNIOR,TOLIMA,ELET - TOLIMA,2025-01-01,HISTORICO,False,27879187.5,23697309.38,4181878.13,85.0,15.0,Cubierta (85.0% Contratos / 15.0% Bolsa),30,929306.25,301.9514,8400000.0,1620000000.0,1053000000.0,13.7675,21.1808,12,8325000.0,832500.0,292.5001,8250000.0,840000.0,1.026e-05,0.0,84.62,84.62,77.85,11.65,3517.56,11.65,17.92,16.49,-1.43,1.43,8.0,ENDC,ENEL COLOMBIA S.A. E.S.P.,28794000000.0,0.0,0.03,0.1,0.92,0.025,False
CERC,CERC S.A. E.S.P.,CNIOR,VALLE,CVC - VALLE DEL CAUCA,2025-01-01,HISTORICO,False,27879187.5,23697309.38,4181878.13,85.0,15.0,Cubierta (85.0% Contratos / 15.0% Bolsa),30,929306.25,301.9514,20160000.0,1620000000.0,1053000000.0,13.7675,21.1808,12,19980000.0,1998000.0,292.5001,19800000.0,2016000.0,1.026e-05,0.0,203.08,203.08,186.83,27.96,8442.14,27.96,43.01,39.57,-3.44,3.44,8.0,ENDC,ENEL COLOMBIA S.A. E.S.P.,28794000000.0,0.0,0.03,0.1,0.92,0.025,False
CERC,CERC S.A. E.S.P.,CNIOR,ANTIOQUIA,EPM - ANTIOQUIA,2025-02-01,HISTORICO,False,28051281.25,23843589.06,4207692.19,85.0,15.0,Cubierta (85.0% Contratos / 15.0% Bolsa),30,935042.71,318.8025,28250000.0,1630000000.0,1059500000.0,13.7675,21.1808,12,28000000.0,2800000.0,301.9514,27750000.0,2825000.0,9.94e-06,0.0,275.71,275.71,253.65,37.96,12101.08,37.96,58.4,53.73,-4.67,4.67,8.0,ENDC,ENEL COLOMBIA S.A. E.S.P.,28794000000.0,0.0,0.03,0.1,0.92,0.025,False
CERC,CERC S.A. E.S.P.,CNIOR,BOGOTA,ENEL - BOGOTA CUNDINAMARCA,2025-02-01,HISTORICO,False,28051281.25,23843589.06,4207692.19,85.0,15.0,Cubierta (85.0% Contratos / 15.0% Bolsa),30,935042.71,318.8025,39550000.0,1630000000.0,1059500000.0,13.7675,21.1808,12,39200000.0,3920000.0,301.9514,38850000.0,3955000.0,9.94e-06,0.0,385.99,385.99,355.11,53.14,16941.51,53.14,81.76,75.22,-6.54,6.54,8.0,ENDC,ENEL COLOMBIA S.A. E.S.P.,28794000000.0,0.0,0.03,0.1,0.92,0.025,False
CERC,CERC S.A. E.S.P.,CNIOR,CARIBE_MAR,AFINIA - CARIBE MAR,2025-02-01,HISTORICO,False,28051281.25,23843589.06,4207692.19,85.0,15.0,Cubierta (85.0% Contratos / 15.0% Bolsa),30,935042.71,318.8025,31640000.0,1630000000.0,1059500000.0,13.7675,21.1808,12,31360000.0,3136000.0,301.9514,31080000.0,3164000.0,9.94e-06,0.0,308.79,308.79,284.09,42.51,13553.21,42.51,65.4,60.17,-5.23,5.23,8.0,ENDC,ENEL COLOMBIA S.A. E.S.P.,28794000000.0,0.0,0.03,0.1,0.92,0.025,False
CERC,CERC S.A. E.S.P.,CNIOR,CARIBE_SOL,AIR-E - CARIBE SOL,2025-02-01,HISTORICO,False,28051281.25,23843589.06,4207692.19,85.0,15.0,Cubierta (85.0% Contratos / 15.0% Bolsa),30,935042.71,318.8025,24860000.0,1630000000.0,1059500000.0,13.7675,21.1808,12,24640000.0,2464000.0,301.9514,24420000.0,2486000.0,9.94e-06,0.0,242.62,242.62,223.21,33.4,10648.95,33.4,51.39,47.28,-4.11,4.11,8.0,ENDC,ENEL COLOMBIA S.A. E.S.P.,28794000000.0,0.0,0.03,0.1,0.92,0.025,False
CERC,CERC S.A. E.S.P.,CNIOR,CUNDINAMARCA,EEC - CUNDINAMARCA,2025-02-01,HISTORICO,False,28051281.25,23843589.06,4207692.19,85.0,15.0,Cubierta (85.0% Contratos / 15.0% Bolsa),30,935042.71,318.8025,10170000.0,1630000000.0,1059500000.0,13.7675,21.1808,12,10080000.0,1008000.0,301.9514,9990000.0,1017000.0,9.94e-06,0.0,99.25,99.25,91.31,13.66,4356.39,13.66,21.02,19.34,-1.68,1.68,8.0,ENDC,ENEL COLOMBIA S.A. E.S.P.,28794000000.0,0.0,0.03,0.1,0.92,0.025,False
CERC,CERC S.A. E.S.P.,CNIOR,SANTANDER,ESSA - SANTANDER,2025-02-01,HISTORICO,False,28051281.25,23843589.06,4207692.19,85.0,15.0,Cubierta (85.0% Contratos / 15.0% Bolsa),30,935042.71,318.8025,15820000.0,1630000000.0,1059500000.0,13.7675,21.1808,12,15680000.0,1568000.0,301.9514,15540000.0,1582000.0,9.94e-06,0.0,154.4,154.4,142.04,21.26,6776.6,21.26,32.7,30.09,-2.62,2.62,8.0,ENDC,ENEL COLOMBIA S.A. E.S.P.,28794000000.0,0.0,0.03,0.1,0.92,0.025,False
CERC,CERC S.A. E.S.P.,CNIOR,TOLIMA,ELET - TOLIMA,2025-02-01,HISTORICO,False,28051281.25,23843589.06,4207692.19,85.0,15.0,Cubierta (85.0% Contratos / 15.0% Bolsa),30,935042.71,318.8025,8475000.0,1630000000.0,1059500000.0,13.7675,21.1808,12,8400000.0,840000.0,301.9514,8325000.0,847500.0,9.94e-06,0.0,82.71,82.71,76.1,11.39,3630.32,11.39,17.52,16.12,-1.4,1.4,8.0,ENDC,ENEL COLOMBIA S.A. E.S.P.,28794000000.0,0.0,0.03,0.1,0.92,0.025,False
CERC,CERC S.A. E.S.P.,CNIOR,VALLE,CVC - VALLE DEL CAUCA,2025-02-01,HISTORICO,False,28051281.25,23843589.06,4207692.19,85.0,15.0,Cubierta (85.0% Contratos / 15.0% Bolsa),30,935042.71,318.8025,20340000.0,1630000000.0,1059500000.0,13.7675,21.1808,12,20160000.0,2016000.0,301.9514,19980000.0,2034000.0,9.94e-06,0.0,198.51,198.51,182.63,27.33,8712.77,27.33,42.05,38.68,-3.36,3.36,8.0,ENDC,ENEL COLOMBIA S.A. E.S.P.,28794000000.0,0.0,0.03,0.1,0.92,0.025,False
CERC,CERC S.A. E.S.P.,CNIOR,ANTIOQUIA,EPM - ANTIOQUIA,2025-03-01,HISTORICO,False,28223375.0,23989868.75,4233506.25,85.0,15.0,Cubierta (85.0% Contratos / 15.0% Bolsa),30,940779.17,329.8591,28500000.0,1640000000.0,1066000000.0,13.7675,21.1808,12,28250000.0,2825000.0,318.8025,28000000.0,2850000.0,9.41e-06,0.0,263.49,263.49,242.41,36.28,11965.78,36.28,55.81,51.34,-4.46,4.46,8.0,ENDC,ENEL COLOMBIA S.A. E.S.P.,28794000000.0,0.0,0.03,0.1,0.92,0.025,False
CERC,CERC S.A. E.S.P.,CNIOR,BOGOTA,ENEL - BOGOTA CUNDINAMARCA,2025-03-01,HISTORICO,False,28223375.0,23989868.75,4233506.25,85.0,15.0,Cubierta (85.0% Contratos / 15.0% Bolsa),30,940779.17,329.8591,39900000.0,1640000000.0,1066000000.0,13.7675,21.1808,12,39550000.0,3955000.0,318.8025,39200000.0,3990000.0,9.41e-06,0.0,368.88,368.88,339.37,50.79,16752.1,50.79,78.13,71.88,-6.25,6.25,8.0,ENDC,ENEL COLOMBIA S.A. E.S.P.,28794000000.0,0.0,0.03,0.1,0.92,0.025,False
CERC,CERC S.A. E.S.P.,CNIOR,CARIBE_MAR,AFINIA - CARIBE MAR,2025-03-01,HISTORICO,False,28223375.0,23989868.75,4233506.25,85.0,15.0,Cubierta (85.0% Contratos / 15.0% Bolsa),30,940779.17,329.8591,31920000.0,1640000000.0,1066000000.0,13.7675,21.1808,12,31640000.0,3164000.0,318.8025,31360000.0,3192000.0,9.41e-06,0.0,295.1,295.1,271.5,40.63,13401.68,40.63,62.51,57.5,-5.0,5.0,8.0,ENDC,ENEL COLOMBIA S.A. E.S.P.,28794000000.0,0.0,0.03,0.1,0.92,0.025,False
CERC,CERC S.A. E.S.P.,CNIOR,CARIBE_SOL,AIR-E - CARIBE SOL,2025-03-01,HISTORICO,False,28223375.0,23989868.75,4233506.25,85.0,15.0,Cubierta (85.0% Contratos / 15.0% Bolsa),30,940779.17,329.8591,25080000.0,1640000000.0,1066000000.0,13.7675,21.1808,12,24860000.0,2486000.0,318.8025,24640000.0,2508000.0,9.41e-06,0.0,231.87,231.87,213.32,31.92,10529.89,31.92,49.11,45.18,-3.93,3.93,8.0,ENDC,ENEL COLOMBIA S.A. E.S.P.,28794000000.0,0.0,0.03,0.1,0.92,0.025,False
CERC,CERC S.A. E.S.P.,CNIOR,CUNDINAMARCA,EEC - CUNDINAMARCA,2025-03-01,HISTORICO,False,28223375.0,23989868.75,4233506.25,85.0,15.0,Cubierta (85.0% Contratos / 15.0% Bolsa),30,940779.17,329.8591,10260000.0,1640000000.0,1066000000.0,13.7675,21.1808,12,10170000.0,1017000.0,318.8025,10080000.0,1026000.0,9.41e-06,0.0,94.85,94.85,87.27,13.06,4307.68,13.06,20.09,18.48,-1.61,1.61,8.0,ENDC,ENEL COLOMBIA S.A. E.S.P.,28794000000.0,0.0,0.03,0.1,0.92,0.025,False
CERC,CERC S.A. E.S.P.,CNIOR,SANTANDER,ESSA - SANTANDER,2025-03-01,HISTORICO,False,28223375.0,23989868.75,4233506.25,85.0,15.0,Cubierta (85.0% Contratos / 15.0% Bolsa),30,940779.17,329.8591,15960000.0,1640000000.0,1066000000.0,13.7675,21.1808,12,15820000.0,1582000.0,318.8025,15680000.0,1596000.0,9.41e-06,0.0,147.55,147.55,135.75,20.31,6700.84,20.31,31.25,28.75,-2.5,2.5,8.0,ENDC,ENEL COLOMBIA S.A. E.S.P.,28794000000.0,0.0,0.03,0.1,0.92,0.025,False
CERC,CERC S.A. E.S.P.,CNIOR,TOLIMA,ELET - TOLIMA,2025-03-01,HISTORICO,False,28223375.0,23989868.75,4233506.25,85.0,15.0,Cubierta (85.0% Contratos / 15.0% Bolsa),30,940779.17,329.8591,8550000.0,1640000000.0,1066000000.0,13.7675,21.1808,12,8475000.0,847500.0,318.8025,8400000.0,855000.0,9.41e-06,0.0,79.05,79.05,72.72,10.88,3589.73,10.88,16.74,15.4,-1.34,1.34,8.0,ENDC,ENEL COLOMBIA S.A. E.S.P.,28794000000.0,0.0,0.03,0.1,0.92,0.025,False
CERC,CERC S.A. E.S.P.,CNIOR,VALLE,CVC - VALLE DEL CAUCA,2025-03-01,HISTORICO,False,28223375.0,23989868.75,4233506.25,85.0,15.0,Cubierta (85.0% Contratos / 15.0% Bolsa),30,940779.17,329.8591,20520000.0,1640000000.0,1066000000.0,13.7675,21.1808,12,20340000.0,2034000.0,318.8025,20160000.0,2052000.0,9.41e-06,0.0,189.71,189.71,174.53,26.12,8615.36,26.12,40.18,36.97,-3.21,3.21,8.0,ENDC,ENEL COLOMBIA S.A. E.S.P.,28794000000.0,0.0,0.03,0.1,0.92,0.025,False
CERC,CERC S.A. E.S.P.,CNIOR,ANTIOQUIA,EPM - ANTIOQUIA,2025-04-01,HISTORICO,False,28395468.75,24136148.44,4259320.31,85.0,15.0,Cubierta (85.0% Contratos / 15.0% Bolsa),30,946515.62,327.2543,28750000.0,1650000000.0,1072500000.0,13.7675,21.1808,12,28500000.0,2850000.0,329.8591,28250000.0,2875000.0,9.09e-06,0.0,256.93,256.93,236.37,35.37,11575.82,35.37,54.42,50.07,-4.35,4.35,8.0,ENDC,ENEL COLOMBIA S.A. E.S.P.,28794000000.0,0.0,0.03,0.1,0.92,0.025,False
CERC,CERC S.A. E.S.P.,CNIOR,BOGOTA,ENEL - BOGOTA CUNDINAMARCA,2025-04-01,HISTORICO,False,28395468.75,24136148.44,4259320.31,85.0,15.0,Cubierta (85.0% Contratos / 15.0% Bolsa),30,946515.62,327.2543,40250000.0,1650000000.0,1072500000.0,13.7675,21.1808,12,39900000.0,3990000.0,329.8591,39550000.0,4025000.0,9.09e-06,0.0,359.7,359.7,330.92,49.52,16206.14,49.52,76.19,70.09,-6.09,6.09,8.0,ENDC,ENEL COLOMBIA S.A. E.S.P.,28794000000.0,0.0,0.03,0.1,0.92,0.025,False
CERC,CERC S.A. E.S.P.,CNIOR,CARIBE_MAR,AFINIA - CARIBE MAR,2025-04-01,HISTORICO,False,28395468.75,24136148.44,4259320.31,85.0,15.0,Cubierta (85.0% Contratos / 15.0% Bolsa),30,946515.62,327.2543,32200000.0,1650000000.0,1072500000.0,13.7675,21.1808,12,31920000.0,3192000.0,329.8591,31640000.0,3220000.0,9.09e-06,0.0,287.76,287.76,264.74,39.62,12964.92,39.62,60.95,56.07,-4.88,4.88,8.0,ENDC,ENEL COLOMBIA S.A. E.S.P.,28794000000.0,0.0,0.03,0.1,0.92,0.025,False
CERC,CERC S.A. E.S.P.,CNIOR,CARIBE_SOL,AIR-E - CARIBE SOL,2025-04-01,HISTORICO,False,28395468.75,24136148.44,4259320.31,85.0,15.0,Cubierta (85.0% Contratos / 15.0% Bolsa),30,946515.62,327.2543,25300000.0,1650000000.0,1072500000.0,13.7675,21.1808,12,25080000.0,2508000.0,329.8591,24860000.0,2530000.0,9.09e-06,0.0,226.1,226.1,208.01,31.13,10186.72,31.13,47.89,44.06,-3.83,3.83,8.0,ENDC,ENEL COLOMBIA S.A. E.S.P.,28794000000.0,0.0,0.03,0.1,0.92,0.025,False
CERC,CERC S.A. E.S.P.,CNIOR,CUNDINAMARCA,EEC - CUNDINAMARCA,2025-04-01,HISTORICO,False,28395468.75,24136148.44,4259320.31,85.0,15.0,Cubierta (85.0% Contratos / 15.0% Bolsa),30,946515.62,327.2543,10350000.0,1650000000.0,1072500000.0,13.7675,21.1808,12,10260000.0,1026000.0,329.8591,10170000.0,1035000.0,9.09e-06,0.0,92.49,92.49,85.09,12.73,4167.29,12.73,19.59,18.02,-1.57,1.57,8.0,ENDC,ENEL COLOMBIA S.A. E.S.P.,28794000000.0,0.0,0.03,0.1,0.92,0.025,False
CERC,CERC S.A. E.S.P.,CNIOR,SANTANDER,ESSA - SANTANDER,2025-04-01,HISTORICO,False,28395468.75,24136148.44,4259320.31,85.0,15.0,Cubierta (85.0% Contratos / 15.0% Bolsa),30,946515.62,327.2543,16100000.0,1650000000.0,1072500000.0,13.7675,21.1808,12,15960000.0,1596000.0,329.8591,15820000.0,1610000.0,9.09e-06,0.0,143.88,143.88,132.37,19.81,6482.46,19.81,30.47,28.04,-2.44,2.44,8.0,ENDC,ENEL COLOMBIA S.A. E.S.P.,28794000000.0,0.0,0.03,0.1,0.92,0.025,False
CERC,CERC S.A. E.S.P.,CNIOR,TOLIMA,ELET - TOLIMA,2025-04-01,HISTORICO,False,28395468.75,24136148.44,4259320.31,85.0,15.0,Cubierta (85.0% Contratos / 15.0% Bolsa),30,946515.62,327.2543,8625000.0,1650000000.0,1072500000.0,13.7675,21.1808,12,8550000.0,855000.0,329.8591,8475000.0,862500.0,9.09e-06,0.0,77.08,77.08,70.91,10.61,3472.75,10.61,16.33,15.02,-1.31,1.31,8.0,ENDC,ENEL COLOMBIA S.A. E.S.P.,28794000000.0,0.0,0.03,0.1,0.92,0.025,False
CERC,CERC S.A. E.S.P.,CNIOR,VALLE,CVC - VALLE DEL CAUCA,2025-04-01,HISTORICO,False,28395468.75,24136148.44,4259320.31,85.0,15.0,Cubierta (85.0% Contratos / 15.0% Bolsa),30,946515.62,327.2543,20700000.0,1650000000.0,1072500000.0,13.7675,21.1808,12,20520000.0,2052000.0,329.8591,20340000.0,2070000.0,9.09e-06,0.0,184.99,184.99,170.19,25.47,8334.59,25.47,39.18,36.05,-3.13,3.13,8.0,ENDC,ENEL COLOMBIA S.A. E.S.P.,28794000000.0,0.0,0.03,0.1,0.92,0.025,False
CERC,CERC S.A. E.S.P.,CNIOR,ANTIOQUIA,EPM - ANTIOQUIA,2025-05-01,HISTORICO,False,28567562.5,24282428.12,4285134.38,85.0,15.0,Cubierta (85.0% Contratos / 15.0% Bolsa),30,952252.08,315.6815,29000000.0,1660000000.0,1079000000.0,13.7675,21.1808,12,28750000.0,2875000.0,327.2543,28500000.0,2900000.0,9.17e-06,0.0,261.26,261.26,240.36,35.97,11354.94,35.97,55.34,50.91,-4.43,4.43,8.0,ENDC,ENEL COLOMBIA S.A. E.S.P.,28794000000.0,0.0,0.03,0.1,0.92,0.025,False
CERC,CERC S.A. E.S.P.,CNIOR,BOGOTA,ENEL - BOGOTA CUNDINAMARCA,2025-05-01,HISTORICO,False,28567562.5,24282428.12,4285134.38,85.0,15.0,Cubierta (85.0% Contratos / 15.0% Bolsa),30,952252.08,315.6815,40600000.0,1660000000.0,1079000000.0,13.7675,21.1808,12,40250000.0,4025000.0,327.2543,39900000.0,4060000.0,9.17e-06,0.0,365.77,365.77,336.51,50.36,15896.92,50.36,77.47,71.28,-6.2,6.2,8.0,ENDC,ENEL COLOMBIA S.A. E.S.P.,28794000000.0,0.0,0.03,0.1,0.92,0.025,False
CERC,CERC S.A. E.S.P.,CNIOR,CARIBE_MAR,AFINIA - CARIBE MAR,2025-05-01,HISTORICO,False,28567562.5,24282428.12,4285134.38,85.0,15.0,Cubierta (85.0% Contratos / 15.0% Bolsa),30,952252.08,315.6815,32480000.0,1660000000.0,1079000000.0,13.7675,21.1808,12,32200000.0,3220000.0,327.2543,31920000.0,3248000.0,9.17e-06,0.0,292.62,292.62,269.21,40.29,12717.54,40.29,61.98,57.02,-4.96,4.96,8.0,ENDC,ENEL COLOMBIA S.A. E.S.P.,28794000000.0,0.0,0.03,0.1,0.92,0.025,False
CERC,CERC S.A. E.S.P.,CNIOR,CARIBE_SOL,AIR-E - CARIBE SOL,2025-05-01,HISTORICO,False,28567562.5,24282428.12,4285134.38,85.0,15.0,Cubierta (85.0% Contratos / 15.0% Bolsa),30,952252.08,315.6815,25520000.0,1660000000.0,1079000000.0,13.7675,21.1808,12,25300000.0,2530000.0,327.2543,25080000.0,2552000.0,9.17e-06,0.0,229.91,229.91,211.52,31.65,9992.35,31.65,48.7,44.8,-3.9,3.9,8.0,ENDC,ENEL COLOMBIA S.A. E.S.P.,28794000000.0,0.0,0.03,0.1,0.92,0.025,False
CERC,CERC S.A. E.S.P.,CNIOR,CUNDINAMARCA,EEC - CUNDINAMARCA,2025-05-01,HISTORICO,False,28567562.5,24282428.12,4285134.38,85.0,15.0,Cubierta (85.0% Contratos / 15.0% Bolsa),30,952252.08,315.6815,10440000.0,1660000000.0,1079000000.0,13.7675,21.1808,12,10350000.0,1035000.0,327.2543,10260000.0,1044000.0,9.17e-06,0.0,94.06,94.06,86.53,12.95,4087.78,12.95,19.92,18.33,-1.59,1.59,8.0,ENDC,ENEL COLOMBIA S.A. E.S.P.,28794000000.0,0.0,0.03,0.1,0.92,0.025,False
CERC,CERC S.A. E.S.P.,CNIOR,SANTANDER,ESSA - SANTANDER,2025-05-01,HISTORICO,False,28567562.5,24282428.12,4285134.38,85.0,15.0,Cubierta (85.0% Contratos / 15.0% Bolsa),30,952252.08,315.6815,16240000.0,1660000000.0,1079000000.0,13.7675,21.1808,12,16100000.0,1610000.0,327.2543,15960000.0,1624000.0,9.17e-06,0.0,146.31,146.31,134.6,20.14,6358.77,20.14,30.99,28.51,-2.48,2.48,8.0,ENDC,ENEL COLOMBIA S.A. E.S.P.,28794000000.0,0.0,0.03,0.1,0.92,0.025,False
CERC,CERC S.A. E.S.P.,CNIOR,TOLIMA,ELET - TOLIMA,2025-05-01,HISTORICO,False,28567562.5,24282428.12,4285134.38,85.0,15.0,Cubierta (85.0% Contratos / 15.0% Bolsa),30,952252.08,315.6815,8700000.0,1660000000.0,1079000000.0,13.7675,21.1808,12,8625000.0,862500.0,327.2543,8550000.0,870000.0,9.17e-06,0.0,78.38,78.38,72.11,10.79,3406.48,10.79,16.6,15.27,-1.33,1.33,8.0,ENDC,ENEL COLOMBIA S.A. E.S.P.,28794000000.0,0.0,0.03,0.1,0.92,0.025,False
CERC,CERC S.A. E.S.P.,CNIOR,VALLE,CVC - VALLE DEL CAUCA,2025-05-01,HISTORICO,False,28567562.5,24282428.12,4285134.38,85.0,15.0,Cubierta (85.0% Contratos / 15.0% Bolsa),30,952252.08,315.6815,20880000.0,1660000000.0,1079000000.0,13.7675,21.1808,12,20700000.0,2070000.0,327.2543,20520000.0,2088000.0,9.17e-06,0.0,188.11,188.11,173.06,25.9,8175.56,25.9,39.84,36.66,-3.19,3.19,8.0,ENDC,ENEL COLOMBIA S.A. E.S.P.,28794000000.0,0.0,0.03,0.1,0.92,0.025,False
CERC,CERC S.A. E.S.P.,CNIOR,ANTIOQUIA,EPM - ANTIOQUIA,2025-06-01,HISTORICO,False,28739656.25,24428707.81,4310948.44,85.0,15.0,Cubierta (85.0% Contratos / 15.0% Bolsa),30,957988.54,308.079,29250000.0,1670000000.0,1085500000.0,13.7675,21.1808,12,29000000.0,2900000.0,315.6815,28750000.0,2925000.0,9.5e-06,0.0,273.22,273.22,251.36,37.62,11588.5,37.62,57.87,53.24,-4.63,4.63,8.0,ENDC,ENEL COLOMBIA S.A. E.S.P.,28794000000.0,0.0,0.03,0.1,0.92,0.025,False
CERC,CERC S.A. E.S.P.,CNIOR,BOGOTA,ENEL - BOGOTA CUNDINAMARCA,2025-06-01,HISTORICO,False,28739656.25,24428707.81,4310948.44,85.0,15.0,Cubierta (85.0% Contratos / 15.0% Bolsa),30,957988.54,308.079,40950000.0,1670000000.0,1085500000.0,13.7675,21.1808,12,40600000.0,4060000.0,315.6815,40250000.0,4095000.0,9.5e-06,0.0,382.51,382.51,351.91,52.66,16223.9,52.66,81.02,74.54,-6.48,6.48,8.0,ENDC,ENEL COLOMBIA S.A. E.S.P.,28794000000.0,0.0,0.03,0.1,0.92,0.025,False
CERC,CERC S.A. E.S.P.,CNIOR,CARIBE_MAR,AFINIA - CARIBE MAR,2025-06-01,HISTORICO,False,28739656.25,24428707.81,4310948.44,85.0,15.0,Cubierta (85.0% Contratos / 15.0% Bolsa),30,957988.54,308.079,32760000.0,1670000000.0,1085500000.0,13.7675,21.1808,12,32480000.0,3248000.0,315.6815,32200000.0,3276000.0,9.5e-06,0.0,306.0,306.0,281.52,42.13,12979.12,42.13,64.81,59.63,-5.19,5.19,8.0,ENDC,ENEL COLOMBIA S.A. E.S.P.,28794000000.0,0.0,0.03,0.1,0.92,0.025,False
CERC,CERC S.A. E.S.P.,CNIOR,CARIBE_SOL,AIR-E - CARIBE SOL,2025-06-01,HISTORICO,False,28739656.25,24428707.81,4310948.44,85.0,15.0,Cubierta (85.0% Contratos / 15.0% Bolsa),30,957988.54,308.079,25740000.0,1670000000.0,1085500000.0,13.7675,21.1808,12,25520000.0,2552000.0,315.6815,25300000.0,2574000.0,9.5e-06,0.0,240.43,240.43,221.2,33.1,10197.88,33.1,50.93,46.85,-4.07,4.07,8.0,ENDC,ENEL COLOMBIA S.A. E.S.P.,28794000000.0,0.0,0.03,0.1,0.92,0.025,False
CERC,CERC S.A. E.S.P.,CNIOR,CUNDINAMARCA,EEC - CUNDINAMARCA,2025-06-01,HISTORICO,False,28739656.25,24428707.81,4310948.44,85.0,15.0,Cubierta (85.0% Contratos / 15.0% Bolsa),30,957988.54,308.079,10530000.0,1670000000.0,1085500000.0,13.7675,21.1808,12,10440000.0,1044000.0,315.6815,10350000.0,1053000.0,9.5e-06,0.0,98.36,98.36,90.49,13.54,4171.86,13.54,20.83,19.17,-1.67,1.67,8.0,ENDC,ENEL COLOMBIA S.A. E.S.P.,28794000000.0,0.0,0.03,0.1,0.92,0.025,False
CERC,CERC S.A. E.S.P.,CNIOR,SANTANDER,ESSA - SANTANDER,2025-06-01,HISTORICO,False,28739656.25,24428707.81,4310948.44,85.0,15.0,Cubierta (85.0% Contratos / 15.0% Bolsa),30,957988.54,308.079,16380000.0,1670000000.0,1085500000.0,13.7675,21.1808,12,16240000.0,1624000.0,315.6815,16100000.0,1638000.0,9.5e-06,0.0,153.0,153.0,140.76,21.06,6489.56,21.06,32.41,29.81,-2.59,2.59,8.0,ENDC,ENEL COLOMBIA S.A. E.S.P.,28794000000.0,0.0,0.03,0.1,0.92,0.025,False
CERC,CERC S.A. E.S.P.,CNIOR,TOLIMA,ELET - TOLIMA,2025-06-01,HISTORICO,False,28739656.25,24428707.81,4310948.44,85.0,15.0,Cubierta (85.0% Contratos / 15.0% Bolsa),30,957988.54,308.079,8775000.0,1670000000.0,1085500000.0,13.7675,21.1808,12,8700000.0,870000.0,315.6815,8625000.0,877500.0,9.5e-06,0.0,81.97,81.97,75.41,11.28,3476.55,11.28,17.36,15.97,-1.39,1.39,8.0,ENDC,ENEL COLOMBIA S.A. E.S.P.,28794000000.0,0.0,0.03,0.1,0.92,0.025,False
CERC,CERC S.A. E.S.P.,CNIOR,VALLE,CVC - VALLE DEL CAUCA,2025-06-01,HISTORICO,False,28739656.25,24428707.81,4310948.44,85.0,15.0,Cubierta (85.0% Contratos / 15.0% Bolsa),30,957988.54,308.079,21060000.0,1670000000.0,1085500000.0,13.7675,21.1808,12,20880000.0,2088000.0,315.6815,20700000.0,2106000.0,9.5e-06,0.0,196.72,196.72,180.98,27.08,8343.72,27.08,41.67,38.33,-3.33,3.33,8.0,ENDC,ENEL COLOMBIA S.A. E.S.P.,28794000000.0,0.0,0.03,0.1,0.92,0.025,False
CERC,CERC S.A. E.S.P.,CNIOR,ANTIOQUIA,EPM - ANTIOQUIA,2025-07-01,HISTORICO,False,28911750.0,24574987.5,4336762.5,85.0,15.0,Cubierta (85.0% Contratos / 15.0% Bolsa),30,963725.0,313.7352,29500000.0,1680000000.0,1092000000.0,13.7675,21.1808,12,29250000.0,2925000.0,308.079,29000000.0,2950000.0,9.74e-06,0.0,282.4,282.4,259.8,38.88,12197.63,38.88,59.81,55.03,-4.79,4.79,8.0,ENDC,ENEL COLOMBIA S.A. E.S.P.,28794000000.0,0.0,0.03,0.1,0.92,0.025,False
CERC,CERC S.A. E.S.P.,CNIOR,BOGOTA,ENEL - BOGOTA CUNDINAMARCA,2025-07-01,HISTORICO,False,28911750.0,24574987.5,4336762.5,85.0,15.0,Cubierta (85.0% Contratos / 15.0% Bolsa),30,963725.0,313.7352,41300000.0,1680000000.0,1092000000.0,13.7675,21.1808,12,40950000.0,4095000.0,308.079,40600000.0,4130000.0,9.74e-06,0.0,395.35,395.35,363.72,54.43,17076.68,54.43,83.74,77.04,-6.7,6.7,8.0,ENDC,ENEL COLOMBIA S.A. E.S.P.,28794000000.0,0.0,0.03,0.1,0.92,0.025,False
CERC,CERC S.A. E.S.P.,CNIOR,CARIBE_MAR,AFINIA - CARIBE MAR,2025-07-01,HISTORICO,False,28911750.0,24574987.5,4336762.5,85.0,15.0,Cubierta (85.0% Contratos / 15.0% Bolsa),30,963725.0,313.7352,33040000.0,1680000000.0,1092000000.0,13.7675,21.1808,12,32760000.0,3276000.0,308.079,32480000.0,3304000.0,9.74e-06,0.0,316.28,316.28,290.98,43.54,13661.35,43.54,66.99,61.63,-5.36,5.36,8.0,ENDC,ENEL COLOMBIA S.A. E.S.P.,28794000000.0,0.0,0.03,0.1,0.92,0.025,False
CERC,CERC S.A. E.S.P.,CNIOR,CARIBE_SOL,AIR-E - CARIBE SOL,2025-07-01,HISTORICO,False,28911750.0,24574987.5,4336762.5,85.0,15.0,Cubierta (85.0% Contratos / 15.0% Bolsa),30,963725.0,313.7352,25960000.0,1680000000.0,1092000000.0,13.7675,21.1808,12,25740000.0,2574000.0,308.079,25520000.0,2596000.0,9.74e-06,0.0,248.51,248.51,228.63,34.21,10733.92,34.21,52.64,48.42,-4.21,4.21,8.0,ENDC,ENEL COLOMBIA S.A. E.S.P.,28794000000.0,0.0,0.03,0.1,0.92,0.025,False
CERC,CERC S.A. E.S.P.,CNIOR,CUNDINAMARCA,EEC - CUNDINAMARCA,2025-07-01,HISTORICO,False,28911750.0,24574987.5,4336762.5,85.0,15.0,Cubierta (85.0% Contratos / 15.0% Bolsa),30,963725.0,313.7352,10620000.0,1680000000.0,1092000000.0,13.7675,21.1808,12,10530000.0,1053000.0,308.079,10440000.0,1062000.0,9.74e-06,0.0,101.66,101.66,93.53,14.0,4391.15,14.0,21.53,19.81,-1.72,1.72,8.0,ENDC,ENEL COLOMBIA S.A. E.S.P.,28794000000.0,0.0,0.03,0.1,0.92,0.025,False
CERC,CERC S.A. E.S.P.,CNIOR,SANTANDER,ESSA - SANTANDER,2025-07-01,HISTORICO,False,28911750.0,24574987.5,4336762.5,85.0,15.0,Cubierta (85.0% Contratos / 15.0% Bolsa),30,963725.0,313.7352,16520000.0,1680000000.0,1092000000.0,13.7675,21.1808,12,16380000.0,1638000.0,308.079,16240000.0,1652000.0,9.74e-06,0.0,158.14,158.14,145.49,21.77,6830.67,21.77,33.5,30.82,-2.68,2.68,8.0,ENDC,ENEL COLOMBIA S.A. E.S.P.,28794000000.0,0.0,0.03,0.1,0.92,0.025,False
CERC,CERC S.A. E.S.P.,CNIOR,TOLIMA,ELET - TOLIMA,2025-07-01,HISTORICO,False,28911750.0,24574987.5,4336762.5,85.0,15.0,Cubierta (85.0% Contratos / 15.0% Bolsa),30,963725.0,313.7352,8850000.0,1680000000.0,1092000000.0,13.7675,21.1808,12,8775000.0,877500.0,308.079,8700000.0,885000.0,9.74e-06,0.0,84.72,84.72,77.94,11.66,3659.29,11.66,17.94,16.51,-1.44,1.44,8.0,ENDC,ENEL COLOMBIA S.A. E.S.P.,28794000000.0,0.0,0.03,0.1,0.92,0.025,False
CERC,CERC S.A. E.S.P.,CNIOR,VALLE,CVC - VALLE DEL CAUCA,2025-07-01,HISTORICO,False,28911750.0,24574987.5,4336762.5,85.0,15.0,Cubierta (85.0% Contratos / 15.0% Bolsa),30,963725.0,313.7352,21240000.0,1680000000.0,1092000000.0,13.7675,21.1808,12,21060000.0,2106000.0,308.079,20880000.0,2124000.0,9.74e-06,0.0,203.32,203.32,187.06,27.99,8782.29,27.99,43.07,39.62,-3.45,3.45,8.0,ENDC,ENEL COLOMBIA S.A. E.S.P.,28794000000.0,0.0,0.03,0.1,0.92,0.025,False
CERC,CERC S.A. E.S.P.,CNIOR,ANTIOQUIA,EPM - ANTIOQUIA,2025-08-01,HISTORICO,False,29083843.75,24721267.19,4362576.56,85.0,15.0,Cubierta (85.0% Contratos / 15.0% Bolsa),30,969461.46,329.7482,29750000.0,1690000000.0,1098500000.0,13.7675,21.1808,12,29500000.0,2950000.0,313.7352,29250000.0,2975000.0,9.56e-06,0.0,279.69,279.69,257.32,38.51,12697.59,38.51,59.24,54.5,-4.74,4.74,8.0,ENDC,ENEL COLOMBIA S.A. E.S.P.,28794000000.0,0.0,0.03,0.1,0.92,0.025,False
CERC,CERC S.A. E.S.P.,CNIOR,BOGOTA,ENEL - BOGOTA CUNDINAMARCA,2025-08-01,HISTORICO,False,29083843.75,24721267.19,4362576.56,85.0,15.0,Cubierta (85.0% Contratos / 15.0% Bolsa),30,969461.46,329.7482,41650000.0,1690000000.0,1098500000.0,13.7675,21.1808,12,41300000.0,4130000.0,313.7352,40950000.0,4165000.0,9.56e-06,0.0,391.57,391.57,360.25,53.91,17776.63,53.91,82.94,76.3,-6.64,6.64,8.0,ENDC,ENEL COLOMBIA S.A. E.S.P.,28794000000.0,0.0,0.03,0.1,0.92,0.025,False
CERC,CERC S.A. E.S.P.,CNIOR,CARIBE_MAR,AFINIA - CARIBE MAR,2025-08-01,HISTORICO,False,29083843.75,24721267.19,4362576.56,85.0,15.0,Cubierta (85.0% Contratos / 15.0% Bolsa),30,969461.46,329.7482,33320000.0,1690000000.0,1098500000.0,13.7675,21.1808,12,33040000.0,3304000.0,313.7352,32760000.0,3332000.0,9.56e-06,0.0,313.26,313.26,288.2,43.13,14221.3,43.13,66.35,61.04,-5.31,5.31,8.0,ENDC,ENEL COLOMBIA S.A. E.S.P.,28794000000.0,0.0,0.03,0.1,0.92,0.025,False
CERC,CERC S.A. E.S.P.,CNIOR,CARIBE_SOL,AIR-E - CARIBE SOL,2025-08-01,HISTORICO,False,29083843.75,24721267.19,4362576.56,85.0,15.0,Cubierta (85.0% Contratos / 15.0% Bolsa),30,969461.46,329.7482,26180000.0,1690000000.0,1098500000.0,13.7675,21.1808,12,25960000.0,2596000.0,313.7352,25740000.0,2618000.0,9.56e-06,0.0,246.13,246.13,226.44,33.89,11173.88,33.89,52.13,47.96,-4.17,4.17,8.0,ENDC,ENEL COLOMBIA S.A. E.S.P.,28794000000.0,0.0,0.03,0.1,0.92,0.025,False
CERC,CERC S.A. E.S.P.,CNIOR,CUNDINAMARCA,EEC - CUNDINAMARCA,2025-08-01,HISTORICO,False,29083843.75,24721267.19,4362576.56,85.0,15.0,Cubierta (85.0% Contratos / 15.0% Bolsa),30,969461.46,329.7482,10710000.0,1690000000.0,1098500000.0,13.7675,21.1808,12,10620000.0,1062000.0,313.7352,10530000.0,1071000.0,9.56e-06,0.0,100.69,100.69,92.63,13.86,4571.13,13.86,21.33,19.62,-1.71,1.71,8.0,ENDC,ENEL COLOMBIA S.A. E.S.P.,28794000000.0,0.0,0.03,0.1,0.92,0.025,False
CERC,CERC S.A. E.S.P.,CNIOR,SANTANDER,ESSA - SANTANDER,2025-08-01,HISTORICO,False,29083843.75,24721267.19,4362576.56,85.0,15.0,Cubierta (85.0% Contratos / 15.0% Bolsa),30,969461.46,329.7482,16660000.0,1690000000.0,1098500000.0,13.7675,21.1808,12,16520000.0,1652000.0,313.7352,16380000.0,1666000.0,9.56e-06,0.0,156.63,156.63,144.1,21.56,7110.65,21.56,33.18,30.52,-2.65,2.65,8.0,ENDC,ENEL COLOMBIA S.A. E.S.P.,28794000000.0,0.0,0.03,0.1,0.92,0.025,False
CERC,CERC S.A. E.S.P.,CNIOR,TOLIMA,ELET - TOLIMA,2025-08-01,HISTORICO,False,29083843.75,24721267.19,4362576.56,85.0,15.0,Cubierta (85.0% Contratos / 15.0% Bolsa),30,969461.46,329.7482,8925000.0,1690000000.0,1098500000.0,13.7675,21.1808,12,8850000.0,885000.0,313.7352,8775000.0,892500.0,9.56e-06,0.0,83.91,83.91,77.2,11.55,3809.28,11.55,17.77,16.35,-1.42,1.42,8.0,ENDC,ENEL COLOMBIA S.A. E.S.P.,28794000000.0,0.0,0.03,0.1,0.92,0.025,False
CERC,CERC S.A. E.S.P.,CNIOR,VALLE,CVC - VALLE DEL CAUCA,2025-08-01,HISTORICO,False,29083843.75,24721267.19,4362576.56,85.0,15.0,Cubierta (85.0% Contratos / 15.0% Bolsa),30,969461.46,329.7482,21420000.0,1690000000.0,1098500000.0,13.7675,21.1808,12,21240000.0,2124000.0,313.7352,21060000.0,2142000.0,9.56e-06,0.0,201.38,201.38,185.27,27.72,9142.27,27.72,42.65,39.24,-3.41,3.41,8.0,ENDC,ENEL COLOMBIA S.A. E.S.P.,28794000000.0,0.0,0.03,0.1,0.92,0.025,False
CERC,CERC S.A. E.S.P.,CNIOR,ANTIOQUIA,EPM - ANTIOQUIA,2025-09-01,HISTORICO,False,29255937.5,24867546.88,4388390.63,85.0,15.0,Cubierta (85.0% Contratos / 15.0% Bolsa),30,975197.92,343.6942,30000000.0,1700000000.0,1105000000.0,13.7675,21.1808,12,29750000.0,2975000.0,329.7482,29500000.0,3000000.0,9.1e-06,0.0,268.39,268.39,246.92,36.95,12699.54,36.95,56.85,52.3,-4.55,4.55,8.0,ENDC,ENEL COLOMBIA S.A. E.S.P.,28794000000.0,0.0,0.03,0.1,0.92,0.025,False
CERC,CERC S.A. E.S.P.,CNIOR,BOGOTA,ENEL - BOGOTA CUNDINAMARCA,2025-09-01,HISTORICO,False,29255937.5,24867546.88,4388390.63,85.0,15.0,Cubierta (85.0% Contratos / 15.0% Bolsa),30,975197.92,343.6942,42000000.0,1700000000.0,1105000000.0,13.7675,21.1808,12,41650000.0,4165000.0,329.7482,41300000.0,4200000.0,9.1e-06,0.0,375.74,375.74,345.68,51.73,17779.36,51.73,79.58,73.22,-6.37,6.37,8.0,ENDC,ENEL COLOMBIA S.A. E.S.P.,28794000000.0,0.0,0.03,0.1,0.92,0.025,False
CERC,CERC S.A. E.S.P.,CNIOR,CARIBE_MAR,AFINIA - CARIBE MAR,2025-09-01,HISTORICO,False,29255937.5,24867546.88,4388390.63,85.0,15.0,Cubierta (85.0% Contratos / 15.0% Bolsa),30,975197.92,343.6942,33600000.0,1700000000.0,1105000000.0,13.7675,21.1808,12,33320000.0,3332000.0,329.7482,33040000.0,3360000.0,9.1e-06,0.0,300.59,300.59,276.55,41.38,14223.49,41.38,63.67,58.57,-5.09,5.09,8.0,ENDC,ENEL COLOMBIA S.A. E.S.P.,28794000000.0,0.0,0.03,0.1,0.92,0.025,False
CERC,CERC S.A. E.S.P.,CNIOR,CARIBE_SOL,AIR-E - CARIBE SOL,2025-09-01,HISTORICO,False,29255937.5,24867546.88,4388390.63,85.0,15.0,Cubierta (85.0% Contratos / 15.0% Bolsa),30,975197.92,343.6942,26400000.0,1700000000.0,1105000000.0,13.7675,21.1808,12,26180000.0,2618000.0,329.7482,25960000.0,2640000.0,9.1e-06,0.0,236.18,236.18,217.29,32.52,11175.6,32.52,50.02,46.02,-4.0,4.0,8.0,ENDC,ENEL COLOMBIA S.A. E.S.P.,28794000000.0,0.0,0.03,0.1,0.92,0.025,False
CERC,CERC S.A. E.S.P.,CNIOR,CUNDINAMARCA,EEC - CUNDINAMARCA,2025-09-01,HISTORICO,False,29255937.5,24867546.88,4388390.63,85.0,15.0,Cubierta (85.0% Contratos / 15.0% Bolsa),30,975197.92,343.6942,10800000.0,1700000000.0,1105000000.0,13.7675,21.1808,12,10710000.0,1071000.0,329.7482,10620000.0,1080000.0,9.1e-06,0.0,96.62,96.62,88.89,13.3,4571.84,13.3,20.46,18.83,-1.64,1.64,8.0,ENDC,ENEL COLOMBIA S.A. E.S.P.,28794000000.0,0.0,0.03,0.1,0.92,0.025,False
CERC,CERC S.A. E.S.P.,CNIOR,SANTANDER,ESSA - SANTANDER,2025-09-01,HISTORICO,False,29255937.5,24867546.88,4388390.63,85.0,15.0,Cubierta (85.0% Contratos / 15.0% Bolsa),30,975197.92,343.6942,16800000.0,1700000000.0,1105000000.0,13.7675,21.1808,12,16660000.0,1666000.0,329.7482,16520000.0,1680000.0,9.1e-06,0.0,150.3,150.3,138.27,20.69,7111.74,20.69,31.83,29.29,-2.55,2.55,8.0,ENDC,ENEL COLOMBIA S.A. E.S.P.,28794000000.0,0.0,0.03,0.1,0.92,0.025,False
CERC,CERC S.A. E.S.P.,CNIOR,TOLIMA,ELET - TOLIMA,2025-09-01,HISTORICO,False,29255937.5,24867546.88,4388390.63,85.0,15.0,Cubierta (85.0% Contratos / 15.0% Bolsa),30,975197.92,343.6942,9000000.0,1700000000.0,1105000000.0,13.7675,21.1808,12,8925000.0,892500.0,329.7482,8850000.0,900000.0,9.1e-06,0.0,80.52,80.52,74.07,11.09,3809.86,11.09,17.05,15.69,-1.36,1.36,8.0,ENDC,ENEL COLOMBIA S.A. E.S.P.,28794000000.0,0.0,0.03,0.1,0.92,0.025,False
CERC,CERC S.A. E.S.P.,CNIOR,VALLE,CVC - VALLE DEL CAUCA,2025-09-01,HISTORICO,False,29255937.5,24867546.88,4388390.63,85.0,15.0,Cubierta (85.0% Contratos / 15.0% Bolsa),30,975197.92,343.6942,21600000.0,1700000000.0,1105000000.0,13.7675,21.1808,12,21420000.0,2142000.0,329.7482,21240000.0,2160000.0,9.1e-06,0.0,193.24,193.24,177.78,26.6,9143.67,26.6,40.93,37.66,-3.27,3.27,8.0,ENDC,ENEL COLOMBIA S.A. E.S.P.,28794000000.0,0.0,0.03,0.1,0.92,0.025,False
CERC,CERC S.A. E.S.P.,CNIOR,ANTIOQUIA,EPM - ANTIOQUIA,2025-10-01,HISTORICO,False,29428031.25,25013826.56,4414204.69,85.0,15.0,Cubierta (85.0% Contratos / 15.0% Bolsa),30,980934.38,345.0498,30250000.0,1710000000.0,1111500000.0,13.7675,21.1808,12,30000000.0,3000000.0,343.6942,29750000.0,3025000.0,8.73e-06,0.0,259.68,259.68,238.9,35.75,12335.96,35.75,55.0,50.6,-4.4,4.4,8.0,ENDC,ENEL COLOMBIA S.A. E.S.P.,28794000000.0,0.0,0.03,0.1,0.92,0.025,False
CERC,CERC S.A. E.S.P.,CNIOR,BOGOTA,ENEL - BOGOTA CUNDINAMARCA,2025-10-01,HISTORICO,False,29428031.25,25013826.56,4414204.69,85.0,15.0,Cubierta (85.0% Contratos / 15.0% Bolsa),30,980934.38,345.0498,42350000.0,1710000000.0,1111500000.0,13.7675,21.1808,12,42000000.0,4200000.0,343.6942,41650000.0,4235000.0,8.73e-06,0.0,363.55,363.55,334.47,50.05,17270.34,50.05,77.0,70.84,-6.16,6.16,8.0,ENDC,ENEL COLOMBIA S.A. E.S.P.,28794000000.0,0.0,0.03,0.1,0.92,0.025,False
CERC,CERC S.A. E.S.P.,CNIOR,CARIBE_MAR,AFINIA - CARIBE MAR,2025-10-01,HISTORICO,False,29428031.25,25013826.56,4414204.69,85.0,15.0,Cubierta (85.0% Contratos / 15.0% Bolsa),30,980934.38,345.0498,33880000.0,1710000000.0,1111500000.0,13.7675,21.1808,12,33600000.0,3360000.0,343.6942,33320000.0,3388000.0,8.73e-06,0.0,290.84,290.84,267.57,40.04,13816.27,40.04,61.6,56.67,-4.93,4.93,8.0,ENDC,ENEL COLOMBIA S.A. E.S.P.,28794000000.0,0.0,0.03,0.1,0.92,0.025,False
CERC,CERC S.A. E.S.P.,CNIOR,CARIBE_SOL,AIR-E - CARIBE SOL,2025-10-01,HISTORICO,False,29428031.25,25013826.56,4414204.69,85.0,15.0,Cubierta (85.0% Contratos / 15.0% Bolsa),30,980934.38,345.0498,26620000.0,1710000000.0,1111500000.0,13.7675,21.1808,12,26400000.0,2640000.0,343.6942,26180000.0,2662000.0,8.73e-06,0.0,228.52,228.52,210.24,31.46,10855.64,31.46,48.4,44.53,-3.87,3.87,8.0,ENDC,ENEL COLOMBIA S.A. E.S.P.,28794000000.0,0.0,0.03,0.1,0.92,0.025,False
CERC,CERC S.A. E.S.P.,CNIOR,CUNDINAMARCA,EEC - CUNDINAMARCA,2025-10-01,HISTORICO,False,29428031.25,25013826.56,4414204.69,85.0,15.0,Cubierta (85.0% Contratos / 15.0% Bolsa),30,980934.38,345.0498,10890000.0,1710000000.0,1111500000.0,13.7675,21.1808,12,10800000.0,1080000.0,343.6942,10710000.0,1089000.0,8.73e-06,0.0,93.48,93.48,86.01,12.87,4440.94,12.87,19.8,18.22,-1.58,1.58,8.0,ENDC,ENEL COLOMBIA S.A. E.S.P.,28794000000.0,0.0,0.03,0.1,0.92,0.025,False
CERC,CERC S.A. E.S.P.,CNIOR,SANTANDER,ESSA - SANTANDER,2025-10-01,HISTORICO,False,29428031.25,25013826.56,4414204.69,85.0,15.0,Cubierta (85.0% Contratos / 15.0% Bolsa),30,980934.38,345.0498,16940000.0,1710000000.0,1111500000.0,13.7675,21.1808,12,16800000.0,1680000.0,343.6942,16660000.0,1694000.0,8.73e-06,0.0,145.42,145.42,133.79,20.02,6908.14,20.02,30.8,28.34,-2.46,2.46,8.0,ENDC,ENEL COLOMBIA S.A. E.S.P.,28794000000.0,0.0,0.03,0.1,0.92,0.025,False
CERC,CERC S.A. E.S.P.,CNIOR,TOLIMA,ELET - TOLIMA,2025-10-01,HISTORICO,False,29428031.25,25013826.56,4414204.69,85.0,15.0,Cubierta (85.0% Contratos / 15.0% Bolsa),30,980934.38,345.0498,9075000.0,1710000000.0,1111500000.0,13.7675,21.1808,12,9000000.0,900000.0,343.6942,8925000.0,907500.0,8.73e-06,0.0,77.9,77.9,71.67,10.73,3700.79,10.73,16.5,15.18,-1.32,1.32,8.0,ENDC,ENEL COLOMBIA S.A. E.S.P.,28794000000.0,0.0,0.03,0.1,0.92,0.025,False
CERC,CERC S.A. E.S.P.,CNIOR,VALLE,CVC - VALLE DEL CAUCA,2025-10-01,HISTORICO,False,29428031.25,25013826.56,4414204.69,85.0,15.0,Cubierta (85.0% Contratos / 15.0% Bolsa),30,980934.38,345.0498,21780000.0,1710000000.0,1111500000.0,13.7675,21.1808,12,21600000.0,2160000.0,343.6942,21420000.0,2178000.0,8.73e-06,0.0,186.97,186.97,172.01,25.74,8881.89,25.74,39.6,36.43,-3.17,3.17,8.0,ENDC,ENEL COLOMBIA S.A. E.S.P.,28794000000.0,0.0,0.03,0.1,0.92,0.025,False
CERC,CERC S.A. E.S.P.,CNIOR,ANTIOQUIA,EPM - ANTIOQUIA,2025-11-01,HISTORICO,False,29600125.0,25160106.25,4440018.75,85.0,15.0,Cubierta (85.0% Contratos / 15.0% Bolsa),30,986670.83,334.8672,30500000.0,1720000000.0,1118000000.0,13.7675,21.1808,12,30250000.0,3025000.0,345.0498,30000000.0,3050000.0,8.69e-06,0.0,260.83,260.83,239.97,35.91,12025.09,35.91,55.25,50.83,-4.42,4.42,8.0,ENDC,ENEL COLOMBIA S.A. E.S.P.,28794000000.0,0.0,0.03,0.1,0.92,0.025,False
CERC,CERC S.A. E.S.P.,CNIOR,BOGOTA,ENEL - BOGOTA CUNDINAMARCA,2025-11-01,HISTORICO,False,29600125.0,25160106.25,4440018.75,85.0,15.0,Cubierta (85.0% Contratos / 15.0% Bolsa),30,986670.83,334.8672,42700000.0,1720000000.0,1118000000.0,13.7675,21.1808,12,42350000.0,4235000.0,345.0498,42000000.0,4270000.0,8.69e-06,0.0,365.16,365.16,335.95,50.27,16835.13,50.27,77.34,71.16,-6.19,6.19,8.0,ENDC,ENEL COLOMBIA S.A. E.S.P.,28794000000.0,0.0,0.03,0.1,0.92,0.025,False
CERC,CERC S.A. E.S.P.,CNIOR,CARIBE_MAR,AFINIA - CARIBE MAR,2025-11-01,HISTORICO,False,29600125.0,25160106.25,4440018.75,85.0,15.0,Cubierta (85.0% Contratos / 15.0% Bolsa),30,986670.83,334.8672,34160000.0,1720000000.0,1118000000.0,13.7675,21.1808,12,33880000.0,3388000.0,345.0498,33600000.0,3416000.0,8.69e-06,0.0,292.13,292.13,268.76,40.22,13468.1,40.22,61.88,56.93,-4.95,4.95,8.0,ENDC,ENEL COLOMBIA S.A. E.S.P.,28794000000.0,0.0,0.03,0.1,0.92,0.025,False
CERC,CERC S.A. E.S.P.,CNIOR,CARIBE_SOL,AIR-E - CARIBE SOL,2025-11-01,HISTORICO,False,29600125.0,25160106.25,4440018.75,85.0,15.0,Cubierta (85.0% Contratos / 15.0% Bolsa),30,986670.83,334.8672,26840000.0,1720000000.0,1118000000.0,13.7675,21.1808,12,26620000.0,2662000.0,345.0498,26400000.0,2684000.0,8.69e-06,0.0,229.53,229.53,211.17,31.6,10582.08,31.6,48.62,44.73,-3.89,3.89,8.0,ENDC,ENEL COLOMBIA S.A. E.S.P.,28794000000.0,0.0,0.03,0.1,0.92,0.025,False
CERC,CERC S.A. E.S.P.,CNIOR,CUNDINAMARCA,EEC - CUNDINAMARCA,2025-11-01,HISTORICO,False,29600125.0,25160106.25,4440018.75,85.0,15.0,Cubierta (85.0% Contratos / 15.0% Bolsa),30,986670.83,334.8672,10980000.0,1720000000.0,1118000000.0,13.7675,21.1808,12,10890000.0,1089000.0,345.0498,10800000.0,1098000.0,8.69e-06,0.0,93.9,93.9,86.39,12.93,4329.03,12.93,19.89,18.3,-1.59,1.59,8.0,ENDC,ENEL COLOMBIA S.A. E.S.P.,28794000000.0,0.0,0.03,0.1,0.92,0.025,False
CERC,CERC S.A. E.S.P.,CNIOR,SANTANDER,ESSA - SANTANDER,2025-11-01,HISTORICO,False,29600125.0,25160106.25,4440018.75,85.0,15.0,Cubierta (85.0% Contratos / 15.0% Bolsa),30,986670.83,334.8672,17080000.0,1720000000.0,1118000000.0,13.7675,21.1808,12,16940000.0,1694000.0,345.0498,16800000.0,1708000.0,8.69e-06,0.0,146.07,146.07,134.38,20.11,6734.05,20.11,30.94,28.46,-2.48,2.48,8.0,ENDC,ENEL COLOMBIA S.A. E.S.P.,28794000000.0,0.0,0.03,0.1,0.92,0.025,False
CERC,CERC S.A. E.S.P.,CNIOR,TOLIMA,ELET - TOLIMA,2025-11-01,HISTORICO,False,29600125.0,25160106.25,4440018.75,85.0,15.0,Cubierta (85.0% Contratos / 15.0% Bolsa),30,986670.83,334.8672,9150000.0,1720000000.0,1118000000.0,13.7675,21.1808,12,9075000.0,907500.0,345.0498,9000000.0,915000.0,8.69e-06,0.0,78.25,78.25,71.99,10.77,3607.53,10.77,16.57,15.25,-1.33,1.33,8.0,ENDC,ENEL COLOMBIA S.A. E.S.P.,28794000000.0,0.0,0.03,0.1,0.92,0.025,False
CERC,CERC S.A. E.S.P.,CNIOR,VALLE,CVC - VALLE DEL CAUCA,2025-11-01,HISTORICO,False,29600125.0,25160106.25,4440018.75,85.0,15.0,Cubierta (85.0% Contratos / 15.0% Bolsa),30,986670.83,334.8672,21960000.0,1720000000.0,1118000000.0,13.7675,21.1808,12,21780000.0,2178000.0,345.0498,21600000.0,2196000.0,8.69e-06,0.0,187.8,187.8,172.78,25.86,8658.07,25.86,39.78,36.6,-3.18,3.18,8.0,ENDC,ENEL COLOMBIA S.A. E.S.P.,28794000000.0,0.0,0.03,0.1,0.92,0.025,False
CERC,CERC S.A. E.S.P.,CNIOR,ANTIOQUIA,EPM - ANTIOQUIA,2025-12-01,HISTORICO,False,29772218.75,25306385.94,4465832.81,85.0,15.0,Cubierta (85.0% Contratos / 15.0% Bolsa),30,992407.29,324.8067,30750000.0,1730000000.0,1124500000.0,13.7675,21.1808,12,30500000.0,3050000.0,334.8672,30250000.0,3075000.0,8.96e-06,0.0,271.0,271.0,249.32,37.31,12118.65,37.31,57.4,52.81,-4.59,4.59,8.0,ENDC,ENEL COLOMBIA S.A. E.S.P.,28794000000.0,0.0,0.03,0.1,0.92,0.025,False
CERC,CERC S.A. E.S.P.,CNIOR,BOGOTA,ENEL - BOGOTA CUNDINAMARCA,2025-12-01,HISTORICO,False,29772218.75,25306385.94,4465832.81,85.0,15.0,Cubierta (85.0% Contratos / 15.0% Bolsa),30,992407.29,324.8067,43050000.0,1730000000.0,1124500000.0,13.7675,21.1808,12,42700000.0,4270000.0,334.8672,42350000.0,4305000.0,8.96e-06,0.0,379.4,379.4,349.05,52.23,16966.1,52.23,80.36,73.93,-6.43,6.43,8.0,ENDC,ENEL COLOMBIA S.A. E.S.P.,28794000000.0,0.0,0.03,0.1,0.92,0.025,False
CERC,CERC S.A. E.S.P.,CNIOR,CARIBE_MAR,AFINIA - CARIBE MAR,2025-12-01,HISTORICO,False,29772218.75,25306385.94,4465832.81,85.0,15.0,Cubierta (85.0% Contratos / 15.0% Bolsa),30,992407.29,324.8067,34440000.0,1730000000.0,1124500000.0,13.7675,21.1808,12,34160000.0,3416000.0,334.8672,33880000.0,3444000.0,8.96e-06,0.0,303.52,303.52,279.24,41.79,13572.88,41.79,64.29,59.15,-5.14,5.14,8.0,ENDC,ENEL COLOMBIA S.A. E.S.P.,28794000000.0,0.0,0.03,0.1,0.92,0.025,False
CERC,CERC S.A. E.S.P.,CNIOR,CARIBE_SOL,AIR-E - CARIBE SOL,2025-12-01,HISTORICO,False,29772218.75,25306385.94,4465832.81,85.0,15.0,Cubierta (85.0% Contratos / 15.0% Bolsa),30,992407.29,324.8067,27060000.0,1730000000.0,1124500000.0,13.7675,21.1808,12,26840000.0,2684000.0,334.8672,26620000.0,2706000.0,8.96e-06,0.0,238.48,238.48,219.4,32.83,10664.41,32.83,50.51,46.47,-4.04,4.04,8.0,ENDC,ENEL COLOMBIA S.A. E.S.P.,28794000000.0,0.0,0.03,0.1,0.92,0.025,False
CERC,CERC S.A. E.S.P.,CNIOR,CUNDINAMARCA,EEC - CUNDINAMARCA,2025-12-01,HISTORICO,False,29772218.75,25306385.94,4465832.81,85.0,15.0,Cubierta (85.0% Contratos / 15.0% Bolsa),30,992407.29,324.8067,11070000.0,1730000000.0,1124500000.0,13.7675,21.1808,12,10980000.0,1098000.0,334.8672,10890000.0,1107000.0,8.96e-06,0.0,97.56,97.56,89.76,13.43,4362.71,13.43,20.66,19.01,-1.65,1.65,8.0,ENDC,ENEL COLOMBIA S.A. E.S.P.,28794000000.0,0.0,0.03,0.1,0.92,0.025,False
CERC,CERC S.A. E.S.P.,CNIOR,SANTANDER,ESSA - SANTANDER,2025-12-01,HISTORICO,False,29772218.75,25306385.94,4465832.81,85.0,15.0,Cubierta (85.0% Contratos / 15.0% Bolsa),30,992407.29,324.8067,17220000.0,1730000000.0,1124500000.0,13.7675,21.1808,12,17080000.0,1708000.0,334.8672,16940000.0,1722000.0,8.96e-06,0.0,151.76,151.76,139.62,20.89,6786.44,20.89,32.14,29.57,-2.57,2.57,8.0,ENDC,ENEL COLOMBIA S.A. E.S.P.,28794000000.0,0.0,0.03,0.1,0.92,0.025,False
CERC,CERC S.A. E.S.P.,CNIOR,TOLIMA,ELET - TOLIMA,2025-12-01,HISTORICO,False,29772218.75,25306385.94,4465832.81,85.0,15.0,Cubierta (85.0% Contratos / 15.0% Bolsa),30,992407.29,324.8067,9225000.0,1730000000.0,1124500000.0,13.7675,21.1808,12,9150000.0,915000.0,334.8672,9075000.0,922500.0,8.96e-06,0.0,81.3,81.3,74.8,11.19,3635.59,11.19,17.22,15.84,-1.38,1.38,8.0,ENDC,ENEL COLOMBIA S.A. E.S.P.,28794000000.0,0.0,0.03,0.1,0.92,0.025,False
CERC,CERC S.A. E.S.P.,CNIOR,VALLE,CVC - VALLE DEL CAUCA,2025-12-01,HISTORICO,False,29772218.75,25306385.94,4465832.81,85.0,15.0,Cubierta (85.0% Contratos / 15.0% Bolsa),30,992407.29,324.8067,22140000.0,1730000000.0,1124500000.0,13.7675,21.1808,12,21960000.0,2196000.0,334.8672,21780000.0,2214000.0,8.96e-06,0.0,195.12,195.12,179.51,26.86,8725.42,26.86,41.33,38.02,-3.31,3.31,8.0,ENDC,ENEL COLOMBIA S.A. E.S.P.,28794000000.0,0.0,0.03,0.1,0.92,0.025,False
CERC,CERC S.A. E.S.P.,CNIOR,ANTIOQUIA,EPM - ANTIOQUIA,2026-01-01,HISTORICO,False,29944312.5,25452665.62,4491646.88,85.0,15.0,Cubierta (85.0% Contratos / 15.0% Bolsa),30,998143.75,326.4163,31000000.0,1740000000.0,1131000000.0,13.7675,21.1808,12,30750000.0,3075000.0,324.8067,30500000.0,3100000.0,9.24e-06,0.0,281.71,281.71,259.17,38.78,12659.69,38.78,59.67,54.89,-4.77,4.77,8.0,ENDC,ENEL COLOMBIA S.A. E.S.P.,28794000000.0,0.0,0.03,0.1,0.92,0.025,False
CERC,CERC S.A. E.S.P.,CNIOR,BOGOTA,ENEL - BOGOTA CUNDINAMARCA,2026-01-01,HISTORICO,False,29944312.5,25452665.62,4491646.88,85.0,15.0,Cubierta (85.0% Contratos / 15.0% Bolsa),30,998143.75,326.4163,43400000.0,1740000000.0,1131000000.0,13.7675,21.1808,12,43050000.0,4305000.0,324.8067,42700000.0,4340000.0,9.24e-06,0.0,394.39,394.39,362.84,54.3,17723.56,54.3,83.53,76.85,-6.68,6.68,8.0,ENDC,ENEL COLOMBIA S.A. E.S.P.,28794000000.0,0.0,0.03,0.1,0.92,0.025,False
CERC,CERC S.A. E.S.P.,CNIOR,CARIBE_MAR,AFINIA - CARIBE MAR,2026-01-01,HISTORICO,False,29944312.5,25452665.62,4491646.88,85.0,15.0,Cubierta (85.0% Contratos / 15.0% Bolsa),30,998143.75,326.4163,34720000.0,1740000000.0,1131000000.0,13.7675,21.1808,12,34440000.0,3444000.0,324.8067,34160000.0,3472000.0,9.24e-06,0.0,315.51,315.51,290.27,43.44,14178.85,43.44,66.83,61.48,-5.35,5.35,8.0,ENDC,ENEL COLOMBIA S.A. E.S.P.,28794000000.0,0.0,0.03,0.1,0.92,0.025,False
CERC,CERC S.A. E.S.P.,CNIOR,CARIBE_SOL,AIR-E - CARIBE SOL,2026-01-01,HISTORICO,False,29944312.5,25452665.62,4491646.88,85.0,15.0,Cubierta (85.0% Contratos / 15.0% Bolsa),30,998143.75,326.4163,27280000.0,1740000000.0,1131000000.0,13.7675,21.1808,12,27060000.0,2706000.0,324.8067,26840000.0,2728000.0,9.24e-06,0.0,247.9,247.9,228.07,34.13,11140.53,34.13,52.51,48.31,-4.2,4.2,8.0,ENDC,ENEL COLOMBIA S.A. E.S.P.,28794000000.0,0.0,0.03,0.1,0.92,0.025,False
CERC,CERC S.A. E.S.P.,CNIOR,CUNDINAMARCA,EEC - CUNDINAMARCA,2026-01-01,HISTORICO,False,29944312.5,25452665.62,4491646.88,85.0,15.0,Cubierta (85.0% Contratos / 15.0% Bolsa),30,998143.75,326.4163,11160000.0,1740000000.0,1131000000.0,13.7675,21.1808,12,11070000.0,1107000.0,324.8067,10980000.0,1116000.0,9.24e-06,0.0,101.41,101.41,93.3,13.96,4557.49,13.96,21.48,19.76,-1.72,1.72,8.0,ENDC,ENEL COLOMBIA S.A. E.S.P.,28794000000.0,0.0,0.03,0.1,0.92,0.025,False
CERC,CERC S.A. E.S.P.,CNIOR,SANTANDER,ESSA - SANTANDER,2026-01-01,HISTORICO,False,29944312.5,25452665.62,4491646.88,85.0,15.0,Cubierta (85.0% Contratos / 15.0% Bolsa),30,998143.75,326.4163,17360000.0,1740000000.0,1131000000.0,13.7675,21.1808,12,17220000.0,1722000.0,324.8067,17080000.0,1736000.0,9.24e-06,0.0,157.76,157.76,145.13,21.72,7089.43,21.72,33.41,30.74,-2.67,2.67,8.0,ENDC,ENEL COLOMBIA S.A. E.S.P.,28794000000.0,0.0,0.03,0.1,0.92,0.025,False
CERC,CERC S.A. E.S.P.,CNIOR,TOLIMA,ELET - TOLIMA,2026-01-01,HISTORICO,False,29944312.5,25452665.62,4491646.88,85.0,15.0,Cubierta (85.0% Contratos / 15.0% Bolsa),30,998143.75,326.4163,9300000.0,1740000000.0,1131000000.0,13.7675,21.1808,12,9225000.0,922500.0,324.8067,9150000.0,930000.0,9.24e-06,0.0,84.51,84.51,77.75,11.64,3797.91,11.64,17.9,16.47,-1.43,1.43,8.0,ENDC,ENEL COLOMBIA S.A. E.S.P.,28794000000.0,0.0,0.03,0.1,0.92,0.025,False
CERC,CERC S.A. E.S.P.,CNIOR,VALLE,CVC - VALLE DEL CAUCA,2026-01-01,HISTORICO,False,29944312.5,25452665.62,4491646.88,85.0,15.0,Cubierta (85.0% Contratos / 15.0% Bolsa),30,998143.75,326.4163,22320000.0,1740000000.0,1131000000.0,13.7675,21.1808,12,22140000.0,2214000.0,324.8067,21960000.0,2232000.0,9.24e-06,0.0,202.83,202.83,186.6,27.92,9114.98,27.92,42.96,39.52,-3.44,3.44,8.0,ENDC,ENEL COLOMBIA S.A. E.S.P.,28794000000.0,0.0,0.03,0.1,0.92,0.025,False
CERC,CERC S.A. E.S.P.,CNIOR,ANTIOQUIA,EPM - ANTIOQUIA,2026-02-01,HISTORICO,False,30116406.25,25598945.31,4517460.94,85.0,15.0,Cubierta (85.0% Contratos / 15.0% Bolsa),30,1003880.21,340.5147,31250000.0,1750000000.0,1137500000.0,13.7675,21.1808,12,31000000.0,3100000.0,326.4163,30750000.0,3125000.0,9.19e-06,0.0,282.61,282.61,260.01,38.91,13249.07,38.91,59.86,55.07,-4.79,4.79,8.0,ENDC,ENEL COLOMBIA S.A. E.S.P.,28794000000.0,0.0,0.03,0.1,0.92,0.025,False
CERC,CERC S.A. E.S.P.,CNIOR,BOGOTA,ENEL - BOGOTA CUNDINAMARCA,2026-02-01,HISTORICO,False,30116406.25,25598945.31,4517460.94,85.0,15.0,Cubierta (85.0% Contratos / 15.0% Bolsa),30,1003880.21,340.5147,43750000.0,1750000000.0,1137500000.0,13.7675,21.1808,12,43400000.0,4340000.0,326.4163,43050000.0,4375000.0,9.19e-06,0.0,395.66,395.66,364.01,54.47,18548.7,54.47,83.8,77.1,-6.7,6.7,8.0,ENDC,ENEL COLOMBIA S.A. E.S.P.,28794000000.0,0.0,0.03,0.1,0.92,0.025,False
CERC,CERC S.A. E.S.P.,CNIOR,CARIBE_MAR,AFINIA - CARIBE MAR,2026-02-01,HISTORICO,False,30116406.25,25598945.31,4517460.94,85.0,15.0,Cubierta (85.0% Contratos / 15.0% Bolsa),30,1003880.21,340.5147,35000000.0,1750000000.0,1137500000.0,13.7675,21.1808,12,34720000.0,3472000.0,326.4163,34440000.0,3500000.0,9.19e-06,0.0,316.53,316.53,291.21,43.58,14838.96,43.58,67.04,61.68,-5.36,5.36,8.0,ENDC,ENEL COLOMBIA S.A. E.S.P.,28794000000.0,0.0,0.03,0.1,0.92,0.025,False
CERC,CERC S.A. E.S.P.,CNIOR,CARIBE_SOL,AIR-E - CARIBE SOL,2026-02-01,HISTORICO,False,30116406.25,25598945.31,4517460.94,85.0,15.0,Cubierta (85.0% Contratos / 15.0% Bolsa),30,1003880.21,340.5147,27500000.0,1750000000.0,1137500000.0,13.7675,21.1808,12,27280000.0,2728000.0,326.4163,27060000.0,2750000.0,9.19e-06,0.0,248.7,248.7,228.8,34.24,11659.18,34.24,52.68,48.46,-4.21,4.21,8.0,ENDC,ENEL COLOMBIA S.A. E.S.P.,28794000000.0,0.0,0.03,0.1,0.92,0.025,False
CERC,CERC S.A. E.S.P.,CNIOR,CUNDINAMARCA,EEC - CUNDINAMARCA,2026-02-01,HISTORICO,False,30116406.25,25598945.31,4517460.94,85.0,15.0,Cubierta (85.0% Contratos / 15.0% Bolsa),30,1003880.21,340.5147,11250000.0,1750000000.0,1137500000.0,13.7675,21.1808,12,11160000.0,1116000.0,326.4163,11070000.0,1125000.0,9.19e-06,0.0,101.74,101.74,93.6,14.01,4769.67,14.01,21.55,19.83,-1.72,1.72,8.0,ENDC,ENEL COLOMBIA S.A. E.S.P.,28794000000.0,0.0,0.03,0.1,0.92,0.025,False
CERC,CERC S.A. E.S.P.,CNIOR,SANTANDER,ESSA - SANTANDER,2026-02-01,HISTORICO,False,30116406.25,25598945.31,4517460.94,85.0,15.0,Cubierta (85.0% Contratos / 15.0% Bolsa),30,1003880.21,340.5147,17500000.0,1750000000.0,1137500000.0,13.7675,21.1808,12,17360000.0,1736000.0,326.4163,17220000.0,1750000.0,9.19e-06,0.0,158.26,158.26,145.6,21.79,7419.48,21.79,33.52,30.84,-2.68,2.68,8.0,ENDC,ENEL COLOMBIA S.A. E.S.P.,28794000000.0,0.0,0.03,0.1,0.92,0.025,False
CERC,CERC S.A. E.S.P.,CNIOR,TOLIMA,ELET - TOLIMA,2026-02-01,HISTORICO,False,30116406.25,25598945.31,4517460.94,85.0,15.0,Cubierta (85.0% Contratos / 15.0% Bolsa),30,1003880.21,340.5147,9375000.0,1750000000.0,1137500000.0,13.7675,21.1808,12,9300000.0,930000.0,326.4163,9225000.0,937500.0,9.19e-06,0.0,84.78,84.78,78.0,11.67,3974.72,11.67,17.96,16.52,-1.44,1.44,8.0,ENDC,ENEL COLOMBIA S.A. E.S.P.,28794000000.0,0.0,0.03,0.1,0.92,0.025,False
CERC,CERC S.A. E.S.P.,CNIOR,VALLE,CVC - VALLE DEL CAUCA,2026-02-01,HISTORICO,False,30116406.25,25598945.31,4517460.94,85.0,15.0,Cubierta (85.0% Contratos / 15.0% Bolsa),30,1003880.21,340.5147,22500000.0,1750000000.0,1137500000.0,13.7675,21.1808,12,22320000.0,2232000.0,326.4163,22140000.0,2250000.0,9.19e-06,0.0,203.48,203.48,187.2,28.01,9539.33,28.01,43.1,39.65,-3.45,3.45,8.0,ENDC,ENEL COLOMBIA S.A. E.S.P.,28794000000.0,0.0,0.03,0.1,0.92,0.025,False
CERC,CERC S.A. E.S.P.,CNIOR,ANTIOQUIA,EPM - ANTIOQUIA,2026-03-01,HISTORICO,False,30288500.0,25745225.0,4543275.0,85.0,15.0,Cubierta (85.0% Contratos / 15.0% Bolsa),30,1009616.67,356.4384,31500000.0,1760000000.0,1144000000.0,13.7675,21.1808,12,31250000.0,3125000.0,340.5147,31000000.0,3150000.0,8.81e-06,0.0,273.12,273.12,251.27,37.6,13402.53,37.6,57.85,53.22,-4.63,4.63,8.0,ENDC,ENEL COLOMBIA S.A. E.S.P.,28794000000.0,0.0,0.03,0.1,0.92,0.025,False
CERC,CERC S.A. E.S.P.,CNIOR,BOGOTA,ENEL - BOGOTA CUNDINAMARCA,2026-03-01,HISTORICO,False,30288500.0,25745225.0,4543275.0,85.0,15.0,Cubierta (85.0% Contratos / 15.0% Bolsa),30,1009616.67,356.4384,44100000.0,1760000000.0,1144000000.0,13.7675,21.1808,12,43750000.0,4375000.0,340.5147,43400000.0,4410000.0,8.81e-06,0.0,382.36,382.36,351.77,52.64,18763.54,52.64,80.99,74.51,-6.48,6.48,8.0,ENDC,ENEL COLOMBIA S.A. E.S.P.,28794000000.0,0.0,0.03,0.1,0.92,0.025,False
CERC,CERC S.A. E.S.P.,CNIOR,CARIBE_MAR,AFINIA - CARIBE MAR,2026-03-01,HISTORICO,False,30288500.0,25745225.0,4543275.0,85.0,15.0,Cubierta (85.0% Contratos / 15.0% Bolsa),30,1009616.67,356.4384,35280000.0,1760000000.0,1144000000.0,13.7675,21.1808,12,35000000.0,3500000.0,340.5147,34720000.0,3528000.0,8.81e-06,0.0,305.89,305.89,281.42,42.11,15010.83,42.11,64.79,59.61,-5.18,5.18,8.0,ENDC,ENEL COLOMBIA S.A. E.S.P.,28794000000.0,0.0,0.03,0.1,0.92,0.025,False
CERC,CERC S.A. E.S.P.,CNIOR,CARIBE_SOL,AIR-E - CARIBE SOL,2026-03-01,HISTORICO,False,30288500.0,25745225.0,4543275.0,85.0,15.0,Cubierta (85.0% Contratos / 15.0% Bolsa),30,1009616.67,356.4384,27720000.0,1760000000.0,1144000000.0,13.7675,21.1808,12,27500000.0,2750000.0,340.5147,27280000.0,2772000.0,8.81e-06,0.0,240.34,240.34,221.11,33.09,11794.22,33.09,50.91,46.83,-4.07,4.07,8.0,ENDC,ENEL COLOMBIA S.A. E.S.P.,28794000000.0,0.0,0.03,0.1,0.92,0.025,False
CERC,CERC S.A. E.S.P.,CNIOR,CUNDINAMARCA,EEC - CUNDINAMARCA,2026-03-01,HISTORICO,False,30288500.0,25745225.0,4543275.0,85.0,15.0,Cubierta (85.0% Contratos / 15.0% Bolsa),30,1009616.67,356.4384,11340000.0,1760000000.0,1144000000.0,13.7675,21.1808,12,11250000.0,1125000.0,340.5147,11160000.0,1134000.0,8.81e-06,0.0,98.32,98.32,90.46,13.54,4824.91,13.54,20.83,19.16,-1.67,1.67,8.0,ENDC,ENEL COLOMBIA S.A. E.S.P.,28794000000.0,0.0,0.03,0.1,0.92,0.025,False
CERC,CERC S.A. E.S.P.,CNIOR,SANTANDER,ESSA - SANTANDER,2026-03-01,HISTORICO,False,30288500.0,25745225.0,4543275.0,85.0,15.0,Cubierta (85.0% Contratos / 15.0% Bolsa),30,1009616.67,356.4384,17640000.0,1760000000.0,1144000000.0,13.7675,21.1808,12,17500000.0,1750000.0,340.5147,17360000.0,1764000.0,8.81e-06,0.0,152.94,152.94,140.71,21.06,7505.41,21.06,32.39,29.8,-2.59,2.59,8.0,ENDC,ENEL COLOMBIA S.A. E.S.P.,28794000000.0,0.0,0.03,0.1,0.92,0.025,False
CERC,CERC S.A. E.S.P.,CNIOR,TOLIMA,ELET - TOLIMA,2026-03-01,HISTORICO,False,30288500.0,25745225.0,4543275.0,85.0,15.0,Cubierta (85.0% Contratos / 15.0% Bolsa),30,1009616.67,356.4384,9450000.0,1760000000.0,1144000000.0,13.7675,21.1808,12,9375000.0,937500.0,340.5147,9300000.0,945000.0,8.81e-06,0.0,81.93,81.93,75.38,11.28,4020.76,11.28,17.35,15.97,-1.39,1.39,8.0,ENDC,ENEL COLOMBIA S.A. E.S.P.,28794000000.0,0.0,0.03,0.1,0.92,0.025,False
CERC,CERC S.A. E.S.P.,CNIOR,VALLE,CVC - VALLE DEL CAUCA,2026-03-01,HISTORICO,False,30288500.0,25745225.0,4543275.0,85.0,15.0,Cubierta (85.0% Contratos / 15.0% Bolsa),30,1009616.67,356.4384,22680000.0,1760000000.0,1144000000.0,13.7675,21.1808,12,22500000.0,2250000.0,340.5147,22320000.0,2268000.0,8.81e-06,0.0,196.64,196.64,180.91,27.07,9649.82,27.07,41.65,38.32,-3.33,3.33,8.0,ENDC,ENEL COLOMBIA S.A. E.S.P.,28794000000.0,0.0,0.03,0.1,0.92,0.025,False
CERC,CERC S.A. E.S.P.,CNIOR,ANTIOQUIA,EPM - ANTIOQUIA,2026-04-01,HISTORICO,False,30460593.75,25891504.69,4569089.06,85.0,15.0,Cubierta (85.0% Contratos / 15.0% Bolsa),30,1015353.12,361.8456,31750000.0,1770000000.0,1150500000.0,13.7675,21.1808,12,31500000.0,3150000.0,356.4384,31250000.0,3175000.0,8.42e-06,0.0,263.02,263.02,241.98,36.21,13102.83,36.21,55.71,51.25,-4.46,4.46,8.0,ENDC,ENEL COLOMBIA S.A. E.S.P.,28794000000.0,0.0,0.03,0.1,0.92,0.025,False
CERC,CERC S.A. E.S.P.,CNIOR,BOGOTA,ENEL - BOGOTA CUNDINAMARCA,2026-04-01,HISTORICO,False,30460593.75,25891504.69,4569089.06,85.0,15.0,Cubierta (85.0% Contratos / 15.0% Bolsa),30,1015353.12,361.8456,44450000.0,1770000000.0,1150500000.0,13.7675,21.1808,12,44100000.0,4410000.0,356.4384,43750000.0,4445000.0,8.42e-06,0.0,368.23,368.23,338.77,50.7,18343.96,50.7,77.99,71.75,-6.24,6.24,8.0,ENDC,ENEL COLOMBIA S.A. E.S.P.,28794000000.0,0.0,0.03,0.1,0.92,0.025,False
CERC,CERC S.A. E.S.P.,CNIOR,CARIBE_MAR,AFINIA - CARIBE MAR,2026-04-01,HISTORICO,False,30460593.75,25891504.69,4569089.06,85.0,15.0,Cubierta (85.0% Contratos / 15.0% Bolsa),30,1015353.12,361.8456,35560000.0,1770000000.0,1150500000.0,13.7675,21.1808,12,35280000.0,3528000.0,356.4384,35000000.0,3556000.0,8.42e-06,0.0,294.58,294.58,271.01,40.56,14675.17,40.56,62.39,57.4,-4.99,4.99,8.0,ENDC,ENEL COLOMBIA S.A. E.S.P.,28794000000.0,0.0,0.03,0.1,0.92,0.025,False
CERC,CERC S.A. E.S.P.,CNIOR,CARIBE_SOL,AIR-E - CARIBE SOL,2026-04-01,HISTORICO,False,30460593.75,25891504.69,4569089.06,85.0,15.0,Cubierta (85.0% Contratos / 15.0% Bolsa),30,1015353.12,361.8456,27940000.0,1770000000.0,1150500000.0,13.7675,21.1808,12,27720000.0,2772000.0,356.4384,27500000.0,2794000.0,8.42e-06,0.0,231.46,231.46,212.94,31.87,11530.49,31.87,49.02,45.1,-3.92,3.92,8.0,ENDC,ENEL COLOMBIA S.A. E.S.P.,28794000000.0,0.0,0.03,0.1,0.92,0.025,False
CERC,CERC S.A. E.S.P.,CNIOR,CUNDINAMARCA,EEC - CUNDINAMARCA,2026-04-01,HISTORICO,False,30460593.75,25891504.69,4569089.06,85.0,15.0,Cubierta (85.0% Contratos / 15.0% Bolsa),30,1015353.12,361.8456,11430000.0,1770000000.0,1150500000.0,13.7675,21.1808,12,11340000.0,1134000.0,356.4384,11250000.0,1143000.0,8.42e-06,0.0,94.69,94.69,87.11,13.04,4717.02,13.04,20.06,18.45,-1.6,1.6,8.0,ENDC,ENEL COLOMBIA S.A. E.S.P.,28794000000.0,0.0,0.03,0.1,0.92,0.025,False
CERC,CERC S.A. E.S.P.,CNIOR,SANTANDER,ESSA - SANTANDER,2026-04-01,HISTORICO,False,30460593.75,25891504.69,4569089.06,85.0,15.0,Cubierta (85.0% Contratos / 15.0% Bolsa),30,1015353.12,361.8456,17780000.0,1770000000.0,1150500000.0,13.7675,21.1808,12,17640000.0,1764000.0,356.4384,17500000.0,1778000.0,8.42e-06,0.0,147.29,147.29,135.51,20.28,7337.59,20.28,31.2,28.7,-2.5,2.5,8.0,ENDC,ENEL COLOMBIA S.A. E.S.P.,28794000000.0,0.0,0.03,0.1,0.92,0.025,False
CERC,CERC S.A. E.S.P.,CNIOR,TOLIMA,ELET - TOLIMA,2026-04-01,HISTORICO,False,30460593.75,25891504.69,4569089.06,85.0,15.0,Cubierta (85.0% Contratos / 15.0% Bolsa),30,1015353.12,361.8456,9525000.0,1770000000.0,1150500000.0,13.7675,21.1808,12,9450000.0,945000.0,356.4384,9375000.0,952500.0,8.42e-06,0.0,78.91,78.91,72.59,10.86,3930.85,10.86,16.71,15.38,-1.34,1.34,8.0,ENDC,ENEL COLOMBIA S.A. E.S.P.,28794000000.0,0.0,0.03,0.1,0.92,0.025,False
CERC,CERC S.A. E.S.P.,CNIOR,VALLE,CVC - VALLE DEL CAUCA,2026-04-01,HISTORICO,False,30460593.75,25891504.69,4569089.06,85.0,15.0,Cubierta (85.0% Contratos / 15.0% Bolsa),30,1015353.12,361.8456,22860000.0,1770000000.0,1150500000.0,13.7675,21.1808,12,22680000.0,2268000.0,356.4384,22500000.0,2286000.0,8.42e-06,0.0,189.37,189.37,174.22,26.07,9434.04,26.07,40.11,36.9,-3.21,3.21,8.0,ENDC,ENEL COLOMBIA S.A. E.S.P.,28794000000.0,0.0,0.03,0.1,0.92,0.025,False
CERC,CERC S.A. E.S.P.,CNIOR,ANTIOQUIA,EPM - ANTIOQUIA,2026-05-01,HISTORICO,False,30632687.5,26037784.38,4594903.13,85.0,15.0,Cubierta (85.0% Contratos / 15.0% Bolsa),30,1021089.58,354.0636,32000000.0,1780000000.0,1157000000.0,13.7675,21.1808,12,31750000.0,3175000.0,361.8456,31500000.0,3200000.0,8.29e-06,0.0,261.16,261.16,240.27,35.96,12730.48,35.96,55.32,50.89,-4.43,4.43,8.0,ENDC,ENEL COLOMBIA S.A. E.S.P.,28794000000.0,0.0,0.03,0.1,0.92,0.025,False
CERC,CERC S.A. E.S.P.,CNIOR,BOGOTA,ENEL - BOGOTA CUNDINAMARCA,2026-05-01,HISTORICO,False,30632687.5,26037784.38,4594903.13,85.0,15.0,Cubierta (85.0% Contratos / 15.0% Bolsa),30,1021089.58,354.0636,44800000.0,1780000000.0,1157000000.0,13.7675,21.1808,12,44450000.0,4445000.0,361.8456,44100000.0,4480000.0,8.29e-06,0.0,365.63,365.63,336.38,50.34,17822.68,50.34,77.44,71.25,-6.2,6.2,8.0,ENDC,ENEL COLOMBIA S.A. E.S.P.,28794000000.0,0.0,0.03,0.1,0.92,0.025,False
CERC,CERC S.A. E.S.P.,CNIOR,CARIBE_MAR,AFINIA - CARIBE MAR,2026-05-01,HISTORICO,False,30632687.5,26037784.38,4594903.13,85.0,15.0,Cubierta (85.0% Contratos / 15.0% Bolsa),30,1021089.58,354.0636,35840000.0,1780000000.0,1157000000.0,13.7675,21.1808,12,35560000.0,3556000.0,361.8456,35280000.0,3584000.0,8.29e-06,0.0,292.5,292.5,269.1,40.27,14258.14,40.27,61.95,57.0,-4.96,4.96,8.0,ENDC,ENEL COLOMBIA S.A. E.S.P.,28794000000.0,0.0,0.03,0.1,0.92,0.025,False
CERC,CERC S.A. E.S.P.,CNIOR,CARIBE_SOL,AIR-E - CARIBE SOL,2026-05-01,HISTORICO,False,30632687.5,26037784.38,4594903.13,85.0,15.0,Cubierta (85.0% Contratos / 15.0% Bolsa),30,1021089.58,354.0636,28160000.0,1780000000.0,1157000000.0,13.7675,21.1808,12,27940000.0,2794000.0,361.8456,27720000.0,2816000.0,8.29e-06,0.0,229.82,229.82,211.44,31.64,11202.82,31.64,48.68,44.78,-3.89,3.89,8.0,ENDC,ENEL COLOMBIA S.A. E.S.P.,28794000000.0,0.0,0.03,0.1,0.92,0.025,False
CERC,CERC S.A. E.S.P.,CNIOR,CUNDINAMARCA,EEC - CUNDINAMARCA,2026-05-01,HISTORICO,False,30632687.5,26037784.38,4594903.13,85.0,15.0,Cubierta (85.0% Contratos / 15.0% Bolsa),30,1021089.58,354.0636,11520000.0,1780000000.0,1157000000.0,13.7675,21.1808,12,11430000.0,1143000.0,361.8456,11340000.0,1152000.0,8.29e-06,0.0,94.02,94.02,86.5,12.94,4582.97,12.94,19.91,18.32,-1.59,1.59,8.0,ENDC,ENEL COLOMBIA S.A. E.S.P.,28794000000.0,0.0,0.03,0.1,0.92,0.025,False
CERC,CERC S.A. E.S.P.,CNIOR,SANTANDER,ESSA - SANTANDER,2026-05-01,HISTORICO,False,30632687.5,26037784.38,4594903.13,85.0,15.0,Cubierta (85.0% Contratos / 15.0% Bolsa),30,1021089.58,354.0636,17920000.0,1780000000.0,1157000000.0,13.7675,21.1808,12,17780000.0,1778000.0,361.8456,17640000.0,1792000.0,8.29e-06,0.0,146.25,146.25,134.55,20.13,7129.07,20.13,30.98,28.5,-2.48,2.48,8.0,ENDC,ENEL COLOMBIA S.A. E.S.P.,28794000000.0,0.0,0.03,0.1,0.92,0.025,False
CERC,CERC S.A. E.S.P.,CNIOR,TOLIMA,ELET - TOLIMA,2026-05-01,HISTORICO,False,30632687.5,26037784.38,4594903.13,85.0,15.0,Cubierta (85.0% Contratos / 15.0% Bolsa),30,1021089.58,354.0636,9600000.0,1780000000.0,1157000000.0,13.7675,21.1808,12,9525000.0,952500.0,361.8456,9450000.0,960000.0,8.29e-06,0.0,78.35,78.35,72.08,10.79,3819.14,10.79,16.59,15.27,-1.33,1.33,8.0,ENDC,ENEL COLOMBIA S.A. E.S.P.,28794000000.0,0.0,0.03,0.1,0.92,0.025,False
CERC,CERC S.A. E.S.P.,CNIOR,VALLE,CVC - VALLE DEL CAUCA,2026-05-01,HISTORICO,False,30632687.5,26037784.38,4594903.13,85.0,15.0,Cubierta (85.0% Contratos / 15.0% Bolsa),30,1021089.58,354.0636,23040000.0,1780000000.0,1157000000.0,13.7675,21.1808,12,22860000.0,2286000.0,361.8456,22680000.0,2304000.0,8.29e-06,0.0,188.04,188.04,172.99,25.89,9165.95,25.89,39.83,36.64,-3.19,3.19,8.0,ENDC,ENEL COLOMBIA S.A. E.S.P.,28794000000.0,0.0,0.03,0.1,0.92,0.025,False
CERC,CERC S.A. E.S.P.,CNIOR,ANTIOQUIA,EPM - ANTIOQUIA,2026-06-01,HISTORICO,False,30804781.25,26184064.06,4620717.19,85.0,15.0,Cubierta (85.0% Contratos / 15.0% Bolsa),30,1026826.04,342.5455,32250000.0,1790000000.0,1163500000.0,13.7675,21.1808,12,32000000.0,3200000.0,354.0636,31750000.0,3225000.0,8.47e-06,0.0,269.02,269.02,247.5,37.04,12686.94,37.04,56.98,52.42,-4.56,4.56,8.0,ENDC,ENEL COLOMBIA S.A. E.S.P.,28794000000.0,0.0,0.03,0.1,0.92,0.025,False
CERC,CERC S.A. E.S.P.,CNIOR,BOGOTA,ENEL - BOGOTA CUNDINAMARCA,2026-06-01,HISTORICO,False,30804781.25,26184064.06,4620717.19,85.0,15.0,Cubierta (85.0% Contratos / 15.0% Bolsa),30,1026826.04,342.5455,45150000.0,1790000000.0,1163500000.0,13.7675,21.1808,12,44800000.0,4480000.0,354.0636,44450000.0,4515000.0,8.47e-06,0.0,376.63,376.63,346.5,51.85,17761.72,51.85,79.77,73.39,-6.38,6.38,8.0,ENDC,ENEL COLOMBIA S.A. E.S.P.,28794000000.0,0.0,0.03,0.1,0.92,0.025,False
CERC,CERC S.A. E.S.P.,CNIOR,CARIBE_MAR,AFINIA - CARIBE MAR,2026-06-01,HISTORICO,False,30804781.25,26184064.06,4620717.19,85.0,15.0,Cubierta (85.0% Contratos / 15.0% Bolsa),30,1026826.04,342.5455,36120000.0,1790000000.0,1163500000.0,13.7675,21.1808,12,35840000.0,3584000.0,354.0636,35560000.0,3612000.0,8.47e-06,0.0,301.3,301.3,277.2,41.48,14209.38,41.48,63.82,58.71,-5.11,5.11,8.0,ENDC,ENEL COLOMBIA S.A. E.S.P.,28794000000.0,0.0,0.03,0.1,0.92,0.025,False
CERC,CERC S.A. E.S.P.,CNIOR,CARIBE_SOL,AIR-E - CARIBE SOL,2026-06-01,HISTORICO,False,30804781.25,26184064.06,4620717.19,85.0,15.0,Cubierta (85.0% Contratos / 15.0% Bolsa),30,1026826.04,342.5455,28380000.0,1790000000.0,1163500000.0,13.7675,21.1808,12,28160000.0,2816000.0,354.0636,27940000.0,2838000.0,8.47e-06,0.0,236.74,236.74,217.8,32.59,11164.51,32.59,50.14,46.13,-4.01,4.01,8.0,ENDC,ENEL COLOMBIA S.A. E.S.P.,28794000000.0,0.0,0.03,0.1,0.92,0.025,False
CERC,CERC S.A. E.S.P.,CNIOR,CUNDINAMARCA,EEC - CUNDINAMARCA,2026-06-01,HISTORICO,False,30804781.25,26184064.06,4620717.19,85.0,15.0,Cubierta (85.0% Contratos / 15.0% Bolsa),30,1026826.04,342.5455,11610000.0,1790000000.0,1163500000.0,13.7675,21.1808,12,11520000.0,1152000.0,354.0636,11430000.0,1161000.0,8.47e-06,0.0,96.85,96.85,89.1,13.33,4567.3,13.33,20.51,18.87,-1.64,1.64,8.0,ENDC,ENEL COLOMBIA S.A. E.S.P.,28794000000.0,0.0,0.03,0.1,0.92,0.025,False
CERC,CERC S.A. E.S.P.,CNIOR,SANTANDER,ESSA - SANTANDER,2026-06-01,HISTORICO,False,30804781.25,26184064.06,4620717.19,85.0,15.0,Cubierta (85.0% Contratos / 15.0% Bolsa),30,1026826.04,342.5455,18060000.0,1790000000.0,1163500000.0,13.7675,21.1808,12,17920000.0,1792000.0,354.0636,17780000.0,1806000.0,8.47e-06,0.0,150.65,150.65,138.6,20.74,7104.69,20.74,31.91,29.36,-2.55,2.55,8.0,ENDC,ENEL COLOMBIA S.A. E.S.P.,28794000000.0,0.0,0.03,0.1,0.92,0.025,False
CERC,CERC S.A. E.S.P.,CNIOR,TOLIMA,ELET - TOLIMA,2026-06-01,HISTORICO,False,30804781.25,26184064.06,4620717.19,85.0,15.0,Cubierta (85.0% Contratos / 15.0% Bolsa),30,1026826.04,342.5455,9675000.0,1790000000.0,1163500000.0,13.7675,21.1808,12,9600000.0,960000.0,354.0636,9525000.0,967500.0,8.47e-06,0.0,80.71,80.71,74.25,11.11,3806.08,11.11,17.09,15.73,-1.37,1.37,8.0,ENDC,ENEL COLOMBIA S.A. E.S.P.,28794000000.0,0.0,0.03,0.1,0.92,0.025,False
CERC,CERC S.A. E.S.P.,CNIOR,VALLE,CVC - VALLE DEL CAUCA,2026-06-01,HISTORICO,False,30804781.25,26184064.06,4620717.19,85.0,15.0,Cubierta (85.0% Contratos / 15.0% Bolsa),30,1026826.04,342.5455,23220000.0,1790000000.0,1163500000.0,13.7675,21.1808,12,23040000.0,2304000.0,354.0636,22860000.0,2322000.0,8.47e-06,0.0,193.69,193.69,178.2,26.67,9134.6,26.67,41.03,37.74,-3.28,3.28,8.0,ENDC,ENEL COLOMBIA S.A. E.S.P.,28794000000.0,0.0,0.03,0.1,0.92,0.025,False
CERC,CERC S.A. E.S.P.,CNIOR,ANTIOQUIA,EPM - ANTIOQUIA,2026-07-01,HISTORICO,False,30976875.0,26330343.75,4646531.25,85.0,15.0,Cubierta (85.0% Contratos / 15.0% Bolsa),30,1032562.5,340.1795,32500000.0,1800000000.0,1170000000.0,13.7675,21.1808,12,32250000.0,3225000.0,342.5455,32000000.0,3250000.0,8.76e-06,0.0,280.25,280.25,257.83,38.58,13125.51,38.58,59.36,54.61,-4.75,4.75,8.0,ENDC,ENEL COLOMBIA S.A. E.S.P.,28794000000.0,0.0,0.03,0.1,0.92,0.025,False
CERC,CERC S.A. E.S.P.,CNIOR,BOGOTA,ENEL - BOGOTA CUNDINAMARCA,2026-07-01,HISTORICO,False,30976875.0,26330343.75,4646531.25,85.0,15.0,Cubierta (85.0% Contratos / 15.0% Bolsa),30,1032562.5,340.1795,45500000.0,1800000000.0,1170000000.0,13.7675,21.1808,12,45150000.0,4515000.0,342.5455,44800000.0,4550000.0,8.76e-06,0.0,392.36,392.36,360.97,54.02,18375.71,54.02,83.1,76.46,-6.65,6.65,8.0,ENDC,ENEL COLOMBIA S.A. E.S.P.,28794000000.0,0.0,0.03,0.1,0.92,0.025,False
CERC,CERC S.A. E.S.P.,CNIOR,CARIBE_MAR,AFINIA - CARIBE MAR,2026-07-01,HISTORICO,False,30976875.0,26330343.75,4646531.25,85.0,15.0,Cubierta (85.0% Contratos / 15.0% Bolsa),30,1032562.5,340.1795,36400000.0,1800000000.0,1170000000.0,13.7675,21.1808,12,36120000.0,3612000.0,342.5455,35840000.0,3640000.0,8.76e-06,0.0,313.89,313.89,288.77,43.21,14700.57,43.21,66.48,61.16,-5.32,5.32,8.0,ENDC,ENEL COLOMBIA S.A. E.S.P.,28794000000.0,0.0,0.03,0.1,0.92,0.025,False
CERC,CERC S.A. E.S.P.,CNIOR,CARIBE_SOL,AIR-E - CARIBE SOL,2026-07-01,HISTORICO,False,30976875.0,26330343.75,4646531.25,85.0,15.0,Cubierta (85.0% Contratos / 15.0% Bolsa),30,1032562.5,340.1795,28600000.0,1800000000.0,1170000000.0,13.7675,21.1808,12,28380000.0,2838000.0,342.5455,28160000.0,2860000.0,8.76e-06,0.0,246.62,246.62,226.89,33.95,11550.45,33.95,52.24,48.06,-4.18,4.18,8.0,ENDC,ENEL COLOMBIA S.A. E.S.P.,28794000000.0,0.0,0.03,0.1,0.92,0.025,False
CERC,CERC S.A. E.S.P.,CNIOR,CUNDINAMARCA,EEC - CUNDINAMARCA,2026-07-01,HISTORICO,False,30976875.0,26330343.75,4646531.25,85.0,15.0,Cubierta (85.0% Contratos / 15.0% Bolsa),30,1032562.5,340.1795,11700000.0,1800000000.0,1170000000.0,13.7675,21.1808,12,11610000.0,1161000.0,342.5455,11520000.0,1170000.0,8.76e-06,0.0,100.89,100.89,92.82,13.89,4725.18,13.89,21.37,19.66,-1.71,1.71,8.0,ENDC,ENEL COLOMBIA S.A. E.S.P.,28794000000.0,0.0,0.03,0.1,0.92,0.025,False
CERC,CERC S.A. E.S.P.,CNIOR,SANTANDER,ESSA - SANTANDER,2026-07-01,HISTORICO,False,30976875.0,26330343.75,4646531.25,85.0,15.0,Cubierta (85.0% Contratos / 15.0% Bolsa),30,1032562.5,340.1795,18200000.0,1800000000.0,1170000000.0,13.7675,21.1808,12,18060000.0,1806000.0,342.5455,17920000.0,1820000.0,8.76e-06,0.0,156.94,156.94,144.39,21.61,7350.29,21.61,33.24,30.58,-2.66,2.66,8.0,ENDC,ENEL COLOMBIA S.A. E.S.P.,28794000000.0,0.0,0.03,0.1,0.92,0.025,False
CERC,CERC S.A. E.S.P.,CNIOR,TOLIMA,ELET - TOLIMA,2026-07-01,HISTORICO,False,30976875.0,26330343.75,4646531.25,85.0,15.0,Cubierta (85.0% Contratos / 15.0% Bolsa),30,1032562.5,340.1795,9750000.0,1800000000.0,1170000000.0,13.7675,21.1808,12,9675000.0,967500.0,342.5455,9600000.0,975000.0,8.76e-06,0.0,84.08,84.08,77.35,11.58,3937.65,11.58,17.81,16.38,-1.42,1.42,8.0,ENDC,ENEL COLOMBIA S.A. E.S.P.,28794000000.0,0.0,0.03,0.1,0.92,0.025,False
CERC,CERC S.A. E.S.P.,CNIOR,VALLE,CVC - VALLE DEL CAUCA,2026-07-01,HISTORICO,False,30976875.0,26330343.75,4646531.25,85.0,15.0,Cubierta (85.0% Contratos / 15.0% Bolsa),30,1032562.5,340.1795,23400000.0,1800000000.0,1170000000.0,13.7675,21.1808,12,23220000.0,2322000.0,342.5455,23040000.0,2340000.0,8.76e-06,0.0,201.78,201.78,185.64,27.78,9450.37,27.78,42.74,39.32,-3.42,3.42,8.0,ENDC,ENEL COLOMBIA S.A. E.S.P.,28794000000.0,0.0,0.03,0.1,0.92,0.025,False
CERC,CERC S.A. E.S.P.,CNIOR,ANTIOQUIA,EPM - ANTIOQUIA,2026-08-01,HISTORICO,False,31148968.75,26476623.44,4672345.31,85.0,15.0,Cubierta (85.0% Contratos / 15.0% Bolsa),30,1038298.96,351.4394,32750000.0,1810000000.0,1176500000.0,13.7675,21.1808,12,32500000.0,3250000.0,340.1795,32250000.0,3275000.0,8.82e-06,0.0,284.41,284.41,261.66,39.16,13760.95,39.16,60.24,55.42,-4.82,4.82,8.0,ENDC,ENEL COLOMBIA S.A. E.S.P.,28794000000.0,0.0,0.03,0.1,0.92,0.025,False
CERC,CERC S.A. E.S.P.,CNIOR,ANTIOQUIA,EPM - ANTIOQUIA,2026-08-01,FORECAST,True,1508217.38,1281984.78,226232.61,85.0,15.0,Cubierta (85.0% Contratos / 15.0% Bolsa),30,50273.91,363.9117,111961864.46,708036943.52,460224013.29,0.213,0.3277,12,109722627.17,10972262.72,360.2726,107483389.88,11196186.45,1.05e-05,0.0,226232.61,126659154.16,116526421.83,4524.65,1646569.0,1646569.0,2533183.08,2330528.44,-202654.65,202654.65,8.0,ENDC,ENEL COLOMBIA S.A. E.S.P.,28794000000.0,0.0,0.03,0.1,0.92,0.025,False
CERC,CERC S.A. E.S.P.,CNIOR,BOGOTA,ENEL - BOGOTA CUNDINAMARCA,2026-08-01,HISTORICO,False,31148968.75,26476623.44,4672345.31,85.0,15.0,Cubierta (85.0% Contratos / 15.0% Bolsa),30,1038298.96,351.4394,45850000.0,1810000000.0,1176500000.0,13.7675,21.1808,12,45500000.0,4550000.0,340.1795,45150000.0,4585000.0,8.82e-06,0.0,398.17,398.17,366.32,54.82,19265.33,54.82,84.34,77.59,-6.75,6.75,8.0,ENDC,ENEL COLOMBIA S.A. E.S.P.,28794000000.0,0.0,0.03,0.1,0.92,0.025,False
CERC,CERC S.A. E.S.P.,CNIOR,BOGOTA,ENEL - BOGOTA CUNDINAMARCA,2026-08-01,FORECAST,True,1508217.38,1281984.78,226232.61,85.0,15.0,Cubierta (85.0% Contratos / 15.0% Bolsa),30,50273.91,363.9117,155920061.85,708036943.52,460224013.29,0.213,0.3277,12,152801660.61,15280166.06,360.2726,149683259.38,15592006.19,1.05e-05,0.0,226232.61,126659154.16,116526421.83,4524.65,1646569.0,1646569.0,2533183.08,2330528.44,-202654.65,202654.65,8.0,ENDC,ENEL COLOMBIA S.A. E.S.P.,28794000000.0,0.0,0.03,0.1,0.92,0.025,False
CERC,CERC S.A. E.S.P.,CNIOR,CARIBE_MAR,AFINIA - CARIBE MAR,2026-08-01,HISTORICO,False,31148968.75,26476623.44,4672345.31,85.0,15.0,Cubierta (85.0% Contratos / 15.0% Bolsa),30,1038298.96,351.4394,36680000.0,1810000000.0,1176500000.0,13.7675,21.1808,12,36400000.0,3640000.0,340.1795,36120000.0,3668000.0,8.82e-06,0.0,318.54,318.54,293.05,43.85,15412.26,43.85,67.47,62.07,-5.4,5.4,8.0,ENDC,ENEL COLOMBIA S.A. E.S.P.,28794000000.0,0.0,0.03,0.1,0.92,0.025,False
CERC,CERC S.A. E.S.P.,CNIOR,CARIBE_MAR,AFINIA - CARIBE MAR,2026-08-01,FORECAST,True,1508217.38,1281984.78,226232.61,85.0,15.0,Cubierta (85.0% Contratos / 15.0% Bolsa),30,50273.91,363.9117,124964735.67,708036943.52,460224013.29,0.213,0.3277,12,122465440.96,12246544.1,360.2726,119966146.24,12496473.57,1.05e-05,0.0,226232.61,126659154.16,116526421.83,4524.65,1646569.0,1646569.0,2533183.08,2330528.44,-202654.65,202654.65,8.0,ENDC,ENEL COLOMBIA S.A. E.S.P.,28794000000.0,0.0,0.03,0.1,0.92,0.025,False
CERC,CERC S.A. E.S.P.,CNIOR,CARIBE_SOL,AIR-E - CARIBE SOL,2026-08-01,HISTORICO,False,31148968.75,26476623.44,4672345.31,85.0,15.0,Cubierta (85.0% Contratos / 15.0% Bolsa),30,1038298.96,351.4394,28820000.0,1810000000.0,1176500000.0,13.7675,21.1808,12,28600000.0,2860000.0,340.1795,28380000.0,2882000.0,8.82e-06,0.0,250.28,250.28,230.26,34.46,12109.63,34.46,53.01,48.77,-4.24,4.24,8.0,ENDC,ENEL COLOMBIA S.A. E.S.P.,28794000000.0,0.0,0.03,0.1,0.92,0.025,False
CERC,CERC S.A. E.S.P.,CNIOR,CARIBE_SOL,AIR-E - CARIBE SOL,2026-08-01,FORECAST,True,1508217.38,1281984.78,226232.61,85.0,15.0,Cubierta (85.0% Contratos / 15.0% Bolsa),30,50273.91,363.9117,98874778.58,708036943.52,460224013.29,0.213,0.3277,12,96897283.01,9689728.3,360.2726,94919787.44,9887477.86,1.05e-05,0.0,226232.61,126659154.16,116526421.83,4524.65,1646569.0,1646569.0,2533183.08,2330528.44,-202654.65,202654.65,8.0,ENDC,ENEL COLOMBIA S.A. E.S.P.,28794000000.0,0.0,0.03,0.1,0.92,0.025,False
CERC,CERC S.A. E.S.P.,CNIOR,CUNDINAMARCA,EEC - CUNDINAMARCA,2026-08-01,HISTORICO,False,31148968.75,26476623.44,4672345.31,85.0,15.0,Cubierta (85.0% Contratos / 15.0% Bolsa),30,1038298.96,351.4394,11790000.0,1810000000.0,1176500000.0,13.7675,21.1808,12,11700000.0,1170000.0,340.1795,11610000.0,1179000.0,8.82e-06,0.0,102.39,102.39,94.2,14.1,4953.94,14.1,21.69,19.95,-1.73,1.73,8.0,ENDC,ENEL COLOMBIA S.A. E.S.P.,28794000000.0,0.0,0.03,0.1,0.92,0.025,False
CERC,CERC S.A. E.S.P.,CNIOR,CUNDINAMARCA,EEC - CUNDINAMARCA,2026-08-01,FORECAST,True,1508217.38,1281984.78,226232.61,85.0,15.0,Cubierta (85.0% Contratos / 15.0% Bolsa),30,50273.91,363.9117,40298530.27,708036943.52,460224013.29,0.213,0.3277,12,39492559.66,3949255.97,360.2726,38686589.06,4029853.03,1.05e-05,0.0,226232.61,126659154.16,116526421.83,4524.65,1646569.0,1646569.0,2533183.08,2330528.44,-202654.65,202654.65,8.0,ENDC,ENEL COLOMBIA S.A. E.S.P.,28794000000.0,0.0,0.03,0.1,0.92,0.025,False
CERC,CERC S.A. E.S.P.,CNIOR,SANTANDER,ESSA - SANTANDER,2026-08-01,HISTORICO,False,31148968.75,26476623.44,4672345.31,85.0,15.0,Cubierta (85.0% Contratos / 15.0% Bolsa),30,1038298.96,351.4394,18340000.0,1810000000.0,1176500000.0,13.7675,21.1808,12,18200000.0,1820000.0,340.1795,18060000.0,1834000.0,8.82e-06,0.0,159.27,159.27,146.53,21.93,7706.13,21.93,33.73,31.04,-2.7,2.7,8.0,ENDC,ENEL COLOMBIA S.A. E.S.P.,28794000000.0,0.0,0.03,0.1,0.92,0.025,False
CERC,CERC S.A. E.S.P.,CNIOR,SANTANDER,ESSA - SANTANDER,2026-08-01,FORECAST,True,1508217.38,1281984.78,226232.61,85.0,15.0,Cubierta (85.0% Contratos / 15.0% Bolsa),30,50273.91,363.9117,62896474.48,708036943.52,460224013.29,0.213,0.3277,12,61638544.99,6163854.5,360.2726,60380615.5,6289647.45,1.05e-05,0.0,226232.61,126659154.16,116526421.83,4524.65,1646569.0,1646569.0,2533183.08,2330528.44,-202654.65,202654.65,8.0,ENDC,ENEL COLOMBIA S.A. E.S.P.,28794000000.0,0.0,0.03,0.1,0.92,0.025,False
CERC,CERC S.A. E.S.P.,CNIOR,TOLIMA,ELET - TOLIMA,2026-08-01,HISTORICO,False,31148968.75,26476623.44,4672345.31,85.0,15.0,Cubierta (85.0% Contratos / 15.0% Bolsa),30,1038298.96,351.4394,9825000.0,1810000000.0,1176500000.0,13.7675,21.1808,12,9750000.0,975000.0,340.1795,9675000.0,982500.0,8.82e-06,0.0,85.32,85.32,78.5,11.75,4128.28,11.75,18.07,16.63,-1.45,1.45,8.0,ENDC,ENEL COLOMBIA S.A. E.S.P.,28794000000.0,0.0,0.03,0.1,0.92,0.025,False
CERC,CERC S.A. E.S.P.,CNIOR,TOLIMA,ELET - TOLIMA,2026-08-01,FORECAST,True,1508217.38,1281984.78,226232.61,85.0,15.0,Cubierta (85.0% Contratos / 15.0% Bolsa),30,50273.91,363.9117,33399053.79,708036943.52,460224013.29,0.213,0.3277,12,32731072.71,3273107.27,360.2726,32063091.64,3339905.38,1.05e-05,0.0,226232.61,126659154.16,116526421.83,4524.65,1646569.0,1646569.0,2533183.08,2330528.44,-202654.65,202654.65,8.0,ENDC,ENEL COLOMBIA S.A. E.S.P.,28794000000.0,0.0,0.03,0.1,0.92,0.025,False
CERC,CERC S.A. E.S.P.,CNIOR,VALLE,CVC - VALLE DEL CAUCA,2026-08-01,HISTORICO,False,31148968.75,26476623.44,4672345.31,85.0,15.0,Cubierta (85.0% Contratos / 15.0% Bolsa),30,1038298.96,351.4394,23580000.0,1810000000.0,1176500000.0,13.7675,21.1808,12,23400000.0,2340000.0,340.1795,23220000.0,2358000.0,8.82e-06,0.0,204.77,204.77,188.39,28.19,9907.88,28.19,43.37,39.9,-3.47,3.47,8.0,ENDC,ENEL COLOMBIA S.A. E.S.P.,28794000000.0,0.0,0.03,0.1,0.92,0.025,False
CERC,CERC S.A. E.S.P.,CNIOR,VALLE,CVC - VALLE DEL CAUCA,2026-08-01,FORECAST,True,1508217.38,1281984.78,226232.61,85.0,15.0,Cubierta (85.0% Contratos / 15.0% Bolsa),30,50273.91,363.9117,79721444.42,708036943.52,460224013.29,0.213,0.3277,12,78127015.53,7812701.55,360.2726,76532586.64,7972144.44,1.05e-05,0.0,226232.61,126659154.16,116526421.83,4524.65,1646569.0,1646569.0,2533183.08,2330528.44,-202654.65,202654.65,8.0,ENDC,ENEL COLOMBIA S.A. E.S.P.,28794000000.0,0.0,0.03,0.1,0.92,0.025,False
CERC,CERC S.A. E.S.P.,CNIOR,ANTIOQUIA,EPM - ANTIOQUIA,2026-09-01,HISTORICO,False,31321062.5,26622903.12,4698159.38,85.0,15.0,Cubierta (85.0% Contratos / 15.0% Bolsa),30,1044035.42,368.2714,33000000.0,1820000000.0,1183000000.0,13.7675,21.1808,12,32750000.0,3275000.0,351.4394,32500000.0,3300000.0,8.54e-06,0.0,277.43,277.43,255.24,38.2,14066.21,38.2,58.76,54.06,-4.7,4.7,8.0,ENDC,ENEL COLOMBIA S.A. E.S.P.,28794000000.0,0.0,0.03,0.1,0.92,0.025,False
CERC,CERC S.A. E.S.P.,CNIOR,ANTIOQUIA,EPM - ANTIOQUIA,2026-09-01,FORECAST,True,12237241.1,10401654.93,1835586.16,85.0,15.0,Cubierta (85.0% Contratos / 15.0% Bolsa),30,407908.04,366.3732,873645025.64,5535859159.05,3598308453.4,0.2211,0.3401,12,856172125.13,85617212.51,362.7095,838699224.61,87364502.56,1.05e-05,0.0,1835586.16,1034599497.13,951831537.36,36711.72,13449793.46,13449793.46,20691989.94,19036630.75,-1655359.2,1655359.2,8.0,ENDC,ENEL COLOMBIA S.A. E.S.P.,28794000000.0,0.0,0.03,0.1,0.92,0.025,False
CERC,CERC S.A. E.S.P.,CNIOR,BOGOTA,ENEL - BOGOTA CUNDINAMARCA,2026-09-01,HISTORICO,False,31321062.5,26622903.12,4698159.38,85.0,15.0,Cubierta (85.0% Contratos / 15.0% Bolsa),30,1044035.42,368.2714,46200000.0,1820000000.0,1183000000.0,13.7675,21.1808,12,45850000.0,4585000.0,351.4394,45500000.0,4620000.0,8.54e-06,0.0,388.4,388.4,357.33,53.47,19692.7,53.47,82.27,75.69,-6.58,6.58,8.0,ENDC,ENEL COLOMBIA S.A. E.S.P.,28794000000.0,0.0,0.03,0.1,0.92,0.025,False
CERC,CERC S.A. E.S.P.,CNIOR,BOGOTA,ENEL - BOGOTA CUNDINAMARCA,2026-09-01,FORECAST,True,12237241.1,10401654.93,1835586.16,85.0,15.0,Cubierta (85.0% Contratos / 15.0% Bolsa),30,407908.04,366.3732,1220976507.8,5535859159.05,3598308453.4,0.2211,0.3401,12,1196556977.64,119655697.76,362.7095,1172137447.49,122097650.78,1.05e-05,0.0,1835586.16,1034599497.13,951831537.36,36711.72,13449793.46,13449793.46,20691989.94,19036630.75,-1655359.2,1655359.2,8.0,ENDC,ENEL COLOMBIA S.A. E.S.P.,28794000000.0,0.0,0.03,0.1,0.92,0.025,False
CERC,CERC S.A. E.S.P.,CNIOR,CARIBE_MAR,AFINIA - CARIBE MAR,2026-09-01,HISTORICO,False,31321062.5,26622903.12,4698159.38,85.0,15.0,Cubierta (85.0% Contratos / 15.0% Bolsa),30,1044035.42,368.2714,36960000.0,1820000000.0,1183000000.0,13.7675,21.1808,12,36680000.0,3668000.0,351.4394,36400000.0,3696000.0,8.54e-06,0.0,310.72,310.72,285.86,42.78,15754.16,42.78,65.81,60.55,-5.27,5.27,8.0,ENDC,ENEL COLOMBIA S.A. E.S.P.,28794000000.0,0.0,0.03,0.1,0.92,0.025,False
CERC,CERC S.A. E.S.P.,CNIOR,CARIBE_MAR,AFINIA - CARIBE MAR,2026-09-01,FORECAST,True,12237241.1,10401654.93,1835586.16,85.0,15.0,Cubierta (85.0% Contratos / 15.0% Bolsa),30,407908.04,366.3732,978721030.14,5535859159.05,3598308453.4,0.2211,0.3401,12,959146609.54,95914660.95,362.7095,939572188.93,97872103.01,1.05e-05,0.0,1835586.16,1034599497.13,951831537.36,36711.72,13449793.46,13449793.46,20691989.94,19036630.75,-1655359.2,1655359.2,8.0,ENDC,ENEL COLOMBIA S.A. E.S.P.,28794000000.0,0.0,0.03,0.1,0.92,0.025,False
CERC,CERC S.A. E.S.P.,CNIOR,CARIBE_SOL,AIR-E - CARIBE SOL,2026-09-01,HISTORICO,False,31321062.5,26622903.12,4698159.38,85.0,15.0,Cubierta (85.0% Contratos / 15.0% Bolsa),30,1044035.42,368.2714,29040000.0,1820000000.0,1183000000.0,13.7675,21.1808,12,28820000.0,2882000.0,351.4394,28600000.0,2904000.0,8.54e-06,0.0,244.14,244.14,224.61,33.61,12378.27,33.61,51.71,47.57,-4.14,4.14,8.0,ENDC,ENEL COLOMBIA S.A. E.S.P.,28794000000.0,0.0,0.03,0.1,0.92,0.025,False
CERC,CERC S.A. E.S.P.,CNIOR,CARIBE_SOL,AIR-E - CARIBE SOL,2026-09-01,FORECAST,True,12237241.1,10401654.93,1835586.16,85.0,15.0,Cubierta (85.0% Contratos / 15.0% Bolsa),30,407908.04,366.3732,768511540.06,5535859159.05,3598308453.4,0.2211,0.3401,12,753141309.26,75314130.93,362.7095,737771078.46,76851154.01,1.05e-05,0.0,1835586.16,1034599497.13,951831537.36,36711.72,13449793.46,13449793.46,20691989.94,19036630.75,-1655359.2,1655359.2,8.0,ENDC,ENEL COLOMBIA S.A. E.S.P.,28794000000.0,0.0,0.03,0.1,0.92,0.025,False
CERC,CERC S.A. E.S.P.,CNIOR,CUNDINAMARCA,EEC - CUNDINAMARCA,2026-09-01,HISTORICO,False,31321062.5,26622903.12,4698159.38,85.0,15.0,Cubierta (85.0% Contratos / 15.0% Bolsa),30,1044035.42,368.2714,11880000.0,1820000000.0,1183000000.0,13.7675,21.1808,12,11790000.0,1179000.0,351.4394,11700000.0,1188000.0,8.54e-06,0.0,99.87,99.87,91.88,13.75,5063.84,13.75,21.15,19.46,-1.69,1.69,8.0,ENDC,ENEL COLOMBIA S.A. E.S.P.,28794000000.0,0.0,0.03,0.1,0.92,0.025,False
CERC,CERC S.A. E.S.P.,CNIOR,CUNDINAMARCA,EEC - CUNDINAMARCA,2026-09-01,FORECAST,True,12237241.1,10401654.93,1835586.16,85.0,15.0,Cubierta (85.0% Contratos / 15.0% Bolsa),30,407908.04,366.3732,314793644.74,5535859159.05,3598308453.4,0.2211,0.3401,12,308497771.85,30849777.18,362.7095,302201898.95,31479364.47,1.05e-05,0.0,1835586.16,1034599497.13,951831537.36,36711.72,13449793.46,13449793.46,20691989.94,19036630.75,-1655359.2,1655359.2,8.0,ENDC,ENEL COLOMBIA S.A. E.S.P.,28794000000.0,0.0,0.03,0.1,0.92,0.025,False
CERC,CERC S.A. E.S.P.,CNIOR,SANTANDER,ESSA - SANTANDER,2026-09-01,HISTORICO,False,31321062.5,26622903.12,4698159.38,85.0,15.0,Cubierta (85.0% Contratos / 15.0% Bolsa),30,1044035.42,368.2714,18480000.0,1820000000.0,1183000000.0,13.7675,21.1808,12,18340000.0,1834000.0,351.4394,18200000.0,1848000.0,8.54e-06,0.0,155.36,155.36,142.93,21.39,7877.08,21.39,32.91,30.27,-2.63,2.63,8.0,ENDC,ENEL COLOMBIA S.A. E.S.P.,28794000000.0,0.0,0.03,0.1,0.92,0.025,False
CERC,CERC S.A. E.S.P.,CNIOR,SANTANDER,ESSA - SANTANDER,2026-09-01,FORECAST,True,12237241.1,10401654.93,1835586.16,85.0,15.0,Cubierta (85.0% Contratos / 15.0% Bolsa),30,407908.04,366.3732,488271667.01,5535859159.05,3598308453.4,0.2211,0.3401,12,478506233.67,47850623.37,362.7095,468740800.33,48827166.7,1.05e-05,0.0,1835586.16,1034599497.13,951831537.36,36711.72,13449793.46,13449793.46,20691989.94,19036630.75,-1655359.2,1655359.2,8.0,ENDC,ENEL COLOMBIA S.A. E.S.P.,28794000000.0,0.0,0.03,0.1,0.92,0.025,False
CERC,CERC S.A. E.S.P.,CNIOR,TOLIMA,ELET - TOLIMA,2026-09-01,HISTORICO,False,31321062.5,26622903.12,4698159.38,85.0,15.0,Cubierta (85.0% Contratos / 15.0% Bolsa),30,1044035.42,368.2714,9900000.0,1820000000.0,1183000000.0,13.7675,21.1808,12,9825000.0,982500.0,351.4394,9750000.0,990000.0,8.54e-06,0.0,83.23,83.23,76.57,11.46,4219.86,11.46,17.63,16.22,-1.41,1.41,8.0,ENDC,ENEL COLOMBIA S.A. E.S.P.,28794000000.0,0.0,0.03,0.1,0.92,0.025,False
CERC,CERC S.A. E.S.P.,CNIOR,TOLIMA,ELET - TOLIMA,2026-09-01,FORECAST,True,12237241.1,10401654.93,1835586.16,85.0,15.0,Cubierta (85.0% Contratos / 15.0% Bolsa),30,407908.04,366.3732,261884977.42,5535859159.05,3598308453.4,0.2211,0.3401,12,256647277.87,25664727.79,362.7095,251409578.32,26188497.74,1.05e-05,0.0,1835586.16,1034599497.13,951831537.36,36711.72,13449793.46,13449793.46,20691989.94,19036630.75,-1655359.2,1655359.2,8.0,ENDC,ENEL COLOMBIA S.A. E.S.P.,28794000000.0,0.0,0.03,0.1,0.92,0.025,False
CERC,CERC S.A. E.S.P.,CNIOR,VALLE,CVC - VALLE DEL CAUCA,2026-09-01,HISTORICO,False,31321062.5,26622903.12,4698159.38,85.0,15.0,Cubierta (85.0% Contratos / 15.0% Bolsa),30,1044035.42,368.2714,23760000.0,1820000000.0,1183000000.0,13.7675,21.1808,12,23580000.0,2358000.0,351.4394,23400000.0,2376000.0,8.54e-06,0.0,199.75,199.75,183.77,27.5,10127.67,27.5,42.31,38.92,-3.38,3.38,8.0,ENDC,ENEL COLOMBIA S.A. E.S.P.,28794000000.0,0.0,0.03,0.1,0.92,0.025,False
CERC,CERC S.A. E.S.P.,CNIOR,VALLE,CVC - VALLE DEL CAUCA,2026-09-01,FORECAST,True,12237241.1,10401654.93,1835586.16,85.0,15.0,Cubierta (85.0% Contratos / 15.0% Bolsa),30,407908.04,366.3732,629054766.24,5535859159.05,3598308453.4,0.2211,0.3401,12,616473670.92,61647367.09,362.7095,603892575.59,62905476.62,1.05e-05,0.0,1835586.16,1034599497.13,951831537.36,36711.72,13449793.46,13449793.46,20691989.94,19036630.75,-1655359.2,1655359.2,8.0,ENDC,ENEL COLOMBIA S.A. E.S.P.,28794000000.0,0.0,0.03,0.1,0.92,0.025,False
CERC,CERC S.A. E.S.P.,CNIOR,ANTIOQUIA,EPM - ANTIOQUIA,2026-10-01,HISTORICO,False,31493156.25,26769182.81,4723973.44,85.0,15.0,Cubierta (85.0% Contratos / 15.0% Bolsa),30,1049771.88,377.4987,33250000.0,1830000000.0,1189500000.0,13.7675,21.1808,12,33000000.0,3300000.0,368.2714,32750000.0,3325000.0,8.15e-06,0.0,266.79,266.79,245.44,36.73,13865.49,36.73,56.51,51.99,-4.52,4.52,8.0,ENDC,ENEL COLOMBIA S.A. E.S.P.,28794000000.0,0.0,0.03,0.1,0.92,0.025,False
CERC,CERC S.A. E.S.P.,CNIOR,ANTIOQUIA,EPM - ANTIOQUIA,2026-10-01,FORECAST,True,12665927.16,10766038.09,1899889.07,85.0,15.0,Cubierta (85.0% Contratos / 15.0% Bolsa),30,422197.57,371.1472,906504563.58,5750339555.09,3737720710.82,0.2203,0.3389,12,888374472.31,88837447.23,367.4357,870244381.04,90650456.36,1.05e-05,0.0,1899889.07,1084890571.84,998099326.1,37997.78,14103577.43,14103577.43,21697811.44,19961986.52,-1735824.91,1735824.91,8.0,ENDC,ENEL COLOMBIA S.A. E.S.P.,28794000000.0,0.0,0.03,0.1,0.92,0.025,False
CERC,CERC S.A. E.S.P.,CNIOR,BOGOTA,ENEL - BOGOTA CUNDINAMARCA,2026-10-01,HISTORICO,False,31493156.25,26769182.81,4723973.44,85.0,15.0,Cubierta (85.0% Contratos / 15.0% Bolsa),30,1049771.88,377.4987,46550000.0,1830000000.0,1189500000.0,13.7675,21.1808,12,46200000.0,4620000.0,368.2714,45850000.0,4655000.0,8.15e-06,0.0,373.5,373.5,343.62,51.42,19411.68,51.42,79.11,72.78,-6.33,6.33,8.0,ENDC,ENEL COLOMBIA S.A. E.S.P.,28794000000.0,0.0,0.03,0.1,0.92,0.025,False
CERC,CERC S.A. E.S.P.,CNIOR,BOGOTA,ENEL - BOGOTA CUNDINAMARCA,2026-10-01,FORECAST,True,12665927.16,10766038.09,1899889.07,85.0,15.0,Cubierta (85.0% Contratos / 15.0% Bolsa),30,422197.57,371.1472,1270423726.3,5750339555.09,3737720710.82,0.2203,0.3389,12,1245015251.77,124501525.18,367.4357,1219606777.25,127042372.63,1.05e-05,0.0,1899889.07,1084890571.84,998099326.1,37997.78,14103577.43,14103577.43,21697811.44,19961986.52,-1735824.91,1735824.91,8.0,ENDC,ENEL COLOMBIA S.A. E.S.P.,28794000000.0,0.0,0.03,0.1,0.92,0.025,False
CERC,CERC S.A. E.S.P.,CNIOR,CARIBE_MAR,AFINIA - CARIBE MAR,2026-10-01,HISTORICO,False,31493156.25,26769182.81,4723973.44,85.0,15.0,Cubierta (85.0% Contratos / 15.0% Bolsa),30,1049771.88,377.4987,37240000.0,1830000000.0,1189500000.0,13.7675,21.1808,12,36960000.0,3696000.0,368.2714,36680000.0,3724000.0,8.15e-06,0.0,298.8,298.8,274.9,41.14,15529.34,41.14,63.29,58.23,-5.06,5.06,8.0,ENDC,ENEL COLOMBIA S.A. E.S.P.,28794000000.0,0.0,0.03,0.1,0.92,0.025,False
CERC,CERC S.A. E.S.P.,CNIOR,CARIBE_MAR,AFINIA - CARIBE MAR,2026-10-01,FORECAST,True,12665927.16,10766038.09,1899889.07,85.0,15.0,Cubierta (85.0% Contratos / 15.0% Bolsa),30,422197.57,371.1472,1016687188.33,5750339555.09,3737720710.82,0.2203,0.3389,12,996353444.56,99635344.46,367.4357,976019700.8,101668718.83,1.05e-05,0.0,1899889.07,1084890571.84,998099326.1,37997.78,14103577.43,14103577.43,21697811.44,19961986.52,-1735824.91,1735824.91,8.0,ENDC,ENEL COLOMBIA S.A. E.S.P.,28794000000.0,0.0,0.03,0.1,0.92,0.025,False
CERC,CERC S.A. E.S.P.,CNIOR,CARIBE_SOL,AIR-E - CARIBE SOL,2026-10-01,HISTORICO,False,31493156.25,26769182.81,4723973.44,85.0,15.0,Cubierta (85.0% Contratos / 15.0% Bolsa),30,1049771.88,377.4987,29260000.0,1830000000.0,1189500000.0,13.7675,21.1808,12,29040000.0,2904000.0,368.2714,28820000.0,2926000.0,8.15e-06,0.0,234.77,234.77,215.99,32.32,12201.63,32.32,49.73,45.75,-3.98,3.98,8.0,ENDC,ENEL COLOMBIA S.A. E.S.P.,28794000000.0,0.0,0.03,0.1,0.92,0.025,False
CERC,CERC S.A. E.S.P.,CNIOR,CARIBE_SOL,AIR-E - CARIBE SOL,2026-10-01,FORECAST,True,12665927.16,10766038.09,1899889.07,85.0,15.0,Cubierta (85.0% Contratos / 15.0% Bolsa),30,422197.57,371.1472,797463923.27,5750339555.09,3737720710.82,0.2203,0.3389,12,781514644.8,78151464.48,367.4357,765565366.34,79746392.33,1.05e-05,0.0,1899889.07,1084890571.84,998099326.1,37997.78,14103577.43,14103577.43,21697811.44,19961986.52,-1735824.91,1735824.91,8.0,ENDC,ENEL COLOMBIA S.A. E.S.P.,28794000000.0,0.0,0.03,0.1,0.92,0.025,False
CERC,CERC S.A. E.S.P.,CNIOR,CUNDINAMARCA,EEC - CUNDINAMARCA,2026-10-01,HISTORICO,False,31493156.25,26769182.81,4723973.44,85.0,15.0,Cubierta (85.0% Contratos / 15.0% Bolsa),30,1049771.88,377.4987,11970000.0,1830000000.0,1189500000.0,13.7675,21.1808,12,11880000.0,1188000.0,368.2714,11790000.0,1197000.0,8.15e-06,0.0,96.04,96.04,88.36,13.22,4991.58,13.22,20.34,18.72,-1.63,1.63,8.0,ENDC,ENEL COLOMBIA S.A. E.S.P.,28794000000.0,0.0,0.03,0.1,0.92,0.025,False
CERC,CERC S.A. E.S.P.,CNIOR,CUNDINAMARCA,EEC - CUNDINAMARCA,2026-10-01,FORECAST,True,12665927.16,10766038.09,1899889.07,85.0,15.0,Cubierta (85.0% Contratos / 15.0% Bolsa),30,422197.57,371.1472,327044377.26,5750339555.09,3737720710.82,0.2203,0.3389,12,320503489.71,32050348.97,367.4357,313962602.17,32704437.73,1.05e-05,0.0,1899889.07,1084890571.84,998099326.1,37997.78,14103577.43,14103577.43,21697811.44,19961986.52,-1735824.91,1735824.91,8.0,ENDC,ENEL COLOMBIA S.A. E.S.P.,28794000000.0,0.0,0.03,0.1,0.92,0.025,False
CERC,CERC S.A. E.S.P.,CNIOR,SANTANDER,ESSA - SANTANDER,2026-10-01,HISTORICO,False,31493156.25,26769182.81,4723973.44,85.0,15.0,Cubierta (85.0% Contratos / 15.0% Bolsa),30,1049771.88,377.4987,18620000.0,1830000000.0,1189500000.0,13.7675,21.1808,12,18480000.0,1848000.0,368.2714,18340000.0,1862000.0,8.15e-06,0.0,149.4,149.4,137.45,20.57,7764.67,20.57,31.64,29.11,-2.53,2.53,8.0,ENDC,ENEL COLOMBIA S.A. E.S.P.,28794000000.0,0.0,0.03,0.1,0.92,0.025,False
CERC,CERC S.A. E.S.P.,CNIOR,SANTANDER,ESSA - SANTANDER,2026-10-01,FORECAST,True,12665927.16,10766038.09,1899889.07,85.0,15.0,Cubierta (85.0% Contratos / 15.0% Bolsa),30,422197.57,371.1472,507188569.84,5750339555.09,3737720710.82,0.2203,0.3389,12,497044798.44,49704479.84,367.4357,486901027.05,50718856.98,1.05e-05,0.0,1899889.07,1084890571.84,998099326.1,37997.78,14103577.43,14103577.43,21697811.44,19961986.52,-1735824.91,1735824.91,8.0,ENDC,ENEL COLOMBIA S.A. E.S.P.,28794000000.0,0.0,0.03,0.1,0.92,0.025,False
CERC,CERC S.A. E.S.P.,CNIOR,TOLIMA,ELET - TOLIMA,2026-10-01,HISTORICO,False,31493156.25,26769182.81,4723973.44,85.0,15.0,Cubierta (85.0% Contratos / 15.0% Bolsa),30,1049771.88,377.4987,9975000.0,1830000000.0,1189500000.0,13.7675,21.1808,12,9900000.0,990000.0,368.2714,9825000.0,997500.0,8.15e-06,0.0,80.04,80.04,73.63,11.02,4159.65,11.02,16.95,15.6,-1.36,1.36,8.0,ENDC,ENEL COLOMBIA S.A. E.S.P.,28794000000.0,0.0,0.03,0.1,0.92,0.025,False
CERC,CERC S.A. E.S.P.,CNIOR,TOLIMA,ELET - TOLIMA,2026-10-01,FORECAST,True,12665927.16,10766038.09,1899889.07,85.0,15.0,Cubierta (85.0% Contratos / 15.0% Bolsa),30,422197.57,371.1472,272422373.75,5750339555.09,3737720710.82,0.2203,0.3389,12,266973926.28,26697392.63,367.4357,261525478.8,27242237.38,1.05e-05,0.0,1899889.07,1084890571.84,998099326.1,37997.78,14103577.43,14103577.43,21697811.44,19961986.52,-1735824.91,1735824.91,8.0,ENDC,ENEL COLOMBIA S.A. E.S.P.,28794000000.0,0.0,0.03,0.1,0.92,0.025,False
CERC,CERC S.A. E.S.P.,CNIOR,VALLE,CVC - VALLE DEL CAUCA,2026-10-01,HISTORICO,False,31493156.25,26769182.81,4723973.44,85.0,15.0,Cubierta (85.0% Contratos / 15.0% Bolsa),30,1049771.88,377.4987,23940000.0,1830000000.0,1189500000.0,13.7675,21.1808,12,23760000.0,2376000.0,368.2714,23580000.0,2394000.0,8.15e-06,0.0,192.09,192.09,176.72,26.45,9983.15,26.45,40.69,37.43,-3.25,3.25,8.0,ENDC,ENEL COLOMBIA S.A. E.S.P.,28794000000.0,0.0,0.03,0.1,0.92,0.025,False
CERC,CERC S.A. E.S.P.,CNIOR,VALLE,CVC - VALLE DEL CAUCA,2026-10-01,FORECAST,True,12665927.16,10766038.09,1899889.07,85.0,15.0,Cubierta (85.0% Contratos / 15.0% Bolsa),30,422197.57,371.1472,652604832.76,5750339555.09,3737720710.82,0.2203,0.3389,12,639552736.1,63955273.61,367.4357,626500639.45,65260483.28,1.05e-05,0.0,1899889.07,1084890571.84,998099326.1,37997.78,14103577.43,14103577.43,21697811.44,19961986.52,-1735824.91,1735824.91,8.0,ENDC,ENEL COLOMBIA S.A. E.S.P.,28794000000.0,0.0,0.03,0.1,0.92,0.025,False
CERC,CERC S.A. E.S.P.,CNIOR,ANTIOQUIA,EPM - ANTIOQUIA,2026-11-01,HISTORICO,False,31665250.0,26915462.5,4749787.5,85.0,15.0,Cubierta (85.0% Contratos / 15.0% Bolsa),30,1055508.33,372.9362,33500000.0,1840000000.0,1196000000.0,13.7675,21.1808,12,33250000.0,3325000.0,377.4987,33000000.0,3350000.0,7.95e-06,0.0,262.25,262.25,241.27,36.11,13465.09,36.11,55.55,51.1,-4.44,4.44,8.0,ENDC,ENEL COLOMBIA S.A. E.S.P.,28794000000.0,0.0,0.03,0.1,0.92,0.025,False
CERC,CERC S.A. E.S.P.,CNIOR,ANTIOQUIA,EPM - ANTIOQUIA,2026-11-01,FORECAST,True,12326809.61,10477788.17,1849021.44,85.0,15.0,Cubierta (85.0% Contratos / 15.0% Bolsa),30,410893.65,373.3027,884572028.27,5604533671.05,3642946886.18,0.2199,0.3384,12,866880587.7,86688058.77,369.5696,849189147.14,88457202.83,1.05e-05,0.0,1849021.44,1061843538.35,976896055.28,36980.43,13803966.0,13803966.0,21236870.77,19537921.11,-1698949.66,1698949.66,8.0,ENDC,ENEL COLOMBIA S.A. E.S.P.,28794000000.0,0.0,0.03,0.1,0.92,0.025,False
CERC,CERC S.A. E.S.P.,CNIOR,BOGOTA,ENEL - BOGOTA CUNDINAMARCA,2026-11-01,HISTORICO,False,31665250.0,26915462.5,4749787.5,85.0,15.0,Cubierta (85.0% Contratos / 15.0% Bolsa),30,1055508.33,372.9362,46900000.0,1840000000.0,1196000000.0,13.7675,21.1808,12,46550000.0,4655000.0,377.4987,46200000.0,4690000.0,7.95e-06,0.0,367.15,367.15,337.78,50.55,18851.13,50.55,77.77,71.54,-6.22,6.22,8.0,ENDC,ENEL COLOMBIA S.A. E.S.P.,28794000000.0,0.0,0.03,0.1,0.92,0.025,False
CERC,CERC S.A. E.S.P.,CNIOR,BOGOTA,ENEL - BOGOTA CUNDINAMARCA,2026-11-01,FORECAST,True,12326809.61,10477788.17,1849021.44,85.0,15.0,Cubierta (85.0% Contratos / 15.0% Bolsa),30,410893.65,373.3027,1239453866.02,5604533671.05,3642946886.18,0.2199,0.3384,12,1214664788.7,121466478.87,369.5696,1189875711.38,123945386.6,1.05e-05,0.0,1849021.44,1061843538.35,976896055.28,36980.43,13803966.0,13803966.0,21236870.77,19537921.11,-1698949.66,1698949.66,8.0,ENDC,ENEL COLOMBIA S.A. E.S.P.,28794000000.0,0.0,0.03,0.1,0.92,0.025,False
CERC,CERC S.A. E.S.P.,CNIOR,CARIBE_MAR,AFINIA - CARIBE MAR,2026-11-01,HISTORICO,False,31665250.0,26915462.5,4749787.5,85.0,15.0,Cubierta (85.0% Contratos / 15.0% Bolsa),30,1055508.33,372.9362,37520000.0,1840000000.0,1196000000.0,13.7675,21.1808,12,37240000.0,3724000.0,377.4987,36960000.0,3752000.0,7.95e-06,0.0,293.72,293.72,270.23,40.44,15080.9,40.44,62.21,57.24,-4.98,4.98,8.0,ENDC,ENEL COLOMBIA S.A. E.S.P.,28794000000.0,0.0,0.03,0.1,0.92,0.025,False
CERC,CERC S.A. E.S.P.,CNIOR,CARIBE_MAR,AFINIA - CARIBE MAR,2026-11-01,FORECAST,True,12326809.61,10477788.17,1849021.44,85.0,15.0,Cubierta (85.0% Contratos / 15.0% Bolsa),30,410893.65,373.3027,990361762.13,5604533671.05,3642946886.18,0.2199,0.3384,12,970554526.89,97055452.69,369.5696,950747291.64,99036176.21,1.05e-05,0.0,1849021.44,1061843538.35,976896055.28,36980.43,13803966.0,13803966.0,21236870.77,19537921.11,-1698949.66,1698949.66,8.0,ENDC,ENEL COLOMBIA S.A. E.S.P.,28794000000.0,0.0,0.03,0.1,0.92,0.025,False
CERC,CERC S.A. E.S.P.,CNIOR,CARIBE_SOL,AIR-E - CARIBE SOL,2026-11-01,HISTORICO,False,31665250.0,26915462.5,4749787.5,85.0,15.0,Cubierta (85.0% Contratos / 15.0% Bolsa),30,1055508.33,372.9362,29480000.0,1840000000.0,1196000000.0,13.7675,21.1808,12,29260000.0,2926000.0,377.4987,29040000.0,2948000.0,7.95e-06,0.0,230.78,230.78,212.32,31.77,11849.28,31.77,48.88,44.97,-3.91,3.91,8.0,ENDC,ENEL COLOMBIA S.A. E.S.P.,28794000000.0,0.0,0.03,0.1,0.92,0.025,False
CERC,CERC S.A. E.S.P.,CNIOR,CARIBE_SOL,AIR-E - CARIBE SOL,2026-11-01,FORECAST,True,12326809.61,10477788.17,1849021.44,85.0,15.0,Cubierta (85.0% Contratos / 15.0% Bolsa),30,410893.65,373.3027,775519607.19,5604533671.05,3642946886.18,0.2199,0.3384,12,760009215.05,76000921.5,369.5696,744498822.9,77551960.72,1.05e-05,0.0,1849021.44,1061843538.35,976896055.28,36980.43,13803966.0,13803966.0,21236870.77,19537921.11,-1698949.66,1698949.66,8.0,ENDC,ENEL COLOMBIA S.A. E.S.P.,28794000000.0,0.0,0.03,0.1,0.92,0.025,False
CERC,CERC S.A. E.S.P.,CNIOR,CUNDINAMARCA,EEC - CUNDINAMARCA,2026-11-01,HISTORICO,False,31665250.0,26915462.5,4749787.5,85.0,15.0,Cubierta (85.0% Contratos / 15.0% Bolsa),30,1055508.33,372.9362,12060000.0,1840000000.0,1196000000.0,13.7675,21.1808,12,11970000.0,1197000.0,377.4987,11880000.0,1206000.0,7.95e-06,0.0,94.41,94.41,86.86,13.0,4847.43,13.0,20.0,18.4,-1.6,1.6,8.0,ENDC,ENEL COLOMBIA S.A. E.S.P.,28794000000.0,0.0,0.03,0.1,0.92,0.025,False
CERC,CERC S.A. E.S.P.,CNIOR,CUNDINAMARCA,EEC - CUNDINAMARCA,2026-11-01,FORECAST,True,12326809.61,10477788.17,1849021.44,85.0,15.0,Cubierta (85.0% Contratos / 15.0% Bolsa),30,410893.65,373.3027,317641416.23,5604533671.05,3642946886.18,0.2199,0.3384,12,311288587.91,31128858.79,369.5696,304935759.58,31764141.62,1.05e-05,0.0,1849021.44,1061843538.35,976896055.28,36980.43,13803966.0,13803966.0,21236870.77,19537921.11,-1698949.66,1698949.66,8.0,ENDC,ENEL COLOMBIA S.A. E.S.P.,28794000000.0,0.0,0.03,0.1,0.92,0.025,False
CERC,CERC S.A. E.S.P.,CNIOR,SANTANDER,ESSA - SANTANDER,2026-11-01,HISTORICO,False,31665250.0,26915462.5,4749787.5,85.0,15.0,Cubierta (85.0% Contratos / 15.0% Bolsa),30,1055508.33,372.9362,18760000.0,1840000000.0,1196000000.0,13.7675,21.1808,12,18620000.0,1862000.0,377.4987,18480000.0,1876000.0,7.95e-06,0.0,146.86,146.86,135.11,20.22,7540.45,20.22,31.11,28.62,-2.49,2.49,8.0,ENDC,ENEL COLOMBIA S.A. E.S.P.,28794000000.0,0.0,0.03,0.1,0.92,0.025,False
CERC,CERC S.A. E.S.P.,CNIOR,SANTANDER,ESSA - SANTANDER,2026-11-01,FORECAST,True,12326809.61,10477788.17,1849021.44,85.0,15.0,Cubierta (85.0% Contratos / 15.0% Bolsa),30,410893.65,373.3027,496287304.59,5604533671.05,3642946886.18,0.2199,0.3384,12,486361558.5,48636155.85,369.5696,476435812.41,49628730.46,1.05e-05,0.0,1849021.44,1061843538.35,976896055.28,36980.43,13803966.0,13803966.0,21236870.77,19537921.11,-1698949.66,1698949.66,8.0,ENDC,ENEL COLOMBIA S.A. E.S.P.,28794000000.0,0.0,0.03,0.1,0.92,0.025,False
CERC,CERC S.A. E.S.P.,CNIOR,TOLIMA,ELET - TOLIMA,2026-11-01,HISTORICO,False,31665250.0,26915462.5,4749787.5,85.0,15.0,Cubierta (85.0% Contratos / 15.0% Bolsa),30,1055508.33,372.9362,10050000.0,1840000000.0,1196000000.0,13.7675,21.1808,12,9975000.0,997500.0,377.4987,9900000.0,1005000.0,7.95e-06,0.0,78.68,78.68,72.38,10.83,4039.53,10.83,16.66,15.33,-1.33,1.33,8.0,ENDC,ENEL COLOMBIA S.A. E.S.P.,28794000000.0,0.0,0.03,0.1,0.92,0.025,False
CERC,CERC S.A. E.S.P.,CNIOR,TOLIMA,ELET - TOLIMA,2026-11-01,FORECAST,True,12326809.61,10477788.17,1849021.44,85.0,15.0,Cubierta (85.0% Contratos / 15.0% Bolsa),30,410893.65,373.3027,264791176.98,5604533671.05,3642946886.18,0.2199,0.3384,12,259495353.44,25949535.34,369.5696,254199529.9,26479117.7,1.05e-05,0.0,1849021.44,1061843538.35,976896055.28,36980.43,13803966.0,13803966.0,21236870.77,19537921.11,-1698949.66,1698949.66,8.0,ENDC,ENEL COLOMBIA S.A. E.S.P.,28794000000.0,0.0,0.03,0.1,0.92,0.025,False
CERC,CERC S.A. E.S.P.,CNIOR,VALLE,CVC - VALLE DEL CAUCA,2026-11-01,HISTORICO,False,31665250.0,26915462.5,4749787.5,85.0,15.0,Cubierta (85.0% Contratos / 15.0% Bolsa),30,1055508.33,372.9362,24120000.0,1840000000.0,1196000000.0,13.7675,21.1808,12,23940000.0,2394000.0,377.4987,23760000.0,2412000.0,7.95e-06,0.0,188.82,188.82,173.72,26.0,9694.87,26.0,39.99,36.79,-3.2,3.2,8.0,ENDC,ENEL COLOMBIA S.A. E.S.P.,28794000000.0,0.0,0.03,0.1,0.92,0.025,False
CERC,CERC S.A. E.S.P.,CNIOR,VALLE,CVC - VALLE DEL CAUCA,2026-11-01,FORECAST,True,12326809.61,10477788.17,1849021.44,85.0,15.0,Cubierta (85.0% Contratos / 15.0% Bolsa),30,410893.65,373.3027,635906509.64,5604533671.05,3642946886.18,0.2199,0.3384,12,623188379.45,62318837.94,369.5696,610470249.25,63590650.96,1.05e-05,0.0,1849021.44,1061843538.35,976896055.28,36980.43,13803966.0,13803966.0,21236870.77,19537921.11,-1698949.66,1698949.66,8.0,ENDC,ENEL COLOMBIA S.A. E.S.P.,28794000000.0,0.0,0.03,0.1,0.92,0.025,False
CERC,CERC S.A. E.S.P.,CNIOR,ANTIOQUIA,EPM - ANTIOQUIA,2026-12-01,HISTORICO,False,31837343.75,27061742.19,4775601.56,85.0,15.0,Cubierta (85.0% Contratos / 15.0% Bolsa),30,1061244.79,361.0773,33750000.0,1850000000.0,1202500000.0,13.7675,21.1808,12,33500000.0,3350000.0,372.9362,33250000.0,3375000.0,8.04e-06,0.0,267.47,267.47,246.07,36.82,13296.39,36.82,56.65,52.12,-4.53,4.53,8.0,ENDC,ENEL COLOMBIA S.A. E.S.P.,28794000000.0,0.0,0.03,0.1,0.92,0.025,False
CERC,CERC S.A. E.S.P.,CNIOR,ANTIOQUIA,EPM - ANTIOQUIA,2026-12-01,FORECAST,True,13033351.61,11078348.87,1955002.74,85.0,15.0,Cubierta (85.0% Contratos / 15.0% Bolsa),30,434445.05,379.3378,929954003.23,5888426446.61,3827477190.29,0.2213,0.3405,12,911354923.17,91135492.32,375.5444,892755843.1,92995400.32,1.05e-05,0.0,1955002.74,1140918279.33,1049644816.98,39100.05,14831937.63,14831937.63,22818365.59,20992896.34,-1825469.25,1825469.25,8.0,ENDC,ENEL COLOMBIA S.A. E.S.P.,28794000000.0,0.0,0.03,0.1,0.92,0.025,False
CERC,CERC S.A. E.S.P.,CNIOR,BOGOTA,ENEL - BOGOTA CUNDINAMARCA,2026-12-01,HISTORICO,False,31837343.75,27061742.19,4775601.56,85.0,15.0,Cubierta (85.0% Contratos / 15.0% Bolsa),30,1061244.79,361.0773,47250000.0,1850000000.0,1202500000.0,13.7675,21.1808,12,46900000.0,4690000.0,372.9362,46550000.0,4725000.0,8.04e-06,0.0,374.46,374.46,344.5,51.55,18614.94,51.55,79.31,72.97,-6.35,6.35,8.0,ENDC,ENEL COLOMBIA S.A. E.S.P.,28794000000.0,0.0,0.03,0.1,0.92,0.025,False
CERC,CERC S.A. E.S.P.,CNIOR,BOGOTA,ENEL - BOGOTA CUNDINAMARCA,2026-12-01,FORECAST,True,13033351.61,11078348.87,1955002.74,85.0,15.0,Cubierta (85.0% Contratos / 15.0% Bolsa),30,434445.05,379.3378,1300296751.1,5888426446.61,3827477190.29,0.2213,0.3405,12,1274290816.08,127429081.61,375.5444,1248284881.06,130029675.11,1.05e-05,0.0,1955002.74,1140918279.33,1049644816.98,39100.05,14831937.63,14831937.63,22818365.59,20992896.34,-1825469.25,1825469.25,8.0,ENDC,ENEL COLOMBIA S.A. E.S.P.,28794000000.0,0.0,0.03,0.1,0.92,0.025,False
CERC,CERC S.A. E.S.P.,CNIOR,CARIBE_MAR,AFINIA - CARIBE MAR,2026-12-01,HISTORICO,False,31837343.75,27061742.19,4775601.56,85.0,15.0,Cubierta (85.0% Contratos / 15.0% Bolsa),30,1061244.79,361.0773,37800000.0,1850000000.0,1202500000.0,13.7675,21.1808,12,37520000.0,3752000.0,372.9362,37240000.0,3780000.0,8.04e-06,0.0,299.57,299.57,275.6,41.24,14891.95,41.24,63.45,58.37,-5.08,5.08,8.0,ENDC,ENEL COLOMBIA S.A. E.S.P.,28794000000.0,0.0,0.03,0.1,0.92,0.025,False
CERC,CERC S.A. E.S.P.,CNIOR,CARIBE_MAR,AFINIA - CARIBE MAR,2026-12-01,FORECAST,True,13033351.61,11078348.87,1955002.74,85.0,15.0,Cubierta (85.0% Contratos / 15.0% Bolsa),30,434445.05,379.3378,1037970687.26,5888426446.61,3827477190.29,0.2213,0.3405,12,1017211273.51,101721127.35,375.5444,996451859.77,103797068.73,1.05e-05,0.0,1955002.74,1140918279.33,1049644816.98,39100.05,14831937.63,14831937.63,22818365.59,20992896.34,-1825469.25,1825469.25,8.0,ENDC,ENEL COLOMBIA S.A. E.S.P.,28794000000.0,0.0,0.03,0.1,0.92,0.025,False
CERC,CERC S.A. E.S.P.,CNIOR,CARIBE_SOL,AIR-E - CARIBE SOL,2026-12-01,HISTORICO,False,31837343.75,27061742.19,4775601.56,85.0,15.0,Cubierta (85.0% Contratos / 15.0% Bolsa),30,1061244.79,361.0773,29700000.0,1850000000.0,1202500000.0,13.7675,21.1808,12,29480000.0,2948000.0,372.9362,29260000.0,2970000.0,8.04e-06,0.0,235.38,235.38,216.55,32.41,11700.82,32.41,49.85,45.87,-3.99,3.99,8.0,ENDC,ENEL COLOMBIA S.A. E.S.P.,28794000000.0,0.0,0.03,0.1,0.92,0.025,False
CERC,CERC S.A. E.S.P.,CNIOR,CARIBE_SOL,AIR-E - CARIBE SOL,2026-12-01,FORECAST,True,13033351.61,11078348.87,1955002.74,85.0,15.0,Cubierta (85.0% Contratos / 15.0% Bolsa),30,434445.05,379.3378,817514932.48,5888426446.61,3827477190.29,0.2213,0.3405,12,801164633.83,80116463.38,375.5444,784814335.18,81751493.25,1.05e-05,0.0,1955002.74,1140918279.33,1049644816.98,39100.05,14831937.63,14831937.63,22818365.59,20992896.34,-1825469.25,1825469.25,8.0,ENDC,ENEL COLOMBIA S.A. E.S.P.,28794000000.0,0.0,0.03,0.1,0.92,0.025,False
CERC,CERC S.A. E.S.P.,CNIOR,CUNDINAMARCA,EEC - CUNDINAMARCA,2026-12-01,HISTORICO,False,31837343.75,27061742.19,4775601.56,85.0,15.0,Cubierta (85.0% Contratos / 15.0% Bolsa),30,1061244.79,361.0773,12150000.0,1850000000.0,1202500000.0,13.7675,21.1808,12,12060000.0,1206000.0,372.9362,11970000.0,1215000.0,8.04e-06,0.0,96.29,96.29,88.59,13.26,4786.7,13.26,20.39,18.76,-1.63,1.63,8.0,ENDC,ENEL COLOMBIA S.A. E.S.P.,28794000000.0,0.0,0.03,0.1,0.92,0.025,False
CERC,CERC S.A. E.S.P.,CNIOR,CUNDINAMARCA,EEC - CUNDINAMARCA,2026-12-01,FORECAST,True,13033351.61,11078348.87,1955002.74,85.0,15.0,Cubierta (85.0% Contratos / 15.0% Bolsa),30,434445.05,379.3378,334291002.36,5888426446.61,3827477190.29,0.2213,0.3405,12,327605182.31,32760518.23,375.5444,320919362.27,33429100.24,1.05e-05,0.0,1955002.74,1140918279.33,1049644816.98,39100.05,14831937.63,14831937.63,22818365.59,20992896.34,-1825469.25,1825469.25,8.0,ENDC,ENEL COLOMBIA S.A. E.S.P.,28794000000.0,0.0,0.03,0.1,0.92,0.025,False
CERC,CERC S.A. E.S.P.,CNIOR,SANTANDER,ESSA - SANTANDER,2026-12-01,HISTORICO,False,31837343.75,27061742.19,4775601.56,85.0,15.0,Cubierta (85.0% Contratos / 15.0% Bolsa),30,1061244.79,361.0773,18900000.0,1850000000.0,1202500000.0,13.7675,21.1808,12,18760000.0,1876000.0,372.9362,18620000.0,1890000.0,8.04e-06,0.0,149.78,149.78,137.8,20.62,7445.98,20.62,31.73,29.19,-2.54,2.54,8.0,ENDC,ENEL COLOMBIA S.A. E.S.P.,28794000000.0,0.0,0.03,0.1,0.92,0.025,False
CERC,CERC S.A. E.S.P.,CNIOR,SANTANDER,ESSA - SANTANDER,2026-12-01,FORECAST,True,13033351.61,11078348.87,1955002.74,85.0,15.0,Cubierta (85.0% Contratos / 15.0% Bolsa),30,434445.05,379.3378,520385348.15,5888426446.61,3827477190.29,0.2213,0.3405,12,509977641.19,50997764.12,375.5444,499569934.22,52038534.81,1.05e-05,0.0,1955002.74,1140918279.33,1049644816.98,39100.05,14831937.63,14831937.63,22818365.59,20992896.34,-1825469.25,1825469.25,8.0,ENDC,ENEL COLOMBIA S.A. E.S.P.,28794000000.0,0.0,0.03,0.1,0.92,0.025,False
CERC,CERC S.A. E.S.P.,CNIOR,TOLIMA,ELET - TOLIMA,2026-12-01,HISTORICO,False,31837343.75,27061742.19,4775601.56,85.0,15.0,Cubierta (85.0% Contratos / 15.0% Bolsa),30,1061244.79,361.0773,10125000.0,1850000000.0,1202500000.0,13.7675,21.1808,12,10050000.0,1005000.0,372.9362,9975000.0,1012500.0,8.04e-06,0.0,80.24,80.24,73.82,11.05,3988.92,11.05,17.0,15.64,-1.36,1.36,8.0,ENDC,ENEL COLOMBIA S.A. E.S.P.,28794000000.0,0.0,0.03,0.1,0.92,0.025,False
CERC,CERC S.A. E.S.P.,CNIOR,TOLIMA,ELET - TOLIMA,2026-12-01,FORECAST,True,13033351.61,11078348.87,1955002.74,85.0,15.0,Cubierta (85.0% Contratos / 15.0% Bolsa),30,434445.05,379.3378,279324395.93,5888426446.61,3827477190.29,0.2213,0.3405,12,273737908.01,27373790.8,375.5444,268151420.09,27932439.59,1.05e-05,0.0,1955002.74,1140918279.33,1049644816.98,39100.05,14831937.63,14831937.63,22818365.59,20992896.34,-1825469.25,1825469.25,8.0,ENDC,ENEL COLOMBIA S.A. E.S.P.,28794000000.0,0.0,0.03,0.1,0.92,0.025,False
CERC,CERC S.A. E.S.P.,CNIOR,VALLE,CVC - VALLE DEL CAUCA,2026-12-01,HISTORICO,False,31837343.75,27061742.19,4775601.56,85.0,15.0,Cubierta (85.0% Contratos / 15.0% Bolsa),30,1061244.79,361.0773,24300000.0,1850000000.0,1202500000.0,13.7675,21.1808,12,24120000.0,2412000.0,372.9362,23940000.0,2430000.0,8.04e-06,0.0,192.58,192.58,177.17,26.51,9573.4,26.51,40.79,37.53,-3.26,3.26,8.0,ENDC,ENEL COLOMBIA S.A. E.S.P.,28794000000.0,0.0,0.03,0.1,0.92,0.025,False
CERC,CERC S.A. E.S.P.,CNIOR,VALLE,CVC - VALLE DEL CAUCA,2026-12-01,FORECAST,True,13033351.61,11078348.87,1955002.74,85.0,15.0,Cubierta (85.0% Contratos / 15.0% Bolsa),30,434445.05,379.3378,668689326.1,5888426446.61,3827477190.29,0.2213,0.3405,12,655315539.58,65531553.96,375.5444,641941753.06,66868932.61,1.05e-05,0.0,1955002.74,1140918279.33,1049644816.98,39100.05,14831937.63,14831937.63,22818365.59,20992896.34,-1825469.25,1825469.25,8.0,ENDC,ENEL COLOMBIA S.A. E.S.P.,28794000000.0,0.0,0.03,0.1,0.92,0.025,False
CERC,CERC S.A. E.S.P.,CNIOR,ANTIOQUIA,EPM - ANTIOQUIA,2027-01-01,HISTORICO,False,32009437.5,27208021.88,4801415.63,85.0,15.0,Cubierta (85.0% Contratos / 15.0% Bolsa),30,1066981.25,355.1233,34000000.0,1860000000.0,1209000000.0,13.7675,21.1808,12,33750000.0,3375000.0,361.0773,33500000.0,3400000.0,8.31e-06,0.0,278.33,278.33,256.07,38.32,13608.18,38.32,58.95,54.24,-4.72,4.72,8.0,ENDC,ENEL COLOMBIA S.A. E.S.P.,28794000000.0,0.0,0.03,0.1,0.92,0.025,False
CERC,CERC S.A. E.S.P.,CNIOR,ANTIOQUIA,EPM - ANTIOQUIA,2027-01-01,FORECAST,True,12876627.04,10945132.98,1931494.06,85.0,15.0,Cubierta (85.0% Contratos / 15.0% Bolsa),30,429220.9,385.388,926642091.98,5875025773.85,3818766753.0,0.2192,0.3372,12,908109250.14,90810925.01,381.5341,889576408.3,92664209.2,1.05e-05,0.0,1931494.06,1145306745.42,1053682205.79,38629.88,14888987.69,14888987.69,22906134.91,21073644.12,-1832490.79,1832490.79,8.0,ENDC,ENEL COLOMBIA S.A. E.S.P.,28794000000.0,0.0,0.03,0.1,0.92,0.025,False
CERC,CERC S.A. E.S.P.,CNIOR,BOGOTA,ENEL - BOGOTA CUNDINAMARCA,2027-01-01,HISTORICO,False,32009437.5,27208021.88,4801415.63,85.0,15.0,Cubierta (85.0% Contratos / 15.0% Bolsa),30,1066981.25,355.1233,47600000.0,1860000000.0,1209000000.0,13.7675,21.1808,12,47250000.0,4725000.0,361.0773,46900000.0,4760000.0,8.31e-06,0.0,389.67,389.67,358.49,53.65,19051.46,53.65,82.53,75.93,-6.6,6.6,8.0,ENDC,ENEL COLOMBIA S.A. E.S.P.,28794000000.0,0.0,0.03,0.1,0.92,0.025,False
CERC,CERC S.A. E.S.P.,CNIOR,BOGOTA,ENEL - BOGOTA CUNDINAMARCA,2027-01-01,FORECAST,True,12876627.04,10945132.98,1931494.06,85.0,15.0,Cubierta (85.0% Contratos / 15.0% Bolsa),30,429220.9,385.388,1299851899.43,5875025773.85,3818766753.0,0.2192,0.3372,12,1273854861.44,127385486.14,381.5341,1247857823.45,129985189.94,1.05e-05,0.0,1931494.06,1145306745.42,1053682205.79,38629.88,14888987.69,14888987.69,22906134.91,21073644.12,-1832490.79,1832490.79,8.0,ENDC,ENEL COLOMBIA S.A. E.S.P.,28794000000.0,0.0,0.03,0.1,0.92,0.025,False
CERC,CERC S.A. E.S.P.,CNIOR,CARIBE_MAR,AFINIA - CARIBE MAR,2027-01-01,HISTORICO,False,32009437.5,27208021.88,4801415.63,85.0,15.0,Cubierta (85.0% Contratos / 15.0% Bolsa),30,1066981.25,355.1233,38080000.0,1860000000.0,1209000000.0,13.7675,21.1808,12,37800000.0,3780000.0,361.0773,37520000.0,3808000.0,8.31e-06,0.0,311.73,311.73,286.8,42.92,15241.16,42.92,66.03,60.75,-5.28,5.28,8.0,ENDC,ENEL COLOMBIA S.A. E.S.P.,28794000000.0,0.0,0.03,0.1,0.92,0.025,False
CERC,CERC S.A. E.S.P.,CNIOR,CARIBE_MAR,AFINIA - CARIBE MAR,2027-01-01,FORECAST,True,12876627.04,10945132.98,1931494.06,85.0,15.0,Cubierta (85.0% Contratos / 15.0% Bolsa),30,429220.9,385.388,1035956273.71,5875025773.85,3818766753.0,0.2192,0.3372,12,1015237148.24,101523714.82,381.5341,994518022.76,103595627.37,1.05e-05,0.0,1931494.06,1145306745.42,1053682205.79,38629.88,14888987.69,14888987.69,22906134.91,21073644.12,-1832490.79,1832490.79,8.0,ENDC,ENEL COLOMBIA S.A. E.S.P.,28794000000.0,0.0,0.03,0.1,0.92,0.025,False
CERC,CERC S.A. E.S.P.,CNIOR,CARIBE_SOL,AIR-E - CARIBE SOL,2027-01-01,HISTORICO,False,32009437.5,27208021.88,4801415.63,85.0,15.0,Cubierta (85.0% Contratos / 15.0% Bolsa),30,1066981.25,355.1233,29920000.0,1860000000.0,1209000000.0,13.7675,21.1808,12,29700000.0,2970000.0,361.0773,29480000.0,2992000.0,8.31e-06,0.0,244.93,244.93,225.34,33.72,11975.2,33.72,51.88,47.73,-4.15,4.15,8.0,ENDC,ENEL COLOMBIA S.A. E.S.P.,28794000000.0,0.0,0.03,0.1,0.92,0.025,False
CERC,CERC S.A. E.S.P.,CNIOR,CARIBE_SOL,AIR-E - CARIBE SOL,2027-01-01,FORECAST,True,12876627.04,10945132.98,1931494.06,85.0,15.0,Cubierta (85.0% Contratos / 15.0% Bolsa),30,429220.9,385.388,815636196.06,5875025773.85,3818766753.0,0.2192,0.3372,12,799323472.14,79932347.21,381.5341,783010748.22,81563619.61,1.05e-05,0.0,1931494.06,1145306745.42,1053682205.79,38629.88,14888987.69,14888987.69,22906134.91,21073644.12,-1832490.79,1832490.79,8.0,ENDC,ENEL COLOMBIA S.A. E.S.P.,28794000000.0,0.0,0.03,0.1,0.92,0.025,False
CERC,CERC S.A. E.S.P.,CNIOR,CUNDINAMARCA,EEC - CUNDINAMARCA,2027-01-01,HISTORICO,False,32009437.5,27208021.88,4801415.63,85.0,15.0,Cubierta (85.0% Contratos / 15.0% Bolsa),30,1066981.25,355.1233,12240000.0,1860000000.0,1209000000.0,13.7675,21.1808,12,12150000.0,1215000.0,361.0773,12060000.0,1224000.0,8.31e-06,0.0,100.2,100.2,92.18,13.8,4898.95,13.8,21.22,19.53,-1.7,1.7,8.0,ENDC,ENEL COLOMBIA S.A. E.S.P.,28794000000.0,0.0,0.03,0.1,0.92,0.025,False
CERC,CERC S.A. E.S.P.,CNIOR,CUNDINAMARCA,EEC - CUNDINAMARCA,2027-01-01,FORECAST,True,12876627.04,10945132.98,1931494.06,85.0,15.0,Cubierta (85.0% Contratos / 15.0% Bolsa),30,429220.9,385.388,333325543.62,5875025773.85,3818766753.0,0.2192,0.3372,12,326659032.75,32665903.27,381.5341,319992521.88,33332554.36,1.05e-05,0.0,1931494.06,1145306745.42,1053682205.79,38629.88,14888987.69,14888987.69,22906134.91,21073644.12,-1832490.79,1832490.79,8.0,ENDC,ENEL COLOMBIA S.A. E.S.P.,28794000000.0,0.0,0.03,0.1,0.92,0.025,False
CERC,CERC S.A. E.S.P.,CNIOR,SANTANDER,ESSA - SANTANDER,2027-01-01,HISTORICO,False,32009437.5,27208021.88,4801415.63,85.0,15.0,Cubierta (85.0% Contratos / 15.0% Bolsa),30,1066981.25,355.1233,19040000.0,1860000000.0,1209000000.0,13.7675,21.1808,12,18900000.0,1890000.0,361.0773,18760000.0,1904000.0,8.31e-06,0.0,155.87,155.87,143.4,21.46,7620.58,21.46,33.01,30.37,-2.64,2.64,8.0,ENDC,ENEL COLOMBIA S.A. E.S.P.,28794000000.0,0.0,0.03,0.1,0.92,0.025,False
CERC,CERC S.A. E.S.P.,CNIOR,SANTANDER,ESSA - SANTANDER,2027-01-01,FORECAST,True,12876627.04,10945132.98,1931494.06,85.0,15.0,Cubierta (85.0% Contratos / 15.0% Bolsa),30,429220.9,385.388,519147241.61,5875025773.85,3818766753.0,0.2192,0.3372,12,508764296.78,50876429.68,381.5341,498381351.95,51914724.16,1.05e-05,0.0,1931494.06,1145306745.42,1053682205.79,38629.88,14888987.69,14888987.69,22906134.91,21073644.12,-1832490.79,1832490.79,8.0,ENDC,ENEL COLOMBIA S.A. E.S.P.,28794000000.0,0.0,0.03,0.1,0.92,0.025,False
CERC,CERC S.A. E.S.P.,CNIOR,TOLIMA,ELET - TOLIMA,2027-01-01,HISTORICO,False,32009437.5,27208021.88,4801415.63,85.0,15.0,Cubierta (85.0% Contratos / 15.0% Bolsa),30,1066981.25,355.1233,10200000.0,1860000000.0,1209000000.0,13.7675,21.1808,12,10125000.0,1012500.0,361.0773,10050000.0,1020000.0,8.31e-06,0.0,83.5,83.5,76.82,11.5,4082.45,11.5,17.69,16.27,-1.41,1.41,8.0,ENDC,ENEL COLOMBIA S.A. E.S.P.,28794000000.0,0.0,0.03,0.1,0.92,0.025,False
CERC,CERC S.A. E.S.P.,CNIOR,TOLIMA,ELET - TOLIMA,2027-01-01,FORECAST,True,12876627.04,10945132.98,1931494.06,85.0,15.0,Cubierta (85.0% Contratos / 15.0% Bolsa),30,429220.9,385.388,278467774.61,5875025773.85,3818766753.0,0.2192,0.3372,12,272898419.12,27289841.91,381.5341,267329063.63,27846777.46,1.05e-05,0.0,1931494.06,1145306745.42,1053682205.79,38629.88,14888987.69,14888987.69,22906134.91,21073644.12,-1832490.79,1832490.79,8.0,ENDC,ENEL COLOMBIA S.A. E.S.P.,28794000000.0,0.0,0.03,0.1,0.92,0.025,False
CERC,CERC S.A. E.S.P.,CNIOR,VALLE,CVC - VALLE DEL CAUCA,2027-01-01,HISTORICO,False,32009437.5,27208021.88,4801415.63,85.0,15.0,Cubierta (85.0% Contratos / 15.0% Bolsa),30,1066981.25,355.1233,24480000.0,1860000000.0,1209000000.0,13.7675,21.1808,12,24300000.0,2430000.0,361.0773,24120000.0,2448000.0,8.31e-06,0.0,200.4,200.4,184.37,27.59,9797.89,27.59,42.45,39.05,-3.4,3.4,8.0,ENDC,ENEL COLOMBIA S.A. E.S.P.,28794000000.0,0.0,0.03,0.1,0.92,0.025,False
CERC,CERC S.A. E.S.P.,CNIOR,VALLE,CVC - VALLE DEL CAUCA,2027-01-01,FORECAST,True,12876627.04,10945132.98,1931494.06,85.0,15.0,Cubierta (85.0% Contratos / 15.0% Bolsa),30,429220.9,385.388,665998752.83,5875025773.85,3818766753.0,0.2192,0.3372,12,652678777.77,65267877.78,381.5341,639358802.72,66599875.28,1.05e-05,0.0,1931494.06,1145306745.42,1053682205.79,38629.88,14888987.69,14888987.69,22906134.91,21073644.12,-1832490.79,1832490.79,8.0,ENDC,ENEL COLOMBIA S.A. E.S.P.,28794000000.0,0.0,0.03,0.1,0.92,0.025,False
CERC,CERC S.A. E.S.P.,CNIOR,ANTIOQUIA,EPM - ANTIOQUIA,2027-02-01,HISTORICO,False,32181531.25,27354301.56,4827229.69,85.0,15.0,Cubierta (85.0% Contratos / 15.0% Bolsa),30,1072717.71,362.8469,34250000.0,1870000000.0,1215500000.0,13.7675,21.1808,12,34000000.0,3400000.0,355.1233,33750000.0,3425000.0,8.45e-06,0.0,285.11,285.11,262.3,39.25,14242.77,39.25,60.39,55.56,-4.83,4.83,8.0,ENDC,ENEL COLOMBIA S.A. E.S.P.,28794000000.0,0.0,0.03,0.1,0.92,0.025,False
CERC,CERC S.A. E.S.P.,CNIOR,ANTIOQUIA,EPM - ANTIOQUIA,2027-02-01,FORECAST,True,11858013.94,10079311.85,1778702.09,85.0,15.0,Cubierta (85.0% Contratos / 15.0% Bolsa),30,395267.13,387.1475,848539104.55,5379652758.29,3496774292.91,0.2204,0.3391,12,831568322.46,83156832.25,383.2761,814597540.37,84853910.45,1.05e-05,0.0,1778702.09,1059223640.72,974485749.46,35574.04,13769907.33,13769907.33,21184472.81,19489714.99,-1694757.83,1694757.83,8.0,ENDC,ENEL COLOMBIA S.A. E.S.P.,28794000000.0,0.0,0.03,0.1,0.92,0.025,False
CERC,CERC S.A. E.S.P.,CNIOR,BOGOTA,ENEL - BOGOTA CUNDINAMARCA,2027-02-01,HISTORICO,False,32181531.25,27354301.56,4827229.69,85.0,15.0,Cubierta (85.0% Contratos / 15.0% Bolsa),30,1072717.71,362.8469,47950000.0,1870000000.0,1215500000.0,13.7675,21.1808,12,47600000.0,4760000.0,355.1233,47250000.0,4795000.0,8.45e-06,0.0,399.16,399.16,367.22,54.95,19939.87,54.95,84.54,77.78,-6.76,6.76,8.0,ENDC,ENEL COLOMBIA S.A. E.S.P.,28794000000.0,0.0,0.03,0.1,0.92,0.025,False
CERC,CERC S.A. E.S.P.,CNIOR,BOGOTA,ENEL - BOGOTA CUNDINAMARCA,2027-02-01,FORECAST,True,11858013.94,10079311.85,1778702.09,85.0,15.0,Cubierta (85.0% Contratos / 15.0% Bolsa),30,395267.13,387.1475,1187119777.02,5379652758.29,3496774292.91,0.2204,0.3391,12,1163377381.48,116337738.15,383.2761,1139634985.94,118711977.7,1.05e-05,0.0,1778702.09,1059223640.72,974485749.46,35574.04,13769907.33,13769907.33,21184472.81,19489714.99,-1694757.83,1694757.83,8.0,ENDC,ENEL COLOMBIA S.A. E.S.P.,28794000000.0,0.0,0.03,0.1,0.92,0.025,False
CERC,CERC S.A. E.S.P.,CNIOR,CARIBE_MAR,AFINIA - CARIBE MAR,2027-02-01,HISTORICO,False,32181531.25,27354301.56,4827229.69,85.0,15.0,Cubierta (85.0% Contratos / 15.0% Bolsa),30,1072717.71,362.8469,38360000.0,1870000000.0,1215500000.0,13.7675,21.1808,12,38080000.0,3808000.0,355.1233,37800000.0,3836000.0,8.45e-06,0.0,319.33,319.33,293.78,43.96,15951.9,43.96,67.64,62.22,-5.41,5.41,8.0,ENDC,ENEL COLOMBIA S.A. E.S.P.,28794000000.0,0.0,0.03,0.1,0.92,0.025,False
CERC,CERC S.A. E.S.P.,CNIOR,CARIBE_MAR,AFINIA - CARIBE MAR,2027-02-01,FORECAST,True,11858013.94,10079311.85,1778702.09,85.0,15.0,Cubierta (85.0% Contratos / 15.0% Bolsa),30,395267.13,387.1475,951525656.16,5379652758.29,3496774292.91,0.2204,0.3391,12,932495143.04,93249514.3,383.2761,913464629.91,95152565.62,1.05e-05,0.0,1778702.09,1059223640.72,974485749.46,35574.04,13769907.33,13769907.33,21184472.81,19489714.99,-1694757.83,1694757.83,8.0,ENDC,ENEL COLOMBIA S.A. E.S.P.,28794000000.0,0.0,0.03,0.1,0.92,0.025,False
CERC,CERC S.A. E.S.P.,CNIOR,CARIBE_SOL,AIR-E - CARIBE SOL,2027-02-01,HISTORICO,False,32181531.25,27354301.56,4827229.69,85.0,15.0,Cubierta (85.0% Contratos / 15.0% Bolsa),30,1072717.71,362.8469,30140000.0,1870000000.0,1215500000.0,13.7675,21.1808,12,29920000.0,2992000.0,355.1233,29700000.0,3014000.0,8.45e-06,0.0,250.9,250.9,230.83,34.54,12533.63,34.54,53.14,48.89,-4.25,4.25,8.0,ENDC,ENEL COLOMBIA S.A. E.S.P.,28794000000.0,0.0,0.03,0.1,0.92,0.025,False
CERC,CERC S.A. E.S.P.,CNIOR,CARIBE_SOL,AIR-E - CARIBE SOL,2027-02-01,FORECAST,True,11858013.94,10079311.85,1778702.09,85.0,15.0,Cubierta (85.0% Contratos / 15.0% Bolsa),30,395267.13,387.1475,746240385.53,5379652758.29,3496774292.91,0.2204,0.3391,12,731315577.82,73131557.78,383.2761,716390770.11,74624038.55,1.05e-05,0.0,1778702.09,1059223640.72,974485749.46,35574.04,13769907.33,13769907.33,21184472.81,19489714.99,-1694757.83,1694757.83,8.0,ENDC,ENEL COLOMBIA S.A. E.S.P.,28794000000.0,0.0,0.03,0.1,0.92,0.025,False
CERC,CERC S.A. E.S.P.,CNIOR,CUNDINAMARCA,EEC - CUNDINAMARCA,2027-02-01,HISTORICO,False,32181531.25,27354301.56,4827229.69,85.0,15.0,Cubierta (85.0% Contratos / 15.0% Bolsa),30,1072717.71,362.8469,12330000.0,1870000000.0,1215500000.0,13.7675,21.1808,12,12240000.0,1224000.0,355.1233,12150000.0,1233000.0,8.45e-06,0.0,102.64,102.64,94.43,14.13,5127.4,14.13,21.74,20.0,-1.74,1.74,8.0,ENDC,ENEL COLOMBIA S.A. E.S.P.,28794000000.0,0.0,0.03,0.1,0.92,0.025,False
CERC,CERC S.A. E.S.P.,CNIOR,CUNDINAMARCA,EEC - CUNDINAMARCA,2027-02-01,FORECAST,True,11858013.94,10079311.85,1778702.09,85.0,15.0,Cubierta (85.0% Contratos / 15.0% Bolsa),30,395267.13,387.1475,305505195.12,5379652758.29,3496774292.91,0.2204,0.3391,12,299395091.22,29939509.12,383.2761,293284987.32,30550519.51,1.05e-05,0.0,1778702.09,1059223640.72,974485749.46,35574.04,13769907.33,13769907.33,21184472.81,19489714.99,-1694757.83,1694757.83,8.0,ENDC,ENEL COLOMBIA S.A. E.S.P.,28794000000.0,0.0,0.03,0.1,0.92,0.025,False
CERC,CERC S.A. E.S.P.,CNIOR,SANTANDER,ESSA - SANTANDER,2027-02-01,HISTORICO,False,32181531.25,27354301.56,4827229.69,85.0,15.0,Cubierta (85.0% Contratos / 15.0% Bolsa),30,1072717.71,362.8469,19180000.0,1870000000.0,1215500000.0,13.7675,21.1808,12,19040000.0,1904000.0,355.1233,18900000.0,1918000.0,8.45e-06,0.0,159.66,159.66,146.89,21.98,7975.95,21.98,33.82,31.11,-2.71,2.71,8.0,ENDC,ENEL COLOMBIA S.A. E.S.P.,28794000000.0,0.0,0.03,0.1,0.92,0.025,False
CERC,CERC S.A. E.S.P.,CNIOR,SANTANDER,ESSA - SANTANDER,2027-02-01,FORECAST,True,11858013.94,10079311.85,1778702.09,85.0,15.0,Cubierta (85.0% Contratos / 15.0% Bolsa),30,395267.13,387.1475,475632199.54,5379652758.29,3496774292.91,0.2204,0.3391,12,466119555.55,46611955.55,383.2761,456606911.56,47563219.95,1.05e-05,0.0,1778702.09,1059223640.72,974485749.46,35574.04,13769907.33,13769907.33,21184472.81,19489714.99,-1694757.83,1694757.83,8.0,ENDC,ENEL COLOMBIA S.A. E.S.P.,28794000000.0,0.0,0.03,0.1,0.92,0.025,False
CERC,CERC S.A. E.S.P.,CNIOR,TOLIMA,ELET - TOLIMA,2027-02-01,HISTORICO,False,32181531.25,27354301.56,4827229.69,85.0,15.0,Cubierta (85.0% Contratos / 15.0% Bolsa),30,1072717.71,362.8469,10275000.0,1870000000.0,1215500000.0,13.7675,21.1808,12,10200000.0,1020000.0,355.1233,10125000.0,1027500.0,8.45e-06,0.0,85.53,85.53,78.69,11.78,4272.83,11.78,18.12,16.67,-1.45,1.45,8.0,ENDC,ENEL COLOMBIA S.A. E.S.P.,28794000000.0,0.0,0.03,0.1,0.92,0.025,False
CERC,CERC S.A. E.S.P.,CNIOR,TOLIMA,ELET - TOLIMA,2027-02-01,FORECAST,True,11858013.94,10079311.85,1778702.09,85.0,15.0,Cubierta (85.0% Contratos / 15.0% Bolsa),30,395267.13,387.1475,254775515.49,5379652758.29,3496774292.91,0.2204,0.3391,12,249680005.18,24968000.52,383.2761,244584494.87,25477551.55,1.05e-05,0.0,1778702.09,1059223640.72,974485749.46,35574.04,13769907.33,13769907.33,21184472.81,19489714.99,-1694757.83,1694757.83,8.0,ENDC,ENEL COLOMBIA S.A. E.S.P.,28794000000.0,0.0,0.03,0.1,0.92,0.025,False
CERC,CERC S.A. E.S.P.,CNIOR,VALLE,CVC - VALLE DEL CAUCA,2027-02-01,HISTORICO,False,32181531.25,27354301.56,4827229.69,85.0,15.0,Cubierta (85.0% Contratos / 15.0% Bolsa),30,1072717.71,362.8469,24660000.0,1870000000.0,1215500000.0,13.7675,21.1808,12,24480000.0,2448000.0,355.1233,24300000.0,2466000.0,8.45e-06,0.0,205.28,205.28,188.86,28.26,10254.79,28.26,43.48,40.0,-3.48,3.48,8.0,ENDC,ENEL COLOMBIA S.A. E.S.P.,28794000000.0,0.0,0.03,0.1,0.92,0.025,False
CERC,CERC S.A. E.S.P.,CNIOR,VALLE,CVC - VALLE DEL CAUCA,2027-02-01,FORECAST,True,11858013.94,10079311.85,1778702.09,85.0,15.0,Cubierta (85.0% Contratos / 15.0% Bolsa),30,395267.13,387.1475,610314924.88,5379652758.29,3496774292.91,0.2204,0.3391,12,598108626.38,59810862.64,383.2761,585902327.88,61031492.49,1.05e-05,0.0,1778702.09,1059223640.72,974485749.46,35574.04,13769907.33,13769907.33,21184472.81,19489714.99,-1694757.83,1694757.83,8.0,ENDC,ENEL COLOMBIA S.A. E.S.P.,28794000000.0,0.0,0.03,0.1,0.92,0.025,False
