Fecha (Día),dia,Período (Mes),Es Pronóstico (Sí/No),Código Mercado Comercialización,Demanda Mercado Total (VR - DemaCome) [kWh],Demanda Comercial Agente (VR - DemaComeReg) [kWh],vr_total_todos_agentes_kwh,vr_total_cniors_kwh,Costo Unitario (CU - PrecPromCont) [COP/kWh],Cobertura Energía en Contratos [kWh],Exposición Energía en Bolsa Spot [kWh],Porcentaje Cobertura Contratos [%],Porcentaje Exposición Bolsa Spot [%],Estado Cobertura Demanda,Asignación Diaria PUI [kWh],Valor Diarios PUI [COP],Egreso Giro Diario al CIOR [COP],Recaudo Real Diario Agente [COP],Flujo Neto Caja Diarios [COP],Sobrecosto Diarios [COP],pct_perdida_incobrabilidad
2026-08-28,28,2026-08-01,True,ANTIOQUIA,30294375.03,438780.075,191189575.26999998,124273223.93,362.8469,372963.06,65817.01,85.0,15.0,Cubierta (85.0% Contratos / 15.0% Bolsa),1316.3402250000001,477629.96998655255,734815.3384142419,676030.1113411026,-58785.22707313928,58785.22707313928,7.99999999999999
2026-08-28,28,2026-08-01,True,BOGOTA,42582435.63,438780.075,191189575.26999998,124273223.93,362.8469,372963.06,65817.01,85.0,15.0,Cubierta (85.0% Contratos / 15.0% Bolsa),1316.3402250000001,477629.96998655255,734815.3384142419,676030.1113411026,-58785.22707313928,58785.22707313928,7.99999999999999
2026-08-28,28,2026-08-01,True,CARIBE_MAR,33155901.12,438780.075,191189575.26999998,124273223.93,362.8469,372963.06,65817.01,85.0,15.0,Cubierta (85.0% Contratos / 15.0% Bolsa),1316.3402250000001,477629.96998655255,734815.3384142419,676030.1113411026,-58785.22707313928,58785.22707313928,7.99999999999999
2026-08-28,28,2026-08-01,True,CARIBE_SOL,26722408.3,438780.075,191189575.26999998,124273223.93,362.8469,372963.06,65817.01,85.0,15.0,Cubierta (85.0% Contratos / 15.0% Bolsa),1316.3402250000001,477629.96998655255,734815.3384142419,676030.1113411026,-58785.22707313928,58785.22707313928,7.99999999999999
2026-08-28,28,2026-08-01,True,VALLE,21466814.08,438780.075,191189575.26999998,124273223.93,362.8469,372963.06,65817.01,85.0,15.0,Cubierta (85.0% Contratos / 15.0% Bolsa),1316.3402250000001,477629.96998655255,734815.3384142419,676030.1113411026,-58785.22707313928,58785.22707313928,7.99999999999999
2026-08-28,28,2026-08-01,True,SANTANDER,16994808.65,438780.075,191189575.26999998,124273223.93,362.8469,372963.06,65817.01,85.0,15.0,Cubierta (85.0% Contratos / 15.0% Bolsa),1316.3402250000001,477629.96998655255,734815.3384142419,676030.1113411026,-58785.22707313928,58785.22707313928,7.99999999999999
2026-08-28,28,2026-08-01,True,CUNDINAMARCA,10850998.01,438780.075,191189575.26999998,124273223.93,362.8469,372963.06,65817.01,85.0,15.0,Cubierta (85.0% Contratos / 15.0% Bolsa),1316.3402250000001,477629.96998655255,734815.3384142419,676030.1113411026,-58785.22707313928,58785.22707313928,7.99999999999999
2026-08-28,28,2026-08-01,True,TOLIMA,9121834.45,438780.075,191189575.26999998,124273223.93,362.8469,372963.06,65817.01,85.0,15.0,Cubierta (85.0% Contratos / 15.0% Bolsa),1316.3402250000001,477629.96998655255,734815.3384142419,676030.1113411026,-58785.22707313928,58785.22707313928,7.99999999999999
2026-08-29,29,2026-08-01,True,ANTIOQUIA,25415661.64,312529.65125,161514031.73000002,104984120.62,363.5664,265650.2,46879.45,85.0,15.0,Cubierta (85.0% Contratos / 15.0% Bolsa),937.58895375,340875.840594654,524424.3701681003,482470.42055465234,-41953.949613448,41953.949613448,7.999999999999995
2026-08-29,29,2026-08-01,True,BOGOTA,35954551.8,312529.65125,161514031.73000002,104984120.62,363.5664,265650.2,46879.45,85.0,15.0,Cubierta (85.0% Contratos / 15.0% Bolsa),937.58895375,340875.840594654,524424.3701681003,482470.42055465234,-41953.949613448,41953.949613448,7.999999999999995
2026-08-29,29,2026-08-01,True,CARIBE_MAR,28323762.62,312529.65125,161514031.73000002,104984120.62,363.5664,265650.2,46879.45,85.0,15.0,Cubierta (85.0% Contratos / 15.0% Bolsa),937.58895375,340875.840594654,524424.3701681003,482470.42055465234,-41953.949613448,41953.949613448,7.999999999999995
2026-08-29,29,2026-08-01,True,CARIBE_SOL,22343753.98,312529.65125,161514031.73000002,104984120.62,363.5664,265650.2,46879.45,85.0,15.0,Cubierta (85.0% Contratos / 15.0% Bolsa),937.58895375,340875.840594654,524424.3701681003,482470.42055465234,-41953.949613448,41953.949613448,7.999999999999995
2026-08-29,29,2026-08-01,True,VALLE,18496247.96,312529.65125,161514031.73000002,104984120.62,363.5664,265650.2,46879.45,85.0,15.0,Cubierta (85.0% Contratos / 15.0% Bolsa),937.58895375,340875.840594654,524424.3701681003,482470.42055465234,-41953.949613448,41953.949613448,7.999999999999995
2026-08-29,29,2026-08-01,True,SANTANDER,14223805.37,312529.65125,161514031.73000002,104984120.62,363.5664,265650.2,46879.45,85.0,15.0,Cubierta (85.0% Contratos / 15.0% Bolsa),937.58895375,340875.840594654,524424.3701681003,482470.42055465234,-41953.949613448,41953.949613448,7.999999999999995
2026-08-29,29,2026-08-01,True,CUNDINAMARCA,9183842.15,312529.65125,161514031.73000002,104984120.62,363.5664,265650.2,46879.45,85.0,15.0,Cubierta (85.0% Contratos / 15.0% Bolsa),937.58895375,340875.840594654,524424.3701681003,482470.42055465234,-41953.949613448,41953.949613448,7.999999999999995
2026-08-29,29,2026-08-01,True,TOLIMA,7572406.21,312529.65125,161514031.73000002,104984120.62,363.5664,265650.2,46879.45,85.0,15.0,Cubierta (85.0% Contratos / 15.0% Bolsa),937.58895375,340875.840594654,524424.3701681003,482470.42055465234,-41953.949613448,41953.949613448,7.999999999999995
2026-08-30,30,2026-08-01,True,ANTIOQUIA,25882663.81,312992.225,161753088.17000002,105139507.31,364.2743,266043.39,46948.83,85.0,15.0,Cubierta (85.0% Contratos / 15.0% Bolsa),938.976675,342045.07100195246,526223.1861593524,484125.33126660425,-42097.854892748175,42097.854892748175,7.9999999999999964
2026-08-30,30,2026-08-01,True,BOGOTA,35774300.14,312992.225,161753088.17000002,105139507.31,364.2743,266043.39,46948.83,85.0,15.0,Cubierta (85.0% Contratos / 15.0% Bolsa),938.976675,342045.07100195246,526223.1861593524,484125.33126660425,-42097.854892748175,42097.854892748175,7.9999999999999964
2026-08-30,30,2026-08-01,True,CARIBE_MAR,28232481.0,312992.225,161753088.17000002,105139507.31,364.2743,266043.39,46948.83,85.0,15.0,Cubierta (85.0% Contratos / 15.0% Bolsa),938.976675,342045.07100195246,526223.1861593524,484125.33126660425,-42097.854892748175,42097.854892748175,7.9999999999999964
2026-08-30,30,2026-08-01,True,CARIBE_SOL,22558774.87,312992.225,161753088.17000002,105139507.31,364.2743,266043.39,46948.83,85.0,15.0,Cubierta (85.0% Contratos / 15.0% Bolsa),938.976675,342045.07100195246,526223.1861593524,484125.33126660425,-42097.854892748175,42097.854892748175,7.9999999999999964
2026-08-30,30,2026-08-01,True,VALLE,18492757.84,312992.225,161753088.17000002,105139507.31,364.2743,266043.39,46948.83,85.0,15.0,Cubierta (85.0% Contratos / 15.0% Bolsa),938.976675,342045.07100195246,526223.1861593524,484125.33126660425,-42097.854892748175,42097.854892748175,7.9999999999999964
2026-08-30,30,2026-08-01,True,SANTANDER,14151613.05,312992.225,161753088.17000002,105139507.31,364.2743,266043.39,46948.83,85.0,15.0,Cubierta (85.0% Contratos / 15.0% Bolsa),938.976675,342045.07100195246,526223.1861593524,484125.33126660425,-42097.854892748175,42097.854892748175,7.9999999999999964
2026-08-30,30,2026-08-01,True,CUNDINAMARCA,9137031.47,312992.225,161753088.17000002,105139507.31,364.2743,266043.39,46948.83,85.0,15.0,Cubierta (85.0% Contratos / 15.0% Bolsa),938.976675,342045.07100195246,526223.1861593524,484125.33126660425,-42097.854892748175,42097.854892748175,7.9999999999999964
2026-08-30,30,2026-08-01,True,TOLIMA,7523465.99,312992.225,161753088.17000002,105139507.31,364.2743,266043.39,46948.83,85.0,15.0,Cubierta (85.0% Contratos / 15.0% Bolsa),938.976675,342045.07100195246,526223.1861593524,484125.33126660425,-42097.854892748175,42097.854892748175,7.9999999999999964
2026-08-31,31,2026-08-01,True,ANTIOQUIA,30686541.09,441478.7375,192365463.16,125037551.05,364.9592,375256.93,66221.81,85.0,15.0,Cubierta (85.0% Contratos / 15.0% Bolsa),1324.4362125,483365.18056503,743638.7393546047,684147.6402062364,-59491.09914836835,59491.09914836835,7.9999999999999964
2026-08-31,31,2026-08-01,True,BOGOTA,42846200.43,441478.7375,192365463.16,125037551.05,364.9592,375256.93,66221.81,85.0,15.0,Cubierta (85.0% Contratos / 15.0% Bolsa),1324.4362125,483365.18056503,743638.7393546047,684147.6402062364,-59491.09914836835,59491.09914836835,7.9999999999999964
2026-08-31,31,2026-08-01,True,CARIBE_MAR,33779711.75,441478.7375,192365463.16,125037551.05,364.9592,375256.93,66221.81,85.0,15.0,Cubierta (85.0% Contratos / 15.0% Bolsa),1324.4362125,483365.18056503,743638.7393546047,684147.6402062364,-59491.09914836835,59491.09914836835,7.9999999999999964
2026-08-31,31,2026-08-01,True,CARIBE_SOL,26697930.41,441478.7375,192365463.16,125037551.05,364.9592,375256.93,66221.81,85.0,15.0,Cubierta (85.0% Contratos / 15.0% Bolsa),1324.4362125,483365.18056503,743638.7393546047,684147.6402062364,-59491.09914836835,59491.09914836835,7.9999999999999964
2026-08-31,31,2026-08-01,True,VALLE,21822079.0,441478.7375,192365463.16,125037551.05,364.9592,375256.93,66221.81,85.0,15.0,Cubierta (85.0% Contratos / 15.0% Bolsa),1324.4362125,483365.18056503,743638.7393546047,684147.6402062364,-59491.09914836835,59491.09914836835,7.9999999999999964
2026-08-31,31,2026-08-01,True,SANTANDER,16697449.99,441478.7375,192365463.16,125037551.05,364.9592,375256.93,66221.81,85.0,15.0,Cubierta (85.0% Contratos / 15.0% Bolsa),1324.4362125,483365.18056503,743638.7393546047,684147.6402062364,-59491.09914836835,59491.09914836835,7.9999999999999964
2026-08-31,31,2026-08-01,True,CUNDINAMARCA,10812959.95,441478.7375,192365463.16,125037551.05,364.9592,375256.93,66221.81,85.0,15.0,Cubierta (85.0% Contratos / 15.0% Bolsa),1324.4362125,483365.18056503,743638.7393546047,684147.6402062364,-59491.09914836835,59491.09914836835,7.9999999999999964
2026-08-31,31,2026-08-01,True,TOLIMA,9022590.54,441478.7375,192365463.16,125037551.05,364.9592,375256.93,66221.81,85.0,15.0,Cubierta (85.0% Contratos / 15.0% Bolsa),1324.4362125,483365.18056503,743638.7393546047,684147.6402062364,-59491.09914836835,59491.09914836835,7.9999999999999964
2026-09-01,1,2026-09-01,True,ANTIOQUIA,30230386.3,439038.89125,191302349.32,124346527.06,365.6102,373183.06,65855.83,85.0,15.0,Cubierta (85.0% Contratos / 15.0% Bolsa),1317.11667375,481551.2905130723,740848.1392389645,681580.2880998474,-59267.85113911715,59267.85113911715,7.999999999999999
2026-09-01,1,2026-09-01,True,BOGOTA,42334044.55,439038.89125,191302349.32,124346527.06,365.6102,373183.06,65855.83,85.0,15.0,Cubierta (85.0% Contratos / 15.0% Bolsa),1317.11667375,481551.2905130723,740848.1392389645,681580.2880998474,-59267.85113911715,59267.85113911715,7.999999999999999
2026-09-01,1,2026-09-01,True,CARIBE_MAR,33565099.99,439038.89125,191302349.32,124346527.06,365.6102,373183.06,65855.83,85.0,15.0,Cubierta (85.0% Contratos / 15.0% Bolsa),1317.11667375,481551.2905130723,740848.1392389645,681580.2880998474,-59267.85113911715,59267.85113911715,7.999999999999999
2026-09-01,1,2026-09-01,True,CARIBE_SOL,26712519.87,439038.89125,191302349.32,124346527.06,365.6102,373183.06,65855.83,85.0,15.0,Cubierta (85.0% Contratos / 15.0% Bolsa),1317.11667375,481551.2905130723,740848.1392389645,681580.2880998474,-59267.85113911715,59267.85113911715,7.999999999999999
2026-09-01,1,2026-09-01,True,VALLE,21638769.29,439038.89125,191302349.32,124346527.06,365.6102,373183.06,65855.83,85.0,15.0,Cubierta (85.0% Contratos / 15.0% Bolsa),1317.11667375,481551.2905130723,740848.1392389645,681580.2880998474,-59267.85113911715,59267.85113911715,7.999999999999999
2026-09-01,1,2026-09-01,True,SANTANDER,16777529.82,439038.89125,191302349.32,124346527.06,365.6102,373183.06,65855.83,85.0,15.0,Cubierta (85.0% Contratos / 15.0% Bolsa),1317.11667375,481551.2905130723,740848.1392389645,681580.2880998474,-59267.85113911715,59267.85113911715,7.999999999999999
2026-09-01,1,2026-09-01,True,CUNDINAMARCA,10863077.9,439038.89125,191302349.32,124346527.06,365.6102,373183.06,65855.83,85.0,15.0,Cubierta (85.0% Contratos / 15.0% Bolsa),1317.11667375,481551.2905130723,740848.1392389645,681580.2880998474,-59267.85113911715,59267.85113911715,7.999999999999999
2026-09-01,1,2026-09-01,True,TOLIMA,9180921.6,439038.89125,191302349.32,124346527.06,365.6102,373183.06,65855.83,85.0,15.0,Cubierta (85.0% Contratos / 15.0% Bolsa),1317.11667375,481551.2905130723,740848.1392389645,681580.2880998474,-59267.85113911715,59267.85113911715,7.999999999999999
2026-09-02,2,2026-09-01,True,ANTIOQUIA,30314407.66,438004.14,190851477.33999997,124053460.27,366.2172,372303.52,65700.62,85.0,15.0,Cubierta (85.0% Contratos / 15.0% Bolsa),1314.01242,481213.949217624,740329.1526484663,681102.8204365891,-59226.33221187722,59226.33221187722,7.999999999999989
2026-09-02,2,2026-09-01,True,BOGOTA,41907372.74,438004.14,190851477.33999997,124053460.27,366.2172,372303.52,65700.62,85.0,15.0,Cubierta (85.0% Contratos / 15.0% Bolsa),1314.01242,481213.949217624,740329.1526484663,681102.8204365891,-59226.33221187722,59226.33221187722,7.999999999999989
2026-09-02,2,2026-09-01,True,CARIBE_MAR,33547343.57,438004.14,190851477.33999997,124053460.27,366.2172,372303.52,65700.62,85.0,15.0,Cubierta (85.0% Contratos / 15.0% Bolsa),1314.01242,481213.949217624,740329.1526484663,681102.8204365891,-59226.33221187722,59226.33221187722,7.999999999999989
2026-09-02,2,2026-09-01,True,CARIBE_SOL,26155441.16,438004.14,190851477.33999997,124053460.27,366.2172,372303.52,65700.62,85.0,15.0,Cubierta (85.0% Contratos / 15.0% Bolsa),1314.01242,481213.949217624,740329.1526484663,681102.8204365891,-59226.33221187722,59226.33221187722,7.999999999999989
2026-09-02,2,2026-09-01,True,VALLE,21943990.2,438004.14,190851477.33999997,124053460.27,366.2172,372303.52,65700.62,85.0,15.0,Cubierta (85.0% Contratos / 15.0% Bolsa),1314.01242,481213.949217624,740329.1526484663,681102.8204365891,-59226.33221187722,59226.33221187722,7.999999999999989
2026-09-02,2,2026-09-01,True,SANTANDER,17064796.59,438004.14,190851477.33999997,124053460.27,366.2172,372303.52,65700.62,85.0,15.0,Cubierta (85.0% Contratos / 15.0% Bolsa),1314.01242,481213.949217624,740329.1526484663,681102.8204365891,-59226.33221187722,59226.33221187722,7.999999999999989
2026-09-02,2,2026-09-01,True,CUNDINAMARCA,10945855.01,438004.14,190851477.33999997,124053460.27,366.2172,372303.52,65700.62,85.0,15.0,Cubierta (85.0% Contratos / 15.0% Bolsa),1314.01242,481213.949217624,740329.1526484663,681102.8204365891,-59226.33221187722,59226.33221187722,7.999999999999989
2026-09-02,2,2026-09-01,True,TOLIMA,8972270.41,438004.14,190851477.33999997,124053460.27,366.2172,372303.52,65700.62,85.0,15.0,Cubierta (85.0% Contratos / 15.0% Bolsa),1314.01242,481213.949217624,740329.1526484663,681102.8204365891,-59226.33221187722,59226.33221187722,7.999999999999989
2026-09-03,3,2026-09-01,True,ANTIOQUIA,30560857.24,440129.2225,191777438.95,124655335.32,366.7708,374109.84,66019.38,85.0,15.0,Cubierta (85.0% Contratos / 15.0% Bolsa),1320.3876675,484279.641119109,745045.601706764,685441.9535702228,-59603.64813654113,59603.64813654113,8.000000000000002
2026-09-03,3,2026-09-01,True,BOGOTA,42023383.91,440129.2225,191777438.95,124655335.32,366.7708,374109.84,66019.38,85.0,15.0,Cubierta (85.0% Contratos / 15.0% Bolsa),1320.3876675,484279.641119109,745045.601706764,685441.9535702228,-59603.64813654113,59603.64813654113,8.000000000000002
2026-09-03,3,2026-09-01,True,CARIBE_MAR,33991850.65,440129.2225,191777438.95,124655335.32,366.7708,374109.84,66019.38,85.0,15.0,Cubierta (85.0% Contratos / 15.0% Bolsa),1320.3876675,484279.641119109,745045.601706764,685441.9535702228,-59603.64813654113,59603.64813654113,8.000000000000002
2026-09-03,3,2026-09-01,True,CARIBE_SOL,26604272.37,440129.2225,191777438.95,124655335.32,366.7708,374109.84,66019.38,85.0,15.0,Cubierta (85.0% Contratos / 15.0% Bolsa),1320.3876675,484279.641119109,745045.601706764,685441.9535702228,-59603.64813654113,59603.64813654113,8.000000000000002
2026-09-03,3,2026-09-01,True,VALLE,21881922.99,440129.2225,191777438.95,124655335.32,366.7708,374109.84,66019.38,85.0,15.0,Cubierta (85.0% Contratos / 15.0% Bolsa),1320.3876675,484279.641119109,745045.601706764,685441.9535702228,-59603.64813654113,59603.64813654113,8.000000000000002
2026-09-03,3,2026-09-01,True,SANTANDER,16844923.7,440129.2225,191777438.95,124655335.32,366.7708,374109.84,66019.38,85.0,15.0,Cubierta (85.0% Contratos / 15.0% Bolsa),1320.3876675,484279.641119109,745045.601706764,685441.9535702228,-59603.64813654113,59603.64813654113,8.000000000000002
2026-09-03,3,2026-09-01,True,CUNDINAMARCA,10855357.89,440129.2225,191777438.95,124655335.32,366.7708,374109.84,66019.38,85.0,15.0,Cubierta (85.0% Contratos / 15.0% Bolsa),1320.3876675,484279.641119109,745045.601706764,685441.9535702228,-59603.64813654113,59603.64813654113,8.000000000000002
2026-09-03,3,2026-09-01,True,TOLIMA,9014870.2,440129.2225,191777438.95,124655335.32,366.7708,374109.84,66019.38,85.0,15.0,Cubierta (85.0% Contratos / 15.0% Bolsa),1320.3876675,484279.641119109,745045.601706764,685441.9535702228,-59603.64813654113,59603.64813654113,8.000000000000002
2026-09-04,4,2026-09-01,True,ANTIOQUIA,30223091.35,441995.29625,192590543.09,125183853.01,367.2628,375696.0,66299.29,85.0,15.0,Cubierta (85.0% Contratos / 15.0% Bolsa),1325.98588875,486985.2902628135,749208.1388568897,689271.4877483385,-59936.65110855119,59936.65110855119,8.000000000000002
2026-09-04,4,2026-09-01,True,BOGOTA,43073777.24,441995.29625,192590543.09,125183853.01,367.2628,375696.0,66299.29,85.0,15.0,Cubierta (85.0% Contratos / 15.0% Bolsa),1325.98588875,486985.2902628135,749208.1388568897,689271.4877483385,-59936.65110855119,59936.65110855119,8.000000000000002
2026-09-04,4,2026-09-01,True,CARIBE_MAR,33801515.95,441995.29625,192590543.09,125183853.01,367.2628,375696.0,66299.29,85.0,15.0,Cubierta (85.0% Contratos / 15.0% Bolsa),1325.98588875,486985.2902628135,749208.1388568897,689271.4877483385,-59936.65110855119,59936.65110855119,8.000000000000002
2026-09-04,4,2026-09-01,True,CARIBE_SOL,26559412.45,441995.29625,192590543.09,125183853.01,367.2628,375696.0,66299.29,85.0,15.0,Cubierta (85.0% Contratos / 15.0% Bolsa),1325.98588875,486985.2902628135,749208.1388568897,689271.4877483385,-59936.65110855119,59936.65110855119,8.000000000000002
2026-09-04,4,2026-09-01,True,VALLE,21932121.4,441995.29625,192590543.09,125183853.01,367.2628,375696.0,66299.29,85.0,15.0,Cubierta (85.0% Contratos / 15.0% Bolsa),1325.98588875,486985.2902628135,749208.1388568897,689271.4877483385,-59936.65110855119,59936.65110855119,8.000000000000002
2026-09-04,4,2026-09-01,True,SANTANDER,17019219.08,441995.29625,192590543.09,125183853.01,367.2628,375696.0,66299.29,85.0,15.0,Cubierta (85.0% Contratos / 15.0% Bolsa),1325.98588875,486985.2902628135,749208.1388568897,689271.4877483385,-59936.65110855119,59936.65110855119,8.000000000000002
2026-09-04,4,2026-09-01,True,CUNDINAMARCA,10868467.14,441995.29625,192590543.09,125183853.01,367.2628,375696.0,66299.29,85.0,15.0,Cubierta (85.0% Contratos / 15.0% Bolsa),1325.98588875,486985.2902628135,749208.1388568897,689271.4877483385,-59936.65110855119,59936.65110855119,8.000000000000002
2026-09-04,4,2026-09-01,True,TOLIMA,9112938.48,441995.29625,192590543.09,125183853.01,367.2628,375696.0,66299.29,85.0,15.0,Cubierta (85.0% Contratos / 15.0% Bolsa),1325.98588875,486985.2902628135,749208.1388568897,689271.4877483385,-59936.65110855119,59936.65110855119,8.000000000000002
2026-09-05,5,2026-09-01,True,ANTIOQUIA,25585934.69,314710.51875,162641094.88,105716711.67,367.6862,267503.94,47206.58,85.0,15.0,Cubierta (85.0% Contratos / 15.0% Bolsa),944.13155625,347144.1442176487,534067.9141911017,491342.48105581355,-42725.43313528813,42725.43313528813,7.999999999999999
2026-09-05,5,2026-09-01,True,BOGOTA,35983140.6,314710.51875,162641094.88,105716711.67,367.6862,267503.94,47206.58,85.0,15.0,Cubierta (85.0% Contratos / 15.0% Bolsa),944.13155625,347144.1442176487,534067.9141911017,491342.48105581355,-42725.43313528813,42725.43313528813,7.999999999999999
2026-09-05,5,2026-09-01,True,CARIBE_MAR,28810099.6,314710.51875,162641094.88,105716711.67,367.6862,267503.94,47206.58,85.0,15.0,Cubierta (85.0% Contratos / 15.0% Bolsa),944.13155625,347144.1442176487,534067.9141911017,491342.48105581355,-42725.43313528813,42725.43313528813,7.999999999999999
2026-09-05,5,2026-09-01,True,CARIBE_SOL,22567010.7,314710.51875,162641094.88,105716711.67,367.6862,267503.94,47206.58,85.0,15.0,Cubierta (85.0% Contratos / 15.0% Bolsa),944.13155625,347144.1442176487,534067.9141911017,491342.48105581355,-42725.43313528813,42725.43313528813,7.999999999999999
2026-09-05,5,2026-09-01,True,VALLE,18452392.29,314710.51875,162641094.88,105716711.67,367.6862,267503.94,47206.58,85.0,15.0,Cubierta (85.0% Contratos / 15.0% Bolsa),944.13155625,347144.1442176487,534067.9141911017,491342.48105581355,-42725.43313528813,42725.43313528813,7.999999999999999
2026-09-05,5,2026-09-01,True,SANTANDER,14369075.54,314710.51875,162641094.88,105716711.67,367.6862,267503.94,47206.58,85.0,15.0,Cubierta (85.0% Contratos / 15.0% Bolsa),944.13155625,347144.1442176487,534067.9141911017,491342.48105581355,-42725.43313528813,42725.43313528813,7.999999999999999
2026-09-05,5,2026-09-01,True,CUNDINAMARCA,9180920.98,314710.51875,162641094.88,105716711.67,367.6862,267503.94,47206.58,85.0,15.0,Cubierta (85.0% Contratos / 15.0% Bolsa),944.13155625,347144.1442176487,534067.9141911017,491342.48105581355,-42725.43313528813,42725.43313528813,7.999999999999999
2026-09-05,5,2026-09-01,True,TOLIMA,7692520.48,314710.51875,162641094.88,105716711.67,367.6862,267503.94,47206.58,85.0,15.0,Cubierta (85.0% Contratos / 15.0% Bolsa),944.13155625,347144.1442176487,534067.9141911017,491342.48105581355,-42725.43313528813,42725.43313528813,7.999999999999999
2026-09-06,6,2026-09-01,True,ANTIOQUIA,25540499.68,314986.5575,162783750.62,105809437.9,368.0355,267738.57,47247.98,85.0,15.0,Cubierta (85.0% Contratos / 15.0% Bolsa),944.9596725,347778.70554837375,535044.1623972835,492240.62940550083,-42803.532991782646,42803.532991782646,7.999999999999993
2026-09-06,6,2026-09-01,True,BOGOTA,35932140.99,314986.5575,162783750.62,105809437.9,368.0355,267738.57,47247.98,85.0,15.0,Cubierta (85.0% Contratos / 15.0% Bolsa),944.9596725,347778.70554837375,535044.1623972835,492240.62940550083,-42803.532991782646,42803.532991782646,7.999999999999993
2026-09-06,6,2026-09-01,True,CARIBE_MAR,29090336.26,314986.5575,162783750.62,105809437.9,368.0355,267738.57,47247.98,85.0,15.0,Cubierta (85.0% Contratos / 15.0% Bolsa),944.9596725,347778.70554837375,535044.1623972835,492240.62940550083,-42803.532991782646,42803.532991782646,7.999999999999993
2026-09-06,6,2026-09-01,True,CARIBE_SOL,22614546.66,314986.5575,162783750.62,105809437.9,368.0355,267738.57,47247.98,85.0,15.0,Cubierta (85.0% Contratos / 15.0% Bolsa),944.9596725,347778.70554837375,535044.1623972835,492240.62940550083,-42803.532991782646,42803.532991782646,7.999999999999993
2026-09-06,6,2026-09-01,True,VALLE,18225706.91,314986.5575,162783750.62,105809437.9,368.0355,267738.57,47247.98,85.0,15.0,Cubierta (85.0% Contratos / 15.0% Bolsa),944.9596725,347778.70554837375,535044.1623972835,492240.62940550083,-42803.532991782646,42803.532991782646,7.999999999999993
2026-09-06,6,2026-09-01,True,SANTANDER,14451282.97,314986.5575,162783750.62,105809437.9,368.0355,267738.57,47247.98,85.0,15.0,Cubierta (85.0% Contratos / 15.0% Bolsa),944.9596725,347778.70554837375,535044.1623972835,492240.62940550083,-42803.532991782646,42803.532991782646,7.999999999999993
2026-09-06,6,2026-09-01,True,CUNDINAMARCA,9274535.56,314986.5575,162783750.62,105809437.9,368.0355,267738.57,47247.98,85.0,15.0,Cubierta (85.0% Contratos / 15.0% Bolsa),944.9596725,347778.70554837375,535044.1623972835,492240.62940550083,-42803.532991782646,42803.532991782646,7.999999999999993
2026-09-06,6,2026-09-01,True,TOLIMA,7654701.59,314986.5575,162783750.62,105809437.9,368.0355,267738.57,47247.98,85.0,15.0,Cubierta (85.0% Contratos / 15.0% Bolsa),944.9596725,347778.70554837375,535044.1623972835,492240.62940550083,-42803.532991782646,42803.532991782646,7.999999999999993
2026-09-07,7,2026-09-01,True,ANTIOQUIA,30382497.95,442526.435,192821975.99,125334284.39,368.3065,376147.47,66378.97,85.0,15.0,Cubierta (85.0% Contratos / 15.0% Bolsa),1327.579305,488956.0872969825,752240.1343240568,692060.9235781323,-60179.2107459245,60179.2107459245,7.999999999999995
2026-09-07,7,2026-09-01,True,BOGOTA,42528036.84,442526.435,192821975.99,125334284.39,368.3065,376147.47,66378.97,85.0,15.0,Cubierta (85.0% Contratos / 15.0% Bolsa),1327.579305,488956.0872969825,752240.1343240568,692060.9235781323,-60179.2107459245,60179.2107459245,7.999999999999995
2026-09-07,7,2026-09-01,True,CARIBE_MAR,33974588.74,442526.435,192821975.99,125334284.39,368.3065,376147.47,66378.97,85.0,15.0,Cubierta (85.0% Contratos / 15.0% Bolsa),1327.579305,488956.0872969825,752240.1343240568,692060.9235781323,-60179.2107459245,60179.2107459245,7.999999999999995
2026-09-07,7,2026-09-01,True,CARIBE_SOL,26945975.28,442526.435,192821975.99,125334284.39,368.3065,376147.47,66378.97,85.0,15.0,Cubierta (85.0% Contratos / 15.0% Bolsa),1327.579305,488956.0872969825,752240.1343240568,692060.9235781323,-60179.2107459245,60179.2107459245,7.999999999999995
2026-09-07,7,2026-09-01,True,VALLE,21961407.97,442526.435,192821975.99,125334284.39,368.3065,376147.47,66378.97,85.0,15.0,Cubierta (85.0% Contratos / 15.0% Bolsa),1327.579305,488956.0872969825,752240.1343240568,692060.9235781323,-60179.2107459245,60179.2107459245,7.999999999999995
2026-09-07,7,2026-09-01,True,SANTANDER,16946624.78,442526.435,192821975.99,125334284.39,368.3065,376147.47,66378.97,85.0,15.0,Cubierta (85.0% Contratos / 15.0% Bolsa),1327.579305,488956.0872969825,752240.1343240568,692060.9235781323,-60179.2107459245,60179.2107459245,7.999999999999995
2026-09-07,7,2026-09-01,True,CUNDINAMARCA,10923411.71,442526.435,192821975.99,125334284.39,368.3065,376147.47,66378.97,85.0,15.0,Cubierta (85.0% Contratos / 15.0% Bolsa),1327.579305,488956.0872969825,752240.1343240568,692060.9235781323,-60179.2107459245,60179.2107459245,7.999999999999995
2026-09-07,7,2026-09-01,True,TOLIMA,9159432.72,442526.435,192821975.99,125334284.39,368.3065,376147.47,66378.97,85.0,15.0,Cubierta (85.0% Contratos / 15.0% Bolsa),1327.579305,488956.0872969825,752240.1343240568,692060.9235781323,-60179.2107459245,60179.2107459245,7.999999999999995
2026-09-08,8,2026-09-01,True,ANTIOQUIA,30322134.95,442197.42125,192678615.18,125241099.87,368.4969,375867.81,66329.61,85.0,15.0,Cubierta (85.0% Contratos / 15.0% Bolsa),1326.59226375,488845.1367558574,752069.4411448425,691903.8858532552,-60165.55529158737,60165.55529158737,7.9999999999999964
2026-09-08,8,2026-09-01,True,BOGOTA,42151357.56,442197.42125,192678615.18,125241099.87,368.4969,375867.81,66329.61,85.0,15.0,Cubierta (85.0% Contratos / 15.0% Bolsa),1326.59226375,488845.1367558574,752069.4411448425,691903.8858532552,-60165.55529158737,60165.55529158737,7.9999999999999964
2026-09-08,8,2026-09-01,True,CARIBE_MAR,34391870.38,442197.42125,192678615.18,125241099.87,368.4969,375867.81,66329.61,85.0,15.0,Cubierta (85.0% Contratos / 15.0% Bolsa),1326.59226375,488845.1367558574,752069.4411448425,691903.8858532552,-60165.55529158737,60165.55529158737,7.9999999999999964
2026-09-08,8,2026-09-01,True,CARIBE_SOL,26939334.13,442197.42125,192678615.18,125241099.87,368.4969,375867.81,66329.61,85.0,15.0,Cubierta (85.0% Contratos / 15.0% Bolsa),1326.59226375,488845.1367558574,752069.4411448425,691903.8858532552,-60165.55529158737,60165.55529158737,7.9999999999999964
2026-09-08,8,2026-09-01,True,VALLE,21878288.9,442197.42125,192678615.18,125241099.87,368.4969,375867.81,66329.61,85.0,15.0,Cubierta (85.0% Contratos / 15.0% Bolsa),1326.59226375,488845.1367558574,752069.4411448425,691903.8858532552,-60165.55529158737,60165.55529158737,7.9999999999999964
2026-09-08,8,2026-09-01,True,SANTANDER,16893886.08,442197.42125,192678615.18,125241099.87,368.4969,375867.81,66329.61,85.0,15.0,Cubierta (85.0% Contratos / 15.0% Bolsa),1326.59226375,488845.1367558574,752069.4411448425,691903.8858532552,-60165.55529158737,60165.55529158737,7.9999999999999964
2026-09-08,8,2026-09-01,True,CUNDINAMARCA,10986392.16,442197.42125,192678615.18,125241099.87,368.4969,375867.81,66329.61,85.0,15.0,Cubierta (85.0% Contratos / 15.0% Bolsa),1326.59226375,488845.1367558574,752069.4411448425,691903.8858532552,-60165.55529158737,60165.55529158737,7.9999999999999964
2026-09-08,8,2026-09-01,True,TOLIMA,9115351.02,442197.42125,192678615.18,125241099.87,368.4969,375867.81,66329.61,85.0,15.0,Cubierta (85.0% Contratos / 15.0% Bolsa),1326.59226375,488845.1367558574,752069.4411448425,691903.8858532552,-60165.55529158737,60165.55529158737,7.9999999999999964
2026-09-09,9,2026-09-01,True,ANTIOQUIA,30341234.54,440166.05,191793486.07999998,124665765.95,368.6058,374141.14,66024.91,85.0,15.0,Cubierta (85.0% Contratos / 15.0% Bolsa),1320.49815,486743.2769792699,748835.8107493519,688928.9458894037,-59906.86485994817,59906.86485994817,8.000000000000004
2026-09-09,9,2026-09-01,True,BOGOTA,42057091.71,440166.05,191793486.07999998,124665765.95,368.6058,374141.14,66024.91,85.0,15.0,Cubierta (85.0% Contratos / 15.0% Bolsa),1320.49815,486743.2769792699,748835.8107493519,688928.9458894037,-59906.86485994817,59906.86485994817,8.000000000000004
2026-09-09,9,2026-09-01,True,CARIBE_MAR,34188687.33,440166.05,191793486.07999998,124665765.95,368.6058,374141.14,66024.91,85.0,15.0,Cubierta (85.0% Contratos / 15.0% Bolsa),1320.49815,486743.2769792699,748835.8107493519,688928.9458894037,-59906.86485994817,59906.86485994817,8.000000000000004
2026-09-09,9,2026-09-01,True,CARIBE_SOL,26745574.8,440166.05,191793486.07999998,124665765.95,368.6058,374141.14,66024.91,85.0,15.0,Cubierta (85.0% Contratos / 15.0% Bolsa),1320.49815,486743.2769792699,748835.8107493519,688928.9458894037,-59906.86485994817,59906.86485994817,8.000000000000004
2026-09-09,9,2026-09-01,True,VALLE,21579019.97,440166.05,191793486.07999998,124665765.95,368.6058,374141.14,66024.91,85.0,15.0,Cubierta (85.0% Contratos / 15.0% Bolsa),1320.49815,486743.2769792699,748835.8107493519,688928.9458894037,-59906.86485994817,59906.86485994817,8.000000000000004
2026-09-09,9,2026-09-01,True,SANTANDER,16814403.88,440166.05,191793486.07999998,124665765.95,368.6058,374141.14,66024.91,85.0,15.0,Cubierta (85.0% Contratos / 15.0% Bolsa),1320.49815,486743.2769792699,748835.8107493519,688928.9458894037,-59906.86485994817,59906.86485994817,8.000000000000004
2026-09-09,9,2026-09-01,True,CUNDINAMARCA,10954821.72,440166.05,191793486.07999998,124665765.95,368.6058,374141.14,66024.91,85.0,15.0,Cubierta (85.0% Contratos / 15.0% Bolsa),1320.49815,486743.2769792699,748835.8107493519,688928.9458894037,-59906.86485994817,59906.86485994817,8.000000000000004
2026-09-09,9,2026-09-01,True,TOLIMA,9112652.13,440166.05,191793486.07999998,124665765.95,368.6058,374141.14,66024.91,85.0,15.0,Cubierta (85.0% Contratos / 15.0% Bolsa),1320.49815,486743.2769792699,748835.8107493519,688928.9458894037,-59906.86485994817,59906.86485994817,8.000000000000004
2026-09-10,10,2026-09-01,True,ANTIOQUIA,30274545.17,440099.76875,191764605.18,124646993.37,368.634,374084.8,66014.97,85.0,15.0,Cubierta (85.0% Contratos / 15.0% Bolsa),1320.29930625,486707.2144601625,748780.3299206899,688877.9035270348,-59902.42639365513,59902.42639365513,7.999999999999992
2026-09-10,10,2026-09-01,True,BOGOTA,42481720.75,440099.76875,191764605.18,124646993.37,368.634,374084.8,66014.97,85.0,15.0,Cubierta (85.0% Contratos / 15.0% Bolsa),1320.29930625,486707.2144601625,748780.3299206899,688877.9035270348,-59902.42639365513,59902.42639365513,7.999999999999992
2026-09-10,10,2026-09-01,True,CARIBE_MAR,33803211.35,440099.76875,191764605.18,124646993.37,368.634,374084.8,66014.97,85.0,15.0,Cubierta (85.0% Contratos / 15.0% Bolsa),1320.29930625,486707.2144601625,748780.3299206899,688877.9035270348,-59902.42639365513,59902.42639365513,7.999999999999992
2026-09-10,10,2026-09-01,True,CARIBE_SOL,26617909.62,440099.76875,191764605.18,124646993.37,368.634,374084.8,66014.97,85.0,15.0,Cubierta (85.0% Contratos / 15.0% Bolsa),1320.29930625,486707.2144601625,748780.3299206899,688877.9035270348,-59902.42639365513,59902.42639365513,7.999999999999992
2026-09-10,10,2026-09-01,True,VALLE,21585831.97,440099.76875,191764605.18,124646993.37,368.634,374084.8,66014.97,85.0,15.0,Cubierta (85.0% Contratos / 15.0% Bolsa),1320.29930625,486707.2144601625,748780.3299206899,688877.9035270348,-59902.42639365513,59902.42639365513,7.999999999999992
2026-09-10,10,2026-09-01,True,SANTANDER,17028133.38,440099.76875,191764605.18,124646993.37,368.634,374084.8,66014.97,85.0,15.0,Cubierta (85.0% Contratos / 15.0% Bolsa),1320.29930625,486707.2144601625,748780.3299206899,688877.9035270348,-59902.42639365513,59902.42639365513,7.999999999999992
2026-09-10,10,2026-09-01,True,CUNDINAMARCA,10866642.9,440099.76875,191764605.18,124646993.37,368.634,374084.8,66014.97,85.0,15.0,Cubierta (85.0% Contratos / 15.0% Bolsa),1320.29930625,486707.2144601625,748780.3299206899,688877.9035270348,-59902.42639365513,59902.42639365513,7.999999999999992
2026-09-10,10,2026-09-01,True,TOLIMA,9106610.04,440099.76875,191764605.18,124646993.37,368.634,374084.8,66014.97,85.0,15.0,Cubierta (85.0% Contratos / 15.0% Bolsa),1320.29930625,486707.2144601625,748780.3299206899,688877.9035270348,-59902.42639365513,59902.42639365513,7.999999999999992
2026-09-11,11,2026-09-01,True,ANTIOQUIA,30122642.48,440785.97625,192063606.33999997,124841344.12,368.5841,374668.08,66117.9,85.0,15.0,Cubierta (85.0% Contratos / 15.0% Bolsa),1322.3579287500002,487400.1070461829,749846.3185385953,689858.6130555078,-59987.70548308757,59987.70548308757,7.999999999999993
2026-09-11,11,2026-09-01,True,BOGOTA,42441253.84,440785.97625,192063606.33999997,124841344.12,368.5841,374668.08,66117.9,85.0,15.0,Cubierta (85.0% Contratos / 15.0% Bolsa),1322.3579287500002,487400.1070461829,749846.3185385953,689858.6130555078,-59987.70548308757,59987.70548308757,7.999999999999993
2026-09-11,11,2026-09-01,True,CARIBE_MAR,34120151.06,440785.97625,192063606.33999997,124841344.12,368.5841,374668.08,66117.9,85.0,15.0,Cubierta (85.0% Contratos / 15.0% Bolsa),1322.3579287500002,487400.1070461829,749846.3185385953,689858.6130555078,-59987.70548308757,59987.70548308757,7.999999999999993
2026-09-11,11,2026-09-01,True,CARIBE_SOL,26714755.87,440785.97625,192063606.33999997,124841344.12,368.5841,374668.08,66117.9,85.0,15.0,Cubierta (85.0% Contratos / 15.0% Bolsa),1322.3579287500002,487400.1070461829,749846.3185385953,689858.6130555078,-59987.70548308757,59987.70548308757,7.999999999999993
2026-09-11,11,2026-09-01,True,VALLE,21796420.9,440785.97625,192063606.33999997,124841344.12,368.5841,374668.08,66117.9,85.0,15.0,Cubierta (85.0% Contratos / 15.0% Bolsa),1322.3579287500002,487400.1070461829,749846.3185385953,689858.6130555078,-59987.70548308757,59987.70548308757,7.999999999999993
2026-09-11,11,2026-09-01,True,SANTANDER,16956970.26,440785.97625,192063606.33999997,124841344.12,368.5841,374668.08,66117.9,85.0,15.0,Cubierta (85.0% Contratos / 15.0% Bolsa),1322.3579287500002,487400.1070461829,749846.3185385953,689858.6130555078,-59987.70548308757,59987.70548308757,7.999999999999993
2026-09-11,11,2026-09-01,True,CUNDINAMARCA,10856981.51,440785.97625,192063606.33999997,124841344.12,368.5841,374668.08,66117.9,85.0,15.0,Cubierta (85.0% Contratos / 15.0% Bolsa),1322.3579287500002,487400.1070461829,749846.3185385953,689858.6130555078,-59987.70548308757,59987.70548308757,7.999999999999993
2026-09-11,11,2026-09-01,True,TOLIMA,9054430.42,440785.97625,192063606.33999997,124841344.12,368.5841,374668.08,66117.9,85.0,15.0,Cubierta (85.0% Contratos / 15.0% Bolsa),1322.3579287500002,487400.1070461829,749846.3185385953,689858.6130555078,-59987.70548308757,59987.70548308757,7.999999999999993
2026-09-12,12,2026-09-01,True,ANTIOQUIA,25571867.9,313392.80625,161960106.46,105274069.2,368.46,266383.89,47008.92,85.0,15.0,Cubierta (85.0% Contratos / 15.0% Bolsa),940.1784187500001,346418.140172625,532950.9848758992,490314.9060858273,-42636.078790071886,42636.078790071886,7.999999999999992
2026-09-12,12,2026-09-01,True,BOGOTA,35724935.52,313392.80625,161960106.46,105274069.2,368.46,266383.89,47008.92,85.0,15.0,Cubierta (85.0% Contratos / 15.0% Bolsa),940.1784187500001,346418.140172625,532950.9848758992,490314.9060858273,-42636.078790071886,42636.078790071886,7.999999999999992
2026-09-12,12,2026-09-01,True,CARIBE_MAR,28869975.67,313392.80625,161960106.46,105274069.2,368.46,266383.89,47008.92,85.0,15.0,Cubierta (85.0% Contratos / 15.0% Bolsa),940.1784187500001,346418.140172625,532950.9848758992,490314.9060858273,-42636.078790071886,42636.078790071886,7.999999999999992
2026-09-12,12,2026-09-01,True,CARIBE_SOL,22561862.39,313392.80625,161960106.46,105274069.2,368.46,266383.89,47008.92,85.0,15.0,Cubierta (85.0% Contratos / 15.0% Bolsa),940.1784187500001,346418.140172625,532950.9848758992,490314.9060858273,-42636.078790071886,42636.078790071886,7.999999999999992
2026-09-12,12,2026-09-01,True,VALLE,18291020.83,313392.80625,161960106.46,105274069.2,368.46,266383.89,47008.92,85.0,15.0,Cubierta (85.0% Contratos / 15.0% Bolsa),940.1784187500001,346418.140172625,532950.9848758992,490314.9060858273,-42636.078790071886,42636.078790071886,7.999999999999992
2026-09-12,12,2026-09-01,True,SANTANDER,14355357.74,313392.80625,161960106.46,105274069.2,368.46,266383.89,47008.92,85.0,15.0,Cubierta (85.0% Contratos / 15.0% Bolsa),940.1784187500001,346418.140172625,532950.9848758992,490314.9060858273,-42636.078790071886,42636.078790071886,7.999999999999992
2026-09-12,12,2026-09-01,True,CUNDINAMARCA,9031509.87,313392.80625,161960106.46,105274069.2,368.46,266383.89,47008.92,85.0,15.0,Cubierta (85.0% Contratos / 15.0% Bolsa),940.1784187500001,346418.140172625,532950.9848758992,490314.9060858273,-42636.078790071886,42636.078790071886,7.999999999999992
2026-09-12,12,2026-09-01,True,TOLIMA,7553576.54,313392.80625,161960106.46,105274069.2,368.46,266383.89,47008.92,85.0,15.0,Cubierta (85.0% Contratos / 15.0% Bolsa),940.1784187500001,346418.140172625,532950.9848758992,490314.9060858273,-42636.078790071886,42636.078790071886,7.999999999999992
2026-09-13,13,2026-09-01,True,ANTIOQUIA,25825234.3,315176.09375,162881702.08,105873106.35,368.2675,267899.68,47276.41,85.0,15.0,Cubierta (85.0% Contratos / 15.0% Bolsa),945.52828125,348207.33631523437,535703.5943412497,492847.30679394974,-42856.28754729993,42856.28754729993,7.999999999999992
2026-09-13,13,2026-09-01,True,BOGOTA,35512456.68,315176.09375,162881702.08,105873106.35,368.2675,267899.68,47276.41,85.0,15.0,Cubierta (85.0% Contratos / 15.0% Bolsa),945.52828125,348207.33631523437,535703.5943412497,492847.30679394974,-42856.28754729993,42856.28754729993,7.999999999999992
2026-09-13,13,2026-09-01,True,CARIBE_MAR,28577320.47,315176.09375,162881702.08,105873106.35,368.2675,267899.68,47276.41,85.0,15.0,Cubierta (85.0% Contratos / 15.0% Bolsa),945.52828125,348207.33631523437,535703.5943412497,492847.30679394974,-42856.28754729993,42856.28754729993,7.999999999999992
2026-09-13,13,2026-09-01,True,CARIBE_SOL,22770103.84,315176.09375,162881702.08,105873106.35,368.2675,267899.68,47276.41,85.0,15.0,Cubierta (85.0% Contratos / 15.0% Bolsa),945.52828125,348207.33631523437,535703.5943412497,492847.30679394974,-42856.28754729993,42856.28754729993,7.999999999999992
2026-09-13,13,2026-09-01,True,VALLE,18817774.36,315176.09375,162881702.08,105873106.35,368.2675,267899.68,47276.41,85.0,15.0,Cubierta (85.0% Contratos / 15.0% Bolsa),945.52828125,348207.33631523437,535703.5943412497,492847.30679394974,-42856.28754729993,42856.28754729993,7.999999999999992
2026-09-13,13,2026-09-01,True,SANTANDER,14431066.35,315176.09375,162881702.08,105873106.35,368.2675,267899.68,47276.41,85.0,15.0,Cubierta (85.0% Contratos / 15.0% Bolsa),945.52828125,348207.33631523437,535703.5943412497,492847.30679394974,-42856.28754729993,42856.28754729993,7.999999999999992
2026-09-13,13,2026-09-01,True,CUNDINAMARCA,9286775.11,315176.09375,162881702.08,105873106.35,368.2675,267899.68,47276.41,85.0,15.0,Cubierta (85.0% Contratos / 15.0% Bolsa),945.52828125,348207.33631523437,535703.5943412497,492847.30679394974,-42856.28754729993,42856.28754729993,7.999999999999992
2026-09-13,13,2026-09-01,True,TOLIMA,7660970.97,315176.09375,162881702.08,105873106.35,368.2675,267899.68,47276.41,85.0,15.0,Cubierta (85.0% Contratos / 15.0% Bolsa),945.52828125,348207.33631523437,535703.5943412497,492847.30679394974,-42856.28754729993,42856.28754729993,7.999999999999992
2026-09-14,14,2026-09-01,True,ANTIOQUIA,30410527.29,442627.62875,192866069.04,125362944.88,368.0134,376233.48,66394.14,85.0,15.0,Cubierta (85.0% Contratos / 15.0% Bolsa),1327.88288625,488678.6957706757,751813.3780847435,691668.307837964,-60145.070246779476,60145.070246779476,7.999999999999999
2026-09-14,14,2026-09-01,True,BOGOTA,42836231.72,442627.62875,192866069.04,125362944.88,368.0134,376233.48,66394.14,85.0,15.0,Cubierta (85.0% Contratos / 15.0% Bolsa),1327.88288625,488678.6957706757,751813.3780847435,691668.307837964,-60145.070246779476,60145.070246779476,7.999999999999999
2026-09-14,14,2026-09-01,True,CARIBE_MAR,34435710.0,442627.62875,192866069.04,125362944.88,368.0134,376233.48,66394.14,85.0,15.0,Cubierta (85.0% Contratos / 15.0% Bolsa),1327.88288625,488678.6957706757,751813.3780847435,691668.307837964,-60145.070246779476,60145.070246779476,7.999999999999999
2026-09-14,14,2026-09-01,True,CARIBE_SOL,26541462.62,442627.62875,192866069.04,125362944.88,368.0134,376233.48,66394.14,85.0,15.0,Cubierta (85.0% Contratos / 15.0% Bolsa),1327.88288625,488678.6957706757,751813.3780847435,691668.307837964,-60145.070246779476,60145.070246779476,7.999999999999999
2026-09-14,14,2026-09-01,True,VALLE,21617772.64,442627.62875,192866069.04,125362944.88,368.0134,376233.48,66394.14,85.0,15.0,Cubierta (85.0% Contratos / 15.0% Bolsa),1327.88288625,488678.6957706757,751813.3780847435,691668.307837964,-60145.070246779476,60145.070246779476,7.999999999999999
2026-09-14,14,2026-09-01,True,SANTANDER,16904172.53,442627.62875,192866069.04,125362944.88,368.0134,376233.48,66394.14,85.0,15.0,Cubierta (85.0% Contratos / 15.0% Bolsa),1327.88288625,488678.6957706757,751813.3780847435,691668.307837964,-60145.070246779476,60145.070246779476,7.999999999999999
2026-09-14,14,2026-09-01,True,CUNDINAMARCA,11025930.83,442627.62875,192866069.04,125362944.88,368.0134,376233.48,66394.14,85.0,15.0,Cubierta (85.0% Contratos / 15.0% Bolsa),1327.88288625,488678.6957706757,751813.3780847435,691668.307837964,-60145.070246779476,60145.070246779476,7.999999999999999
2026-09-14,14,2026-09-01,True,TOLIMA,9094261.41,442627.62875,192866069.04,125362944.88,368.0134,376233.48,66394.14,85.0,15.0,Cubierta (85.0% Contratos / 15.0% Bolsa),1327.88288625,488678.6957706757,751813.3780847435,691668.307837964,-60145.070246779476,60145.070246779476,7.999999999999999
2026-09-15,15,2026-09-01,True,ANTIOQUIA,30590770.77,442065.2325,192621016.07,125203660.45,367.706,375755.45,66309.78,85.0,15.0,Cubierta (85.0% Contratos / 15.0% Bolsa),1326.1956975,487650.115144935,750230.9463498587,690212.4706418699,-60018.47570798872,60018.47570798872,8.000000000000004
2026-09-15,15,2026-09-01,True,BOGOTA,42330619.69,442065.2325,192621016.07,125203660.45,367.706,375755.45,66309.78,85.0,15.0,Cubierta (85.0% Contratos / 15.0% Bolsa),1326.1956975,487650.115144935,750230.9463498587,690212.4706418699,-60018.47570798872,60018.47570798872,8.000000000000004
2026-09-15,15,2026-09-01,True,CARIBE_MAR,34009027.62,442065.2325,192621016.07,125203660.45,367.706,375755.45,66309.78,85.0,15.0,Cubierta (85.0% Contratos / 15.0% Bolsa),1326.1956975,487650.115144935,750230.9463498587,690212.4706418699,-60018.47570798872,60018.47570798872,8.000000000000004
2026-09-15,15,2026-09-01,True,CARIBE_SOL,26755273.31,442065.2325,192621016.07,125203660.45,367.706,375755.45,66309.78,85.0,15.0,Cubierta (85.0% Contratos / 15.0% Bolsa),1326.1956975,487650.115144935,750230.9463498587,690212.4706418699,-60018.47570798872,60018.47570798872,8.000000000000004
2026-09-15,15,2026-09-01,True,VALLE,21804392.62,442065.2325,192621016.07,125203660.45,367.706,375755.45,66309.78,85.0,15.0,Cubierta (85.0% Contratos / 15.0% Bolsa),1326.1956975,487650.115144935,750230.9463498587,690212.4706418699,-60018.47570798872,60018.47570798872,8.000000000000004
2026-09-15,15,2026-09-01,True,SANTANDER,17078322.12,442065.2325,192621016.07,125203660.45,367.706,375755.45,66309.78,85.0,15.0,Cubierta (85.0% Contratos / 15.0% Bolsa),1326.1956975,487650.115144935,750230.9463498587,690212.4706418699,-60018.47570798872,60018.47570798872,8.000000000000004
2026-09-15,15,2026-09-01,True,CUNDINAMARCA,10932921.6,442065.2325,192621016.07,125203660.45,367.706,375755.45,66309.78,85.0,15.0,Cubierta (85.0% Contratos / 15.0% Bolsa),1326.1956975,487650.115144935,750230.9463498587,690212.4706418699,-60018.47570798872,60018.47570798872,8.000000000000004
2026-09-15,15,2026-09-01,True,TOLIMA,9119688.34,442065.2325,192621016.07,125203660.45,367.706,375755.45,66309.78,85.0,15.0,Cubierta (85.0% Contratos / 15.0% Bolsa),1326.1956975,487650.115144935,750230.9463498587,690212.4706418699,-60018.47570798872,60018.47570798872,8.000000000000004
2026-09-16,16,2026-09-01,True,ANTIOQUIA,30881779.2,445325.8275,194041755.11,126127140.82,367.3546,378526.95,66798.87,85.0,15.0,Cubierta (85.0% Contratos / 15.0% Bolsa),1335.9774825000002,490777.47369279456,755042.2672286635,694638.8858503705,-60403.38137829304,60403.38137829304,7.999999999999993
2026-09-16,16,2026-09-01,True,BOGOTA,43370760.06,445325.8275,194041755.11,126127140.82,367.3546,378526.95,66798.87,85.0,15.0,Cubierta (85.0% Contratos / 15.0% Bolsa),1335.9774825000002,490777.47369279456,755042.2672286635,694638.8858503705,-60403.38137829304,60403.38137829304,7.999999999999993
2026-09-16,16,2026-09-01,True,CARIBE_MAR,34180665.09,445325.8275,194041755.11,126127140.82,367.3546,378526.95,66798.87,85.0,15.0,Cubierta (85.0% Contratos / 15.0% Bolsa),1335.9774825000002,490777.47369279456,755042.2672286635,694638.8858503705,-60403.38137829304,60403.38137829304,7.999999999999993
2026-09-16,16,2026-09-01,True,CARIBE_SOL,26806655.59,445325.8275,194041755.11,126127140.82,367.3546,378526.95,66798.87,85.0,15.0,Cubierta (85.0% Contratos / 15.0% Bolsa),1335.9774825000002,490777.47369279456,755042.2672286635,694638.8858503705,-60403.38137829304,60403.38137829304,7.999999999999993
2026-09-16,16,2026-09-01,True,VALLE,21570611.92,445325.8275,194041755.11,126127140.82,367.3546,378526.95,66798.87,85.0,15.0,Cubierta (85.0% Contratos / 15.0% Bolsa),1335.9774825000002,490777.47369279456,755042.2672286635,694638.8858503705,-60403.38137829304,60403.38137829304,7.999999999999993
2026-09-16,16,2026-09-01,True,SANTANDER,17040087.86,445325.8275,194041755.11,126127140.82,367.3546,378526.95,66798.87,85.0,15.0,Cubierta (85.0% Contratos / 15.0% Bolsa),1335.9774825000002,490777.47369279456,755042.2672286635,694638.8858503705,-60403.38137829304,60403.38137829304,7.999999999999993
2026-09-16,16,2026-09-01,True,CUNDINAMARCA,11009878.0,445325.8275,194041755.11,126127140.82,367.3546,378526.95,66798.87,85.0,15.0,Cubierta (85.0% Contratos / 15.0% Bolsa),1335.9774825000002,490777.47369279456,755042.2672286635,694638.8858503705,-60403.38137829304,60403.38137829304,7.999999999999993
2026-09-16,16,2026-09-01,True,TOLIMA,9181317.39,445325.8275,194041755.11,126127140.82,367.3546,378526.95,66798.87,85.0,15.0,Cubierta (85.0% Contratos / 15.0% Bolsa),1335.9774825000002,490777.47369279456,755042.2672286635,694638.8858503705,-60403.38137829304,60403.38137829304,7.999999999999993
2026-09-17,17,2026-09-01,True,ANTIOQUIA,30443984.06,440567.94375,191968602.73,124779591.77,366.9694,374482.75,66085.19,85.0,15.0,Cubierta (85.0% Contratos / 15.0% Bolsa),1321.70383125,485024.8619315137,746192.0953061623,686496.7276816693,-59695.36762449297,59695.36762449297,7.999999999999999
2026-09-17,17,2026-09-01,True,BOGOTA,41627497.27,440567.94375,191968602.73,124779591.77,366.9694,374482.75,66085.19,85.0,15.0,Cubierta (85.0% Contratos / 15.0% Bolsa),1321.70383125,485024.8619315137,746192.0953061623,686496.7276816693,-59695.36762449297,59695.36762449297,7.999999999999999
2026-09-17,17,2026-09-01,True,CARIBE_MAR,33914608.7,440567.94375,191968602.73,124779591.77,366.9694,374482.75,66085.19,85.0,15.0,Cubierta (85.0% Contratos / 15.0% Bolsa),1321.70383125,485024.8619315137,746192.0953061623,686496.7276816693,-59695.36762449297,59695.36762449297,7.999999999999999
2026-09-17,17,2026-09-01,True,CARIBE_SOL,27265631.12,440567.94375,191968602.73,124779591.77,366.9694,374482.75,66085.19,85.0,15.0,Cubierta (85.0% Contratos / 15.0% Bolsa),1321.70383125,485024.8619315137,746192.0953061623,686496.7276816693,-59695.36762449297,59695.36762449297,7.999999999999999
2026-09-17,17,2026-09-01,True,VALLE,21699838.56,440567.94375,191968602.73,124779591.77,366.9694,374482.75,66085.19,85.0,15.0,Cubierta (85.0% Contratos / 15.0% Bolsa),1321.70383125,485024.8619315137,746192.0953061623,686496.7276816693,-59695.36762449297,59695.36762449297,7.999999999999999
2026-09-17,17,2026-09-01,True,SANTANDER,16981892.5,440567.94375,191968602.73,124779591.77,366.9694,374482.75,66085.19,85.0,15.0,Cubierta (85.0% Contratos / 15.0% Bolsa),1321.70383125,485024.8619315137,746192.0953061623,686496.7276816693,-59695.36762449297,59695.36762449297,7.999999999999999
2026-09-17,17,2026-09-01,True,CUNDINAMARCA,10844208.35,440567.94375,191968602.73,124779591.77,366.9694,374482.75,66085.19,85.0,15.0,Cubierta (85.0% Contratos / 15.0% Bolsa),1321.70383125,485024.8619315137,746192.0953061623,686496.7276816693,-59695.36762449297,59695.36762449297,7.999999999999999
2026-09-17,17,2026-09-01,True,TOLIMA,9190942.17,440567.94375,191968602.73,124779591.77,366.9694,374482.75,66085.19,85.0,15.0,Cubierta (85.0% Contratos / 15.0% Bolsa),1321.70383125,485024.8619315137,746192.0953061623,686496.7276816693,-59695.36762449297,59695.36762449297,7.999999999999999
2026-09-18,18,2026-09-01,True,ANTIOQUIA,30261633.22,443046.5975,193048626.1,125481606.96,366.5614,376589.61,66456.99,85.0,15.0,Cubierta (85.0% Contratos / 15.0% Bolsa),1329.1397924999999,487211.34313450946,749555.912544497,689591.4395409373,-59964.473003559746,59964.473003559746,7.999999999999997
2026-09-18,18,2026-09-01,True,BOGOTA,42936634.81,443046.5975,193048626.1,125481606.96,366.5614,376589.61,66456.99,85.0,15.0,Cubierta (85.0% Contratos / 15.0% Bolsa),1329.1397924999999,487211.34313450946,749555.912544497,689591.4395409373,-59964.473003559746,59964.473003559746,7.999999999999997
2026-09-18,18,2026-09-01,True,CARIBE_MAR,34297024.51,443046.5975,193048626.1,125481606.96,366.5614,376589.61,66456.99,85.0,15.0,Cubierta (85.0% Contratos / 15.0% Bolsa),1329.1397924999999,487211.34313450946,749555.912544497,689591.4395409373,-59964.473003559746,59964.473003559746,7.999999999999997
2026-09-18,18,2026-09-01,True,CARIBE_SOL,26617140.53,443046.5975,193048626.1,125481606.96,366.5614,376589.61,66456.99,85.0,15.0,Cubierta (85.0% Contratos / 15.0% Bolsa),1329.1397924999999,487211.34313450946,749555.912544497,689591.4395409373,-59964.473003559746,59964.473003559746,7.999999999999997
2026-09-18,18,2026-09-01,True,VALLE,22113219.47,443046.5975,193048626.1,125481606.96,366.5614,376589.61,66456.99,85.0,15.0,Cubierta (85.0% Contratos / 15.0% Bolsa),1329.1397924999999,487211.34313450946,749555.912544497,689591.4395409373,-59964.473003559746,59964.473003559746,7.999999999999997
2026-09-18,18,2026-09-01,True,SANTANDER,17049665.76,443046.5975,193048626.1,125481606.96,366.5614,376589.61,66456.99,85.0,15.0,Cubierta (85.0% Contratos / 15.0% Bolsa),1329.1397924999999,487211.34313450946,749555.912544497,689591.4395409373,-59964.473003559746,59964.473003559746,7.999999999999997
2026-09-18,18,2026-09-01,True,CUNDINAMARCA,10690698.31,443046.5975,193048626.1,125481606.96,366.5614,376589.61,66456.99,85.0,15.0,Cubierta (85.0% Contratos / 15.0% Bolsa),1329.1397924999999,487211.34313450946,749555.912544497,689591.4395409373,-59964.473003559746,59964.473003559746,7.999999999999997
2026-09-18,18,2026-09-01,True,TOLIMA,9082609.49,443046.5975,193048626.1,125481606.96,366.5614,376589.61,66456.99,85.0,15.0,Cubierta (85.0% Contratos / 15.0% Bolsa),1329.1397924999999,487211.34313450946,749555.912544497,689591.4395409373,-59964.473003559746,59964.473003559746,7.999999999999997
2026-09-19,19,2026-09-01,True,ANTIOQUIA,25816478.67,315681.3125,163142797.24999997,106042818.21,366.1418,268329.12,47352.2,85.0,15.0,Cubierta (85.0% Contratos / 15.0% Bolsa),947.0439375,346752.37195533747,533465.1876361727,490787.9726252789,-42677.21501089382,42677.21501089382,8.0
2026-09-19,19,2026-09-01,True,BOGOTA,36288698.04,315681.3125,163142797.24999997,106042818.21,366.1418,268329.12,47352.2,85.0,15.0,Cubierta (85.0% Contratos / 15.0% Bolsa),947.0439375,346752.37195533747,533465.1876361727,490787.9726252789,-42677.21501089382,42677.21501089382,8.0
2026-09-19,19,2026-09-01,True,CARIBE_MAR,28526711.9,315681.3125,163142797.24999997,106042818.21,366.1418,268329.12,47352.2,85.0,15.0,Cubierta (85.0% Contratos / 15.0% Bolsa),947.0439375,346752.37195533747,533465.1876361727,490787.9726252789,-42677.21501089382,42677.21501089382,8.0
2026-09-19,19,2026-09-01,True,CARIBE_SOL,22824334.14,315681.3125,163142797.24999997,106042818.21,366.1418,268329.12,47352.2,85.0,15.0,Cubierta (85.0% Contratos / 15.0% Bolsa),947.0439375,346752.37195533747,533465.1876361727,490787.9726252789,-42677.21501089382,42677.21501089382,8.0
2026-09-19,19,2026-09-01,True,VALLE,18360442.7,315681.3125,163142797.24999997,106042818.21,366.1418,268329.12,47352.2,85.0,15.0,Cubierta (85.0% Contratos / 15.0% Bolsa),947.0439375,346752.37195533747,533465.1876361727,490787.9726252789,-42677.21501089382,42677.21501089382,8.0
2026-09-19,19,2026-09-01,True,SANTANDER,14357719.65,315681.3125,163142797.24999997,106042818.21,366.1418,268329.12,47352.2,85.0,15.0,Cubierta (85.0% Contratos / 15.0% Bolsa),947.0439375,346752.37195533747,533465.1876361727,490787.9726252789,-42677.21501089382,42677.21501089382,8.0
2026-09-19,19,2026-09-01,True,CUNDINAMARCA,9322068.67,315681.3125,163142797.24999997,106042818.21,366.1418,268329.12,47352.2,85.0,15.0,Cubierta (85.0% Contratos / 15.0% Bolsa),947.0439375,346752.37195533747,533465.1876361727,490787.9726252789,-42677.21501089382,42677.21501089382,8.0
2026-09-19,19,2026-09-01,True,TOLIMA,7646343.48,315681.3125,163142797.24999997,106042818.21,366.1418,268329.12,47352.2,85.0,15.0,Cubierta (85.0% Contratos / 15.0% Bolsa),947.0439375,346752.37195533747,533465.1876361727,490787.9726252789,-42677.21501089382,42677.21501089382,8.0
2026-09-20,20,2026-09-01,True,ANTIOQUIA,25781535.57,315083.54625,162833874.04999998,105842018.13,365.7224,267821.01,47262.53,85.0,15.0,Cubierta (85.0% Contratos / 15.0% Bolsa),945.25063875,345699.332205183,531845.1264820745,489297.51636350853,-42547.610118565965,42547.610118565965,8.000000000000002
2026-09-20,20,2026-09-01,True,BOGOTA,35856577.23,315083.54625,162833874.04999998,105842018.13,365.7224,267821.01,47262.53,85.0,15.0,Cubierta (85.0% Contratos / 15.0% Bolsa),945.25063875,345699.332205183,531845.1264820745,489297.51636350853,-42547.610118565965,42547.610118565965,8.000000000000002
2026-09-20,20,2026-09-01,True,CARIBE_MAR,28619519.91,315083.54625,162833874.04999998,105842018.13,365.7224,267821.01,47262.53,85.0,15.0,Cubierta (85.0% Contratos / 15.0% Bolsa),945.25063875,345699.332205183,531845.1264820745,489297.51636350853,-42547.610118565965,42547.610118565965,8.000000000000002
2026-09-20,20,2026-09-01,True,CARIBE_SOL,22870999.12,315083.54625,162833874.04999998,105842018.13,365.7224,267821.01,47262.53,85.0,15.0,Cubierta (85.0% Contratos / 15.0% Bolsa),945.25063875,345699.332205183,531845.1264820745,489297.51636350853,-42547.610118565965,42547.610118565965,8.000000000000002
2026-09-20,20,2026-09-01,True,VALLE,18480958.44,315083.54625,162833874.04999998,105842018.13,365.7224,267821.01,47262.53,85.0,15.0,Cubierta (85.0% Contratos / 15.0% Bolsa),945.25063875,345699.332205183,531845.1264820745,489297.51636350853,-42547.610118565965,42547.610118565965,8.000000000000002
2026-09-20,20,2026-09-01,True,SANTANDER,14305191.51,315083.54625,162833874.04999998,105842018.13,365.7224,267821.01,47262.53,85.0,15.0,Cubierta (85.0% Contratos / 15.0% Bolsa),945.25063875,345699.332205183,531845.1264820745,489297.51636350853,-42547.610118565965,42547.610118565965,8.000000000000002
2026-09-20,20,2026-09-01,True,CUNDINAMARCA,9214684.38,315083.54625,162833874.04999998,105842018.13,365.7224,267821.01,47262.53,85.0,15.0,Cubierta (85.0% Contratos / 15.0% Bolsa),945.25063875,345699.332205183,531845.1264820745,489297.51636350853,-42547.610118565965,42547.610118565965,8.000000000000002
2026-09-20,20,2026-09-01,True,TOLIMA,7704407.89,315083.54625,162833874.04999998,105842018.13,365.7224,267821.01,47262.53,85.0,15.0,Cubierta (85.0% Contratos / 15.0% Bolsa),945.25063875,345699.332205183,531845.1264820745,489297.51636350853,-42547.610118565965,42547.610118565965,8.000000000000002
2026-09-21,21,2026-09-01,True,ANTIOQUIA,30363592.27,441774.7275,192494434.80999997,125121382.63,365.3147,375508.52,66266.21,85.0,15.0,Cubierta (85.0% Contratos / 15.0% Bolsa),1325.3241825,484160.40613273275,744862.1632602913,685273.190199468,-59588.97306082328,59588.97306082328,7.9999999999999964
2026-09-21,21,2026-09-01,True,BOGOTA,42231821.91,441774.7275,192494434.80999997,125121382.63,365.3147,375508.52,66266.21,85.0,15.0,Cubierta (85.0% Contratos / 15.0% Bolsa),1325.3241825,484160.40613273275,744862.1632602913,685273.190199468,-59588.97306082328,59588.97306082328,7.9999999999999964
2026-09-21,21,2026-09-01,True,CARIBE_MAR,34043774.73,441774.7275,192494434.80999997,125121382.63,365.3147,375508.52,66266.21,85.0,15.0,Cubierta (85.0% Contratos / 15.0% Bolsa),1325.3241825,484160.40613273275,744862.1632602913,685273.190199468,-59588.97306082328,59588.97306082328,7.9999999999999964
2026-09-21,21,2026-09-01,True,CARIBE_SOL,27069247.8,441774.7275,192494434.80999997,125121382.63,365.3147,375508.52,66266.21,85.0,15.0,Cubierta (85.0% Contratos / 15.0% Bolsa),1325.3241825,484160.40613273275,744862.1632602913,685273.190199468,-59588.97306082328,59588.97306082328,7.9999999999999964
2026-09-21,21,2026-09-01,True,VALLE,21667656.18,441774.7275,192494434.80999997,125121382.63,365.3147,375508.52,66266.21,85.0,15.0,Cubierta (85.0% Contratos / 15.0% Bolsa),1325.3241825,484160.40613273275,744862.1632602913,685273.190199468,-59588.97306082328,59588.97306082328,7.9999999999999964
2026-09-21,21,2026-09-01,True,SANTANDER,16890169.87,441774.7275,192494434.80999997,125121382.63,365.3147,375508.52,66266.21,85.0,15.0,Cubierta (85.0% Contratos / 15.0% Bolsa),1325.3241825,484160.40613273275,744862.1632602913,685273.190199468,-59588.97306082328,59588.97306082328,7.9999999999999964
2026-09-21,21,2026-09-01,True,CUNDINAMARCA,11043766.88,441774.7275,192494434.80999997,125121382.63,365.3147,375508.52,66266.21,85.0,15.0,Cubierta (85.0% Contratos / 15.0% Bolsa),1325.3241825,484160.40613273275,744862.1632602913,685273.190199468,-59588.97306082328,59588.97306082328,7.9999999999999964
2026-09-21,21,2026-09-01,True,TOLIMA,9184405.17,441774.7275,192494434.80999997,125121382.63,365.3147,375508.52,66266.21,85.0,15.0,Cubierta (85.0% Contratos / 15.0% Bolsa),1325.3241825,484160.40613273275,744862.1632602913,685273.190199468,-59588.97306082328,59588.97306082328,7.9999999999999964
2026-09-22,22,2026-09-01,True,ANTIOQUIA,30908691.81,445057.87375,193924999.47,126051249.66,364.93,378299.19,66758.68,85.0,15.0,Cubierta (85.0% Contratos / 15.0% Bolsa),1335.1736212500002,487244.9096027626,749607.5532082585,689638.9489515978,-59968.60425666068,59968.60425666068,8.0
2026-09-22,22,2026-09-01,True,BOGOTA,42950288.78,445057.87375,193924999.47,126051249.66,364.93,378299.19,66758.68,85.0,15.0,Cubierta (85.0% Contratos / 15.0% Bolsa),1335.1736212500002,487244.9096027626,749607.5532082585,689638.9489515978,-59968.60425666068,59968.60425666068,8.0
2026-09-22,22,2026-09-01,True,CARIBE_MAR,34170393.49,445057.87375,193924999.47,126051249.66,364.93,378299.19,66758.68,85.0,15.0,Cubierta (85.0% Contratos / 15.0% Bolsa),1335.1736212500002,487244.9096027626,749607.5532082585,689638.9489515978,-59968.60425666068,59968.60425666068,8.0
2026-09-22,22,2026-09-01,True,CARIBE_SOL,26878733.1,445057.87375,193924999.47,126051249.66,364.93,378299.19,66758.68,85.0,15.0,Cubierta (85.0% Contratos / 15.0% Bolsa),1335.1736212500002,487244.9096027626,749607.5532082585,689638.9489515978,-59968.60425666068,59968.60425666068,8.0
2026-09-22,22,2026-09-01,True,VALLE,21854178.1,445057.87375,193924999.47,126051249.66,364.93,378299.19,66758.68,85.0,15.0,Cubierta (85.0% Contratos / 15.0% Bolsa),1335.1736212500002,487244.9096027626,749607.5532082585,689638.9489515978,-59968.60425666068,59968.60425666068,8.0
2026-09-22,22,2026-09-01,True,SANTANDER,17058755.42,445057.87375,193924999.47,126051249.66,364.93,378299.19,66758.68,85.0,15.0,Cubierta (85.0% Contratos / 15.0% Bolsa),1335.1736212500002,487244.9096027626,749607.5532082585,689638.9489515978,-59968.60425666068,59968.60425666068,8.0
2026-09-22,22,2026-09-01,True,CUNDINAMARCA,11002369.46,445057.87375,193924999.47,126051249.66,364.93,378299.19,66758.68,85.0,15.0,Cubierta (85.0% Contratos / 15.0% Bolsa),1335.1736212500002,487244.9096027626,749607.5532082585,689638.9489515978,-59968.60425666068,59968.60425666068,8.0
2026-09-22,22,2026-09-01,True,TOLIMA,9101589.31,445057.87375,193924999.47,126051249.66,364.93,378299.19,66758.68,85.0,15.0,Cubierta (85.0% Contratos / 15.0% Bolsa),1335.1736212500002,487244.9096027626,749607.5532082585,689638.9489515978,-59968.60425666068,59968.60425666068,8.0
2026-09-23,23,2026-09-01,True,ANTIOQUIA,30312627.69,442852.84375,192964202.27999997,125426731.48,364.5793,376424.92,66427.93,85.0,15.0,Cubierta (85.0% Contratos / 15.0% Bolsa),1328.55853125,484364.9393321531,745176.8297536562,685562.6833733637,-59614.146380292485,59614.146380292485,7.999999999999999
2026-09-23,23,2026-09-01,True,BOGOTA,42632611.23,442852.84375,192964202.27999997,125426731.48,364.5793,376424.92,66427.93,85.0,15.0,Cubierta (85.0% Contratos / 15.0% Bolsa),1328.55853125,484364.9393321531,745176.8297536562,685562.6833733637,-59614.146380292485,59614.146380292485,7.999999999999999
2026-09-23,23,2026-09-01,True,CARIBE_MAR,34086028.07,442852.84375,192964202.27999997,125426731.48,364.5793,376424.92,66427.93,85.0,15.0,Cubierta (85.0% Contratos / 15.0% Bolsa),1328.55853125,484364.9393321531,745176.8297536562,685562.6833733637,-59614.146380292485,59614.146380292485,7.999999999999999
2026-09-23,23,2026-09-01,True,CARIBE_SOL,26853816.54,442852.84375,192964202.27999997,125426731.48,364.5793,376424.92,66427.93,85.0,15.0,Cubierta (85.0% Contratos / 15.0% Bolsa),1328.55853125,484364.9393321531,745176.8297536562,685562.6833733637,-59614.146380292485,59614.146380292485,7.999999999999999
2026-09-23,23,2026-09-01,True,VALLE,22048508.11,442852.84375,192964202.27999997,125426731.48,364.5793,376424.92,66427.93,85.0,15.0,Cubierta (85.0% Contratos / 15.0% Bolsa),1328.55853125,484364.9393321531,745176.8297536562,685562.6833733637,-59614.146380292485,59614.146380292485,7.999999999999999
2026-09-23,23,2026-09-01,True,SANTANDER,16810376.69,442852.84375,192964202.27999997,125426731.48,364.5793,376424.92,66427.93,85.0,15.0,Cubierta (85.0% Contratos / 15.0% Bolsa),1328.55853125,484364.9393321531,745176.8297536562,685562.6833733637,-59614.146380292485,59614.146380292485,7.999999999999999
2026-09-23,23,2026-09-01,True,CUNDINAMARCA,11102465.2,442852.84375,192964202.27999997,125426731.48,364.5793,376424.92,66427.93,85.0,15.0,Cubierta (85.0% Contratos / 15.0% Bolsa),1328.55853125,484364.9393321531,745176.8297536562,685562.6833733637,-59614.146380292485,59614.146380292485,7.999999999999999
2026-09-23,23,2026-09-01,True,TOLIMA,9117768.75,442852.84375,192964202.27999997,125426731.48,364.5793,376424.92,66427.93,85.0,15.0,Cubierta (85.0% Contratos / 15.0% Bolsa),1328.55853125,484364.9393321531,745176.8297536562,685562.6833733637,-59614.146380292485,59614.146380292485,7.999999999999999
2026-09-24,24,2026-09-01,True,ANTIOQUIA,30927239.95,447379.265,194936498.65999997,126708724.13,364.2728,380272.38,67106.89,85.0,15.0,Cubierta (85.0% Contratos / 15.0% Bolsa),1342.137795,488904.2925704761,752160.4501024884,691987.6140942894,-60172.836008199025,60172.836008199025,7.999999999999993
2026-09-24,24,2026-09-01,True,BOGOTA,43279666.99,447379.265,194936498.65999997,126708724.13,364.2728,380272.38,67106.89,85.0,15.0,Cubierta (85.0% Contratos / 15.0% Bolsa),1342.137795,488904.2925704761,752160.4501024884,691987.6140942894,-60172.836008199025,60172.836008199025,7.999999999999993
2026-09-24,24,2026-09-01,True,CARIBE_MAR,34404817.13,447379.265,194936498.65999997,126708724.13,364.2728,380272.38,67106.89,85.0,15.0,Cubierta (85.0% Contratos / 15.0% Bolsa),1342.137795,488904.2925704761,752160.4501024884,691987.6140942894,-60172.836008199025,60172.836008199025,7.999999999999993
2026-09-24,24,2026-09-01,True,CARIBE_SOL,27158542.29,447379.265,194936498.65999997,126708724.13,364.2728,380272.38,67106.89,85.0,15.0,Cubierta (85.0% Contratos / 15.0% Bolsa),1342.137795,488904.2925704761,752160.4501024884,691987.6140942894,-60172.836008199025,60172.836008199025,7.999999999999993
2026-09-24,24,2026-09-01,True,VALLE,21836843.86,447379.265,194936498.65999997,126708724.13,364.2728,380272.38,67106.89,85.0,15.0,Cubierta (85.0% Contratos / 15.0% Bolsa),1342.137795,488904.2925704761,752160.4501024884,691987.6140942894,-60172.836008199025,60172.836008199025,7.999999999999993
2026-09-24,24,2026-09-01,True,SANTANDER,17139391.34,447379.265,194936498.65999997,126708724.13,364.2728,380272.38,67106.89,85.0,15.0,Cubierta (85.0% Contratos / 15.0% Bolsa),1342.137795,488904.2925704761,752160.4501024884,691987.6140942894,-60172.836008199025,60172.836008199025,7.999999999999993
2026-09-24,24,2026-09-01,True,CUNDINAMARCA,11099531.36,447379.265,194936498.65999997,126708724.13,364.2728,380272.38,67106.89,85.0,15.0,Cubierta (85.0% Contratos / 15.0% Bolsa),1342.137795,488904.2925704761,752160.4501024884,691987.6140942894,-60172.836008199025,60172.836008199025,7.999999999999993
2026-09-24,24,2026-09-01,True,TOLIMA,9090465.74,447379.265,194936498.65999997,126708724.13,364.2728,380272.38,67106.89,85.0,15.0,Cubierta (85.0% Contratos / 15.0% Bolsa),1342.137795,488904.2925704761,752160.4501024884,691987.6140942894,-60172.836008199025,60172.836008199025,7.999999999999993
2026-09-25,25,2026-09-01,True,ANTIOQUIA,30040472.48,444609.33375,193729556.97,125924212.03,364.0197,377917.93,66691.4,85.0,15.0,Cubierta (85.0% Contratos / 15.0% Bolsa),1333.82800125,485539.6688666246,746984.1059516192,687225.3774754897,-59758.72847612947,59758.72847612947,7.999999999999992
2026-09-25,25,2026-09-01,True,BOGOTA,42755516.69,444609.33375,193729556.97,125924212.03,364.0197,377917.93,66691.4,85.0,15.0,Cubierta (85.0% Contratos / 15.0% Bolsa),1333.82800125,485539.6688666246,746984.1059516192,687225.3774754897,-59758.72847612947,59758.72847612947,7.999999999999992
2026-09-25,25,2026-09-01,True,CARIBE_MAR,34428629.72,444609.33375,193729556.97,125924212.03,364.0197,377917.93,66691.4,85.0,15.0,Cubierta (85.0% Contratos / 15.0% Bolsa),1333.82800125,485539.6688666246,746984.1059516192,687225.3774754897,-59758.72847612947,59758.72847612947,7.999999999999992
2026-09-25,25,2026-09-01,True,CARIBE_SOL,26941317.98,444609.33375,193729556.97,125924212.03,364.0197,377917.93,66691.4,85.0,15.0,Cubierta (85.0% Contratos / 15.0% Bolsa),1333.82800125,485539.6688666246,746984.1059516192,687225.3774754897,-59758.72847612947,59758.72847612947,7.999999999999992
2026-09-25,25,2026-09-01,True,VALLE,22075165.95,444609.33375,193729556.97,125924212.03,364.0197,377917.93,66691.4,85.0,15.0,Cubierta (85.0% Contratos / 15.0% Bolsa),1333.82800125,485539.6688666246,746984.1059516192,687225.3774754897,-59758.72847612947,59758.72847612947,7.999999999999992
2026-09-25,25,2026-09-01,True,SANTANDER,17204095.0,444609.33375,193729556.97,125924212.03,364.0197,377917.93,66691.4,85.0,15.0,Cubierta (85.0% Contratos / 15.0% Bolsa),1333.82800125,485539.6688666246,746984.1059516192,687225.3774754897,-59758.72847612947,59758.72847612947,7.999999999999992
2026-09-25,25,2026-09-01,True,CUNDINAMARCA,11064704.31,444609.33375,193729556.97,125924212.03,364.0197,377917.93,66691.4,85.0,15.0,Cubierta (85.0% Contratos / 15.0% Bolsa),1333.82800125,485539.6688666246,746984.1059516192,687225.3774754897,-59758.72847612947,59758.72847612947,7.999999999999992
2026-09-25,25,2026-09-01,True,TOLIMA,9219654.84,444609.33375,193729556.97,125924212.03,364.0197,377917.93,66691.4,85.0,15.0,Cubierta (85.0% Contratos / 15.0% Bolsa),1333.82800125,485539.6688666246,746984.1059516192,687225.3774754897,-59758.72847612947,59758.72847612947,7.999999999999992
2026-09-26,26,2026-09-01,True,ANTIOQUIA,25339097.16,315527.585,163063351.41,105991178.42,363.8283,268198.45,47329.14,85.0,15.0,Cubierta (85.0% Contratos / 15.0% Bolsa),946.5827550000001,344393.59456096654,529836.2993070679,487449.3953625025,-42386.90394456539,42386.90394456539,7.999999999999992
2026-09-26,26,2026-09-01,True,BOGOTA,36074107.13,315527.585,163063351.41,105991178.42,363.8283,268198.45,47329.14,85.0,15.0,Cubierta (85.0% Contratos / 15.0% Bolsa),946.5827550000001,344393.59456096654,529836.2993070679,487449.3953625025,-42386.90394456539,42386.90394456539,7.999999999999992
2026-09-26,26,2026-09-01,True,CARIBE_MAR,29120614.2,315527.585,163063351.41,105991178.42,363.8283,268198.45,47329.14,85.0,15.0,Cubierta (85.0% Contratos / 15.0% Bolsa),946.5827550000001,344393.59456096654,529836.2993070679,487449.3953625025,-42386.90394456539,42386.90394456539,7.999999999999992
2026-09-26,26,2026-09-01,True,CARIBE_SOL,22788448.58,315527.585,163063351.41,105991178.42,363.8283,268198.45,47329.14,85.0,15.0,Cubierta (85.0% Contratos / 15.0% Bolsa),946.5827550000001,344393.59456096654,529836.2993070679,487449.3953625025,-42386.90394456539,42386.90394456539,7.999999999999992
2026-09-26,26,2026-09-01,True,VALLE,18312729.69,315527.585,163063351.41,105991178.42,363.8283,268198.45,47329.14,85.0,15.0,Cubierta (85.0% Contratos / 15.0% Bolsa),946.5827550000001,344393.59456096654,529836.2993070679,487449.3953625025,-42386.90394456539,42386.90394456539,7.999999999999992
2026-09-26,26,2026-09-01,True,SANTANDER,14397592.24,315527.585,163063351.41,105991178.42,363.8283,268198.45,47329.14,85.0,15.0,Cubierta (85.0% Contratos / 15.0% Bolsa),946.5827550000001,344393.59456096654,529836.2993070679,487449.3953625025,-42386.90394456539,42386.90394456539,7.999999999999992
2026-09-26,26,2026-09-01,True,CUNDINAMARCA,9282909.96,315527.585,163063351.41,105991178.42,363.8283,268198.45,47329.14,85.0,15.0,Cubierta (85.0% Contratos / 15.0% Bolsa),946.5827550000001,344393.59456096654,529836.2993070679,487449.3953625025,-42386.90394456539,42386.90394456539,7.999999999999992
2026-09-26,26,2026-09-01,True,TOLIMA,7747852.45,315527.585,163063351.41,105991178.42,363.8283,268198.45,47329.14,85.0,15.0,Cubierta (85.0% Contratos / 15.0% Bolsa),946.5827550000001,344393.59456096654,529836.2993070679,487449.3953625025,-42386.90394456539,42386.90394456539,7.999999999999992
2026-09-27,27,2026-09-01,True,ANTIOQUIA,25652680.01,314455.67875,162509394.71000004,105631106.56,363.7055,267287.33,47168.35,85.0,15.0,Cubierta (85.0% Contratos / 15.0% Bolsa),943.3670362500001,343107.77960282436,527858.1224733795,485629.47267550917,-42228.64979787031,42228.64979787031,7.999999999999992
2026-09-27,27,2026-09-01,True,BOGOTA,35526717.81,314455.67875,162509394.71000004,105631106.56,363.7055,267287.33,47168.35,85.0,15.0,Cubierta (85.0% Contratos / 15.0% Bolsa),943.3670362500001,343107.77960282436,527858.1224733795,485629.47267550917,-42228.64979787031,42228.64979787031,7.999999999999992
2026-09-27,27,2026-09-01,True,CARIBE_MAR,28681639.6,314455.67875,162509394.71000004,105631106.56,363.7055,267287.33,47168.35,85.0,15.0,Cubierta (85.0% Contratos / 15.0% Bolsa),943.3670362500001,343107.77960282436,527858.1224733795,485629.47267550917,-42228.64979787031,42228.64979787031,7.999999999999992
2026-09-27,27,2026-09-01,True,CARIBE_SOL,22514186.46,314455.67875,162509394.71000004,105631106.56,363.7055,267287.33,47168.35,85.0,15.0,Cubierta (85.0% Contratos / 15.0% Bolsa),943.3670362500001,343107.77960282436,527858.1224733795,485629.47267550917,-42228.64979787031,42228.64979787031,7.999999999999992
2026-09-27,27,2026-09-01,True,VALLE,18546149.13,314455.67875,162509394.71000004,105631106.56,363.7055,267287.33,47168.35,85.0,15.0,Cubierta (85.0% Contratos / 15.0% Bolsa),943.3670362500001,343107.77960282436,527858.1224733795,485629.47267550917,-42228.64979787031,42228.64979787031,7.999999999999992
2026-09-27,27,2026-09-01,True,SANTANDER,14612186.34,314455.67875,162509394.71000004,105631106.56,363.7055,267287.33,47168.35,85.0,15.0,Cubierta (85.0% Contratos / 15.0% Bolsa),943.3670362500001,343107.77960282436,527858.1224733795,485629.47267550917,-42228.64979787031,42228.64979787031,7.999999999999992
2026-09-27,27,2026-09-01,True,CUNDINAMARCA,9209922.31,314455.67875,162509394.71000004,105631106.56,363.7055,267287.33,47168.35,85.0,15.0,Cubierta (85.0% Contratos / 15.0% Bolsa),943.3670362500001,343107.77960282436,527858.1224733795,485629.47267550917,-42228.64979787031,42228.64979787031,7.999999999999992
2026-09-27,27,2026-09-01,True,TOLIMA,7765913.05,314455.67875,162509394.71000004,105631106.56,363.7055,267287.33,47168.35,85.0,15.0,Cubierta (85.0% Contratos / 15.0% Bolsa),943.3670362500001,343107.77960282436,527858.1224733795,485629.47267550917,-42228.64979787031,42228.64979787031,7.999999999999992
2026-09-28,28,2026-09-01,True,ANTIOQUIA,30427895.88,443414.13,193208771.07,125585701.2,363.6569,376902.01,66512.12,85.0,15.0,Cubierta (85.0% Contratos / 15.0% Bolsa),1330.2423900000001,483751.8237959911,744233.5750440878,684694.8890405608,-59538.68600352702,59538.68600352702,7.999999999999999
2026-09-28,28,2026-09-01,True,BOGOTA,42595216.6,443414.13,193208771.07,125585701.2,363.6569,376902.01,66512.12,85.0,15.0,Cubierta (85.0% Contratos / 15.0% Bolsa),1330.2423900000001,483751.8237959911,744233.5750440878,684694.8890405608,-59538.68600352702,59538.68600352702,7.999999999999999
2026-09-28,28,2026-09-01,True,CARIBE_MAR,34283176.94,443414.13,193208771.07,125585701.2,363.6569,376902.01,66512.12,85.0,15.0,Cubierta (85.0% Contratos / 15.0% Bolsa),1330.2423900000001,483751.8237959911,744233.5750440878,684694.8890405608,-59538.68600352702,59538.68600352702,7.999999999999999
2026-09-28,28,2026-09-01,True,CARIBE_SOL,26644571.59,443414.13,193208771.07,125585701.2,363.6569,376902.01,66512.12,85.0,15.0,Cubierta (85.0% Contratos / 15.0% Bolsa),1330.2423900000001,483751.8237959911,744233.5750440878,684694.8890405608,-59538.68600352702,59538.68600352702,7.999999999999999
2026-09-28,28,2026-09-01,True,VALLE,21903131.61,443414.13,193208771.07,125585701.2,363.6569,376902.01,66512.12,85.0,15.0,Cubierta (85.0% Contratos / 15.0% Bolsa),1330.2423900000001,483751.8237959911,744233.5750440878,684694.8890405608,-59538.68600352702,59538.68600352702,7.999999999999999
2026-09-28,28,2026-09-01,True,SANTANDER,17274153.14,443414.13,193208771.07,125585701.2,363.6569,376902.01,66512.12,85.0,15.0,Cubierta (85.0% Contratos / 15.0% Bolsa),1330.2423900000001,483751.8237959911,744233.5750440878,684694.8890405608,-59538.68600352702,59538.68600352702,7.999999999999999
2026-09-28,28,2026-09-01,True,CUNDINAMARCA,10941326.62,443414.13,193208771.07,125585701.2,363.6569,376902.01,66512.12,85.0,15.0,Cubierta (85.0% Contratos / 15.0% Bolsa),1330.2423900000001,483751.8237959911,744233.5750440878,684694.8890405608,-59538.68600352702,59538.68600352702,7.999999999999999
2026-09-28,28,2026-09-01,True,TOLIMA,9139298.69,443414.13,193208771.07,125585701.2,363.6569,376902.01,66512.12,85.0,15.0,Cubierta (85.0% Contratos / 15.0% Bolsa),1330.2423900000001,483751.8237959911,744233.5750440878,684694.8890405608,-59538.68600352702,59538.68600352702,7.999999999999999
2026-09-29,29,2026-09-01,True,ANTIOQUIA,30675779.89,444324.925,193605631.66,125843660.58,363.6866,377676.19,66648.74,85.0,15.0,Cubierta (85.0% Contratos / 15.0% Bolsa),1332.974775,484785.06380551495,745823.1750794811,686157.3210731227,-59665.85400635842,59665.85400635842,7.999999999999992
2026-09-29,29,2026-09-01,True,BOGOTA,42731373.06,444324.925,193605631.66,125843660.58,363.6866,377676.19,66648.74,85.0,15.0,Cubierta (85.0% Contratos / 15.0% Bolsa),1332.974775,484785.06380551495,745823.1750794811,686157.3210731227,-59665.85400635842,59665.85400635842,7.999999999999992
2026-09-29,29,2026-09-01,True,CARIBE_MAR,34478571.73,444324.925,193605631.66,125843660.58,363.6866,377676.19,66648.74,85.0,15.0,Cubierta (85.0% Contratos / 15.0% Bolsa),1332.974775,484785.06380551495,745823.1750794811,686157.3210731227,-59665.85400635842,59665.85400635842,7.999999999999992
2026-09-29,29,2026-09-01,True,CARIBE_SOL,26763989.13,444324.925,193605631.66,125843660.58,363.6866,377676.19,66648.74,85.0,15.0,Cubierta (85.0% Contratos / 15.0% Bolsa),1332.974775,484785.06380551495,745823.1750794811,686157.3210731227,-59665.85400635842,59665.85400635842,7.999999999999992
2026-09-29,29,2026-09-01,True,VALLE,21961408.22,444324.925,193605631.66,125843660.58,363.6866,377676.19,66648.74,85.0,15.0,Cubierta (85.0% Contratos / 15.0% Bolsa),1332.974775,484785.06380551495,745823.1750794811,686157.3210731227,-59665.85400635842,59665.85400635842,7.999999999999992
2026-09-29,29,2026-09-01,True,SANTANDER,16925073.5,444324.925,193605631.66,125843660.58,363.6866,377676.19,66648.74,85.0,15.0,Cubierta (85.0% Contratos / 15.0% Bolsa),1332.974775,484785.06380551495,745823.1750794811,686157.3210731227,-59665.85400635842,59665.85400635842,7.999999999999992
2026-09-29,29,2026-09-01,True,CUNDINAMARCA,10959528.01,444324.925,193605631.66,125843660.58,363.6866,377676.19,66648.74,85.0,15.0,Cubierta (85.0% Contratos / 15.0% Bolsa),1332.974775,484785.06380551495,745823.1750794811,686157.3210731227,-59665.85400635842,59665.85400635842,7.999999999999992
2026-09-29,29,2026-09-01,True,TOLIMA,9109908.12,444324.925,193605631.66,125843660.58,363.6866,377676.19,66648.74,85.0,15.0,Cubierta (85.0% Contratos / 15.0% Bolsa),1332.974775,484785.06380551495,745823.1750794811,686157.3210731227,-59665.85400635842,59665.85400635842,7.999999999999992
2026-09-30,30,2026-09-01,True,ANTIOQUIA,30273654.35,445174.35,193975751.69000003,126084238.6,363.7969,378398.2,66776.15,85.0,15.0,Cubierta (85.0% Contratos / 15.0% Bolsa),1335.52305,485859.145468545,747475.6084042537,687677.5597319135,-59798.04867234023,59798.04867234023,7.99999999999999
2026-09-30,30,2026-09-01,True,BOGOTA,43059172.79,445174.35,193975751.69000003,126084238.6,363.7969,378398.2,66776.15,85.0,15.0,Cubierta (85.0% Contratos / 15.0% Bolsa),1335.52305,485859.145468545,747475.6084042537,687677.5597319135,-59798.04867234023,59798.04867234023,7.99999999999999
2026-09-30,30,2026-09-01,True,CARIBE_MAR,34323667.31,445174.35,193975751.69000003,126084238.6,363.7969,378398.2,66776.15,85.0,15.0,Cubierta (85.0% Contratos / 15.0% Bolsa),1335.52305,485859.145468545,747475.6084042537,687677.5597319135,-59798.04867234023,59798.04867234023,7.99999999999999
2026-09-30,30,2026-09-01,True,CARIBE_SOL,26955130.98,445174.35,193975751.69000003,126084238.6,363.7969,378398.2,66776.15,85.0,15.0,Cubierta (85.0% Contratos / 15.0% Bolsa),1335.52305,485859.145468545,747475.6084042537,687677.5597319135,-59798.04867234023,59798.04867234023,7.99999999999999
2026-09-30,30,2026-09-01,True,VALLE,21998714.35,445174.35,193975751.69000003,126084238.6,363.7969,378398.2,66776.15,85.0,15.0,Cubierta (85.0% Contratos / 15.0% Bolsa),1335.52305,485859.145468545,747475.6084042537,687677.5597319135,-59798.04867234023,59798.04867234023,7.99999999999999
2026-09-30,30,2026-09-01,True,SANTANDER,17174858.08,445174.35,193975751.69000003,126084238.6,363.7969,378398.2,66776.15,85.0,15.0,Cubierta (85.0% Contratos / 15.0% Bolsa),1335.52305,485859.145468545,747475.6084042537,687677.5597319135,-59798.04867234023,59798.04867234023,7.99999999999999
2026-09-30,30,2026-09-01,True,CUNDINAMARCA,10933374.52,445174.35,193975751.69000003,126084238.6,363.7969,378398.2,66776.15,85.0,15.0,Cubierta (85.0% Contratos / 15.0% Bolsa),1335.52305,485859.145468545,747475.6084042537,687677.5597319135,-59798.04867234023,59798.04867234023,7.99999999999999
2026-09-30,30,2026-09-01,True,TOLIMA,9257179.31,445174.35,193975751.69000003,126084238.6,363.7969,378398.2,66776.15,85.0,15.0,Cubierta (85.0% Contratos / 15.0% Bolsa),1335.52305,485859.145468545,747475.6084042537,687677.5597319135,-59798.04867234023,59798.04867234023,7.99999999999999
2026-10-01,1,2026-10-01,True,ANTIOQUIA,30395169.04,442946.205,193004882.42,125453173.57,363.9887,376504.27,66441.93,85.0,15.0,Cubierta (85.0% Contratos / 15.0% Bolsa),1328.8386150000001,483682.2399836505,744126.5230695646,684596.4012239994,-59530.121845565154,59530.121845565154,7.999999999999999
2026-10-01,1,2026-10-01,True,BOGOTA,42807094.67,442946.205,193004882.42,125453173.57,363.9887,376504.27,66441.93,85.0,15.0,Cubierta (85.0% Contratos / 15.0% Bolsa),1328.8386150000001,483682.2399836505,744126.5230695646,684596.4012239994,-59530.121845565154,59530.121845565154,7.999999999999999
2026-10-01,1,2026-10-01,True,CARIBE_MAR,33898328.29,442946.205,193004882.42,125453173.57,363.9887,376504.27,66441.93,85.0,15.0,Cubierta (85.0% Contratos / 15.0% Bolsa),1328.8386150000001,483682.2399836505,744126.5230695646,684596.4012239994,-59530.121845565154,59530.121845565154,7.999999999999999
2026-10-01,1,2026-10-01,True,CARIBE_SOL,27155380.05,442946.205,193004882.42,125453173.57,363.9887,376504.27,66441.93,85.0,15.0,Cubierta (85.0% Contratos / 15.0% Bolsa),1328.8386150000001,483682.2399836505,744126.5230695646,684596.4012239994,-59530.121845565154,59530.121845565154,7.999999999999999
2026-10-01,1,2026-10-01,True,VALLE,21784507.7,442946.205,193004882.42,125453173.57,363.9887,376504.27,66441.93,85.0,15.0,Cubierta (85.0% Contratos / 15.0% Bolsa),1328.8386150000001,483682.2399836505,744126.5230695646,684596.4012239994,-59530.121845565154,59530.121845565154,7.999999999999999
2026-10-01,1,2026-10-01,True,SANTANDER,16874429.49,442946.205,193004882.42,125453173.57,363.9887,376504.27,66441.93,85.0,15.0,Cubierta (85.0% Contratos / 15.0% Bolsa),1328.8386150000001,483682.2399836505,744126.5230695646,684596.4012239994,-59530.121845565154,59530.121845565154,7.999999999999999
2026-10-01,1,2026-10-01,True,CUNDINAMARCA,10977623.51,442946.205,193004882.42,125453173.57,363.9887,376504.27,66441.93,85.0,15.0,Cubierta (85.0% Contratos / 15.0% Bolsa),1328.8386150000001,483682.2399836505,744126.5230695646,684596.4012239994,-59530.121845565154,59530.121845565154,7.999999999999999
2026-10-01,1,2026-10-01,True,TOLIMA,9112349.67,442946.205,193004882.42,125453173.57,363.9887,376504.27,66441.93,85.0,15.0,Cubierta (85.0% Contratos / 15.0% Bolsa),1328.8386150000001,483682.2399836505,744126.5230695646,684596.4012239994,-59530.121845565154,59530.121845565154,7.999999999999999
2026-10-02,2,2026-10-01,True,ANTIOQUIA,30564119.53,444872.92125,193844410.03,125998866.52,364.2612,378141.98,66730.94,85.0,15.0,Cubierta (85.0% Contratos / 15.0% Bolsa),1334.61876375,486149.8324260915,747922.8191140959,688088.9935849683,-59833.825529127615,59833.825529127615,7.999999999999992
2026-10-02,2,2026-10-01,True,BOGOTA,42192600.41,444872.92125,193844410.03,125998866.52,364.2612,378141.98,66730.94,85.0,15.0,Cubierta (85.0% Contratos / 15.0% Bolsa),1334.61876375,486149.8324260915,747922.8191140959,688088.9935849683,-59833.825529127615,59833.825529127615,7.999999999999992
2026-10-02,2,2026-10-01,True,CARIBE_MAR,34323345.6,444872.92125,193844410.03,125998866.52,364.2612,378141.98,66730.94,85.0,15.0,Cubierta (85.0% Contratos / 15.0% Bolsa),1334.61876375,486149.8324260915,747922.8191140959,688088.9935849683,-59833.825529127615,59833.825529127615,7.999999999999992
2026-10-02,2,2026-10-01,True,CARIBE_SOL,27182837.24,444872.92125,193844410.03,125998866.52,364.2612,378141.98,66730.94,85.0,15.0,Cubierta (85.0% Contratos / 15.0% Bolsa),1334.61876375,486149.8324260915,747922.8191140959,688088.9935849683,-59833.825529127615,59833.825529127615,7.999999999999992
2026-10-02,2,2026-10-01,True,VALLE,22275489.7,444872.92125,193844410.03,125998866.52,364.2612,378141.98,66730.94,85.0,15.0,Cubierta (85.0% Contratos / 15.0% Bolsa),1334.61876375,486149.8324260915,747922.8191140959,688088.9935849683,-59833.825529127615,59833.825529127615,7.999999999999992
2026-10-02,2,2026-10-01,True,SANTANDER,17152195.71,444872.92125,193844410.03,125998866.52,364.2612,378141.98,66730.94,85.0,15.0,Cubierta (85.0% Contratos / 15.0% Bolsa),1334.61876375,486149.8324260915,747922.8191140959,688088.9935849683,-59833.825529127615,59833.825529127615,7.999999999999992
2026-10-02,2,2026-10-01,True,CUNDINAMARCA,11026108.5,444872.92125,193844410.03,125998866.52,364.2612,378141.98,66730.94,85.0,15.0,Cubierta (85.0% Contratos / 15.0% Bolsa),1334.61876375,486149.8324260915,747922.8191140959,688088.9935849683,-59833.825529127615,59833.825529127615,7.999999999999992
2026-10-02,2,2026-10-01,True,TOLIMA,9127713.34,444872.92125,193844410.03,125998866.52,364.2612,378141.98,66730.94,85.0,15.0,Cubierta (85.0% Contratos / 15.0% Bolsa),1334.61876375,486149.8324260915,747922.8191140959,688088.9935849683,-59833.825529127615,59833.825529127615,7.999999999999992
2026-10-03,3,2026-10-01,True,ANTIOQUIA,25762831.07,316390.12875,163509110.64999998,106280921.92,364.6118,268931.61,47458.52,85.0,15.0,Cubierta (85.0% Contratos / 15.0% Bolsa),949.17038625,346078.72303730773,532428.8046853052,489834.5003104808,-42594.304374824394,42594.304374824394,7.9999999999999964
2026-10-03,3,2026-10-01,True,BOGOTA,36475198.45,316390.12875,163509110.64999998,106280921.92,364.6118,268931.61,47458.52,85.0,15.0,Cubierta (85.0% Contratos / 15.0% Bolsa),949.17038625,346078.72303730773,532428.8046853052,489834.5003104808,-42594.304374824394,42594.304374824394,7.9999999999999964
2026-10-03,3,2026-10-01,True,CARIBE_MAR,28557312.72,316390.12875,163509110.64999998,106280921.92,364.6118,268931.61,47458.52,85.0,15.0,Cubierta (85.0% Contratos / 15.0% Bolsa),949.17038625,346078.72303730773,532428.8046853052,489834.5003104808,-42594.304374824394,42594.304374824394,7.9999999999999964
2026-10-03,3,2026-10-01,True,CARIBE_SOL,22692202.52,316390.12875,163509110.64999998,106280921.92,364.6118,268931.61,47458.52,85.0,15.0,Cubierta (85.0% Contratos / 15.0% Bolsa),949.17038625,346078.72303730773,532428.8046853052,489834.5003104808,-42594.304374824394,42594.304374824394,7.9999999999999964
2026-10-03,3,2026-10-01,True,VALLE,18612751.69,316390.12875,163509110.64999998,106280921.92,364.6118,268931.61,47458.52,85.0,15.0,Cubierta (85.0% Contratos / 15.0% Bolsa),949.17038625,346078.72303730773,532428.8046853052,489834.5003104808,-42594.304374824394,42594.304374824394,7.9999999999999964
2026-10-03,3,2026-10-01,True,SANTANDER,14505007.96,316390.12875,163509110.64999998,106280921.92,364.6118,268931.61,47458.52,85.0,15.0,Cubierta (85.0% Contratos / 15.0% Bolsa),949.17038625,346078.72303730773,532428.8046853052,489834.5003104808,-42594.304374824394,42594.304374824394,7.9999999999999964
2026-10-03,3,2026-10-01,True,CUNDINAMARCA,9107240.29,316390.12875,163509110.64999998,106280921.92,364.6118,268931.61,47458.52,85.0,15.0,Cubierta (85.0% Contratos / 15.0% Bolsa),949.17038625,346078.72303730773,532428.8046853052,489834.5003104808,-42594.304374824394,42594.304374824394,7.9999999999999964
2026-10-03,3,2026-10-01,True,TOLIMA,7796565.95,316390.12875,163509110.64999998,106280921.92,364.6118,268931.61,47458.52,85.0,15.0,Cubierta (85.0% Contratos / 15.0% Bolsa),949.17038625,346078.72303730773,532428.8046853052,489834.5003104808,-42594.304374824394,42594.304374824394,7.9999999999999964
2026-10-04,4,2026-10-01,True,ANTIOQUIA,25426798.24,314986.95875,162783958.03,105809572.72,365.0365,267738.91,47248.04,85.0,15.0,Cubierta (85.0% Contratos / 15.0% Bolsa),944.96087625,344945.2109032331,530684.9398486201,488230.1446607305,-42454.7951878896,42454.7951878896,7.999999999999999
2026-10-04,4,2026-10-01,True,BOGOTA,35430962.91,314986.95875,162783958.03,105809572.72,365.0365,267738.91,47248.04,85.0,15.0,Cubierta (85.0% Contratos / 15.0% Bolsa),944.96087625,344945.2109032331,530684.9398486201,488230.1446607305,-42454.7951878896,42454.7951878896,7.999999999999999
2026-10-04,4,2026-10-01,True,CARIBE_MAR,29171339.86,314986.95875,162783958.03,105809572.72,365.0365,267738.91,47248.04,85.0,15.0,Cubierta (85.0% Contratos / 15.0% Bolsa),944.96087625,344945.2109032331,530684.9398486201,488230.1446607305,-42454.7951878896,42454.7951878896,7.999999999999999
2026-10-04,4,2026-10-01,True,CARIBE_SOL,22876737.94,314986.95875,162783958.03,105809572.72,365.0365,267738.91,47248.04,85.0,15.0,Cubierta (85.0% Contratos / 15.0% Bolsa),944.96087625,344945.2109032331,530684.9398486201,488230.1446607305,-42454.7951878896,42454.7951878896,7.999999999999999
2026-10-04,4,2026-10-01,True,VALLE,18542735.51,314986.95875,162783958.03,105809572.72,365.0365,267738.91,47248.04,85.0,15.0,Cubierta (85.0% Contratos / 15.0% Bolsa),944.96087625,344945.2109032331,530684.9398486201,488230.1446607305,-42454.7951878896,42454.7951878896,7.999999999999999
2026-10-04,4,2026-10-01,True,SANTANDER,14273713.74,314986.95875,162783958.03,105809572.72,365.0365,267738.91,47248.04,85.0,15.0,Cubierta (85.0% Contratos / 15.0% Bolsa),944.96087625,344945.2109032331,530684.9398486201,488230.1446607305,-42454.7951878896,42454.7951878896,7.999999999999999
2026-10-04,4,2026-10-01,True,CUNDINAMARCA,9308001.65,314986.95875,162783958.03,105809572.72,365.0365,267738.91,47248.04,85.0,15.0,Cubierta (85.0% Contratos / 15.0% Bolsa),944.96087625,344945.2109032331,530684.9398486201,488230.1446607305,-42454.7951878896,42454.7951878896,7.999999999999999
2026-10-04,4,2026-10-01,True,TOLIMA,7753668.18,314986.95875,162783958.03,105809572.72,365.0365,267738.91,47248.04,85.0,15.0,Cubierta (85.0% Contratos / 15.0% Bolsa),944.96087625,344945.2109032331,530684.9398486201,488230.1446607305,-42454.7951878896,42454.7951878896,7.999999999999999
2026-10-05,5,2026-10-01,True,ANTIOQUIA,30460663.96,445330.92125,194043974.66000003,126128583.53,365.5296,378531.28,66799.64,85.0,15.0,Cubierta (85.0% Contratos / 15.0% Bolsa),1335.99276375,488344.90053643205,751299.8469731696,691195.859215316,-60103.98775785358,60103.98775785358,8.000000000000002
2026-10-05,5,2026-10-01,True,BOGOTA,42752756.47,445330.92125,194043974.66000003,126128583.53,365.5296,378531.28,66799.64,85.0,15.0,Cubierta (85.0% Contratos / 15.0% Bolsa),1335.99276375,488344.90053643205,751299.8469731696,691195.859215316,-60103.98775785358,60103.98775785358,8.000000000000002
2026-10-05,5,2026-10-01,True,CARIBE_MAR,34571058.52,445330.92125,194043974.66000003,126128583.53,365.5296,378531.28,66799.64,85.0,15.0,Cubierta (85.0% Contratos / 15.0% Bolsa),1335.99276375,488344.90053643205,751299.8469731696,691195.859215316,-60103.98775785358,60103.98775785358,8.000000000000002
2026-10-05,5,2026-10-01,True,CARIBE_SOL,27102557.65,445330.92125,194043974.66000003,126128583.53,365.5296,378531.28,66799.64,85.0,15.0,Cubierta (85.0% Contratos / 15.0% Bolsa),1335.99276375,488344.90053643205,751299.8469731696,691195.859215316,-60103.98775785358,60103.98775785358,8.000000000000002
2026-10-05,5,2026-10-01,True,VALLE,21838438.87,445330.92125,194043974.66000003,126128583.53,365.5296,378531.28,66799.64,85.0,15.0,Cubierta (85.0% Contratos / 15.0% Bolsa),1335.99276375,488344.90053643205,751299.8469731696,691195.859215316,-60103.98775785358,60103.98775785358,8.000000000000002
2026-10-05,5,2026-10-01,True,SANTANDER,17157708.98,445330.92125,194043974.66000003,126128583.53,365.5296,378531.28,66799.64,85.0,15.0,Cubierta (85.0% Contratos / 15.0% Bolsa),1335.99276375,488344.90053643205,751299.8469731696,691195.859215316,-60103.98775785358,60103.98775785358,8.000000000000002
2026-10-05,5,2026-10-01,True,CUNDINAMARCA,11060413.72,445330.92125,194043974.66000003,126128583.53,365.5296,378531.28,66799.64,85.0,15.0,Cubierta (85.0% Contratos / 15.0% Bolsa),1335.99276375,488344.90053643205,751299.8469731696,691195.859215316,-60103.98775785358,60103.98775785358,8.000000000000002
2026-10-05,5,2026-10-01,True,TOLIMA,9100376.49,445330.92125,194043974.66000003,126128583.53,365.5296,378531.28,66799.64,85.0,15.0,Cubierta (85.0% Contratos / 15.0% Bolsa),1335.99276375,488344.90053643205,751299.8469731696,691195.859215316,-60103.98775785358,60103.98775785358,8.000000000000002
2026-10-06,6,2026-10-01,True,ANTIOQUIA,30591860.85,444808.87625,193816503.55000004,125980727.31,366.0842,378087.54,66721.33,85.0,15.0,Cubierta (85.0% Contratos / 15.0% Bolsa),1334.42662875,488512.50484464073,751557.699746072,691433.0837663863,-60124.61597968568,60124.61597968568,7.99999999999999
2026-10-06,6,2026-10-01,True,BOGOTA,42752832.16,444808.87625,193816503.55000004,125980727.31,366.0842,378087.54,66721.33,85.0,15.0,Cubierta (85.0% Contratos / 15.0% Bolsa),1334.42662875,488512.50484464073,751557.699746072,691433.0837663863,-60124.61597968568,60124.61597968568,7.99999999999999
2026-10-06,6,2026-10-01,True,CARIBE_MAR,34190683.8,444808.87625,193816503.55000004,125980727.31,366.0842,378087.54,66721.33,85.0,15.0,Cubierta (85.0% Contratos / 15.0% Bolsa),1334.42662875,488512.50484464073,751557.699746072,691433.0837663863,-60124.61597968568,60124.61597968568,7.99999999999999
2026-10-06,6,2026-10-01,True,CARIBE_SOL,27099151.04,444808.87625,193816503.55000004,125980727.31,366.0842,378087.54,66721.33,85.0,15.0,Cubierta (85.0% Contratos / 15.0% Bolsa),1334.42662875,488512.50484464073,751557.699746072,691433.0837663863,-60124.61597968568,60124.61597968568,7.99999999999999
2026-10-06,6,2026-10-01,True,VALLE,21704819.02,444808.87625,193816503.55000004,125980727.31,366.0842,378087.54,66721.33,85.0,15.0,Cubierta (85.0% Contratos / 15.0% Bolsa),1334.42662875,488512.50484464073,751557.699746072,691433.0837663863,-60124.61597968568,60124.61597968568,7.99999999999999
2026-10-06,6,2026-10-01,True,SANTANDER,17120412.42,444808.87625,193816503.55000004,125980727.31,366.0842,378087.54,66721.33,85.0,15.0,Cubierta (85.0% Contratos / 15.0% Bolsa),1334.42662875,488512.50484464073,751557.699746072,691433.0837663863,-60124.61597968568,60124.61597968568,7.99999999999999
2026-10-06,6,2026-10-01,True,CUNDINAMARCA,11145097.86,444808.87625,193816503.55000004,125980727.31,366.0842,378087.54,66721.33,85.0,15.0,Cubierta (85.0% Contratos / 15.0% Bolsa),1334.42662875,488512.50484464073,751557.699746072,691433.0837663863,-60124.61597968568,60124.61597968568,7.99999999999999
2026-10-06,6,2026-10-01,True,TOLIMA,9211646.4,444808.87625,193816503.55000004,125980727.31,366.0842,378087.54,66721.33,85.0,15.0,Cubierta (85.0% Contratos / 15.0% Bolsa),1334.42662875,488512.50484464073,751557.699746072,691433.0837663863,-60124.61597968568,60124.61597968568,7.99999999999999
2026-10-07,7,2026-10-01,True,ANTIOQUIA,30685368.6,444051.27,193486392.07,125766154.85,366.6921,377443.58,66607.69,85.0,15.0,Cubierta (85.0% Contratos / 15.0% Bolsa),1332.15381,488490.27811190096,751523.50476065,691401.6243797981,-60121.880380851915,60121.880380851915,7.999999999999989
2026-10-07,7,2026-10-01,True,BOGOTA,42665181.07,444051.27,193486392.07,125766154.85,366.6921,377443.58,66607.69,85.0,15.0,Cubierta (85.0% Contratos / 15.0% Bolsa),1332.15381,488490.27811190096,751523.50476065,691401.6243797981,-60121.880380851915,60121.880380851915,7.999999999999989
2026-10-07,7,2026-10-01,True,CARIBE_MAR,34076419.74,444051.27,193486392.07,125766154.85,366.6921,377443.58,66607.69,85.0,15.0,Cubierta (85.0% Contratos / 15.0% Bolsa),1332.15381,488490.27811190096,751523.50476065,691401.6243797981,-60121.880380851915,60121.880380851915,7.999999999999989
2026-10-07,7,2026-10-01,True,CARIBE_SOL,26684918.48,444051.27,193486392.07,125766154.85,366.6921,377443.58,66607.69,85.0,15.0,Cubierta (85.0% Contratos / 15.0% Bolsa),1332.15381,488490.27811190096,751523.50476065,691401.6243797981,-60121.880380851915,60121.880380851915,7.999999999999989
2026-10-07,7,2026-10-01,True,VALLE,22097598.89,444051.27,193486392.07,125766154.85,366.6921,377443.58,66607.69,85.0,15.0,Cubierta (85.0% Contratos / 15.0% Bolsa),1332.15381,488490.27811190096,751523.50476065,691401.6243797981,-60121.880380851915,60121.880380851915,7.999999999999989
2026-10-07,7,2026-10-01,True,SANTANDER,17005534.44,444051.27,193486392.07,125766154.85,366.6921,377443.58,66607.69,85.0,15.0,Cubierta (85.0% Contratos / 15.0% Bolsa),1332.15381,488490.27811190096,751523.50476065,691401.6243797981,-60121.880380851915,60121.880380851915,7.999999999999989
2026-10-07,7,2026-10-01,True,CUNDINAMARCA,10910616.95,444051.27,193486392.07,125766154.85,366.6921,377443.58,66607.69,85.0,15.0,Cubierta (85.0% Contratos / 15.0% Bolsa),1332.15381,488490.27811190096,751523.50476065,691401.6243797981,-60121.880380851915,60121.880380851915,7.999999999999989
2026-10-07,7,2026-10-01,True,TOLIMA,9360753.9,444051.27,193486392.07,125766154.85,366.6921,377443.58,66607.69,85.0,15.0,Cubierta (85.0% Contratos / 15.0% Bolsa),1332.15381,488490.27811190096,751523.50476065,691401.6243797981,-60121.880380851915,60121.880380851915,7.999999999999989
2026-10-08,8,2026-10-01,True,ANTIOQUIA,30761594.29,445321.50125,194039869.63000003,126125915.26,367.3438,378523.28,66798.23,85.0,15.0,Cubierta (85.0% Contratos / 15.0% Bolsa),1335.96450375,490758.2774726392,755012.7345702979,694611.7158046741,-60401.0187656238,60401.0187656238,7.9999999999999964
2026-10-08,8,2026-10-01,True,BOGOTA,42362472.43,445321.50125,194039869.63000003,126125915.26,367.3438,378523.28,66798.23,85.0,15.0,Cubierta (85.0% Contratos / 15.0% Bolsa),1335.96450375,490758.2774726392,755012.7345702979,694611.7158046741,-60401.0187656238,60401.0187656238,7.9999999999999964
2026-10-08,8,2026-10-01,True,CARIBE_MAR,34660756.99,445321.50125,194039869.63000003,126125915.26,367.3438,378523.28,66798.23,85.0,15.0,Cubierta (85.0% Contratos / 15.0% Bolsa),1335.96450375,490758.2774726392,755012.7345702979,694611.7158046741,-60401.0187656238,60401.0187656238,7.9999999999999964
2026-10-08,8,2026-10-01,True,CARIBE_SOL,27132032.74,445321.50125,194039869.63000003,126125915.26,367.3438,378523.28,66798.23,85.0,15.0,Cubierta (85.0% Contratos / 15.0% Bolsa),1335.96450375,490758.2774726392,755012.7345702979,694611.7158046741,-60401.0187656238,60401.0187656238,7.9999999999999964
2026-10-08,8,2026-10-01,True,VALLE,21964333.98,445321.50125,194039869.63000003,126125915.26,367.3438,378523.28,66798.23,85.0,15.0,Cubierta (85.0% Contratos / 15.0% Bolsa),1335.96450375,490758.2774726392,755012.7345702979,694611.7158046741,-60401.0187656238,60401.0187656238,7.9999999999999964
2026-10-08,8,2026-10-01,True,SANTANDER,17043677.07,445321.50125,194039869.63000003,126125915.26,367.3438,378523.28,66798.23,85.0,15.0,Cubierta (85.0% Contratos / 15.0% Bolsa),1335.96450375,490758.2774726392,755012.7345702979,694611.7158046741,-60401.0187656238,60401.0187656238,7.9999999999999964
2026-10-08,8,2026-10-01,True,CUNDINAMARCA,10979846.8,445321.50125,194039869.63000003,126125915.26,367.3438,378523.28,66798.23,85.0,15.0,Cubierta (85.0% Contratos / 15.0% Bolsa),1335.96450375,490758.2774726392,755012.7345702979,694611.7158046741,-60401.0187656238,60401.0187656238,7.9999999999999964
2026-10-08,8,2026-10-01,True,TOLIMA,9135155.33,445321.50125,194039869.63000003,126125915.26,367.3438,378523.28,66798.23,85.0,15.0,Cubierta (85.0% Contratos / 15.0% Bolsa),1335.96450375,490758.2774726392,755012.7345702979,694611.7158046741,-60401.0187656238,60401.0187656238,7.9999999999999964
2026-10-09,9,2026-10-01,True,ANTIOQUIA,30637703.22,443777.3775,193367048.81,125688581.73,368.0292,377210.77,66566.61,85.0,15.0,Cubierta (85.0% Contratos / 15.0% Bolsa),1331.3321325,489969.09965826897,753798.6148378846,693494.7256508538,-60303.88918703073,60303.88918703073,7.999999999999995
2026-10-09,9,2026-10-01,True,BOGOTA,42858573.73,443777.3775,193367048.81,125688581.73,368.0292,377210.77,66566.61,85.0,15.0,Cubierta (85.0% Contratos / 15.0% Bolsa),1331.3321325,489969.09965826897,753798.6148378846,693494.7256508538,-60303.88918703073,60303.88918703073,7.999999999999995
2026-10-09,9,2026-10-01,True,CARIBE_MAR,33761557.87,443777.3775,193367048.81,125688581.73,368.0292,377210.77,66566.61,85.0,15.0,Cubierta (85.0% Contratos / 15.0% Bolsa),1331.3321325,489969.09965826897,753798.6148378846,693494.7256508538,-60303.88918703073,60303.88918703073,7.999999999999995
2026-10-09,9,2026-10-01,True,CARIBE_SOL,27162817.68,443777.3775,193367048.81,125688581.73,368.0292,377210.77,66566.61,85.0,15.0,Cubierta (85.0% Contratos / 15.0% Bolsa),1331.3321325,489969.09965826897,753798.6148378846,693494.7256508538,-60303.88918703073,60303.88918703073,7.999999999999995
2026-10-09,9,2026-10-01,True,VALLE,21851379.9,443777.3775,193367048.81,125688581.73,368.0292,377210.77,66566.61,85.0,15.0,Cubierta (85.0% Contratos / 15.0% Bolsa),1331.3321325,489969.09965826897,753798.6148378846,693494.7256508538,-60303.88918703073,60303.88918703073,7.999999999999995
2026-10-09,9,2026-10-01,True,SANTANDER,17033715.5,443777.3775,193367048.81,125688581.73,368.0292,377210.77,66566.61,85.0,15.0,Cubierta (85.0% Contratos / 15.0% Bolsa),1331.3321325,489969.09965826897,753798.6148378846,693494.7256508538,-60303.88918703073,60303.88918703073,7.999999999999995
2026-10-09,9,2026-10-01,True,CUNDINAMARCA,10975803.96,443777.3775,193367048.81,125688581.73,368.0292,377210.77,66566.61,85.0,15.0,Cubierta (85.0% Contratos / 15.0% Bolsa),1331.3321325,489969.09965826897,753798.6148378846,693494.7256508538,-60303.88918703073,60303.88918703073,7.999999999999995
2026-10-09,9,2026-10-01,True,TOLIMA,9085496.95,443777.3775,193367048.81,125688581.73,368.0292,377210.77,66566.61,85.0,15.0,Cubierta (85.0% Contratos / 15.0% Bolsa),1331.3321325,489969.09965826897,753798.6148378846,693494.7256508538,-60303.88918703073,60303.88918703073,7.999999999999995
2026-10-10,10,2026-10-01,True,ANTIOQUIA,26346698.39,318680.14125,164692579.48999998,107050176.67,368.7374,270878.12,47802.02,85.0,15.0,Cubierta (85.0% Contratos / 15.0% Bolsa),956.04042375,352527.86014847324,542350.5540669746,498962.5097416166,-43388.04432535794,43388.04432535794,7.9999999999999964
2026-10-10,10,2026-10-01,True,BOGOTA,36814635.97,318680.14125,164692579.48999998,107050176.67,368.7374,270878.12,47802.02,85.0,15.0,Cubierta (85.0% Contratos / 15.0% Bolsa),956.04042375,352527.86014847324,542350.5540669746,498962.5097416166,-43388.04432535794,43388.04432535794,7.9999999999999964
2026-10-10,10,2026-10-01,True,CARIBE_MAR,28785983.77,318680.14125,164692579.48999998,107050176.67,368.7374,270878.12,47802.02,85.0,15.0,Cubierta (85.0% Contratos / 15.0% Bolsa),956.04042375,352527.86014847324,542350.5540669746,498962.5097416166,-43388.04432535794,43388.04432535794,7.9999999999999964
2026-10-10,10,2026-10-01,True,CARIBE_SOL,22601129.77,318680.14125,164692579.48999998,107050176.67,368.7374,270878.12,47802.02,85.0,15.0,Cubierta (85.0% Contratos / 15.0% Bolsa),956.04042375,352527.86014847324,542350.5540669746,498962.5097416166,-43388.04432535794,43388.04432535794,7.9999999999999964
2026-10-10,10,2026-10-01,True,VALLE,18344696.05,318680.14125,164692579.48999998,107050176.67,368.7374,270878.12,47802.02,85.0,15.0,Cubierta (85.0% Contratos / 15.0% Bolsa),956.04042375,352527.86014847324,542350.5540669746,498962.5097416166,-43388.04432535794,43388.04432535794,7.9999999999999964
2026-10-10,10,2026-10-01,True,SANTANDER,14782140.75,318680.14125,164692579.48999998,107050176.67,368.7374,270878.12,47802.02,85.0,15.0,Cubierta (85.0% Contratos / 15.0% Bolsa),956.04042375,352527.86014847324,542350.5540669746,498962.5097416166,-43388.04432535794,43388.04432535794,7.9999999999999964
2026-10-10,10,2026-10-01,True,CUNDINAMARCA,9316738.28,318680.14125,164692579.48999998,107050176.67,368.7374,270878.12,47802.02,85.0,15.0,Cubierta (85.0% Contratos / 15.0% Bolsa),956.04042375,352527.86014847324,542350.5540669746,498962.5097416166,-43388.04432535794,43388.04432535794,7.9999999999999964
2026-10-10,10,2026-10-01,True,TOLIMA,7700556.51,318680.14125,164692579.48999998,107050176.67,368.7374,270878.12,47802.02,85.0,15.0,Cubierta (85.0% Contratos / 15.0% Bolsa),956.04042375,352527.86014847324,542350.5540669746,498962.5097416166,-43388.04432535794,43388.04432535794,7.9999999999999964
2026-10-11,11,2026-10-01,True,ANTIOQUIA,25808884.08,317004.89125,163826817.37,106487431.29,369.457,269454.16,47550.73,85.0,15.0,Cubierta (85.0% Contratos / 15.0% Bolsa),951.0146737499999,351359.0283196537,540552.3512635438,497308.1631624603,-43244.188101083506,43244.188101083506,8.0
2026-10-11,11,2026-10-01,True,BOGOTA,36474059.6,317004.89125,163826817.37,106487431.29,369.457,269454.16,47550.73,85.0,15.0,Cubierta (85.0% Contratos / 15.0% Bolsa),951.0146737499999,351359.0283196537,540552.3512635438,497308.1631624603,-43244.188101083506,43244.188101083506,8.0
2026-10-11,11,2026-10-01,True,CARIBE_MAR,28805128.23,317004.89125,163826817.37,106487431.29,369.457,269454.16,47550.73,85.0,15.0,Cubierta (85.0% Contratos / 15.0% Bolsa),951.0146737499999,351359.0283196537,540552.3512635438,497308.1631624603,-43244.188101083506,43244.188101083506,8.0
2026-10-11,11,2026-10-01,True,CARIBE_SOL,22686558.95,317004.89125,163826817.37,106487431.29,369.457,269454.16,47550.73,85.0,15.0,Cubierta (85.0% Contratos / 15.0% Bolsa),951.0146737499999,351359.0283196537,540552.3512635438,497308.1631624603,-43244.188101083506,43244.188101083506,8.0
2026-10-11,11,2026-10-01,True,VALLE,18410118.88,317004.89125,163826817.37,106487431.29,369.457,269454.16,47550.73,85.0,15.0,Cubierta (85.0% Contratos / 15.0% Bolsa),951.0146737499999,351359.0283196537,540552.3512635438,497308.1631624603,-43244.188101083506,43244.188101083506,8.0
2026-10-11,11,2026-10-01,True,SANTANDER,14461489.91,317004.89125,163826817.37,106487431.29,369.457,269454.16,47550.73,85.0,15.0,Cubierta (85.0% Contratos / 15.0% Bolsa),951.0146737499999,351359.0283196537,540552.3512635438,497308.1631624603,-43244.188101083506,43244.188101083506,8.0
2026-10-11,11,2026-10-01,True,CUNDINAMARCA,9382587.9,317004.89125,163826817.37,106487431.29,369.457,269454.16,47550.73,85.0,15.0,Cubierta (85.0% Contratos / 15.0% Bolsa),951.0146737499999,351359.0283196537,540552.3512635438,497308.1631624603,-43244.188101083506,43244.188101083506,8.0
2026-10-11,11,2026-10-01,True,TOLIMA,7797989.82,317004.89125,163826817.37,106487431.29,369.457,269454.16,47550.73,85.0,15.0,Cubierta (85.0% Contratos / 15.0% Bolsa),951.0146737499999,351359.0283196537,540552.3512635438,497308.1631624603,-43244.188101083506,43244.188101083506,8.0
2026-10-12,12,2026-10-01,True,ANTIOQUIA,30385162.62,445822.60875,194258217.31,126267841.25,370.1764,378949.22,66873.39,85.0,15.0,Cubierta (85.0% Contratos / 15.0% Bolsa),1337.4678262500001,495099.02503705054,761690.807758357,700755.5431376885,-60935.26462066849,60935.26462066849,7.99999999999999
2026-10-12,12,2026-10-01,True,BOGOTA,42737164.5,445822.60875,194258217.31,126267841.25,370.1764,378949.22,66873.39,85.0,15.0,Cubierta (85.0% Contratos / 15.0% Bolsa),1337.4678262500001,495099.02503705054,761690.807758357,700755.5431376885,-60935.26462066849,60935.26462066849,7.99999999999999
2026-10-12,12,2026-10-01,True,CARIBE_MAR,34738093.76,445822.60875,194258217.31,126267841.25,370.1764,378949.22,66873.39,85.0,15.0,Cubierta (85.0% Contratos / 15.0% Bolsa),1337.4678262500001,495099.02503705054,761690.807758357,700755.5431376885,-60935.26462066849,60935.26462066849,7.99999999999999
2026-10-12,12,2026-10-01,True,CARIBE_SOL,26810027.23,445822.60875,194258217.31,126267841.25,370.1764,378949.22,66873.39,85.0,15.0,Cubierta (85.0% Contratos / 15.0% Bolsa),1337.4678262500001,495099.02503705054,761690.807758357,700755.5431376885,-60935.26462066849,60935.26462066849,7.99999999999999
2026-10-12,12,2026-10-01,True,VALLE,22382548.33,445822.60875,194258217.31,126267841.25,370.1764,378949.22,66873.39,85.0,15.0,Cubierta (85.0% Contratos / 15.0% Bolsa),1337.4678262500001,495099.02503705054,761690.807758357,700755.5431376885,-60935.26462066849,60935.26462066849,7.99999999999999
2026-10-12,12,2026-10-01,True,SANTANDER,16983491.93,445822.60875,194258217.31,126267841.25,370.1764,378949.22,66873.39,85.0,15.0,Cubierta (85.0% Contratos / 15.0% Bolsa),1337.4678262500001,495099.02503705054,761690.807758357,700755.5431376885,-60935.26462066849,60935.26462066849,7.99999999999999
2026-10-12,12,2026-10-01,True,CUNDINAMARCA,11069217.15,445822.60875,194258217.31,126267841.25,370.1764,378949.22,66873.39,85.0,15.0,Cubierta (85.0% Contratos / 15.0% Bolsa),1337.4678262500001,495099.02503705054,761690.807758357,700755.5431376885,-60935.26462066849,60935.26462066849,7.99999999999999
2026-10-12,12,2026-10-01,True,TOLIMA,9152511.79,445822.60875,194258217.31,126267841.25,370.1764,378949.22,66873.39,85.0,15.0,Cubierta (85.0% Contratos / 15.0% Bolsa),1337.4678262500001,495099.02503705054,761690.807758357,700755.5431376885,-60935.26462066849,60935.26462066849,7.99999999999999
2026-10-13,13,2026-10-01,True,ANTIOQUIA,30825413.59,446181.605,194414642.48,126369517.61,370.884,379254.36,66927.24,85.0,15.0,Cubierta (85.0% Contratos / 15.0% Bolsa),1338.544815,496444.85516646,763761.3156527955,702660.4104005719,-61100.9052522236,61100.9052522236,7.999999999999995
2026-10-13,13,2026-10-01,True,BOGOTA,42596383.7,446181.605,194414642.48,126369517.61,370.884,379254.36,66927.24,85.0,15.0,Cubierta (85.0% Contratos / 15.0% Bolsa),1338.544815,496444.85516646,763761.3156527955,702660.4104005719,-61100.9052522236,61100.9052522236,7.999999999999995
2026-10-13,13,2026-10-01,True,CARIBE_MAR,34543104.41,446181.605,194414642.48,126369517.61,370.884,379254.36,66927.24,85.0,15.0,Cubierta (85.0% Contratos / 15.0% Bolsa),1338.544815,496444.85516646,763761.3156527955,702660.4104005719,-61100.9052522236,61100.9052522236,7.999999999999995
2026-10-13,13,2026-10-01,True,CARIBE_SOL,27073625.77,446181.605,194414642.48,126369517.61,370.884,379254.36,66927.24,85.0,15.0,Cubierta (85.0% Contratos / 15.0% Bolsa),1338.544815,496444.85516646,763761.3156527955,702660.4104005719,-61100.9052522236,61100.9052522236,7.999999999999995
2026-10-13,13,2026-10-01,True,VALLE,22098018.53,446181.605,194414642.48,126369517.61,370.884,379254.36,66927.24,85.0,15.0,Cubierta (85.0% Contratos / 15.0% Bolsa),1338.544815,496444.85516646,763761.3156527955,702660.4104005719,-61100.9052522236,61100.9052522236,7.999999999999995
2026-10-13,13,2026-10-01,True,SANTANDER,17231067.37,446181.605,194414642.48,126369517.61,370.884,379254.36,66927.24,85.0,15.0,Cubierta (85.0% Contratos / 15.0% Bolsa),1338.544815,496444.85516646,763761.3156527955,702660.4104005719,-61100.9052522236,61100.9052522236,7.999999999999995
2026-10-13,13,2026-10-01,True,CUNDINAMARCA,10980003.29,446181.605,194414642.48,126369517.61,370.884,379254.36,66927.24,85.0,15.0,Cubierta (85.0% Contratos / 15.0% Bolsa),1338.544815,496444.85516646,763761.3156527955,702660.4104005719,-61100.9052522236,61100.9052522236,7.999999999999995
2026-10-13,13,2026-10-01,True,TOLIMA,9067025.82,446181.605,194414642.48,126369517.61,370.884,379254.36,66927.24,85.0,15.0,Cubierta (85.0% Contratos / 15.0% Bolsa),1338.544815,496444.85516646,763761.3156527955,702660.4104005719,-61100.9052522236,61100.9052522236,7.999999999999995
2026-10-14,14,2026-10-01,True,ANTIOQUIA,30414719.65,446299.64375,194466075.86,126402949.31,371.5684,379354.7,66944.95,85.0,15.0,Cubierta (85.0% Contratos / 15.0% Bolsa),1338.89893125,497492.5336462725,765373.1286805181,704143.2783860767,-61229.85029444145,61229.85029444145,8.0
2026-10-14,14,2026-10-01,True,BOGOTA,43550863.34,446299.64375,194466075.86,126402949.31,371.5684,379354.7,66944.95,85.0,15.0,Cubierta (85.0% Contratos / 15.0% Bolsa),1338.89893125,497492.5336462725,765373.1286805181,704143.2783860767,-61229.85029444145,61229.85029444145,8.0
2026-10-14,14,2026-10-01,True,CARIBE_MAR,34211930.23,446299.64375,194466075.86,126402949.31,371.5684,379354.7,66944.95,85.0,15.0,Cubierta (85.0% Contratos / 15.0% Bolsa),1338.89893125,497492.5336462725,765373.1286805181,704143.2783860767,-61229.85029444145,61229.85029444145,8.0
2026-10-14,14,2026-10-01,True,CARIBE_SOL,27023194.39,446299.64375,194466075.86,126402949.31,371.5684,379354.7,66944.95,85.0,15.0,Cubierta (85.0% Contratos / 15.0% Bolsa),1338.89893125,497492.5336462725,765373.1286805181,704143.2783860767,-61229.85029444145,61229.85029444145,8.0
2026-10-14,14,2026-10-01,True,VALLE,21912678.38,446299.64375,194466075.86,126402949.31,371.5684,379354.7,66944.95,85.0,15.0,Cubierta (85.0% Contratos / 15.0% Bolsa),1338.89893125,497492.5336462725,765373.1286805181,704143.2783860767,-61229.85029444145,61229.85029444145,8.0
2026-10-14,14,2026-10-01,True,SANTANDER,17091348.62,446299.64375,194466075.86,126402949.31,371.5684,379354.7,66944.95,85.0,15.0,Cubierta (85.0% Contratos / 15.0% Bolsa),1338.89893125,497492.5336462725,765373.1286805181,704143.2783860767,-61229.85029444145,61229.85029444145,8.0
2026-10-14,14,2026-10-01,True,CUNDINAMARCA,10957255.71,446299.64375,194466075.86,126402949.31,371.5684,379354.7,66944.95,85.0,15.0,Cubierta (85.0% Contratos / 15.0% Bolsa),1338.89893125,497492.5336462725,765373.1286805181,704143.2783860767,-61229.85029444145,61229.85029444145,8.0
2026-10-14,14,2026-10-01,True,TOLIMA,9304085.54,446299.64375,194466075.86,126402949.31,371.5684,379354.7,66944.95,85.0,15.0,Cubierta (85.0% Contratos / 15.0% Bolsa),1338.89893125,497492.5336462725,765373.1286805181,704143.2783860767,-61229.85029444145,61229.85029444145,8.0
2026-10-15,15,2026-10-01,True,ANTIOQUIA,30868060.68,445731.1575,194218369.10000002,126241939.92,372.2187,378871.48,66859.67,85.0,15.0,Cubierta (85.0% Contratos / 15.0% Bolsa),1337.1934724999999,497728.4159824357,765736.0245580346,704477.1425933918,-61258.88196464279,61258.88196464279,8.000000000000004
2026-10-15,15,2026-10-01,True,BOGOTA,42864913.31,445731.1575,194218369.10000002,126241939.92,372.2187,378871.48,66859.67,85.0,15.0,Cubierta (85.0% Contratos / 15.0% Bolsa),1337.1934724999999,497728.4159824357,765736.0245580346,704477.1425933918,-61258.88196464279,61258.88196464279,8.000000000000004
2026-10-15,15,2026-10-01,True,CARIBE_MAR,34300234.01,445731.1575,194218369.10000002,126241939.92,372.2187,378871.48,66859.67,85.0,15.0,Cubierta (85.0% Contratos / 15.0% Bolsa),1337.1934724999999,497728.4159824357,765736.0245580346,704477.1425933918,-61258.88196464279,61258.88196464279,8.000000000000004
2026-10-15,15,2026-10-01,True,CARIBE_SOL,26886433.96,445731.1575,194218369.10000002,126241939.92,372.2187,378871.48,66859.67,85.0,15.0,Cubierta (85.0% Contratos / 15.0% Bolsa),1337.1934724999999,497728.4159824357,765736.0245580346,704477.1425933918,-61258.88196464279,61258.88196464279,8.000000000000004
2026-10-15,15,2026-10-01,True,VALLE,22017741.33,445731.1575,194218369.10000002,126241939.92,372.2187,378871.48,66859.67,85.0,15.0,Cubierta (85.0% Contratos / 15.0% Bolsa),1337.1934724999999,497728.4159824357,765736.0245580346,704477.1425933918,-61258.88196464279,61258.88196464279,8.000000000000004
2026-10-15,15,2026-10-01,True,SANTANDER,17066594.69,445731.1575,194218369.10000002,126241939.92,372.2187,378871.48,66859.67,85.0,15.0,Cubierta (85.0% Contratos / 15.0% Bolsa),1337.1934724999999,497728.4159824357,765736.0245580346,704477.1425933918,-61258.88196464279,61258.88196464279,8.000000000000004
2026-10-15,15,2026-10-01,True,CUNDINAMARCA,11070809.6,445731.1575,194218369.10000002,126241939.92,372.2187,378871.48,66859.67,85.0,15.0,Cubierta (85.0% Contratos / 15.0% Bolsa),1337.1934724999999,497728.4159824357,765736.0245580346,704477.1425933918,-61258.88196464279,61258.88196464279,8.000000000000004
2026-10-15,15,2026-10-01,True,TOLIMA,9143581.52,445731.1575,194218369.10000002,126241939.92,372.2187,378871.48,66859.67,85.0,15.0,Cubierta (85.0% Contratos / 15.0% Bolsa),1337.1934724999999,497728.4159824357,765736.0245580346,704477.1425933918,-61258.88196464279,61258.88196464279,8.000000000000004
2026-10-16,16,2026-10-01,True,ANTIOQUIA,30547676.62,444815.185,193819252.92000002,125982514.4,372.8248,378092.91,66722.28,85.0,15.0,Cubierta (85.0% Contratos / 15.0% Bolsa),1334.445555,497514.397153764,765406.7648397937,704174.2236526102,-61232.541187183466,61232.541187183466,7.9999999999999964
2026-10-16,16,2026-10-01,True,BOGOTA,43379001.87,444815.185,193819252.92000002,125982514.4,372.8248,378092.91,66722.28,85.0,15.0,Cubierta (85.0% Contratos / 15.0% Bolsa),1334.445555,497514.397153764,765406.7648397937,704174.2236526102,-61232.541187183466,61232.541187183466,7.9999999999999964
2026-10-16,16,2026-10-01,True,CARIBE_MAR,33921886.97,444815.185,193819252.92000002,125982514.4,372.8248,378092.91,66722.28,85.0,15.0,Cubierta (85.0% Contratos / 15.0% Bolsa),1334.445555,497514.397153764,765406.7648397937,704174.2236526102,-61232.541187183466,61232.541187183466,7.9999999999999964
2026-10-16,16,2026-10-01,True,CARIBE_SOL,26695546.83,444815.185,193819252.92000002,125982514.4,372.8248,378092.91,66722.28,85.0,15.0,Cubierta (85.0% Contratos / 15.0% Bolsa),1334.445555,497514.397153764,765406.7648397937,704174.2236526102,-61232.541187183466,61232.541187183466,7.9999999999999964
2026-10-16,16,2026-10-01,True,VALLE,22117817.02,444815.185,193819252.92000002,125982514.4,372.8248,378092.91,66722.28,85.0,15.0,Cubierta (85.0% Contratos / 15.0% Bolsa),1334.445555,497514.397153764,765406.7648397937,704174.2236526102,-61232.541187183466,61232.541187183466,7.9999999999999964
2026-10-16,16,2026-10-01,True,SANTANDER,17094883.77,444815.185,193819252.92000002,125982514.4,372.8248,378092.91,66722.28,85.0,15.0,Cubierta (85.0% Contratos / 15.0% Bolsa),1334.445555,497514.397153764,765406.7648397937,704174.2236526102,-61232.541187183466,61232.541187183466,7.9999999999999964
2026-10-16,16,2026-10-01,True,CUNDINAMARCA,11002701.2,444815.185,193819252.92000002,125982514.4,372.8248,378092.91,66722.28,85.0,15.0,Cubierta (85.0% Contratos / 15.0% Bolsa),1334.445555,497514.397153764,765406.7648397937,704174.2236526102,-61232.541187183466,61232.541187183466,7.9999999999999964
2026-10-16,16,2026-10-01,True,TOLIMA,9059738.64,444815.185,193819252.92000002,125982514.4,372.8248,378092.91,66722.28,85.0,15.0,Cubierta (85.0% Contratos / 15.0% Bolsa),1334.445555,497514.397153764,765406.7648397937,704174.2236526102,-61232.541187183466,61232.541187183466,7.9999999999999964
2026-10-17,17,2026-10-01,True,ANTIOQUIA,25767214.81,317452.22,164057994.65,106637696.52,373.3774,269834.39,47617.83,85.0,15.0,Cubierta (85.0% Contratos / 15.0% Bolsa),952.3566599999999,355588.453583484,547059.1593720313,503294.42662226886,-43764.73274976248,43764.73274976248,7.999999999999995
2026-10-17,17,2026-10-01,True,BOGOTA,36396715.64,317452.22,164057994.65,106637696.52,373.3774,269834.39,47617.83,85.0,15.0,Cubierta (85.0% Contratos / 15.0% Bolsa),952.3566599999999,355588.453583484,547059.1593720313,503294.42662226886,-43764.73274976248,43764.73274976248,7.999999999999995
2026-10-17,17,2026-10-01,True,CARIBE_MAR,28706744.58,317452.22,164057994.65,106637696.52,373.3774,269834.39,47617.83,85.0,15.0,Cubierta (85.0% Contratos / 15.0% Bolsa),952.3566599999999,355588.453583484,547059.1593720313,503294.42662226886,-43764.73274976248,43764.73274976248,7.999999999999995
2026-10-17,17,2026-10-01,True,CARIBE_SOL,23171210.65,317452.22,164057994.65,106637696.52,373.3774,269834.39,47617.83,85.0,15.0,Cubierta (85.0% Contratos / 15.0% Bolsa),952.3566599999999,355588.453583484,547059.1593720313,503294.42662226886,-43764.73274976248,43764.73274976248,7.999999999999995
2026-10-17,17,2026-10-01,True,VALLE,18338991.38,317452.22,164057994.65,106637696.52,373.3774,269834.39,47617.83,85.0,15.0,Cubierta (85.0% Contratos / 15.0% Bolsa),952.3566599999999,355588.453583484,547059.1593720313,503294.42662226886,-43764.73274976248,43764.73274976248,7.999999999999995
2026-10-17,17,2026-10-01,True,SANTANDER,14521192.37,317452.22,164057994.65,106637696.52,373.3774,269834.39,47617.83,85.0,15.0,Cubierta (85.0% Contratos / 15.0% Bolsa),952.3566599999999,355588.453583484,547059.1593720313,503294.42662226886,-43764.73274976248,43764.73274976248,7.999999999999995
2026-10-17,17,2026-10-01,True,CUNDINAMARCA,9391340.39,317452.22,164057994.65,106637696.52,373.3774,269834.39,47617.83,85.0,15.0,Cubierta (85.0% Contratos / 15.0% Bolsa),952.3566599999999,355588.453583484,547059.1593720313,503294.42662226886,-43764.73274976248,43764.73274976248,7.999999999999995
2026-10-17,17,2026-10-01,True,TOLIMA,7764584.83,317452.22,164057994.65,106637696.52,373.3774,269834.39,47617.83,85.0,15.0,Cubierta (85.0% Contratos / 15.0% Bolsa),952.3566599999999,355588.453583484,547059.1593720313,503294.42662226886,-43764.73274976248,43764.73274976248,7.999999999999995
2026-10-18,18,2026-10-01,True,ANTIOQUIA,25637662.12,316856.38875,163750071.83999997,106437546.7,373.8682,269327.93,47528.46,85.0,15.0,Cubierta (85.0% Contratos / 15.0% Bolsa),950.56916625,355387.58316138823,546750.1279200498,503010.1176864459,-43740.01023360394,43740.01023360394,7.999999999999992
2026-10-18,18,2026-10-01,True,BOGOTA,36180644.49,316856.38875,163750071.83999997,106437546.7,373.8682,269327.93,47528.46,85.0,15.0,Cubierta (85.0% Contratos / 15.0% Bolsa),950.56916625,355387.58316138823,546750.1279200498,503010.1176864459,-43740.01023360394,43740.01023360394,7.999999999999992
2026-10-18,18,2026-10-01,True,CARIBE_MAR,29107269.49,316856.38875,163750071.83999997,106437546.7,373.8682,269327.93,47528.46,85.0,15.0,Cubierta (85.0% Contratos / 15.0% Bolsa),950.56916625,355387.58316138823,546750.1279200498,503010.1176864459,-43740.01023360394,43740.01023360394,7.999999999999992
2026-10-18,18,2026-10-01,True,CARIBE_SOL,22644209.69,316856.38875,163750071.83999997,106437546.7,373.8682,269327.93,47528.46,85.0,15.0,Cubierta (85.0% Contratos / 15.0% Bolsa),950.56916625,355387.58316138823,546750.1279200498,503010.1176864459,-43740.01023360394,43740.01023360394,7.999999999999992
2026-10-18,18,2026-10-01,True,VALLE,18589054.5,316856.38875,163750071.83999997,106437546.7,373.8682,269327.93,47528.46,85.0,15.0,Cubierta (85.0% Contratos / 15.0% Bolsa),950.56916625,355387.58316138823,546750.1279200498,503010.1176864459,-43740.01023360394,43740.01023360394,7.999999999999992
2026-10-18,18,2026-10-01,True,SANTANDER,14512120.86,316856.38875,163750071.83999997,106437546.7,373.8682,269327.93,47528.46,85.0,15.0,Cubierta (85.0% Contratos / 15.0% Bolsa),950.56916625,355387.58316138823,546750.1279200498,503010.1176864459,-43740.01023360394,43740.01023360394,7.999999999999992
2026-10-18,18,2026-10-01,True,CUNDINAMARCA,9309535.4,316856.38875,163750071.83999997,106437546.7,373.8682,269327.93,47528.46,85.0,15.0,Cubierta (85.0% Contratos / 15.0% Bolsa),950.56916625,355387.58316138823,546750.1279200498,503010.1176864459,-43740.01023360394,43740.01023360394,7.999999999999992
2026-10-18,18,2026-10-01,True,TOLIMA,7769575.29,316856.38875,163750071.83999997,106437546.7,373.8682,269327.93,47528.46,85.0,15.0,Cubierta (85.0% Contratos / 15.0% Bolsa),950.56916625,355387.58316138823,546750.1279200498,503010.1176864459,-43740.01023360394,43740.01023360394,7.999999999999992
2026-10-19,19,2026-10-01,True,ANTIOQUIA,30170900.64,443972.0525,193451874.82999998,125743718.64,374.2904,377376.24,66595.81,85.0,15.0,Cubierta (85.0% Contratos / 15.0% Bolsa),1331.9161575,498523.431357138,766959.1251617778,705602.3951488356,-61356.73001294222,61356.73001294222,7.999999999999999
2026-10-19,19,2026-10-01,True,BOGOTA,42720777.52,443972.0525,193451874.82999998,125743718.64,374.2904,377376.24,66595.81,85.0,15.0,Cubierta (85.0% Contratos / 15.0% Bolsa),1331.9161575,498523.431357138,766959.1251617778,705602.3951488356,-61356.73001294222,61356.73001294222,7.999999999999999
2026-10-19,19,2026-10-01,True,CARIBE_MAR,34168710.91,443972.0525,193451874.82999998,125743718.64,374.2904,377376.24,66595.81,85.0,15.0,Cubierta (85.0% Contratos / 15.0% Bolsa),1331.9161575,498523.431357138,766959.1251617778,705602.3951488356,-61356.73001294222,61356.73001294222,7.999999999999999
2026-10-19,19,2026-10-01,True,CARIBE_SOL,27024425.28,443972.0525,193451874.82999998,125743718.64,374.2904,377376.24,66595.81,85.0,15.0,Cubierta (85.0% Contratos / 15.0% Bolsa),1331.9161575,498523.431357138,766959.1251617778,705602.3951488356,-61356.73001294222,61356.73001294222,7.999999999999999
2026-10-19,19,2026-10-01,True,VALLE,21871701.97,443972.0525,193451874.82999998,125743718.64,374.2904,377376.24,66595.81,85.0,15.0,Cubierta (85.0% Contratos / 15.0% Bolsa),1331.9161575,498523.431357138,766959.1251617778,705602.3951488356,-61356.73001294222,61356.73001294222,7.999999999999999
2026-10-19,19,2026-10-01,True,SANTANDER,17104338.05,443972.0525,193451874.82999998,125743718.64,374.2904,377376.24,66595.81,85.0,15.0,Cubierta (85.0% Contratos / 15.0% Bolsa),1331.9161575,498523.431357138,766959.1251617778,705602.3951488356,-61356.73001294222,61356.73001294222,7.999999999999999
2026-10-19,19,2026-10-01,True,CUNDINAMARCA,11096476.07,443972.0525,193451874.82999998,125743718.64,374.2904,377376.24,66595.81,85.0,15.0,Cubierta (85.0% Contratos / 15.0% Bolsa),1331.9161575,498523.431357138,766959.1251617778,705602.3951488356,-61356.73001294222,61356.73001294222,7.999999999999999
2026-10-19,19,2026-10-01,True,TOLIMA,9294544.39,443972.0525,193451874.82999998,125743718.64,374.2904,377376.24,66595.81,85.0,15.0,Cubierta (85.0% Contratos / 15.0% Bolsa),1331.9161575,498523.431357138,766959.1251617778,705602.3951488356,-61356.73001294222,61356.73001294222,7.999999999999999
2026-10-20,20,2026-10-01,True,ANTIOQUIA,30661506.55,447189.90125,194853987.29,126655091.74,374.6383,380111.42,67078.49,85.0,15.0,Cubierta (85.0% Contratos / 15.0% Bolsa),1341.56970375,502603.39314440364,773235.9894437712,711377.1102882696,-61858.87915550161,61858.87915550161,7.999999999999989
2026-10-20,20,2026-10-01,True,BOGOTA,43005959.81,447189.90125,194853987.29,126655091.74,374.6383,380111.42,67078.49,85.0,15.0,Cubierta (85.0% Contratos / 15.0% Bolsa),1341.56970375,502603.39314440364,773235.9894437712,711377.1102882696,-61858.87915550161,61858.87915550161,7.999999999999989
2026-10-20,20,2026-10-01,True,CARIBE_MAR,34660139.77,447189.90125,194853987.29,126655091.74,374.6383,380111.42,67078.49,85.0,15.0,Cubierta (85.0% Contratos / 15.0% Bolsa),1341.56970375,502603.39314440364,773235.9894437712,711377.1102882696,-61858.87915550161,61858.87915550161,7.999999999999989
2026-10-20,20,2026-10-01,True,CARIBE_SOL,26850215.27,447189.90125,194853987.29,126655091.74,374.6383,380111.42,67078.49,85.0,15.0,Cubierta (85.0% Contratos / 15.0% Bolsa),1341.56970375,502603.39314440364,773235.9894437712,711377.1102882696,-61858.87915550161,61858.87915550161,7.999999999999989
2026-10-20,20,2026-10-01,True,VALLE,22032771.67,447189.90125,194853987.29,126655091.74,374.6383,380111.42,67078.49,85.0,15.0,Cubierta (85.0% Contratos / 15.0% Bolsa),1341.56970375,502603.39314440364,773235.9894437712,711377.1102882696,-61858.87915550161,61858.87915550161,7.999999999999989
2026-10-20,20,2026-10-01,True,SANTANDER,17281747.03,447189.90125,194853987.29,126655091.74,374.6383,380111.42,67078.49,85.0,15.0,Cubierta (85.0% Contratos / 15.0% Bolsa),1341.56970375,502603.39314440364,773235.9894437712,711377.1102882696,-61858.87915550161,61858.87915550161,7.999999999999989
2026-10-20,20,2026-10-01,True,CUNDINAMARCA,11054237.25,447189.90125,194853987.29,126655091.74,374.6383,380111.42,67078.49,85.0,15.0,Cubierta (85.0% Contratos / 15.0% Bolsa),1341.56970375,502603.39314440364,773235.9894437712,711377.1102882696,-61858.87915550161,61858.87915550161,7.999999999999989
2026-10-20,20,2026-10-01,True,TOLIMA,9307409.94,447189.90125,194853987.29,126655091.74,374.6383,380111.42,67078.49,85.0,15.0,Cubierta (85.0% Contratos / 15.0% Bolsa),1341.56970375,502603.39314440364,773235.9894437712,711377.1102882696,-61858.87915550161,61858.87915550161,7.999999999999989
2026-10-21,21,2026-10-01,True,ANTIOQUIA,30736193.22,448477.35625,195414969.88999996,127019730.43,374.9079,381205.75,67271.6,85.0,15.0,Cubierta (85.0% Contratos / 15.0% Bolsa),1345.43206875,504413.1114877181,776020.1715104019,713938.5577895697,-62081.61372083216,62081.61372083216,8.000000000000002
2026-10-21,21,2026-10-01,True,BOGOTA,43704969.04,448477.35625,195414969.88999996,127019730.43,374.9079,381205.75,67271.6,85.0,15.0,Cubierta (85.0% Contratos / 15.0% Bolsa),1345.43206875,504413.1114877181,776020.1715104019,713938.5577895697,-62081.61372083216,62081.61372083216,8.000000000000002
2026-10-21,21,2026-10-01,True,CARIBE_MAR,34423955.57,448477.35625,195414969.88999996,127019730.43,374.9079,381205.75,67271.6,85.0,15.0,Cubierta (85.0% Contratos / 15.0% Bolsa),1345.43206875,504413.1114877181,776020.1715104019,713938.5577895697,-62081.61372083216,62081.61372083216,8.000000000000002
2026-10-21,21,2026-10-01,True,CARIBE_SOL,26958243.35,448477.35625,195414969.88999996,127019730.43,374.9079,381205.75,67271.6,85.0,15.0,Cubierta (85.0% Contratos / 15.0% Bolsa),1345.43206875,504413.1114877181,776020.1715104019,713938.5577895697,-62081.61372083216,62081.61372083216,8.000000000000002
2026-10-21,21,2026-10-01,True,VALLE,22165370.48,448477.35625,195414969.88999996,127019730.43,374.9079,381205.75,67271.6,85.0,15.0,Cubierta (85.0% Contratos / 15.0% Bolsa),1345.43206875,504413.1114877181,776020.1715104019,713938.5577895697,-62081.61372083216,62081.61372083216,8.000000000000002
2026-10-21,21,2026-10-01,True,SANTANDER,17266982.5,448477.35625,195414969.88999996,127019730.43,374.9079,381205.75,67271.6,85.0,15.0,Cubierta (85.0% Contratos / 15.0% Bolsa),1345.43206875,504413.1114877181,776020.1715104019,713938.5577895697,-62081.61372083216,62081.61372083216,8.000000000000002
2026-10-21,21,2026-10-01,True,CUNDINAMARCA,10984057.17,448477.35625,195414969.88999996,127019730.43,374.9079,381205.75,67271.6,85.0,15.0,Cubierta (85.0% Contratos / 15.0% Bolsa),1345.43206875,504413.1114877181,776020.1715104019,713938.5577895697,-62081.61372083216,62081.61372083216,8.000000000000002
2026-10-21,21,2026-10-01,True,TOLIMA,9175198.56,448477.35625,195414969.88999996,127019730.43,374.9079,381205.75,67271.6,85.0,15.0,Cubierta (85.0% Contratos / 15.0% Bolsa),1345.43206875,504413.1114877181,776020.1715104019,713938.5577895697,-62081.61372083216,62081.61372083216,8.000000000000002
2026-10-22,22,2026-10-01,True,ANTIOQUIA,30405993.06,449206.68,195732758.22,127226292.84,375.0969,381825.68,67381.0,85.0,15.0,Cubierta (85.0% Contratos / 15.0% Bolsa),1347.62004,505488.099381876,777673.9990673775,715460.0791419874,-62213.91992539016,62213.91992539016,7.999999999999995
2026-10-22,22,2026-10-01,True,BOGOTA,43565987.84,449206.68,195732758.22,127226292.84,375.0969,381825.68,67381.0,85.0,15.0,Cubierta (85.0% Contratos / 15.0% Bolsa),1347.62004,505488.099381876,777673.9990673775,715460.0791419874,-62213.91992539016,62213.91992539016,7.999999999999995
2026-10-22,22,2026-10-01,True,CARIBE_MAR,34348765.54,449206.68,195732758.22,127226292.84,375.0969,381825.68,67381.0,85.0,15.0,Cubierta (85.0% Contratos / 15.0% Bolsa),1347.62004,505488.099381876,777673.9990673775,715460.0791419874,-62213.91992539016,62213.91992539016,7.999999999999995
2026-10-22,22,2026-10-01,True,CARIBE_SOL,26995754.34,449206.68,195732758.22,127226292.84,375.0969,381825.68,67381.0,85.0,15.0,Cubierta (85.0% Contratos / 15.0% Bolsa),1347.62004,505488.099381876,777673.9990673775,715460.0791419874,-62213.91992539016,62213.91992539016,7.999999999999995
2026-10-22,22,2026-10-01,True,VALLE,22466447.34,449206.68,195732758.22,127226292.84,375.0969,381825.68,67381.0,85.0,15.0,Cubierta (85.0% Contratos / 15.0% Bolsa),1347.62004,505488.099381876,777673.9990673775,715460.0791419874,-62213.91992539016,62213.91992539016,7.999999999999995
2026-10-22,22,2026-10-01,True,SANTANDER,17581712.41,449206.68,195732758.22,127226292.84,375.0969,381825.68,67381.0,85.0,15.0,Cubierta (85.0% Contratos / 15.0% Bolsa),1347.62004,505488.099381876,777673.9990673775,715460.0791419874,-62213.91992539016,62213.91992539016,7.999999999999995
2026-10-22,22,2026-10-01,True,CUNDINAMARCA,11183304.23,449206.68,195732758.22,127226292.84,375.0969,381825.68,67381.0,85.0,15.0,Cubierta (85.0% Contratos / 15.0% Bolsa),1347.62004,505488.099381876,777673.9990673775,715460.0791419874,-62213.91992539016,62213.91992539016,7.999999999999995
2026-10-22,22,2026-10-01,True,TOLIMA,9184793.46,449206.68,195732758.22,127226292.84,375.0969,381825.68,67381.0,85.0,15.0,Cubierta (85.0% Contratos / 15.0% Bolsa),1347.62004,505488.099381876,777673.9990673775,715460.0791419874,-62213.91992539016,62213.91992539016,7.999999999999995
2026-10-23,23,2026-10-01,True,ANTIOQUIA,30945956.86,446152.59625,194402002.72000003,126361301.77,375.2043,379229.71,66922.89,85.0,15.0,Cubierta (85.0% Contratos / 15.0% Bolsa),1338.45778875,502195.1177074916,772607.8733839126,710799.2435131996,-61808.62987071299,61808.62987071299,7.999999999999997
2026-10-23,23,2026-10-01,True,BOGOTA,43064224.61,446152.59625,194402002.72000003,126361301.77,375.2043,379229.71,66922.89,85.0,15.0,Cubierta (85.0% Contratos / 15.0% Bolsa),1338.45778875,502195.1177074916,772607.8733839126,710799.2435131996,-61808.62987071299,61808.62987071299,7.999999999999997
2026-10-23,23,2026-10-01,True,CARIBE_MAR,34261534.1,446152.59625,194402002.72000003,126361301.77,375.2043,379229.71,66922.89,85.0,15.0,Cubierta (85.0% Contratos / 15.0% Bolsa),1338.45778875,502195.1177074916,772607.8733839126,710799.2435131996,-61808.62987071299,61808.62987071299,7.999999999999997
2026-10-23,23,2026-10-01,True,CARIBE_SOL,27135573.67,446152.59625,194402002.72000003,126361301.77,375.2043,379229.71,66922.89,85.0,15.0,Cubierta (85.0% Contratos / 15.0% Bolsa),1338.45778875,502195.1177074916,772607.8733839126,710799.2435131996,-61808.62987071299,61808.62987071299,7.999999999999997
2026-10-23,23,2026-10-01,True,VALLE,21591943.76,446152.59625,194402002.72000003,126361301.77,375.2043,379229.71,66922.89,85.0,15.0,Cubierta (85.0% Contratos / 15.0% Bolsa),1338.45778875,502195.1177074916,772607.8733839126,710799.2435131996,-61808.62987071299,61808.62987071299,7.999999999999997
2026-10-23,23,2026-10-01,True,SANTANDER,17077140.31,446152.59625,194402002.72000003,126361301.77,375.2043,379229.71,66922.89,85.0,15.0,Cubierta (85.0% Contratos / 15.0% Bolsa),1338.45778875,502195.1177074916,772607.8733839126,710799.2435131996,-61808.62987071299,61808.62987071299,7.999999999999997
2026-10-23,23,2026-10-01,True,CUNDINAMARCA,11081410.86,446152.59625,194402002.72000003,126361301.77,375.2043,379229.71,66922.89,85.0,15.0,Cubierta (85.0% Contratos / 15.0% Bolsa),1338.45778875,502195.1177074916,772607.8733839126,710799.2435131996,-61808.62987071299,61808.62987071299,7.999999999999997
2026-10-23,23,2026-10-01,True,TOLIMA,9244218.55,446152.59625,194402002.72000003,126361301.77,375.2043,379229.71,66922.89,85.0,15.0,Cubierta (85.0% Contratos / 15.0% Bolsa),1338.45778875,502195.1177074916,772607.8733839126,710799.2435131996,-61808.62987071299,61808.62987071299,7.999999999999997
2026-10-24,24,2026-10-01,True,ANTIOQUIA,25933727.2,319349.37375,165038435.93,107274983.35,375.2312,271446.97,47902.41,85.0,15.0,Cubierta (85.0% Contratos / 15.0% Bolsa),958.0481212500001,359489.54619438306,553060.8403222508,508815.9730964708,-44244.867225780035,44244.867225780035,7.999999999999995
2026-10-24,24,2026-10-01,True,BOGOTA,36442873.55,319349.37375,165038435.93,107274983.35,375.2312,271446.97,47902.41,85.0,15.0,Cubierta (85.0% Contratos / 15.0% Bolsa),958.0481212500001,359489.54619438306,553060.8403222508,508815.9730964708,-44244.867225780035,44244.867225780035,7.999999999999995
2026-10-24,24,2026-10-01,True,CARIBE_MAR,29099986.61,319349.37375,165038435.93,107274983.35,375.2312,271446.97,47902.41,85.0,15.0,Cubierta (85.0% Contratos / 15.0% Bolsa),958.0481212500001,359489.54619438306,553060.8403222508,508815.9730964708,-44244.867225780035,44244.867225780035,7.999999999999995
2026-10-24,24,2026-10-01,True,CARIBE_SOL,23261459.46,319349.37375,165038435.93,107274983.35,375.2312,271446.97,47902.41,85.0,15.0,Cubierta (85.0% Contratos / 15.0% Bolsa),958.0481212500001,359489.54619438306,553060.8403222508,508815.9730964708,-44244.867225780035,44244.867225780035,7.999999999999995
2026-10-24,24,2026-10-01,True,VALLE,18750985.78,319349.37375,165038435.93,107274983.35,375.2312,271446.97,47902.41,85.0,15.0,Cubierta (85.0% Contratos / 15.0% Bolsa),958.0481212500001,359489.54619438306,553060.8403222508,508815.9730964708,-44244.867225780035,44244.867225780035,7.999999999999995
2026-10-24,24,2026-10-01,True,SANTANDER,14541942.65,319349.37375,165038435.93,107274983.35,375.2312,271446.97,47902.41,85.0,15.0,Cubierta (85.0% Contratos / 15.0% Bolsa),958.0481212500001,359489.54619438306,553060.8403222508,508815.9730964708,-44244.867225780035,44244.867225780035,7.999999999999995
2026-10-24,24,2026-10-01,True,CUNDINAMARCA,9212138.97,319349.37375,165038435.93,107274983.35,375.2312,271446.97,47902.41,85.0,15.0,Cubierta (85.0% Contratos / 15.0% Bolsa),958.0481212500001,359489.54619438306,553060.8403222508,508815.9730964708,-44244.867225780035,44244.867225780035,7.999999999999995
2026-10-24,24,2026-10-01,True,TOLIMA,7795321.71,319349.37375,165038435.93,107274983.35,375.2312,271446.97,47902.41,85.0,15.0,Cubierta (85.0% Contratos / 15.0% Bolsa),958.0481212500001,359489.54619438306,553060.8403222508,508815.9730964708,-44244.867225780035,44244.867225780035,7.999999999999995
2026-10-25,25,2026-10-01,True,ANTIOQUIA,26126275.48,318444.875,164570995.07000002,106971146.8,375.1799,270678.14,47766.73,85.0,15.0,Cubierta (85.0% Contratos / 15.0% Bolsa),955.3346250000001,358422.3490740375,551418.9985522456,507305.4786680659,-44113.51988417964,44113.51988417964,7.999999999999999
2026-10-25,25,2026-10-01,True,BOGOTA,36380074.2,318444.875,164570995.07000002,106971146.8,375.1799,270678.14,47766.73,85.0,15.0,Cubierta (85.0% Contratos / 15.0% Bolsa),955.3346250000001,358422.3490740375,551418.9985522456,507305.4786680659,-44113.51988417964,44113.51988417964,7.999999999999999
2026-10-25,25,2026-10-01,True,CARIBE_MAR,28886418.31,318444.875,164570995.07000002,106971146.8,375.1799,270678.14,47766.73,85.0,15.0,Cubierta (85.0% Contratos / 15.0% Bolsa),955.3346250000001,358422.3490740375,551418.9985522456,507305.4786680659,-44113.51988417964,44113.51988417964,7.999999999999999
2026-10-25,25,2026-10-01,True,CARIBE_SOL,23111238.81,318444.875,164570995.07000002,106971146.8,375.1799,270678.14,47766.73,85.0,15.0,Cubierta (85.0% Contratos / 15.0% Bolsa),955.3346250000001,358422.3490740375,551418.9985522456,507305.4786680659,-44113.51988417964,44113.51988417964,7.999999999999999
2026-10-25,25,2026-10-01,True,VALLE,18534991.8,318444.875,164570995.07000002,106971146.8,375.1799,270678.14,47766.73,85.0,15.0,Cubierta (85.0% Contratos / 15.0% Bolsa),955.3346250000001,358422.3490740375,551418.9985522456,507305.4786680659,-44113.51988417964,44113.51988417964,7.999999999999999
2026-10-25,25,2026-10-01,True,SANTANDER,14310603.87,318444.875,164570995.07000002,106971146.8,375.1799,270678.14,47766.73,85.0,15.0,Cubierta (85.0% Contratos / 15.0% Bolsa),955.3346250000001,358422.3490740375,551418.9985522456,507305.4786680659,-44113.51988417964,44113.51988417964,7.999999999999999
2026-10-25,25,2026-10-01,True,CUNDINAMARCA,9395815.14,318444.875,164570995.07000002,106971146.8,375.1799,270678.14,47766.73,85.0,15.0,Cubierta (85.0% Contratos / 15.0% Bolsa),955.3346250000001,358422.3490740375,551418.9985522456,507305.4786680659,-44113.51988417964,44113.51988417964,7.999999999999999
2026-10-25,25,2026-10-01,True,TOLIMA,7825577.46,318444.875,164570995.07000002,106971146.8,375.1799,270678.14,47766.73,85.0,15.0,Cubierta (85.0% Contratos / 15.0% Bolsa),955.3346250000001,358422.3490740375,551418.9985522456,507305.4786680659,-44113.51988417964,44113.51988417964,7.999999999999999
2026-10-26,26,2026-10-01,True,ANTIOQUIA,31016118.83,446463.3825,194537421.51999998,126449323.99,375.0546,379493.88,66969.51,85.0,15.0,Cubierta (85.0% Contratos / 15.0% Bolsa),1339.3901475,502344.4360145535,772837.5938563201,711010.5863478145,-61827.0075085056,61827.0075085056,7.999999999999999
2026-10-26,26,2026-10-01,True,BOGOTA,42428071.83,446463.3825,194537421.51999998,126449323.99,375.0546,379493.88,66969.51,85.0,15.0,Cubierta (85.0% Contratos / 15.0% Bolsa),1339.3901475,502344.4360145535,772837.5938563201,711010.5863478145,-61827.0075085056,61827.0075085056,7.999999999999999
2026-10-26,26,2026-10-01,True,CARIBE_MAR,34589688.94,446463.3825,194537421.51999998,126449323.99,375.0546,379493.88,66969.51,85.0,15.0,Cubierta (85.0% Contratos / 15.0% Bolsa),1339.3901475,502344.4360145535,772837.5938563201,711010.5863478145,-61827.0075085056,61827.0075085056,7.999999999999999
2026-10-26,26,2026-10-01,True,CARIBE_SOL,26848810.29,446463.3825,194537421.51999998,126449323.99,375.0546,379493.88,66969.51,85.0,15.0,Cubierta (85.0% Contratos / 15.0% Bolsa),1339.3901475,502344.4360145535,772837.5938563201,711010.5863478145,-61827.0075085056,61827.0075085056,7.999999999999999
2026-10-26,26,2026-10-01,True,VALLE,22199560.95,446463.3825,194537421.51999998,126449323.99,375.0546,379493.88,66969.51,85.0,15.0,Cubierta (85.0% Contratos / 15.0% Bolsa),1339.3901475,502344.4360145535,772837.5938563201,711010.5863478145,-61827.0075085056,61827.0075085056,7.999999999999999
2026-10-26,26,2026-10-01,True,SANTANDER,17237184.75,446463.3825,194537421.51999998,126449323.99,375.0546,379493.88,66969.51,85.0,15.0,Cubierta (85.0% Contratos / 15.0% Bolsa),1339.3901475,502344.4360145535,772837.5938563201,711010.5863478145,-61827.0075085056,61827.0075085056,7.999999999999999
2026-10-26,26,2026-10-01,True,CUNDINAMARCA,11094930.03,446463.3825,194537421.51999998,126449323.99,375.0546,379493.88,66969.51,85.0,15.0,Cubierta (85.0% Contratos / 15.0% Bolsa),1339.3901475,502344.4360145535,772837.5938563201,711010.5863478145,-61827.0075085056,61827.0075085056,7.999999999999999
2026-10-26,26,2026-10-01,True,TOLIMA,9123055.9,446463.3825,194537421.51999998,126449323.99,375.0546,379493.88,66969.51,85.0,15.0,Cubierta (85.0% Contratos / 15.0% Bolsa),1339.3901475,502344.4360145535,772837.5938563201,711010.5863478145,-61827.0075085056,61827.0075085056,7.999999999999999
2026-10-27,27,2026-10-01,True,ANTIOQUIA,30875630.31,445384.49,194067315.64,126143755.17,374.8608,378576.82,66807.67,85.0,15.0,Cubierta (85.0% Contratos / 15.0% Bolsa),1336.15347,500871.558686976,770571.6287247591,708925.8984267784,-61645.730297980714,61645.730297980714,7.999999999999999
2026-10-27,27,2026-10-01,True,BOGOTA,42693374.33,445384.49,194067315.64,126143755.17,374.8608,378576.82,66807.67,85.0,15.0,Cubierta (85.0% Contratos / 15.0% Bolsa),1336.15347,500871.558686976,770571.6287247591,708925.8984267784,-61645.730297980714,61645.730297980714,7.999999999999999
2026-10-27,27,2026-10-01,True,CARIBE_MAR,34504401.69,445384.49,194067315.64,126143755.17,374.8608,378576.82,66807.67,85.0,15.0,Cubierta (85.0% Contratos / 15.0% Bolsa),1336.15347,500871.558686976,770571.6287247591,708925.8984267784,-61645.730297980714,61645.730297980714,7.999999999999999
2026-10-27,27,2026-10-01,True,CARIBE_SOL,26530584.31,445384.49,194067315.64,126143755.17,374.8608,378576.82,66807.67,85.0,15.0,Cubierta (85.0% Contratos / 15.0% Bolsa),1336.15347,500871.558686976,770571.6287247591,708925.8984267784,-61645.730297980714,61645.730297980714,7.999999999999999
2026-10-27,27,2026-10-01,True,VALLE,22162867.68,445384.49,194067315.64,126143755.17,374.8608,378576.82,66807.67,85.0,15.0,Cubierta (85.0% Contratos / 15.0% Bolsa),1336.15347,500871.558686976,770571.6287247591,708925.8984267784,-61645.730297980714,61645.730297980714,7.999999999999999
2026-10-27,27,2026-10-01,True,SANTANDER,17154355.08,445384.49,194067315.64,126143755.17,374.8608,378576.82,66807.67,85.0,15.0,Cubierta (85.0% Contratos / 15.0% Bolsa),1336.15347,500871.558686976,770571.6287247591,708925.8984267784,-61645.730297980714,61645.730297980714,7.999999999999999
2026-10-27,27,2026-10-01,True,CUNDINAMARCA,10956388.62,445384.49,194067315.64,126143755.17,374.8608,378576.82,66807.67,85.0,15.0,Cubierta (85.0% Contratos / 15.0% Bolsa),1336.15347,500871.558686976,770571.6287247591,708925.8984267784,-61645.730297980714,61645.730297980714,7.999999999999999
2026-10-27,27,2026-10-01,True,TOLIMA,9189713.62,445384.49,194067315.64,126143755.17,374.8608,378576.82,66807.67,85.0,15.0,Cubierta (85.0% Contratos / 15.0% Bolsa),1336.15347,500871.558686976,770571.6287247591,708925.8984267784,-61645.730297980714,61645.730297980714,7.999999999999999
2026-10-28,28,2026-10-01,True,ANTIOQUIA,30469020.42,445675.03625,194193915.82999998,126226045.29,374.6057,378823.78,66851.26,85.0,15.0,Cubierta (85.0% Contratos / 15.0% Bolsa),1337.02510875,500857.22678086994,770549.5796598245,708905.6132870385,-61643.96637278597,61643.96637278597,8.000000000000002
2026-10-28,28,2026-10-01,True,BOGOTA,42909239.73,445675.03625,194193915.82999998,126226045.29,374.6057,378823.78,66851.26,85.0,15.0,Cubierta (85.0% Contratos / 15.0% Bolsa),1337.02510875,500857.22678086994,770549.5796598245,708905.6132870385,-61643.96637278597,61643.96637278597,8.000000000000002
2026-10-28,28,2026-10-01,True,CARIBE_MAR,34481504.88,445675.03625,194193915.82999998,126226045.29,374.6057,378823.78,66851.26,85.0,15.0,Cubierta (85.0% Contratos / 15.0% Bolsa),1337.02510875,500857.22678086994,770549.5796598245,708905.6132870385,-61643.96637278597,61643.96637278597,8.000000000000002
2026-10-28,28,2026-10-01,True,CARIBE_SOL,26695554.34,445675.03625,194193915.82999998,126226045.29,374.6057,378823.78,66851.26,85.0,15.0,Cubierta (85.0% Contratos / 15.0% Bolsa),1337.02510875,500857.22678086994,770549.5796598245,708905.6132870385,-61643.96637278597,61643.96637278597,8.000000000000002
2026-10-28,28,2026-10-01,True,VALLE,22040314.94,445675.03625,194193915.82999998,126226045.29,374.6057,378823.78,66851.26,85.0,15.0,Cubierta (85.0% Contratos / 15.0% Bolsa),1337.02510875,500857.22678086994,770549.5796598245,708905.6132870385,-61643.96637278597,61643.96637278597,8.000000000000002
2026-10-28,28,2026-10-01,True,SANTANDER,17168726.62,445675.03625,194193915.82999998,126226045.29,374.6057,378823.78,66851.26,85.0,15.0,Cubierta (85.0% Contratos / 15.0% Bolsa),1337.02510875,500857.22678086994,770549.5796598245,708905.6132870385,-61643.96637278597,61643.96637278597,8.000000000000002
2026-10-28,28,2026-10-01,True,CUNDINAMARCA,11134063.92,445675.03625,194193915.82999998,126226045.29,374.6057,378823.78,66851.26,85.0,15.0,Cubierta (85.0% Contratos / 15.0% Bolsa),1337.02510875,500857.22678086994,770549.5796598245,708905.6132870385,-61643.96637278597,61643.96637278597,8.000000000000002
2026-10-28,28,2026-10-01,True,TOLIMA,9295490.98,445675.03625,194193915.82999998,126226045.29,374.6057,378823.78,66851.26,85.0,15.0,Cubierta (85.0% Contratos / 15.0% Bolsa),1337.02510875,500857.22678086994,770549.5796598245,708905.6132870385,-61643.96637278597,61643.96637278597,8.000000000000002
2026-10-29,29,2026-10-01,True,ANTIOQUIA,30900779.3,448285.4975,195331371.62999997,126965391.56,374.2975,381042.67,67242.82,85.0,15.0,Cubierta (85.0% Contratos / 15.0% Bolsa),1344.8564925,503376.42300151876,774425.2661531327,712471.244860882,-61954.0212922506,61954.0212922506,7.999999999999999
2026-10-29,29,2026-10-01,True,BOGOTA,43452836.56,448285.4975,195331371.62999997,126965391.56,374.2975,381042.67,67242.82,85.0,15.0,Cubierta (85.0% Contratos / 15.0% Bolsa),1344.8564925,503376.42300151876,774425.2661531327,712471.244860882,-61954.0212922506,61954.0212922506,7.999999999999999
2026-10-29,29,2026-10-01,True,CARIBE_MAR,34071567.56,448285.4975,195331371.62999997,126965391.56,374.2975,381042.67,67242.82,85.0,15.0,Cubierta (85.0% Contratos / 15.0% Bolsa),1344.8564925,503376.42300151876,774425.2661531327,712471.244860882,-61954.0212922506,61954.0212922506,7.999999999999999
2026-10-29,29,2026-10-01,True,CARIBE_SOL,27160722.52,448285.4975,195331371.62999997,126965391.56,374.2975,381042.67,67242.82,85.0,15.0,Cubierta (85.0% Contratos / 15.0% Bolsa),1344.8564925,503376.42300151876,774425.2661531327,712471.244860882,-61954.0212922506,61954.0212922506,7.999999999999999
2026-10-29,29,2026-10-01,True,VALLE,22156359.58,448285.4975,195331371.62999997,126965391.56,374.2975,381042.67,67242.82,85.0,15.0,Cubierta (85.0% Contratos / 15.0% Bolsa),1344.8564925,503376.42300151876,774425.2661531327,712471.244860882,-61954.0212922506,61954.0212922506,7.999999999999999
2026-10-29,29,2026-10-01,True,SANTANDER,17285073.79,448285.4975,195331371.62999997,126965391.56,374.2975,381042.67,67242.82,85.0,15.0,Cubierta (85.0% Contratos / 15.0% Bolsa),1344.8564925,503376.42300151876,774425.2661531327,712471.244860882,-61954.0212922506,61954.0212922506,7.999999999999999
2026-10-29,29,2026-10-01,True,CUNDINAMARCA,11081579.92,448285.4975,195331371.62999997,126965391.56,374.2975,381042.67,67242.82,85.0,15.0,Cubierta (85.0% Contratos / 15.0% Bolsa),1344.8564925,503376.42300151876,774425.2661531327,712471.244860882,-61954.0212922506,61954.0212922506,7.999999999999999
2026-10-29,29,2026-10-01,True,TOLIMA,9222452.4,448285.4975,195331371.62999997,126965391.56,374.2975,381042.67,67242.82,85.0,15.0,Cubierta (85.0% Contratos / 15.0% Bolsa),1344.8564925,503376.42300151876,774425.2661531327,712471.244860882,-61954.0212922506,61954.0212922506,7.999999999999999
2026-10-30,30,2026-10-01,True,ANTIOQUIA,30730268.23,447309.21625,194905976.82,126688884.93,373.9454,380212.83,67096.38,85.0,15.0,Cubierta (85.0% Contratos / 15.0% Bolsa),1341.9276487500001,501807.6713828783,772011.8021457862,710250.8579741233,-61760.94417166291,61760.94417166291,8.000000000000002
2026-10-30,30,2026-10-01,True,BOGOTA,43197055.53,447309.21625,194905976.82,126688884.93,373.9454,380212.83,67096.38,85.0,15.0,Cubierta (85.0% Contratos / 15.0% Bolsa),1341.9276487500001,501807.6713828783,772011.8021457862,710250.8579741233,-61760.94417166291,61760.94417166291,8.000000000000002
2026-10-30,30,2026-10-01,True,CARIBE_MAR,34229424.68,447309.21625,194905976.82,126688884.93,373.9454,380212.83,67096.38,85.0,15.0,Cubierta (85.0% Contratos / 15.0% Bolsa),1341.9276487500001,501807.6713828783,772011.8021457862,710250.8579741233,-61760.94417166291,61760.94417166291,8.000000000000002
2026-10-30,30,2026-10-01,True,CARIBE_SOL,27285669.34,447309.21625,194905976.82,126688884.93,373.9454,380212.83,67096.38,85.0,15.0,Cubierta (85.0% Contratos / 15.0% Bolsa),1341.9276487500001,501807.6713828783,772011.8021457862,710250.8579741233,-61760.94417166291,61760.94417166291,8.000000000000002
2026-10-30,30,2026-10-01,True,VALLE,22093523.4,447309.21625,194905976.82,126688884.93,373.9454,380212.83,67096.38,85.0,15.0,Cubierta (85.0% Contratos / 15.0% Bolsa),1341.9276487500001,501807.6713828783,772011.8021457862,710250.8579741233,-61760.94417166291,61760.94417166291,8.000000000000002
2026-10-30,30,2026-10-01,True,SANTANDER,17158533.26,447309.21625,194905976.82,126688884.93,373.9454,380212.83,67096.38,85.0,15.0,Cubierta (85.0% Contratos / 15.0% Bolsa),1341.9276487500001,501807.6713828783,772011.8021457862,710250.8579741233,-61760.94417166291,61760.94417166291,8.000000000000002
2026-10-30,30,2026-10-01,True,CUNDINAMARCA,10877240.72,447309.21625,194905976.82,126688884.93,373.9454,380212.83,67096.38,85.0,15.0,Cubierta (85.0% Contratos / 15.0% Bolsa),1341.9276487500001,501807.6713828783,772011.8021457862,710250.8579741233,-61760.94417166291,61760.94417166291,8.000000000000002
2026-10-30,30,2026-10-01,True,TOLIMA,9334261.66,447309.21625,194905976.82,126688884.93,373.9454,380212.83,67096.38,85.0,15.0,Cubierta (85.0% Contratos / 15.0% Bolsa),1341.9276487500001,501807.6713828783,772011.8021457862,710250.8579741233,-61760.94417166291,61760.94417166291,8.000000000000002
2026-10-31,31,2026-10-01,True,ANTIOQUIA,25840528.49,318410.31375,164553133.44,106959536.74,373.5597,270648.77,47761.55,85.0,15.0,Cubierta (85.0% Contratos / 15.0% Bolsa),955.2309412499999,356835.7838440676,548978.1289703429,505059.87865271553,-43918.25031762739,43918.25031762739,7.999999999999992
2026-10-31,31,2026-10-01,True,BOGOTA,36348711.31,318410.31375,164553133.44,106959536.74,373.5597,270648.77,47761.55,85.0,15.0,Cubierta (85.0% Contratos / 15.0% Bolsa),955.2309412499999,356835.7838440676,548978.1289703429,505059.87865271553,-43918.25031762739,43918.25031762739,7.999999999999992
2026-10-31,31,2026-10-01,True,CARIBE_MAR,28969492.67,318410.31375,164553133.44,106959536.74,373.5597,270648.77,47761.55,85.0,15.0,Cubierta (85.0% Contratos / 15.0% Bolsa),955.2309412499999,356835.7838440676,548978.1289703429,505059.87865271553,-43918.25031762739,43918.25031762739,7.999999999999992
2026-10-31,31,2026-10-01,True,CARIBE_SOL,22717536.81,318410.31375,164553133.44,106959536.74,373.5597,270648.77,47761.55,85.0,15.0,Cubierta (85.0% Contratos / 15.0% Bolsa),955.2309412499999,356835.7838440676,548978.1289703429,505059.87865271553,-43918.25031762739,43918.25031762739,7.999999999999992
2026-10-31,31,2026-10-01,True,VALLE,18678232.99,318410.31375,164553133.44,106959536.74,373.5597,270648.77,47761.55,85.0,15.0,Cubierta (85.0% Contratos / 15.0% Bolsa),955.2309412499999,356835.7838440676,548978.1289703429,505059.87865271553,-43918.25031762739,43918.25031762739,7.999999999999992
2026-10-31,31,2026-10-01,True,SANTANDER,14658207.47,318410.31375,164553133.44,106959536.74,373.5597,270648.77,47761.55,85.0,15.0,Cubierta (85.0% Contratos / 15.0% Bolsa),955.2309412499999,356835.7838440676,548978.1289703429,505059.87865271553,-43918.25031762739,43918.25031762739,7.999999999999992
2026-10-31,31,2026-10-01,True,CUNDINAMARCA,9403758.13,318410.31375,164553133.44,106959536.74,373.5597,270648.77,47761.55,85.0,15.0,Cubierta (85.0% Contratos / 15.0% Bolsa),955.2309412499999,356835.7838440676,548978.1289703429,505059.87865271553,-43918.25031762739,43918.25031762739,7.999999999999992
2026-10-31,31,2026-10-01,True,TOLIMA,7936665.57,318410.31375,164553133.44,106959536.74,373.5597,270648.77,47761.55,85.0,15.0,Cubierta (85.0% Contratos / 15.0% Bolsa),955.2309412499999,356835.7838440676,548978.1289703429,505059.87865271553,-43918.25031762739,43918.25031762739,7.999999999999992
2026-11-01,1,2026-11-01,True,ANTIOQUIA,25636302.71,318084.7525,164384885.29,106850175.44,373.1514,270372.04,47712.71,85.0,15.0,Cubierta (85.0% Contratos / 15.0% Bolsa),954.2542575,356081.3121420855,547817.4032878258,503992.0110247997,-43825.392263026035,43825.392263026035,7.9999999999999964
2026-11-01,1,2026-11-01,True,BOGOTA,36176782.81,318084.7525,164384885.29,106850175.44,373.1514,270372.04,47712.71,85.0,15.0,Cubierta (85.0% Contratos / 15.0% Bolsa),954.2542575,356081.3121420855,547817.4032878258,503992.0110247997,-43825.392263026035,43825.392263026035,7.9999999999999964
2026-11-01,1,2026-11-01,True,CARIBE_MAR,29105138.88,318084.7525,164384885.29,106850175.44,373.1514,270372.04,47712.71,85.0,15.0,Cubierta (85.0% Contratos / 15.0% Bolsa),954.2542575,356081.3121420855,547817.4032878258,503992.0110247997,-43825.392263026035,43825.392263026035,7.9999999999999964
2026-11-01,1,2026-11-01,True,CARIBE_SOL,22694806.17,318084.7525,164384885.29,106850175.44,373.1514,270372.04,47712.71,85.0,15.0,Cubierta (85.0% Contratos / 15.0% Bolsa),954.2542575,356081.3121420855,547817.4032878258,503992.0110247997,-43825.392263026035,43825.392263026035,7.9999999999999964
2026-11-01,1,2026-11-01,True,VALLE,18901468.4,318084.7525,164384885.29,106850175.44,373.1514,270372.04,47712.71,85.0,15.0,Cubierta (85.0% Contratos / 15.0% Bolsa),954.2542575,356081.3121420855,547817.4032878258,503992.0110247997,-43825.392263026035,43825.392263026035,7.9999999999999964
2026-11-01,1,2026-11-01,True,SANTANDER,14730234.54,318084.7525,164384885.29,106850175.44,373.1514,270372.04,47712.71,85.0,15.0,Cubierta (85.0% Contratos / 15.0% Bolsa),954.2542575,356081.3121420855,547817.4032878258,503992.0110247997,-43825.392263026035,43825.392263026035,7.9999999999999964
2026-11-01,1,2026-11-01,True,CUNDINAMARCA,9306153.57,318084.7525,164384885.29,106850175.44,373.1514,270372.04,47712.71,85.0,15.0,Cubierta (85.0% Contratos / 15.0% Bolsa),954.2542575,356081.3121420855,547817.4032878258,503992.0110247997,-43825.392263026035,43825.392263026035,7.9999999999999964
2026-11-01,1,2026-11-01,True,TOLIMA,7833998.21,318084.7525,164384885.29,106850175.44,373.1514,270372.04,47712.71,85.0,15.0,Cubierta (85.0% Contratos / 15.0% Bolsa),954.2542575,356081.3121420855,547817.4032878258,503992.0110247997,-43825.392263026035,43825.392263026035,7.9999999999999964
2026-11-02,2,2026-11-01,True,ANTIOQUIA,31101947.19,445996.1075,194333815.75,126316980.24,372.7317,379096.69,66899.42,85.0,15.0,Cubierta (85.0% Contratos / 15.0% Bolsa),1337.9883224999999,498710.6620255732,767247.1723318507,705867.3985453027,-61379.77378654806,61379.77378654806,8.0
2026-11-02,2,2026-11-01,True,BOGOTA,42688707.79,445996.1075,194333815.75,126316980.24,372.7317,379096.69,66899.42,85.0,15.0,Cubierta (85.0% Contratos / 15.0% Bolsa),1337.9883224999999,498710.6620255732,767247.1723318507,705867.3985453027,-61379.77378654806,61379.77378654806,8.0
2026-11-02,2,2026-11-01,True,CARIBE_MAR,34171454.23,445996.1075,194333815.75,126316980.24,372.7317,379096.69,66899.42,85.0,15.0,Cubierta (85.0% Contratos / 15.0% Bolsa),1337.9883224999999,498710.6620255732,767247.1723318507,705867.3985453027,-61379.77378654806,61379.77378654806,8.0
2026-11-02,2,2026-11-01,True,CARIBE_SOL,26616471.75,445996.1075,194333815.75,126316980.24,372.7317,379096.69,66899.42,85.0,15.0,Cubierta (85.0% Contratos / 15.0% Bolsa),1337.9883224999999,498710.6620255732,767247.1723318507,705867.3985453027,-61379.77378654806,61379.77378654806,8.0
2026-11-02,2,2026-11-01,True,VALLE,22146986.5,445996.1075,194333815.75,126316980.24,372.7317,379096.69,66899.42,85.0,15.0,Cubierta (85.0% Contratos / 15.0% Bolsa),1337.9883224999999,498710.6620255732,767247.1723318507,705867.3985453027,-61379.77378654806,61379.77378654806,8.0
2026-11-02,2,2026-11-01,True,SANTANDER,17086629.82,445996.1075,194333815.75,126316980.24,372.7317,379096.69,66899.42,85.0,15.0,Cubierta (85.0% Contratos / 15.0% Bolsa),1337.9883224999999,498710.6620255732,767247.1723318507,705867.3985453027,-61379.77378654806,61379.77378654806,8.0
2026-11-02,2,2026-11-01,True,CUNDINAMARCA,11167129.75,445996.1075,194333815.75,126316980.24,372.7317,379096.69,66899.42,85.0,15.0,Cubierta (85.0% Contratos / 15.0% Bolsa),1337.9883224999999,498710.6620255732,767247.1723318507,705867.3985453027,-61379.77378654806,61379.77378654806,8.0
2026-11-02,2,2026-11-01,True,TOLIMA,9354488.72,445996.1075,194333815.75,126316980.24,372.7317,379096.69,66899.42,85.0,15.0,Cubierta (85.0% Contratos / 15.0% Bolsa),1337.9883224999999,498710.6620255732,767247.1723318507,705867.3985453027,-61379.77378654806,61379.77378654806,8.0
2026-11-03,3,2026-11-01,True,ANTIOQUIA,30850595.67,450372.11875,196240574.53999996,127556373.45,372.3124,382816.3,67555.82,85.0,15.0,Cubierta (85.0% Contratos / 15.0% Bolsa),1351.11635625,503037.37327469257,773903.6511979018,711991.3591020697,-61912.29209583206,61912.29209583206,7.999999999999989
2026-11-03,3,2026-11-01,True,BOGOTA,43326764.08,450372.11875,196240574.53999996,127556373.45,372.3124,382816.3,67555.82,85.0,15.0,Cubierta (85.0% Contratos / 15.0% Bolsa),1351.11635625,503037.37327469257,773903.6511979018,711991.3591020697,-61912.29209583206,61912.29209583206,7.999999999999989
2026-11-03,3,2026-11-01,True,CARIBE_MAR,34702230.04,450372.11875,196240574.53999996,127556373.45,372.3124,382816.3,67555.82,85.0,15.0,Cubierta (85.0% Contratos / 15.0% Bolsa),1351.11635625,503037.37327469257,773903.6511979018,711991.3591020697,-61912.29209583206,61912.29209583206,7.999999999999989
2026-11-03,3,2026-11-01,True,CARIBE_SOL,27274221.35,450372.11875,196240574.53999996,127556373.45,372.3124,382816.3,67555.82,85.0,15.0,Cubierta (85.0% Contratos / 15.0% Bolsa),1351.11635625,503037.37327469257,773903.6511979018,711991.3591020697,-61912.29209583206,61912.29209583206,7.999999999999989
2026-11-03,3,2026-11-01,True,VALLE,22269093.08,450372.11875,196240574.53999996,127556373.45,372.3124,382816.3,67555.82,85.0,15.0,Cubierta (85.0% Contratos / 15.0% Bolsa),1351.11635625,503037.37327469257,773903.6511979018,711991.3591020697,-61912.29209583206,61912.29209583206,7.999999999999989
2026-11-03,3,2026-11-01,True,SANTANDER,17283135.6,450372.11875,196240574.53999996,127556373.45,372.3124,382816.3,67555.82,85.0,15.0,Cubierta (85.0% Contratos / 15.0% Bolsa),1351.11635625,503037.37327469257,773903.6511979018,711991.3591020697,-61912.29209583206,61912.29209583206,7.999999999999989
2026-11-03,3,2026-11-01,True,CUNDINAMARCA,11214896.9,450372.11875,196240574.53999996,127556373.45,372.3124,382816.3,67555.82,85.0,15.0,Cubierta (85.0% Contratos / 15.0% Bolsa),1351.11635625,503037.37327469257,773903.6511979018,711991.3591020697,-61912.29209583206,61912.29209583206,7.999999999999989
2026-11-03,3,2026-11-01,True,TOLIMA,9319637.82,450372.11875,196240574.53999996,127556373.45,372.3124,382816.3,67555.82,85.0,15.0,Cubierta (85.0% Contratos / 15.0% Bolsa),1351.11635625,503037.37327469257,773903.6511979018,711991.3591020697,-61912.29209583206,61912.29209583206,7.999999999999989
2026-11-04,4,2026-11-01,True,ANTIOQUIA,30763808.76,448925.11,195610069.51999998,127146545.19,371.905,381586.34,67338.77,85.0,15.0,Cubierta (85.0% Contratos / 15.0% Bolsa),1346.77533,500872.47910364997,770573.044762725,708927.2011817071,-61645.84358101792,61645.84358101792,7.999999999999989
2026-11-04,4,2026-11-01,True,BOGOTA,43565868.92,448925.11,195610069.51999998,127146545.19,371.905,381586.34,67338.77,85.0,15.0,Cubierta (85.0% Contratos / 15.0% Bolsa),1346.77533,500872.47910364997,770573.044762725,708927.2011817071,-61645.84358101792,61645.84358101792,7.999999999999989
2026-11-04,4,2026-11-01,True,CARIBE_MAR,34859202.54,448925.11,195610069.51999998,127146545.19,371.905,381586.34,67338.77,85.0,15.0,Cubierta (85.0% Contratos / 15.0% Bolsa),1346.77533,500872.47910364997,770573.044762725,708927.2011817071,-61645.84358101792,61645.84358101792,7.999999999999989
2026-11-04,4,2026-11-01,True,CARIBE_SOL,26919762.47,448925.11,195610069.51999998,127146545.19,371.905,381586.34,67338.77,85.0,15.0,Cubierta (85.0% Contratos / 15.0% Bolsa),1346.77533,500872.47910364997,770573.044762725,708927.2011817071,-61645.84358101792,61645.84358101792,7.999999999999989
2026-11-04,4,2026-11-01,True,VALLE,22130010.39,448925.11,195610069.51999998,127146545.19,371.905,381586.34,67338.77,85.0,15.0,Cubierta (85.0% Contratos / 15.0% Bolsa),1346.77533,500872.47910364997,770573.044762725,708927.2011817071,-61645.84358101792,61645.84358101792,7.999999999999989
2026-11-04,4,2026-11-01,True,SANTANDER,17117467.38,448925.11,195610069.51999998,127146545.19,371.905,381586.34,67338.77,85.0,15.0,Cubierta (85.0% Contratos / 15.0% Bolsa),1346.77533,500872.47910364997,770573.044762725,708927.2011817071,-61645.84358101792,61645.84358101792,7.999999999999989
2026-11-04,4,2026-11-01,True,CUNDINAMARCA,11064413.4,448925.11,195610069.51999998,127146545.19,371.905,381586.34,67338.77,85.0,15.0,Cubierta (85.0% Contratos / 15.0% Bolsa),1346.77533,500872.47910364997,770573.044762725,708927.2011817071,-61645.84358101792,61645.84358101792,7.999999999999989
2026-11-04,4,2026-11-01,True,TOLIMA,9189535.66,448925.11,195610069.51999998,127146545.19,371.905,381586.34,67338.77,85.0,15.0,Cubierta (85.0% Contratos / 15.0% Bolsa),1346.77533,500872.47910364997,770573.044762725,708927.2011817071,-61645.84358101792,61645.84358101792,7.999999999999989
2026-11-05,5,2026-11-01,True,ANTIOQUIA,30449344.47,447058.12125,194796566.97999996,126617768.54,371.5208,379999.4,67058.72,85.0,15.0,Cubierta (85.0% Contratos / 15.0% Bolsa),1341.17436375,498274.17255989107,766575.6500739772,705249.5980680591,-61326.052005918114,61326.052005918114,7.999999999999992
2026-11-05,5,2026-11-01,True,BOGOTA,43330203.91,447058.12125,194796566.97999996,126617768.54,371.5208,379999.4,67058.72,85.0,15.0,Cubierta (85.0% Contratos / 15.0% Bolsa),1341.17436375,498274.17255989107,766575.6500739772,705249.5980680591,-61326.052005918114,61326.052005918114,7.999999999999992
2026-11-05,5,2026-11-01,True,CARIBE_MAR,34322049.64,447058.12125,194796566.97999996,126617768.54,371.5208,379999.4,67058.72,85.0,15.0,Cubierta (85.0% Contratos / 15.0% Bolsa),1341.17436375,498274.17255989107,766575.6500739772,705249.5980680591,-61326.052005918114,61326.052005918114,7.999999999999992
2026-11-05,5,2026-11-01,True,CARIBE_SOL,26862565.24,447058.12125,194796566.97999996,126617768.54,371.5208,379999.4,67058.72,85.0,15.0,Cubierta (85.0% Contratos / 15.0% Bolsa),1341.17436375,498274.17255989107,766575.6500739772,705249.5980680591,-61326.052005918114,61326.052005918114,7.999999999999992
2026-11-05,5,2026-11-01,True,VALLE,22113063.45,447058.12125,194796566.97999996,126617768.54,371.5208,379999.4,67058.72,85.0,15.0,Cubierta (85.0% Contratos / 15.0% Bolsa),1341.17436375,498274.17255989107,766575.6500739772,705249.5980680591,-61326.052005918114,61326.052005918114,7.999999999999992
2026-11-05,5,2026-11-01,True,SANTANDER,17145382.57,447058.12125,194796566.97999996,126617768.54,371.5208,379999.4,67058.72,85.0,15.0,Cubierta (85.0% Contratos / 15.0% Bolsa),1341.17436375,498274.17255989107,766575.6500739772,705249.5980680591,-61326.052005918114,61326.052005918114,7.999999999999992
2026-11-05,5,2026-11-01,True,CUNDINAMARCA,11230242.0,447058.12125,194796566.97999996,126617768.54,371.5208,379999.4,67058.72,85.0,15.0,Cubierta (85.0% Contratos / 15.0% Bolsa),1341.17436375,498274.17255989107,766575.6500739772,705249.5980680591,-61326.052005918114,61326.052005918114,7.999999999999992
2026-11-05,5,2026-11-01,True,TOLIMA,9343715.7,447058.12125,194796566.97999996,126617768.54,371.5208,379999.4,67058.72,85.0,15.0,Cubierta (85.0% Contratos / 15.0% Bolsa),1341.17436375,498274.17255989107,766575.6500739772,705249.5980680591,-61326.052005918114,61326.052005918114,7.999999999999992
2026-11-06,6,2026-11-01,True,ANTIOQUIA,30762746.21,446862.51875,194711336.95,126562369.02,371.1708,379833.14,67029.38,85.0,15.0,Cubierta (85.0% Contratos / 15.0% Bolsa),1340.58755625,497586.9557233575,765518.3934054285,704276.9219329943,-61241.471472434234,61241.471472434234,7.999999999999993
2026-11-06,6,2026-11-01,True,BOGOTA,42541115.81,446862.51875,194711336.95,126562369.02,371.1708,379833.14,67029.38,85.0,15.0,Cubierta (85.0% Contratos / 15.0% Bolsa),1340.58755625,497586.9557233575,765518.3934054285,704276.9219329943,-61241.471472434234,61241.471472434234,7.999999999999993
2026-11-06,6,2026-11-01,True,CARIBE_MAR,34827480.56,446862.51875,194711336.95,126562369.02,371.1708,379833.14,67029.38,85.0,15.0,Cubierta (85.0% Contratos / 15.0% Bolsa),1340.58755625,497586.9557233575,765518.3934054285,704276.9219329943,-61241.471472434234,61241.471472434234,7.999999999999993
2026-11-06,6,2026-11-01,True,CARIBE_SOL,26834188.36,446862.51875,194711336.95,126562369.02,371.1708,379833.14,67029.38,85.0,15.0,Cubierta (85.0% Contratos / 15.0% Bolsa),1340.58755625,497586.9557233575,765518.3934054285,704276.9219329943,-61241.471472434234,61241.471472434234,7.999999999999993
2026-11-06,6,2026-11-01,True,VALLE,22232952.18,446862.51875,194711336.95,126562369.02,371.1708,379833.14,67029.38,85.0,15.0,Cubierta (85.0% Contratos / 15.0% Bolsa),1340.58755625,497586.9557233575,765518.3934054285,704276.9219329943,-61241.471472434234,61241.471472434234,7.999999999999993
2026-11-06,6,2026-11-01,True,SANTANDER,17188189.33,446862.51875,194711336.95,126562369.02,371.1708,379833.14,67029.38,85.0,15.0,Cubierta (85.0% Contratos / 15.0% Bolsa),1340.58755625,497586.9557233575,765518.3934054285,704276.9219329943,-61241.471472434234,61241.471472434234,7.999999999999993
2026-11-06,6,2026-11-01,True,CUNDINAMARCA,11114552.18,446862.51875,194711336.95,126562369.02,371.1708,379833.14,67029.38,85.0,15.0,Cubierta (85.0% Contratos / 15.0% Bolsa),1340.58755625,497586.9557233575,765518.3934054285,704276.9219329943,-61241.471472434234,61241.471472434234,7.999999999999993
2026-11-06,6,2026-11-01,True,TOLIMA,9210112.32,446862.51875,194711336.95,126562369.02,371.1708,379833.14,67029.38,85.0,15.0,Cubierta (85.0% Contratos / 15.0% Bolsa),1340.58755625,497586.9557233575,765518.3934054285,704276.9219329943,-61241.471472434234,61241.471472434234,7.999999999999993
2026-11-07,7,2026-11-01,True,ANTIOQUIA,26132704.11,319083.165,164900860.73000002,107185559.47,370.8651,271220.69,47862.47,85.0,15.0,Cubierta (85.0% Contratos / 15.0% Bolsa),957.2494949999999,355010.42968812445,546169.8918508139,502476.3005027488,-43693.59134806506,43693.59134806506,7.999999999999992
2026-11-07,7,2026-11-01,True,BOGOTA,36528208.68,319083.165,164900860.73000002,107185559.47,370.8651,271220.69,47862.47,85.0,15.0,Cubierta (85.0% Contratos / 15.0% Bolsa),957.2494949999999,355010.42968812445,546169.8918508139,502476.3005027488,-43693.59134806506,43693.59134806506,7.999999999999992
2026-11-07,7,2026-11-01,True,CARIBE_MAR,28961653.6,319083.165,164900860.73000002,107185559.47,370.8651,271220.69,47862.47,85.0,15.0,Cubierta (85.0% Contratos / 15.0% Bolsa),957.2494949999999,355010.42968812445,546169.8918508139,502476.3005027488,-43693.59134806506,43693.59134806506,7.999999999999992
2026-11-07,7,2026-11-01,True,CARIBE_SOL,22842050.28,319083.165,164900860.73000002,107185559.47,370.8651,271220.69,47862.47,85.0,15.0,Cubierta (85.0% Contratos / 15.0% Bolsa),957.2494949999999,355010.42968812445,546169.8918508139,502476.3005027488,-43693.59134806506,43693.59134806506,7.999999999999992
2026-11-07,7,2026-11-01,True,VALLE,18776154.48,319083.165,164900860.73000002,107185559.47,370.8651,271220.69,47862.47,85.0,15.0,Cubierta (85.0% Contratos / 15.0% Bolsa),957.2494949999999,355010.42968812445,546169.8918508139,502476.3005027488,-43693.59134806506,43693.59134806506,7.999999999999992
2026-11-07,7,2026-11-01,True,SANTANDER,14364658.18,319083.165,164900860.73000002,107185559.47,370.8651,271220.69,47862.47,85.0,15.0,Cubierta (85.0% Contratos / 15.0% Bolsa),957.2494949999999,355010.42968812445,546169.8918508139,502476.3005027488,-43693.59134806506,43693.59134806506,7.999999999999992
2026-11-07,7,2026-11-01,True,CUNDINAMARCA,9509000.18,319083.165,164900860.73000002,107185559.47,370.8651,271220.69,47862.47,85.0,15.0,Cubierta (85.0% Contratos / 15.0% Bolsa),957.2494949999999,355010.42968812445,546169.8918508139,502476.3005027488,-43693.59134806506,43693.59134806506,7.999999999999992
2026-11-07,7,2026-11-01,True,TOLIMA,7786431.22,319083.165,164900860.73000002,107185559.47,370.8651,271220.69,47862.47,85.0,15.0,Cubierta (85.0% Contratos / 15.0% Bolsa),957.2494949999999,355010.42968812445,546169.8918508139,502476.3005027488,-43693.59134806506,43693.59134806506,7.999999999999992
2026-11-08,8,2026-11-01,True,ANTIOQUIA,26186298.97,319281.29125,165003250.98999998,107252113.14,370.6131,271389.1,47892.19,85.0,15.0,Cubierta (85.0% Contratos / 15.0% Bolsa),957.8438737500001,354989.4873664961,546137.6728893548,502446.6590582064,-43691.01383114833,43691.01383114833,7.99999999999999
2026-11-08,8,2026-11-01,True,BOGOTA,36624751.93,319281.29125,165003250.98999998,107252113.14,370.6131,271389.1,47892.19,85.0,15.0,Cubierta (85.0% Contratos / 15.0% Bolsa),957.8438737500001,354989.4873664961,546137.6728893548,502446.6590582064,-43691.01383114833,43691.01383114833,7.99999999999999
2026-11-08,8,2026-11-01,True,CARIBE_MAR,29020655.48,319281.29125,165003250.98999998,107252113.14,370.6131,271389.1,47892.19,85.0,15.0,Cubierta (85.0% Contratos / 15.0% Bolsa),957.8438737500001,354989.4873664961,546137.6728893548,502446.6590582064,-43691.01383114833,43691.01383114833,7.99999999999999
2026-11-08,8,2026-11-01,True,CARIBE_SOL,22863545.23,319281.29125,165003250.98999998,107252113.14,370.6131,271389.1,47892.19,85.0,15.0,Cubierta (85.0% Contratos / 15.0% Bolsa),957.8438737500001,354989.4873664961,546137.6728893548,502446.6590582064,-43691.01383114833,43691.01383114833,7.99999999999999
2026-11-08,8,2026-11-01,True,VALLE,18591719.15,319281.29125,165003250.98999998,107252113.14,370.6131,271389.1,47892.19,85.0,15.0,Cubierta (85.0% Contratos / 15.0% Bolsa),957.8438737500001,354989.4873664961,546137.6728893548,502446.6590582064,-43691.01383114833,43691.01383114833,7.99999999999999
2026-11-08,8,2026-11-01,True,SANTANDER,14598941.79,319281.29125,165003250.98999998,107252113.14,370.6131,271389.1,47892.19,85.0,15.0,Cubierta (85.0% Contratos / 15.0% Bolsa),957.8438737500001,354989.4873664961,546137.6728893548,502446.6590582064,-43691.01383114833,43691.01383114833,7.99999999999999
2026-11-08,8,2026-11-01,True,CUNDINAMARCA,9332524.56,319281.29125,165003250.98999998,107252113.14,370.6131,271389.1,47892.19,85.0,15.0,Cubierta (85.0% Contratos / 15.0% Bolsa),957.8438737500001,354989.4873664961,546137.6728893548,502446.6590582064,-43691.01383114833,43691.01383114833,7.99999999999999
2026-11-08,8,2026-11-01,True,TOLIMA,7784813.88,319281.29125,165003250.98999998,107252113.14,370.6131,271389.1,47892.19,85.0,15.0,Cubierta (85.0% Contratos / 15.0% Bolsa),957.8438737500001,354989.4873664961,546137.6728893548,502446.6590582064,-43691.01383114833,43691.01383114833,7.99999999999999
2026-11-09,9,2026-11-01,True,ANTIOQUIA,30916021.79,449903.44875,196036360.97999996,127423634.64,370.4228,382417.93,67485.52,85.0,15.0,Cubierta (85.0% Contratos / 15.0% Bolsa),1349.71034625,499963.4856468945,769174.5932848053,707640.6258220209,-61533.96746278438,61533.96746278438,7.999999999999995
2026-11-09,9,2026-11-01,True,BOGOTA,43074777.25,449903.44875,196036360.97999996,127423634.64,370.4228,382417.93,67485.52,85.0,15.0,Cubierta (85.0% Contratos / 15.0% Bolsa),1349.71034625,499963.4856468945,769174.5932848053,707640.6258220209,-61533.96746278438,61533.96746278438,7.999999999999995
2026-11-09,9,2026-11-01,True,CARIBE_MAR,34581201.98,449903.44875,196036360.97999996,127423634.64,370.4228,382417.93,67485.52,85.0,15.0,Cubierta (85.0% Contratos / 15.0% Bolsa),1349.71034625,499963.4856468945,769174.5932848053,707640.6258220209,-61533.96746278438,61533.96746278438,7.999999999999995
2026-11-09,9,2026-11-01,True,CARIBE_SOL,27051368.55,449903.44875,196036360.97999996,127423634.64,370.4228,382417.93,67485.52,85.0,15.0,Cubierta (85.0% Contratos / 15.0% Bolsa),1349.71034625,499963.4856468945,769174.5932848053,707640.6258220209,-61533.96746278438,61533.96746278438,7.999999999999995
2026-11-09,9,2026-11-01,True,VALLE,22595755.76,449903.44875,196036360.97999996,127423634.64,370.4228,382417.93,67485.52,85.0,15.0,Cubierta (85.0% Contratos / 15.0% Bolsa),1349.71034625,499963.4856468945,769174.5932848053,707640.6258220209,-61533.96746278438,61533.96746278438,7.999999999999995
2026-11-09,9,2026-11-01,True,SANTANDER,17381204.98,449903.44875,196036360.97999996,127423634.64,370.4228,382417.93,67485.52,85.0,15.0,Cubierta (85.0% Contratos / 15.0% Bolsa),1349.71034625,499963.4856468945,769174.5932848053,707640.6258220209,-61533.96746278438,61533.96746278438,7.999999999999995
2026-11-09,9,2026-11-01,True,CUNDINAMARCA,11133771.13,449903.44875,196036360.97999996,127423634.64,370.4228,382417.93,67485.52,85.0,15.0,Cubierta (85.0% Contratos / 15.0% Bolsa),1349.71034625,499963.4856468945,769174.5932848053,707640.6258220209,-61533.96746278438,61533.96746278438,7.999999999999995
2026-11-09,9,2026-11-01,True,TOLIMA,9302259.54,449903.44875,196036360.97999996,127423634.64,370.4228,382417.93,67485.52,85.0,15.0,Cubierta (85.0% Contratos / 15.0% Bolsa),1349.71034625,499963.4856468945,769174.5932848053,707640.6258220209,-61533.96746278438,61533.96746278438,7.999999999999995
2026-11-10,10,2026-11-01,True,ANTIOQUIA,30581599.43,449078.5375,195676922.49,127189999.62,370.3013,381716.76,67361.78,85.0,15.0,Cubierta (85.0% Contratos / 15.0% Bolsa),1347.2356125,498883.09871504625,767512.4595525581,706111.4627883536,-61400.99676420458,61400.99676420458,7.99999999999999
2026-11-10,10,2026-11-01,True,BOGOTA,43203263.48,449078.5375,195676922.49,127189999.62,370.3013,381716.76,67361.78,85.0,15.0,Cubierta (85.0% Contratos / 15.0% Bolsa),1347.2356125,498883.09871504625,767512.4595525581,706111.4627883536,-61400.99676420458,61400.99676420458,7.99999999999999
2026-11-10,10,2026-11-01,True,CARIBE_MAR,34807813.98,449078.5375,195676922.49,127189999.62,370.3013,381716.76,67361.78,85.0,15.0,Cubierta (85.0% Contratos / 15.0% Bolsa),1347.2356125,498883.09871504625,767512.4595525581,706111.4627883536,-61400.99676420458,61400.99676420458,7.99999999999999
2026-11-10,10,2026-11-01,True,CARIBE_SOL,27152429.02,449078.5375,195676922.49,127189999.62,370.3013,381716.76,67361.78,85.0,15.0,Cubierta (85.0% Contratos / 15.0% Bolsa),1347.2356125,498883.09871504625,767512.4595525581,706111.4627883536,-61400.99676420458,61400.99676420458,7.99999999999999
2026-11-10,10,2026-11-01,True,VALLE,22253385.25,449078.5375,195676922.49,127189999.62,370.3013,381716.76,67361.78,85.0,15.0,Cubierta (85.0% Contratos / 15.0% Bolsa),1347.2356125,498883.09871504625,767512.4595525581,706111.4627883536,-61400.99676420458,61400.99676420458,7.99999999999999
2026-11-10,10,2026-11-01,True,SANTANDER,17367970.24,449078.5375,195676922.49,127189999.62,370.3013,381716.76,67361.78,85.0,15.0,Cubierta (85.0% Contratos / 15.0% Bolsa),1347.2356125,498883.09871504625,767512.4595525581,706111.4627883536,-61400.99676420458,61400.99676420458,7.99999999999999
2026-11-10,10,2026-11-01,True,CUNDINAMARCA,11172829.33,449078.5375,195676922.49,127189999.62,370.3013,381716.76,67361.78,85.0,15.0,Cubierta (85.0% Contratos / 15.0% Bolsa),1347.2356125,498883.09871504625,767512.4595525581,706111.4627883536,-61400.99676420458,61400.99676420458,7.99999999999999
2026-11-10,10,2026-11-01,True,TOLIMA,9137631.76,449078.5375,195676922.49,127189999.62,370.3013,381716.76,67361.78,85.0,15.0,Cubierta (85.0% Contratos / 15.0% Bolsa),1347.2356125,498883.09871504625,767512.4595525581,706111.4627883536,-61400.99676420458,61400.99676420458,7.99999999999999
2026-11-11,11,2026-11-01,True,ANTIOQUIA,30946057.07,449381.6275,195808988.04,127275842.23,370.2541,381974.38,67407.24,85.0,15.0,Cubierta (85.0% Contratos / 15.0% Bolsa),1348.1448825,499156.17013964325,767932.5694214706,706497.963867753,-61434.605553717585,61434.605553717585,7.999999999999992
2026-11-11,11,2026-11-01,True,BOGOTA,42996367.63,449381.6275,195808988.04,127275842.23,370.2541,381974.38,67407.24,85.0,15.0,Cubierta (85.0% Contratos / 15.0% Bolsa),1348.1448825,499156.17013964325,767932.5694214706,706497.963867753,-61434.605553717585,61434.605553717585,7.999999999999992
2026-11-11,11,2026-11-01,True,CARIBE_MAR,34524512.49,449381.6275,195808988.04,127275842.23,370.2541,381974.38,67407.24,85.0,15.0,Cubierta (85.0% Contratos / 15.0% Bolsa),1348.1448825,499156.17013964325,767932.5694214706,706497.963867753,-61434.605553717585,61434.605553717585,7.999999999999992
2026-11-11,11,2026-11-01,True,CARIBE_SOL,27037778.04,449381.6275,195808988.04,127275842.23,370.2541,381974.38,67407.24,85.0,15.0,Cubierta (85.0% Contratos / 15.0% Bolsa),1348.1448825,499156.17013964325,767932.5694214706,706497.963867753,-61434.605553717585,61434.605553717585,7.999999999999992
2026-11-11,11,2026-11-01,True,VALLE,22278105.93,449381.6275,195808988.04,127275842.23,370.2541,381974.38,67407.24,85.0,15.0,Cubierta (85.0% Contratos / 15.0% Bolsa),1348.1448825,499156.17013964325,767932.5694214706,706497.963867753,-61434.605553717585,61434.605553717585,7.999999999999992
2026-11-11,11,2026-11-01,True,SANTANDER,17458626.5,449381.6275,195808988.04,127275842.23,370.2541,381974.38,67407.24,85.0,15.0,Cubierta (85.0% Contratos / 15.0% Bolsa),1348.1448825,499156.17013964325,767932.5694214706,706497.963867753,-61434.605553717585,61434.605553717585,7.999999999999992
2026-11-11,11,2026-11-01,True,CUNDINAMARCA,11288628.11,449381.6275,195808988.04,127275842.23,370.2541,381974.38,67407.24,85.0,15.0,Cubierta (85.0% Contratos / 15.0% Bolsa),1348.1448825,499156.17013964325,767932.5694214706,706497.963867753,-61434.605553717585,61434.605553717585,7.999999999999992
2026-11-11,11,2026-11-01,True,TOLIMA,9278912.27,449381.6275,195808988.04,127275842.23,370.2541,381974.38,67407.24,85.0,15.0,Cubierta (85.0% Contratos / 15.0% Bolsa),1348.1448825,499156.17013964325,767932.5694214706,706497.963867753,-61434.605553717585,61434.605553717585,7.999999999999992
2026-11-12,12,2026-11-01,True,ANTIOQUIA,31320251.73,449259.58,195755808.01000002,127241275.21,370.2852,381870.64,67388.94,85.0,15.0,Cubierta (85.0% Contratos / 15.0% Bolsa),1347.77874,499062.52029664797,767788.4927429546,706365.4133235184,-61423.07941943628,61423.07941943628,7.999999999999989
2026-11-12,12,2026-11-01,True,BOGOTA,42950877.95,449259.58,195755808.01000002,127241275.21,370.2852,381870.64,67388.94,85.0,15.0,Cubierta (85.0% Contratos / 15.0% Bolsa),1347.77874,499062.52029664797,767788.4927429546,706365.4133235184,-61423.07941943628,61423.07941943628,7.999999999999989
2026-11-12,12,2026-11-01,True,CARIBE_MAR,34321255.33,449259.58,195755808.01000002,127241275.21,370.2852,381870.64,67388.94,85.0,15.0,Cubierta (85.0% Contratos / 15.0% Bolsa),1347.77874,499062.52029664797,767788.4927429546,706365.4133235184,-61423.07941943628,61423.07941943628,7.999999999999989
2026-11-12,12,2026-11-01,True,CARIBE_SOL,27184843.55,449259.58,195755808.01000002,127241275.21,370.2852,381870.64,67388.94,85.0,15.0,Cubierta (85.0% Contratos / 15.0% Bolsa),1347.77874,499062.52029664797,767788.4927429546,706365.4133235184,-61423.07941943628,61423.07941943628,7.999999999999989
2026-11-12,12,2026-11-01,True,VALLE,22099138.17,449259.58,195755808.01000002,127241275.21,370.2852,381870.64,67388.94,85.0,15.0,Cubierta (85.0% Contratos / 15.0% Bolsa),1347.77874,499062.52029664797,767788.4927429546,706365.4133235184,-61423.07941943628,61423.07941943628,7.999999999999989
2026-11-12,12,2026-11-01,True,SANTANDER,17443387.33,449259.58,195755808.01000002,127241275.21,370.2852,381870.64,67388.94,85.0,15.0,Cubierta (85.0% Contratos / 15.0% Bolsa),1347.77874,499062.52029664797,767788.4927429546,706365.4133235184,-61423.07941943628,61423.07941943628,7.999999999999989
2026-11-12,12,2026-11-01,True,CUNDINAMARCA,11142642.83,449259.58,195755808.01000002,127241275.21,370.2852,381870.64,67388.94,85.0,15.0,Cubierta (85.0% Contratos / 15.0% Bolsa),1347.77874,499062.52029664797,767788.4927429546,706365.4133235184,-61423.07941943628,61423.07941943628,7.999999999999989
2026-11-12,12,2026-11-01,True,TOLIMA,9293411.12,449259.58,195755808.01000002,127241275.21,370.2852,381870.64,67388.94,85.0,15.0,Cubierta (85.0% Contratos / 15.0% Bolsa),1347.77874,499062.52029664797,767788.4927429546,706365.4133235184,-61423.07941943628,61423.07941943628,7.999999999999989
2026-11-13,13,2026-11-01,True,ANTIOQUIA,30784598.26,451700.7025,196819478.13000003,127932660.78,370.3969,383945.6,67755.11,85.0,15.0,Cubierta (85.0% Contratos / 15.0% Bolsa),1355.1021075,501925.6198014668,772193.2612601876,710417.8003593726,-61775.46090081497,61775.46090081497,7.999999999999995
2026-11-13,13,2026-11-01,True,BOGOTA,43931164.14,451700.7025,196819478.13000003,127932660.78,370.3969,383945.6,67755.11,85.0,15.0,Cubierta (85.0% Contratos / 15.0% Bolsa),1355.1021075,501925.6198014668,772193.2612601876,710417.8003593726,-61775.46090081497,61775.46090081497,7.999999999999995
2026-11-13,13,2026-11-01,True,CARIBE_MAR,34473150.05,451700.7025,196819478.13000003,127932660.78,370.3969,383945.6,67755.11,85.0,15.0,Cubierta (85.0% Contratos / 15.0% Bolsa),1355.1021075,501925.6198014668,772193.2612601876,710417.8003593726,-61775.46090081497,61775.46090081497,7.999999999999995
2026-11-13,13,2026-11-01,True,CARIBE_SOL,27506822.54,451700.7025,196819478.13000003,127932660.78,370.3969,383945.6,67755.11,85.0,15.0,Cubierta (85.0% Contratos / 15.0% Bolsa),1355.1021075,501925.6198014668,772193.2612601876,710417.8003593726,-61775.46090081497,61775.46090081497,7.999999999999995
2026-11-13,13,2026-11-01,True,VALLE,22255159.6,451700.7025,196819478.13000003,127932660.78,370.3969,383945.6,67755.11,85.0,15.0,Cubierta (85.0% Contratos / 15.0% Bolsa),1355.1021075,501925.6198014668,772193.2612601876,710417.8003593726,-61775.46090081497,61775.46090081497,7.999999999999995
2026-11-13,13,2026-11-01,True,SANTANDER,17525979.46,451700.7025,196819478.13000003,127932660.78,370.3969,383945.6,67755.11,85.0,15.0,Cubierta (85.0% Contratos / 15.0% Bolsa),1355.1021075,501925.6198014668,772193.2612601876,710417.8003593726,-61775.46090081497,61775.46090081497,7.999999999999995
2026-11-13,13,2026-11-01,True,CUNDINAMARCA,11098562.08,451700.7025,196819478.13000003,127932660.78,370.3969,383945.6,67755.11,85.0,15.0,Cubierta (85.0% Contratos / 15.0% Bolsa),1355.1021075,501925.6198014668,772193.2612601876,710417.8003593726,-61775.46090081497,61775.46090081497,7.999999999999995
2026-11-13,13,2026-11-01,True,TOLIMA,9244042.0,451700.7025,196819478.13000003,127932660.78,370.3969,383945.6,67755.11,85.0,15.0,Cubierta (85.0% Contratos / 15.0% Bolsa),1355.1021075,501925.6198014668,772193.2612601876,710417.8003593726,-61775.46090081497,61775.46090081497,7.999999999999995
2026-11-14,14,2026-11-01,True,ANTIOQUIA,26115864.55,320490.07,165627943.35000002,107658163.18,370.5902,272416.56,48073.51,85.0,15.0,Cubierta (85.0% Contratos / 15.0% Bolsa),961.4702100000001,356311.437417942,548171.4421687198,504317.72679522226,-43853.71537349757,43853.71537349757,7.999999999999997
2026-11-14,14,2026-11-01,True,BOGOTA,36165382.5,320490.07,165627943.35000002,107658163.18,370.5902,272416.56,48073.51,85.0,15.0,Cubierta (85.0% Contratos / 15.0% Bolsa),961.4702100000001,356311.437417942,548171.4421687198,504317.72679522226,-43853.71537349757,43853.71537349757,7.999999999999997
2026-11-14,14,2026-11-01,True,CARIBE_MAR,29270339.34,320490.07,165627943.35000002,107658163.18,370.5902,272416.56,48073.51,85.0,15.0,Cubierta (85.0% Contratos / 15.0% Bolsa),961.4702100000001,356311.437417942,548171.4421687198,504317.72679522226,-43853.71537349757,43853.71537349757,7.999999999999997
2026-11-14,14,2026-11-01,True,CARIBE_SOL,23253459.44,320490.07,165627943.35000002,107658163.18,370.5902,272416.56,48073.51,85.0,15.0,Cubierta (85.0% Contratos / 15.0% Bolsa),961.4702100000001,356311.437417942,548171.4421687198,504317.72679522226,-43853.71537349757,43853.71537349757,7.999999999999997
2026-11-14,14,2026-11-01,True,VALLE,18953383.48,320490.07,165627943.35000002,107658163.18,370.5902,272416.56,48073.51,85.0,15.0,Cubierta (85.0% Contratos / 15.0% Bolsa),961.4702100000001,356311.437417942,548171.4421687198,504317.72679522226,-43853.71537349757,43853.71537349757,7.999999999999997
2026-11-14,14,2026-11-01,True,SANTANDER,14642198.22,320490.07,165627943.35000002,107658163.18,370.5902,272416.56,48073.51,85.0,15.0,Cubierta (85.0% Contratos / 15.0% Bolsa),961.4702100000001,356311.437417942,548171.4421687198,504317.72679522226,-43853.71537349757,43853.71537349757,7.999999999999997
2026-11-14,14,2026-11-01,True,CUNDINAMARCA,9325723.52,320490.07,165627943.35000002,107658163.18,370.5902,272416.56,48073.51,85.0,15.0,Cubierta (85.0% Contratos / 15.0% Bolsa),961.4702100000001,356311.437417942,548171.4421687198,504317.72679522226,-43853.71537349757,43853.71537349757,7.999999999999997
2026-11-14,14,2026-11-01,True,TOLIMA,7901592.3,320490.07,165627943.35000002,107658163.18,370.5902,272416.56,48073.51,85.0,15.0,Cubierta (85.0% Contratos / 15.0% Bolsa),961.4702100000001,356311.437417942,548171.4421687198,504317.72679522226,-43853.71537349757,43853.71537349757,7.999999999999997
2026-11-15,15,2026-11-01,True,ANTIOQUIA,25617736.7,318909.77,164811250.67,107127312.94,370.8641,271073.3,47836.47,85.0,15.0,Cubierta (85.0% Contratos / 15.0% Bolsa),956.72931,354816.554496771,545871.6222797947,502201.8924974111,-43669.72978238354,43669.72978238354,7.999999999999995
2026-11-15,15,2026-11-01,True,BOGOTA,36475577.27,318909.77,164811250.67,107127312.94,370.8641,271073.3,47836.47,85.0,15.0,Cubierta (85.0% Contratos / 15.0% Bolsa),956.72931,354816.554496771,545871.6222797947,502201.8924974111,-43669.72978238354,43669.72978238354,7.999999999999995
2026-11-15,15,2026-11-01,True,CARIBE_MAR,29047289.44,318909.77,164811250.67,107127312.94,370.8641,271073.3,47836.47,85.0,15.0,Cubierta (85.0% Contratos / 15.0% Bolsa),956.72931,354816.554496771,545871.6222797947,502201.8924974111,-43669.72978238354,43669.72978238354,7.999999999999995
2026-11-15,15,2026-11-01,True,CARIBE_SOL,22934013.69,318909.77,164811250.67,107127312.94,370.8641,271073.3,47836.47,85.0,15.0,Cubierta (85.0% Contratos / 15.0% Bolsa),956.72931,354816.554496771,545871.6222797947,502201.8924974111,-43669.72978238354,43669.72978238354,7.999999999999995
2026-11-15,15,2026-11-01,True,VALLE,18914507.83,318909.77,164811250.67,107127312.94,370.8641,271073.3,47836.47,85.0,15.0,Cubierta (85.0% Contratos / 15.0% Bolsa),956.72931,354816.554496771,545871.6222797947,502201.8924974111,-43669.72978238354,43669.72978238354,7.999999999999995
2026-11-15,15,2026-11-01,True,SANTANDER,14581431.89,318909.77,164811250.67,107127312.94,370.8641,271073.3,47836.47,85.0,15.0,Cubierta (85.0% Contratos / 15.0% Bolsa),956.72931,354816.554496771,545871.6222797947,502201.8924974111,-43669.72978238354,43669.72978238354,7.999999999999995
2026-11-15,15,2026-11-01,True,CUNDINAMARCA,9330529.26,318909.77,164811250.67,107127312.94,370.8641,271073.3,47836.47,85.0,15.0,Cubierta (85.0% Contratos / 15.0% Bolsa),956.72931,354816.554496771,545871.6222797947,502201.8924974111,-43669.72978238354,43669.72978238354,7.999999999999995
2026-11-15,15,2026-11-01,True,TOLIMA,7910164.59,318909.77,164811250.67,107127312.94,370.8641,271073.3,47836.47,85.0,15.0,Cubierta (85.0% Contratos / 15.0% Bolsa),956.72931,354816.554496771,545871.6222797947,502201.8924974111,-43669.72978238354,43669.72978238354,7.999999999999995
2026-11-16,16,2026-11-01,True,ANTIOQUIA,30916508.78,452513.9475,197173833.32,128162991.66,371.2161,384636.86,67877.09,85.0,15.0,Cubierta (85.0% Contratos / 15.0% Bolsa),1357.5418425,503941.38835966424,775294.4436181542,713270.8881287018,-62023.55548945232,62023.55548945232,7.999999999999999
2026-11-16,16,2026-11-01,True,BOGOTA,43833301.72,452513.9475,197173833.32,128162991.66,371.2161,384636.86,67877.09,85.0,15.0,Cubierta (85.0% Contratos / 15.0% Bolsa),1357.5418425,503941.38835966424,775294.4436181542,713270.8881287018,-62023.55548945232,62023.55548945232,7.999999999999999
2026-11-16,16,2026-11-01,True,CARIBE_MAR,35126591.33,452513.9475,197173833.32,128162991.66,371.2161,384636.86,67877.09,85.0,15.0,Cubierta (85.0% Contratos / 15.0% Bolsa),1357.5418425,503941.38835966424,775294.4436181542,713270.8881287018,-62023.55548945232,62023.55548945232,7.999999999999999
2026-11-16,16,2026-11-01,True,CARIBE_SOL,27222986.31,452513.9475,197173833.32,128162991.66,371.2161,384636.86,67877.09,85.0,15.0,Cubierta (85.0% Contratos / 15.0% Bolsa),1357.5418425,503941.38835966424,775294.4436181542,713270.8881287018,-62023.55548945232,62023.55548945232,7.999999999999999
2026-11-16,16,2026-11-01,True,VALLE,22253689.56,452513.9475,197173833.32,128162991.66,371.2161,384636.86,67877.09,85.0,15.0,Cubierta (85.0% Contratos / 15.0% Bolsa),1357.5418425,503941.38835966424,775294.4436181542,713270.8881287018,-62023.55548945232,62023.55548945232,7.999999999999999
2026-11-16,16,2026-11-01,True,SANTANDER,17178188.18,452513.9475,197173833.32,128162991.66,371.2161,384636.86,67877.09,85.0,15.0,Cubierta (85.0% Contratos / 15.0% Bolsa),1357.5418425,503941.38835966424,775294.4436181542,713270.8881287018,-62023.55548945232,62023.55548945232,7.999999999999999
2026-11-16,16,2026-11-01,True,CUNDINAMARCA,11273734.58,452513.9475,197173833.32,128162991.66,371.2161,384636.86,67877.09,85.0,15.0,Cubierta (85.0% Contratos / 15.0% Bolsa),1357.5418425,503941.38835966424,775294.4436181542,713270.8881287018,-62023.55548945232,62023.55548945232,7.999999999999999
2026-11-16,16,2026-11-01,True,TOLIMA,9368832.86,452513.9475,197173833.32,128162991.66,371.2161,384636.86,67877.09,85.0,15.0,Cubierta (85.0% Contratos / 15.0% Bolsa),1357.5418425,503941.38835966424,775294.4436181542,713270.8881287018,-62023.55548945232,62023.55548945232,7.999999999999999
2026-11-17,17,2026-11-01,True,ANTIOQUIA,30739632.38,449279.01375,195764275.99,127246779.39,371.642,381887.16,67391.85,85.0,15.0,Cubierta (85.0% Contratos / 15.0% Bolsa),1347.83704125,500912.8536842325,770635.1595354006,708984.3467725685,-61650.812762832036,61650.812762832036,7.999999999999999
2026-11-17,17,2026-11-01,True,BOGOTA,43223707.12,449279.01375,195764275.99,127246779.39,371.642,381887.16,67391.85,85.0,15.0,Cubierta (85.0% Contratos / 15.0% Bolsa),1347.83704125,500912.8536842325,770635.1595354006,708984.3467725685,-61650.812762832036,61650.812762832036,7.999999999999999
2026-11-17,17,2026-11-01,True,CARIBE_MAR,34588087.26,449279.01375,195764275.99,127246779.39,371.642,381887.16,67391.85,85.0,15.0,Cubierta (85.0% Contratos / 15.0% Bolsa),1347.83704125,500912.8536842325,770635.1595354006,708984.3467725685,-61650.812762832036,61650.812762832036,7.999999999999999
2026-11-17,17,2026-11-01,True,CARIBE_SOL,27448341.02,449279.01375,195764275.99,127246779.39,371.642,381887.16,67391.85,85.0,15.0,Cubierta (85.0% Contratos / 15.0% Bolsa),1347.83704125,500912.8536842325,770635.1595354006,708984.3467725685,-61650.812762832036,61650.812762832036,7.999999999999999
2026-11-17,17,2026-11-01,True,VALLE,22257146.61,449279.01375,195764275.99,127246779.39,371.642,381887.16,67391.85,85.0,15.0,Cubierta (85.0% Contratos / 15.0% Bolsa),1347.83704125,500912.8536842325,770635.1595354006,708984.3467725685,-61650.812762832036,61650.812762832036,7.999999999999999
2026-11-17,17,2026-11-01,True,SANTANDER,17034413.09,449279.01375,195764275.99,127246779.39,371.642,381887.16,67391.85,85.0,15.0,Cubierta (85.0% Contratos / 15.0% Bolsa),1347.83704125,500912.8536842325,770635.1595354006,708984.3467725685,-61650.812762832036,61650.812762832036,7.999999999999999
2026-11-17,17,2026-11-01,True,CUNDINAMARCA,11119320.39,449279.01375,195764275.99,127246779.39,371.642,381887.16,67391.85,85.0,15.0,Cubierta (85.0% Contratos / 15.0% Bolsa),1347.83704125,500912.8536842325,770635.1595354006,708984.3467725685,-61650.812762832036,61650.812762832036,7.999999999999999
2026-11-17,17,2026-11-01,True,TOLIMA,9353628.12,449279.01375,195764275.99,127246779.39,371.642,381887.16,67391.85,85.0,15.0,Cubierta (85.0% Contratos / 15.0% Bolsa),1347.83704125,500912.8536842325,770635.1595354006,708984.3467725685,-61650.812762832036,61650.812762832036,7.999999999999999
2026-11-18,18,2026-11-01,True,ANTIOQUIA,30763045.49,451658.8425,196801238.39,127920804.95,372.1363,383910.02,67748.83,85.0,15.0,Cubierta (85.0% Contratos / 15.0% Bolsa),1354.9765275000002,504235.95153069834,775747.6177607607,713687.8083398999,-62059.80942086084,62059.80942086084,7.999999999999997
2026-11-18,18,2026-11-01,True,BOGOTA,43434189.33,451658.8425,196801238.39,127920804.95,372.1363,383910.02,67748.83,85.0,15.0,Cubierta (85.0% Contratos / 15.0% Bolsa),1354.9765275000002,504235.95153069834,775747.6177607607,713687.8083398999,-62059.80942086084,62059.80942086084,7.999999999999997
2026-11-18,18,2026-11-01,True,CARIBE_MAR,35213091.19,451658.8425,196801238.39,127920804.95,372.1363,383910.02,67748.83,85.0,15.0,Cubierta (85.0% Contratos / 15.0% Bolsa),1354.9765275000002,504235.95153069834,775747.6177607607,713687.8083398999,-62059.80942086084,62059.80942086084,7.999999999999997
2026-11-18,18,2026-11-01,True,CARIBE_SOL,27320912.31,451658.8425,196801238.39,127920804.95,372.1363,383910.02,67748.83,85.0,15.0,Cubierta (85.0% Contratos / 15.0% Bolsa),1354.9765275000002,504235.95153069834,775747.6177607607,713687.8083398999,-62059.80942086084,62059.80942086084,7.999999999999997
2026-11-18,18,2026-11-01,True,VALLE,22440913.7,451658.8425,196801238.39,127920804.95,372.1363,383910.02,67748.83,85.0,15.0,Cubierta (85.0% Contratos / 15.0% Bolsa),1354.9765275000002,504235.95153069834,775747.6177607607,713687.8083398999,-62059.80942086084,62059.80942086084,7.999999999999997
2026-11-18,18,2026-11-01,True,SANTANDER,17012115.61,451658.8425,196801238.39,127920804.95,372.1363,383910.02,67748.83,85.0,15.0,Cubierta (85.0% Contratos / 15.0% Bolsa),1354.9765275000002,504235.95153069834,775747.6177607607,713687.8083398999,-62059.80942086084,62059.80942086084,7.999999999999997
2026-11-18,18,2026-11-01,True,CUNDINAMARCA,11359245.13,451658.8425,196801238.39,127920804.95,372.1363,383910.02,67748.83,85.0,15.0,Cubierta (85.0% Contratos / 15.0% Bolsa),1354.9765275000002,504235.95153069834,775747.6177607607,713687.8083398999,-62059.80942086084,62059.80942086084,7.999999999999997
2026-11-18,18,2026-11-01,True,TOLIMA,9257725.63,451658.8425,196801238.39,127920804.95,372.1363,383910.02,67748.83,85.0,15.0,Cubierta (85.0% Contratos / 15.0% Bolsa),1354.9765275000002,504235.95153069834,775747.6177607607,713687.8083398999,-62059.80942086084,62059.80942086084,7.999999999999997
2026-11-19,19,2026-11-01,True,ANTIOQUIA,30874839.4,450626.885,196351583.75,127628529.44,372.6919,383032.85,67594.03,85.0,15.0,Cubierta (85.0% Contratos / 15.0% Bolsa),1351.8806550000002,503834.9698851945,775130.7228851159,713120.2650543066,-62010.45783080929,62010.45783080929,8.000000000000004
2026-11-19,19,2026-11-01,True,BOGOTA,43448462.96,450626.885,196351583.75,127628529.44,372.6919,383032.85,67594.03,85.0,15.0,Cubierta (85.0% Contratos / 15.0% Bolsa),1351.8806550000002,503834.9698851945,775130.7228851159,713120.2650543066,-62010.45783080929,62010.45783080929,8.000000000000004
2026-11-19,19,2026-11-01,True,CARIBE_MAR,34724629.08,450626.885,196351583.75,127628529.44,372.6919,383032.85,67594.03,85.0,15.0,Cubierta (85.0% Contratos / 15.0% Bolsa),1351.8806550000002,503834.9698851945,775130.7228851159,713120.2650543066,-62010.45783080929,62010.45783080929,8.000000000000004
2026-11-19,19,2026-11-01,True,CARIBE_SOL,26993766.0,450626.885,196351583.75,127628529.44,372.6919,383032.85,67594.03,85.0,15.0,Cubierta (85.0% Contratos / 15.0% Bolsa),1351.8806550000002,503834.9698851945,775130.7228851159,713120.2650543066,-62010.45783080929,62010.45783080929,8.000000000000004
2026-11-19,19,2026-11-01,True,VALLE,22609814.21,450626.885,196351583.75,127628529.44,372.6919,383032.85,67594.03,85.0,15.0,Cubierta (85.0% Contratos / 15.0% Bolsa),1351.8806550000002,503834.9698851945,775130.7228851159,713120.2650543066,-62010.45783080929,62010.45783080929,8.000000000000004
2026-11-19,19,2026-11-01,True,SANTANDER,17262770.37,450626.885,196351583.75,127628529.44,372.6919,383032.85,67594.03,85.0,15.0,Cubierta (85.0% Contratos / 15.0% Bolsa),1351.8806550000002,503834.9698851945,775130.7228851159,713120.2650543066,-62010.45783080929,62010.45783080929,8.000000000000004
2026-11-19,19,2026-11-01,True,CUNDINAMARCA,11150379.67,450626.885,196351583.75,127628529.44,372.6919,383032.85,67594.03,85.0,15.0,Cubierta (85.0% Contratos / 15.0% Bolsa),1351.8806550000002,503834.9698851945,775130.7228851159,713120.2650543066,-62010.45783080929,62010.45783080929,8.000000000000004
2026-11-19,19,2026-11-01,True,TOLIMA,9286922.06,450626.885,196351583.75,127628529.44,372.6919,383032.85,67594.03,85.0,15.0,Cubierta (85.0% Contratos / 15.0% Bolsa),1351.8806550000002,503834.9698851945,775130.7228851159,713120.2650543066,-62010.45783080929,62010.45783080929,8.000000000000004
2026-11-20,20,2026-11-01,True,ANTIOQUIA,31249833.05,453905.69,197780256.88,128557166.97,373.3006,385819.84,68085.85,85.0,15.0,Cubierta (85.0% Contratos / 15.0% Bolsa),1361.7170700000001,508329.79926124203,782045.8450294618,719482.1774271049,-62563.66760235687,62563.66760235687,7.99999999999999
2026-11-20,20,2026-11-01,True,BOGOTA,43543493.64,453905.69,197780256.88,128557166.97,373.3006,385819.84,68085.85,85.0,15.0,Cubierta (85.0% Contratos / 15.0% Bolsa),1361.7170700000001,508329.79926124203,782045.8450294618,719482.1774271049,-62563.66760235687,62563.66760235687,7.99999999999999
2026-11-20,20,2026-11-01,True,CARIBE_MAR,35050730.28,453905.69,197780256.88,128557166.97,373.3006,385819.84,68085.85,85.0,15.0,Cubierta (85.0% Contratos / 15.0% Bolsa),1361.7170700000001,508329.79926124203,782045.8450294618,719482.1774271049,-62563.66760235687,62563.66760235687,7.99999999999999
2026-11-20,20,2026-11-01,True,CARIBE_SOL,27489316.18,453905.69,197780256.88,128557166.97,373.3006,385819.84,68085.85,85.0,15.0,Cubierta (85.0% Contratos / 15.0% Bolsa),1361.7170700000001,508329.79926124203,782045.8450294618,719482.1774271049,-62563.66760235687,62563.66760235687,7.99999999999999
2026-11-20,20,2026-11-01,True,VALLE,22350301.67,453905.69,197780256.88,128557166.97,373.3006,385819.84,68085.85,85.0,15.0,Cubierta (85.0% Contratos / 15.0% Bolsa),1361.7170700000001,508329.79926124203,782045.8450294618,719482.1774271049,-62563.66760235687,62563.66760235687,7.99999999999999
2026-11-20,20,2026-11-01,True,SANTANDER,17490252.09,453905.69,197780256.88,128557166.97,373.3006,385819.84,68085.85,85.0,15.0,Cubierta (85.0% Contratos / 15.0% Bolsa),1361.7170700000001,508329.79926124203,782045.8450294618,719482.1774271049,-62563.66760235687,62563.66760235687,7.99999999999999
2026-11-20,20,2026-11-01,True,CUNDINAMARCA,11224377.7,453905.69,197780256.88,128557166.97,373.3006,385819.84,68085.85,85.0,15.0,Cubierta (85.0% Contratos / 15.0% Bolsa),1361.7170700000001,508329.79926124203,782045.8450294618,719482.1774271049,-62563.66760235687,62563.66760235687,7.99999999999999
2026-11-20,20,2026-11-01,True,TOLIMA,9381952.27,453905.69,197780256.88,128557166.97,373.3006,385819.84,68085.85,85.0,15.0,Cubierta (85.0% Contratos / 15.0% Bolsa),1361.7170700000001,508329.79926124203,782045.8450294618,719482.1774271049,-62563.66760235687,62563.66760235687,7.99999999999999
2026-11-21,21,2026-11-01,True,ANTIOQUIA,25933867.4,321112.40375,165949562.92999998,107867215.9,373.953,272945.54,48166.86,85.0,15.0,Cubierta (85.0% Contratos / 15.0% Bolsa),963.33721125,360242.8401585712,554219.7541132304,509882.173784172,-44337.5803290584,44337.5803290584,7.999999999999995
2026-11-21,21,2026-11-01,True,BOGOTA,37141360.28,321112.40375,165949562.92999998,107867215.9,373.953,272945.54,48166.86,85.0,15.0,Cubierta (85.0% Contratos / 15.0% Bolsa),963.33721125,360242.8401585712,554219.7541132304,509882.173784172,-44337.5803290584,44337.5803290584,7.999999999999995
2026-11-21,21,2026-11-01,True,CARIBE_MAR,29319525.39,321112.40375,165949562.92999998,107867215.9,373.953,272945.54,48166.86,85.0,15.0,Cubierta (85.0% Contratos / 15.0% Bolsa),963.33721125,360242.8401585712,554219.7541132304,509882.173784172,-44337.5803290584,44337.5803290584,7.999999999999995
2026-11-21,21,2026-11-01,True,CARIBE_SOL,22876845.94,321112.40375,165949562.92999998,107867215.9,373.953,272945.54,48166.86,85.0,15.0,Cubierta (85.0% Contratos / 15.0% Bolsa),963.33721125,360242.8401585712,554219.7541132304,509882.173784172,-44337.5803290584,44337.5803290584,7.999999999999995
2026-11-21,21,2026-11-01,True,VALLE,18848589.95,321112.40375,165949562.92999998,107867215.9,373.953,272945.54,48166.86,85.0,15.0,Cubierta (85.0% Contratos / 15.0% Bolsa),963.33721125,360242.8401585712,554219.7541132304,509882.173784172,-44337.5803290584,44337.5803290584,7.999999999999995
2026-11-21,21,2026-11-01,True,SANTANDER,14574965.77,321112.40375,165949562.92999998,107867215.9,373.953,272945.54,48166.86,85.0,15.0,Cubierta (85.0% Contratos / 15.0% Bolsa),963.33721125,360242.8401585712,554219.7541132304,509882.173784172,-44337.5803290584,44337.5803290584,7.999999999999995
2026-11-21,21,2026-11-01,True,CUNDINAMARCA,9399913.16,321112.40375,165949562.92999998,107867215.9,373.953,272945.54,48166.86,85.0,15.0,Cubierta (85.0% Contratos / 15.0% Bolsa),963.33721125,360242.8401585712,554219.7541132304,509882.173784172,-44337.5803290584,44337.5803290584,7.999999999999995
2026-11-21,21,2026-11-01,True,TOLIMA,7854495.04,321112.40375,165949562.92999998,107867215.9,373.953,272945.54,48166.86,85.0,15.0,Cubierta (85.0% Contratos / 15.0% Bolsa),963.33721125,360242.8401585712,554219.7541132304,509882.173784172,-44337.5803290584,44337.5803290584,7.999999999999995
2026-11-22,22,2026-11-01,True,ANTIOQUIA,26087180.55,319239.82375,164981821.08,107238183.7,374.639,271353.85,47885.97,85.0,15.0,Cubierta (85.0% Contratos / 15.0% Bolsa),957.71947125,358799.06498962874,551998.5615328007,507838.6766101766,-44159.88492262404,44159.88492262404,7.999999999999997
2026-11-22,22,2026-11-01,True,BOGOTA,36632087.78,319239.82375,164981821.08,107238183.7,374.639,271353.85,47885.97,85.0,15.0,Cubierta (85.0% Contratos / 15.0% Bolsa),957.71947125,358799.06498962874,551998.5615328007,507838.6766101766,-44159.88492262404,44159.88492262404,7.999999999999997
2026-11-22,22,2026-11-01,True,CARIBE_MAR,28846944.59,319239.82375,164981821.08,107238183.7,374.639,271353.85,47885.97,85.0,15.0,Cubierta (85.0% Contratos / 15.0% Bolsa),957.71947125,358799.06498962874,551998.5615328007,507838.6766101766,-44159.88492262404,44159.88492262404,7.999999999999997
2026-11-22,22,2026-11-01,True,CARIBE_SOL,22913633.33,319239.82375,164981821.08,107238183.7,374.639,271353.85,47885.97,85.0,15.0,Cubierta (85.0% Contratos / 15.0% Bolsa),957.71947125,358799.06498962874,551998.5615328007,507838.6766101766,-44159.88492262404,44159.88492262404,7.999999999999997
2026-11-22,22,2026-11-01,True,VALLE,18744765.92,319239.82375,164981821.08,107238183.7,374.639,271353.85,47885.97,85.0,15.0,Cubierta (85.0% Contratos / 15.0% Bolsa),957.71947125,358799.06498962874,551998.5615328007,507838.6766101766,-44159.88492262404,44159.88492262404,7.999999999999997
2026-11-22,22,2026-11-01,True,SANTANDER,14489286.73,319239.82375,164981821.08,107238183.7,374.639,271353.85,47885.97,85.0,15.0,Cubierta (85.0% Contratos / 15.0% Bolsa),957.71947125,358799.06498962874,551998.5615328007,507838.6766101766,-44159.88492262404,44159.88492262404,7.999999999999997
2026-11-22,22,2026-11-01,True,CUNDINAMARCA,9364642.22,319239.82375,164981821.08,107238183.7,374.639,271353.85,47885.97,85.0,15.0,Cubierta (85.0% Contratos / 15.0% Bolsa),957.71947125,358799.06498962874,551998.5615328007,507838.6766101766,-44159.88492262404,44159.88492262404,7.999999999999997
2026-11-22,22,2026-11-01,True,TOLIMA,7903279.96,319239.82375,164981821.08,107238183.7,374.639,271353.85,47885.97,85.0,15.0,Cubierta (85.0% Contratos / 15.0% Bolsa),957.71947125,358799.06498962874,551998.5615328007,507838.6766101766,-44159.88492262404,44159.88492262404,7.999999999999997
2026-11-23,23,2026-11-01,True,ANTIOQUIA,31040097.07,450055.435,196102586.23000002,127466681.05,375.3474,382547.12,67508.32,85.0,15.0,Cubierta (85.0% Contratos / 15.0% Bolsa),1350.166305,506781.41214935697,779663.7109959525,717290.6141162763,-62373.09687967622,62373.09687967622,8.000000000000004
2026-11-23,23,2026-11-01,True,BOGOTA,43569291.62,450055.435,196102586.23000002,127466681.05,375.3474,382547.12,67508.32,85.0,15.0,Cubierta (85.0% Contratos / 15.0% Bolsa),1350.166305,506781.41214935697,779663.7109959525,717290.6141162763,-62373.09687967622,62373.09687967622,8.000000000000004
2026-11-23,23,2026-11-01,True,CARIBE_MAR,34439487.2,450055.435,196102586.23000002,127466681.05,375.3474,382547.12,67508.32,85.0,15.0,Cubierta (85.0% Contratos / 15.0% Bolsa),1350.166305,506781.41214935697,779663.7109959525,717290.6141162763,-62373.09687967622,62373.09687967622,8.000000000000004
2026-11-23,23,2026-11-01,True,CARIBE_SOL,27153221.88,450055.435,196102586.23000002,127466681.05,375.3474,382547.12,67508.32,85.0,15.0,Cubierta (85.0% Contratos / 15.0% Bolsa),1350.166305,506781.41214935697,779663.7109959525,717290.6141162763,-62373.09687967622,62373.09687967622,8.000000000000004
2026-11-23,23,2026-11-01,True,VALLE,22107613.68,450055.435,196102586.23000002,127466681.05,375.3474,382547.12,67508.32,85.0,15.0,Cubierta (85.0% Contratos / 15.0% Bolsa),1350.166305,506781.41214935697,779663.7109959525,717290.6141162763,-62373.09687967622,62373.09687967622,8.000000000000004
2026-11-23,23,2026-11-01,True,SANTANDER,17375489.71,450055.435,196102586.23000002,127466681.05,375.3474,382547.12,67508.32,85.0,15.0,Cubierta (85.0% Contratos / 15.0% Bolsa),1350.166305,506781.41214935697,779663.7109959525,717290.6141162763,-62373.09687967622,62373.09687967622,8.000000000000004
2026-11-23,23,2026-11-01,True,CUNDINAMARCA,11126643.15,450055.435,196102586.23000002,127466681.05,375.3474,382547.12,67508.32,85.0,15.0,Cubierta (85.0% Contratos / 15.0% Bolsa),1350.166305,506781.41214935697,779663.7109959525,717290.6141162763,-62373.09687967622,62373.09687967622,8.000000000000004
2026-11-23,23,2026-11-01,True,TOLIMA,9290741.92,450055.435,196102586.23000002,127466681.05,375.3474,382547.12,67508.32,85.0,15.0,Cubierta (85.0% Contratos / 15.0% Bolsa),1350.166305,506781.41214935697,779663.7109959525,717290.6141162763,-62373.09687967622,62373.09687967622,8.000000000000004
2026-11-24,24,2026-11-01,True,ANTIOQUIA,30901029.97,451401.305,196689021.68,127847864.09,376.0671,383691.11,67710.2,85.0,15.0,Cubierta (85.0% Contratos / 15.0% Bolsa),1354.203915,509271.5391226965,783494.6755856358,720815.101538785,-62679.57404685079,62679.57404685079,7.99999999999999
2026-11-24,24,2026-11-01,True,BOGOTA,43279927.98,451401.305,196689021.68,127847864.09,376.0671,383691.11,67710.2,85.0,15.0,Cubierta (85.0% Contratos / 15.0% Bolsa),1354.203915,509271.5391226965,783494.6755856358,720815.101538785,-62679.57404685079,62679.57404685079,7.99999999999999
2026-11-24,24,2026-11-01,True,CARIBE_MAR,35190826.84,451401.305,196689021.68,127847864.09,376.0671,383691.11,67710.2,85.0,15.0,Cubierta (85.0% Contratos / 15.0% Bolsa),1354.203915,509271.5391226965,783494.6755856358,720815.101538785,-62679.57404685079,62679.57404685079,7.99999999999999
2026-11-24,24,2026-11-01,True,CARIBE_SOL,27229784.57,451401.305,196689021.68,127847864.09,376.0671,383691.11,67710.2,85.0,15.0,Cubierta (85.0% Contratos / 15.0% Bolsa),1354.203915,509271.5391226965,783494.6755856358,720815.101538785,-62679.57404685079,62679.57404685079,7.99999999999999
2026-11-24,24,2026-11-01,True,VALLE,22285595.74,451401.305,196689021.68,127847864.09,376.0671,383691.11,67710.2,85.0,15.0,Cubierta (85.0% Contratos / 15.0% Bolsa),1354.203915,509271.5391226965,783494.6755856358,720815.101538785,-62679.57404685079,62679.57404685079,7.99999999999999
2026-11-24,24,2026-11-01,True,SANTANDER,17326286.87,451401.305,196689021.68,127847864.09,376.0671,383691.11,67710.2,85.0,15.0,Cubierta (85.0% Contratos / 15.0% Bolsa),1354.203915,509271.5391226965,783494.6755856358,720815.101538785,-62679.57404685079,62679.57404685079,7.99999999999999
2026-11-24,24,2026-11-01,True,CUNDINAMARCA,11183431.89,451401.305,196689021.68,127847864.09,376.0671,383691.11,67710.2,85.0,15.0,Cubierta (85.0% Contratos / 15.0% Bolsa),1354.203915,509271.5391226965,783494.6755856358,720815.101538785,-62679.57404685079,62679.57404685079,7.99999999999999
2026-11-24,24,2026-11-01,True,TOLIMA,9292137.82,451401.305,196689021.68,127847864.09,376.0671,383691.11,67710.2,85.0,15.0,Cubierta (85.0% Contratos / 15.0% Bolsa),1354.203915,509271.5391226965,783494.6755856358,720815.101538785,-62679.57404685079,62679.57404685079,7.99999999999999
2026-11-25,25,2026-11-01,True,ANTIOQUIA,30980293.19,449739.69875,195965010.52,127377256.84,376.7864,382278.74,67460.95,85.0,15.0,Cubierta (85.0% Contratos / 15.0% Bolsa),1349.21909625,508367.40608729096,782103.7016604753,719535.4055276373,-62568.296132838004,62568.296132838004,7.999999999999997
2026-11-25,25,2026-11-01,True,BOGOTA,43237598.56,449739.69875,195965010.52,127377256.84,376.7864,382278.74,67460.95,85.0,15.0,Cubierta (85.0% Contratos / 15.0% Bolsa),1349.21909625,508367.40608729096,782103.7016604753,719535.4055276373,-62568.296132838004,62568.296132838004,7.999999999999997
2026-11-25,25,2026-11-01,True,CARIBE_MAR,34567617.71,449739.69875,195965010.52,127377256.84,376.7864,382278.74,67460.95,85.0,15.0,Cubierta (85.0% Contratos / 15.0% Bolsa),1349.21909625,508367.40608729096,782103.7016604753,719535.4055276373,-62568.296132838004,62568.296132838004,7.999999999999997
2026-11-25,25,2026-11-01,True,CARIBE_SOL,27133850.56,449739.69875,195965010.52,127377256.84,376.7864,382278.74,67460.95,85.0,15.0,Cubierta (85.0% Contratos / 15.0% Bolsa),1349.21909625,508367.40608729096,782103.7016604753,719535.4055276373,-62568.296132838004,62568.296132838004,7.999999999999997
2026-11-25,25,2026-11-01,True,VALLE,22433073.81,449739.69875,195965010.52,127377256.84,376.7864,382278.74,67460.95,85.0,15.0,Cubierta (85.0% Contratos / 15.0% Bolsa),1349.21909625,508367.40608729096,782103.7016604753,719535.4055276373,-62568.296132838004,62568.296132838004,7.999999999999997
2026-11-25,25,2026-11-01,True,SANTANDER,17263341.73,449739.69875,195965010.52,127377256.84,376.7864,382278.74,67460.95,85.0,15.0,Cubierta (85.0% Contratos / 15.0% Bolsa),1349.21909625,508367.40608729096,782103.7016604753,719535.4055276373,-62568.296132838004,62568.296132838004,7.999999999999997
2026-11-25,25,2026-11-01,True,CUNDINAMARCA,11098985.15,449739.69875,195965010.52,127377256.84,376.7864,382278.74,67460.95,85.0,15.0,Cubierta (85.0% Contratos / 15.0% Bolsa),1349.21909625,508367.40608729096,782103.7016604753,719535.4055276373,-62568.296132838004,62568.296132838004,7.999999999999997
2026-11-25,25,2026-11-01,True,TOLIMA,9250249.81,449739.69875,195965010.52,127377256.84,376.7864,382278.74,67460.95,85.0,15.0,Cubierta (85.0% Contratos / 15.0% Bolsa),1349.21909625,508367.40608729096,782103.7016604753,719535.4055276373,-62568.296132838004,62568.296132838004,7.999999999999997
2026-11-26,26,2026-11-01,True,ANTIOQUIA,31033353.04,449882.165,196027087.20000002,127417606.68,377.4937,382399.84,67482.32,85.0,15.0,Cubierta (85.0% Contratos / 15.0% Bolsa),1349.646495,509483.0490895815,783820.0755224332,721114.4694806385,-62705.60604179464,62705.60604179464,7.999999999999999
2026-11-26,26,2026-11-01,True,BOGOTA,43105858.25,449882.165,196027087.20000002,127417606.68,377.4937,382399.84,67482.32,85.0,15.0,Cubierta (85.0% Contratos / 15.0% Bolsa),1349.646495,509483.0490895815,783820.0755224332,721114.4694806385,-62705.60604179464,62705.60604179464,7.999999999999999
2026-11-26,26,2026-11-01,True,CARIBE_MAR,34439854.52,449882.165,196027087.20000002,127417606.68,377.4937,382399.84,67482.32,85.0,15.0,Cubierta (85.0% Contratos / 15.0% Bolsa),1349.646495,509483.0490895815,783820.0755224332,721114.4694806385,-62705.60604179464,62705.60604179464,7.999999999999999
2026-11-26,26,2026-11-01,True,CARIBE_SOL,27045814.21,449882.165,196027087.20000002,127417606.68,377.4937,382399.84,67482.32,85.0,15.0,Cubierta (85.0% Contratos / 15.0% Bolsa),1349.646495,509483.0490895815,783820.0755224332,721114.4694806385,-62705.60604179464,62705.60604179464,7.999999999999999
2026-11-26,26,2026-11-01,True,VALLE,22486635.14,449882.165,196027087.20000002,127417606.68,377.4937,382399.84,67482.32,85.0,15.0,Cubierta (85.0% Contratos / 15.0% Bolsa),1349.646495,509483.0490895815,783820.0755224332,721114.4694806385,-62705.60604179464,62705.60604179464,7.999999999999999
2026-11-26,26,2026-11-01,True,SANTANDER,17240464.69,449882.165,196027087.20000002,127417606.68,377.4937,382399.84,67482.32,85.0,15.0,Cubierta (85.0% Contratos / 15.0% Bolsa),1349.646495,509483.0490895815,783820.0755224332,721114.4694806385,-62705.60604179464,62705.60604179464,7.999999999999999
2026-11-26,26,2026-11-01,True,CUNDINAMARCA,11248046.25,449882.165,196027087.20000002,127417606.68,377.4937,382399.84,67482.32,85.0,15.0,Cubierta (85.0% Contratos / 15.0% Bolsa),1349.646495,509483.0490895815,783820.0755224332,721114.4694806385,-62705.60604179464,62705.60604179464,7.999999999999999
2026-11-26,26,2026-11-01,True,TOLIMA,9427061.1,449882.165,196027087.20000002,127417606.68,377.4937,382399.84,67482.32,85.0,15.0,Cubierta (85.0% Contratos / 15.0% Bolsa),1349.646495,509483.0490895815,783820.0755224332,721114.4694806385,-62705.60604179464,62705.60604179464,7.999999999999999
2026-11-27,27,2026-11-01,True,ANTIOQUIA,31078139.7,449807.8025,195994685.33,127396545.46,378.1776,382336.63,67471.17,85.0,15.0,Cubierta (85.0% Contratos / 15.0% Bolsa),1349.4234075,510321.70563217194,785110.31638492,722301.4910741264,-62808.82531079359,62808.82531079359,7.999999999999999
2026-11-27,27,2026-11-01,True,BOGOTA,43217843.93,449807.8025,195994685.33,127396545.46,378.1776,382336.63,67471.17,85.0,15.0,Cubierta (85.0% Contratos / 15.0% Bolsa),1349.4234075,510321.70563217194,785110.31638492,722301.4910741264,-62808.82531079359,62808.82531079359,7.999999999999999
2026-11-27,27,2026-11-01,True,CARIBE_MAR,34658078.55,449807.8025,195994685.33,127396545.46,378.1776,382336.63,67471.17,85.0,15.0,Cubierta (85.0% Contratos / 15.0% Bolsa),1349.4234075,510321.70563217194,785110.31638492,722301.4910741264,-62808.82531079359,62808.82531079359,7.999999999999999
2026-11-27,27,2026-11-01,True,CARIBE_SOL,26892779.79,449807.8025,195994685.33,127396545.46,378.1776,382336.63,67471.17,85.0,15.0,Cubierta (85.0% Contratos / 15.0% Bolsa),1349.4234075,510321.70563217194,785110.31638492,722301.4910741264,-62808.82531079359,62808.82531079359,7.999999999999999
2026-11-27,27,2026-11-01,True,VALLE,22438234.1,449807.8025,195994685.33,127396545.46,378.1776,382336.63,67471.17,85.0,15.0,Cubierta (85.0% Contratos / 15.0% Bolsa),1349.4234075,510321.70563217194,785110.31638492,722301.4910741264,-62808.82531079359,62808.82531079359,7.999999999999999
2026-11-27,27,2026-11-01,True,SANTANDER,17333257.15,449807.8025,195994685.33,127396545.46,378.1776,382336.63,67471.17,85.0,15.0,Cubierta (85.0% Contratos / 15.0% Bolsa),1349.4234075,510321.70563217194,785110.31638492,722301.4910741264,-62808.82531079359,62808.82531079359,7.999999999999999
2026-11-27,27,2026-11-01,True,CUNDINAMARCA,11101040.06,449807.8025,195994685.33,127396545.46,378.1776,382336.63,67471.17,85.0,15.0,Cubierta (85.0% Contratos / 15.0% Bolsa),1349.4234075,510321.70563217194,785110.31638492,722301.4910741264,-62808.82531079359,62808.82531079359,7.999999999999999
2026-11-27,27,2026-11-01,True,TOLIMA,9275312.05,449807.8025,195994685.33,127396545.46,378.1776,382336.63,67471.17,85.0,15.0,Cubierta (85.0% Contratos / 15.0% Bolsa),1349.4234075,510321.70563217194,785110.31638492,722301.4910741264,-62808.82531079359,62808.82531079359,7.999999999999999
2026-11-28,28,2026-11-01,True,ANTIOQUIA,25990498.32,321014.48375,165898958.03,107834322.72,378.8272,272862.31,48152.17,85.0,15.0,Cubierta (85.0% Contratos / 15.0% Bolsa),963.0434512500001,364827.05411537405,561272.3909441268,516370.59966859664,-44901.79127553012,44901.79127553012,7.9999999999999964
2026-11-28,28,2026-11-01,True,BOGOTA,36813960.31,321014.48375,165898958.03,107834322.72,378.8272,272862.31,48152.17,85.0,15.0,Cubierta (85.0% Contratos / 15.0% Bolsa),963.0434512500001,364827.05411537405,561272.3909441268,516370.59966859664,-44901.79127553012,44901.79127553012,7.9999999999999964
2026-11-28,28,2026-11-01,True,CARIBE_MAR,29230794.94,321014.48375,165898958.03,107834322.72,378.8272,272862.31,48152.17,85.0,15.0,Cubierta (85.0% Contratos / 15.0% Bolsa),963.0434512500001,364827.05411537405,561272.3909441268,516370.59966859664,-44901.79127553012,44901.79127553012,7.9999999999999964
2026-11-28,28,2026-11-01,True,CARIBE_SOL,22913604.58,321014.48375,165898958.03,107834322.72,378.8272,272862.31,48152.17,85.0,15.0,Cubierta (85.0% Contratos / 15.0% Bolsa),963.0434512500001,364827.05411537405,561272.3909441268,516370.59966859664,-44901.79127553012,44901.79127553012,7.9999999999999964
2026-11-28,28,2026-11-01,True,VALLE,18914798.11,321014.48375,165898958.03,107834322.72,378.8272,272862.31,48152.17,85.0,15.0,Cubierta (85.0% Contratos / 15.0% Bolsa),963.0434512500001,364827.05411537405,561272.3909441268,516370.59966859664,-44901.79127553012,44901.79127553012,7.9999999999999964
2026-11-28,28,2026-11-01,True,SANTANDER,14653318.85,321014.48375,165898958.03,107834322.72,378.8272,272862.31,48152.17,85.0,15.0,Cubierta (85.0% Contratos / 15.0% Bolsa),963.0434512500001,364827.05411537405,561272.3909441268,516370.59966859664,-44901.79127553012,44901.79127553012,7.9999999999999964
2026-11-28,28,2026-11-01,True,CUNDINAMARCA,9375220.28,321014.48375,165898958.03,107834322.72,378.8272,272862.31,48152.17,85.0,15.0,Cubierta (85.0% Contratos / 15.0% Bolsa),963.0434512500001,364827.05411537405,561272.3909441268,516370.59966859664,-44901.79127553012,44901.79127553012,7.9999999999999964
2026-11-28,28,2026-11-01,True,TOLIMA,8006762.64,321014.48375,165898958.03,107834322.72,378.8272,272862.31,48152.17,85.0,15.0,Cubierta (85.0% Contratos / 15.0% Bolsa),963.0434512500001,364827.05411537405,561272.3909441268,516370.59966859664,-44901.79127553012,44901.79127553012,7.9999999999999964
2026-11-29,29,2026-11-01,True,ANTIOQUIA,25933238.34,321779.76375,166294451.82000002,108091393.68,379.4325,273512.8,48266.96,85.0,15.0,Cubierta (85.0% Contratos / 15.0% Bolsa),965.33929125,366281.10062721564,563509.3855959715,518428.6347482938,-45080.7508476777,45080.7508476777,7.9999999999999964
2026-11-29,29,2026-11-01,True,BOGOTA,36743040.18,321779.76375,166294451.82000002,108091393.68,379.4325,273512.8,48266.96,85.0,15.0,Cubierta (85.0% Contratos / 15.0% Bolsa),965.33929125,366281.10062721564,563509.3855959715,518428.6347482938,-45080.7508476777,45080.7508476777,7.9999999999999964
2026-11-29,29,2026-11-01,True,CARIBE_MAR,29285178.79,321779.76375,166294451.82000002,108091393.68,379.4325,273512.8,48266.96,85.0,15.0,Cubierta (85.0% Contratos / 15.0% Bolsa),965.33929125,366281.10062721564,563509.3855959715,518428.6347482938,-45080.7508476777,45080.7508476777,7.9999999999999964
2026-11-29,29,2026-11-01,True,CARIBE_SOL,23119909.15,321779.76375,166294451.82000002,108091393.68,379.4325,273512.8,48266.96,85.0,15.0,Cubierta (85.0% Contratos / 15.0% Bolsa),965.33929125,366281.10062721564,563509.3855959715,518428.6347482938,-45080.7508476777,45080.7508476777,7.9999999999999964
2026-11-29,29,2026-11-01,True,VALLE,18984068.5,321779.76375,166294451.82000002,108091393.68,379.4325,273512.8,48266.96,85.0,15.0,Cubierta (85.0% Contratos / 15.0% Bolsa),965.33929125,366281.10062721564,563509.3855959715,518428.6347482938,-45080.7508476777,45080.7508476777,7.9999999999999964
2026-11-29,29,2026-11-01,True,SANTANDER,15003684.3,321779.76375,166294451.82000002,108091393.68,379.4325,273512.8,48266.96,85.0,15.0,Cubierta (85.0% Contratos / 15.0% Bolsa),965.33929125,366281.10062721564,563509.3855959715,518428.6347482938,-45080.7508476777,45080.7508476777,7.9999999999999964
2026-11-29,29,2026-11-01,True,CUNDINAMARCA,9438655.07,321779.76375,166294451.82000002,108091393.68,379.4325,273512.8,48266.96,85.0,15.0,Cubierta (85.0% Contratos / 15.0% Bolsa),965.33929125,366281.10062721564,563509.3855959715,518428.6347482938,-45080.7508476777,45080.7508476777,7.9999999999999964
2026-11-29,29,2026-11-01,True,TOLIMA,7786677.49,321779.76375,166294451.82000002,108091393.68,379.4325,273512.8,48266.96,85.0,15.0,Cubierta (85.0% Contratos / 15.0% Bolsa),965.33929125,366281.10062721564,563509.3855959715,518428.6347482938,-45080.7508476777,45080.7508476777,7.9999999999999964
2026-11-30,30,2026-11-01,True,ANTIOQUIA,30753961.74,451748.7825,196840427.97,127946278.18,379.984,383986.47,67762.32,85.0,15.0,Cubierta (85.0% Contratos / 15.0% Bolsa),1355.2463475,514971.92810843996,792264.5047853113,728883.3444024865,-63381.16038282483,63381.16038282483,7.999999999999992
2026-11-30,30,2026-11-01,True,BOGOTA,43777608.09,451748.7825,196840427.97,127946278.18,379.984,383986.47,67762.32,85.0,15.0,Cubierta (85.0% Contratos / 15.0% Bolsa),1355.2463475,514971.92810843996,792264.5047853113,728883.3444024865,-63381.16038282483,63381.16038282483,7.999999999999992
2026-11-30,30,2026-11-01,True,CARIBE_MAR,34800403.59,451748.7825,196840427.97,127946278.18,379.984,383986.47,67762.32,85.0,15.0,Cubierta (85.0% Contratos / 15.0% Bolsa),1355.2463475,514971.92810843996,792264.5047853113,728883.3444024865,-63381.16038282483,63381.16038282483,7.999999999999992
2026-11-30,30,2026-11-01,True,CARIBE_SOL,27474931.99,451748.7825,196840427.97,127946278.18,379.984,383986.47,67762.32,85.0,15.0,Cubierta (85.0% Contratos / 15.0% Bolsa),1355.2463475,514971.92810843996,792264.5047853113,728883.3444024865,-63381.16038282483,63381.16038282483,7.999999999999992
2026-11-30,30,2026-11-01,True,VALLE,22038391.19,451748.7825,196840427.97,127946278.18,379.984,383986.47,67762.32,85.0,15.0,Cubierta (85.0% Contratos / 15.0% Bolsa),1355.2463475,514971.92810843996,792264.5047853113,728883.3444024865,-63381.16038282483,63381.16038282483,7.999999999999992
2026-11-30,30,2026-11-01,True,SANTANDER,17422539.65,451748.7825,196840427.97,127946278.18,379.984,383986.47,67762.32,85.0,15.0,Cubierta (85.0% Contratos / 15.0% Bolsa),1355.2463475,514971.92810843996,792264.5047853113,728883.3444024865,-63381.16038282483,63381.16038282483,7.999999999999992
2026-11-30,30,2026-11-01,True,CUNDINAMARCA,11235360.17,451748.7825,196840427.97,127946278.18,379.984,383986.47,67762.32,85.0,15.0,Cubierta (85.0% Contratos / 15.0% Bolsa),1355.2463475,514971.92810843996,792264.5047853113,728883.3444024865,-63381.16038282483,63381.16038282483,7.999999999999992
2026-11-30,30,2026-11-01,True,TOLIMA,9337231.55,451748.7825,196840427.97,127946278.18,379.984,383986.47,67762.32,85.0,15.0,Cubierta (85.0% Contratos / 15.0% Bolsa),1355.2463475,514971.92810843996,792264.5047853113,728883.3444024865,-63381.16038282483,63381.16038282483,7.999999999999992
2026-12-01,1,2026-12-01,True,ANTIOQUIA,30926344.67,452938.6075,197358870.37999997,128283265.75,380.4737,384997.82,67940.79,85.0,15.0,Cubierta (85.0% Contratos / 15.0% Bolsa),1358.8158225,516993.68360511825,795374.8978354275,731744.9060085934,-63629.99182683416,63629.99182683416,7.999999999999995
2026-12-01,1,2026-12-01,True,BOGOTA,43701210.49,452938.6075,197358870.37999997,128283265.75,380.4737,384997.82,67940.79,85.0,15.0,Cubierta (85.0% Contratos / 15.0% Bolsa),1358.8158225,516993.68360511825,795374.8978354275,731744.9060085934,-63629.99182683416,63629.99182683416,7.999999999999995
2026-12-01,1,2026-12-01,True,CARIBE_MAR,35270718.17,452938.6075,197358870.37999997,128283265.75,380.4737,384997.82,67940.79,85.0,15.0,Cubierta (85.0% Contratos / 15.0% Bolsa),1358.8158225,516993.68360511825,795374.8978354275,731744.9060085934,-63629.99182683416,63629.99182683416,7.999999999999995
2026-12-01,1,2026-12-01,True,CARIBE_SOL,27485300.75,452938.6075,197358870.37999997,128283265.75,380.4737,384997.82,67940.79,85.0,15.0,Cubierta (85.0% Contratos / 15.0% Bolsa),1358.8158225,516993.68360511825,795374.8978354275,731744.9060085934,-63629.99182683416,63629.99182683416,7.999999999999995
2026-12-01,1,2026-12-01,True,VALLE,22091719.38,452938.6075,197358870.37999997,128283265.75,380.4737,384997.82,67940.79,85.0,15.0,Cubierta (85.0% Contratos / 15.0% Bolsa),1358.8158225,516993.68360511825,795374.8978354275,731744.9060085934,-63629.99182683416,63629.99182683416,7.999999999999995
2026-12-01,1,2026-12-01,True,SANTANDER,17364994.69,452938.6075,197358870.37999997,128283265.75,380.4737,384997.82,67940.79,85.0,15.0,Cubierta (85.0% Contratos / 15.0% Bolsa),1358.8158225,516993.68360511825,795374.8978354275,731744.9060085934,-63629.99182683416,63629.99182683416,7.999999999999995
2026-12-01,1,2026-12-01,True,CUNDINAMARCA,11221130.89,452938.6075,197358870.37999997,128283265.75,380.4737,384997.82,67940.79,85.0,15.0,Cubierta (85.0% Contratos / 15.0% Bolsa),1358.8158225,516993.68360511825,795374.8978354275,731744.9060085934,-63629.99182683416,63629.99182683416,7.999999999999995
2026-12-01,1,2026-12-01,True,TOLIMA,9297451.34,452938.6075,197358870.37999997,128283265.75,380.4737,384997.82,67940.79,85.0,15.0,Cubierta (85.0% Contratos / 15.0% Bolsa),1358.8158225,516993.68360511825,795374.8978354275,731744.9060085934,-63629.99182683416,63629.99182683416,7.999999999999995
2026-12-02,2,2026-12-01,True,ANTIOQUIA,30720531.28,453169.20875,197459350.48999998,128348577.82,380.8945,385193.83,67975.38,85.0,15.0,Cubierta (85.0% Contratos / 15.0% Bolsa),1359.50762625,517828.9775466806,796659.9654471211,732927.1682113514,-63732.797235769685,63732.797235769685,8.0
2026-12-02,2,2026-12-01,True,BOGOTA,43883894.35,453169.20875,197459350.48999998,128348577.82,380.8945,385193.83,67975.38,85.0,15.0,Cubierta (85.0% Contratos / 15.0% Bolsa),1359.50762625,517828.9775466806,796659.9654471211,732927.1682113514,-63732.797235769685,63732.797235769685,8.0
2026-12-02,2,2026-12-01,True,CARIBE_MAR,34895623.08,453169.20875,197459350.48999998,128348577.82,380.8945,385193.83,67975.38,85.0,15.0,Cubierta (85.0% Contratos / 15.0% Bolsa),1359.50762625,517828.9775466806,796659.9654471211,732927.1682113514,-63732.797235769685,63732.797235769685,8.0
2026-12-02,2,2026-12-01,True,CARIBE_SOL,27661100.99,453169.20875,197459350.48999998,128348577.82,380.8945,385193.83,67975.38,85.0,15.0,Cubierta (85.0% Contratos / 15.0% Bolsa),1359.50762625,517828.9775466806,796659.9654471211,732927.1682113514,-63732.797235769685,63732.797235769685,8.0
2026-12-02,2,2026-12-01,True,VALLE,22439236.22,453169.20875,197459350.48999998,128348577.82,380.8945,385193.83,67975.38,85.0,15.0,Cubierta (85.0% Contratos / 15.0% Bolsa),1359.50762625,517828.9775466806,796659.9654471211,732927.1682113514,-63732.797235769685,63732.797235769685,8.0
2026-12-02,2,2026-12-01,True,SANTANDER,17347210.68,453169.20875,197459350.48999998,128348577.82,380.8945,385193.83,67975.38,85.0,15.0,Cubierta (85.0% Contratos / 15.0% Bolsa),1359.50762625,517828.9775466806,796659.9654471211,732927.1682113514,-63732.797235769685,63732.797235769685,8.0
2026-12-02,2,2026-12-01,True,CUNDINAMARCA,11192660.88,453169.20875,197459350.48999998,128348577.82,380.8945,385193.83,67975.38,85.0,15.0,Cubierta (85.0% Contratos / 15.0% Bolsa),1359.50762625,517828.9775466806,796659.9654471211,732927.1682113514,-63732.797235769685,63732.797235769685,8.0
2026-12-02,2,2026-12-01,True,TOLIMA,9319093.01,453169.20875,197459350.48999998,128348577.82,380.8945,385193.83,67975.38,85.0,15.0,Cubierta (85.0% Contratos / 15.0% Bolsa),1359.50762625,517828.9775466806,796659.9654471211,732927.1682113514,-63732.797235769685,63732.797235769685,8.0
2026-12-03,3,2026-12-01,True,ANTIOQUIA,31203678.06,453151.15,197451481.58,128343463.03,381.2411,385178.48,67972.67,85.0,15.0,Cubierta (85.0% Contratos / 15.0% Bolsa),1359.4534500000002,518279.5286767951,797353.1210225852,733564.8713407784,-63788.249681806774,63788.249681806774,7.999999999999995
2026-12-03,3,2026-12-01,True,BOGOTA,43916585.13,453151.15,197451481.58,128343463.03,381.2411,385178.48,67972.67,85.0,15.0,Cubierta (85.0% Contratos / 15.0% Bolsa),1359.4534500000002,518279.5286767951,797353.1210225852,733564.8713407784,-63788.249681806774,63788.249681806774,7.999999999999995
2026-12-03,3,2026-12-01,True,CARIBE_MAR,35116450.73,453151.15,197451481.58,128343463.03,381.2411,385178.48,67972.67,85.0,15.0,Cubierta (85.0% Contratos / 15.0% Bolsa),1359.4534500000002,518279.5286767951,797353.1210225852,733564.8713407784,-63788.249681806774,63788.249681806774,7.999999999999995
2026-12-03,3,2026-12-01,True,CARIBE_SOL,27293525.91,453151.15,197451481.58,128343463.03,381.2411,385178.48,67972.67,85.0,15.0,Cubierta (85.0% Contratos / 15.0% Bolsa),1359.4534500000002,518279.5286767951,797353.1210225852,733564.8713407784,-63788.249681806774,63788.249681806774,7.999999999999995
2026-12-03,3,2026-12-01,True,VALLE,22169377.24,453151.15,197451481.58,128343463.03,381.2411,385178.48,67972.67,85.0,15.0,Cubierta (85.0% Contratos / 15.0% Bolsa),1359.4534500000002,518279.5286767951,797353.1210225852,733564.8713407784,-63788.249681806774,63788.249681806774,7.999999999999995
2026-12-03,3,2026-12-01,True,SANTANDER,17196179.17,453151.15,197451481.58,128343463.03,381.2411,385178.48,67972.67,85.0,15.0,Cubierta (85.0% Contratos / 15.0% Bolsa),1359.4534500000002,518279.5286767951,797353.1210225852,733564.8713407784,-63788.249681806774,63788.249681806774,7.999999999999995
2026-12-03,3,2026-12-01,True,CUNDINAMARCA,11218412.97,453151.15,197451481.58,128343463.03,381.2411,385178.48,67972.67,85.0,15.0,Cubierta (85.0% Contratos / 15.0% Bolsa),1359.4534500000002,518279.5286767951,797353.1210225852,733564.8713407784,-63788.249681806774,63788.249681806774,7.999999999999995
2026-12-03,3,2026-12-01,True,TOLIMA,9337272.37,453151.15,197451481.58,128343463.03,381.2411,385178.48,67972.67,85.0,15.0,Cubierta (85.0% Contratos / 15.0% Bolsa),1359.4534500000002,518279.5286767951,797353.1210225852,733564.8713407784,-63788.249681806774,63788.249681806774,7.999999999999995
2026-12-04,4,2026-12-01,True,ANTIOQUIA,31092415.68,451918.59375,196914419.98999998,127994372.99,381.5093,384130.8,67787.79,85.0,15.0,Cubierta (85.0% Contratos / 15.0% Bolsa),1355.75578125,517233.4390756406,795743.7524458219,732084.2522501561,-63659.50019566575,63659.50019566575,8.0
2026-12-04,4,2026-12-01,True,BOGOTA,43412564.15,451918.59375,196914419.98999998,127994372.99,381.5093,384130.8,67787.79,85.0,15.0,Cubierta (85.0% Contratos / 15.0% Bolsa),1355.75578125,517233.4390756406,795743.7524458219,732084.2522501561,-63659.50019566575,63659.50019566575,8.0
2026-12-04,4,2026-12-01,True,CARIBE_MAR,35143758.55,451918.59375,196914419.98999998,127994372.99,381.5093,384130.8,67787.79,85.0,15.0,Cubierta (85.0% Contratos / 15.0% Bolsa),1355.75578125,517233.4390756406,795743.7524458219,732084.2522501561,-63659.50019566575,63659.50019566575,8.0
2026-12-04,4,2026-12-01,True,CARIBE_SOL,27100829.79,451918.59375,196914419.98999998,127994372.99,381.5093,384130.8,67787.79,85.0,15.0,Cubierta (85.0% Contratos / 15.0% Bolsa),1355.75578125,517233.4390756406,795743.7524458219,732084.2522501561,-63659.50019566575,63659.50019566575,8.0
2026-12-04,4,2026-12-01,True,VALLE,22426040.09,451918.59375,196914419.98999998,127994372.99,381.5093,384130.8,67787.79,85.0,15.0,Cubierta (85.0% Contratos / 15.0% Bolsa),1355.75578125,517233.4390756406,795743.7524458219,732084.2522501561,-63659.50019566575,63659.50019566575,8.0
2026-12-04,4,2026-12-01,True,SANTANDER,17219383.86,451918.59375,196914419.98999998,127994372.99,381.5093,384130.8,67787.79,85.0,15.0,Cubierta (85.0% Contratos / 15.0% Bolsa),1355.75578125,517233.4390756406,795743.7524458219,732084.2522501561,-63659.50019566575,63659.50019566575,8.0
2026-12-04,4,2026-12-01,True,CUNDINAMARCA,11190972.7,451918.59375,196914419.98999998,127994372.99,381.5093,384130.8,67787.79,85.0,15.0,Cubierta (85.0% Contratos / 15.0% Bolsa),1355.75578125,517233.4390756406,795743.7524458219,732084.2522501561,-63659.50019566575,63659.50019566575,8.0
2026-12-04,4,2026-12-01,True,TOLIMA,9328455.17,451918.59375,196914419.98999998,127994372.99,381.5093,384130.8,67787.79,85.0,15.0,Cubierta (85.0% Contratos / 15.0% Bolsa),1355.75578125,517233.4390756406,795743.7524458219,732084.2522501561,-63659.50019566575,63659.50019566575,8.0
2026-12-05,5,2026-12-01,True,ANTIOQUIA,26562362.21,323167.43375,167011593.85,108557536.0,381.6968,274692.32,48475.12,85.0,15.0,Cubierta (85.0% Contratos / 15.0% Bolsa),969.5023012500001,370055.925979761,569316.8092127434,523771.464475724,-45545.34473701945,45545.34473701945,7.9999999999999964
2026-12-05,5,2026-12-01,True,BOGOTA,36674054.39,323167.43375,167011593.85,108557536.0,381.6968,274692.32,48475.12,85.0,15.0,Cubierta (85.0% Contratos / 15.0% Bolsa),969.5023012500001,370055.925979761,569316.8092127434,523771.464475724,-45545.34473701945,45545.34473701945,7.9999999999999964
2026-12-05,5,2026-12-01,True,CARIBE_MAR,29514911.45,323167.43375,167011593.85,108557536.0,381.6968,274692.32,48475.12,85.0,15.0,Cubierta (85.0% Contratos / 15.0% Bolsa),969.5023012500001,370055.925979761,569316.8092127434,523771.464475724,-45545.34473701945,45545.34473701945,7.9999999999999964
2026-12-05,5,2026-12-01,True,CARIBE_SOL,23341201.03,323167.43375,167011593.85,108557536.0,381.6968,274692.32,48475.12,85.0,15.0,Cubierta (85.0% Contratos / 15.0% Bolsa),969.5023012500001,370055.925979761,569316.8092127434,523771.464475724,-45545.34473701945,45545.34473701945,7.9999999999999964
2026-12-05,5,2026-12-01,True,VALLE,18808964.55,323167.43375,167011593.85,108557536.0,381.6968,274692.32,48475.12,85.0,15.0,Cubierta (85.0% Contratos / 15.0% Bolsa),969.5023012500001,370055.925979761,569316.8092127434,523771.464475724,-45545.34473701945,45545.34473701945,7.9999999999999964
2026-12-05,5,2026-12-01,True,SANTANDER,14669791.41,323167.43375,167011593.85,108557536.0,381.6968,274692.32,48475.12,85.0,15.0,Cubierta (85.0% Contratos / 15.0% Bolsa),969.5023012500001,370055.925979761,569316.8092127434,523771.464475724,-45545.34473701945,45545.34473701945,7.9999999999999964
2026-12-05,5,2026-12-01,True,CUNDINAMARCA,9533005.78,323167.43375,167011593.85,108557536.0,381.6968,274692.32,48475.12,85.0,15.0,Cubierta (85.0% Contratos / 15.0% Bolsa),969.5023012500001,370055.925979761,569316.8092127434,523771.464475724,-45545.34473701945,45545.34473701945,7.9999999999999964
2026-12-05,5,2026-12-01,True,TOLIMA,7907303.03,323167.43375,167011593.85,108557536.0,381.6968,274692.32,48475.12,85.0,15.0,Cubierta (85.0% Contratos / 15.0% Bolsa),969.5023012500001,370055.925979761,569316.8092127434,523771.464475724,-45545.34473701945,45545.34473701945,7.9999999999999964
2026-12-06,6,2026-12-01,True,ANTIOQUIA,27007164.97,323066.59125,166959478.78,108523661.21,381.8028,274606.6,48459.99,85.0,15.0,Cubierta (85.0% Contratos / 15.0% Bolsa),969.19977375,370043.18737711647,569297.2113336725,523753.43442697875,-45543.77690669376,45543.77690669376,7.999999999999993
2026-12-06,6,2026-12-01,True,BOGOTA,36744207.26,323066.59125,166959478.78,108523661.21,381.8028,274606.6,48459.99,85.0,15.0,Cubierta (85.0% Contratos / 15.0% Bolsa),969.19977375,370043.18737711647,569297.2113336725,523753.43442697875,-45543.77690669376,45543.77690669376,7.999999999999993
2026-12-06,6,2026-12-01,True,CARIBE_MAR,29263259.77,323066.59125,166959478.78,108523661.21,381.8028,274606.6,48459.99,85.0,15.0,Cubierta (85.0% Contratos / 15.0% Bolsa),969.19977375,370043.18737711647,569297.2113336725,523753.43442697875,-45543.77690669376,45543.77690669376,7.999999999999993
2026-12-06,6,2026-12-01,True,CARIBE_SOL,22918920.96,323066.59125,166959478.78,108523661.21,381.8028,274606.6,48459.99,85.0,15.0,Cubierta (85.0% Contratos / 15.0% Bolsa),969.19977375,370043.18737711647,569297.2113336725,523753.43442697875,-45543.77690669376,45543.77690669376,7.999999999999993
2026-12-06,6,2026-12-01,True,VALLE,18848717.8,323066.59125,166959478.78,108523661.21,381.8028,274606.6,48459.99,85.0,15.0,Cubierta (85.0% Contratos / 15.0% Bolsa),969.19977375,370043.18737711647,569297.2113336725,523753.43442697875,-45543.77690669376,45543.77690669376,7.999999999999993
2026-12-06,6,2026-12-01,True,SANTANDER,14857005.95,323066.59125,166959478.78,108523661.21,381.8028,274606.6,48459.99,85.0,15.0,Cubierta (85.0% Contratos / 15.0% Bolsa),969.19977375,370043.18737711647,569297.2113336725,523753.43442697875,-45543.77690669376,45543.77690669376,7.999999999999993
2026-12-06,6,2026-12-01,True,CUNDINAMARCA,9390948.82,323066.59125,166959478.78,108523661.21,381.8028,274606.6,48459.99,85.0,15.0,Cubierta (85.0% Contratos / 15.0% Bolsa),969.19977375,370043.18737711647,569297.2113336725,523753.43442697875,-45543.77690669376,45543.77690669376,7.999999999999993
2026-12-06,6,2026-12-01,True,TOLIMA,7929253.25,323066.59125,166959478.78,108523661.21,381.8028,274606.6,48459.99,85.0,15.0,Cubierta (85.0% Contratos / 15.0% Bolsa),969.19977375,370043.18737711647,569297.2113336725,523753.43442697875,-45543.77690669376,45543.77690669376,7.999999999999993
2026-12-07,7,2026-12-01,True,ANTIOQUIA,31204839.66,452158.10375,197018781.68,128062208.09,381.8283,384334.39,67823.72,85.0,15.0,Cubierta (85.0% Contratos / 15.0% Bolsa),1356.47431125,517940.2802582584,796831.2004097651,733084.7043769839,-63746.4960327812,63746.4960327812,7.999999999999999
2026-12-07,7,2026-12-01,True,BOGOTA,43217265.25,452158.10375,197018781.68,128062208.09,381.8283,384334.39,67823.72,85.0,15.0,Cubierta (85.0% Contratos / 15.0% Bolsa),1356.47431125,517940.2802582584,796831.2004097651,733084.7043769839,-63746.4960327812,63746.4960327812,7.999999999999999
2026-12-07,7,2026-12-01,True,CARIBE_MAR,34746845.14,452158.10375,197018781.68,128062208.09,381.8283,384334.39,67823.72,85.0,15.0,Cubierta (85.0% Contratos / 15.0% Bolsa),1356.47431125,517940.2802582584,796831.2004097651,733084.7043769839,-63746.4960327812,63746.4960327812,7.999999999999999
2026-12-07,7,2026-12-01,True,CARIBE_SOL,27327872.44,452158.10375,197018781.68,128062208.09,381.8283,384334.39,67823.72,85.0,15.0,Cubierta (85.0% Contratos / 15.0% Bolsa),1356.47431125,517940.2802582584,796831.2004097651,733084.7043769839,-63746.4960327812,63746.4960327812,7.999999999999999
2026-12-07,7,2026-12-01,True,VALLE,22272587.44,452158.10375,197018781.68,128062208.09,381.8283,384334.39,67823.72,85.0,15.0,Cubierta (85.0% Contratos / 15.0% Bolsa),1356.47431125,517940.2802582584,796831.2004097651,733084.7043769839,-63746.4960327812,63746.4960327812,7.999999999999999
2026-12-07,7,2026-12-01,True,SANTANDER,17579428.04,452158.10375,197018781.68,128062208.09,381.8283,384334.39,67823.72,85.0,15.0,Cubierta (85.0% Contratos / 15.0% Bolsa),1356.47431125,517940.2802582584,796831.2004097651,733084.7043769839,-63746.4960327812,63746.4960327812,7.999999999999999
2026-12-07,7,2026-12-01,True,CUNDINAMARCA,11333231.44,452158.10375,197018781.68,128062208.09,381.8283,384334.39,67823.72,85.0,15.0,Cubierta (85.0% Contratos / 15.0% Bolsa),1356.47431125,517940.2802582584,796831.2004097651,733084.7043769839,-63746.4960327812,63746.4960327812,7.999999999999999
2026-12-07,7,2026-12-01,True,TOLIMA,9336712.27,452158.10375,197018781.68,128062208.09,381.8283,384334.39,67823.72,85.0,15.0,Cubierta (85.0% Contratos / 15.0% Bolsa),1356.47431125,517940.2802582584,796831.2004097651,733084.7043769839,-63746.4960327812,63746.4960327812,7.999999999999999
2026-12-08,8,2026-12-01,True,ANTIOQUIA,31389344.55,453664.30375,197675077.75,128488800.54,381.7756,385614.66,68049.65,85.0,15.0,Cubierta (85.0% Contratos / 15.0% Bolsa),1360.9929112500001,519593.88528821553,799375.2081201628,735425.1914705498,-63950.01664961304,63950.01664961304,8.000000000000002
2026-12-08,8,2026-12-01,True,BOGOTA,43943743.24,453664.30375,197675077.75,128488800.54,381.7756,385614.66,68049.65,85.0,15.0,Cubierta (85.0% Contratos / 15.0% Bolsa),1360.9929112500001,519593.88528821553,799375.2081201628,735425.1914705498,-63950.01664961304,63950.01664961304,8.000000000000002
2026-12-08,8,2026-12-01,True,CARIBE_MAR,34676963.9,453664.30375,197675077.75,128488800.54,381.7756,385614.66,68049.65,85.0,15.0,Cubierta (85.0% Contratos / 15.0% Bolsa),1360.9929112500001,519593.88528821553,799375.2081201628,735425.1914705498,-63950.01664961304,63950.01664961304,8.000000000000002
2026-12-08,8,2026-12-01,True,CARIBE_SOL,27214450.09,453664.30375,197675077.75,128488800.54,381.7756,385614.66,68049.65,85.0,15.0,Cubierta (85.0% Contratos / 15.0% Bolsa),1360.9929112500001,519593.88528821553,799375.2081201628,735425.1914705498,-63950.01664961304,63950.01664961304,8.000000000000002
2026-12-08,8,2026-12-01,True,VALLE,22280635.94,453664.30375,197675077.75,128488800.54,381.7756,385614.66,68049.65,85.0,15.0,Cubierta (85.0% Contratos / 15.0% Bolsa),1360.9929112500001,519593.88528821553,799375.2081201628,735425.1914705498,-63950.01664961304,63950.01664961304,8.000000000000002
2026-12-08,8,2026-12-01,True,SANTANDER,17408713.6,453664.30375,197675077.75,128488800.54,381.7756,385614.66,68049.65,85.0,15.0,Cubierta (85.0% Contratos / 15.0% Bolsa),1360.9929112500001,519593.88528821553,799375.2081201628,735425.1914705498,-63950.01664961304,63950.01664961304,8.000000000000002
2026-12-08,8,2026-12-01,True,CUNDINAMARCA,11296787.05,453664.30375,197675077.75,128488800.54,381.7756,385614.66,68049.65,85.0,15.0,Cubierta (85.0% Contratos / 15.0% Bolsa),1360.9929112500001,519593.88528821553,799375.2081201628,735425.1914705498,-63950.01664961304,63950.01664961304,8.000000000000002
2026-12-08,8,2026-12-01,True,TOLIMA,9464439.38,453664.30375,197675077.75,128488800.54,381.7756,385614.66,68049.65,85.0,15.0,Cubierta (85.0% Contratos / 15.0% Bolsa),1360.9929112500001,519593.88528821553,799375.2081201628,735425.1914705498,-63950.01664961304,63950.01664961304,8.000000000000002
2026-12-09,9,2026-12-01,True,ANTIOQUIA,31289551.68,453632.075,197661034.92,128479672.7,381.6491,385587.26,68044.81,85.0,15.0,Cubierta (85.0% Contratos / 15.0% Bolsa),1360.896225,519384.81946464744,799053.5683947114,735129.2829231345,-63924.28547157685,63924.28547157685,7.999999999999992
2026-12-09,9,2026-12-01,True,BOGOTA,43729125.98,453632.075,197661034.92,128479672.7,381.6491,385587.26,68044.81,85.0,15.0,Cubierta (85.0% Contratos / 15.0% Bolsa),1360.896225,519384.81946464744,799053.5683947114,735129.2829231345,-63924.28547157685,63924.28547157685,7.999999999999992
2026-12-09,9,2026-12-01,True,CARIBE_MAR,34668832.69,453632.075,197661034.92,128479672.7,381.6491,385587.26,68044.81,85.0,15.0,Cubierta (85.0% Contratos / 15.0% Bolsa),1360.896225,519384.81946464744,799053.5683947114,735129.2829231345,-63924.28547157685,63924.28547157685,7.999999999999992
2026-12-09,9,2026-12-01,True,CARIBE_SOL,27484077.04,453632.075,197661034.92,128479672.7,381.6491,385587.26,68044.81,85.0,15.0,Cubierta (85.0% Contratos / 15.0% Bolsa),1360.896225,519384.81946464744,799053.5683947114,735129.2829231345,-63924.28547157685,63924.28547157685,7.999999999999992
2026-12-09,9,2026-12-01,True,VALLE,22529472.33,453632.075,197661034.92,128479672.7,381.6491,385587.26,68044.81,85.0,15.0,Cubierta (85.0% Contratos / 15.0% Bolsa),1360.896225,519384.81946464744,799053.5683947114,735129.2829231345,-63924.28547157685,63924.28547157685,7.999999999999992
2026-12-09,9,2026-12-01,True,SANTANDER,17483776.8,453632.075,197661034.92,128479672.7,381.6491,385587.26,68044.81,85.0,15.0,Cubierta (85.0% Contratos / 15.0% Bolsa),1360.896225,519384.81946464744,799053.5683947114,735129.2829231345,-63924.28547157685,63924.28547157685,7.999999999999992
2026-12-09,9,2026-12-01,True,CUNDINAMARCA,11144521.16,453632.075,197661034.92,128479672.7,381.6491,385587.26,68044.81,85.0,15.0,Cubierta (85.0% Contratos / 15.0% Bolsa),1360.896225,519384.81946464744,799053.5683947114,735129.2829231345,-63924.28547157685,63924.28547157685,7.999999999999992
2026-12-09,9,2026-12-01,True,TOLIMA,9331677.24,453632.075,197661034.92,128479672.7,381.6491,385587.26,68044.81,85.0,15.0,Cubierta (85.0% Contratos / 15.0% Bolsa),1360.896225,519384.81946464744,799053.5683947114,735129.2829231345,-63924.28547157685,63924.28547157685,7.999999999999992
2026-12-10,10,2026-12-01,True,ANTIOQUIA,30947076.22,452940.8575,197359850.88999996,128283903.08,381.4542,384999.73,67941.13,85.0,15.0,Cubierta (85.0% Contratos / 15.0% Bolsa),1358.8225725,518328.5773349295,797428.5805059518,733634.2940654757,-63794.28644047608,63794.28644047608,7.999999999999992
2026-12-10,10,2026-12-01,True,BOGOTA,43767771.85,452940.8575,197359850.88999996,128283903.08,381.4542,384999.73,67941.13,85.0,15.0,Cubierta (85.0% Contratos / 15.0% Bolsa),1358.8225725,518328.5773349295,797428.5805059518,733634.2940654757,-63794.28644047608,63794.28644047608,7.999999999999992
2026-12-10,10,2026-12-01,True,CARIBE_MAR,35062620.12,452940.8575,197359850.88999996,128283903.08,381.4542,384999.73,67941.13,85.0,15.0,Cubierta (85.0% Contratos / 15.0% Bolsa),1358.8225725,518328.5773349295,797428.5805059518,733634.2940654757,-63794.28644047608,63794.28644047608,7.999999999999992
2026-12-10,10,2026-12-01,True,CARIBE_SOL,27271584.48,452940.8575,197359850.88999996,128283903.08,381.4542,384999.73,67941.13,85.0,15.0,Cubierta (85.0% Contratos / 15.0% Bolsa),1358.8225725,518328.5773349295,797428.5805059518,733634.2940654757,-63794.28644047608,63794.28644047608,7.999999999999992
2026-12-10,10,2026-12-01,True,VALLE,22148928.42,452940.8575,197359850.88999996,128283903.08,381.4542,384999.73,67941.13,85.0,15.0,Cubierta (85.0% Contratos / 15.0% Bolsa),1358.8225725,518328.5773349295,797428.5805059518,733634.2940654757,-63794.28644047608,63794.28644047608,7.999999999999992
2026-12-10,10,2026-12-01,True,SANTANDER,17658122.9,452940.8575,197359850.88999996,128283903.08,381.4542,384999.73,67941.13,85.0,15.0,Cubierta (85.0% Contratos / 15.0% Bolsa),1358.8225725,518328.5773349295,797428.5805059518,733634.2940654757,-63794.28644047608,63794.28644047608,7.999999999999992
2026-12-10,10,2026-12-01,True,CUNDINAMARCA,11185250.45,452940.8575,197359850.88999996,128283903.08,381.4542,384999.73,67941.13,85.0,15.0,Cubierta (85.0% Contratos / 15.0% Bolsa),1358.8225725,518328.5773349295,797428.5805059518,733634.2940654757,-63794.28644047608,63794.28644047608,7.999999999999992
2026-12-10,10,2026-12-01,True,TOLIMA,9318496.45,452940.8575,197359850.88999996,128283903.08,381.4542,384999.73,67941.13,85.0,15.0,Cubierta (85.0% Contratos / 15.0% Bolsa),1358.8225725,518328.5773349295,797428.5805059518,733634.2940654757,-63794.28644047608,63794.28644047608,7.999999999999992
2026-12-11,11,2026-12-01,True,ANTIOQUIA,31239430.78,455151.2125,198322968.51999998,128909929.54,381.1981,386878.53,68272.68,85.0,15.0,Cubierta (85.0% Contratos / 15.0% Bolsa),1365.4536375,520508.33225308877,800782.0496077127,736719.4856390957,-64062.563968617,64062.563968617,7.999999999999999
2026-12-11,11,2026-12-01,True,BOGOTA,43727320.74,455151.2125,198322968.51999998,128909929.54,381.1981,386878.53,68272.68,85.0,15.0,Cubierta (85.0% Contratos / 15.0% Bolsa),1365.4536375,520508.33225308877,800782.0496077127,736719.4856390957,-64062.563968617,64062.563968617,7.999999999999999
2026-12-11,11,2026-12-01,True,CARIBE_MAR,35297232.58,455151.2125,198322968.51999998,128909929.54,381.1981,386878.53,68272.68,85.0,15.0,Cubierta (85.0% Contratos / 15.0% Bolsa),1365.4536375,520508.33225308877,800782.0496077127,736719.4856390957,-64062.563968617,64062.563968617,7.999999999999999
2026-12-11,11,2026-12-01,True,CARIBE_SOL,27356275.84,455151.2125,198322968.51999998,128909929.54,381.1981,386878.53,68272.68,85.0,15.0,Cubierta (85.0% Contratos / 15.0% Bolsa),1365.4536375,520508.33225308877,800782.0496077127,736719.4856390957,-64062.563968617,64062.563968617,7.999999999999999
2026-12-11,11,2026-12-01,True,VALLE,22580470.13,455151.2125,198322968.51999998,128909929.54,381.1981,386878.53,68272.68,85.0,15.0,Cubierta (85.0% Contratos / 15.0% Bolsa),1365.4536375,520508.33225308877,800782.0496077127,736719.4856390957,-64062.563968617,64062.563968617,7.999999999999999
2026-12-11,11,2026-12-01,True,SANTANDER,17571635.14,455151.2125,198322968.51999998,128909929.54,381.1981,386878.53,68272.68,85.0,15.0,Cubierta (85.0% Contratos / 15.0% Bolsa),1365.4536375,520508.33225308877,800782.0496077127,736719.4856390957,-64062.563968617,64062.563968617,7.999999999999999
2026-12-11,11,2026-12-01,True,CUNDINAMARCA,11148059.92,455151.2125,198322968.51999998,128909929.54,381.1981,386878.53,68272.68,85.0,15.0,Cubierta (85.0% Contratos / 15.0% Bolsa),1365.4536375,520508.33225308877,800782.0496077127,736719.4856390957,-64062.563968617,64062.563968617,7.999999999999999
2026-12-11,11,2026-12-01,True,TOLIMA,9402543.39,455151.2125,198322968.51999998,128909929.54,381.1981,386878.53,68272.68,85.0,15.0,Cubierta (85.0% Contratos / 15.0% Bolsa),1365.4536375,520508.33225308877,800782.0496077127,736719.4856390957,-64062.563968617,64062.563968617,7.999999999999999
2026-12-12,12,2026-12-01,True,ANTIOQUIA,26014197.52,319732.69375,165236534.21,107403747.24,380.8889,271772.79,47959.9,85.0,15.0,Cubierta (85.0% Contratos / 15.0% Bolsa),959.19808125,365347.9020494231,562073.6954423345,517107.79980694776,-44965.895635386754,44965.895635386754,7.999999999999999
2026-12-12,12,2026-12-01,True,BOGOTA,36652026.82,319732.69375,165236534.21,107403747.24,380.8889,271772.79,47959.9,85.0,15.0,Cubierta (85.0% Contratos / 15.0% Bolsa),959.19808125,365347.9020494231,562073.6954423345,517107.79980694776,-44965.895635386754,44965.895635386754,7.999999999999999
2026-12-12,12,2026-12-01,True,CARIBE_MAR,28953893.03,319732.69375,165236534.21,107403747.24,380.8889,271772.79,47959.9,85.0,15.0,Cubierta (85.0% Contratos / 15.0% Bolsa),959.19808125,365347.9020494231,562073.6954423345,517107.79980694776,-44965.895635386754,44965.895635386754,7.999999999999999
2026-12-12,12,2026-12-01,True,CARIBE_SOL,22908380.35,319732.69375,165236534.21,107403747.24,380.8889,271772.79,47959.9,85.0,15.0,Cubierta (85.0% Contratos / 15.0% Bolsa),959.19808125,365347.9020494231,562073.6954423345,517107.79980694776,-44965.895635386754,44965.895635386754,7.999999999999999
2026-12-12,12,2026-12-01,True,VALLE,18890881.27,319732.69375,165236534.21,107403747.24,380.8889,271772.79,47959.9,85.0,15.0,Cubierta (85.0% Contratos / 15.0% Bolsa),959.19808125,365347.9020494231,562073.6954423345,517107.79980694776,-44965.895635386754,44965.895635386754,7.999999999999999
2026-12-12,12,2026-12-01,True,SANTANDER,14485295.6,319732.69375,165236534.21,107403747.24,380.8889,271772.79,47959.9,85.0,15.0,Cubierta (85.0% Contratos / 15.0% Bolsa),959.19808125,365347.9020494231,562073.6954423345,517107.79980694776,-44965.895635386754,44965.895635386754,7.999999999999999
2026-12-12,12,2026-12-01,True,CUNDINAMARCA,9375007.49,319732.69375,165236534.21,107403747.24,380.8889,271772.79,47959.9,85.0,15.0,Cubierta (85.0% Contratos / 15.0% Bolsa),959.19808125,365347.9020494231,562073.6954423345,517107.79980694776,-44965.895635386754,44965.895635386754,7.999999999999999
2026-12-12,12,2026-12-01,True,TOLIMA,7956852.13,319732.69375,165236534.21,107403747.24,380.8889,271772.79,47959.9,85.0,15.0,Cubierta (85.0% Contratos / 15.0% Bolsa),959.19808125,365347.9020494231,562073.6954423345,517107.79980694776,-44965.895635386754,44965.895635386754,7.999999999999999
2026-12-13,13,2026-12-01,True,ANTIOQUIA,26470536.68,323053.7775,166952856.45,108519356.69,380.5362,274595.71,48458.07,85.0,15.0,Cubierta (85.0% Contratos / 15.0% Bolsa),969.1613325000001,368800.9706564865,567386.1087153581,521995.22001812945,-45390.88869722863,45390.88869722863,7.999999999999997
2026-12-13,13,2026-12-01,True,BOGOTA,36875230.14,323053.7775,166952856.45,108519356.69,380.5362,274595.71,48458.07,85.0,15.0,Cubierta (85.0% Contratos / 15.0% Bolsa),969.1613325000001,368800.9706564865,567386.1087153581,521995.22001812945,-45390.88869722863,45390.88869722863,7.999999999999997
2026-12-13,13,2026-12-01,True,CARIBE_MAR,29296277.44,323053.7775,166952856.45,108519356.69,380.5362,274595.71,48458.07,85.0,15.0,Cubierta (85.0% Contratos / 15.0% Bolsa),969.1613325000001,368800.9706564865,567386.1087153581,521995.22001812945,-45390.88869722863,45390.88869722863,7.999999999999997
2026-12-13,13,2026-12-01,True,CARIBE_SOL,23000969.45,323053.7775,166952856.45,108519356.69,380.5362,274595.71,48458.07,85.0,15.0,Cubierta (85.0% Contratos / 15.0% Bolsa),969.1613325000001,368800.9706564865,567386.1087153581,521995.22001812945,-45390.88869722863,45390.88869722863,7.999999999999997
2026-12-13,13,2026-12-01,True,VALLE,19069275.07,323053.7775,166952856.45,108519356.69,380.5362,274595.71,48458.07,85.0,15.0,Cubierta (85.0% Contratos / 15.0% Bolsa),969.1613325000001,368800.9706564865,567386.1087153581,521995.22001812945,-45390.88869722863,45390.88869722863,7.999999999999997
2026-12-13,13,2026-12-01,True,SANTANDER,14855419.11,323053.7775,166952856.45,108519356.69,380.5362,274595.71,48458.07,85.0,15.0,Cubierta (85.0% Contratos / 15.0% Bolsa),969.1613325000001,368800.9706564865,567386.1087153581,521995.22001812945,-45390.88869722863,45390.88869722863,7.999999999999997
2026-12-13,13,2026-12-01,True,CUNDINAMARCA,9553425.07,323053.7775,166952856.45,108519356.69,380.5362,274595.71,48458.07,85.0,15.0,Cubierta (85.0% Contratos / 15.0% Bolsa),969.1613325000001,368800.9706564865,567386.1087153581,521995.22001812945,-45390.88869722863,45390.88869722863,7.999999999999997
2026-12-13,13,2026-12-01,True,TOLIMA,7831723.49,323053.7775,166952856.45,108519356.69,380.5362,274595.71,48458.07,85.0,15.0,Cubierta (85.0% Contratos / 15.0% Bolsa),969.1613325000001,368800.9706564865,567386.1087153581,521995.22001812945,-45390.88869722863,45390.88869722863,7.999999999999997
2026-12-14,14,2026-12-01,True,ANTIOQUIA,31210477.57,454802.0,198170805.97000003,128811023.88,380.15,386581.7,68220.3,85.0,15.0,Cubierta (85.0% Contratos / 15.0% Bolsa),1364.406,518678.9408999999,797967.6013877129,734130.1932766959,-63837.408111016965,63837.408111016965,7.999999999999992
2026-12-14,14,2026-12-01,True,BOGOTA,43647121.92,454802.0,198170805.97000003,128811023.88,380.15,386581.7,68220.3,85.0,15.0,Cubierta (85.0% Contratos / 15.0% Bolsa),1364.406,518678.9408999999,797967.6013877129,734130.1932766959,-63837.408111016965,63837.408111016965,7.999999999999992
2026-12-14,14,2026-12-01,True,CARIBE_MAR,35020344.24,454802.0,198170805.97000003,128811023.88,380.15,386581.7,68220.3,85.0,15.0,Cubierta (85.0% Contratos / 15.0% Bolsa),1364.406,518678.9408999999,797967.6013877129,734130.1932766959,-63837.408111016965,63837.408111016965,7.999999999999992
2026-12-14,14,2026-12-01,True,CARIBE_SOL,27520137.13,454802.0,198170805.97000003,128811023.88,380.15,386581.7,68220.3,85.0,15.0,Cubierta (85.0% Contratos / 15.0% Bolsa),1364.406,518678.9408999999,797967.6013877129,734130.1932766959,-63837.408111016965,63837.408111016965,7.999999999999992
2026-12-14,14,2026-12-01,True,VALLE,22357560.87,454802.0,198170805.97000003,128811023.88,380.15,386581.7,68220.3,85.0,15.0,Cubierta (85.0% Contratos / 15.0% Bolsa),1364.406,518678.9408999999,797967.6013877129,734130.1932766959,-63837.408111016965,63837.408111016965,7.999999999999992
2026-12-14,14,2026-12-01,True,SANTANDER,17473222.74,454802.0,198170805.97000003,128811023.88,380.15,386581.7,68220.3,85.0,15.0,Cubierta (85.0% Contratos / 15.0% Bolsa),1364.406,518678.9408999999,797967.6013877129,734130.1932766959,-63837.408111016965,63837.408111016965,7.999999999999992
2026-12-14,14,2026-12-01,True,CUNDINAMARCA,11492593.11,454802.0,198170805.97000003,128811023.88,380.15,386581.7,68220.3,85.0,15.0,Cubierta (85.0% Contratos / 15.0% Bolsa),1364.406,518678.9408999999,797967.6013877129,734130.1932766959,-63837.408111016965,63837.408111016965,7.999999999999992
2026-12-14,14,2026-12-01,True,TOLIMA,9449348.39,454802.0,198170805.97000003,128811023.88,380.15,386581.7,68220.3,85.0,15.0,Cubierta (85.0% Contratos / 15.0% Bolsa),1364.406,518678.9408999999,797967.6013877129,734130.1932766959,-63837.408111016965,63837.408111016965,7.999999999999992
2026-12-15,15,2026-12-01,True,ANTIOQUIA,30935329.1,450884.39625,196463789.48,127701463.16,379.7413,383251.74,67632.66,85.0,15.0,Cubierta (85.0% Contratos / 15.0% Bolsa),1352.65318875,513658.2803450704,790243.5082355617,727024.0275767167,-63219.48065884493,63219.48065884493,7.999999999999999
2026-12-15,15,2026-12-01,True,BOGOTA,43461329.07,450884.39625,196463789.48,127701463.16,379.7413,383251.74,67632.66,85.0,15.0,Cubierta (85.0% Contratos / 15.0% Bolsa),1352.65318875,513658.2803450704,790243.5082355617,727024.0275767167,-63219.48065884493,63219.48065884493,7.999999999999999
2026-12-15,15,2026-12-01,True,CARIBE_MAR,34450388.65,450884.39625,196463789.48,127701463.16,379.7413,383251.74,67632.66,85.0,15.0,Cubierta (85.0% Contratos / 15.0% Bolsa),1352.65318875,513658.2803450704,790243.5082355617,727024.0275767167,-63219.48065884493,63219.48065884493,7.999999999999999
2026-12-15,15,2026-12-01,True,CARIBE_SOL,27338822.25,450884.39625,196463789.48,127701463.16,379.7413,383251.74,67632.66,85.0,15.0,Cubierta (85.0% Contratos / 15.0% Bolsa),1352.65318875,513658.2803450704,790243.5082355617,727024.0275767167,-63219.48065884493,63219.48065884493,7.999999999999999
2026-12-15,15,2026-12-01,True,VALLE,22238674.19,450884.39625,196463789.48,127701463.16,379.7413,383251.74,67632.66,85.0,15.0,Cubierta (85.0% Contratos / 15.0% Bolsa),1352.65318875,513658.2803450704,790243.5082355617,727024.0275767167,-63219.48065884493,63219.48065884493,7.999999999999999
2026-12-15,15,2026-12-01,True,SANTANDER,17600761.5,450884.39625,196463789.48,127701463.16,379.7413,383251.74,67632.66,85.0,15.0,Cubierta (85.0% Contratos / 15.0% Bolsa),1352.65318875,513658.2803450704,790243.5082355617,727024.0275767167,-63219.48065884493,63219.48065884493,7.999999999999999
2026-12-15,15,2026-12-01,True,CUNDINAMARCA,11164884.51,450884.39625,196463789.48,127701463.16,379.7413,383251.74,67632.66,85.0,15.0,Cubierta (85.0% Contratos / 15.0% Bolsa),1352.65318875,513658.2803450704,790243.5082355617,727024.0275767167,-63219.48065884493,63219.48065884493,7.999999999999999
2026-12-15,15,2026-12-01,True,TOLIMA,9273600.21,450884.39625,196463789.48,127701463.16,379.7413,383251.74,67632.66,85.0,15.0,Cubierta (85.0% Contratos / 15.0% Bolsa),1352.65318875,513658.2803450704,790243.5082355617,727024.0275767167,-63219.48065884493,63219.48065884493,7.999999999999999
2026-12-16,16,2026-12-01,True,ANTIOQUIA,30555627.56,451238.41375,196618045.45,127801729.54,379.3216,383552.65,67685.76,85.0,15.0,Cubierta (85.0% Contratos / 15.0% Bolsa),1353.71524125,513493.431255336,789989.8942544317,726790.7027140772,-63199.19154035451,63199.19154035451,7.999999999999997
2026-12-16,16,2026-12-01,True,BOGOTA,43330767.81,451238.41375,196618045.45,127801729.54,379.3216,383552.65,67685.76,85.0,15.0,Cubierta (85.0% Contratos / 15.0% Bolsa),1353.71524125,513493.431255336,789989.8942544317,726790.7027140772,-63199.19154035451,63199.19154035451,7.999999999999997
2026-12-16,16,2026-12-01,True,CARIBE_MAR,34579722.21,451238.41375,196618045.45,127801729.54,379.3216,383552.65,67685.76,85.0,15.0,Cubierta (85.0% Contratos / 15.0% Bolsa),1353.71524125,513493.431255336,789989.8942544317,726790.7027140772,-63199.19154035451,63199.19154035451,7.999999999999997
2026-12-16,16,2026-12-01,True,CARIBE_SOL,27755073.46,451238.41375,196618045.45,127801729.54,379.3216,383552.65,67685.76,85.0,15.0,Cubierta (85.0% Contratos / 15.0% Bolsa),1353.71524125,513493.431255336,789989.8942544317,726790.7027140772,-63199.19154035451,63199.19154035451,7.999999999999997
2026-12-16,16,2026-12-01,True,VALLE,22524617.45,451238.41375,196618045.45,127801729.54,379.3216,383552.65,67685.76,85.0,15.0,Cubierta (85.0% Contratos / 15.0% Bolsa),1353.71524125,513493.431255336,789989.8942544317,726790.7027140772,-63199.19154035451,63199.19154035451,7.999999999999997
2026-12-16,16,2026-12-01,True,SANTANDER,17308452.58,451238.41375,196618045.45,127801729.54,379.3216,383552.65,67685.76,85.0,15.0,Cubierta (85.0% Contratos / 15.0% Bolsa),1353.71524125,513493.431255336,789989.8942544317,726790.7027140772,-63199.19154035451,63199.19154035451,7.999999999999997
2026-12-16,16,2026-12-01,True,CUNDINAMARCA,11277547.24,451238.41375,196618045.45,127801729.54,379.3216,383552.65,67685.76,85.0,15.0,Cubierta (85.0% Contratos / 15.0% Bolsa),1353.71524125,513493.431255336,789989.8942544317,726790.7027140772,-63199.19154035451,63199.19154035451,7.999999999999997
2026-12-16,16,2026-12-01,True,TOLIMA,9286237.14,451238.41375,196618045.45,127801729.54,379.3216,383552.65,67685.76,85.0,15.0,Cubierta (85.0% Contratos / 15.0% Bolsa),1353.71524125,513493.431255336,789989.8942544317,726790.7027140772,-63199.19154035451,63199.19154035451,7.999999999999997
2026-12-17,17,2026-12-01,True,ANTIOQUIA,30959671.6,452706.62,197257786.63000005,128217561.31,378.9024,384800.63,67905.99,85.0,15.0,Cubierta (85.0% Contratos / 15.0% Bolsa),1358.11986,514594.874441664,791684.4222148575,728349.6684376689,-63334.7537771886,63334.7537771886,7.999999999999999
2026-12-17,17,2026-12-01,True,BOGOTA,42846076.73,452706.62,197257786.63000005,128217561.31,378.9024,384800.63,67905.99,85.0,15.0,Cubierta (85.0% Contratos / 15.0% Bolsa),1358.11986,514594.874441664,791684.4222148575,728349.6684376689,-63334.7537771886,63334.7537771886,7.999999999999999
2026-12-17,17,2026-12-01,True,CARIBE_MAR,34692756.09,452706.62,197257786.63000005,128217561.31,378.9024,384800.63,67905.99,85.0,15.0,Cubierta (85.0% Contratos / 15.0% Bolsa),1358.11986,514594.874441664,791684.4222148575,728349.6684376689,-63334.7537771886,63334.7537771886,7.999999999999999
2026-12-17,17,2026-12-01,True,CARIBE_SOL,28026564.07,452706.62,197257786.63000005,128217561.31,378.9024,384800.63,67905.99,85.0,15.0,Cubierta (85.0% Contratos / 15.0% Bolsa),1358.11986,514594.874441664,791684.4222148575,728349.6684376689,-63334.7537771886,63334.7537771886,7.999999999999999
2026-12-17,17,2026-12-01,True,VALLE,22286534.67,452706.62,197257786.63000005,128217561.31,378.9024,384800.63,67905.99,85.0,15.0,Cubierta (85.0% Contratos / 15.0% Bolsa),1358.11986,514594.874441664,791684.4222148575,728349.6684376689,-63334.7537771886,63334.7537771886,7.999999999999999
2026-12-17,17,2026-12-01,True,SANTANDER,17770913.21,452706.62,197257786.63000005,128217561.31,378.9024,384800.63,67905.99,85.0,15.0,Cubierta (85.0% Contratos / 15.0% Bolsa),1358.11986,514594.874441664,791684.4222148575,728349.6684376689,-63334.7537771886,63334.7537771886,7.999999999999999
2026-12-17,17,2026-12-01,True,CUNDINAMARCA,11141822.49,452706.62,197257786.63000005,128217561.31,378.9024,384800.63,67905.99,85.0,15.0,Cubierta (85.0% Contratos / 15.0% Bolsa),1358.11986,514594.874441664,791684.4222148575,728349.6684376689,-63334.7537771886,63334.7537771886,7.999999999999999
2026-12-17,17,2026-12-01,True,TOLIMA,9533447.77,452706.62,197257786.63000005,128217561.31,378.9024,384800.63,67905.99,85.0,15.0,Cubierta (85.0% Contratos / 15.0% Bolsa),1358.11986,514594.874441664,791684.4222148575,728349.6684376689,-63334.7537771886,63334.7537771886,7.999999999999999
2026-12-18,18,2026-12-01,True,ANTIOQUIA,31118604.02,452819.29625,197306882.67999998,128249473.74,378.4953,384896.4,67922.89,85.0,15.0,Cubierta (85.0% Contratos / 15.0% Bolsa),1358.4578887500002,514169.9261397979,791030.655612025,727748.203163063,-63282.45244896191,63282.45244896191,7.999999999999989
2026-12-18,18,2026-12-01,True,BOGOTA,43881274.8,452819.29625,197306882.67999998,128249473.74,378.4953,384896.4,67922.89,85.0,15.0,Cubierta (85.0% Contratos / 15.0% Bolsa),1358.4578887500002,514169.9261397979,791030.655612025,727748.203163063,-63282.45244896191,63282.45244896191,7.999999999999989
2026-12-18,18,2026-12-01,True,CARIBE_MAR,34604333.11,452819.29625,197306882.67999998,128249473.74,378.4953,384896.4,67922.89,85.0,15.0,Cubierta (85.0% Contratos / 15.0% Bolsa),1358.4578887500002,514169.9261397979,791030.655612025,727748.203163063,-63282.45244896191,63282.45244896191,7.999999999999989
2026-12-18,18,2026-12-01,True,CARIBE_SOL,27196512.29,452819.29625,197306882.67999998,128249473.74,378.4953,384896.4,67922.89,85.0,15.0,Cubierta (85.0% Contratos / 15.0% Bolsa),1358.4578887500002,514169.9261397979,791030.655612025,727748.203163063,-63282.45244896191,63282.45244896191,7.999999999999989
2026-12-18,18,2026-12-01,True,VALLE,22513907.36,452819.29625,197306882.67999998,128249473.74,378.4953,384896.4,67922.89,85.0,15.0,Cubierta (85.0% Contratos / 15.0% Bolsa),1358.4578887500002,514169.9261397979,791030.655612025,727748.203163063,-63282.45244896191,63282.45244896191,7.999999999999989
2026-12-18,18,2026-12-01,True,SANTANDER,17442414.63,452819.29625,197306882.67999998,128249473.74,378.4953,384896.4,67922.89,85.0,15.0,Cubierta (85.0% Contratos / 15.0% Bolsa),1358.4578887500002,514169.9261397979,791030.655612025,727748.203163063,-63282.45244896191,63282.45244896191,7.999999999999989
2026-12-18,18,2026-12-01,True,CUNDINAMARCA,11187185.92,452819.29625,197306882.67999998,128249473.74,378.4953,384896.4,67922.89,85.0,15.0,Cubierta (85.0% Contratos / 15.0% Bolsa),1358.4578887500002,514169.9261397979,791030.655612025,727748.203163063,-63282.45244896191,63282.45244896191,7.999999999999989
2026-12-18,18,2026-12-01,True,TOLIMA,9362650.55,452819.29625,197306882.67999998,128249473.74,378.4953,384896.4,67922.89,85.0,15.0,Cubierta (85.0% Contratos / 15.0% Bolsa),1358.4578887500002,514169.9261397979,791030.655612025,727748.203163063,-63282.45244896191,63282.45244896191,7.999999999999989
2026-12-19,19,2026-12-01,True,ANTIOQUIA,26341699.56,324029.45375,167457082.25,108847103.46,378.1116,275425.04,48604.42,85.0,15.0,Cubierta (85.0% Contratos / 15.0% Bolsa),972.0883612499999,367557.8856136155,565473.6701877809,520235.77657275845,-45237.89361502242,45237.89361502242,7.99999999999999
2026-12-19,19,2026-12-01,True,BOGOTA,36911046.49,324029.45375,167457082.25,108847103.46,378.1116,275425.04,48604.42,85.0,15.0,Cubierta (85.0% Contratos / 15.0% Bolsa),972.0883612499999,367557.8856136155,565473.6701877809,520235.77657275845,-45237.89361502242,45237.89361502242,7.99999999999999
2026-12-19,19,2026-12-01,True,CARIBE_MAR,29562883.49,324029.45375,167457082.25,108847103.46,378.1116,275425.04,48604.42,85.0,15.0,Cubierta (85.0% Contratos / 15.0% Bolsa),972.0883612499999,367557.8856136155,565473.6701877809,520235.77657275845,-45237.89361502242,45237.89361502242,7.99999999999999
2026-12-19,19,2026-12-01,True,CARIBE_SOL,23433088.23,324029.45375,167457082.25,108847103.46,378.1116,275425.04,48604.42,85.0,15.0,Cubierta (85.0% Contratos / 15.0% Bolsa),972.0883612499999,367557.8856136155,565473.6701877809,520235.77657275845,-45237.89361502242,45237.89361502242,7.99999999999999
2026-12-19,19,2026-12-01,True,VALLE,19028625.92,324029.45375,167457082.25,108847103.46,378.1116,275425.04,48604.42,85.0,15.0,Cubierta (85.0% Contratos / 15.0% Bolsa),972.0883612499999,367557.8856136155,565473.6701877809,520235.77657275845,-45237.89361502242,45237.89361502242,7.99999999999999
2026-12-19,19,2026-12-01,True,SANTANDER,14713138.42,324029.45375,167457082.25,108847103.46,378.1116,275425.04,48604.42,85.0,15.0,Cubierta (85.0% Contratos / 15.0% Bolsa),972.0883612499999,367557.8856136155,565473.6701877809,520235.77657275845,-45237.89361502242,45237.89361502242,7.99999999999999
2026-12-19,19,2026-12-01,True,CUNDINAMARCA,9500564.14,324029.45375,167457082.25,108847103.46,378.1116,275425.04,48604.42,85.0,15.0,Cubierta (85.0% Contratos / 15.0% Bolsa),972.0883612499999,367557.8856136155,565473.6701877809,520235.77657275845,-45237.89361502242,45237.89361502242,7.99999999999999
2026-12-19,19,2026-12-01,True,TOLIMA,7966036.0,324029.45375,167457082.25,108847103.46,378.1116,275425.04,48604.42,85.0,15.0,Cubierta (85.0% Contratos / 15.0% Bolsa),972.0883612499999,367557.8856136155,565473.6701877809,520235.77657275845,-45237.89361502242,45237.89361502242,7.99999999999999
2026-12-20,20,2026-12-01,True,ANTIOQUIA,26272792.58,323500.99,167183974.06,108669583.14,377.7623,274975.84,48525.15,85.0,15.0,Cubierta (85.0% Contratos / 15.0% Bolsa),970.50297,366619.434104031,564029.8986163958,518907.5067270841,-45122.391889311664,45122.391889311664,8.0
2026-12-20,20,2026-12-01,True,BOGOTA,36936759.89,323500.99,167183974.06,108669583.14,377.7623,274975.84,48525.15,85.0,15.0,Cubierta (85.0% Contratos / 15.0% Bolsa),970.50297,366619.434104031,564029.8986163958,518907.5067270841,-45122.391889311664,45122.391889311664,8.0
2026-12-20,20,2026-12-01,True,CARIBE_MAR,29531461.86,323500.99,167183974.06,108669583.14,377.7623,274975.84,48525.15,85.0,15.0,Cubierta (85.0% Contratos / 15.0% Bolsa),970.50297,366619.434104031,564029.8986163958,518907.5067270841,-45122.391889311664,45122.391889311664,8.0
2026-12-20,20,2026-12-01,True,CARIBE_SOL,23215403.34,323500.99,167183974.06,108669583.14,377.7623,274975.84,48525.15,85.0,15.0,Cubierta (85.0% Contratos / 15.0% Bolsa),970.50297,366619.434104031,564029.8986163958,518907.5067270841,-45122.391889311664,45122.391889311664,8.0
2026-12-20,20,2026-12-01,True,VALLE,19212711.95,323500.99,167183974.06,108669583.14,377.7623,274975.84,48525.15,85.0,15.0,Cubierta (85.0% Contratos / 15.0% Bolsa),970.50297,366619.434104031,564029.8986163958,518907.5067270841,-45122.391889311664,45122.391889311664,8.0
2026-12-20,20,2026-12-01,True,SANTANDER,14718102.6,323500.99,167183974.06,108669583.14,377.7623,274975.84,48525.15,85.0,15.0,Cubierta (85.0% Contratos / 15.0% Bolsa),970.50297,366619.434104031,564029.8986163958,518907.5067270841,-45122.391889311664,45122.391889311664,8.0
2026-12-20,20,2026-12-01,True,CUNDINAMARCA,9466783.16,323500.99,167183974.06,108669583.14,377.7623,274975.84,48525.15,85.0,15.0,Cubierta (85.0% Contratos / 15.0% Bolsa),970.50297,366619.434104031,564029.8986163958,518907.5067270841,-45122.391889311664,45122.391889311664,8.0
2026-12-20,20,2026-12-01,True,TOLIMA,7829958.68,323500.99,167183974.06,108669583.14,377.7623,274975.84,48525.15,85.0,15.0,Cubierta (85.0% Contratos / 15.0% Bolsa),970.50297,366619.434104031,564029.8986163958,518907.5067270841,-45122.391889311664,45122.391889311664,8.0
2026-12-21,21,2026-12-01,True,ANTIOQUIA,31075756.48,455082.4375,198293001.18,128890450.77,377.4575,386820.07,68262.37,85.0,15.0,Cubierta (85.0% Contratos / 15.0% Bolsa),1365.2473125000001,515322.8374579688,792804.365301499,729380.0160773791,-63424.34922411991,63424.34922411991,7.999999999999999
2026-12-21,21,2026-12-01,True,BOGOTA,43756377.19,455082.4375,198293001.18,128890450.77,377.4575,386820.07,68262.37,85.0,15.0,Cubierta (85.0% Contratos / 15.0% Bolsa),1365.2473125000001,515322.8374579688,792804.365301499,729380.0160773791,-63424.34922411991,63424.34922411991,7.999999999999999
2026-12-21,21,2026-12-01,True,CARIBE_MAR,35482982.06,455082.4375,198293001.18,128890450.77,377.4575,386820.07,68262.37,85.0,15.0,Cubierta (85.0% Contratos / 15.0% Bolsa),1365.2473125000001,515322.8374579688,792804.365301499,729380.0160773791,-63424.34922411991,63424.34922411991,7.999999999999999
2026-12-21,21,2026-12-01,True,CARIBE_SOL,27498541.73,455082.4375,198293001.18,128890450.77,377.4575,386820.07,68262.37,85.0,15.0,Cubierta (85.0% Contratos / 15.0% Bolsa),1365.2473125000001,515322.8374579688,792804.365301499,729380.0160773791,-63424.34922411991,63424.34922411991,7.999999999999999
2026-12-21,21,2026-12-01,True,VALLE,22493576.39,455082.4375,198293001.18,128890450.77,377.4575,386820.07,68262.37,85.0,15.0,Cubierta (85.0% Contratos / 15.0% Bolsa),1365.2473125000001,515322.8374579688,792804.365301499,729380.0160773791,-63424.34922411991,63424.34922411991,7.999999999999999
2026-12-21,21,2026-12-01,True,SANTANDER,17439074.51,455082.4375,198293001.18,128890450.77,377.4575,386820.07,68262.37,85.0,15.0,Cubierta (85.0% Contratos / 15.0% Bolsa),1365.2473125000001,515322.8374579688,792804.365301499,729380.0160773791,-63424.34922411991,63424.34922411991,7.999999999999999
2026-12-21,21,2026-12-01,True,CUNDINAMARCA,11177264.28,455082.4375,198293001.18,128890450.77,377.4575,386820.07,68262.37,85.0,15.0,Cubierta (85.0% Contratos / 15.0% Bolsa),1365.2473125000001,515322.8374579688,792804.365301499,729380.0160773791,-63424.34922411991,63424.34922411991,7.999999999999999
2026-12-21,21,2026-12-01,True,TOLIMA,9369428.54,455082.4375,198293001.18,128890450.77,377.4575,386820.07,68262.37,85.0,15.0,Cubierta (85.0% Contratos / 15.0% Bolsa),1365.2473125000001,515322.8374579688,792804.365301499,729380.0160773791,-63424.34922411991,63424.34922411991,7.999999999999999
2026-12-22,22,2026-12-01,True,ANTIOQUIA,30777051.66,454763.905,198154206.80999997,128800234.43,377.2065,386549.32,68214.59,85.0,15.0,Cubierta (85.0% Contratos / 15.0% Bolsa),1364.291715,514619.70279414754,791722.6196617896,728384.8100888465,-63337.80957294314,63337.80957294314,7.9999999999999964
2026-12-22,22,2026-12-01,True,BOGOTA,43760188.16,454763.905,198154206.80999997,128800234.43,377.2065,386549.32,68214.59,85.0,15.0,Cubierta (85.0% Contratos / 15.0% Bolsa),1364.291715,514619.70279414754,791722.6196617896,728384.8100888465,-63337.80957294314,63337.80957294314,7.9999999999999964
2026-12-22,22,2026-12-01,True,CARIBE_MAR,35348016.28,454763.905,198154206.80999997,128800234.43,377.2065,386549.32,68214.59,85.0,15.0,Cubierta (85.0% Contratos / 15.0% Bolsa),1364.291715,514619.70279414754,791722.6196617896,728384.8100888465,-63337.80957294314,63337.80957294314,7.9999999999999964
2026-12-22,22,2026-12-01,True,CARIBE_SOL,27629100.29,454763.905,198154206.80999997,128800234.43,377.2065,386549.32,68214.59,85.0,15.0,Cubierta (85.0% Contratos / 15.0% Bolsa),1364.291715,514619.70279414754,791722.6196617896,728384.8100888465,-63337.80957294314,63337.80957294314,7.9999999999999964
2026-12-22,22,2026-12-01,True,VALLE,22507953.13,454763.905,198154206.80999997,128800234.43,377.2065,386549.32,68214.59,85.0,15.0,Cubierta (85.0% Contratos / 15.0% Bolsa),1364.291715,514619.70279414754,791722.6196617896,728384.8100888465,-63337.80957294314,63337.80957294314,7.9999999999999964
2026-12-22,22,2026-12-01,True,SANTANDER,17476503.58,454763.905,198154206.80999997,128800234.43,377.2065,386549.32,68214.59,85.0,15.0,Cubierta (85.0% Contratos / 15.0% Bolsa),1364.291715,514619.70279414754,791722.6196617896,728384.8100888465,-63337.80957294314,63337.80957294314,7.9999999999999964
2026-12-22,22,2026-12-01,True,CUNDINAMARCA,11291677.68,454763.905,198154206.80999997,128800234.43,377.2065,386549.32,68214.59,85.0,15.0,Cubierta (85.0% Contratos / 15.0% Bolsa),1364.291715,514619.70279414754,791722.6196617896,728384.8100888465,-63337.80957294314,63337.80957294314,7.9999999999999964
2026-12-22,22,2026-12-01,True,TOLIMA,9363716.03,454763.905,198154206.80999997,128800234.43,377.2065,386549.32,68214.59,85.0,15.0,Cubierta (85.0% Contratos / 15.0% Bolsa),1364.291715,514619.70279414754,791722.6196617896,728384.8100888465,-63337.80957294314,63337.80957294314,7.9999999999999964
2026-12-23,23,2026-12-01,True,ANTIOQUIA,31631998.25,455767.3625,198591443.38000003,129084438.2,377.0174,387402.26,68365.1,85.0,15.0,Cubierta (85.0% Contratos / 15.0% Bolsa),1367.3020875,515496.6780438225,793071.8123566802,729626.0673681458,-63445.74498853437,63445.74498853437,7.999999999999995
2026-12-23,23,2026-12-01,True,BOGOTA,43904616.07,455767.3625,198591443.38000003,129084438.2,377.0174,387402.26,68365.1,85.0,15.0,Cubierta (85.0% Contratos / 15.0% Bolsa),1367.3020875,515496.6780438225,793071.8123566802,729626.0673681458,-63445.74498853437,63445.74498853437,7.999999999999995
2026-12-23,23,2026-12-01,True,CARIBE_MAR,35034824.65,455767.3625,198591443.38000003,129084438.2,377.0174,387402.26,68365.1,85.0,15.0,Cubierta (85.0% Contratos / 15.0% Bolsa),1367.3020875,515496.6780438225,793071.8123566802,729626.0673681458,-63445.74498853437,63445.74498853437,7.999999999999995
2026-12-23,23,2026-12-01,True,CARIBE_SOL,27658189.14,455767.3625,198591443.38000003,129084438.2,377.0174,387402.26,68365.1,85.0,15.0,Cubierta (85.0% Contratos / 15.0% Bolsa),1367.3020875,515496.6780438225,793071.8123566802,729626.0673681458,-63445.74498853437,63445.74498853437,7.999999999999995
2026-12-23,23,2026-12-01,True,VALLE,22277234.57,455767.3625,198591443.38000003,129084438.2,377.0174,387402.26,68365.1,85.0,15.0,Cubierta (85.0% Contratos / 15.0% Bolsa),1367.3020875,515496.6780438225,793071.8123566802,729626.0673681458,-63445.74498853437,63445.74498853437,7.999999999999995
2026-12-23,23,2026-12-01,True,SANTANDER,17549261.81,455767.3625,198591443.38000003,129084438.2,377.0174,387402.26,68365.1,85.0,15.0,Cubierta (85.0% Contratos / 15.0% Bolsa),1367.3020875,515496.6780438225,793071.8123566802,729626.0673681458,-63445.74498853437,63445.74498853437,7.999999999999995
2026-12-23,23,2026-12-01,True,CUNDINAMARCA,11217734.21,455767.3625,198591443.38000003,129084438.2,377.0174,387402.26,68365.1,85.0,15.0,Cubierta (85.0% Contratos / 15.0% Bolsa),1367.3020875,515496.6780438225,793071.8123566802,729626.0673681458,-63445.74498853437,63445.74498853437,7.999999999999995
2026-12-23,23,2026-12-01,True,TOLIMA,9317584.68,455767.3625,198591443.38000003,129084438.2,377.0174,387402.26,68365.1,85.0,15.0,Cubierta (85.0% Contratos / 15.0% Bolsa),1367.3020875,515496.6780438225,793071.8123566802,729626.0673681458,-63445.74498853437,63445.74498853437,7.999999999999995
2026-12-24,24,2026-12-01,True,ANTIOQUIA,31076462.27,455883.3575,198641985.95000002,129117290.87,376.8972,387500.85,68382.5,85.0,15.0,Cubierta (85.0% Contratos / 15.0% Bolsa),1367.6500725,515463.482905047,793020.742915487,729579.0834822481,-63441.65943323891,63441.65943323891,7.999999999999993
2026-12-24,24,2026-12-01,True,BOGOTA,43997468.5,455883.3575,198641985.95000002,129117290.87,376.8972,387500.85,68382.5,85.0,15.0,Cubierta (85.0% Contratos / 15.0% Bolsa),1367.6500725,515463.482905047,793020.742915487,729579.0834822481,-63441.65943323891,63441.65943323891,7.999999999999993
2026-12-24,24,2026-12-01,True,CARIBE_MAR,35210667.5,455883.3575,198641985.95000002,129117290.87,376.8972,387500.85,68382.5,85.0,15.0,Cubierta (85.0% Contratos / 15.0% Bolsa),1367.6500725,515463.482905047,793020.742915487,729579.0834822481,-63441.65943323891,63441.65943323891,7.999999999999993
2026-12-24,24,2026-12-01,True,CARIBE_SOL,27606725.6,455883.3575,198641985.95000002,129117290.87,376.8972,387500.85,68382.5,85.0,15.0,Cubierta (85.0% Contratos / 15.0% Bolsa),1367.6500725,515463.482905047,793020.742915487,729579.0834822481,-63441.65943323891,63441.65943323891,7.999999999999993
2026-12-24,24,2026-12-01,True,VALLE,22625868.92,455883.3575,198641985.95000002,129117290.87,376.8972,387500.85,68382.5,85.0,15.0,Cubierta (85.0% Contratos / 15.0% Bolsa),1367.6500725,515463.482905047,793020.742915487,729579.0834822481,-63441.65943323891,63441.65943323891,7.999999999999993
2026-12-24,24,2026-12-01,True,SANTANDER,17478295.11,455883.3575,198641985.95000002,129117290.87,376.8972,387500.85,68382.5,85.0,15.0,Cubierta (85.0% Contratos / 15.0% Bolsa),1367.6500725,515463.482905047,793020.742915487,729579.0834822481,-63441.65943323891,63441.65943323891,7.999999999999993
2026-12-24,24,2026-12-01,True,CUNDINAMARCA,11308668.07,455883.3575,198641985.95000002,129117290.87,376.8972,387500.85,68382.5,85.0,15.0,Cubierta (85.0% Contratos / 15.0% Bolsa),1367.6500725,515463.482905047,793020.742915487,729579.0834822481,-63441.65943323891,63441.65943323891,7.999999999999993
2026-12-24,24,2026-12-01,True,TOLIMA,9337829.98,455883.3575,198641985.95000002,129117290.87,376.8972,387500.85,68382.5,85.0,15.0,Cubierta (85.0% Contratos / 15.0% Bolsa),1367.6500725,515463.482905047,793020.742915487,729579.0834822481,-63441.65943323891,63441.65943323891,7.999999999999993
2026-12-25,25,2026-12-01,True,ANTIOQUIA,31264711.95,456455.40125,198891242.39999998,129279307.56,376.8513,387987.09,68468.31,85.0,15.0,Cubierta (85.0% Contratos / 15.0% Bolsa),1369.36620375,516047.4340592524,793919.1293219267,730405.5989761726,-63513.530345754116,63513.530345754116,7.999999999999997
2026-12-25,25,2026-12-01,True,BOGOTA,43914735.71,456455.40125,198891242.39999998,129279307.56,376.8513,387987.09,68468.31,85.0,15.0,Cubierta (85.0% Contratos / 15.0% Bolsa),1369.36620375,516047.4340592524,793919.1293219267,730405.5989761726,-63513.530345754116,63513.530345754116,7.999999999999997
2026-12-25,25,2026-12-01,True,CARIBE_MAR,35198076.63,456455.40125,198891242.39999998,129279307.56,376.8513,387987.09,68468.31,85.0,15.0,Cubierta (85.0% Contratos / 15.0% Bolsa),1369.36620375,516047.4340592524,793919.1293219267,730405.5989761726,-63513.530345754116,63513.530345754116,7.999999999999997
2026-12-25,25,2026-12-01,True,CARIBE_SOL,27687285.57,456455.40125,198891242.39999998,129279307.56,376.8513,387987.09,68468.31,85.0,15.0,Cubierta (85.0% Contratos / 15.0% Bolsa),1369.36620375,516047.4340592524,793919.1293219267,730405.5989761726,-63513.530345754116,63513.530345754116,7.999999999999997
2026-12-25,25,2026-12-01,True,VALLE,22515362.94,456455.40125,198891242.39999998,129279307.56,376.8513,387987.09,68468.31,85.0,15.0,Cubierta (85.0% Contratos / 15.0% Bolsa),1369.36620375,516047.4340592524,793919.1293219267,730405.5989761726,-63513.530345754116,63513.530345754116,7.999999999999997
2026-12-25,25,2026-12-01,True,SANTANDER,17638159.95,456455.40125,198891242.39999998,129279307.56,376.8513,387987.09,68468.31,85.0,15.0,Cubierta (85.0% Contratos / 15.0% Bolsa),1369.36620375,516047.4340592524,793919.1293219267,730405.5989761726,-63513.530345754116,63513.530345754116,7.999999999999997
2026-12-25,25,2026-12-01,True,CUNDINAMARCA,11363497.91,456455.40125,198891242.39999998,129279307.56,376.8513,387987.09,68468.31,85.0,15.0,Cubierta (85.0% Contratos / 15.0% Bolsa),1369.36620375,516047.4340592524,793919.1293219267,730405.5989761726,-63513.530345754116,63513.530345754116,7.999999999999997
2026-12-25,25,2026-12-01,True,TOLIMA,9309411.74,456455.40125,198891242.39999998,129279307.56,376.8513,387987.09,68468.31,85.0,15.0,Cubierta (85.0% Contratos / 15.0% Bolsa),1369.36620375,516047.4340592524,793919.1293219267,730405.5989761726,-63513.530345754116,63513.530345754116,7.999999999999997
2026-12-26,26,2026-12-01,True,ANTIOQUIA,26650370.63,324440.92,167669726.22000003,108985322.04,376.8838,275774.78,48666.14,85.0,15.0,Cubierta (85.0% Contratos / 15.0% Bolsa),973.32276,366829.580415288,564353.2006544394,519204.9446020843,-45148.25605235511,45148.25605235511,7.999999999999992
2026-12-26,26,2026-12-01,True,BOGOTA,37051722.48,324440.92,167669726.22000003,108985322.04,376.8838,275774.78,48666.14,85.0,15.0,Cubierta (85.0% Contratos / 15.0% Bolsa),973.32276,366829.580415288,564353.2006544394,519204.9446020843,-45148.25605235511,45148.25605235511,7.999999999999992
2026-12-26,26,2026-12-01,True,CARIBE_MAR,29629525.96,324440.92,167669726.22000003,108985322.04,376.8838,275774.78,48666.14,85.0,15.0,Cubierta (85.0% Contratos / 15.0% Bolsa),973.32276,366829.580415288,564353.2006544394,519204.9446020843,-45148.25605235511,45148.25605235511,7.999999999999992
2026-12-26,26,2026-12-01,True,CARIBE_SOL,22995325.99,324440.92,167669726.22000003,108985322.04,376.8838,275774.78,48666.14,85.0,15.0,Cubierta (85.0% Contratos / 15.0% Bolsa),973.32276,366829.580415288,564353.2006544394,519204.9446020843,-45148.25605235511,45148.25605235511,7.999999999999992
2026-12-26,26,2026-12-01,True,VALLE,19097260.2,324440.92,167669726.22000003,108985322.04,376.8838,275774.78,48666.14,85.0,15.0,Cubierta (85.0% Contratos / 15.0% Bolsa),973.32276,366829.580415288,564353.2006544394,519204.9446020843,-45148.25605235511,45148.25605235511,7.999999999999992
2026-12-26,26,2026-12-01,True,SANTANDER,14874388.05,324440.92,167669726.22000003,108985322.04,376.8838,275774.78,48666.14,85.0,15.0,Cubierta (85.0% Contratos / 15.0% Bolsa),973.32276,366829.580415288,564353.2006544394,519204.9446020843,-45148.25605235511,45148.25605235511,7.999999999999992
2026-12-26,26,2026-12-01,True,CUNDINAMARCA,9471606.11,324440.92,167669726.22000003,108985322.04,376.8838,275774.78,48666.14,85.0,15.0,Cubierta (85.0% Contratos / 15.0% Bolsa),973.32276,366829.580415288,564353.2006544394,519204.9446020843,-45148.25605235511,45148.25605235511,7.999999999999992
2026-12-26,26,2026-12-01,True,TOLIMA,7899526.8,324440.92,167669726.22000003,108985322.04,376.8838,275774.78,48666.14,85.0,15.0,Cubierta (85.0% Contratos / 15.0% Bolsa),973.32276,366829.580415288,564353.2006544394,519204.9446020843,-45148.25605235511,45148.25605235511,7.999999999999992
2026-12-27,27,2026-12-01,True,ANTIOQUIA,26389225.46,322653.73875,166746117.96,108384976.67,376.997,274255.68,48398.06,85.0,15.0,Cubierta (85.0% Contratos / 15.0% Bolsa),967.9612162500001,364918.47464260133,561413.0379324135,516499.99489782046,-44913.04303459305,44913.04303459305,7.999999999999995
2026-12-27,27,2026-12-01,True,BOGOTA,36726230.89,322653.73875,166746117.96,108384976.67,376.997,274255.68,48398.06,85.0,15.0,Cubierta (85.0% Contratos / 15.0% Bolsa),967.9612162500001,364918.47464260133,561413.0379324135,516499.99489782046,-44913.04303459305,44913.04303459305,7.999999999999995
2026-12-27,27,2026-12-01,True,CARIBE_MAR,29273361.91,322653.73875,166746117.96,108384976.67,376.997,274255.68,48398.06,85.0,15.0,Cubierta (85.0% Contratos / 15.0% Bolsa),967.9612162500001,364918.47464260133,561413.0379324135,516499.99489782046,-44913.04303459305,44913.04303459305,7.999999999999995
2026-12-27,27,2026-12-01,True,CARIBE_SOL,23144440.03,322653.73875,166746117.96,108384976.67,376.997,274255.68,48398.06,85.0,15.0,Cubierta (85.0% Contratos / 15.0% Bolsa),967.9612162500001,364918.47464260133,561413.0379324135,516499.99489782046,-44913.04303459305,44913.04303459305,7.999999999999995
2026-12-27,27,2026-12-01,True,VALLE,18994438.6,322653.73875,166746117.96,108384976.67,376.997,274255.68,48398.06,85.0,15.0,Cubierta (85.0% Contratos / 15.0% Bolsa),967.9612162500001,364918.47464260133,561413.0379324135,516499.99489782046,-44913.04303459305,44913.04303459305,7.999999999999995
2026-12-27,27,2026-12-01,True,SANTANDER,14904384.76,322653.73875,166746117.96,108384976.67,376.997,274255.68,48398.06,85.0,15.0,Cubierta (85.0% Contratos / 15.0% Bolsa),967.9612162500001,364918.47464260133,561413.0379324135,516499.99489782046,-44913.04303459305,44913.04303459305,7.999999999999995
2026-12-27,27,2026-12-01,True,CUNDINAMARCA,9412361.52,322653.73875,166746117.96,108384976.67,376.997,274255.68,48398.06,85.0,15.0,Cubierta (85.0% Contratos / 15.0% Bolsa),967.9612162500001,364918.47464260133,561413.0379324135,516499.99489782046,-44913.04303459305,44913.04303459305,7.999999999999995
2026-12-27,27,2026-12-01,True,TOLIMA,7901674.79,322653.73875,166746117.96,108384976.67,376.997,274255.68,48398.06,85.0,15.0,Cubierta (85.0% Contratos / 15.0% Bolsa),967.9612162500001,364918.47464260133,561413.0379324135,516499.99489782046,-44913.04303459305,44913.04303459305,7.999999999999995
2026-12-28,28,2026-12-01,True,ANTIOQUIA,31154508.58,454703.5075,198127890.15,128783128.6,377.1917,386497.98,68205.53,85.0,15.0,Cubierta (85.0% Contratos / 15.0% Bolsa),1364.1105225000001,514531.16696966335,791586.4107071923,728259.4978506169,-63326.912856575334,63326.912856575334,7.999999999999995
2026-12-28,28,2026-12-01,True,BOGOTA,43419722.29,454703.5075,198127890.15,128783128.6,377.1917,386497.98,68205.53,85.0,15.0,Cubierta (85.0% Contratos / 15.0% Bolsa),1364.1105225000001,514531.16696966335,791586.4107071923,728259.4978506169,-63326.912856575334,63326.912856575334,7.999999999999995
2026-12-28,28,2026-12-01,True,CARIBE_MAR,35048423.71,454703.5075,198127890.15,128783128.6,377.1917,386497.98,68205.53,85.0,15.0,Cubierta (85.0% Contratos / 15.0% Bolsa),1364.1105225000001,514531.16696966335,791586.4107071923,728259.4978506169,-63326.912856575334,63326.912856575334,7.999999999999995
2026-12-28,28,2026-12-01,True,CARIBE_SOL,27847703.99,454703.5075,198127890.15,128783128.6,377.1917,386497.98,68205.53,85.0,15.0,Cubierta (85.0% Contratos / 15.0% Bolsa),1364.1105225000001,514531.16696966335,791586.4107071923,728259.4978506169,-63326.912856575334,63326.912856575334,7.999999999999995
2026-12-28,28,2026-12-01,True,VALLE,22319945.4,454703.5075,198127890.15,128783128.6,377.1917,386497.98,68205.53,85.0,15.0,Cubierta (85.0% Contratos / 15.0% Bolsa),1364.1105225000001,514531.16696966335,791586.4107071923,728259.4978506169,-63326.912856575334,63326.912856575334,7.999999999999995
2026-12-28,28,2026-12-01,True,SANTANDER,17686295.75,454703.5075,198127890.15,128783128.6,377.1917,386497.98,68205.53,85.0,15.0,Cubierta (85.0% Contratos / 15.0% Bolsa),1364.1105225000001,514531.16696966335,791586.4107071923,728259.4978506169,-63326.912856575334,63326.912856575334,7.999999999999995
2026-12-28,28,2026-12-01,True,CUNDINAMARCA,11369061.7,454703.5075,198127890.15,128783128.6,377.1917,386497.98,68205.53,85.0,15.0,Cubierta (85.0% Contratos / 15.0% Bolsa),1364.1105225000001,514531.16696966335,791586.4107071923,728259.4978506169,-63326.912856575334,63326.912856575334,7.999999999999995
2026-12-28,28,2026-12-01,True,TOLIMA,9282228.73,454703.5075,198127890.15,128783128.6,377.1917,386497.98,68205.53,85.0,15.0,Cubierta (85.0% Contratos / 15.0% Bolsa),1364.1105225000001,514531.16696966335,791586.4107071923,728259.4978506169,-63326.912856575334,63326.912856575334,7.999999999999995
2026-12-29,29,2026-12-01,True,ANTIOQUIA,31622960.54,457308.97625,199263170.61,129521060.9,377.467,388712.63,68596.35,85.0,15.0,Cubierta (85.0% Contratos / 15.0% Bolsa),1371.9269287500001,517857.1420144763,796703.2953853577,732967.0317545291,-63736.26363082859,63736.26363082859,7.9999999999999964
2026-12-29,29,2026-12-01,True,BOGOTA,44146819.67,457308.97625,199263170.61,129521060.9,377.467,388712.63,68596.35,85.0,15.0,Cubierta (85.0% Contratos / 15.0% Bolsa),1371.9269287500001,517857.1420144763,796703.2953853577,732967.0317545291,-63736.26363082859,63736.26363082859,7.9999999999999964
2026-12-29,29,2026-12-01,True,CARIBE_MAR,34904406.89,457308.97625,199263170.61,129521060.9,377.467,388712.63,68596.35,85.0,15.0,Cubierta (85.0% Contratos / 15.0% Bolsa),1371.9269287500001,517857.1420144763,796703.2953853577,732967.0317545291,-63736.26363082859,63736.26363082859,7.9999999999999964
2026-12-29,29,2026-12-01,True,CARIBE_SOL,27829414.68,457308.97625,199263170.61,129521060.9,377.467,388712.63,68596.35,85.0,15.0,Cubierta (85.0% Contratos / 15.0% Bolsa),1371.9269287500001,517857.1420144763,796703.2953853577,732967.0317545291,-63736.26363082859,63736.26363082859,7.9999999999999964
2026-12-29,29,2026-12-01,True,VALLE,22575037.07,457308.97625,199263170.61,129521060.9,377.467,388712.63,68596.35,85.0,15.0,Cubierta (85.0% Contratos / 15.0% Bolsa),1371.9269287500001,517857.1420144763,796703.2953853577,732967.0317545291,-63736.26363082859,63736.26363082859,7.9999999999999964
2026-12-29,29,2026-12-01,True,SANTANDER,17430184.18,457308.97625,199263170.61,129521060.9,377.467,388712.63,68596.35,85.0,15.0,Cubierta (85.0% Contratos / 15.0% Bolsa),1371.9269287500001,517857.1420144763,796703.2953853577,732967.0317545291,-63736.26363082859,63736.26363082859,7.9999999999999964
2026-12-29,29,2026-12-01,True,CUNDINAMARCA,11287802.64,457308.97625,199263170.61,129521060.9,377.467,388712.63,68596.35,85.0,15.0,Cubierta (85.0% Contratos / 15.0% Bolsa),1371.9269287500001,517857.1420144763,796703.2953853577,732967.0317545291,-63736.26363082859,63736.26363082859,7.9999999999999964
2026-12-29,29,2026-12-01,True,TOLIMA,9466544.94,457308.97625,199263170.61,129521060.9,377.467,388712.63,68596.35,85.0,15.0,Cubierta (85.0% Contratos / 15.0% Bolsa),1371.9269287500001,517857.1420144763,796703.2953853577,732967.0317545291,-63736.26363082859,63736.26363082859,7.9999999999999964
2026-12-30,30,2026-12-01,True,ANTIOQUIA,31672386.82,457803.14,199478492.55,129661020.16,377.8203,389132.67,68670.47,85.0,15.0,Cubierta (85.0% Contratos / 15.0% Bolsa),1373.4094200000002,518901.959087226,798310.7062726477,734445.849770836,-63864.856501811766,63864.856501811766,7.999999999999993
2026-12-30,30,2026-12-01,True,BOGOTA,44017907.79,457803.14,199478492.55,129661020.16,377.8203,389132.67,68670.47,85.0,15.0,Cubierta (85.0% Contratos / 15.0% Bolsa),1373.4094200000002,518901.959087226,798310.7062726477,734445.849770836,-63864.856501811766,63864.856501811766,7.999999999999993
2026-12-30,30,2026-12-01,True,CARIBE_MAR,35352608.14,457803.14,199478492.55,129661020.16,377.8203,389132.67,68670.47,85.0,15.0,Cubierta (85.0% Contratos / 15.0% Bolsa),1373.4094200000002,518901.959087226,798310.7062726477,734445.849770836,-63864.856501811766,63864.856501811766,7.999999999999993
2026-12-30,30,2026-12-01,True,CARIBE_SOL,27584722.66,457803.14,199478492.55,129661020.16,377.8203,389132.67,68670.47,85.0,15.0,Cubierta (85.0% Contratos / 15.0% Bolsa),1373.4094200000002,518901.959087226,798310.7062726477,734445.849770836,-63864.856501811766,63864.856501811766,7.999999999999993
2026-12-30,30,2026-12-01,True,VALLE,22726779.59,457803.14,199478492.55,129661020.16,377.8203,389132.67,68670.47,85.0,15.0,Cubierta (85.0% Contratos / 15.0% Bolsa),1373.4094200000002,518901.959087226,798310.7062726477,734445.849770836,-63864.856501811766,63864.856501811766,7.999999999999993
2026-12-30,30,2026-12-01,True,SANTANDER,17398434.15,457803.14,199478492.55,129661020.16,377.8203,389132.67,68670.47,85.0,15.0,Cubierta (85.0% Contratos / 15.0% Bolsa),1373.4094200000002,518901.959087226,798310.7062726477,734445.849770836,-63864.856501811766,63864.856501811766,7.999999999999993
2026-12-30,30,2026-12-01,True,CUNDINAMARCA,11387694.62,457803.14,199478492.55,129661020.16,377.8203,389132.67,68670.47,85.0,15.0,Cubierta (85.0% Contratos / 15.0% Bolsa),1373.4094200000002,518901.959087226,798310.7062726477,734445.849770836,-63864.856501811766,63864.856501811766,7.999999999999993
2026-12-30,30,2026-12-01,True,TOLIMA,9337958.78,457803.14,199478492.55,129661020.16,377.8203,389132.67,68670.47,85.0,15.0,Cubierta (85.0% Contratos / 15.0% Bolsa),1373.4094200000002,518901.959087226,798310.7062726477,734445.849770836,-63864.856501811766,63864.856501811766,7.999999999999993
2026-12-31,31,2026-12-01,True,ANTIOQUIA,31275813.6,457467.6975,199332330.3,129566014.7,378.2475,388847.54,68620.15,85.0,15.0,Cubierta (85.0% Contratos / 15.0% Bolsa),1372.4030925,519108.03873039375,798627.7518620943,734737.5317131268,-63890.22014896746,63890.22014896746,7.99999999999999
2026-12-31,31,2026-12-01,True,BOGOTA,44210424.75,457467.6975,199332330.3,129566014.7,378.2475,388847.54,68620.15,85.0,15.0,Cubierta (85.0% Contratos / 15.0% Bolsa),1372.4030925,519108.03873039375,798627.7518620943,734737.5317131268,-63890.22014896746,63890.22014896746,7.99999999999999
2026-12-31,31,2026-12-01,True,CARIBE_MAR,34830721.53,457467.6975,199332330.3,129566014.7,378.2475,388847.54,68620.15,85.0,15.0,Cubierta (85.0% Contratos / 15.0% Bolsa),1372.4030925,519108.03873039375,798627.7518620943,734737.5317131268,-63890.22014896746,63890.22014896746,7.99999999999999
2026-12-31,31,2026-12-01,True,CARIBE_SOL,28149734.6,457467.6975,199332330.3,129566014.7,378.2475,388847.54,68620.15,85.0,15.0,Cubierta (85.0% Contratos / 15.0% Bolsa),1372.4030925,519108.03873039375,798627.7518620943,734737.5317131268,-63890.22014896746,63890.22014896746,7.99999999999999
2026-12-31,31,2026-12-01,True,VALLE,22369790.06,457467.6975,199332330.3,129566014.7,378.2475,388847.54,68620.15,85.0,15.0,Cubierta (85.0% Contratos / 15.0% Bolsa),1372.4030925,519108.03873039375,798627.7518620943,734737.5317131268,-63890.22014896746,63890.22014896746,7.99999999999999
2026-12-31,31,2026-12-01,True,SANTANDER,17683590.21,457467.6975,199332330.3,129566014.7,378.2475,388847.54,68620.15,85.0,15.0,Cubierta (85.0% Contratos / 15.0% Bolsa),1372.4030925,519108.03873039375,798627.7518620943,734737.5317131268,-63890.22014896746,63890.22014896746,7.99999999999999
2026-12-31,31,2026-12-01,True,CUNDINAMARCA,11457178.09,457467.6975,199332330.3,129566014.7,378.2475,388847.54,68620.15,85.0,15.0,Cubierta (85.0% Contratos / 15.0% Bolsa),1372.4030925,519108.03873039375,798627.7518620943,734737.5317131268,-63890.22014896746,63890.22014896746,7.99999999999999
2026-12-31,31,2026-12-01,True,TOLIMA,9355077.46,457467.6975,199332330.3,129566014.7,378.2475,388847.54,68620.15,85.0,15.0,Cubierta (85.0% Contratos / 15.0% Bolsa),1372.4030925,519108.03873039375,798627.7518620943,734737.5317131268,-63890.22014896746,63890.22014896746,7.99999999999999
2027-01-01,1,2027-01-01,True,ANTIOQUIA,31614707.09,456349.2775,198845001.13000003,129249250.73,378.743,387896.89,68452.39,85.0,15.0,Cubierta (85.0% Contratos / 15.0% Bolsa),1369.0478325000001,518517.2832245476,797718.8972963084,733901.3855126038,-63817.51178370463,63817.51178370463,7.999999999999995
2027-01-01,1,2027-01-01,True,BOGOTA,44236694.97,456349.2775,198845001.13000003,129249250.73,378.743,387896.89,68452.39,85.0,15.0,Cubierta (85.0% Contratos / 15.0% Bolsa),1369.0478325000001,518517.2832245476,797718.8972963084,733901.3855126038,-63817.51178370463,63817.51178370463,7.999999999999995
2027-01-01,1,2027-01-01,True,CARIBE_MAR,34989561.27,456349.2775,198845001.13000003,129249250.73,378.743,387896.89,68452.39,85.0,15.0,Cubierta (85.0% Contratos / 15.0% Bolsa),1369.0478325000001,518517.2832245476,797718.8972963084,733901.3855126038,-63817.51178370463,63817.51178370463,7.999999999999995
2027-01-01,1,2027-01-01,True,CARIBE_SOL,27419492.0,456349.2775,198845001.13000003,129249250.73,378.743,387896.89,68452.39,85.0,15.0,Cubierta (85.0% Contratos / 15.0% Bolsa),1369.0478325000001,518517.2832245476,797718.8972963084,733901.3855126038,-63817.51178370463,63817.51178370463,7.999999999999995
2027-01-01,1,2027-01-01,True,VALLE,22262540.66,456349.2775,198845001.13000003,129249250.73,378.743,387896.89,68452.39,85.0,15.0,Cubierta (85.0% Contratos / 15.0% Bolsa),1369.0478325000001,518517.2832245476,797718.8972963084,733901.3855126038,-63817.51178370463,63817.51178370463,7.999999999999995
2027-01-01,1,2027-01-01,True,SANTANDER,17513453.29,456349.2775,198845001.13000003,129249250.73,378.743,387896.89,68452.39,85.0,15.0,Cubierta (85.0% Contratos / 15.0% Bolsa),1369.0478325000001,518517.2832245476,797718.8972963084,733901.3855126038,-63817.51178370463,63817.51178370463,7.999999999999995
2027-01-01,1,2027-01-01,True,CUNDINAMARCA,11247920.14,456349.2775,198845001.13000003,129249250.73,378.743,387896.89,68452.39,85.0,15.0,Cubierta (85.0% Contratos / 15.0% Bolsa),1369.0478325000001,518517.2832245476,797718.8972963084,733901.3855126038,-63817.51178370463,63817.51178370463,7.999999999999995
2027-01-01,1,2027-01-01,True,TOLIMA,9560631.71,456349.2775,198845001.13000003,129249250.73,378.743,387896.89,68452.39,85.0,15.0,Cubierta (85.0% Contratos / 15.0% Bolsa),1369.0478325000001,518517.2832245476,797718.8972963084,733901.3855126038,-63817.51178370463,63817.51178370463,7.999999999999995
2027-01-02,2,2027-01-01,True,ANTIOQUIA,26506364.1,325667.93875,168303844.43000004,109397498.88,379.2996,276817.75,48850.19,85.0,15.0,Cubierta (85.0% Contratos / 15.0% Bolsa),977.0038162499999,370577.15670209844,570118.7026160074,524509.2064067269,-45609.496209280565,45609.496209280565,7.999999999999995
2027-01-02,2,2027-01-01,True,BOGOTA,37646916.92,325667.93875,168303844.43000004,109397498.88,379.2996,276817.75,48850.19,85.0,15.0,Cubierta (85.0% Contratos / 15.0% Bolsa),977.0038162499999,370577.15670209844,570118.7026160074,524509.2064067269,-45609.496209280565,45609.496209280565,7.999999999999995
2027-01-02,2,2027-01-01,True,CARIBE_MAR,29489999.26,325667.93875,168303844.43000004,109397498.88,379.2996,276817.75,48850.19,85.0,15.0,Cubierta (85.0% Contratos / 15.0% Bolsa),977.0038162499999,370577.15670209844,570118.7026160074,524509.2064067269,-45609.496209280565,45609.496209280565,7.999999999999995
2027-01-02,2,2027-01-01,True,CARIBE_SOL,23194130.95,325667.93875,168303844.43000004,109397498.88,379.2996,276817.75,48850.19,85.0,15.0,Cubierta (85.0% Contratos / 15.0% Bolsa),977.0038162499999,370577.15670209844,570118.7026160074,524509.2064067269,-45609.496209280565,45609.496209280565,7.999999999999995
2027-01-02,2,2027-01-01,True,VALLE,19199356.13,325667.93875,168303844.43000004,109397498.88,379.2996,276817.75,48850.19,85.0,15.0,Cubierta (85.0% Contratos / 15.0% Bolsa),977.0038162499999,370577.15670209844,570118.7026160074,524509.2064067269,-45609.496209280565,45609.496209280565,7.999999999999995
2027-01-02,2,2027-01-01,True,SANTANDER,14789791.96,325667.93875,168303844.43000004,109397498.88,379.2996,276817.75,48850.19,85.0,15.0,Cubierta (85.0% Contratos / 15.0% Bolsa),977.0038162499999,370577.15670209844,570118.7026160074,524509.2064067269,-45609.496209280565,45609.496209280565,7.999999999999995
2027-01-02,2,2027-01-01,True,CUNDINAMARCA,9579811.18,325667.93875,168303844.43000004,109397498.88,379.2996,276817.75,48850.19,85.0,15.0,Cubierta (85.0% Contratos / 15.0% Bolsa),977.0038162499999,370577.15670209844,570118.7026160074,524509.2064067269,-45609.496209280565,45609.496209280565,7.999999999999995
2027-01-02,2,2027-01-01,True,TOLIMA,7897473.93,325667.93875,168303844.43000004,109397498.88,379.2996,276817.75,48850.19,85.0,15.0,Cubierta (85.0% Contratos / 15.0% Bolsa),977.0038162499999,370577.15670209844,570118.7026160074,524509.2064067269,-45609.496209280565,45609.496209280565,7.999999999999995
2027-01-03,3,2027-01-01,True,ANTIOQUIA,26558939.37,324399.49125,167648316.1,108971405.46,379.9092,275739.57,48659.92,85.0,15.0,Cubierta (85.0% Contratos / 15.0% Bolsa),973.1984737500001,369727.05360358354,568810.8517239199,523305.9835860063,-45504.86813791358,45504.86813791358,7.999999999999999
2027-01-03,3,2027-01-01,True,BOGOTA,37062891.5,324399.49125,167648316.1,108971405.46,379.9092,275739.57,48659.92,85.0,15.0,Cubierta (85.0% Contratos / 15.0% Bolsa),973.1984737500001,369727.05360358354,568810.8517239199,523305.9835860063,-45504.86813791358,45504.86813791358,7.999999999999999
2027-01-03,3,2027-01-01,True,CARIBE_MAR,29655913.6,324399.49125,167648316.1,108971405.46,379.9092,275739.57,48659.92,85.0,15.0,Cubierta (85.0% Contratos / 15.0% Bolsa),973.1984737500001,369727.05360358354,568810.8517239199,523305.9835860063,-45504.86813791358,45504.86813791358,7.999999999999999
2027-01-03,3,2027-01-01,True,CARIBE_SOL,23163470.99,324399.49125,167648316.1,108971405.46,379.9092,275739.57,48659.92,85.0,15.0,Cubierta (85.0% Contratos / 15.0% Bolsa),973.1984737500001,369727.05360358354,568810.8517239199,523305.9835860063,-45504.86813791358,45504.86813791358,7.999999999999999
2027-01-03,3,2027-01-01,True,VALLE,18965204.33,324399.49125,167648316.1,108971405.46,379.9092,275739.57,48659.92,85.0,15.0,Cubierta (85.0% Contratos / 15.0% Bolsa),973.1984737500001,369727.05360358354,568810.8517239199,523305.9835860063,-45504.86813791358,45504.86813791358,7.999999999999999
2027-01-03,3,2027-01-01,True,SANTANDER,14844362.58,324399.49125,167648316.1,108971405.46,379.9092,275739.57,48659.92,85.0,15.0,Cubierta (85.0% Contratos / 15.0% Bolsa),973.1984737500001,369727.05360358354,568810.8517239199,523305.9835860063,-45504.86813791358,45504.86813791358,7.999999999999999
2027-01-03,3,2027-01-01,True,CUNDINAMARCA,9490064.84,324399.49125,167648316.1,108971405.46,379.9092,275739.57,48659.92,85.0,15.0,Cubierta (85.0% Contratos / 15.0% Bolsa),973.1984737500001,369727.05360358354,568810.8517239199,523305.9835860063,-45504.86813791358,45504.86813791358,7.999999999999999
2027-01-03,3,2027-01-01,True,TOLIMA,7907468.89,324399.49125,167648316.1,108971405.46,379.9092,275739.57,48659.92,85.0,15.0,Cubierta (85.0% Contratos / 15.0% Bolsa),973.1984737500001,369727.05360358354,568810.8517239199,523305.9835860063,-45504.86813791358,45504.86813791358,7.999999999999999
2027-01-04,4,2027-01-01,True,ANTIOQUIA,31150542.93,457303.92125,199260967.60999998,129519628.95,380.5623,388708.33,68595.59,85.0,15.0,Cubierta (85.0% Contratos / 15.0% Bolsa),1371.91176375,522097.89620975667,803227.5326086892,738969.329999994,-64258.20260869514,64258.20260869514,8.0
2027-01-04,4,2027-01-01,True,BOGOTA,44556356.27,457303.92125,199260967.60999998,129519628.95,380.5623,388708.33,68595.59,85.0,15.0,Cubierta (85.0% Contratos / 15.0% Bolsa),1371.91176375,522097.89620975667,803227.5326086892,738969.329999994,-64258.20260869514,64258.20260869514,8.0
2027-01-04,4,2027-01-01,True,CARIBE_MAR,35207513.55,457303.92125,199260967.60999998,129519628.95,380.5623,388708.33,68595.59,85.0,15.0,Cubierta (85.0% Contratos / 15.0% Bolsa),1371.91176375,522097.89620975667,803227.5326086892,738969.329999994,-64258.20260869514,64258.20260869514,8.0
2027-01-04,4,2027-01-01,True,CARIBE_SOL,27211820.34,457303.92125,199260967.60999998,129519628.95,380.5623,388708.33,68595.59,85.0,15.0,Cubierta (85.0% Contratos / 15.0% Bolsa),1371.91176375,522097.89620975667,803227.5326086892,738969.329999994,-64258.20260869514,64258.20260869514,8.0
2027-01-04,4,2027-01-01,True,VALLE,22801920.63,457303.92125,199260967.60999998,129519628.95,380.5623,388708.33,68595.59,85.0,15.0,Cubierta (85.0% Contratos / 15.0% Bolsa),1371.91176375,522097.89620975667,803227.5326086892,738969.329999994,-64258.20260869514,64258.20260869514,8.0
2027-01-04,4,2027-01-01,True,SANTANDER,17681804.23,457303.92125,199260967.60999998,129519628.95,380.5623,388708.33,68595.59,85.0,15.0,Cubierta (85.0% Contratos / 15.0% Bolsa),1371.91176375,522097.89620975667,803227.5326086892,738969.329999994,-64258.20260869514,64258.20260869514,8.0
2027-01-04,4,2027-01-01,True,CUNDINAMARCA,11276619.12,457303.92125,199260967.60999998,129519628.95,380.5623,388708.33,68595.59,85.0,15.0,Cubierta (85.0% Contratos / 15.0% Bolsa),1371.91176375,522097.89620975667,803227.5326086892,738969.329999994,-64258.20260869514,64258.20260869514,8.0
2027-01-04,4,2027-01-01,True,TOLIMA,9374390.54,457303.92125,199260967.60999998,129519628.95,380.5623,388708.33,68595.59,85.0,15.0,Cubierta (85.0% Contratos / 15.0% Bolsa),1371.91176375,522097.89620975667,803227.5326086892,738969.329999994,-64258.20260869514,64258.20260869514,8.0
2027-01-05,5,2027-01-01,True,ANTIOQUIA,31409182.09,457775.4725,199466437.01,129653184.06,381.2487,389109.15,68666.32,85.0,15.0,Cubierta (85.0% Contratos / 15.0% Bolsa),1373.3264175,523578.9113475322,805506.0174359971,741065.5360411174,-64440.48139487975,64440.48139487975,7.999999999999997
2027-01-05,5,2027-01-01,True,BOGOTA,44095322.07,457775.4725,199466437.01,129653184.06,381.2487,389109.15,68666.32,85.0,15.0,Cubierta (85.0% Contratos / 15.0% Bolsa),1373.3264175,523578.9113475322,805506.0174359971,741065.5360411174,-64440.48139487975,64440.48139487975,7.999999999999997
2027-01-05,5,2027-01-01,True,CARIBE_MAR,34966095.11,457775.4725,199466437.01,129653184.06,381.2487,389109.15,68666.32,85.0,15.0,Cubierta (85.0% Contratos / 15.0% Bolsa),1373.3264175,523578.9113475322,805506.0174359971,741065.5360411174,-64440.48139487975,64440.48139487975,7.999999999999997
2027-01-05,5,2027-01-01,True,CARIBE_SOL,27676337.27,457775.4725,199466437.01,129653184.06,381.2487,389109.15,68666.32,85.0,15.0,Cubierta (85.0% Contratos / 15.0% Bolsa),1373.3264175,523578.9113475322,805506.0174359971,741065.5360411174,-64440.48139487975,64440.48139487975,7.999999999999997
2027-01-05,5,2027-01-01,True,VALLE,22765319.79,457775.4725,199466437.01,129653184.06,381.2487,389109.15,68666.32,85.0,15.0,Cubierta (85.0% Contratos / 15.0% Bolsa),1373.3264175,523578.9113475322,805506.0174359971,741065.5360411174,-64440.48139487975,64440.48139487975,7.999999999999997
2027-01-05,5,2027-01-01,True,SANTANDER,17728024.75,457775.4725,199466437.01,129653184.06,381.2487,389109.15,68666.32,85.0,15.0,Cubierta (85.0% Contratos / 15.0% Bolsa),1373.3264175,523578.9113475322,805506.0174359971,741065.5360411174,-64440.48139487975,64440.48139487975,7.999999999999997
2027-01-05,5,2027-01-01,True,CUNDINAMARCA,11393527.86,457775.4725,199466437.01,129653184.06,381.2487,389109.15,68666.32,85.0,15.0,Cubierta (85.0% Contratos / 15.0% Bolsa),1373.3264175,523578.9113475322,805506.0174359971,741065.5360411174,-64440.48139487975,64440.48139487975,7.999999999999997
2027-01-05,5,2027-01-01,True,TOLIMA,9432628.07,457775.4725,199466437.01,129653184.06,381.2487,389109.15,68666.32,85.0,15.0,Cubierta (85.0% Contratos / 15.0% Bolsa),1373.3264175,523578.9113475322,805506.0174359971,741065.5360411174,-64440.48139487975,64440.48139487975,7.999999999999997
2027-01-06,6,2027-01-01,True,ANTIOQUIA,31145302.92,455841.86,198623904.14,129105537.69,381.9575,387465.58,68376.28,85.0,15.0,Cubierta (85.0% Contratos / 15.0% Bolsa),1367.52558,522336.65172285,803594.8488106088,739307.2609057602,-64287.587904848624,64287.587904848624,7.999999999999989
2027-01-06,6,2027-01-01,True,BOGOTA,44294853.38,455841.86,198623904.14,129105537.69,381.9575,387465.58,68376.28,85.0,15.0,Cubierta (85.0% Contratos / 15.0% Bolsa),1367.52558,522336.65172285,803594.8488106088,739307.2609057602,-64287.587904848624,64287.587904848624,7.999999999999989
2027-01-06,6,2027-01-01,True,CARIBE_MAR,35066202.38,455841.86,198623904.14,129105537.69,381.9575,387465.58,68376.28,85.0,15.0,Cubierta (85.0% Contratos / 15.0% Bolsa),1367.52558,522336.65172285,803594.8488106088,739307.2609057602,-64287.587904848624,64287.587904848624,7.999999999999989
2027-01-06,6,2027-01-01,True,CARIBE_SOL,27416055.09,455841.86,198623904.14,129105537.69,381.9575,387465.58,68376.28,85.0,15.0,Cubierta (85.0% Contratos / 15.0% Bolsa),1367.52558,522336.65172285,803594.8488106088,739307.2609057602,-64287.587904848624,64287.587904848624,7.999999999999989
2027-01-06,6,2027-01-01,True,VALLE,22268805.2,455841.86,198623904.14,129105537.69,381.9575,387465.58,68376.28,85.0,15.0,Cubierta (85.0% Contratos / 15.0% Bolsa),1367.52558,522336.65172285,803594.8488106088,739307.2609057602,-64287.587904848624,64287.587904848624,7.999999999999989
2027-01-06,6,2027-01-01,True,SANTANDER,17692026.63,455841.86,198623904.14,129105537.69,381.9575,387465.58,68376.28,85.0,15.0,Cubierta (85.0% Contratos / 15.0% Bolsa),1367.52558,522336.65172285,803594.8488106088,739307.2609057602,-64287.587904848624,64287.587904848624,7.999999999999989
2027-01-06,6,2027-01-01,True,CUNDINAMARCA,11368232.1,455841.86,198623904.14,129105537.69,381.9575,387465.58,68376.28,85.0,15.0,Cubierta (85.0% Contratos / 15.0% Bolsa),1367.52558,522336.65172285,803594.8488106088,739307.2609057602,-64287.587904848624,64287.587904848624,7.999999999999989
2027-01-06,6,2027-01-01,True,TOLIMA,9372426.44,455841.86,198623904.14,129105537.69,381.9575,387465.58,68376.28,85.0,15.0,Cubierta (85.0% Contratos / 15.0% Bolsa),1367.52558,522336.65172285,803594.8488106088,739307.2609057602,-64287.587904848624,64287.587904848624,7.999999999999989
2027-01-07,7,2027-01-01,True,ANTIOQUIA,31301130.71,457396.88125,199301473.3,129545957.65,382.6772,388787.35,68609.53,85.0,15.0,Cubierta (85.0% Contratos / 15.0% Bolsa),1372.19064375,525106.0734164475,807855.4975325853,743227.0577299785,-64628.43980260682,64628.43980260682,8.0
2027-01-07,7,2027-01-01,True,BOGOTA,44622966.69,457396.88125,199301473.3,129545957.65,382.6772,388787.35,68609.53,85.0,15.0,Cubierta (85.0% Contratos / 15.0% Bolsa),1372.19064375,525106.0734164475,807855.4975325853,743227.0577299785,-64628.43980260682,64628.43980260682,8.0
2027-01-07,7,2027-01-01,True,CARIBE_MAR,34998461.15,457396.88125,199301473.3,129545957.65,382.6772,388787.35,68609.53,85.0,15.0,Cubierta (85.0% Contratos / 15.0% Bolsa),1372.19064375,525106.0734164475,807855.4975325853,743227.0577299785,-64628.43980260682,64628.43980260682,8.0
2027-01-07,7,2027-01-01,True,CARIBE_SOL,27657441.56,457396.88125,199301473.3,129545957.65,382.6772,388787.35,68609.53,85.0,15.0,Cubierta (85.0% Contratos / 15.0% Bolsa),1372.19064375,525106.0734164475,807855.4975325853,743227.0577299785,-64628.43980260682,64628.43980260682,8.0
2027-01-07,7,2027-01-01,True,VALLE,22792138.54,457396.88125,199301473.3,129545957.65,382.6772,388787.35,68609.53,85.0,15.0,Cubierta (85.0% Contratos / 15.0% Bolsa),1372.19064375,525106.0734164475,807855.4975325853,743227.0577299785,-64628.43980260682,64628.43980260682,8.0
2027-01-07,7,2027-01-01,True,SANTANDER,17486193.8,457396.88125,199301473.3,129545957.65,382.6772,388787.35,68609.53,85.0,15.0,Cubierta (85.0% Contratos / 15.0% Bolsa),1372.19064375,525106.0734164475,807855.4975325853,743227.0577299785,-64628.43980260682,64628.43980260682,8.0
2027-01-07,7,2027-01-01,True,CUNDINAMARCA,11128805.93,457396.88125,199301473.3,129545957.65,382.6772,388787.35,68609.53,85.0,15.0,Cubierta (85.0% Contratos / 15.0% Bolsa),1372.19064375,525106.0734164475,807855.4975325853,743227.0577299785,-64628.43980260682,64628.43980260682,8.0
2027-01-07,7,2027-01-01,True,TOLIMA,9314334.92,457396.88125,199301473.3,129545957.65,382.6772,388787.35,68609.53,85.0,15.0,Cubierta (85.0% Contratos / 15.0% Bolsa),1372.19064375,525106.0734164475,807855.4975325853,743227.0577299785,-64628.43980260682,64628.43980260682,8.0
2027-01-08,8,2027-01-01,True,ANTIOQUIA,31687686.83,458876.98,199946396.77,129965157.9,383.3964,390045.43,68831.55,85.0,15.0,Cubierta (85.0% Contratos / 15.0% Bolsa),1376.63094,527795.346524616,811992.8408102256,747033.4135454076,-64959.42726481799,64959.42726481799,7.999999999999993
2027-01-08,8,2027-01-01,True,BOGOTA,43910547.85,458876.98,199946396.77,129965157.9,383.3964,390045.43,68831.55,85.0,15.0,Cubierta (85.0% Contratos / 15.0% Bolsa),1376.63094,527795.346524616,811992.8408102256,747033.4135454076,-64959.42726481799,64959.42726481799,7.999999999999993
2027-01-08,8,2027-01-01,True,CARIBE_MAR,35354219.34,458876.98,199946396.77,129965157.9,383.3964,390045.43,68831.55,85.0,15.0,Cubierta (85.0% Contratos / 15.0% Bolsa),1376.63094,527795.346524616,811992.8408102256,747033.4135454076,-64959.42726481799,64959.42726481799,7.999999999999993
2027-01-08,8,2027-01-01,True,CARIBE_SOL,27825520.36,458876.98,199946396.77,129965157.9,383.3964,390045.43,68831.55,85.0,15.0,Cubierta (85.0% Contratos / 15.0% Bolsa),1376.63094,527795.346524616,811992.8408102256,747033.4135454076,-64959.42726481799,64959.42726481799,7.999999999999993
2027-01-08,8,2027-01-01,True,VALLE,23093728.07,458876.98,199946396.77,129965157.9,383.3964,390045.43,68831.55,85.0,15.0,Cubierta (85.0% Contratos / 15.0% Bolsa),1376.63094,527795.346524616,811992.8408102256,747033.4135454076,-64959.42726481799,64959.42726481799,7.999999999999993
2027-01-08,8,2027-01-01,True,SANTANDER,17420493.59,458876.98,199946396.77,129965157.9,383.3964,390045.43,68831.55,85.0,15.0,Cubierta (85.0% Contratos / 15.0% Bolsa),1376.63094,527795.346524616,811992.8408102256,747033.4135454076,-64959.42726481799,64959.42726481799,7.999999999999993
2027-01-08,8,2027-01-01,True,CUNDINAMARCA,11177606.71,458876.98,199946396.77,129965157.9,383.3964,390045.43,68831.55,85.0,15.0,Cubierta (85.0% Contratos / 15.0% Bolsa),1376.63094,527795.346524616,811992.8408102256,747033.4135454076,-64959.42726481799,64959.42726481799,7.999999999999993
2027-01-08,8,2027-01-01,True,TOLIMA,9476594.02,458876.98,199946396.77,129965157.9,383.3964,390045.43,68831.55,85.0,15.0,Cubierta (85.0% Contratos / 15.0% Bolsa),1376.63094,527795.346524616,811992.8408102256,747033.4135454076,-64959.42726481799,64959.42726481799,7.999999999999993
2027-01-09,9,2027-01-01,True,ANTIOQUIA,26802930.05,326263.28125,168611514.61,109597484.5,384.1034,277323.79,48939.49,85.0,15.0,Cubierta (85.0% Contratos / 15.0% Bolsa),978.78984375,375956.5068698438,578394.6259351347,532123.055860324,-46271.57007481076,46271.57007481076,7.999999999999997
2027-01-09,9,2027-01-01,True,BOGOTA,37351106.14,326263.28125,168611514.61,109597484.5,384.1034,277323.79,48939.49,85.0,15.0,Cubierta (85.0% Contratos / 15.0% Bolsa),978.78984375,375956.5068698438,578394.6259351347,532123.055860324,-46271.57007481076,46271.57007481076,7.999999999999997
2027-01-09,9,2027-01-01,True,CARIBE_MAR,29837635.5,326263.28125,168611514.61,109597484.5,384.1034,277323.79,48939.49,85.0,15.0,Cubierta (85.0% Contratos / 15.0% Bolsa),978.78984375,375956.5068698438,578394.6259351347,532123.055860324,-46271.57007481076,46271.57007481076,7.999999999999997
2027-01-09,9,2027-01-01,True,CARIBE_SOL,23212116.19,326263.28125,168611514.61,109597484.5,384.1034,277323.79,48939.49,85.0,15.0,Cubierta (85.0% Contratos / 15.0% Bolsa),978.78984375,375956.5068698438,578394.6259351347,532123.055860324,-46271.57007481076,46271.57007481076,7.999999999999997
2027-01-09,9,2027-01-01,True,VALLE,19254303.25,326263.28125,168611514.61,109597484.5,384.1034,277323.79,48939.49,85.0,15.0,Cubierta (85.0% Contratos / 15.0% Bolsa),978.78984375,375956.5068698438,578394.6259351347,532123.055860324,-46271.57007481076,46271.57007481076,7.999999999999997
2027-01-09,9,2027-01-01,True,SANTANDER,14754691.32,326263.28125,168611514.61,109597484.5,384.1034,277323.79,48939.49,85.0,15.0,Cubierta (85.0% Contratos / 15.0% Bolsa),978.78984375,375956.5068698438,578394.6259351347,532123.055860324,-46271.57007481076,46271.57007481076,7.999999999999997
2027-01-09,9,2027-01-01,True,CUNDINAMARCA,9491961.8,326263.28125,168611514.61,109597484.5,384.1034,277323.79,48939.49,85.0,15.0,Cubierta (85.0% Contratos / 15.0% Bolsa),978.78984375,375956.5068698438,578394.6259351347,532123.055860324,-46271.57007481076,46271.57007481076,7.999999999999997
2027-01-09,9,2027-01-01,True,TOLIMA,7906770.36,326263.28125,168611514.61,109597484.5,384.1034,277323.79,48939.49,85.0,15.0,Cubierta (85.0% Contratos / 15.0% Bolsa),978.78984375,375956.5068698438,578394.6259351347,532123.055860324,-46271.57007481076,46271.57007481076,7.999999999999997
2027-01-10,10,2027-01-01,True,ANTIOQUIA,26631202.83,325614.77875,168276371.71000004,109379641.61,384.7867,276772.56,48842.22,85.0,15.0,Cubierta (85.0% Contratos / 15.0% Bolsa),976.84433625,375876.7085593279,578271.8593299733,532010.1105835756,-46261.74874639779,46261.74874639779,7.999999999999987
2027-01-10,10,2027-01-01,True,BOGOTA,37047763.19,325614.77875,168276371.71000004,109379641.61,384.7867,276772.56,48842.22,85.0,15.0,Cubierta (85.0% Contratos / 15.0% Bolsa),976.84433625,375876.7085593279,578271.8593299733,532010.1105835756,-46261.74874639779,46261.74874639779,7.999999999999987
2027-01-10,10,2027-01-01,True,CARIBE_MAR,29666267.29,325614.77875,168276371.71000004,109379641.61,384.7867,276772.56,48842.22,85.0,15.0,Cubierta (85.0% Contratos / 15.0% Bolsa),976.84433625,375876.7085593279,578271.8593299733,532010.1105835756,-46261.74874639779,46261.74874639779,7.999999999999987
2027-01-10,10,2027-01-01,True,CARIBE_SOL,23346121.23,325614.77875,168276371.71000004,109379641.61,384.7867,276772.56,48842.22,85.0,15.0,Cubierta (85.0% Contratos / 15.0% Bolsa),976.84433625,375876.7085593279,578271.8593299733,532010.1105835756,-46261.74874639779,46261.74874639779,7.999999999999987
2027-01-10,10,2027-01-01,True,VALLE,19150427.94,325614.77875,168276371.71000004,109379641.61,384.7867,276772.56,48842.22,85.0,15.0,Cubierta (85.0% Contratos / 15.0% Bolsa),976.84433625,375876.7085593279,578271.8593299733,532010.1105835756,-46261.74874639779,46261.74874639779,7.999999999999987
2027-01-10,10,2027-01-01,True,SANTANDER,14930973.52,325614.77875,168276371.71000004,109379641.61,384.7867,276772.56,48842.22,85.0,15.0,Cubierta (85.0% Contratos / 15.0% Bolsa),976.84433625,375876.7085593279,578271.8593299733,532010.1105835756,-46261.74874639779,46261.74874639779,7.999999999999987
2027-01-10,10,2027-01-01,True,CUNDINAMARCA,9479705.9,325614.77875,168276371.71000004,109379641.61,384.7867,276772.56,48842.22,85.0,15.0,Cubierta (85.0% Contratos / 15.0% Bolsa),976.84433625,375876.7085593279,578271.8593299733,532010.1105835756,-46261.74874639779,46261.74874639779,7.999999999999987
2027-01-10,10,2027-01-01,True,TOLIMA,8023909.81,325614.77875,168276371.71000004,109379641.61,384.7867,276772.56,48842.22,85.0,15.0,Cubierta (85.0% Contratos / 15.0% Bolsa),976.84433625,375876.7085593279,578271.8593299733,532010.1105835756,-46261.74874639779,46261.74874639779,7.999999999999987
2027-01-11,11,2027-01-01,True,ANTIOQUIA,31063997.91,457498.385,199345701.35999995,129574705.88,385.4357,388873.63,68624.76,85.0,15.0,Cubierta (85.0% Contratos / 15.0% Bolsa),1372.495155,529008.6308140336,813859.4320467139,748750.6774829768,-65108.75456373708,65108.75456373708,7.9999999999999964
2027-01-11,11,2027-01-01,True,BOGOTA,44281379.73,457498.385,199345701.35999995,129574705.88,385.4357,388873.63,68624.76,85.0,15.0,Cubierta (85.0% Contratos / 15.0% Bolsa),1372.495155,529008.6308140336,813859.4320467139,748750.6774829768,-65108.75456373708,65108.75456373708,7.9999999999999964
2027-01-11,11,2027-01-01,True,CARIBE_MAR,35360927.19,457498.385,199345701.35999995,129574705.88,385.4357,388873.63,68624.76,85.0,15.0,Cubierta (85.0% Contratos / 15.0% Bolsa),1372.495155,529008.6308140336,813859.4320467139,748750.6774829768,-65108.75456373708,65108.75456373708,7.9999999999999964
2027-01-11,11,2027-01-01,True,CARIBE_SOL,27847168.06,457498.385,199345701.35999995,129574705.88,385.4357,388873.63,68624.76,85.0,15.0,Cubierta (85.0% Contratos / 15.0% Bolsa),1372.495155,529008.6308140336,813859.4320467139,748750.6774829768,-65108.75456373708,65108.75456373708,7.9999999999999964
2027-01-11,11,2027-01-01,True,VALLE,22523905.01,457498.385,199345701.35999995,129574705.88,385.4357,388873.63,68624.76,85.0,15.0,Cubierta (85.0% Contratos / 15.0% Bolsa),1372.495155,529008.6308140336,813859.4320467139,748750.6774829768,-65108.75456373708,65108.75456373708,7.9999999999999964
2027-01-11,11,2027-01-01,True,SANTANDER,17688846.54,457498.385,199345701.35999995,129574705.88,385.4357,388873.63,68624.76,85.0,15.0,Cubierta (85.0% Contratos / 15.0% Bolsa),1372.495155,529008.6308140336,813859.4320467139,748750.6774829768,-65108.75456373708,65108.75456373708,7.9999999999999964
2027-01-11,11,2027-01-01,True,CUNDINAMARCA,11258358.44,457498.385,199345701.35999995,129574705.88,385.4357,388873.63,68624.76,85.0,15.0,Cubierta (85.0% Contratos / 15.0% Bolsa),1372.495155,529008.6308140336,813859.4320467139,748750.6774829768,-65108.75456373708,65108.75456373708,7.9999999999999964
2027-01-11,11,2027-01-01,True,TOLIMA,9321118.48,457498.385,199345701.35999995,129574705.88,385.4357,388873.63,68624.76,85.0,15.0,Cubierta (85.0% Contratos / 15.0% Bolsa),1372.495155,529008.6308140336,813859.4320467139,748750.6774829768,-65108.75456373708,65108.75456373708,7.9999999999999964
2027-01-12,12,2027-01-01,True,ANTIOQUIA,31608177.12,456544.86875,198930226.11,129304646.97,386.0401,388063.14,68481.73,85.0,15.0,Cubierta (85.0% Contratos / 15.0% Bolsa),1369.6346062500002,528733.8803602107,813436.739025145,748361.7999031334,-65074.939122011536,65074.939122011536,7.999999999999993
2027-01-12,12,2027-01-01,True,BOGOTA,43813887.5,456544.86875,198930226.11,129304646.97,386.0401,388063.14,68481.73,85.0,15.0,Cubierta (85.0% Contratos / 15.0% Bolsa),1369.6346062500002,528733.8803602107,813436.739025145,748361.7999031334,-65074.939122011536,65074.939122011536,7.999999999999993
2027-01-12,12,2027-01-01,True,CARIBE_MAR,34973123.31,456544.86875,198930226.11,129304646.97,386.0401,388063.14,68481.73,85.0,15.0,Cubierta (85.0% Contratos / 15.0% Bolsa),1369.6346062500002,528733.8803602107,813436.739025145,748361.7999031334,-65074.939122011536,65074.939122011536,7.999999999999993
2027-01-12,12,2027-01-01,True,CARIBE_SOL,27646090.0,456544.86875,198930226.11,129304646.97,386.0401,388063.14,68481.73,85.0,15.0,Cubierta (85.0% Contratos / 15.0% Bolsa),1369.6346062500002,528733.8803602107,813436.739025145,748361.7999031334,-65074.939122011536,65074.939122011536,7.999999999999993
2027-01-12,12,2027-01-01,True,VALLE,22604003.52,456544.86875,198930226.11,129304646.97,386.0401,388063.14,68481.73,85.0,15.0,Cubierta (85.0% Contratos / 15.0% Bolsa),1369.6346062500002,528733.8803602107,813436.739025145,748361.7999031334,-65074.939122011536,65074.939122011536,7.999999999999993
2027-01-12,12,2027-01-01,True,SANTANDER,17510892.28,456544.86875,198930226.11,129304646.97,386.0401,388063.14,68481.73,85.0,15.0,Cubierta (85.0% Contratos / 15.0% Bolsa),1369.6346062500002,528733.8803602107,813436.739025145,748361.7999031334,-65074.939122011536,65074.939122011536,7.999999999999993
2027-01-12,12,2027-01-01,True,CUNDINAMARCA,11253025.85,456544.86875,198930226.11,129304646.97,386.0401,388063.14,68481.73,85.0,15.0,Cubierta (85.0% Contratos / 15.0% Bolsa),1369.6346062500002,528733.8803602107,813436.739025145,748361.7999031334,-65074.939122011536,65074.939122011536,7.999999999999993
2027-01-12,12,2027-01-01,True,TOLIMA,9521026.53,456544.86875,198930226.11,129304646.97,386.0401,388063.14,68481.73,85.0,15.0,Cubierta (85.0% Contratos / 15.0% Bolsa),1369.6346062500002,528733.8803602107,813436.739025145,748361.7999031334,-65074.939122011536,65074.939122011536,7.999999999999993
2027-01-13,13,2027-01-01,True,ANTIOQUIA,31323217.82,457047.5325,199149251.52000004,129447013.49,386.5906,388490.4,68557.13,85.0,15.0,Cubierta (85.0% Contratos / 15.0% Bolsa),1371.1425975,530070.8394530835,815493.5991459906,750254.1112143113,-65239.487931679236,65239.487931679236,7.999999999999999
2027-01-13,13,2027-01-01,True,BOGOTA,44015626.71,457047.5325,199149251.52000004,129447013.49,386.5906,388490.4,68557.13,85.0,15.0,Cubierta (85.0% Contratos / 15.0% Bolsa),1371.1425975,530070.8394530835,815493.5991459906,750254.1112143113,-65239.487931679236,65239.487931679236,7.999999999999999
2027-01-13,13,2027-01-01,True,CARIBE_MAR,35372656.28,457047.5325,199149251.52000004,129447013.49,386.5906,388490.4,68557.13,85.0,15.0,Cubierta (85.0% Contratos / 15.0% Bolsa),1371.1425975,530070.8394530835,815493.5991459906,750254.1112143113,-65239.487931679236,65239.487931679236,7.999999999999999
2027-01-13,13,2027-01-01,True,CARIBE_SOL,27706981.21,457047.5325,199149251.52000004,129447013.49,386.5906,388490.4,68557.13,85.0,15.0,Cubierta (85.0% Contratos / 15.0% Bolsa),1371.1425975,530070.8394530835,815493.5991459906,750254.1112143113,-65239.487931679236,65239.487931679236,7.999999999999999
2027-01-13,13,2027-01-01,True,VALLE,22373353.52,457047.5325,199149251.52000004,129447013.49,386.5906,388490.4,68557.13,85.0,15.0,Cubierta (85.0% Contratos / 15.0% Bolsa),1371.1425975,530070.8394530835,815493.5991459906,750254.1112143113,-65239.487931679236,65239.487931679236,7.999999999999999
2027-01-13,13,2027-01-01,True,SANTANDER,17496016.9,457047.5325,199149251.52000004,129447013.49,386.5906,388490.4,68557.13,85.0,15.0,Cubierta (85.0% Contratos / 15.0% Bolsa),1371.1425975,530070.8394530835,815493.5991459906,750254.1112143113,-65239.487931679236,65239.487931679236,7.999999999999999
2027-01-13,13,2027-01-01,True,CUNDINAMARCA,11357786.39,457047.5325,199149251.52000004,129447013.49,386.5906,388490.4,68557.13,85.0,15.0,Cubierta (85.0% Contratos / 15.0% Bolsa),1371.1425975,530070.8394530835,815493.5991459906,750254.1112143113,-65239.487931679236,65239.487931679236,7.999999999999999
2027-01-13,13,2027-01-01,True,TOLIMA,9503612.69,457047.5325,199149251.52000004,129447013.49,386.5906,388490.4,68557.13,85.0,15.0,Cubierta (85.0% Contratos / 15.0% Bolsa),1371.1425975,530070.8394530835,815493.5991459906,750254.1112143113,-65239.487931679236,65239.487931679236,7.999999999999999
2027-01-14,14,2027-01-01,True,ANTIOQUIA,30992347.81,457739.1925,199450628.63000003,129642908.61,387.0791,389078.31,68660.88,85.0,15.0,Cubierta (85.0% Contratos / 15.0% Bolsa),1373.2175775,531543.8240028803,817759.7292320465,752338.9508934828,-65420.778338563745,65420.778338563745,8.000000000000004
2027-01-14,14,2027-01-01,True,BOGOTA,44432003.95,457739.1925,199450628.63000003,129642908.61,387.0791,389078.31,68660.88,85.0,15.0,Cubierta (85.0% Contratos / 15.0% Bolsa),1373.2175775,531543.8240028803,817759.7292320465,752338.9508934828,-65420.778338563745,65420.778338563745,8.000000000000004
2027-01-14,14,2027-01-01,True,CARIBE_MAR,35334389.02,457739.1925,199450628.63000003,129642908.61,387.0791,389078.31,68660.88,85.0,15.0,Cubierta (85.0% Contratos / 15.0% Bolsa),1373.2175775,531543.8240028803,817759.7292320465,752338.9508934828,-65420.778338563745,65420.778338563745,8.000000000000004
2027-01-14,14,2027-01-01,True,CARIBE_SOL,27682545.43,457739.1925,199450628.63000003,129642908.61,387.0791,389078.31,68660.88,85.0,15.0,Cubierta (85.0% Contratos / 15.0% Bolsa),1373.2175775,531543.8240028803,817759.7292320465,752338.9508934828,-65420.778338563745,65420.778338563745,8.000000000000004
2027-01-14,14,2027-01-01,True,VALLE,22692801.24,457739.1925,199450628.63000003,129642908.61,387.0791,389078.31,68660.88,85.0,15.0,Cubierta (85.0% Contratos / 15.0% Bolsa),1373.2175775,531543.8240028803,817759.7292320465,752338.9508934828,-65420.778338563745,65420.778338563745,8.000000000000004
2027-01-14,14,2027-01-01,True,SANTANDER,17500096.41,457739.1925,199450628.63000003,129642908.61,387.0791,389078.31,68660.88,85.0,15.0,Cubierta (85.0% Contratos / 15.0% Bolsa),1373.2175775,531543.8240028803,817759.7292320465,752338.9508934828,-65420.778338563745,65420.778338563745,8.000000000000004
2027-01-14,14,2027-01-01,True,CUNDINAMARCA,11391641.11,457739.1925,199450628.63000003,129642908.61,387.0791,389078.31,68660.88,85.0,15.0,Cubierta (85.0% Contratos / 15.0% Bolsa),1373.2175775,531543.8240028803,817759.7292320465,752338.9508934828,-65420.778338563745,65420.778338563745,8.000000000000004
2027-01-14,14,2027-01-01,True,TOLIMA,9424803.66,457739.1925,199450628.63000003,129642908.61,387.0791,389078.31,68660.88,85.0,15.0,Cubierta (85.0% Contratos / 15.0% Bolsa),1373.2175775,531543.8240028803,817759.7292320465,752338.9508934828,-65420.778338563745,65420.778338563745,8.000000000000004
2027-01-15,15,2027-01-01,True,ANTIOQUIA,31497269.31,459337.99125,200147273.05,130095727.48,387.4987,390437.29,68900.7,85.0,15.0,Cubierta (85.0% Contratos / 15.0% Bolsa),1378.01397375,533978.6234099591,821505.5744926467,755785.128533235,-65720.44595941168,65720.44595941168,7.999999999999993
2027-01-15,15,2027-01-01,True,BOGOTA,44156687.68,459337.99125,200147273.05,130095727.48,387.4987,390437.29,68900.7,85.0,15.0,Cubierta (85.0% Contratos / 15.0% Bolsa),1378.01397375,533978.6234099591,821505.5744926467,755785.128533235,-65720.44595941168,65720.44595941168,7.999999999999993
2027-01-15,15,2027-01-01,True,CARIBE_MAR,35409116.05,459337.99125,200147273.05,130095727.48,387.4987,390437.29,68900.7,85.0,15.0,Cubierta (85.0% Contratos / 15.0% Bolsa),1378.01397375,533978.6234099591,821505.5744926467,755785.128533235,-65720.44595941168,65720.44595941168,7.999999999999993
2027-01-15,15,2027-01-01,True,CARIBE_SOL,27800752.57,459337.99125,200147273.05,130095727.48,387.4987,390437.29,68900.7,85.0,15.0,Cubierta (85.0% Contratos / 15.0% Bolsa),1378.01397375,533978.6234099591,821505.5744926467,755785.128533235,-65720.44595941168,65720.44595941168,7.999999999999993
2027-01-15,15,2027-01-01,True,VALLE,22894131.58,459337.99125,200147273.05,130095727.48,387.4987,390437.29,68900.7,85.0,15.0,Cubierta (85.0% Contratos / 15.0% Bolsa),1378.01397375,533978.6234099591,821505.5744926467,755785.128533235,-65720.44595941168,65720.44595941168,7.999999999999993
2027-01-15,15,2027-01-01,True,SANTANDER,17599083.32,459337.99125,200147273.05,130095727.48,387.4987,390437.29,68900.7,85.0,15.0,Cubierta (85.0% Contratos / 15.0% Bolsa),1378.01397375,533978.6234099591,821505.5744926467,755785.128533235,-65720.44595941168,65720.44595941168,7.999999999999993
2027-01-15,15,2027-01-01,True,CUNDINAMARCA,11268600.93,459337.99125,200147273.05,130095727.48,387.4987,390437.29,68900.7,85.0,15.0,Cubierta (85.0% Contratos / 15.0% Bolsa),1378.01397375,533978.6234099591,821505.5744926467,755785.128533235,-65720.44595941168,65720.44595941168,7.999999999999993
2027-01-15,15,2027-01-01,True,TOLIMA,9521631.61,459337.99125,200147273.05,130095727.48,387.4987,390437.29,68900.7,85.0,15.0,Cubierta (85.0% Contratos / 15.0% Bolsa),1378.01397375,533978.6234099591,821505.5744926467,755785.128533235,-65720.44595941168,65720.44595941168,7.999999999999993
2027-01-16,16,2027-01-01,True,ANTIOQUIA,26411303.48,324767.745,167838627.64999998,109095107.97,387.8439,276052.58,48715.16,85.0,15.0,Cubierta (85.0% Contratos / 15.0% Bolsa),974.303235,377877.56644501653,581350.1022364243,534842.0940575104,-46508.008178913966,46508.008178913966,8.000000000000004
2027-01-16,16,2027-01-01,True,BOGOTA,37220925.02,324767.745,167838627.64999998,109095107.97,387.8439,276052.58,48715.16,85.0,15.0,Cubierta (85.0% Contratos / 15.0% Bolsa),974.303235,377877.56644501653,581350.1022364243,534842.0940575104,-46508.008178913966,46508.008178913966,8.000000000000004
2027-01-16,16,2027-01-01,True,CARIBE_MAR,29549851.17,324767.745,167838627.64999998,109095107.97,387.8439,276052.58,48715.16,85.0,15.0,Cubierta (85.0% Contratos / 15.0% Bolsa),974.303235,377877.56644501653,581350.1022364243,534842.0940575104,-46508.008178913966,46508.008178913966,8.000000000000004
2027-01-16,16,2027-01-01,True,CARIBE_SOL,23081237.24,324767.745,167838627.64999998,109095107.97,387.8439,276052.58,48715.16,85.0,15.0,Cubierta (85.0% Contratos / 15.0% Bolsa),974.303235,377877.56644501653,581350.1022364243,534842.0940575104,-46508.008178913966,46508.008178913966,8.000000000000004
2027-01-16,16,2027-01-01,True,VALLE,18963278.13,324767.745,167838627.64999998,109095107.97,387.8439,276052.58,48715.16,85.0,15.0,Cubierta (85.0% Contratos / 15.0% Bolsa),974.303235,377877.56644501653,581350.1022364243,534842.0940575104,-46508.008178913966,46508.008178913966,8.000000000000004
2027-01-16,16,2027-01-01,True,SANTANDER,14983905.6,324767.745,167838627.64999998,109095107.97,387.8439,276052.58,48715.16,85.0,15.0,Cubierta (85.0% Contratos / 15.0% Bolsa),974.303235,377877.56644501653,581350.1022364243,534842.0940575104,-46508.008178913966,46508.008178913966,8.000000000000004
2027-01-16,16,2027-01-01,True,CUNDINAMARCA,9722593.0,324767.745,167838627.64999998,109095107.97,387.8439,276052.58,48715.16,85.0,15.0,Cubierta (85.0% Contratos / 15.0% Bolsa),974.303235,377877.56644501653,581350.1022364243,534842.0940575104,-46508.008178913966,46508.008178913966,8.000000000000004
2027-01-16,16,2027-01-01,True,TOLIMA,7905534.01,324767.745,167838627.64999998,109095107.97,387.8439,276052.58,48715.16,85.0,15.0,Cubierta (85.0% Contratos / 15.0% Bolsa),974.303235,377877.56644501653,581350.1022364243,534842.0940575104,-46508.008178913966,46508.008178913966,8.000000000000004
2027-01-17,17,2027-01-01,True,ANTIOQUIA,26626568.94,324756.6525,167832895.22,109091381.89,388.1107,276043.15,48713.5,85.0,15.0,Cubierta (85.0% Contratos / 15.0% Bolsa),974.2699575000001,378124.59519429534,581730.1464687595,535191.7347512587,-46538.41171750077,46538.41171750077,8.000000000000002
2027-01-17,17,2027-01-01,True,BOGOTA,36947538.39,324756.6525,167832895.22,109091381.89,388.1107,276043.15,48713.5,85.0,15.0,Cubierta (85.0% Contratos / 15.0% Bolsa),974.2699575000001,378124.59519429534,581730.1464687595,535191.7347512587,-46538.41171750077,46538.41171750077,8.000000000000002
2027-01-17,17,2027-01-01,True,CARIBE_MAR,29475178.95,324756.6525,167832895.22,109091381.89,388.1107,276043.15,48713.5,85.0,15.0,Cubierta (85.0% Contratos / 15.0% Bolsa),974.2699575000001,378124.59519429534,581730.1464687595,535191.7347512587,-46538.41171750077,46538.41171750077,8.000000000000002
2027-01-17,17,2027-01-01,True,CARIBE_SOL,23317899.2,324756.6525,167832895.22,109091381.89,388.1107,276043.15,48713.5,85.0,15.0,Cubierta (85.0% Contratos / 15.0% Bolsa),974.2699575000001,378124.59519429534,581730.1464687595,535191.7347512587,-46538.41171750077,46538.41171750077,8.000000000000002
2027-01-17,17,2027-01-01,True,VALLE,18991887.6,324756.6525,167832895.22,109091381.89,388.1107,276043.15,48713.5,85.0,15.0,Cubierta (85.0% Contratos / 15.0% Bolsa),974.2699575000001,378124.59519429534,581730.1464687595,535191.7347512587,-46538.41171750077,46538.41171750077,8.000000000000002
2027-01-17,17,2027-01-01,True,SANTANDER,14885037.61,324756.6525,167832895.22,109091381.89,388.1107,276043.15,48713.5,85.0,15.0,Cubierta (85.0% Contratos / 15.0% Bolsa),974.2699575000001,378124.59519429534,581730.1464687595,535191.7347512587,-46538.41171750077,46538.41171750077,8.000000000000002
2027-01-17,17,2027-01-01,True,CUNDINAMARCA,9597038.32,324756.6525,167832895.22,109091381.89,388.1107,276043.15,48713.5,85.0,15.0,Cubierta (85.0% Contratos / 15.0% Bolsa),974.2699575000001,378124.59519429534,581730.1464687595,535191.7347512587,-46538.41171750077,46538.41171750077,8.000000000000002
2027-01-17,17,2027-01-01,True,TOLIMA,7991746.21,324756.6525,167832895.22,109091381.89,388.1107,276043.15,48713.5,85.0,15.0,Cubierta (85.0% Contratos / 15.0% Bolsa),974.2699575000001,378124.59519429534,581730.1464687595,535191.7347512587,-46538.41171750077,46538.41171750077,8.000000000000002
2027-01-18,18,2027-01-01,True,ANTIOQUIA,31101810.73,456291.24125,198819713.13,129232813.53,388.2968,387847.56,68443.69,85.0,15.0,Cubierta (85.0% Contratos / 15.0% Bolsa),1368.8737237500002,531529.286536209,817737.3639303345,752318.3748159077,-65418.989114426775,65418.989114426775,8.000000000000004
2027-01-18,18,2027-01-01,True,BOGOTA,44221251.94,456291.24125,198819713.13,129232813.53,388.2968,387847.56,68443.69,85.0,15.0,Cubierta (85.0% Contratos / 15.0% Bolsa),1368.8737237500002,531529.286536209,817737.3639303345,752318.3748159077,-65418.989114426775,65418.989114426775,8.000000000000004
2027-01-18,18,2027-01-01,True,CARIBE_MAR,35142383.04,456291.24125,198819713.13,129232813.53,388.2968,387847.56,68443.69,85.0,15.0,Cubierta (85.0% Contratos / 15.0% Bolsa),1368.8737237500002,531529.286536209,817737.3639303345,752318.3748159077,-65418.989114426775,65418.989114426775,8.000000000000004
2027-01-18,18,2027-01-01,True,CARIBE_SOL,27657400.86,456291.24125,198819713.13,129232813.53,388.2968,387847.56,68443.69,85.0,15.0,Cubierta (85.0% Contratos / 15.0% Bolsa),1368.8737237500002,531529.286536209,817737.3639303345,752318.3748159077,-65418.989114426775,65418.989114426775,8.000000000000004
2027-01-18,18,2027-01-01,True,VALLE,22307348.99,456291.24125,198819713.13,129232813.53,388.2968,387847.56,68443.69,85.0,15.0,Cubierta (85.0% Contratos / 15.0% Bolsa),1368.8737237500002,531529.286536209,817737.3639303345,752318.3748159077,-65418.989114426775,65418.989114426775,8.000000000000004
2027-01-18,18,2027-01-01,True,SANTANDER,17478486.95,456291.24125,198819713.13,129232813.53,388.2968,387847.56,68443.69,85.0,15.0,Cubierta (85.0% Contratos / 15.0% Bolsa),1368.8737237500002,531529.286536209,817737.3639303345,752318.3748159077,-65418.989114426775,65418.989114426775,8.000000000000004
2027-01-18,18,2027-01-01,True,CUNDINAMARCA,11391237.93,456291.24125,198819713.13,129232813.53,388.2968,387847.56,68443.69,85.0,15.0,Cubierta (85.0% Contratos / 15.0% Bolsa),1368.8737237500002,531529.286536209,817737.3639303345,752318.3748159077,-65418.989114426775,65418.989114426775,8.000000000000004
2027-01-18,18,2027-01-01,True,TOLIMA,9519792.69,456291.24125,198819713.13,129232813.53,388.2968,387847.56,68443.69,85.0,15.0,Cubierta (85.0% Contratos / 15.0% Bolsa),1368.8737237500002,531529.286536209,817737.3639303345,752318.3748159077,-65418.989114426775,65418.989114426775,8.000000000000004
2027-01-19,19,2027-01-01,True,ANTIOQUIA,32133568.91,459195.42375,200085151.95,130055348.77,388.4013,390316.11,68879.31,85.0,15.0,Cubierta (85.0% Contratos / 15.0% Bolsa),1377.58627125,535056.2986156526,823163.5363159501,757310.4534106741,-65853.08290527598,65853.08290527598,7.9999999999999964
2027-01-19,19,2027-01-01,True,BOGOTA,43980730.73,459195.42375,200085151.95,130055348.77,388.4013,390316.11,68879.31,85.0,15.0,Cubierta (85.0% Contratos / 15.0% Bolsa),1377.58627125,535056.2986156526,823163.5363159501,757310.4534106741,-65853.08290527598,65853.08290527598,7.9999999999999964
2027-01-19,19,2027-01-01,True,CARIBE_MAR,35293923.33,459195.42375,200085151.95,130055348.77,388.4013,390316.11,68879.31,85.0,15.0,Cubierta (85.0% Contratos / 15.0% Bolsa),1377.58627125,535056.2986156526,823163.5363159501,757310.4534106741,-65853.08290527598,65853.08290527598,7.9999999999999964
2027-01-19,19,2027-01-01,True,CARIBE_SOL,27646766.48,459195.42375,200085151.95,130055348.77,388.4013,390316.11,68879.31,85.0,15.0,Cubierta (85.0% Contratos / 15.0% Bolsa),1377.58627125,535056.2986156526,823163.5363159501,757310.4534106741,-65853.08290527598,65853.08290527598,7.9999999999999964
2027-01-19,19,2027-01-01,True,VALLE,22538062.9,459195.42375,200085151.95,130055348.77,388.4013,390316.11,68879.31,85.0,15.0,Cubierta (85.0% Contratos / 15.0% Bolsa),1377.58627125,535056.2986156526,823163.5363159501,757310.4534106741,-65853.08290527598,65853.08290527598,7.9999999999999964
2027-01-19,19,2027-01-01,True,SANTANDER,17664403.37,459195.42375,200085151.95,130055348.77,388.4013,390316.11,68879.31,85.0,15.0,Cubierta (85.0% Contratos / 15.0% Bolsa),1377.58627125,535056.2986156526,823163.5363159501,757310.4534106741,-65853.08290527598,65853.08290527598,7.9999999999999964
2027-01-19,19,2027-01-01,True,CUNDINAMARCA,11424100.25,459195.42375,200085151.95,130055348.77,388.4013,390316.11,68879.31,85.0,15.0,Cubierta (85.0% Contratos / 15.0% Bolsa),1377.58627125,535056.2986156526,823163.5363159501,757310.4534106741,-65853.08290527598,65853.08290527598,7.9999999999999964
2027-01-19,19,2027-01-01,True,TOLIMA,9403595.98,459195.42375,200085151.95,130055348.77,388.4013,390316.11,68879.31,85.0,15.0,Cubierta (85.0% Contratos / 15.0% Bolsa),1377.58627125,535056.2986156526,823163.5363159501,757310.4534106741,-65853.08290527598,65853.08290527598,7.9999999999999964
2027-01-20,20,2027-01-01,True,ANTIOQUIA,31607870.34,458680.99625,199861000.44000003,129909650.29,388.4253,389878.85,68802.15,85.0,15.0,Cubierta (85.0% Contratos / 15.0% Bolsa),1376.0429887500002,534489.9107181154,822292.1703102433,756508.7966854238,-65783.37362481945,65783.37362481945,7.999999999999999
2027-01-20,20,2027-01-01,True,BOGOTA,44162020.89,458680.99625,199861000.44000003,129909650.29,388.4253,389878.85,68802.15,85.0,15.0,Cubierta (85.0% Contratos / 15.0% Bolsa),1376.0429887500002,534489.9107181154,822292.1703102433,756508.7966854238,-65783.37362481945,65783.37362481945,7.999999999999999
2027-01-20,20,2027-01-01,True,CARIBE_MAR,35196584.66,458680.99625,199861000.44000003,129909650.29,388.4253,389878.85,68802.15,85.0,15.0,Cubierta (85.0% Contratos / 15.0% Bolsa),1376.0429887500002,534489.9107181154,822292.1703102433,756508.7966854238,-65783.37362481945,65783.37362481945,7.999999999999999
2027-01-20,20,2027-01-01,True,CARIBE_SOL,27798301.38,458680.99625,199861000.44000003,129909650.29,388.4253,389878.85,68802.15,85.0,15.0,Cubierta (85.0% Contratos / 15.0% Bolsa),1376.0429887500002,534489.9107181154,822292.1703102433,756508.7966854238,-65783.37362481945,65783.37362481945,7.999999999999999
2027-01-20,20,2027-01-01,True,VALLE,22592253.02,458680.99625,199861000.44000003,129909650.29,388.4253,389878.85,68802.15,85.0,15.0,Cubierta (85.0% Contratos / 15.0% Bolsa),1376.0429887500002,534489.9107181154,822292.1703102433,756508.7966854238,-65783.37362481945,65783.37362481945,7.999999999999999
2027-01-20,20,2027-01-01,True,SANTANDER,17614906.89,458680.99625,199861000.44000003,129909650.29,388.4253,389878.85,68802.15,85.0,15.0,Cubierta (85.0% Contratos / 15.0% Bolsa),1376.0429887500002,534489.9107181154,822292.1703102433,756508.7966854238,-65783.37362481945,65783.37362481945,7.999999999999999
2027-01-20,20,2027-01-01,True,CUNDINAMARCA,11507081.8,458680.99625,199861000.44000003,129909650.29,388.4253,389878.85,68802.15,85.0,15.0,Cubierta (85.0% Contratos / 15.0% Bolsa),1376.0429887500002,534489.9107181154,822292.1703102433,756508.7966854238,-65783.37362481945,65783.37362481945,7.999999999999999
2027-01-20,20,2027-01-01,True,TOLIMA,9381981.46,458680.99625,199861000.44000003,129909650.29,388.4253,389878.85,68802.15,85.0,15.0,Cubierta (85.0% Contratos / 15.0% Bolsa),1376.0429887500002,534489.9107181154,822292.1703102433,756508.7966854238,-65783.37362481945,65783.37362481945,7.999999999999999
2027-01-21,21,2027-01-01,True,ANTIOQUIA,31460454.42,457924.25625,199531266.11,129695322.97,388.3714,389235.62,68688.64,85.0,15.0,Cubierta (85.0% Contratos / 15.0% Bolsa),1373.77276875,533534.0534813137,820821.6207499759,755155.8910899778,-65665.72965999809,65665.72965999809,8.000000000000004
2027-01-21,21,2027-01-01,True,BOGOTA,44032178.89,457924.25625,199531266.11,129695322.97,388.3714,389235.62,68688.64,85.0,15.0,Cubierta (85.0% Contratos / 15.0% Bolsa),1373.77276875,533534.0534813137,820821.6207499759,755155.8910899778,-65665.72965999809,65665.72965999809,8.000000000000004
2027-01-21,21,2027-01-01,True,CARIBE_MAR,35798358.58,457924.25625,199531266.11,129695322.97,388.3714,389235.62,68688.64,85.0,15.0,Cubierta (85.0% Contratos / 15.0% Bolsa),1373.77276875,533534.0534813137,820821.6207499759,755155.8910899778,-65665.72965999809,65665.72965999809,8.000000000000004
2027-01-21,21,2027-01-01,True,CARIBE_SOL,27455458.32,457924.25625,199531266.11,129695322.97,388.3714,389235.62,68688.64,85.0,15.0,Cubierta (85.0% Contratos / 15.0% Bolsa),1373.77276875,533534.0534813137,820821.6207499759,755155.8910899778,-65665.72965999809,65665.72965999809,8.000000000000004
2027-01-21,21,2027-01-01,True,VALLE,22482290.62,457924.25625,199531266.11,129695322.97,388.3714,389235.62,68688.64,85.0,15.0,Cubierta (85.0% Contratos / 15.0% Bolsa),1373.77276875,533534.0534813137,820821.6207499759,755155.8910899778,-65665.72965999809,65665.72965999809,8.000000000000004
2027-01-21,21,2027-01-01,True,SANTANDER,17756641.88,457924.25625,199531266.11,129695322.97,388.3714,389235.62,68688.64,85.0,15.0,Cubierta (85.0% Contratos / 15.0% Bolsa),1373.77276875,533534.0534813137,820821.6207499759,755155.8910899778,-65665.72965999809,65665.72965999809,8.000000000000004
2027-01-21,21,2027-01-01,True,CUNDINAMARCA,11242372.5,457924.25625,199531266.11,129695322.97,388.3714,389235.62,68688.64,85.0,15.0,Cubierta (85.0% Contratos / 15.0% Bolsa),1373.77276875,533534.0534813137,820821.6207499759,755155.8910899778,-65665.72965999809,65665.72965999809,8.000000000000004
2027-01-21,21,2027-01-01,True,TOLIMA,9303510.9,457924.25625,199531266.11,129695322.97,388.3714,389235.62,68688.64,85.0,15.0,Cubierta (85.0% Contratos / 15.0% Bolsa),1373.77276875,533534.0534813137,820821.6207499759,755155.8910899778,-65665.72965999809,65665.72965999809,8.000000000000004
2027-01-22,22,2027-01-01,True,ANTIOQUIA,31238617.98,458828.1375,199925114.16,129951324.2,388.2435,390003.92,68824.22,85.0,15.0,Cubierta (85.0% Contratos / 15.0% Bolsa),1376.4844125,534411.1260044437,822170.9631090667,756397.2860603414,-65773.67704872531,65773.67704872531,7.9999999999999964
2027-01-22,22,2027-01-01,True,BOGOTA,43932203.63,458828.1375,199925114.16,129951324.2,388.2435,390003.92,68824.22,85.0,15.0,Cubierta (85.0% Contratos / 15.0% Bolsa),1376.4844125,534411.1260044437,822170.9631090667,756397.2860603414,-65773.67704872531,65773.67704872531,7.9999999999999964
2027-01-22,22,2027-01-01,True,CARIBE_MAR,35586513.61,458828.1375,199925114.16,129951324.2,388.2435,390003.92,68824.22,85.0,15.0,Cubierta (85.0% Contratos / 15.0% Bolsa),1376.4844125,534411.1260044437,822170.9631090667,756397.2860603414,-65773.67704872531,65773.67704872531,7.9999999999999964
2027-01-22,22,2027-01-01,True,CARIBE_SOL,28038516.9,458828.1375,199925114.16,129951324.2,388.2435,390003.92,68824.22,85.0,15.0,Cubierta (85.0% Contratos / 15.0% Bolsa),1376.4844125,534411.1260044437,822170.9631090667,756397.2860603414,-65773.67704872531,65773.67704872531,7.9999999999999964
2027-01-22,22,2027-01-01,True,VALLE,22566874.1,458828.1375,199925114.16,129951324.2,388.2435,390003.92,68824.22,85.0,15.0,Cubierta (85.0% Contratos / 15.0% Bolsa),1376.4844125,534411.1260044437,822170.9631090667,756397.2860603414,-65773.67704872531,65773.67704872531,7.9999999999999964
2027-01-22,22,2027-01-01,True,SANTANDER,17715740.91,458828.1375,199925114.16,129951324.2,388.2435,390003.92,68824.22,85.0,15.0,Cubierta (85.0% Contratos / 15.0% Bolsa),1376.4844125,534411.1260044437,822170.9631090667,756397.2860603414,-65773.67704872531,65773.67704872531,7.9999999999999964
2027-01-22,22,2027-01-01,True,CUNDINAMARCA,11338460.09,458828.1375,199925114.16,129951324.2,388.2435,390003.92,68824.22,85.0,15.0,Cubierta (85.0% Contratos / 15.0% Bolsa),1376.4844125,534411.1260044437,822170.9631090667,756397.2860603414,-65773.67704872531,65773.67704872531,7.9999999999999964
2027-01-22,22,2027-01-01,True,TOLIMA,9508186.94,458828.1375,199925114.16,129951324.2,388.2435,390003.92,68824.22,85.0,15.0,Cubierta (85.0% Contratos / 15.0% Bolsa),1376.4844125,534411.1260044437,822170.9631090667,756397.2860603414,-65773.67704872531,65773.67704872531,7.9999999999999964
2027-01-23,23,2027-01-01,True,ANTIOQUIA,26448543.03,326205.84125,168581830.28,109578189.68,388.0475,277274.97,48930.88,85.0,15.0,Cubierta (85.0% Contratos / 15.0% Bolsa),978.61752375,379750.08354737813,584230.8977758605,537492.4259537917,-46738.471822068794,46738.471822068794,7.999999999999992
2027-01-23,23,2027-01-01,True,BOGOTA,36992188.25,326205.84125,168581830.28,109578189.68,388.0475,277274.97,48930.88,85.0,15.0,Cubierta (85.0% Contratos / 15.0% Bolsa),978.61752375,379750.08354737813,584230.8977758605,537492.4259537917,-46738.471822068794,46738.471822068794,7.999999999999992
2027-01-23,23,2027-01-01,True,CARIBE_MAR,29700942.98,326205.84125,168581830.28,109578189.68,388.0475,277274.97,48930.88,85.0,15.0,Cubierta (85.0% Contratos / 15.0% Bolsa),978.61752375,379750.08354737813,584230.8977758605,537492.4259537917,-46738.471822068794,46738.471822068794,7.999999999999992
2027-01-23,23,2027-01-01,True,CARIBE_SOL,23647927.17,326205.84125,168581830.28,109578189.68,388.0475,277274.97,48930.88,85.0,15.0,Cubierta (85.0% Contratos / 15.0% Bolsa),978.61752375,379750.08354737813,584230.8977758605,537492.4259537917,-46738.471822068794,46738.471822068794,7.999999999999992
2027-01-23,23,2027-01-01,True,VALLE,19298621.99,326205.84125,168581830.28,109578189.68,388.0475,277274.97,48930.88,85.0,15.0,Cubierta (85.0% Contratos / 15.0% Bolsa),978.61752375,379750.08354737813,584230.8977758605,537492.4259537917,-46738.471822068794,46738.471822068794,7.999999999999992
2027-01-23,23,2027-01-01,True,SANTANDER,14813254.16,326205.84125,168581830.28,109578189.68,388.0475,277274.97,48930.88,85.0,15.0,Cubierta (85.0% Contratos / 15.0% Bolsa),978.61752375,379750.08354737813,584230.8977758605,537492.4259537917,-46738.471822068794,46738.471822068794,7.999999999999992
2027-01-23,23,2027-01-01,True,CUNDINAMARCA,9601220.86,326205.84125,168581830.28,109578189.68,388.0475,277274.97,48930.88,85.0,15.0,Cubierta (85.0% Contratos / 15.0% Bolsa),978.61752375,379750.08354737813,584230.8977758605,537492.4259537917,-46738.471822068794,46738.471822068794,7.999999999999992
2027-01-23,23,2027-01-01,True,TOLIMA,8079131.84,326205.84125,168581830.28,109578189.68,388.0475,277274.97,48930.88,85.0,15.0,Cubierta (85.0% Contratos / 15.0% Bolsa),978.61752375,379750.08354737813,584230.8977758605,537492.4259537917,-46738.471822068794,46738.471822068794,7.999999999999992
2027-01-24,24,2027-01-01,True,ANTIOQUIA,26806959.58,325364.6125,168147086.33,109295606.11,387.7904,276559.92,48804.69,85.0,15.0,Cubierta (85.0% Contratos / 15.0% Bolsa),976.0938375,378519.81968166,582338.1841496072,535751.1294176386,-46587.05473196856,46587.05473196856,7.999999999999997
2027-01-24,24,2027-01-01,True,BOGOTA,36930939.46,325364.6125,168147086.33,109295606.11,387.7904,276559.92,48804.69,85.0,15.0,Cubierta (85.0% Contratos / 15.0% Bolsa),976.0938375,378519.81968166,582338.1841496072,535751.1294176386,-46587.05473196856,46587.05473196856,7.999999999999997
2027-01-24,24,2027-01-01,True,CARIBE_MAR,29746480.56,325364.6125,168147086.33,109295606.11,387.7904,276559.92,48804.69,85.0,15.0,Cubierta (85.0% Contratos / 15.0% Bolsa),976.0938375,378519.81968166,582338.1841496072,535751.1294176386,-46587.05473196856,46587.05473196856,7.999999999999997
2027-01-24,24,2027-01-01,True,CARIBE_SOL,23299651.35,325364.6125,168147086.33,109295606.11,387.7904,276559.92,48804.69,85.0,15.0,Cubierta (85.0% Contratos / 15.0% Bolsa),976.0938375,378519.81968166,582338.1841496072,535751.1294176386,-46587.05473196856,46587.05473196856,7.999999999999997
2027-01-24,24,2027-01-01,True,VALLE,19118314.52,325364.6125,168147086.33,109295606.11,387.7904,276559.92,48804.69,85.0,15.0,Cubierta (85.0% Contratos / 15.0% Bolsa),976.0938375,378519.81968166,582338.1841496072,535751.1294176386,-46587.05473196856,46587.05473196856,7.999999999999997
2027-01-24,24,2027-01-01,True,SANTANDER,14685768.27,325364.6125,168147086.33,109295606.11,387.7904,276559.92,48804.69,85.0,15.0,Cubierta (85.0% Contratos / 15.0% Bolsa),976.0938375,378519.81968166,582338.1841496072,535751.1294176386,-46587.05473196856,46587.05473196856,7.999999999999997
2027-01-24,24,2027-01-01,True,CUNDINAMARCA,9565485.41,325364.6125,168147086.33,109295606.11,387.7904,276559.92,48804.69,85.0,15.0,Cubierta (85.0% Contratos / 15.0% Bolsa),976.0938375,378519.81968166,582338.1841496072,535751.1294176386,-46587.05473196856,46587.05473196856,7.999999999999997
2027-01-24,24,2027-01-01,True,TOLIMA,7993487.18,325364.6125,168147086.33,109295606.11,387.7904,276559.92,48804.69,85.0,15.0,Cubierta (85.0% Contratos / 15.0% Bolsa),976.0938375,378519.81968166,582338.1841496072,535751.1294176386,-46587.05473196856,46587.05473196856,7.999999999999997
2027-01-25,25,2027-01-01,True,ANTIOQUIA,31159883.58,460723.58625,200751018.12,130488161.78,387.4804,391615.05,69108.54,85.0,15.0,Cubierta (85.0% Contratos / 15.0% Bolsa),1382.17075875,535564.0784687535,823944.736093146,758029.1572056944,-65915.57888745167,65915.57888745167,7.999999999999999
2027-01-25,25,2027-01-01,True,BOGOTA,44583445.46,460723.58625,200751018.12,130488161.78,387.4804,391615.05,69108.54,85.0,15.0,Cubierta (85.0% Contratos / 15.0% Bolsa),1382.17075875,535564.0784687535,823944.736093146,758029.1572056944,-65915.57888745167,65915.57888745167,7.999999999999999
2027-01-25,25,2027-01-01,True,CARIBE_MAR,35612579.77,460723.58625,200751018.12,130488161.78,387.4804,391615.05,69108.54,85.0,15.0,Cubierta (85.0% Contratos / 15.0% Bolsa),1382.17075875,535564.0784687535,823944.736093146,758029.1572056944,-65915.57888745167,65915.57888745167,7.999999999999999
2027-01-25,25,2027-01-01,True,CARIBE_SOL,27997781.77,460723.58625,200751018.12,130488161.78,387.4804,391615.05,69108.54,85.0,15.0,Cubierta (85.0% Contratos / 15.0% Bolsa),1382.17075875,535564.0784687535,823944.736093146,758029.1572056944,-65915.57888745167,65915.57888745167,7.999999999999999
2027-01-25,25,2027-01-01,True,VALLE,22713638.57,460723.58625,200751018.12,130488161.78,387.4804,391615.05,69108.54,85.0,15.0,Cubierta (85.0% Contratos / 15.0% Bolsa),1382.17075875,535564.0784687535,823944.736093146,758029.1572056944,-65915.57888745167,65915.57888745167,7.999999999999999
2027-01-25,25,2027-01-01,True,SANTANDER,17707388.0,460723.58625,200751018.12,130488161.78,387.4804,391615.05,69108.54,85.0,15.0,Cubierta (85.0% Contratos / 15.0% Bolsa),1382.17075875,535564.0784687535,823944.736093146,758029.1572056944,-65915.57888745167,65915.57888745167,7.999999999999999
2027-01-25,25,2027-01-01,True,CUNDINAMARCA,11531097.97,460723.58625,200751018.12,130488161.78,387.4804,391615.05,69108.54,85.0,15.0,Cubierta (85.0% Contratos / 15.0% Bolsa),1382.17075875,535564.0784687535,823944.736093146,758029.1572056944,-65915.57888745167,65915.57888745167,7.999999999999999
2027-01-25,25,2027-01-01,True,TOLIMA,9445203.0,460723.58625,200751018.12,130488161.78,387.4804,391615.05,69108.54,85.0,15.0,Cubierta (85.0% Contratos / 15.0% Bolsa),1382.17075875,535564.0784687535,823944.736093146,758029.1572056944,-65915.57888745167,65915.57888745167,7.999999999999999
2027-01-26,26,2027-01-01,True,ANTIOQUIA,31893737.68,459863.885,200376420.67000002,130244673.44,387.1269,390884.3,68979.58,85.0,15.0,Cubierta (85.0% Contratos / 15.0% Bolsa),1379.591655,534077.0406660194,821656.9856116415,755924.4267627102,-65732.55884893134,65732.55884893134,8.000000000000002
2027-01-26,26,2027-01-01,True,BOGOTA,44073043.26,459863.885,200376420.67000002,130244673.44,387.1269,390884.3,68979.58,85.0,15.0,Cubierta (85.0% Contratos / 15.0% Bolsa),1379.591655,534077.0406660194,821656.9856116415,755924.4267627102,-65732.55884893134,65732.55884893134,8.000000000000002
2027-01-26,26,2027-01-01,True,CARIBE_MAR,34878655.95,459863.885,200376420.67000002,130244673.44,387.1269,390884.3,68979.58,85.0,15.0,Cubierta (85.0% Contratos / 15.0% Bolsa),1379.591655,534077.0406660194,821656.9856116415,755924.4267627102,-65732.55884893134,65732.55884893134,8.000000000000002
2027-01-26,26,2027-01-01,True,CARIBE_SOL,27864563.04,459863.885,200376420.67000002,130244673.44,387.1269,390884.3,68979.58,85.0,15.0,Cubierta (85.0% Contratos / 15.0% Bolsa),1379.591655,534077.0406660194,821656.9856116415,755924.4267627102,-65732.55884893134,65732.55884893134,8.000000000000002
2027-01-26,26,2027-01-01,True,VALLE,22941090.1,459863.885,200376420.67000002,130244673.44,387.1269,390884.3,68979.58,85.0,15.0,Cubierta (85.0% Contratos / 15.0% Bolsa),1379.591655,534077.0406660194,821656.9856116415,755924.4267627102,-65732.55884893134,65732.55884893134,8.000000000000002
2027-01-26,26,2027-01-01,True,SANTANDER,17913144.77,459863.885,200376420.67000002,130244673.44,387.1269,390884.3,68979.58,85.0,15.0,Cubierta (85.0% Contratos / 15.0% Bolsa),1379.591655,534077.0406660194,821656.9856116415,755924.4267627102,-65732.55884893134,65732.55884893134,8.000000000000002
2027-01-26,26,2027-01-01,True,CUNDINAMARCA,11372035.34,459863.885,200376420.67000002,130244673.44,387.1269,390884.3,68979.58,85.0,15.0,Cubierta (85.0% Contratos / 15.0% Bolsa),1379.591655,534077.0406660194,821656.9856116415,755924.4267627102,-65732.55884893134,65732.55884893134,8.000000000000002
2027-01-26,26,2027-01-01,True,TOLIMA,9440150.53,459863.885,200376420.67000002,130244673.44,387.1269,390884.3,68979.58,85.0,15.0,Cubierta (85.0% Contratos / 15.0% Bolsa),1379.591655,534077.0406660194,821656.9856116415,755924.4267627102,-65732.55884893134,65732.55884893134,8.000000000000002
2027-01-27,27,2027-01-01,True,ANTIOQUIA,31452559.53,458117.0825,199615286.24,129749936.06,386.7403,389399.52,68717.56,85.0,15.0,Cubierta (85.0% Contratos / 15.0% Bolsa),1374.3512475,531517.0137635242,817718.4826879052,752301.0040728728,-65417.47861503239,65417.47861503239,7.999999999999997
2027-01-27,27,2027-01-01,True,BOGOTA,43616997.88,458117.0825,199615286.24,129749936.06,386.7403,389399.52,68717.56,85.0,15.0,Cubierta (85.0% Contratos / 15.0% Bolsa),1374.3512475,531517.0137635242,817718.4826879052,752301.0040728728,-65417.47861503239,65417.47861503239,7.999999999999997
2027-01-27,27,2027-01-01,True,CARIBE_MAR,35367894.07,458117.0825,199615286.24,129749936.06,386.7403,389399.52,68717.56,85.0,15.0,Cubierta (85.0% Contratos / 15.0% Bolsa),1374.3512475,531517.0137635242,817718.4826879052,752301.0040728728,-65417.47861503239,65417.47861503239,7.999999999999997
2027-01-27,27,2027-01-01,True,CARIBE_SOL,27998757.93,458117.0825,199615286.24,129749936.06,386.7403,389399.52,68717.56,85.0,15.0,Cubierta (85.0% Contratos / 15.0% Bolsa),1374.3512475,531517.0137635242,817718.4826879052,752301.0040728728,-65417.47861503239,65417.47861503239,7.999999999999997
2027-01-27,27,2027-01-01,True,VALLE,22945440.18,458117.0825,199615286.24,129749936.06,386.7403,389399.52,68717.56,85.0,15.0,Cubierta (85.0% Contratos / 15.0% Bolsa),1374.3512475,531517.0137635242,817718.4826879052,752301.0040728728,-65417.47861503239,65417.47861503239,7.999999999999997
2027-01-27,27,2027-01-01,True,SANTANDER,17450915.81,458117.0825,199615286.24,129749936.06,386.7403,389399.52,68717.56,85.0,15.0,Cubierta (85.0% Contratos / 15.0% Bolsa),1374.3512475,531517.0137635242,817718.4826879052,752301.0040728728,-65417.47861503239,65417.47861503239,7.999999999999997
2027-01-27,27,2027-01-01,True,CUNDINAMARCA,11313769.84,458117.0825,199615286.24,129749936.06,386.7403,389399.52,68717.56,85.0,15.0,Cubierta (85.0% Contratos / 15.0% Bolsa),1374.3512475,531517.0137635242,817718.4826879052,752301.0040728728,-65417.47861503239,65417.47861503239,7.999999999999997
2027-01-27,27,2027-01-01,True,TOLIMA,9468951.0,458117.0825,199615286.24,129749936.06,386.7403,389399.52,68717.56,85.0,15.0,Cubierta (85.0% Contratos / 15.0% Bolsa),1374.3512475,531517.0137635242,817718.4826879052,752301.0040728728,-65417.47861503239,65417.47861503239,7.999999999999997
2027-01-28,28,2027-01-01,True,ANTIOQUIA,31849466.45,460259.61625,200548852.39999998,130356754.06,386.3313,391220.67,69038.94,85.0,15.0,Cubierta (85.0% Contratos / 15.0% Bolsa),1380.7788487500002,533438.0876500909,820673.9810001397,755020.0625201286,-65653.91848001117,65653.91848001117,7.999999999999999
2027-01-28,28,2027-01-01,True,BOGOTA,44111139.07,460259.61625,200548852.39999998,130356754.06,386.3313,391220.67,69038.94,85.0,15.0,Cubierta (85.0% Contratos / 15.0% Bolsa),1380.7788487500002,533438.0876500909,820673.9810001397,755020.0625201286,-65653.91848001117,65653.91848001117,7.999999999999999
2027-01-28,28,2027-01-01,True,CARIBE_MAR,35741722.43,460259.61625,200548852.39999998,130356754.06,386.3313,391220.67,69038.94,85.0,15.0,Cubierta (85.0% Contratos / 15.0% Bolsa),1380.7788487500002,533438.0876500909,820673.9810001397,755020.0625201286,-65653.91848001117,65653.91848001117,7.999999999999999
2027-01-28,28,2027-01-01,True,CARIBE_SOL,27434739.54,460259.61625,200548852.39999998,130356754.06,386.3313,391220.67,69038.94,85.0,15.0,Cubierta (85.0% Contratos / 15.0% Bolsa),1380.7788487500002,533438.0876500909,820673.9810001397,755020.0625201286,-65653.91848001117,65653.91848001117,7.999999999999999
2027-01-28,28,2027-01-01,True,VALLE,22912664.53,460259.61625,200548852.39999998,130356754.06,386.3313,391220.67,69038.94,85.0,15.0,Cubierta (85.0% Contratos / 15.0% Bolsa),1380.7788487500002,533438.0876500909,820673.9810001397,755020.0625201286,-65653.91848001117,65653.91848001117,7.999999999999999
2027-01-28,28,2027-01-01,True,SANTANDER,17838803.42,460259.61625,200548852.39999998,130356754.06,386.3313,391220.67,69038.94,85.0,15.0,Cubierta (85.0% Contratos / 15.0% Bolsa),1380.7788487500002,533438.0876500909,820673.9810001397,755020.0625201286,-65653.91848001117,65653.91848001117,7.999999999999999
2027-01-28,28,2027-01-01,True,CUNDINAMARCA,11330725.67,460259.61625,200548852.39999998,130356754.06,386.3313,391220.67,69038.94,85.0,15.0,Cubierta (85.0% Contratos / 15.0% Bolsa),1380.7788487500002,533438.0876500909,820673.9810001397,755020.0625201286,-65653.91848001117,65653.91848001117,7.999999999999999
2027-01-28,28,2027-01-01,True,TOLIMA,9329591.29,460259.61625,200548852.39999998,130356754.06,386.3313,391220.67,69038.94,85.0,15.0,Cubierta (85.0% Contratos / 15.0% Bolsa),1380.7788487500002,533438.0876500909,820673.9810001397,755020.0625201286,-65653.91848001117,65653.91848001117,7.999999999999999
2027-01-29,29,2027-01-01,True,ANTIOQUIA,31868761.67,460751.66875,200763254.51,130496115.43,385.9115,391638.92,69112.75,85.0,15.0,Cubierta (85.0% Contratos / 15.0% Bolsa),1382.25500625,533428.1028444469,820658.6197701207,755005.930188511,-65652.68958160968,65652.68958160968,8.000000000000004
2027-01-29,29,2027-01-01,True,BOGOTA,44496494.96,460751.66875,200763254.51,130496115.43,385.9115,391638.92,69112.75,85.0,15.0,Cubierta (85.0% Contratos / 15.0% Bolsa),1382.25500625,533428.1028444469,820658.6197701207,755005.930188511,-65652.68958160968,65652.68958160968,8.000000000000004
2027-01-29,29,2027-01-01,True,CARIBE_MAR,34880119.94,460751.66875,200763254.51,130496115.43,385.9115,391638.92,69112.75,85.0,15.0,Cubierta (85.0% Contratos / 15.0% Bolsa),1382.25500625,533428.1028444469,820658.6197701207,755005.930188511,-65652.68958160968,65652.68958160968,8.000000000000004
2027-01-29,29,2027-01-01,True,CARIBE_SOL,27734773.02,460751.66875,200763254.51,130496115.43,385.9115,391638.92,69112.75,85.0,15.0,Cubierta (85.0% Contratos / 15.0% Bolsa),1382.25500625,533428.1028444469,820658.6197701207,755005.930188511,-65652.68958160968,65652.68958160968,8.000000000000004
2027-01-29,29,2027-01-01,True,VALLE,22980274.76,460751.66875,200763254.51,130496115.43,385.9115,391638.92,69112.75,85.0,15.0,Cubierta (85.0% Contratos / 15.0% Bolsa),1382.25500625,533428.1028444469,820658.6197701207,755005.930188511,-65652.68958160968,65652.68958160968,8.000000000000004
2027-01-29,29,2027-01-01,True,SANTANDER,17794657.3,460751.66875,200763254.51,130496115.43,385.9115,391638.92,69112.75,85.0,15.0,Cubierta (85.0% Contratos / 15.0% Bolsa),1382.25500625,533428.1028444469,820658.6197701207,755005.930188511,-65652.68958160968,65652.68958160968,8.000000000000004
2027-01-29,29,2027-01-01,True,CUNDINAMARCA,11407149.25,460751.66875,200763254.51,130496115.43,385.9115,391638.92,69112.75,85.0,15.0,Cubierta (85.0% Contratos / 15.0% Bolsa),1382.25500625,533428.1028444469,820658.6197701207,755005.930188511,-65652.68958160968,65652.68958160968,8.000000000000004
2027-01-29,29,2027-01-01,True,TOLIMA,9601023.61,460751.66875,200763254.51,130496115.43,385.9115,391638.92,69112.75,85.0,15.0,Cubierta (85.0% Contratos / 15.0% Bolsa),1382.25500625,533428.1028444469,820658.6197701207,755005.930188511,-65652.68958160968,65652.68958160968,8.000000000000004
2027-01-30,30,2027-01-01,True,ANTIOQUIA,26509313.6,326948.06375,168965407.72,109827515.02,385.4924,277905.85,49042.21,85.0,15.0,Cubierta (85.0% Contratos / 15.0% Bolsa),980.8441912499999,378107.98131102143,581704.5866217476,535168.2196920078,-46536.36692973983,46536.36692973983,8.000000000000004
2027-01-30,30,2027-01-01,True,BOGOTA,37222020.63,326948.06375,168965407.72,109827515.02,385.4924,277905.85,49042.21,85.0,15.0,Cubierta (85.0% Contratos / 15.0% Bolsa),980.8441912499999,378107.98131102143,581704.5866217476,535168.2196920078,-46536.36692973983,46536.36692973983,8.000000000000004
2027-01-30,30,2027-01-01,True,CARIBE_MAR,29780508.91,326948.06375,168965407.72,109827515.02,385.4924,277905.85,49042.21,85.0,15.0,Cubierta (85.0% Contratos / 15.0% Bolsa),980.8441912499999,378107.98131102143,581704.5866217476,535168.2196920078,-46536.36692973983,46536.36692973983,8.000000000000004
2027-01-30,30,2027-01-01,True,CARIBE_SOL,23601958.95,326948.06375,168965407.72,109827515.02,385.4924,277905.85,49042.21,85.0,15.0,Cubierta (85.0% Contratos / 15.0% Bolsa),980.8441912499999,378107.98131102143,581704.5866217476,535168.2196920078,-46536.36692973983,46536.36692973983,8.000000000000004
2027-01-30,30,2027-01-01,True,VALLE,19480014.62,326948.06375,168965407.72,109827515.02,385.4924,277905.85,49042.21,85.0,15.0,Cubierta (85.0% Contratos / 15.0% Bolsa),980.8441912499999,378107.98131102143,581704.5866217476,535168.2196920078,-46536.36692973983,46536.36692973983,8.000000000000004
2027-01-30,30,2027-01-01,True,SANTANDER,14764946.86,326948.06375,168965407.72,109827515.02,385.4924,277905.85,49042.21,85.0,15.0,Cubierta (85.0% Contratos / 15.0% Bolsa),980.8441912499999,378107.98131102143,581704.5866217476,535168.2196920078,-46536.36692973983,46536.36692973983,8.000000000000004
2027-01-30,30,2027-01-01,True,CUNDINAMARCA,9689336.34,326948.06375,168965407.72,109827515.02,385.4924,277905.85,49042.21,85.0,15.0,Cubierta (85.0% Contratos / 15.0% Bolsa),980.8441912499999,378107.98131102143,581704.5866217476,535168.2196920078,-46536.36692973983,46536.36692973983,8.000000000000004
2027-01-30,30,2027-01-01,True,TOLIMA,7917307.81,326948.06375,168965407.72,109827515.02,385.4924,277905.85,49042.21,85.0,15.0,Cubierta (85.0% Contratos / 15.0% Bolsa),980.8441912499999,378107.98131102143,581704.5866217476,535168.2196920078,-46536.36692973983,46536.36692973983,8.000000000000004
2027-01-31,31,2027-01-01,True,ANTIOQUIA,26642345.34,327245.93875,169119348.17,109927576.31,385.0856,278159.05,49086.89,85.0,15.0,Cubierta (85.0% Contratos / 15.0% Bolsa),981.7378162499999,378053.09601332096,581620.1477154469,535090.5358982112,-46529.61181723571,46529.61181723571,7.999999999999993
2027-01-31,31,2027-01-01,True,BOGOTA,37480581.27,327245.93875,169119348.17,109927576.31,385.0856,278159.05,49086.89,85.0,15.0,Cubierta (85.0% Contratos / 15.0% Bolsa),981.7378162499999,378053.09601332096,581620.1477154469,535090.5358982112,-46529.61181723571,46529.61181723571,7.999999999999993
2027-01-31,31,2027-01-01,True,CARIBE_MAR,30000252.33,327245.93875,169119348.17,109927576.31,385.0856,278159.05,49086.89,85.0,15.0,Cubierta (85.0% Contratos / 15.0% Bolsa),981.7378162499999,378053.09601332096,581620.1477154469,535090.5358982112,-46529.61181723571,46529.61181723571,7.999999999999993
2027-01-31,31,2027-01-01,True,CARIBE_SOL,23446884.38,327245.93875,169119348.17,109927576.31,385.0856,278159.05,49086.89,85.0,15.0,Cubierta (85.0% Contratos / 15.0% Bolsa),981.7378162499999,378053.09601332096,581620.1477154469,535090.5358982112,-46529.61181723571,46529.61181723571,7.999999999999993
2027-01-31,31,2027-01-01,True,VALLE,19306834.0,327245.93875,169119348.17,109927576.31,385.0856,278159.05,49086.89,85.0,15.0,Cubierta (85.0% Contratos / 15.0% Bolsa),981.7378162499999,378053.09601332096,581620.1477154469,535090.5358982112,-46529.61181723571,46529.61181723571,7.999999999999993
2027-01-31,31,2027-01-01,True,SANTANDER,14787873.68,327245.93875,169119348.17,109927576.31,385.0856,278159.05,49086.89,85.0,15.0,Cubierta (85.0% Contratos / 15.0% Bolsa),981.7378162499999,378053.09601332096,581620.1477154469,535090.5358982112,-46529.61181723571,46529.61181723571,7.999999999999993
2027-01-31,31,2027-01-01,True,CUNDINAMARCA,9527050.78,327245.93875,169119348.17,109927576.31,385.0856,278159.05,49086.89,85.0,15.0,Cubierta (85.0% Contratos / 15.0% Bolsa),981.7378162499999,378053.09601332096,581620.1477154469,535090.5358982112,-46529.61181723571,46529.61181723571,7.999999999999993
2027-01-31,31,2027-01-01,True,TOLIMA,7927526.39,327245.93875,169119348.17,109927576.31,385.0856,278159.05,49086.89,85.0,15.0,Cubierta (85.0% Contratos / 15.0% Bolsa),981.7378162499999,378053.09601332096,581620.1477154469,535090.5358982112,-46529.61181723571,46529.61181723571,7.999999999999993
2027-02-01,1,2027-02-01,True,ANTIOQUIA,31600805.82,460778.245,200774834.23,130503642.25,384.7025,391661.51,69116.74,85.0,15.0,Cubierta (85.0% Contratos / 15.0% Bolsa),1382.334735,531787.6283913375,818134.8129066154,752684.0278740863,-65450.78503252915,65450.78503252915,7.999999999999989
2027-02-01,1,2027-02-01,True,BOGOTA,43931472.94,460778.245,200774834.23,130503642.25,384.7025,391661.51,69116.74,85.0,15.0,Cubierta (85.0% Contratos / 15.0% Bolsa),1382.334735,531787.6283913375,818134.8129066154,752684.0278740863,-65450.78503252915,65450.78503252915,7.999999999999989
2027-02-01,1,2027-02-01,True,CARIBE_MAR,35918722.24,460778.245,200774834.23,130503642.25,384.7025,391661.51,69116.74,85.0,15.0,Cubierta (85.0% Contratos / 15.0% Bolsa),1382.334735,531787.6283913375,818134.8129066154,752684.0278740863,-65450.78503252915,65450.78503252915,7.999999999999989
2027-02-01,1,2027-02-01,True,CARIBE_SOL,27767666.55,460778.245,200774834.23,130503642.25,384.7025,391661.51,69116.74,85.0,15.0,Cubierta (85.0% Contratos / 15.0% Bolsa),1382.334735,531787.6283913375,818134.8129066154,752684.0278740863,-65450.78503252915,65450.78503252915,7.999999999999989
2027-02-01,1,2027-02-01,True,VALLE,22721798.43,460778.245,200774834.23,130503642.25,384.7025,391661.51,69116.74,85.0,15.0,Cubierta (85.0% Contratos / 15.0% Bolsa),1382.334735,531787.6283913375,818134.8129066154,752684.0278740863,-65450.78503252915,65450.78503252915,7.999999999999989
2027-02-01,1,2027-02-01,True,SANTANDER,17713908.01,460778.245,200774834.23,130503642.25,384.7025,391661.51,69116.74,85.0,15.0,Cubierta (85.0% Contratos / 15.0% Bolsa),1382.334735,531787.6283913375,818134.8129066154,752684.0278740863,-65450.78503252915,65450.78503252915,7.999999999999989
2027-02-01,1,2027-02-01,True,CUNDINAMARCA,11459384.7,460778.245,200774834.23,130503642.25,384.7025,391661.51,69116.74,85.0,15.0,Cubierta (85.0% Contratos / 15.0% Bolsa),1382.334735,531787.6283913375,818134.8129066154,752684.0278740863,-65450.78503252915,65450.78503252915,7.999999999999989
2027-02-01,1,2027-02-01,True,TOLIMA,9661075.54,460778.245,200774834.23,130503642.25,384.7025,391661.51,69116.74,85.0,15.0,Cubierta (85.0% Contratos / 15.0% Bolsa),1382.334735,531787.6283913375,818134.8129066154,752684.0278740863,-65450.78503252915,65450.78503252915,7.999999999999989
2027-02-02,2,2027-02-01,True,ANTIOQUIA,31542841.63,457703.905,199435252.56,129632914.16,384.3539,389048.32,68655.59,85.0,15.0,Cubierta (85.0% Contratos / 15.0% Bolsa),1373.111715,527760.8427959385,811939.7581726513,746984.5775188393,-64955.180653812014,64955.180653812014,7.999999999999989
2027-02-02,2,2027-02-01,True,BOGOTA,43904760.15,457703.905,199435252.56,129632914.16,384.3539,389048.32,68655.59,85.0,15.0,Cubierta (85.0% Contratos / 15.0% Bolsa),1373.111715,527760.8427959385,811939.7581726513,746984.5775188393,-64955.180653812014,64955.180653812014,7.999999999999989
2027-02-02,2,2027-02-01,True,CARIBE_MAR,35211931.91,457703.905,199435252.56,129632914.16,384.3539,389048.32,68655.59,85.0,15.0,Cubierta (85.0% Contratos / 15.0% Bolsa),1373.111715,527760.8427959385,811939.7581726513,746984.5775188393,-64955.180653812014,64955.180653812014,7.999999999999989
2027-02-02,2,2027-02-01,True,CARIBE_SOL,27940411.26,457703.905,199435252.56,129632914.16,384.3539,389048.32,68655.59,85.0,15.0,Cubierta (85.0% Contratos / 15.0% Bolsa),1373.111715,527760.8427959385,811939.7581726513,746984.5775188393,-64955.180653812014,64955.180653812014,7.999999999999989
2027-02-02,2,2027-02-01,True,VALLE,22451832.9,457703.905,199435252.56,129632914.16,384.3539,389048.32,68655.59,85.0,15.0,Cubierta (85.0% Contratos / 15.0% Bolsa),1373.111715,527760.8427959385,811939.7581726513,746984.5775188393,-64955.180653812014,64955.180653812014,7.999999999999989
2027-02-02,2,2027-02-01,True,SANTANDER,17506981.33,457703.905,199435252.56,129632914.16,384.3539,389048.32,68655.59,85.0,15.0,Cubierta (85.0% Contratos / 15.0% Bolsa),1373.111715,527760.8427959385,811939.7581726513,746984.5775188393,-64955.180653812014,64955.180653812014,7.999999999999989
2027-02-02,2,2027-02-01,True,CUNDINAMARCA,11406456.47,457703.905,199435252.56,129632914.16,384.3539,389048.32,68655.59,85.0,15.0,Cubierta (85.0% Contratos / 15.0% Bolsa),1373.111715,527760.8427959385,811939.7581726513,746984.5775188393,-64955.180653812014,64955.180653812014,7.999999999999989
2027-02-02,2,2027-02-01,True,TOLIMA,9470036.91,457703.905,199435252.56,129632914.16,384.3539,389048.32,68655.59,85.0,15.0,Cubierta (85.0% Contratos / 15.0% Bolsa),1373.111715,527760.8427959385,811939.7581726513,746984.5775188393,-64955.180653812014,64955.180653812014,7.999999999999989
2027-02-03,3,2027-02-01,True,ANTIOQUIA,31993549.87,460560.46625,200679941.57000002,130441962.02,384.0499,391476.4,69084.07,85.0,15.0,Cubierta (85.0% Contratos / 15.0% Bolsa),1381.68139875,530634.6030217976,816360.9277289718,751052.0535106541,-65308.87421831768,65308.87421831768,7.999999999999992
2027-02-03,3,2027-02-01,True,BOGOTA,44436154.41,460560.46625,200679941.57000002,130441962.02,384.0499,391476.4,69084.07,85.0,15.0,Cubierta (85.0% Contratos / 15.0% Bolsa),1381.68139875,530634.6030217976,816360.9277289718,751052.0535106541,-65308.87421831768,65308.87421831768,7.999999999999992
2027-02-03,3,2027-02-01,True,CARIBE_MAR,35033784.61,460560.46625,200679941.57000002,130441962.02,384.0499,391476.4,69084.07,85.0,15.0,Cubierta (85.0% Contratos / 15.0% Bolsa),1381.68139875,530634.6030217976,816360.9277289718,751052.0535106541,-65308.87421831768,65308.87421831768,7.999999999999992
2027-02-03,3,2027-02-01,True,CARIBE_SOL,28052846.13,460560.46625,200679941.57000002,130441962.02,384.0499,391476.4,69084.07,85.0,15.0,Cubierta (85.0% Contratos / 15.0% Bolsa),1381.68139875,530634.6030217976,816360.9277289718,751052.0535106541,-65308.87421831768,65308.87421831768,7.999999999999992
2027-02-03,3,2027-02-01,True,VALLE,22681088.73,460560.46625,200679941.57000002,130441962.02,384.0499,391476.4,69084.07,85.0,15.0,Cubierta (85.0% Contratos / 15.0% Bolsa),1381.68139875,530634.6030217976,816360.9277289718,751052.0535106541,-65308.87421831768,65308.87421831768,7.999999999999992
2027-02-03,3,2027-02-01,True,SANTANDER,17551945.61,460560.46625,200679941.57000002,130441962.02,384.0499,391476.4,69084.07,85.0,15.0,Cubierta (85.0% Contratos / 15.0% Bolsa),1381.68139875,530634.6030217976,816360.9277289718,751052.0535106541,-65308.87421831768,65308.87421831768,7.999999999999992
2027-02-03,3,2027-02-01,True,CUNDINAMARCA,11439764.41,460560.46625,200679941.57000002,130441962.02,384.0499,391476.4,69084.07,85.0,15.0,Cubierta (85.0% Contratos / 15.0% Bolsa),1381.68139875,530634.6030217976,816360.9277289718,751052.0535106541,-65308.87421831768,65308.87421831768,7.999999999999992
2027-02-03,3,2027-02-01,True,TOLIMA,9490807.8,460560.46625,200679941.57000002,130441962.02,384.0499,391476.4,69084.07,85.0,15.0,Cubierta (85.0% Contratos / 15.0% Bolsa),1381.68139875,530634.6030217976,816360.9277289718,751052.0535106541,-65308.87421831768,65308.87421831768,7.999999999999992
2027-02-04,4,2027-02-01,True,ANTIOQUIA,31581342.79,461715.4975,201183223.09,130769095.01,383.7999,392458.17,69257.32,85.0,15.0,Cubierta (85.0% Contratos / 15.0% Bolsa),1385.1464925,531619.0853068507,817875.5158473119,752445.474579527,-65430.041267784894,65430.041267784894,7.999999999999993
2027-02-04,4,2027-02-01,True,BOGOTA,44829700.8,461715.4975,201183223.09,130769095.01,383.7999,392458.17,69257.32,85.0,15.0,Cubierta (85.0% Contratos / 15.0% Bolsa),1385.1464925,531619.0853068507,817875.5158473119,752445.474579527,-65430.041267784894,65430.041267784894,7.999999999999993
2027-02-04,4,2027-02-01,True,CARIBE_MAR,35697415.55,461715.4975,201183223.09,130769095.01,383.7999,392458.17,69257.32,85.0,15.0,Cubierta (85.0% Contratos / 15.0% Bolsa),1385.1464925,531619.0853068507,817875.5158473119,752445.474579527,-65430.041267784894,65430.041267784894,7.999999999999993
2027-02-04,4,2027-02-01,True,CARIBE_SOL,27719279.41,461715.4975,201183223.09,130769095.01,383.7999,392458.17,69257.32,85.0,15.0,Cubierta (85.0% Contratos / 15.0% Bolsa),1385.1464925,531619.0853068507,817875.5158473119,752445.474579527,-65430.041267784894,65430.041267784894,7.999999999999993
2027-02-04,4,2027-02-01,True,VALLE,22520242.22,461715.4975,201183223.09,130769095.01,383.7999,392458.17,69257.32,85.0,15.0,Cubierta (85.0% Contratos / 15.0% Bolsa),1385.1464925,531619.0853068507,817875.5158473119,752445.474579527,-65430.041267784894,65430.041267784894,7.999999999999993
2027-02-04,4,2027-02-01,True,SANTANDER,17773589.63,461715.4975,201183223.09,130769095.01,383.7999,392458.17,69257.32,85.0,15.0,Cubierta (85.0% Contratos / 15.0% Bolsa),1385.1464925,531619.0853068507,817875.5158473119,752445.474579527,-65430.041267784894,65430.041267784894,7.999999999999993
2027-02-04,4,2027-02-01,True,CUNDINAMARCA,11429306.42,461715.4975,201183223.09,130769095.01,383.7999,392458.17,69257.32,85.0,15.0,Cubierta (85.0% Contratos / 15.0% Bolsa),1385.1464925,531619.0853068507,817875.5158473119,752445.474579527,-65430.041267784894,65430.041267784894,7.999999999999993
2027-02-04,4,2027-02-01,True,TOLIMA,9632346.27,461715.4975,201183223.09,130769095.01,383.7999,392458.17,69257.32,85.0,15.0,Cubierta (85.0% Contratos / 15.0% Bolsa),1385.1464925,531619.0853068507,817875.5158473119,752445.474579527,-65430.041267784894,65430.041267784894,7.999999999999993
2027-02-05,5,2027-02-01,True,ANTIOQUIA,31768418.64,461068.1275,200901145.03999996,130585744.28,383.612,391907.91,69160.22,85.0,15.0,Cubierta (85.0% Contratos / 15.0% Bolsa),1383.2043825,530613.7995795901,816328.9224051334,751022.6086127227,-65306.313792410656,65306.313792410656,7.999999999999999
2027-02-05,5,2027-02-01,True,BOGOTA,44271090.39,461068.1275,200901145.03999996,130585744.28,383.612,391907.91,69160.22,85.0,15.0,Cubierta (85.0% Contratos / 15.0% Bolsa),1383.2043825,530613.7995795901,816328.9224051334,751022.6086127227,-65306.313792410656,65306.313792410656,7.999999999999999
2027-02-05,5,2027-02-01,True,CARIBE_MAR,35347532.46,461068.1275,200901145.03999996,130585744.28,383.612,391907.91,69160.22,85.0,15.0,Cubierta (85.0% Contratos / 15.0% Bolsa),1383.2043825,530613.7995795901,816328.9224051334,751022.6086127227,-65306.313792410656,65306.313792410656,7.999999999999999
2027-02-05,5,2027-02-01,True,CARIBE_SOL,27989515.23,461068.1275,200901145.03999996,130585744.28,383.612,391907.91,69160.22,85.0,15.0,Cubierta (85.0% Contratos / 15.0% Bolsa),1383.2043825,530613.7995795901,816328.9224051334,751022.6086127227,-65306.313792410656,65306.313792410656,7.999999999999999
2027-02-05,5,2027-02-01,True,VALLE,22801075.91,461068.1275,200901145.03999996,130585744.28,383.612,391907.91,69160.22,85.0,15.0,Cubierta (85.0% Contratos / 15.0% Bolsa),1383.2043825,530613.7995795901,816328.9224051334,751022.6086127227,-65306.313792410656,65306.313792410656,7.999999999999999
2027-02-05,5,2027-02-01,True,SANTANDER,17688367.83,461068.1275,200901145.03999996,130585744.28,383.612,391907.91,69160.22,85.0,15.0,Cubierta (85.0% Contratos / 15.0% Bolsa),1383.2043825,530613.7995795901,816328.9224051334,751022.6086127227,-65306.313792410656,65306.313792410656,7.999999999999999
2027-02-05,5,2027-02-01,True,CUNDINAMARCA,11530457.85,461068.1275,200901145.03999996,130585744.28,383.612,391907.91,69160.22,85.0,15.0,Cubierta (85.0% Contratos / 15.0% Bolsa),1383.2043825,530613.7995795901,816328.9224051334,751022.6086127227,-65306.313792410656,65306.313792410656,7.999999999999999
2027-02-05,5,2027-02-01,True,TOLIMA,9504686.73,461068.1275,200901145.03999996,130585744.28,383.612,391907.91,69160.22,85.0,15.0,Cubierta (85.0% Contratos / 15.0% Bolsa),1383.2043825,530613.7995795901,816328.9224051334,751022.6086127227,-65306.313792410656,65306.313792410656,7.999999999999999
2027-02-06,6,2027-02-01,True,ANTIOQUIA,26896598.68,327982.08625,169499786.17999998,110174861.02,383.4931,278784.77,49197.31,85.0,15.0,Cubierta (85.0% Contratos / 15.0% Bolsa),983.94625875,377336.6010014396,580517.8476787152,534076.4198644181,-46441.427814297145,46441.427814297145,7.999999999999988
2027-02-06,6,2027-02-01,True,BOGOTA,37854049.26,327982.08625,169499786.17999998,110174861.02,383.4931,278784.77,49197.31,85.0,15.0,Cubierta (85.0% Contratos / 15.0% Bolsa),983.94625875,377336.6010014396,580517.8476787152,534076.4198644181,-46441.427814297145,46441.427814297145,7.999999999999988
2027-02-06,6,2027-02-01,True,CARIBE_MAR,29874224.17,327982.08625,169499786.17999998,110174861.02,383.4931,278784.77,49197.31,85.0,15.0,Cubierta (85.0% Contratos / 15.0% Bolsa),983.94625875,377336.6010014396,580517.8476787152,534076.4198644181,-46441.427814297145,46441.427814297145,7.999999999999988
2027-02-06,6,2027-02-01,True,CARIBE_SOL,23167688.28,327982.08625,169499786.17999998,110174861.02,383.4931,278784.77,49197.31,85.0,15.0,Cubierta (85.0% Contratos / 15.0% Bolsa),983.94625875,377336.6010014396,580517.8476787152,534076.4198644181,-46441.427814297145,46441.427814297145,7.999999999999988
2027-02-06,6,2027-02-01,True,VALLE,19146532.56,327982.08625,169499786.17999998,110174861.02,383.4931,278784.77,49197.31,85.0,15.0,Cubierta (85.0% Contratos / 15.0% Bolsa),983.94625875,377336.6010014396,580517.8476787152,534076.4198644181,-46441.427814297145,46441.427814297145,7.999999999999988
2027-02-06,6,2027-02-01,True,SANTANDER,14863926.56,327982.08625,169499786.17999998,110174861.02,383.4931,278784.77,49197.31,85.0,15.0,Cubierta (85.0% Contratos / 15.0% Bolsa),983.94625875,377336.6010014396,580517.8476787152,534076.4198644181,-46441.427814297145,46441.427814297145,7.999999999999988
2027-02-06,6,2027-02-01,True,CUNDINAMARCA,9677056.91,327982.08625,169499786.17999998,110174861.02,383.4931,278784.77,49197.31,85.0,15.0,Cubierta (85.0% Contratos / 15.0% Bolsa),983.94625875,377336.6010014396,580517.8476787152,534076.4198644181,-46441.427814297145,46441.427814297145,7.999999999999988
2027-02-06,6,2027-02-01,True,TOLIMA,8019709.76,327982.08625,169499786.17999998,110174861.02,383.4931,278784.77,49197.31,85.0,15.0,Cubierta (85.0% Contratos / 15.0% Bolsa),983.94625875,377336.6010014396,580517.8476787152,534076.4198644181,-46441.427814297145,46441.427814297145,7.999999999999988
2027-02-07,7,2027-02-01,True,ANTIOQUIA,26578937.68,326855.1475,168917388.91999996,109796302.8,383.4485,277826.88,49028.27,85.0,15.0,Cubierta (85.0% Contratos / 15.0% Bolsa),980.5654425000001,375996.3480784613,578455.9201101726,532179.4465013588,-46276.47360881383,46276.47360881383,8.000000000000004
2027-02-07,7,2027-02-01,True,BOGOTA,37209878.47,326855.1475,168917388.91999996,109796302.8,383.4485,277826.88,49028.27,85.0,15.0,Cubierta (85.0% Contratos / 15.0% Bolsa),980.5654425000001,375996.3480784613,578455.9201101726,532179.4465013588,-46276.47360881383,46276.47360881383,8.000000000000004
2027-02-07,7,2027-02-01,True,CARIBE_MAR,29749993.09,326855.1475,168917388.91999996,109796302.8,383.4485,277826.88,49028.27,85.0,15.0,Cubierta (85.0% Contratos / 15.0% Bolsa),980.5654425000001,375996.3480784613,578455.9201101726,532179.4465013588,-46276.47360881383,46276.47360881383,8.000000000000004
2027-02-07,7,2027-02-01,True,CARIBE_SOL,23621495.77,326855.1475,168917388.91999996,109796302.8,383.4485,277826.88,49028.27,85.0,15.0,Cubierta (85.0% Contratos / 15.0% Bolsa),980.5654425000001,375996.3480784613,578455.9201101726,532179.4465013588,-46276.47360881383,46276.47360881383,8.000000000000004
2027-02-07,7,2027-02-01,True,VALLE,19191708.13,326855.1475,168917388.91999996,109796302.8,383.4485,277826.88,49028.27,85.0,15.0,Cubierta (85.0% Contratos / 15.0% Bolsa),980.5654425000001,375996.3480784613,578455.9201101726,532179.4465013588,-46276.47360881383,46276.47360881383,8.000000000000004
2027-02-07,7,2027-02-01,True,SANTANDER,14929985.79,326855.1475,168917388.91999996,109796302.8,383.4485,277826.88,49028.27,85.0,15.0,Cubierta (85.0% Contratos / 15.0% Bolsa),980.5654425000001,375996.3480784613,578455.9201101726,532179.4465013588,-46276.47360881383,46276.47360881383,8.000000000000004
2027-02-07,7,2027-02-01,True,CUNDINAMARCA,9612348.92,326855.1475,168917388.91999996,109796302.8,383.4485,277826.88,49028.27,85.0,15.0,Cubierta (85.0% Contratos / 15.0% Bolsa),980.5654425000001,375996.3480784613,578455.9201101726,532179.4465013588,-46276.47360881383,46276.47360881383,8.000000000000004
2027-02-07,7,2027-02-01,True,TOLIMA,8023041.07,326855.1475,168917388.91999996,109796302.8,383.4485,277826.88,49028.27,85.0,15.0,Cubierta (85.0% Contratos / 15.0% Bolsa),980.5654425000001,375996.3480784613,578455.9201101726,532179.4465013588,-46276.47360881383,46276.47360881383,8.000000000000004
2027-02-08,8,2027-02-01,True,ANTIOQUIA,31626126.15,459104.03125,200045329.26999998,130029464.03,383.4824,390238.43,68865.6,85.0,15.0,Cubierta (85.0% Contratos / 15.0% Bolsa),1377.31209375,528174.947260275,812576.8419107632,747570.6945579022,-65006.14735286101,65006.14735286101,7.999999999999995
2027-02-08,8,2027-02-01,True,BOGOTA,43998765.96,459104.03125,200045329.26999998,130029464.03,383.4824,390238.43,68865.6,85.0,15.0,Cubierta (85.0% Contratos / 15.0% Bolsa),1377.31209375,528174.947260275,812576.8419107632,747570.6945579022,-65006.14735286101,65006.14735286101,7.999999999999995
2027-02-08,8,2027-02-01,True,CARIBE_MAR,35090052.08,459104.03125,200045329.26999998,130029464.03,383.4824,390238.43,68865.6,85.0,15.0,Cubierta (85.0% Contratos / 15.0% Bolsa),1377.31209375,528174.947260275,812576.8419107632,747570.6945579022,-65006.14735286101,65006.14735286101,7.999999999999995
2027-02-08,8,2027-02-01,True,CARIBE_SOL,27803392.89,459104.03125,200045329.26999998,130029464.03,383.4824,390238.43,68865.6,85.0,15.0,Cubierta (85.0% Contratos / 15.0% Bolsa),1377.31209375,528174.947260275,812576.8419107632,747570.6945579022,-65006.14735286101,65006.14735286101,7.999999999999995
2027-02-08,8,2027-02-01,True,VALLE,22822163.7,459104.03125,200045329.26999998,130029464.03,383.4824,390238.43,68865.6,85.0,15.0,Cubierta (85.0% Contratos / 15.0% Bolsa),1377.31209375,528174.947260275,812576.8419107632,747570.6945579022,-65006.14735286101,65006.14735286101,7.999999999999995
2027-02-08,8,2027-02-01,True,SANTANDER,17530966.97,459104.03125,200045329.26999998,130029464.03,383.4824,390238.43,68865.6,85.0,15.0,Cubierta (85.0% Contratos / 15.0% Bolsa),1377.31209375,528174.947260275,812576.8419107632,747570.6945579022,-65006.14735286101,65006.14735286101,7.999999999999995
2027-02-08,8,2027-02-01,True,CUNDINAMARCA,11613846.59,459104.03125,200045329.26999998,130029464.03,383.4824,390238.43,68865.6,85.0,15.0,Cubierta (85.0% Contratos / 15.0% Bolsa),1377.31209375,528174.947260275,812576.8419107632,747570.6945579022,-65006.14735286101,65006.14735286101,7.999999999999995
2027-02-08,8,2027-02-01,True,TOLIMA,9560014.93,459104.03125,200045329.26999998,130029464.03,383.4824,390238.43,68865.6,85.0,15.0,Cubierta (85.0% Contratos / 15.0% Bolsa),1377.31209375,528174.947260275,812576.8419107632,747570.6945579022,-65006.14735286101,65006.14735286101,7.999999999999995
2027-02-09,9,2027-02-01,True,ANTIOQUIA,32105140.19,462491.12375,201521187.07000002,130988771.6,383.5971,393117.46,69373.67,85.0,15.0,Cubierta (85.0% Contratos / 15.0% Bolsa),1387.4733712500001,532230.7615387235,818816.5561852911,753311.2316904679,-65505.32449482323,65505.32449482323,7.999999999999993
2027-02-09,9,2027-02-01,True,BOGOTA,44674525.7,462491.12375,201521187.07000002,130988771.6,383.5971,393117.46,69373.67,85.0,15.0,Cubierta (85.0% Contratos / 15.0% Bolsa),1387.4733712500001,532230.7615387235,818816.5561852911,753311.2316904679,-65505.32449482323,65505.32449482323,7.999999999999993
2027-02-09,9,2027-02-01,True,CARIBE_MAR,35595915.57,462491.12375,201521187.07000002,130988771.6,383.5971,393117.46,69373.67,85.0,15.0,Cubierta (85.0% Contratos / 15.0% Bolsa),1387.4733712500001,532230.7615387235,818816.5561852911,753311.2316904679,-65505.32449482323,65505.32449482323,7.999999999999993
2027-02-09,9,2027-02-01,True,CARIBE_SOL,27902686.28,462491.12375,201521187.07000002,130988771.6,383.5971,393117.46,69373.67,85.0,15.0,Cubierta (85.0% Contratos / 15.0% Bolsa),1387.4733712500001,532230.7615387235,818816.5561852911,753311.2316904679,-65505.32449482323,65505.32449482323,7.999999999999993
2027-02-09,9,2027-02-01,True,VALLE,22732811.86,462491.12375,201521187.07000002,130988771.6,383.5971,393117.46,69373.67,85.0,15.0,Cubierta (85.0% Contratos / 15.0% Bolsa),1387.4733712500001,532230.7615387235,818816.5561852911,753311.2316904679,-65505.32449482323,65505.32449482323,7.999999999999993
2027-02-09,9,2027-02-01,True,SANTANDER,17780152.6,462491.12375,201521187.07000002,130988771.6,383.5971,393117.46,69373.67,85.0,15.0,Cubierta (85.0% Contratos / 15.0% Bolsa),1387.4733712500001,532230.7615387235,818816.5561852911,753311.2316904679,-65505.32449482323,65505.32449482323,7.999999999999993
2027-02-09,9,2027-02-01,True,CUNDINAMARCA,11249246.79,462491.12375,201521187.07000002,130988771.6,383.5971,393117.46,69373.67,85.0,15.0,Cubierta (85.0% Contratos / 15.0% Bolsa),1387.4733712500001,532230.7615387235,818816.5561852911,753311.2316904679,-65505.32449482323,65505.32449482323,7.999999999999993
2027-02-09,9,2027-02-01,True,TOLIMA,9480708.08,462491.12375,201521187.07000002,130988771.6,383.5971,393117.46,69373.67,85.0,15.0,Cubierta (85.0% Contratos / 15.0% Bolsa),1387.4733712500001,532230.7615387235,818816.5561852911,753311.2316904679,-65505.32449482323,65505.32449482323,7.999999999999993
2027-02-10,10,2027-02-01,True,ANTIOQUIA,32458752.99,462895.5525,201697408.41999996,131103315.47,383.7932,393461.22,69434.33,85.0,15.0,Cubierta (85.0% Contratos / 15.0% Bolsa),1388.6866575,532968.4960792289,819951.5324483456,754355.409852478,-65596.12259586761,65596.12259586761,7.9999999999999964
2027-02-10,10,2027-02-01,True,BOGOTA,44293512.41,462895.5525,201697408.41999996,131103315.47,383.7932,393461.22,69434.33,85.0,15.0,Cubierta (85.0% Contratos / 15.0% Bolsa),1388.6866575,532968.4960792289,819951.5324483456,754355.409852478,-65596.12259586761,65596.12259586761,7.9999999999999964
2027-02-10,10,2027-02-01,True,CARIBE_MAR,35652681.66,462895.5525,201697408.41999996,131103315.47,383.7932,393461.22,69434.33,85.0,15.0,Cubierta (85.0% Contratos / 15.0% Bolsa),1388.6866575,532968.4960792289,819951.5324483456,754355.409852478,-65596.12259586761,65596.12259586761,7.9999999999999964
2027-02-10,10,2027-02-01,True,CARIBE_SOL,27794946.99,462895.5525,201697408.41999996,131103315.47,383.7932,393461.22,69434.33,85.0,15.0,Cubierta (85.0% Contratos / 15.0% Bolsa),1388.6866575,532968.4960792289,819951.5324483456,754355.409852478,-65596.12259586761,65596.12259586761,7.9999999999999964
2027-02-10,10,2027-02-01,True,VALLE,22831095.4,462895.5525,201697408.41999996,131103315.47,383.7932,393461.22,69434.33,85.0,15.0,Cubierta (85.0% Contratos / 15.0% Bolsa),1388.6866575,532968.4960792289,819951.5324483456,754355.409852478,-65596.12259586761,65596.12259586761,7.9999999999999964
2027-02-10,10,2027-02-01,True,SANTANDER,17791313.29,462895.5525,201697408.41999996,131103315.47,383.7932,393461.22,69434.33,85.0,15.0,Cubierta (85.0% Contratos / 15.0% Bolsa),1388.6866575,532968.4960792289,819951.5324483456,754355.409852478,-65596.12259586761,65596.12259586761,7.9999999999999964
2027-02-10,10,2027-02-01,True,CUNDINAMARCA,11537599.11,462895.5525,201697408.41999996,131103315.47,383.7932,393461.22,69434.33,85.0,15.0,Cubierta (85.0% Contratos / 15.0% Bolsa),1388.6866575,532968.4960792289,819951.5324483456,754355.409852478,-65596.12259586761,65596.12259586761,7.9999999999999964
2027-02-10,10,2027-02-01,True,TOLIMA,9337506.57,462895.5525,201697408.41999996,131103315.47,383.7932,393461.22,69434.33,85.0,15.0,Cubierta (85.0% Contratos / 15.0% Bolsa),1388.6866575,532968.4960792289,819951.5324483456,754355.409852478,-65596.12259586761,65596.12259586761,7.9999999999999964
2027-02-11,11,2027-02-01,True,ANTIOQUIA,32243167.49,463222.06125,201839678.03,131195790.72,384.0699,393738.75,69483.31,85.0,15.0,Cubierta (85.0% Contratos / 15.0% Bolsa),1389.66618375,533728.9522262441,821121.4649603232,755431.7477634974,-65689.71719682578,65689.71719682578,7.99999999999999
2027-02-11,11,2027-02-01,True,BOGOTA,44638933.61,463222.06125,201839678.03,131195790.72,384.0699,393738.75,69483.31,85.0,15.0,Cubierta (85.0% Contratos / 15.0% Bolsa),1389.66618375,533728.9522262441,821121.4649603232,755431.7477634974,-65689.71719682578,65689.71719682578,7.99999999999999
2027-02-11,11,2027-02-01,True,CARIBE_MAR,35581184.25,463222.06125,201839678.03,131195790.72,384.0699,393738.75,69483.31,85.0,15.0,Cubierta (85.0% Contratos / 15.0% Bolsa),1389.66618375,533728.9522262441,821121.4649603232,755431.7477634974,-65689.71719682578,65689.71719682578,7.99999999999999
2027-02-11,11,2027-02-01,True,CARIBE_SOL,28110173.25,463222.06125,201839678.03,131195790.72,384.0699,393738.75,69483.31,85.0,15.0,Cubierta (85.0% Contratos / 15.0% Bolsa),1389.66618375,533728.9522262441,821121.4649603232,755431.7477634974,-65689.71719682578,65689.71719682578,7.99999999999999
2027-02-11,11,2027-02-01,True,VALLE,22708430.57,463222.06125,201839678.03,131195790.72,384.0699,393738.75,69483.31,85.0,15.0,Cubierta (85.0% Contratos / 15.0% Bolsa),1389.66618375,533728.9522262441,821121.4649603232,755431.7477634974,-65689.71719682578,65689.71719682578,7.99999999999999
2027-02-11,11,2027-02-01,True,SANTANDER,17515633.09,463222.06125,201839678.03,131195790.72,384.0699,393738.75,69483.31,85.0,15.0,Cubierta (85.0% Contratos / 15.0% Bolsa),1389.66618375,533728.9522262441,821121.4649603232,755431.7477634974,-65689.71719682578,65689.71719682578,7.99999999999999
2027-02-11,11,2027-02-01,True,CUNDINAMARCA,11513005.08,463222.06125,201839678.03,131195790.72,384.0699,393738.75,69483.31,85.0,15.0,Cubierta (85.0% Contratos / 15.0% Bolsa),1389.66618375,533728.9522262441,821121.4649603232,755431.7477634974,-65689.71719682578,65689.71719682578,7.99999999999999
2027-02-11,11,2027-02-01,True,TOLIMA,9529150.69,463222.06125,201839678.03,131195790.72,384.0699,393738.75,69483.31,85.0,15.0,Cubierta (85.0% Contratos / 15.0% Bolsa),1389.66618375,533728.9522262441,821121.4649603232,755431.7477634974,-65689.71719682578,65689.71719682578,7.99999999999999
2027-02-12,12,2027-02-01,True,ANTIOQUIA,31763575.56,462549.83,201546766.64999998,131005398.32,384.4246,393167.36,69382.47,85.0,15.0,Cubierta (85.0% Contratos / 15.0% Bolsa),1387.64949,533446.600133454,820687.077144052,755032.1109725279,-65654.96617152414,65654.96617152414,7.999999999999997
2027-02-12,12,2027-02-01,True,BOGOTA,44626678.02,462549.83,201546766.64999998,131005398.32,384.4246,393167.36,69382.47,85.0,15.0,Cubierta (85.0% Contratos / 15.0% Bolsa),1387.64949,533446.600133454,820687.077144052,755032.1109725279,-65654.96617152414,65654.96617152414,7.999999999999997
2027-02-12,12,2027-02-01,True,CARIBE_MAR,35737833.0,462549.83,201546766.64999998,131005398.32,384.4246,393167.36,69382.47,85.0,15.0,Cubierta (85.0% Contratos / 15.0% Bolsa),1387.64949,533446.600133454,820687.077144052,755032.1109725279,-65654.96617152414,65654.96617152414,7.999999999999997
2027-02-12,12,2027-02-01,True,CARIBE_SOL,27761460.26,462549.83,201546766.64999998,131005398.32,384.4246,393167.36,69382.47,85.0,15.0,Cubierta (85.0% Contratos / 15.0% Bolsa),1387.64949,533446.600133454,820687.077144052,755032.1109725279,-65654.96617152414,65654.96617152414,7.999999999999997
2027-02-12,12,2027-02-01,True,VALLE,22719007.22,462549.83,201546766.64999998,131005398.32,384.4246,393167.36,69382.47,85.0,15.0,Cubierta (85.0% Contratos / 15.0% Bolsa),1387.64949,533446.600133454,820687.077144052,755032.1109725279,-65654.96617152414,65654.96617152414,7.999999999999997
2027-02-12,12,2027-02-01,True,SANTANDER,17983335.01,462549.83,201546766.64999998,131005398.32,384.4246,393167.36,69382.47,85.0,15.0,Cubierta (85.0% Contratos / 15.0% Bolsa),1387.64949,533446.600133454,820687.077144052,755032.1109725279,-65654.96617152414,65654.96617152414,7.999999999999997
2027-02-12,12,2027-02-01,True,CUNDINAMARCA,11454862.42,462549.83,201546766.64999998,131005398.32,384.4246,393167.36,69382.47,85.0,15.0,Cubierta (85.0% Contratos / 15.0% Bolsa),1387.64949,533446.600133454,820687.077144052,755032.1109725279,-65654.96617152414,65654.96617152414,7.999999999999997
2027-02-12,12,2027-02-01,True,TOLIMA,9500015.16,462549.83,201546766.64999998,131005398.32,384.4246,393167.36,69382.47,85.0,15.0,Cubierta (85.0% Contratos / 15.0% Bolsa),1387.64949,533446.600133454,820687.077144052,755032.1109725279,-65654.96617152414,65654.96617152414,7.999999999999997
2027-02-13,13,2027-02-01,True,ANTIOQUIA,26784327.15,327568.22875,169285906.45999998,110035839.2,384.8531,278432.99,49135.23,85.0,15.0,Cubierta (85.0% Contratos / 15.0% Bolsa),982.70468625,378196.94488783984,581841.4536683119,535294.137374847,-46547.31629346497,46547.31629346497,8.000000000000004
2027-02-13,13,2027-02-01,True,BOGOTA,37367852.69,327568.22875,169285906.45999998,110035839.2,384.8531,278432.99,49135.23,85.0,15.0,Cubierta (85.0% Contratos / 15.0% Bolsa),982.70468625,378196.94488783984,581841.4536683119,535294.137374847,-46547.31629346497,46547.31629346497,8.000000000000004
2027-02-13,13,2027-02-01,True,CARIBE_MAR,29441216.45,327568.22875,169285906.45999998,110035839.2,384.8531,278432.99,49135.23,85.0,15.0,Cubierta (85.0% Contratos / 15.0% Bolsa),982.70468625,378196.94488783984,581841.4536683119,535294.137374847,-46547.31629346497,46547.31629346497,8.000000000000004
2027-02-13,13,2027-02-01,True,CARIBE_SOL,23669536.42,327568.22875,169285906.45999998,110035839.2,384.8531,278432.99,49135.23,85.0,15.0,Cubierta (85.0% Contratos / 15.0% Bolsa),982.70468625,378196.94488783984,581841.4536683119,535294.137374847,-46547.31629346497,46547.31629346497,8.000000000000004
2027-02-13,13,2027-02-01,True,VALLE,19339364.79,327568.22875,169285906.45999998,110035839.2,384.8531,278432.99,49135.23,85.0,15.0,Cubierta (85.0% Contratos / 15.0% Bolsa),982.70468625,378196.94488783984,581841.4536683119,535294.137374847,-46547.31629346497,46547.31629346497,8.000000000000004
2027-02-13,13,2027-02-01,True,SANTANDER,15166920.54,327568.22875,169285906.45999998,110035839.2,384.8531,278432.99,49135.23,85.0,15.0,Cubierta (85.0% Contratos / 15.0% Bolsa),982.70468625,378196.94488783984,581841.4536683119,535294.137374847,-46547.31629346497,46547.31629346497,8.000000000000004
2027-02-13,13,2027-02-01,True,CUNDINAMARCA,9522457.23,327568.22875,169285906.45999998,110035839.2,384.8531,278432.99,49135.23,85.0,15.0,Cubierta (85.0% Contratos / 15.0% Bolsa),982.70468625,378196.94488783984,581841.4536683119,535294.137374847,-46547.31629346497,46547.31629346497,8.000000000000004
2027-02-13,13,2027-02-01,True,TOLIMA,7994231.19,327568.22875,169285906.45999998,110035839.2,384.8531,278432.99,49135.23,85.0,15.0,Cubierta (85.0% Contratos / 15.0% Bolsa),982.70468625,378196.94488783984,581841.4536683119,535294.137374847,-46547.31629346497,46547.31629346497,8.000000000000004
2027-02-14,14,2027-02-01,True,ANTIOQUIA,27145915.87,330821.77625,170967326.18999997,111128762.02,385.3496,281198.51,49623.27,85.0,15.0,Cubierta (85.0% Contratos / 15.0% Bolsa),992.46532875,382446.117447681,588378.6422457325,541308.3508660739,-47070.29137965862,47070.29137965862,8.000000000000004
2027-02-14,14,2027-02-01,True,BOGOTA,37829139.35,330821.77625,170967326.18999997,111128762.02,385.3496,281198.51,49623.27,85.0,15.0,Cubierta (85.0% Contratos / 15.0% Bolsa),992.46532875,382446.117447681,588378.6422457325,541308.3508660739,-47070.29137965862,47070.29137965862,8.000000000000004
2027-02-14,14,2027-02-01,True,CARIBE_MAR,30018086.41,330821.77625,170967326.18999997,111128762.02,385.3496,281198.51,49623.27,85.0,15.0,Cubierta (85.0% Contratos / 15.0% Bolsa),992.46532875,382446.117447681,588378.6422457325,541308.3508660739,-47070.29137965862,47070.29137965862,8.000000000000004
2027-02-14,14,2027-02-01,True,CARIBE_SOL,23675713.32,330821.77625,170967326.18999997,111128762.02,385.3496,281198.51,49623.27,85.0,15.0,Cubierta (85.0% Contratos / 15.0% Bolsa),992.46532875,382446.117447681,588378.6422457325,541308.3508660739,-47070.29137965862,47070.29137965862,8.000000000000004
2027-02-14,14,2027-02-01,True,VALLE,19186141.44,330821.77625,170967326.18999997,111128762.02,385.3496,281198.51,49623.27,85.0,15.0,Cubierta (85.0% Contratos / 15.0% Bolsa),992.46532875,382446.117447681,588378.6422457325,541308.3508660739,-47070.29137965862,47070.29137965862,8.000000000000004
2027-02-14,14,2027-02-01,True,SANTANDER,15221251.25,330821.77625,170967326.18999997,111128762.02,385.3496,281198.51,49623.27,85.0,15.0,Cubierta (85.0% Contratos / 15.0% Bolsa),992.46532875,382446.117447681,588378.6422457325,541308.3508660739,-47070.29137965862,47070.29137965862,8.000000000000004
2027-02-14,14,2027-02-01,True,CUNDINAMARCA,9729987.88,330821.77625,170967326.18999997,111128762.02,385.3496,281198.51,49623.27,85.0,15.0,Cubierta (85.0% Contratos / 15.0% Bolsa),992.46532875,382446.117447681,588378.6422457325,541308.3508660739,-47070.29137965862,47070.29137965862,8.000000000000004
2027-02-14,14,2027-02-01,True,TOLIMA,8161090.67,330821.77625,170967326.18999997,111128762.02,385.3496,281198.51,49623.27,85.0,15.0,Cubierta (85.0% Contratos / 15.0% Bolsa),992.46532875,382446.117447681,588378.6422457325,541308.3508660739,-47070.29137965862,47070.29137965862,8.000000000000004
2027-02-15,15,2027-02-01,True,ANTIOQUIA,31899553.98,465076.2525,202647604.83,131720943.14,385.9073,395314.81,69761.44,85.0,15.0,Cubierta (85.0% Contratos / 15.0% Bolsa),1395.2287575,538428.9626891798,828352.2502879015,762084.0702648694,-66268.18002303212,66268.18002303212,8.0
2027-02-15,15,2027-02-01,True,BOGOTA,45161522.76,465076.2525,202647604.83,131720943.14,385.9073,395314.81,69761.44,85.0,15.0,Cubierta (85.0% Contratos / 15.0% Bolsa),1395.2287575,538428.9626891798,828352.2502879015,762084.0702648694,-66268.18002303212,66268.18002303212,8.0
2027-02-15,15,2027-02-01,True,CARIBE_MAR,35774360.53,465076.2525,202647604.83,131720943.14,385.9073,395314.81,69761.44,85.0,15.0,Cubierta (85.0% Contratos / 15.0% Bolsa),1395.2287575,538428.9626891798,828352.2502879015,762084.0702648694,-66268.18002303212,66268.18002303212,8.0
2027-02-15,15,2027-02-01,True,CARIBE_SOL,28293686.07,465076.2525,202647604.83,131720943.14,385.9073,395314.81,69761.44,85.0,15.0,Cubierta (85.0% Contratos / 15.0% Bolsa),1395.2287575,538428.9626891798,828352.2502879015,762084.0702648694,-66268.18002303212,66268.18002303212,8.0
2027-02-15,15,2027-02-01,True,VALLE,22825749.34,465076.2525,202647604.83,131720943.14,385.9073,395314.81,69761.44,85.0,15.0,Cubierta (85.0% Contratos / 15.0% Bolsa),1395.2287575,538428.9626891798,828352.2502879015,762084.0702648694,-66268.18002303212,66268.18002303212,8.0
2027-02-15,15,2027-02-01,True,SANTANDER,17809950.93,465076.2525,202647604.83,131720943.14,385.9073,395314.81,69761.44,85.0,15.0,Cubierta (85.0% Contratos / 15.0% Bolsa),1395.2287575,538428.9626891798,828352.2502879015,762084.0702648694,-66268.18002303212,66268.18002303212,8.0
2027-02-15,15,2027-02-01,True,CUNDINAMARCA,11337368.75,465076.2525,202647604.83,131720943.14,385.9073,395314.81,69761.44,85.0,15.0,Cubierta (85.0% Contratos / 15.0% Bolsa),1395.2287575,538428.9626891798,828352.2502879015,762084.0702648694,-66268.18002303212,66268.18002303212,8.0
2027-02-15,15,2027-02-01,True,TOLIMA,9545412.47,465076.2525,202647604.83,131720943.14,385.9073,395314.81,69761.44,85.0,15.0,Cubierta (85.0% Contratos / 15.0% Bolsa),1395.2287575,538428.9626891798,828352.2502879015,762084.0702648694,-66268.18002303212,66268.18002303212,8.0
2027-02-16,16,2027-02-01,True,ANTIOQUIA,31811620.37,464414.28625,202359166.23999998,131533458.06,386.5177,394752.14,69662.14,85.0,15.0,Cubierta (85.0% Contratos / 15.0% Bolsa),1393.24285875,538513.0253054749,828481.5773678436,762203.0511784161,-66278.52618942747,66278.52618942747,7.999999999999999
2027-02-16,16,2027-02-01,True,BOGOTA,45068982.82,464414.28625,202359166.23999998,131533458.06,386.5177,394752.14,69662.14,85.0,15.0,Cubierta (85.0% Contratos / 15.0% Bolsa),1393.24285875,538513.0253054749,828481.5773678436,762203.0511784161,-66278.52618942747,66278.52618942747,7.999999999999999
2027-02-16,16,2027-02-01,True,CARIBE_MAR,35833757.6,464414.28625,202359166.23999998,131533458.06,386.5177,394752.14,69662.14,85.0,15.0,Cubierta (85.0% Contratos / 15.0% Bolsa),1393.24285875,538513.0253054749,828481.5773678436,762203.0511784161,-66278.52618942747,66278.52618942747,7.999999999999999
2027-02-16,16,2027-02-01,True,CARIBE_SOL,27862397.61,464414.28625,202359166.23999998,131533458.06,386.5177,394752.14,69662.14,85.0,15.0,Cubierta (85.0% Contratos / 15.0% Bolsa),1393.24285875,538513.0253054749,828481.5773678436,762203.0511784161,-66278.52618942747,66278.52618942747,7.999999999999999
2027-02-16,16,2027-02-01,True,VALLE,23108508.82,464414.28625,202359166.23999998,131533458.06,386.5177,394752.14,69662.14,85.0,15.0,Cubierta (85.0% Contratos / 15.0% Bolsa),1393.24285875,538513.0253054749,828481.5773678436,762203.0511784161,-66278.52618942747,66278.52618942747,7.999999999999999
2027-02-16,16,2027-02-01,True,SANTANDER,17658412.76,464414.28625,202359166.23999998,131533458.06,386.5177,394752.14,69662.14,85.0,15.0,Cubierta (85.0% Contratos / 15.0% Bolsa),1393.24285875,538513.0253054749,828481.5773678436,762203.0511784161,-66278.52618942747,66278.52618942747,7.999999999999999
2027-02-16,16,2027-02-01,True,CUNDINAMARCA,11556182.52,464414.28625,202359166.23999998,131533458.06,386.5177,394752.14,69662.14,85.0,15.0,Cubierta (85.0% Contratos / 15.0% Bolsa),1393.24285875,538513.0253054749,828481.5773678436,762203.0511784161,-66278.52618942747,66278.52618942747,7.999999999999999
2027-02-16,16,2027-02-01,True,TOLIMA,9459303.74,464414.28625,202359166.23999998,131533458.06,386.5177,394752.14,69662.14,85.0,15.0,Cubierta (85.0% Contratos / 15.0% Bolsa),1393.24285875,538513.0253054749,828481.5773678436,762203.0511784161,-66278.52618942747,66278.52618942747,7.999999999999999
2027-02-17,17,2027-02-01,True,ANTIOQUIA,31893516.21,461262.5275,200985850.91,130640803.09,387.1715,392073.15,69189.38,85.0,15.0,Cubierta (85.0% Contratos / 15.0% Bolsa),1383.7875825,535763.1139978988,824250.9446216159,758310.8690518867,-65940.0755697292,65940.0755697292,7.999999999999992
2027-02-17,17,2027-02-01,True,BOGOTA,44577325.3,461262.5275,200985850.91,130640803.09,387.1715,392073.15,69189.38,85.0,15.0,Cubierta (85.0% Contratos / 15.0% Bolsa),1383.7875825,535763.1139978988,824250.9446216159,758310.8690518867,-65940.0755697292,65940.0755697292,7.999999999999992
2027-02-17,17,2027-02-01,True,CARIBE_MAR,35718055.74,461262.5275,200985850.91,130640803.09,387.1715,392073.15,69189.38,85.0,15.0,Cubierta (85.0% Contratos / 15.0% Bolsa),1383.7875825,535763.1139978988,824250.9446216159,758310.8690518867,-65940.0755697292,65940.0755697292,7.999999999999992
2027-02-17,17,2027-02-01,True,CARIBE_SOL,27715298.09,461262.5275,200985850.91,130640803.09,387.1715,392073.15,69189.38,85.0,15.0,Cubierta (85.0% Contratos / 15.0% Bolsa),1383.7875825,535763.1139978988,824250.9446216159,758310.8690518867,-65940.0755697292,65940.0755697292,7.999999999999992
2027-02-17,17,2027-02-01,True,VALLE,22564145.92,461262.5275,200985850.91,130640803.09,387.1715,392073.15,69189.38,85.0,15.0,Cubierta (85.0% Contratos / 15.0% Bolsa),1383.7875825,535763.1139978988,824250.9446216159,758310.8690518867,-65940.0755697292,65940.0755697292,7.999999999999992
2027-02-17,17,2027-02-01,True,SANTANDER,17582256.76,461262.5275,200985850.91,130640803.09,387.1715,392073.15,69189.38,85.0,15.0,Cubierta (85.0% Contratos / 15.0% Bolsa),1383.7875825,535763.1139978988,824250.9446216159,758310.8690518867,-65940.0755697292,65940.0755697292,7.999999999999992
2027-02-17,17,2027-02-01,True,CUNDINAMARCA,11357370.05,461262.5275,200985850.91,130640803.09,387.1715,392073.15,69189.38,85.0,15.0,Cubierta (85.0% Contratos / 15.0% Bolsa),1383.7875825,535763.1139978988,824250.9446216159,758310.8690518867,-65940.0755697292,65940.0755697292,7.999999999999992
2027-02-17,17,2027-02-01,True,TOLIMA,9577882.84,461262.5275,200985850.91,130640803.09,387.1715,392073.15,69189.38,85.0,15.0,Cubierta (85.0% Contratos / 15.0% Bolsa),1383.7875825,535763.1139978988,824250.9446216159,758310.8690518867,-65940.0755697292,65940.0755697292,7.999999999999992
2027-02-18,18,2027-02-01,True,ANTIOQUIA,31773423.06,463366.7,201902701.35000002,131236755.88,387.8584,393861.7,69505.01,85.0,15.0,Cubierta (85.0% Contratos / 15.0% Bolsa),1390.1001,539162.00062584,829480.0009470297,763121.6008712674,-66358.4000757623,66358.4000757623,7.99999999999999
2027-02-18,18,2027-02-01,True,BOGOTA,44370072.33,463366.7,201902701.35000002,131236755.88,387.8584,393861.7,69505.01,85.0,15.0,Cubierta (85.0% Contratos / 15.0% Bolsa),1390.1001,539162.00062584,829480.0009470297,763121.6008712674,-66358.4000757623,66358.4000757623,7.99999999999999
2027-02-18,18,2027-02-01,True,CARIBE_MAR,35655077.71,463366.7,201902701.35000002,131236755.88,387.8584,393861.7,69505.01,85.0,15.0,Cubierta (85.0% Contratos / 15.0% Bolsa),1390.1001,539162.00062584,829480.0009470297,763121.6008712674,-66358.4000757623,66358.4000757623,7.99999999999999
2027-02-18,18,2027-02-01,True,CARIBE_SOL,28260985.46,463366.7,201902701.35000002,131236755.88,387.8584,393861.7,69505.01,85.0,15.0,Cubierta (85.0% Contratos / 15.0% Bolsa),1390.1001,539162.00062584,829480.0009470297,763121.6008712674,-66358.4000757623,66358.4000757623,7.99999999999999
2027-02-18,18,2027-02-01,True,VALLE,23040369.01,463366.7,201902701.35000002,131236755.88,387.8584,393861.7,69505.01,85.0,15.0,Cubierta (85.0% Contratos / 15.0% Bolsa),1390.1001,539162.00062584,829480.0009470297,763121.6008712674,-66358.4000757623,66358.4000757623,7.99999999999999
2027-02-18,18,2027-02-01,True,SANTANDER,17825723.9,463366.7,201902701.35000002,131236755.88,387.8584,393861.7,69505.01,85.0,15.0,Cubierta (85.0% Contratos / 15.0% Bolsa),1390.1001,539162.00062584,829480.0009470297,763121.6008712674,-66358.4000757623,66358.4000757623,7.99999999999999
2027-02-18,18,2027-02-01,True,CUNDINAMARCA,11432968.24,463366.7,201902701.35000002,131236755.88,387.8584,393861.7,69505.01,85.0,15.0,Cubierta (85.0% Contratos / 15.0% Bolsa),1390.1001,539162.00062584,829480.0009470297,763121.6008712674,-66358.4000757623,66358.4000757623,7.99999999999999
2027-02-18,18,2027-02-01,True,TOLIMA,9544081.64,463366.7,201902701.35000002,131236755.88,387.8584,393861.7,69505.01,85.0,15.0,Cubierta (85.0% Contratos / 15.0% Bolsa),1390.1001,539162.00062584,829480.0009470297,763121.6008712674,-66358.4000757623,66358.4000757623,7.99999999999999
2027-02-19,19,2027-02-01,True,ANTIOQUIA,31878861.83,462574.0925,201557338.96999997,131012270.33,388.5675,393187.98,69386.11,85.0,15.0,Cubierta (85.0% Contratos / 15.0% Bolsa),1387.7222775,539223.7760624812,829575.0400992909,763209.0368913476,-66366.00320794329,66366.00320794329,8.000000000000002
2027-02-19,19,2027-02-01,True,BOGOTA,44692099.16,462574.0925,201557338.96999997,131012270.33,388.5675,393187.98,69386.11,85.0,15.0,Cubierta (85.0% Contratos / 15.0% Bolsa),1387.7222775,539223.7760624812,829575.0400992909,763209.0368913476,-66366.00320794329,66366.00320794329,8.000000000000002
2027-02-19,19,2027-02-01,True,CARIBE_MAR,35658204.25,462574.0925,201557338.96999997,131012270.33,388.5675,393187.98,69386.11,85.0,15.0,Cubierta (85.0% Contratos / 15.0% Bolsa),1387.7222775,539223.7760624812,829575.0400992909,763209.0368913476,-66366.00320794329,66366.00320794329,8.000000000000002
2027-02-19,19,2027-02-01,True,CARIBE_SOL,27513995.12,462574.0925,201557338.96999997,131012270.33,388.5675,393187.98,69386.11,85.0,15.0,Cubierta (85.0% Contratos / 15.0% Bolsa),1387.7222775,539223.7760624812,829575.0400992909,763209.0368913476,-66366.00320794329,66366.00320794329,8.000000000000002
2027-02-19,19,2027-02-01,True,VALLE,23174426.19,462574.0925,201557338.96999997,131012270.33,388.5675,393187.98,69386.11,85.0,15.0,Cubierta (85.0% Contratos / 15.0% Bolsa),1387.7222775,539223.7760624812,829575.0400992909,763209.0368913476,-66366.00320794329,66366.00320794329,8.000000000000002
2027-02-19,19,2027-02-01,True,SANTANDER,17608414.35,462574.0925,201557338.96999997,131012270.33,388.5675,393187.98,69386.11,85.0,15.0,Cubierta (85.0% Contratos / 15.0% Bolsa),1387.7222775,539223.7760624812,829575.0400992909,763209.0368913476,-66366.00320794329,66366.00320794329,8.000000000000002
2027-02-19,19,2027-02-01,True,CUNDINAMARCA,11360467.22,462574.0925,201557338.96999997,131012270.33,388.5675,393187.98,69386.11,85.0,15.0,Cubierta (85.0% Contratos / 15.0% Bolsa),1387.7222775,539223.7760624812,829575.0400992909,763209.0368913476,-66366.00320794329,66366.00320794329,8.000000000000002
2027-02-19,19,2027-02-01,True,TOLIMA,9670870.85,462574.0925,201557338.96999997,131012270.33,388.5675,393187.98,69386.11,85.0,15.0,Cubierta (85.0% Contratos / 15.0% Bolsa),1387.7222775,539223.7760624812,829575.0400992909,763209.0368913476,-66366.00320794329,66366.00320794329,8.000000000000002
2027-02-20,20,2027-02-01,True,ANTIOQUIA,26559871.64,328242.6475,169634443.42000002,110262388.22,389.2874,279006.25,49236.4,85.0,15.0,Cubierta (85.0% Contratos / 15.0% Bolsa),984.7279425,383342.1804431745,589757.200697853,542576.6246420247,-47180.57605582825,47180.57605582825,8.000000000000002
2027-02-20,20,2027-02-01,True,BOGOTA,37705176.76,328242.6475,169634443.42000002,110262388.22,389.2874,279006.25,49236.4,85.0,15.0,Cubierta (85.0% Contratos / 15.0% Bolsa),984.7279425,383342.1804431745,589757.200697853,542576.6246420247,-47180.57605582825,47180.57605582825,8.000000000000002
2027-02-20,20,2027-02-01,True,CARIBE_MAR,30006407.28,328242.6475,169634443.42000002,110262388.22,389.2874,279006.25,49236.4,85.0,15.0,Cubierta (85.0% Contratos / 15.0% Bolsa),984.7279425,383342.1804431745,589757.200697853,542576.6246420247,-47180.57605582825,47180.57605582825,8.000000000000002
2027-02-20,20,2027-02-01,True,CARIBE_SOL,23569893.05,328242.6475,169634443.42000002,110262388.22,389.2874,279006.25,49236.4,85.0,15.0,Cubierta (85.0% Contratos / 15.0% Bolsa),984.7279425,383342.1804431745,589757.200697853,542576.6246420247,-47180.57605582825,47180.57605582825,8.000000000000002
2027-02-20,20,2027-02-01,True,VALLE,19156863.71,328242.6475,169634443.42000002,110262388.22,389.2874,279006.25,49236.4,85.0,15.0,Cubierta (85.0% Contratos / 15.0% Bolsa),984.7279425,383342.1804431745,589757.200697853,542576.6246420247,-47180.57605582825,47180.57605582825,8.000000000000002
2027-02-20,20,2027-02-01,True,SANTANDER,14964608.55,328242.6475,169634443.42000002,110262388.22,389.2874,279006.25,49236.4,85.0,15.0,Cubierta (85.0% Contratos / 15.0% Bolsa),984.7279425,383342.1804431745,589757.200697853,542576.6246420247,-47180.57605582825,47180.57605582825,8.000000000000002
2027-02-20,20,2027-02-01,True,CUNDINAMARCA,9641109.8,328242.6475,169634443.42000002,110262388.22,389.2874,279006.25,49236.4,85.0,15.0,Cubierta (85.0% Contratos / 15.0% Bolsa),984.7279425,383342.1804431745,589757.200697853,542576.6246420247,-47180.57605582825,47180.57605582825,8.000000000000002
2027-02-20,20,2027-02-01,True,TOLIMA,8030512.63,328242.6475,169634443.42000002,110262388.22,389.2874,279006.25,49236.4,85.0,15.0,Cubierta (85.0% Contratos / 15.0% Bolsa),984.7279425,383342.1804431745,589757.200697853,542576.6246420247,-47180.57605582825,47180.57605582825,8.000000000000002
2027-02-21,21,2027-02-01,True,ANTIOQUIA,26646804.14,329383.9575,170224267.13,110645773.63,390.0064,279976.36,49407.59,85.0,15.0,Cubierta (85.0% Contratos / 15.0% Bolsa),988.1518725000001,385385.554446984,592900.8530194735,545468.7847779157,-47432.068241557805,47432.068241557805,7.999999999999988
2027-02-21,21,2027-02-01,True,BOGOTA,37755687.78,329383.9575,170224267.13,110645773.63,390.0064,279976.36,49407.59,85.0,15.0,Cubierta (85.0% Contratos / 15.0% Bolsa),988.1518725000001,385385.554446984,592900.8530194735,545468.7847779157,-47432.068241557805,47432.068241557805,7.999999999999988
2027-02-21,21,2027-02-01,True,CARIBE_MAR,30251733.48,329383.9575,170224267.13,110645773.63,390.0064,279976.36,49407.59,85.0,15.0,Cubierta (85.0% Contratos / 15.0% Bolsa),988.1518725000001,385385.554446984,592900.8530194735,545468.7847779157,-47432.068241557805,47432.068241557805,7.999999999999988
2027-02-21,21,2027-02-01,True,CARIBE_SOL,23633561.7,329383.9575,170224267.13,110645773.63,390.0064,279976.36,49407.59,85.0,15.0,Cubierta (85.0% Contratos / 15.0% Bolsa),988.1518725000001,385385.554446984,592900.8530194735,545468.7847779157,-47432.068241557805,47432.068241557805,7.999999999999988
2027-02-21,21,2027-02-01,True,VALLE,19267708.85,329383.9575,170224267.13,110645773.63,390.0064,279976.36,49407.59,85.0,15.0,Cubierta (85.0% Contratos / 15.0% Bolsa),988.1518725000001,385385.554446984,592900.8530194735,545468.7847779157,-47432.068241557805,47432.068241557805,7.999999999999988
2027-02-21,21,2027-02-01,True,SANTANDER,14992676.86,329383.9575,170224267.13,110645773.63,390.0064,279976.36,49407.59,85.0,15.0,Cubierta (85.0% Contratos / 15.0% Bolsa),988.1518725000001,385385.554446984,592900.8530194735,545468.7847779157,-47432.068241557805,47432.068241557805,7.999999999999988
2027-02-21,21,2027-02-01,True,CUNDINAMARCA,9713029.13,329383.9575,170224267.13,110645773.63,390.0064,279976.36,49407.59,85.0,15.0,Cubierta (85.0% Contratos / 15.0% Bolsa),988.1518725000001,385385.554446984,592900.8530194735,545468.7847779157,-47432.068241557805,47432.068241557805,7.999999999999988
2027-02-21,21,2027-02-01,True,TOLIMA,7963065.19,329383.9575,170224267.13,110645773.63,390.0064,279976.36,49407.59,85.0,15.0,Cubierta (85.0% Contratos / 15.0% Bolsa),988.1518725000001,385385.554446984,592900.8530194735,545468.7847779157,-47432.068241557805,47432.068241557805,7.999999999999988
2027-02-22,22,2027-02-01,True,ANTIOQUIA,31582789.59,461879.10875,201254513.73000005,130815433.92,390.713,392597.24,69281.87,85.0,15.0,Cubierta (85.0% Contratos / 15.0% Bolsa),1385.6373262500001,541386.5166511163,832902.3333380613,766270.1466710165,-66632.18666704488,66632.18666704488,7.9999999999999964
2027-02-22,22,2027-02-01,True,BOGOTA,44396005.75,461879.10875,201254513.73000005,130815433.92,390.713,392597.24,69281.87,85.0,15.0,Cubierta (85.0% Contratos / 15.0% Bolsa),1385.6373262500001,541386.5166511163,832902.3333380613,766270.1466710165,-66632.18666704488,66632.18666704488,7.9999999999999964
2027-02-22,22,2027-02-01,True,CARIBE_MAR,35345827.93,461879.10875,201254513.73000005,130815433.92,390.713,392597.24,69281.87,85.0,15.0,Cubierta (85.0% Contratos / 15.0% Bolsa),1385.6373262500001,541386.5166511163,832902.3333380613,766270.1466710165,-66632.18666704488,66632.18666704488,7.9999999999999964
2027-02-22,22,2027-02-01,True,CARIBE_SOL,28256554.52,461879.10875,201254513.73000005,130815433.92,390.713,392597.24,69281.87,85.0,15.0,Cubierta (85.0% Contratos / 15.0% Bolsa),1385.6373262500001,541386.5166511163,832902.3333380613,766270.1466710165,-66632.18666704488,66632.18666704488,7.9999999999999964
2027-02-22,22,2027-02-01,True,VALLE,22831796.61,461879.10875,201254513.73000005,130815433.92,390.713,392597.24,69281.87,85.0,15.0,Cubierta (85.0% Contratos / 15.0% Bolsa),1385.6373262500001,541386.5166511163,832902.3333380613,766270.1466710165,-66632.18666704488,66632.18666704488,7.9999999999999964
2027-02-22,22,2027-02-01,True,SANTANDER,17723776.12,461879.10875,201254513.73000005,130815433.92,390.713,392597.24,69281.87,85.0,15.0,Cubierta (85.0% Contratos / 15.0% Bolsa),1385.6373262500001,541386.5166511163,832902.3333380613,766270.1466710165,-66632.18666704488,66632.18666704488,7.9999999999999964
2027-02-22,22,2027-02-01,True,CUNDINAMARCA,11491954.88,461879.10875,201254513.73000005,130815433.92,390.713,392597.24,69281.87,85.0,15.0,Cubierta (85.0% Contratos / 15.0% Bolsa),1385.6373262500001,541386.5166511163,832902.3333380613,766270.1466710165,-66632.18666704488,66632.18666704488,7.9999999999999964
2027-02-22,22,2027-02-01,True,TOLIMA,9625808.33,461879.10875,201254513.73000005,130815433.92,390.713,392597.24,69281.87,85.0,15.0,Cubierta (85.0% Contratos / 15.0% Bolsa),1385.6373262500001,541386.5166511163,832902.3333380613,766270.1466710165,-66632.18666704488,66632.18666704488,7.9999999999999964
2027-02-23,23,2027-02-01,True,ANTIOQUIA,31780625.52,463707.23125,202051081.37,131333202.89,391.3959,394151.15,69556.08,85.0,15.0,Cubierta (85.0% Contratos / 15.0% Bolsa),1391.12169375,544479.3273348056,837660.5035951977,770647.6633075819,-67012.84028761578,67012.84028761578,7.9999999999999964
2027-02-23,23,2027-02-01,True,BOGOTA,44472915.47,463707.23125,202051081.37,131333202.89,391.3959,394151.15,69556.08,85.0,15.0,Cubierta (85.0% Contratos / 15.0% Bolsa),1391.12169375,544479.3273348056,837660.5035951977,770647.6633075819,-67012.84028761578,67012.84028761578,7.9999999999999964
2027-02-23,23,2027-02-01,True,CARIBE_MAR,35699638.97,463707.23125,202051081.37,131333202.89,391.3959,394151.15,69556.08,85.0,15.0,Cubierta (85.0% Contratos / 15.0% Bolsa),1391.12169375,544479.3273348056,837660.5035951977,770647.6633075819,-67012.84028761578,67012.84028761578,7.9999999999999964
2027-02-23,23,2027-02-01,True,CARIBE_SOL,28148499.94,463707.23125,202051081.37,131333202.89,391.3959,394151.15,69556.08,85.0,15.0,Cubierta (85.0% Contratos / 15.0% Bolsa),1391.12169375,544479.3273348056,837660.5035951977,770647.6633075819,-67012.84028761578,67012.84028761578,7.9999999999999964
2027-02-23,23,2027-02-01,True,VALLE,23024939.94,463707.23125,202051081.37,131333202.89,391.3959,394151.15,69556.08,85.0,15.0,Cubierta (85.0% Contratos / 15.0% Bolsa),1391.12169375,544479.3273348056,837660.5035951977,770647.6633075819,-67012.84028761578,67012.84028761578,7.9999999999999964
2027-02-23,23,2027-02-01,True,SANTANDER,18000167.72,463707.23125,202051081.37,131333202.89,391.3959,394151.15,69556.08,85.0,15.0,Cubierta (85.0% Contratos / 15.0% Bolsa),1391.12169375,544479.3273348056,837660.5035951977,770647.6633075819,-67012.84028761578,67012.84028761578,7.9999999999999964
2027-02-23,23,2027-02-01,True,CUNDINAMARCA,11457762.41,463707.23125,202051081.37,131333202.89,391.3959,394151.15,69556.08,85.0,15.0,Cubierta (85.0% Contratos / 15.0% Bolsa),1391.12169375,544479.3273348056,837660.5035951977,770647.6633075819,-67012.84028761578,67012.84028761578,7.9999999999999964
2027-02-23,23,2027-02-01,True,TOLIMA,9466531.4,463707.23125,202051081.37,131333202.89,391.3959,394151.15,69556.08,85.0,15.0,Cubierta (85.0% Contratos / 15.0% Bolsa),1391.12169375,544479.3273348056,837660.5035951977,770647.6633075819,-67012.84028761578,67012.84028761578,7.9999999999999964
2027-02-24,24,2027-02-01,True,ANTIOQUIA,31862945.02,462914.2925,201705574.19000003,131108623.22,392.0442,393477.15,69437.14,85.0,15.0,Cubierta (85.0% Contratos / 15.0% Bolsa),1388.7428775,544448.5904151856,837613.2160457228,770604.158762065,-67009.05728365784,67009.05728365784,8.000000000000002
2027-02-24,24,2027-02-01,True,BOGOTA,44235745.82,462914.2925,201705574.19000003,131108623.22,392.0442,393477.15,69437.14,85.0,15.0,Cubierta (85.0% Contratos / 15.0% Bolsa),1388.7428775,544448.5904151856,837613.2160457228,770604.158762065,-67009.05728365784,67009.05728365784,8.000000000000002
2027-02-24,24,2027-02-01,True,CARIBE_MAR,35591352.83,462914.2925,201705574.19000003,131108623.22,392.0442,393477.15,69437.14,85.0,15.0,Cubierta (85.0% Contratos / 15.0% Bolsa),1388.7428775,544448.5904151856,837613.2160457228,770604.158762065,-67009.05728365784,67009.05728365784,8.000000000000002
2027-02-24,24,2027-02-01,True,CARIBE_SOL,28065280.51,462914.2925,201705574.19000003,131108623.22,392.0442,393477.15,69437.14,85.0,15.0,Cubierta (85.0% Contratos / 15.0% Bolsa),1388.7428775,544448.5904151856,837613.2160457228,770604.158762065,-67009.05728365784,67009.05728365784,8.000000000000002
2027-02-24,24,2027-02-01,True,VALLE,22861237.93,462914.2925,201705574.19000003,131108623.22,392.0442,393477.15,69437.14,85.0,15.0,Cubierta (85.0% Contratos / 15.0% Bolsa),1388.7428775,544448.5904151856,837613.2160457228,770604.158762065,-67009.05728365784,67009.05728365784,8.000000000000002
2027-02-24,24,2027-02-01,True,SANTANDER,18016208.8,462914.2925,201705574.19000003,131108623.22,392.0442,393477.15,69437.14,85.0,15.0,Cubierta (85.0% Contratos / 15.0% Bolsa),1388.7428775,544448.5904151856,837613.2160457228,770604.158762065,-67009.05728365784,67009.05728365784,8.000000000000002
2027-02-24,24,2027-02-01,True,CUNDINAMARCA,11428008.94,462914.2925,201705574.19000003,131108623.22,392.0442,393477.15,69437.14,85.0,15.0,Cubierta (85.0% Contratos / 15.0% Bolsa),1388.7428775,544448.5904151856,837613.2160457228,770604.158762065,-67009.05728365784,67009.05728365784,8.000000000000002
2027-02-24,24,2027-02-01,True,TOLIMA,9644794.34,462914.2925,201705574.19000003,131108623.22,392.0442,393477.15,69437.14,85.0,15.0,Cubierta (85.0% Contratos / 15.0% Bolsa),1388.7428775,544448.5904151856,837613.2160457228,770604.158762065,-67009.05728365784,67009.05728365784,8.000000000000002
2027-02-25,25,2027-02-01,True,ANTIOQUIA,32005810.27,463055.82,201767241.67,131148707.09,392.6476,393597.45,69458.37,85.0,15.0,Cubierta (85.0% Contratos / 15.0% Bolsa),1389.1674600000001,545453.269167096,839158.8756128927,772026.1655638613,-67132.71004903142,67132.71004903142,8.0
2027-02-25,25,2027-02-01,True,BOGOTA,44198367.87,463055.82,201767241.67,131148707.09,392.6476,393597.45,69458.37,85.0,15.0,Cubierta (85.0% Contratos / 15.0% Bolsa),1389.1674600000001,545453.269167096,839158.8756128927,772026.1655638613,-67132.71004903142,67132.71004903142,8.0
2027-02-25,25,2027-02-01,True,CARIBE_MAR,35908731.45,463055.82,201767241.67,131148707.09,392.6476,393597.45,69458.37,85.0,15.0,Cubierta (85.0% Contratos / 15.0% Bolsa),1389.1674600000001,545453.269167096,839158.8756128927,772026.1655638613,-67132.71004903142,67132.71004903142,8.0
2027-02-25,25,2027-02-01,True,CARIBE_SOL,27525909.61,463055.82,201767241.67,131148707.09,392.6476,393597.45,69458.37,85.0,15.0,Cubierta (85.0% Contratos / 15.0% Bolsa),1389.1674600000001,545453.269167096,839158.8756128927,772026.1655638613,-67132.71004903142,67132.71004903142,8.0
2027-02-25,25,2027-02-01,True,VALLE,23269027.73,463055.82,201767241.67,131148707.09,392.6476,393597.45,69458.37,85.0,15.0,Cubierta (85.0% Contratos / 15.0% Bolsa),1389.1674600000001,545453.269167096,839158.8756128927,772026.1655638613,-67132.71004903142,67132.71004903142,8.0
2027-02-25,25,2027-02-01,True,SANTANDER,17828132.21,463055.82,201767241.67,131148707.09,392.6476,393597.45,69458.37,85.0,15.0,Cubierta (85.0% Contratos / 15.0% Bolsa),1389.1674600000001,545453.269167096,839158.8756128927,772026.1655638613,-67132.71004903142,67132.71004903142,8.0
2027-02-25,25,2027-02-01,True,CUNDINAMARCA,11589381.09,463055.82,201767241.67,131148707.09,392.6476,393597.45,69458.37,85.0,15.0,Cubierta (85.0% Contratos / 15.0% Bolsa),1389.1674600000001,545453.269167096,839158.8756128927,772026.1655638613,-67132.71004903142,67132.71004903142,8.0
2027-02-25,25,2027-02-01,True,TOLIMA,9441881.44,463055.82,201767241.67,131148707.09,392.6476,393597.45,69458.37,85.0,15.0,Cubierta (85.0% Contratos / 15.0% Bolsa),1389.1674600000001,545453.269167096,839158.8756128927,772026.1655638613,-67132.71004903142,67132.71004903142,8.0
2027-02-26,26,2027-02-01,True,ANTIOQUIA,32175917.11,464495.73,202394653.32999998,131556524.66,393.1971,394821.37,69674.36,85.0,15.0,Cubierta (85.0% Contratos / 15.0% Bolsa),1393.48719,547915.121995149,842946.3415598321,775510.6342350455,-67435.70732478658,67435.70732478658,8.000000000000002
2027-02-26,26,2027-02-01,True,BOGOTA,44775200.54,464495.73,202394653.32999998,131556524.66,393.1971,394821.37,69674.36,85.0,15.0,Cubierta (85.0% Contratos / 15.0% Bolsa),1393.48719,547915.121995149,842946.3415598321,775510.6342350455,-67435.70732478658,67435.70732478658,8.000000000000002
2027-02-26,26,2027-02-01,True,CARIBE_MAR,35642891.68,464495.73,202394653.32999998,131556524.66,393.1971,394821.37,69674.36,85.0,15.0,Cubierta (85.0% Contratos / 15.0% Bolsa),1393.48719,547915.121995149,842946.3415598321,775510.6342350455,-67435.70732478658,67435.70732478658,8.000000000000002
2027-02-26,26,2027-02-01,True,CARIBE_SOL,27961203.79,464495.73,202394653.32999998,131556524.66,393.1971,394821.37,69674.36,85.0,15.0,Cubierta (85.0% Contratos / 15.0% Bolsa),1393.48719,547915.121995149,842946.3415598321,775510.6342350455,-67435.70732478658,67435.70732478658,8.000000000000002
2027-02-26,26,2027-02-01,True,VALLE,23025076.66,464495.73,202394653.32999998,131556524.66,393.1971,394821.37,69674.36,85.0,15.0,Cubierta (85.0% Contratos / 15.0% Bolsa),1393.48719,547915.121995149,842946.3415598321,775510.6342350455,-67435.70732478658,67435.70732478658,8.000000000000002
2027-02-26,26,2027-02-01,True,SANTANDER,17751014.07,464495.73,202394653.32999998,131556524.66,393.1971,394821.37,69674.36,85.0,15.0,Cubierta (85.0% Contratos / 15.0% Bolsa),1393.48719,547915.121995149,842946.3415598321,775510.6342350455,-67435.70732478658,67435.70732478658,8.000000000000002
2027-02-26,26,2027-02-01,True,CUNDINAMARCA,11504863.78,464495.73,202394653.32999998,131556524.66,393.1971,394821.37,69674.36,85.0,15.0,Cubierta (85.0% Contratos / 15.0% Bolsa),1393.48719,547915.121995149,842946.3415598321,775510.6342350455,-67435.70732478658,67435.70732478658,8.000000000000002
2027-02-26,26,2027-02-01,True,TOLIMA,9558485.7,464495.73,202394653.32999998,131556524.66,393.1971,394821.37,69674.36,85.0,15.0,Cubierta (85.0% Contratos / 15.0% Bolsa),1393.48719,547915.121995149,842946.3415598321,775510.6342350455,-67435.70732478658,67435.70732478658,8.000000000000002
2027-02-27,27,2027-02-01,True,ANTIOQUIA,27060456.83,329808.36625,170443600.2,110788340.13,393.6845,280337.11,49471.25,85.0,15.0,Cubierta (85.0% Contratos / 15.0% Bolsa),989.4250987500001,389521.3252888444,599263.577367453,551322.4911780568,-47941.086189396214,47941.086189396214,7.9999999999999964
2027-02-27,27,2027-02-01,True,BOGOTA,37587779.59,329808.36625,170443600.2,110788340.13,393.6845,280337.11,49471.25,85.0,15.0,Cubierta (85.0% Contratos / 15.0% Bolsa),989.4250987500001,389521.3252888444,599263.577367453,551322.4911780568,-47941.086189396214,47941.086189396214,7.9999999999999964
2027-02-27,27,2027-02-01,True,CARIBE_MAR,30346570.92,329808.36625,170443600.2,110788340.13,393.6845,280337.11,49471.25,85.0,15.0,Cubierta (85.0% Contratos / 15.0% Bolsa),989.4250987500001,389521.3252888444,599263.577367453,551322.4911780568,-47941.086189396214,47941.086189396214,7.9999999999999964
2027-02-27,27,2027-02-01,True,CARIBE_SOL,23441251.31,329808.36625,170443600.2,110788340.13,393.6845,280337.11,49471.25,85.0,15.0,Cubierta (85.0% Contratos / 15.0% Bolsa),989.4250987500001,389521.3252888444,599263.577367453,551322.4911780568,-47941.086189396214,47941.086189396214,7.9999999999999964
2027-02-27,27,2027-02-01,True,VALLE,19196611.12,329808.36625,170443600.2,110788340.13,393.6845,280337.11,49471.25,85.0,15.0,Cubierta (85.0% Contratos / 15.0% Bolsa),989.4250987500001,389521.3252888444,599263.577367453,551322.4911780568,-47941.086189396214,47941.086189396214,7.9999999999999964
2027-02-27,27,2027-02-01,True,SANTANDER,15010340.6,329808.36625,170443600.2,110788340.13,393.6845,280337.11,49471.25,85.0,15.0,Cubierta (85.0% Contratos / 15.0% Bolsa),989.4250987500001,389521.3252888444,599263.577367453,551322.4911780568,-47941.086189396214,47941.086189396214,7.9999999999999964
2027-02-27,27,2027-02-01,True,CUNDINAMARCA,9749984.91,329808.36625,170443600.2,110788340.13,393.6845,280337.11,49471.25,85.0,15.0,Cubierta (85.0% Contratos / 15.0% Bolsa),989.4250987500001,389521.3252888444,599263.577367453,551322.4911780568,-47941.086189396214,47941.086189396214,7.9999999999999964
2027-02-27,27,2027-02-01,True,TOLIMA,8050604.92,329808.36625,170443600.2,110788340.13,393.6845,280337.11,49471.25,85.0,15.0,Cubierta (85.0% Contratos / 15.0% Bolsa),989.4250987500001,389521.3252888444,599263.577367453,551322.4911780568,-47941.086189396214,47941.086189396214,7.9999999999999964
2027-02-28,28,2027-02-01,True,ANTIOQUIA,27248738.03,329325.2775,170193942.14999998,110626062.4,394.1028,279926.49,49398.79,85.0,15.0,Cubierta (85.0% Contratos / 15.0% Bolsa),987.9758325000001,389364.0419205811,599021.6029412029,551099.8747059067,-47921.72823529621,47921.72823529621,7.9999999999999964
2027-02-28,28,2027-02-01,True,BOGOTA,37348928.73,329325.2775,170193942.14999998,110626062.4,394.1028,279926.49,49398.79,85.0,15.0,Cubierta (85.0% Contratos / 15.0% Bolsa),987.9758325000001,389364.0419205811,599021.6029412029,551099.8747059067,-47921.72823529621,47921.72823529621,7.9999999999999964
2027-02-28,28,2027-02-01,True,CARIBE_MAR,29857301.25,329325.2775,170193942.14999998,110626062.4,394.1028,279926.49,49398.79,85.0,15.0,Cubierta (85.0% Contratos / 15.0% Bolsa),987.9758325000001,389364.0419205811,599021.6029412029,551099.8747059067,-47921.72823529621,47921.72823529621,7.9999999999999964
2027-02-28,28,2027-02-01,True,CARIBE_SOL,23389721.37,329325.2775,170193942.14999998,110626062.4,394.1028,279926.49,49398.79,85.0,15.0,Cubierta (85.0% Contratos / 15.0% Bolsa),987.9758325000001,389364.0419205811,599021.6029412029,551099.8747059067,-47921.72823529621,47921.72823529621,7.9999999999999964
2027-02-28,28,2027-02-01,True,VALLE,19482166.1,329325.2775,170193942.14999998,110626062.4,394.1028,279926.49,49398.79,85.0,15.0,Cubierta (85.0% Contratos / 15.0% Bolsa),987.9758325000001,389364.0419205811,599021.6029412029,551099.8747059067,-47921.72823529621,47921.72823529621,7.9999999999999964
2027-02-28,28,2027-02-01,True,SANTANDER,15163227.66,329325.2775,170193942.14999998,110626062.4,394.1028,279926.49,49398.79,85.0,15.0,Cubierta (85.0% Contratos / 15.0% Bolsa),987.9758325000001,389364.0419205811,599021.6029412029,551099.8747059067,-47921.72823529621,47921.72823529621,7.9999999999999964
2027-02-28,28,2027-02-01,True,CUNDINAMARCA,9635353.37,329325.2775,170193942.14999998,110626062.4,394.1028,279926.49,49398.79,85.0,15.0,Cubierta (85.0% Contratos / 15.0% Bolsa),987.9758325000001,389364.0419205811,599021.6029412029,551099.8747059067,-47921.72823529621,47921.72823529621,7.9999999999999964
2027-02-28,28,2027-02-01,True,TOLIMA,8068505.64,329325.2775,170193942.14999998,110626062.4,394.1028,279926.49,49398.79,85.0,15.0,Cubierta (85.0% Contratos / 15.0% Bolsa),987.9758325000001,389364.0419205811,599021.6029412029,551099.8747059067,-47921.72823529621,47921.72823529621,7.9999999999999964
