Fecha (Día),dia,Período (Mes),Es Pronóstico (Sí/No),Código Mercado Comercialización,Demanda Mercado Total (VR - DemaCome) [kWh],Demanda Comercial Agente (VR - DemaComeReg) [kWh],vr_total_todos_agentes_kwh,vr_total_cniors_kwh,Costo Unitario (CU - PrecPromCont) [COP/kWh],Cobertura Energía en Contratos [kWh],Exposición Energía en Bolsa Spot [kWh],Porcentaje Cobertura Contratos [%],Porcentaje Exposición Bolsa Spot [%],Estado Cobertura Demanda,Asignación Diaria PUI [kWh],Valor Diarios PUI [COP],Egreso Giro Diario al CIOR [COP],Recaudo Real Diario Agente [COP],Flujo Neto Caja Diarios [COP],Sobrecosto Diarios [COP],pct_perdida_incobrabilidad
2026-08-28,28,2026-08-01,True,ANTIOQUIA,30257471.43,439088.18125,191323826.03,124360486.92,362.8469,373224.95,65863.23,85.0,15.0,Cubierta (85.0% Contratos / 15.0% Bolsa),1317.26454375,477965.3561796019,735331.3171964311,676504.8118207166,-58826.50537571451,58826.50537571451,8.000000000000004
2026-08-28,28,2026-08-01,True,BOGOTA,42170548.58,439088.18125,191323826.03,124360486.92,362.8469,373224.95,65863.23,85.0,15.0,Cubierta (85.0% Contratos / 15.0% Bolsa),1317.26454375,477965.3561796019,735331.3171964311,676504.8118207166,-58826.50537571451,58826.50537571451,8.000000000000004
2026-08-28,28,2026-08-01,True,CARIBE_MAR,34030663.61,439088.18125,191323826.03,124360486.92,362.8469,373224.95,65863.23,85.0,15.0,Cubierta (85.0% Contratos / 15.0% Bolsa),1317.26454375,477965.3561796019,735331.3171964311,676504.8118207166,-58826.50537571451,58826.50537571451,8.000000000000004
2026-08-28,28,2026-08-01,True,CARIBE_SOL,26515140.56,439088.18125,191323826.03,124360486.92,362.8469,373224.95,65863.23,85.0,15.0,Cubierta (85.0% Contratos / 15.0% Bolsa),1317.26454375,477965.3561796019,735331.3171964311,676504.8118207166,-58826.50537571451,58826.50537571451,8.000000000000004
2026-08-28,28,2026-08-01,True,VALLE,21645171.55,439088.18125,191323826.03,124360486.92,362.8469,373224.95,65863.23,85.0,15.0,Cubierta (85.0% Contratos / 15.0% Bolsa),1317.26454375,477965.3561796019,735331.3171964311,676504.8118207166,-58826.50537571451,58826.50537571451,8.000000000000004
2026-08-28,28,2026-08-01,True,SANTANDER,16845884.36,439088.18125,191323826.03,124360486.92,362.8469,373224.95,65863.23,85.0,15.0,Cubierta (85.0% Contratos / 15.0% Bolsa),1317.26454375,477965.3561796019,735331.3171964311,676504.8118207166,-58826.50537571451,58826.50537571451,8.000000000000004
2026-08-28,28,2026-08-01,True,CUNDINAMARCA,10795957.86,439088.18125,191323826.03,124360486.92,362.8469,373224.95,65863.23,85.0,15.0,Cubierta (85.0% Contratos / 15.0% Bolsa),1317.26454375,477965.3561796019,735331.3171964311,676504.8118207166,-58826.50537571451,58826.50537571451,8.000000000000004
2026-08-28,28,2026-08-01,True,TOLIMA,9062988.08,439088.18125,191323826.03,124360486.92,362.8469,373224.95,65863.23,85.0,15.0,Cubierta (85.0% Contratos / 15.0% Bolsa),1317.26454375,477965.3561796019,735331.3171964311,676504.8118207166,-58826.50537571451,58826.50537571451,8.000000000000004
2026-08-29,29,2026-08-01,True,ANTIOQUIA,25800441.41,314108.0525,162329742.89999998,105514332.88,363.5664,266991.84,47116.21,85.0,15.0,Cubierta (85.0% Contratos / 15.0% Bolsa),942.3241575,342597.40157530794,527072.9255254501,484907.0914834142,-42165.834042035975,42165.834042035975,7.999999999999993
2026-08-29,29,2026-08-01,True,BOGOTA,35966249.43,314108.0525,162329742.89999998,105514332.88,363.5664,266991.84,47116.21,85.0,15.0,Cubierta (85.0% Contratos / 15.0% Bolsa),942.3241575,342597.40157530794,527072.9255254501,484907.0914834142,-42165.834042035975,42165.834042035975,7.999999999999993
2026-08-29,29,2026-08-01,True,CARIBE_MAR,28814661.21,314108.0525,162329742.89999998,105514332.88,363.5664,266991.84,47116.21,85.0,15.0,Cubierta (85.0% Contratos / 15.0% Bolsa),942.3241575,342597.40157530794,527072.9255254501,484907.0914834142,-42165.834042035975,42165.834042035975,7.999999999999993
2026-08-29,29,2026-08-01,True,CARIBE_SOL,22574756.07,314108.0525,162329742.89999998,105514332.88,363.5664,266991.84,47116.21,85.0,15.0,Cubierta (85.0% Contratos / 15.0% Bolsa),942.3241575,342597.40157530794,527072.9255254501,484907.0914834142,-42165.834042035975,42165.834042035975,7.999999999999993
2026-08-29,29,2026-08-01,True,VALLE,18359635.8,314108.0525,162329742.89999998,105514332.88,363.5664,266991.84,47116.21,85.0,15.0,Cubierta (85.0% Contratos / 15.0% Bolsa),942.3241575,342597.40157530794,527072.9255254501,484907.0914834142,-42165.834042035975,42165.834042035975,7.999999999999993
2026-08-29,29,2026-08-01,True,SANTANDER,14145247.84,314108.0525,162329742.89999998,105514332.88,363.5664,266991.84,47116.21,85.0,15.0,Cubierta (85.0% Contratos / 15.0% Bolsa),942.3241575,342597.40157530794,527072.9255254501,484907.0914834142,-42165.834042035975,42165.834042035975,7.999999999999993
2026-08-29,29,2026-08-01,True,CUNDINAMARCA,9035879.17,314108.0525,162329742.89999998,105514332.88,363.5664,266991.84,47116.21,85.0,15.0,Cubierta (85.0% Contratos / 15.0% Bolsa),942.3241575,342597.40157530794,527072.9255254501,484907.0914834142,-42165.834042035975,42165.834042035975,7.999999999999993
2026-08-29,29,2026-08-01,True,TOLIMA,7632871.97,314108.0525,162329742.89999998,105514332.88,363.5664,266991.84,47116.21,85.0,15.0,Cubierta (85.0% Contratos / 15.0% Bolsa),942.3241575,342597.40157530794,527072.9255254501,484907.0914834142,-42165.834042035975,42165.834042035975,7.999999999999993
2026-08-30,30,2026-08-01,True,ANTIOQUIA,25540850.02,313648.215,162092100.94000003,105359865.61,364.2743,266600.98,47047.23,85.0,15.0,Cubierta (85.0% Contratos / 15.0% Bolsa),940.9446450000002,342761.95189612353,527326.0798451952,485139.9934575796,-42186.08638761559,42186.08638761559,7.9999999999999964
2026-08-30,30,2026-08-01,True,BOGOTA,36091009.36,313648.215,162092100.94000003,105359865.61,364.2743,266600.98,47047.23,85.0,15.0,Cubierta (85.0% Contratos / 15.0% Bolsa),940.9446450000002,342761.95189612353,527326.0798451952,485139.9934575796,-42186.08638761559,42186.08638761559,7.9999999999999964
2026-08-30,30,2026-08-01,True,CARIBE_MAR,28675898.03,313648.215,162092100.94000003,105359865.61,364.2743,266600.98,47047.23,85.0,15.0,Cubierta (85.0% Contratos / 15.0% Bolsa),940.9446450000002,342761.95189612353,527326.0798451952,485139.9934575796,-42186.08638761559,42186.08638761559,7.9999999999999964
2026-08-30,30,2026-08-01,True,CARIBE_SOL,22429725.11,313648.215,162092100.94000003,105359865.61,364.2743,266600.98,47047.23,85.0,15.0,Cubierta (85.0% Contratos / 15.0% Bolsa),940.9446450000002,342761.95189612353,527326.0798451952,485139.9934575796,-42186.08638761559,42186.08638761559,7.9999999999999964
2026-08-30,30,2026-08-01,True,VALLE,18192558.32,313648.215,162092100.94000003,105359865.61,364.2743,266600.98,47047.23,85.0,15.0,Cubierta (85.0% Contratos / 15.0% Bolsa),940.9446450000002,342761.95189612353,527326.0798451952,485139.9934575796,-42186.08638761559,42186.08638761559,7.9999999999999964
2026-08-30,30,2026-08-01,True,SANTANDER,14334059.39,313648.215,162092100.94000003,105359865.61,364.2743,266600.98,47047.23,85.0,15.0,Cubierta (85.0% Contratos / 15.0% Bolsa),940.9446450000002,342761.95189612353,527326.0798451952,485139.9934575796,-42186.08638761559,42186.08638761559,7.9999999999999964
2026-08-30,30,2026-08-01,True,CUNDINAMARCA,9192969.03,313648.215,162092100.94000003,105359865.61,364.2743,266600.98,47047.23,85.0,15.0,Cubierta (85.0% Contratos / 15.0% Bolsa),940.9446450000002,342761.95189612353,527326.0798451952,485139.9934575796,-42186.08638761559,42186.08638761559,7.9999999999999964
2026-08-30,30,2026-08-01,True,TOLIMA,7635031.68,313648.215,162092100.94000003,105359865.61,364.2743,266600.98,47047.23,85.0,15.0,Cubierta (85.0% Contratos / 15.0% Bolsa),940.9446450000002,342761.95189612353,527326.0798451952,485139.9934575796,-42186.08638761559,42186.08638761559,7.9999999999999964
2026-08-31,31,2026-08-01,True,ANTIOQUIA,30082545.56,440394.82375,191893169.62000003,124730560.25,364.9592,374335.6,66059.22,85.0,15.0,Cubierta (85.0% Contratos / 15.0% Bolsa),1321.18447125,482178.42767982295,741812.9656791082,682467.9284247796,-59345.03725432861,59345.03725432861,7.999999999999993
2026-08-31,31,2026-08-01,True,BOGOTA,42340626.1,440394.82375,191893169.62000003,124730560.25,364.9592,374335.6,66059.22,85.0,15.0,Cubierta (85.0% Contratos / 15.0% Bolsa),1321.18447125,482178.42767982295,741812.9656791082,682467.9284247796,-59345.03725432861,59345.03725432861,7.999999999999993
2026-08-31,31,2026-08-01,True,CARIBE_MAR,33517147.9,440394.82375,191893169.62000003,124730560.25,364.9592,374335.6,66059.22,85.0,15.0,Cubierta (85.0% Contratos / 15.0% Bolsa),1321.18447125,482178.42767982295,741812.9656791082,682467.9284247796,-59345.03725432861,59345.03725432861,7.999999999999993
2026-08-31,31,2026-08-01,True,CARIBE_SOL,27158906.09,440394.82375,191893169.62000003,124730560.25,364.9592,374335.6,66059.22,85.0,15.0,Cubierta (85.0% Contratos / 15.0% Bolsa),1321.18447125,482178.42767982295,741812.9656791082,682467.9284247796,-59345.03725432861,59345.03725432861,7.999999999999993
2026-08-31,31,2026-08-01,True,VALLE,21729777.07,440394.82375,191893169.62000003,124730560.25,364.9592,374335.6,66059.22,85.0,15.0,Cubierta (85.0% Contratos / 15.0% Bolsa),1321.18447125,482178.42767982295,741812.9656791082,682467.9284247796,-59345.03725432861,59345.03725432861,7.999999999999993
2026-08-31,31,2026-08-01,True,SANTANDER,16987466.93,440394.82375,191893169.62000003,124730560.25,364.9592,374335.6,66059.22,85.0,15.0,Cubierta (85.0% Contratos / 15.0% Bolsa),1321.18447125,482178.42767982295,741812.9656791082,682467.9284247796,-59345.03725432861,59345.03725432861,7.999999999999993
2026-08-31,31,2026-08-01,True,CUNDINAMARCA,10971946.64,440394.82375,191893169.62000003,124730560.25,364.9592,374335.6,66059.22,85.0,15.0,Cubierta (85.0% Contratos / 15.0% Bolsa),1321.18447125,482178.42767982295,741812.9656791082,682467.9284247796,-59345.03725432861,59345.03725432861,7.999999999999993
2026-08-31,31,2026-08-01,True,TOLIMA,9104753.33,440394.82375,191893169.62000003,124730560.25,364.9592,374335.6,66059.22,85.0,15.0,Cubierta (85.0% Contratos / 15.0% Bolsa),1321.18447125,482178.42767982295,741812.9656791082,682467.9284247796,-59345.03725432861,59345.03725432861,7.999999999999993
2026-09-01,1,2026-09-01,True,ANTIOQUIA,30615202.47,441574.49875,192407188.96,125064672.82,365.6102,375338.32,66236.17,85.0,15.0,Cubierta (85.0% Contratos / 15.0% Bolsa),1324.7234962500002,484332.4224086618,745126.8037294655,685516.6594311083,-59610.14429835719,59610.14429835719,7.999999999999993
2026-09-01,1,2026-09-01,True,BOGOTA,42450233.41,441574.49875,192407188.96,125064672.82,365.6102,375338.32,66236.17,85.0,15.0,Cubierta (85.0% Contratos / 15.0% Bolsa),1324.7234962500002,484332.4224086618,745126.8037294655,685516.6594311083,-59610.14429835719,59610.14429835719,7.999999999999993
2026-09-01,1,2026-09-01,True,CARIBE_MAR,34008041.48,441574.49875,192407188.96,125064672.82,365.6102,375338.32,66236.17,85.0,15.0,Cubierta (85.0% Contratos / 15.0% Bolsa),1324.7234962500002,484332.4224086618,745126.8037294655,685516.6594311083,-59610.14429835719,59610.14429835719,7.999999999999993
2026-09-01,1,2026-09-01,True,CARIBE_SOL,26594070.26,441574.49875,192407188.96,125064672.82,365.6102,375338.32,66236.17,85.0,15.0,Cubierta (85.0% Contratos / 15.0% Bolsa),1324.7234962500002,484332.4224086618,745126.8037294655,685516.6594311083,-59610.14429835719,59610.14429835719,7.999999999999993
2026-09-01,1,2026-09-01,True,VALLE,21805927.38,441574.49875,192407188.96,125064672.82,365.6102,375338.32,66236.17,85.0,15.0,Cubierta (85.0% Contratos / 15.0% Bolsa),1324.7234962500002,484332.4224086618,745126.8037294655,685516.6594311083,-59610.14429835719,59610.14429835719,7.999999999999993
2026-09-01,1,2026-09-01,True,SANTANDER,16776581.36,441574.49875,192407188.96,125064672.82,365.6102,375338.32,66236.17,85.0,15.0,Cubierta (85.0% Contratos / 15.0% Bolsa),1324.7234962500002,484332.4224086618,745126.8037294655,685516.6594311083,-59610.14429835719,59610.14429835719,7.999999999999993
2026-09-01,1,2026-09-01,True,CUNDINAMARCA,10994311.03,441574.49875,192407188.96,125064672.82,365.6102,375338.32,66236.17,85.0,15.0,Cubierta (85.0% Contratos / 15.0% Bolsa),1324.7234962500002,484332.4224086618,745126.8037294655,685516.6594311083,-59610.14429835719,59610.14429835719,7.999999999999993
2026-09-01,1,2026-09-01,True,TOLIMA,9162821.57,441574.49875,192407188.96,125064672.82,365.6102,375338.32,66236.17,85.0,15.0,Cubierta (85.0% Contratos / 15.0% Bolsa),1324.7234962500002,484332.4224086618,745126.8037294655,685516.6594311083,-59610.14429835719,59610.14429835719,7.999999999999993
2026-09-02,2,2026-09-01,True,ANTIOQUIA,30306796.44,437844.49625,190781915.80999997,124008245.28,366.2172,372167.82,65676.67,85.0,15.0,Cubierta (85.0% Contratos / 15.0% Bolsa),1313.53348875,481038.55635625654,740059.3174502762,680854.5720542541,-59204.7453960221,59204.7453960221,8.0
2026-09-02,2,2026-09-01,True,BOGOTA,41969573.06,437844.49625,190781915.80999997,124008245.28,366.2172,372167.82,65676.67,85.0,15.0,Cubierta (85.0% Contratos / 15.0% Bolsa),1313.53348875,481038.55635625654,740059.3174502762,680854.5720542541,-59204.7453960221,59204.7453960221,8.0
2026-09-02,2,2026-09-01,True,CARIBE_MAR,34014657.9,437844.49625,190781915.80999997,124008245.28,366.2172,372167.82,65676.67,85.0,15.0,Cubierta (85.0% Contratos / 15.0% Bolsa),1313.53348875,481038.55635625654,740059.3174502762,680854.5720542541,-59204.7453960221,59204.7453960221,8.0
2026-09-02,2,2026-09-01,True,CARIBE_SOL,26268192.1,437844.49625,190781915.80999997,124008245.28,366.2172,372167.82,65676.67,85.0,15.0,Cubierta (85.0% Contratos / 15.0% Bolsa),1313.53348875,481038.55635625654,740059.3174502762,680854.5720542541,-59204.7453960221,59204.7453960221,8.0
2026-09-02,2,2026-09-01,True,VALLE,21654377.45,437844.49625,190781915.80999997,124008245.28,366.2172,372167.82,65676.67,85.0,15.0,Cubierta (85.0% Contratos / 15.0% Bolsa),1313.53348875,481038.55635625654,740059.3174502762,680854.5720542541,-59204.7453960221,59204.7453960221,8.0
2026-09-02,2,2026-09-01,True,SANTANDER,16812710.21,437844.49625,190781915.80999997,124008245.28,366.2172,372167.82,65676.67,85.0,15.0,Cubierta (85.0% Contratos / 15.0% Bolsa),1313.53348875,481038.55635625654,740059.3174502762,680854.5720542541,-59204.7453960221,59204.7453960221,8.0
2026-09-02,2,2026-09-01,True,CUNDINAMARCA,10660604.7,437844.49625,190781915.80999997,124008245.28,366.2172,372167.82,65676.67,85.0,15.0,Cubierta (85.0% Contratos / 15.0% Bolsa),1313.53348875,481038.55635625654,740059.3174502762,680854.5720542541,-59204.7453960221,59204.7453960221,8.0
2026-09-02,2,2026-09-01,True,TOLIMA,9095003.95,437844.49625,190781915.80999997,124008245.28,366.2172,372167.82,65676.67,85.0,15.0,Cubierta (85.0% Contratos / 15.0% Bolsa),1313.53348875,481038.55635625654,740059.3174502762,680854.5720542541,-59204.7453960221,59204.7453960221,8.0
2026-09-03,3,2026-09-01,True,ANTIOQUIA,30220192.85,439829.45625,191646822.12,124570434.38,366.7708,373855.04,65974.42,85.0,15.0,Cubierta (85.0% Contratos / 15.0% Bolsa),1319.48836875,483949.80459713255,744538.1609067118,684975.1080341749,-59563.05287253694,59563.05287253694,7.999999999999999
2026-09-03,3,2026-09-01,True,BOGOTA,42309603.51,439829.45625,191646822.12,124570434.38,366.7708,373855.04,65974.42,85.0,15.0,Cubierta (85.0% Contratos / 15.0% Bolsa),1319.48836875,483949.80459713255,744538.1609067118,684975.1080341749,-59563.05287253694,59563.05287253694,7.999999999999999
2026-09-03,3,2026-09-01,True,CARIBE_MAR,33459165.38,439829.45625,191646822.12,124570434.38,366.7708,373855.04,65974.42,85.0,15.0,Cubierta (85.0% Contratos / 15.0% Bolsa),1319.48836875,483949.80459713255,744538.1609067118,684975.1080341749,-59563.05287253694,59563.05287253694,7.999999999999999
2026-09-03,3,2026-09-01,True,CARIBE_SOL,26954789.67,439829.45625,191646822.12,124570434.38,366.7708,373855.04,65974.42,85.0,15.0,Cubierta (85.0% Contratos / 15.0% Bolsa),1319.48836875,483949.80459713255,744538.1609067118,684975.1080341749,-59563.05287253694,59563.05287253694,7.999999999999999
2026-09-03,3,2026-09-01,True,VALLE,21555672.54,439829.45625,191646822.12,124570434.38,366.7708,373855.04,65974.42,85.0,15.0,Cubierta (85.0% Contratos / 15.0% Bolsa),1319.48836875,483949.80459713255,744538.1609067118,684975.1080341749,-59563.05287253694,59563.05287253694,7.999999999999999
2026-09-03,3,2026-09-01,True,SANTANDER,17121461.17,439829.45625,191646822.12,124570434.38,366.7708,373855.04,65974.42,85.0,15.0,Cubierta (85.0% Contratos / 15.0% Bolsa),1319.48836875,483949.80459713255,744538.1609067118,684975.1080341749,-59563.05287253694,59563.05287253694,7.999999999999999
2026-09-03,3,2026-09-01,True,CUNDINAMARCA,10865448.13,439829.45625,191646822.12,124570434.38,366.7708,373855.04,65974.42,85.0,15.0,Cubierta (85.0% Contratos / 15.0% Bolsa),1319.48836875,483949.80459713255,744538.1609067118,684975.1080341749,-59563.05287253694,59563.05287253694,7.999999999999999
2026-09-03,3,2026-09-01,True,TOLIMA,9160488.87,439829.45625,191646822.12,124570434.38,366.7708,373855.04,65974.42,85.0,15.0,Cubierta (85.0% Contratos / 15.0% Bolsa),1319.48836875,483949.80459713255,744538.1609067118,684975.1080341749,-59563.05287253694,59563.05287253694,7.999999999999999
2026-09-04,4,2026-09-01,True,ANTIOQUIA,30126528.87,441185.4525,192237669.80000004,124954485.37,367.2628,375007.63,66177.82,85.0,15.0,Cubierta (85.0% Contratos / 15.0% Bolsa),1323.5563575,486093.01381325105,747835.4058665402,688008.573397217,-59826.832469323184,59826.832469323184,7.9999999999999964
2026-09-04,4,2026-09-01,True,BOGOTA,42773514.97,441185.4525,192237669.80000004,124954485.37,367.2628,375007.63,66177.82,85.0,15.0,Cubierta (85.0% Contratos / 15.0% Bolsa),1323.5563575,486093.01381325105,747835.4058665402,688008.573397217,-59826.832469323184,59826.832469323184,7.9999999999999964
2026-09-04,4,2026-09-01,True,CARIBE_MAR,34305508.36,441185.4525,192237669.80000004,124954485.37,367.2628,375007.63,66177.82,85.0,15.0,Cubierta (85.0% Contratos / 15.0% Bolsa),1323.5563575,486093.01381325105,747835.4058665402,688008.573397217,-59826.832469323184,59826.832469323184,7.9999999999999964
2026-09-04,4,2026-09-01,True,CARIBE_SOL,26490906.06,441185.4525,192237669.80000004,124954485.37,367.2628,375007.63,66177.82,85.0,15.0,Cubierta (85.0% Contratos / 15.0% Bolsa),1323.5563575,486093.01381325105,747835.4058665402,688008.573397217,-59826.832469323184,59826.832469323184,7.9999999999999964
2026-09-04,4,2026-09-01,True,VALLE,21708283.69,441185.4525,192237669.80000004,124954485.37,367.2628,375007.63,66177.82,85.0,15.0,Cubierta (85.0% Contratos / 15.0% Bolsa),1323.5563575,486093.01381325105,747835.4058665402,688008.573397217,-59826.832469323184,59826.832469323184,7.9999999999999964
2026-09-04,4,2026-09-01,True,SANTANDER,16843114.53,441185.4525,192237669.80000004,124954485.37,367.2628,375007.63,66177.82,85.0,15.0,Cubierta (85.0% Contratos / 15.0% Bolsa),1323.5563575,486093.01381325105,747835.4058665402,688008.573397217,-59826.832469323184,59826.832469323184,7.9999999999999964
2026-09-04,4,2026-09-01,True,CUNDINAMARCA,10918646.05,441185.4525,192237669.80000004,124954485.37,367.2628,375007.63,66177.82,85.0,15.0,Cubierta (85.0% Contratos / 15.0% Bolsa),1323.5563575,486093.01381325105,747835.4058665402,688008.573397217,-59826.832469323184,59826.832469323184,7.9999999999999964
2026-09-04,4,2026-09-01,True,TOLIMA,9071167.27,441185.4525,192237669.80000004,124954485.37,367.2628,375007.63,66177.82,85.0,15.0,Cubierta (85.0% Contratos / 15.0% Bolsa),1323.5563575,486093.01381325105,747835.4058665402,688008.573397217,-59826.832469323184,59826.832469323184,7.9999999999999964
2026-09-05,5,2026-09-01,True,ANTIOQUIA,25036548.98,312574.85625,161537393.69,104999305.9,367.6862,265688.63,46886.23,85.0,15.0,Cubierta (85.0% Contratos / 15.0% Bolsa),937.72456875,344788.38333032624,530443.6666544625,488008.1733221055,-42435.49333235697,42435.49333235697,7.999999999999995
2026-09-05,5,2026-09-01,True,BOGOTA,35954773.03,312574.85625,161537393.69,104999305.9,367.6862,265688.63,46886.23,85.0,15.0,Cubierta (85.0% Contratos / 15.0% Bolsa),937.72456875,344788.38333032624,530443.6666544625,488008.1733221055,-42435.49333235697,42435.49333235697,7.999999999999995
2026-09-05,5,2026-09-01,True,CARIBE_MAR,28620258.28,312574.85625,161537393.69,104999305.9,367.6862,265688.63,46886.23,85.0,15.0,Cubierta (85.0% Contratos / 15.0% Bolsa),937.72456875,344788.38333032624,530443.6666544625,488008.1733221055,-42435.49333235697,42435.49333235697,7.999999999999995
2026-09-05,5,2026-09-01,True,CARIBE_SOL,22316659.9,312574.85625,161537393.69,104999305.9,367.6862,265688.63,46886.23,85.0,15.0,Cubierta (85.0% Contratos / 15.0% Bolsa),937.72456875,344788.38333032624,530443.6666544625,488008.1733221055,-42435.49333235697,42435.49333235697,7.999999999999995
2026-09-05,5,2026-09-01,True,VALLE,18586791.06,312574.85625,161537393.69,104999305.9,367.6862,265688.63,46886.23,85.0,15.0,Cubierta (85.0% Contratos / 15.0% Bolsa),937.72456875,344788.38333032624,530443.6666544625,488008.1733221055,-42435.49333235697,42435.49333235697,7.999999999999995
2026-09-05,5,2026-09-01,True,SANTANDER,14215011.72,312574.85625,161537393.69,104999305.9,367.6862,265688.63,46886.23,85.0,15.0,Cubierta (85.0% Contratos / 15.0% Bolsa),937.72456875,344788.38333032624,530443.6666544625,488008.1733221055,-42435.49333235697,42435.49333235697,7.999999999999995
2026-09-05,5,2026-09-01,True,CUNDINAMARCA,9096544.66,312574.85625,161537393.69,104999305.9,367.6862,265688.63,46886.23,85.0,15.0,Cubierta (85.0% Contratos / 15.0% Bolsa),937.72456875,344788.38333032624,530443.6666544625,488008.1733221055,-42435.49333235697,42435.49333235697,7.999999999999995
2026-09-05,5,2026-09-01,True,TOLIMA,7710806.06,312574.85625,161537393.69,104999305.9,367.6862,265688.63,46886.23,85.0,15.0,Cubierta (85.0% Contratos / 15.0% Bolsa),937.72456875,344788.38333032624,530443.6666544625,488008.1733221055,-42435.49333235697,42435.49333235697,7.999999999999995
2026-09-06,6,2026-09-01,True,ANTIOQUIA,25765574.06,314316.97625,162437713.7,105584513.9,368.0355,267169.43,47147.55,85.0,15.0,Cubierta (85.0% Contratos / 15.0% Bolsa),942.95092875,347039.41653797065,533906.7946990842,491194.2511231575,-42712.54357592674,42712.54357592674,8.0
2026-09-06,6,2026-09-01,True,BOGOTA,36199948.69,314316.97625,162437713.7,105584513.9,368.0355,267169.43,47147.55,85.0,15.0,Cubierta (85.0% Contratos / 15.0% Bolsa),942.95092875,347039.41653797065,533906.7946990842,491194.2511231575,-42712.54357592674,42712.54357592674,8.0
2026-09-06,6,2026-09-01,True,CARIBE_MAR,28686580.2,314316.97625,162437713.7,105584513.9,368.0355,267169.43,47147.55,85.0,15.0,Cubierta (85.0% Contratos / 15.0% Bolsa),942.95092875,347039.41653797065,533906.7946990842,491194.2511231575,-42712.54357592674,42712.54357592674,8.0
2026-09-06,6,2026-09-01,True,CARIBE_SOL,22415998.47,314316.97625,162437713.7,105584513.9,368.0355,267169.43,47147.55,85.0,15.0,Cubierta (85.0% Contratos / 15.0% Bolsa),942.95092875,347039.41653797065,533906.7946990842,491194.2511231575,-42712.54357592674,42712.54357592674,8.0
2026-09-06,6,2026-09-01,True,VALLE,18320935.69,314316.97625,162437713.7,105584513.9,368.0355,267169.43,47147.55,85.0,15.0,Cubierta (85.0% Contratos / 15.0% Bolsa),942.95092875,347039.41653797065,533906.7946990842,491194.2511231575,-42712.54357592674,42712.54357592674,8.0
2026-09-06,6,2026-09-01,True,SANTANDER,14249015.76,314316.97625,162437713.7,105584513.9,368.0355,267169.43,47147.55,85.0,15.0,Cubierta (85.0% Contratos / 15.0% Bolsa),942.95092875,347039.41653797065,533906.7946990842,491194.2511231575,-42712.54357592674,42712.54357592674,8.0
2026-09-06,6,2026-09-01,True,CUNDINAMARCA,9197519.91,314316.97625,162437713.7,105584513.9,368.0355,267169.43,47147.55,85.0,15.0,Cubierta (85.0% Contratos / 15.0% Bolsa),942.95092875,347039.41653797065,533906.7946990842,491194.2511231575,-42712.54357592674,42712.54357592674,8.0
2026-09-06,6,2026-09-01,True,TOLIMA,7602140.92,314316.97625,162437713.7,105584513.9,368.0355,267169.43,47147.55,85.0,15.0,Cubierta (85.0% Contratos / 15.0% Bolsa),942.95092875,347039.41653797065,533906.7946990842,491194.2511231575,-42712.54357592674,42712.54357592674,8.0
2026-09-07,7,2026-09-01,True,ANTIOQUIA,29928843.94,440292.9525,191848780.99000004,124701707.64,368.3065,374249.01,66043.94,85.0,15.0,Cubierta (85.0% Contratos / 15.0% Bolsa),1320.8788575,486488.2689298238,748443.4906822741,688568.0114276923,-59875.47925458185,59875.47925458185,7.999999999999989
2026-09-07,7,2026-09-01,True,BOGOTA,42234916.7,440292.9525,191848780.99000004,124701707.64,368.3065,374249.01,66043.94,85.0,15.0,Cubierta (85.0% Contratos / 15.0% Bolsa),1320.8788575,486488.2689298238,748443.4906822741,688568.0114276923,-59875.47925458185,59875.47925458185,7.999999999999989
2026-09-07,7,2026-09-01,True,CARIBE_MAR,33828292.51,440292.9525,191848780.99000004,124701707.64,368.3065,374249.01,66043.94,85.0,15.0,Cubierta (85.0% Contratos / 15.0% Bolsa),1320.8788575,486488.2689298238,748443.4906822741,688568.0114276923,-59875.47925458185,59875.47925458185,7.999999999999989
2026-09-07,7,2026-09-01,True,CARIBE_SOL,26958896.69,440292.9525,191848780.99000004,124701707.64,368.3065,374249.01,66043.94,85.0,15.0,Cubierta (85.0% Contratos / 15.0% Bolsa),1320.8788575,486488.2689298238,748443.4906822741,688568.0114276923,-59875.47925458185,59875.47925458185,7.999999999999989
2026-09-07,7,2026-09-01,True,VALLE,21876913.68,440292.9525,191848780.99000004,124701707.64,368.3065,374249.01,66043.94,85.0,15.0,Cubierta (85.0% Contratos / 15.0% Bolsa),1320.8788575,486488.2689298238,748443.4906822741,688568.0114276923,-59875.47925458185,59875.47925458185,7.999999999999989
2026-09-07,7,2026-09-01,True,SANTANDER,16973347.96,440292.9525,191848780.99000004,124701707.64,368.3065,374249.01,66043.94,85.0,15.0,Cubierta (85.0% Contratos / 15.0% Bolsa),1320.8788575,486488.2689298238,748443.4906822741,688568.0114276923,-59875.47925458185,59875.47925458185,7.999999999999989
2026-09-07,7,2026-09-01,True,CUNDINAMARCA,10969900.93,440292.9525,191848780.99000004,124701707.64,368.3065,374249.01,66043.94,85.0,15.0,Cubierta (85.0% Contratos / 15.0% Bolsa),1320.8788575,486488.2689298238,748443.4906822741,688568.0114276923,-59875.47925458185,59875.47925458185,7.999999999999989
2026-09-07,7,2026-09-01,True,TOLIMA,9077668.58,440292.9525,191848780.99000004,124701707.64,368.3065,374249.01,66043.94,85.0,15.0,Cubierta (85.0% Contratos / 15.0% Bolsa),1320.8788575,486488.2689298238,748443.4906822741,688568.0114276923,-59875.47925458185,59875.47925458185,7.999999999999989
2026-09-08,8,2026-09-01,True,ANTIOQUIA,30467495.65,441488.2125,192369591.37,125040234.39,368.4969,375264.98,66223.23,85.0,15.0,Cubierta (85.0% Contratos / 15.0% Bolsa),1324.4646375000002,488061.1130783738,750863.2508928082,690794.1908213836,-60069.06007142458,60069.06007142458,7.99999999999999
2026-09-08,8,2026-09-01,True,BOGOTA,42660793.66,441488.2125,192369591.37,125040234.39,368.4969,375264.98,66223.23,85.0,15.0,Cubierta (85.0% Contratos / 15.0% Bolsa),1324.4646375000002,488061.1130783738,750863.2508928082,690794.1908213836,-60069.06007142458,60069.06007142458,7.99999999999999
2026-09-08,8,2026-09-01,True,CARIBE_MAR,34179086.99,441488.2125,192369591.37,125040234.39,368.4969,375264.98,66223.23,85.0,15.0,Cubierta (85.0% Contratos / 15.0% Bolsa),1324.4646375000002,488061.1130783738,750863.2508928082,690794.1908213836,-60069.06007142458,60069.06007142458,7.99999999999999
2026-09-08,8,2026-09-01,True,CARIBE_SOL,26565082.83,441488.2125,192369591.37,125040234.39,368.4969,375264.98,66223.23,85.0,15.0,Cubierta (85.0% Contratos / 15.0% Bolsa),1324.4646375000002,488061.1130783738,750863.2508928082,690794.1908213836,-60069.06007142458,60069.06007142458,7.99999999999999
2026-09-08,8,2026-09-01,True,VALLE,21687213.53,441488.2125,192369591.37,125040234.39,368.4969,375264.98,66223.23,85.0,15.0,Cubierta (85.0% Contratos / 15.0% Bolsa),1324.4646375000002,488061.1130783738,750863.2508928082,690794.1908213836,-60069.06007142458,60069.06007142458,7.99999999999999
2026-09-08,8,2026-09-01,True,SANTANDER,16889473.57,441488.2125,192369591.37,125040234.39,368.4969,375264.98,66223.23,85.0,15.0,Cubierta (85.0% Contratos / 15.0% Bolsa),1324.4646375000002,488061.1130783738,750863.2508928082,690794.1908213836,-60069.06007142458,60069.06007142458,7.99999999999999
2026-09-08,8,2026-09-01,True,CUNDINAMARCA,10924543.66,441488.2125,192369591.37,125040234.39,368.4969,375264.98,66223.23,85.0,15.0,Cubierta (85.0% Contratos / 15.0% Bolsa),1324.4646375000002,488061.1130783738,750863.2508928082,690794.1908213836,-60069.06007142458,60069.06007142458,7.99999999999999
2026-09-08,8,2026-09-01,True,TOLIMA,8995901.48,441488.2125,192369591.37,125040234.39,368.4969,375264.98,66223.23,85.0,15.0,Cubierta (85.0% Contratos / 15.0% Bolsa),1324.4646375000002,488061.1130783738,750863.2508928082,690794.1908213836,-60069.06007142458,60069.06007142458,7.99999999999999
2026-09-09,9,2026-09-01,True,ANTIOQUIA,30410137.74,441855.2375,192529515.20999998,125144184.89,368.6058,375576.95,66278.29,85.0,15.0,Cubierta (85.0% Contratos / 15.0% Bolsa),1325.5657125,488611.2099086325,751709.5536845648,691572.7893897996,-60136.76429476519,60136.76429476519,8.000000000000002
2026-09-09,9,2026-09-01,True,BOGOTA,42364153.7,441855.2375,192529515.20999998,125144184.89,368.6058,375576.95,66278.29,85.0,15.0,Cubierta (85.0% Contratos / 15.0% Bolsa),1325.5657125,488611.2099086325,751709.5536845648,691572.7893897996,-60136.76429476519,60136.76429476519,8.000000000000002
2026-09-09,9,2026-09-01,True,CARIBE_MAR,34188545.54,441855.2375,192529515.20999998,125144184.89,368.6058,375576.95,66278.29,85.0,15.0,Cubierta (85.0% Contratos / 15.0% Bolsa),1325.5657125,488611.2099086325,751709.5536845648,691572.7893897996,-60136.76429476519,60136.76429476519,8.000000000000002
2026-09-09,9,2026-09-01,True,CARIBE_SOL,26864979.0,441855.2375,192529515.20999998,125144184.89,368.6058,375576.95,66278.29,85.0,15.0,Cubierta (85.0% Contratos / 15.0% Bolsa),1325.5657125,488611.2099086325,751709.5536845648,691572.7893897996,-60136.76429476519,60136.76429476519,8.000000000000002
2026-09-09,9,2026-09-01,True,VALLE,21853070.48,441855.2375,192529515.20999998,125144184.89,368.6058,375576.95,66278.29,85.0,15.0,Cubierta (85.0% Contratos / 15.0% Bolsa),1325.5657125,488611.2099086325,751709.5536845648,691572.7893897996,-60136.76429476519,60136.76429476519,8.000000000000002
2026-09-09,9,2026-09-01,True,SANTANDER,16833045.62,441855.2375,192529515.20999998,125144184.89,368.6058,375576.95,66278.29,85.0,15.0,Cubierta (85.0% Contratos / 15.0% Bolsa),1325.5657125,488611.2099086325,751709.5536845648,691572.7893897996,-60136.76429476519,60136.76429476519,8.000000000000002
2026-09-09,9,2026-09-01,True,CUNDINAMARCA,10848208.23,441855.2375,192529515.20999998,125144184.89,368.6058,375576.95,66278.29,85.0,15.0,Cubierta (85.0% Contratos / 15.0% Bolsa),1325.5657125,488611.2099086325,751709.5536845648,691572.7893897996,-60136.76429476519,60136.76429476519,8.000000000000002
2026-09-09,9,2026-09-01,True,TOLIMA,9167374.9,441855.2375,192529515.20999998,125144184.89,368.6058,375576.95,66278.29,85.0,15.0,Cubierta (85.0% Contratos / 15.0% Bolsa),1325.5657125,488611.2099086325,751709.5536845648,691572.7893897996,-60136.76429476519,60136.76429476519,8.000000000000002
2026-09-10,10,2026-09-01,True,ANTIOQUIA,30012186.35,442743.90125,192916732.51999998,125395876.14,368.634,376332.32,66411.59,85.0,15.0,Cubierta (85.0% Contratos / 15.0% Bolsa),1328.23170375,489631.3658801775,753279.024419028,693016.7024655058,-60262.32195352216,60262.32195352216,7.999999999999989
2026-09-10,10,2026-09-01,True,BOGOTA,42684411.82,442743.90125,192916732.51999998,125395876.14,368.634,376332.32,66411.59,85.0,15.0,Cubierta (85.0% Contratos / 15.0% Bolsa),1328.23170375,489631.3658801775,753279.024419028,693016.7024655058,-60262.32195352216,60262.32195352216,7.999999999999989
2026-09-10,10,2026-09-01,True,CARIBE_MAR,34114594.27,442743.90125,192916732.51999998,125395876.14,368.634,376332.32,66411.59,85.0,15.0,Cubierta (85.0% Contratos / 15.0% Bolsa),1328.23170375,489631.3658801775,753279.024419028,693016.7024655058,-60262.32195352216,60262.32195352216,7.999999999999989
2026-09-10,10,2026-09-01,True,CARIBE_SOL,26889743.79,442743.90125,192916732.51999998,125395876.14,368.634,376332.32,66411.59,85.0,15.0,Cubierta (85.0% Contratos / 15.0% Bolsa),1328.23170375,489631.3658801775,753279.024419028,693016.7024655058,-60262.32195352216,60262.32195352216,7.999999999999989
2026-09-10,10,2026-09-01,True,VALLE,21980576.62,442743.90125,192916732.51999998,125395876.14,368.634,376332.32,66411.59,85.0,15.0,Cubierta (85.0% Contratos / 15.0% Bolsa),1328.23170375,489631.3658801775,753279.024419028,693016.7024655058,-60262.32195352216,60262.32195352216,7.999999999999989
2026-09-10,10,2026-09-01,True,SANTANDER,17170329.97,442743.90125,192916732.51999998,125395876.14,368.634,376332.32,66411.59,85.0,15.0,Cubierta (85.0% Contratos / 15.0% Bolsa),1328.23170375,489631.3658801775,753279.024419028,693016.7024655058,-60262.32195352216,60262.32195352216,7.999999999999989
2026-09-10,10,2026-09-01,True,CUNDINAMARCA,10920740.09,442743.90125,192916732.51999998,125395876.14,368.634,376332.32,66411.59,85.0,15.0,Cubierta (85.0% Contratos / 15.0% Bolsa),1328.23170375,489631.3658801775,753279.024419028,693016.7024655058,-60262.32195352216,60262.32195352216,7.999999999999989
2026-09-10,10,2026-09-01,True,TOLIMA,9144149.61,442743.90125,192916732.51999998,125395876.14,368.634,376332.32,66411.59,85.0,15.0,Cubierta (85.0% Contratos / 15.0% Bolsa),1328.23170375,489631.3658801775,753279.024419028,693016.7024655058,-60262.32195352216,60262.32195352216,7.999999999999989
2026-09-11,11,2026-09-01,True,ANTIOQUIA,29939095.28,440080.91375,191756389.26000002,124641653.02,368.5841,374068.78,66012.14,85.0,15.0,Cubierta (85.0% Contratos / 15.0% Bolsa),1320.24274125,486620.48256516416,748646.8962480923,688755.1445482449,-59891.7516998474,59891.7516998474,8.000000000000004
2026-09-11,11,2026-09-01,True,BOGOTA,42228115.44,440080.91375,191756389.26000002,124641653.02,368.5841,374068.78,66012.14,85.0,15.0,Cubierta (85.0% Contratos / 15.0% Bolsa),1320.24274125,486620.48256516416,748646.8962480923,688755.1445482449,-59891.7516998474,59891.7516998474,8.000000000000004
2026-09-11,11,2026-09-01,True,CARIBE_MAR,34396726.74,440080.91375,191756389.26000002,124641653.02,368.5841,374068.78,66012.14,85.0,15.0,Cubierta (85.0% Contratos / 15.0% Bolsa),1320.24274125,486620.48256516416,748646.8962480923,688755.1445482449,-59891.7516998474,59891.7516998474,8.000000000000004
2026-09-11,11,2026-09-01,True,CARIBE_SOL,26638886.22,440080.91375,191756389.26000002,124641653.02,368.5841,374068.78,66012.14,85.0,15.0,Cubierta (85.0% Contratos / 15.0% Bolsa),1320.24274125,486620.48256516416,748646.8962480923,688755.1445482449,-59891.7516998474,59891.7516998474,8.000000000000004
2026-09-11,11,2026-09-01,True,VALLE,21671842.39,440080.91375,191756389.26000002,124641653.02,368.5841,374068.78,66012.14,85.0,15.0,Cubierta (85.0% Contratos / 15.0% Bolsa),1320.24274125,486620.48256516416,748646.8962480923,688755.1445482449,-59891.7516998474,59891.7516998474,8.000000000000004
2026-09-11,11,2026-09-01,True,SANTANDER,16864966.36,440080.91375,191756389.26000002,124641653.02,368.5841,374068.78,66012.14,85.0,15.0,Cubierta (85.0% Contratos / 15.0% Bolsa),1320.24274125,486620.48256516416,748646.8962480923,688755.1445482449,-59891.7516998474,59891.7516998474,8.000000000000004
2026-09-11,11,2026-09-01,True,CUNDINAMARCA,10911914.61,440080.91375,191756389.26000002,124641653.02,368.5841,374068.78,66012.14,85.0,15.0,Cubierta (85.0% Contratos / 15.0% Bolsa),1320.24274125,486620.48256516416,748646.8962480923,688755.1445482449,-59891.7516998474,59891.7516998474,8.000000000000004
2026-09-11,11,2026-09-01,True,TOLIMA,9104842.22,440080.91375,191756389.26000002,124641653.02,368.5841,374068.78,66012.14,85.0,15.0,Cubierta (85.0% Contratos / 15.0% Bolsa),1320.24274125,486620.48256516416,748646.8962480923,688755.1445482449,-59891.7516998474,59891.7516998474,8.000000000000004
2026-09-12,12,2026-09-01,True,ANTIOQUIA,25701155.53,313702.33125,162120067.92,105378044.15,368.46,266646.98,47055.35,85.0,15.0,Cubierta (85.0% Contratos / 15.0% Bolsa),941.10699375,346760.282917125,533477.3583239133,490799.16965800023,-42678.18866591307,42678.18866591307,8.000000000000002
2026-09-12,12,2026-09-01,True,BOGOTA,36031782.31,313702.33125,162120067.92,105378044.15,368.46,266646.98,47055.35,85.0,15.0,Cubierta (85.0% Contratos / 15.0% Bolsa),941.10699375,346760.282917125,533477.3583239133,490799.16965800023,-42678.18866591307,42678.18866591307,8.000000000000002
2026-09-12,12,2026-09-01,True,CARIBE_MAR,28687805.66,313702.33125,162120067.92,105378044.15,368.46,266646.98,47055.35,85.0,15.0,Cubierta (85.0% Contratos / 15.0% Bolsa),941.10699375,346760.282917125,533477.3583239133,490799.16965800023,-42678.18866591307,42678.18866591307,8.000000000000002
2026-09-12,12,2026-09-01,True,CARIBE_SOL,22226336.72,313702.33125,162120067.92,105378044.15,368.46,266646.98,47055.35,85.0,15.0,Cubierta (85.0% Contratos / 15.0% Bolsa),941.10699375,346760.282917125,533477.3583239133,490799.16965800023,-42678.18866591307,42678.18866591307,8.000000000000002
2026-09-12,12,2026-09-01,True,VALLE,18307483.69,313702.33125,162120067.92,105378044.15,368.46,266646.98,47055.35,85.0,15.0,Cubierta (85.0% Contratos / 15.0% Bolsa),941.10699375,346760.282917125,533477.3583239133,490799.16965800023,-42678.18866591307,42678.18866591307,8.000000000000002
2026-09-12,12,2026-09-01,True,SANTANDER,14322266.11,313702.33125,162120067.92,105378044.15,368.46,266646.98,47055.35,85.0,15.0,Cubierta (85.0% Contratos / 15.0% Bolsa),941.10699375,346760.282917125,533477.3583239133,490799.16965800023,-42678.18866591307,42678.18866591307,8.000000000000002
2026-09-12,12,2026-09-01,True,CUNDINAMARCA,9165147.33,313702.33125,162120067.92,105378044.15,368.46,266646.98,47055.35,85.0,15.0,Cubierta (85.0% Contratos / 15.0% Bolsa),941.10699375,346760.282917125,533477.3583239133,490799.16965800023,-42678.18866591307,42678.18866591307,8.000000000000002
2026-09-12,12,2026-09-01,True,TOLIMA,7678090.57,313702.33125,162120067.92,105378044.15,368.46,266646.98,47055.35,85.0,15.0,Cubierta (85.0% Contratos / 15.0% Bolsa),941.10699375,346760.282917125,533477.3583239133,490799.16965800023,-42678.18866591307,42678.18866591307,8.000000000000002
2026-09-13,13,2026-09-01,True,ANTIOQUIA,25865648.5,314411.18125,162486398.35999998,105616158.93,368.2675,267249.5,47161.68,85.0,15.0,Cubierta (85.0% Contratos / 15.0% Bolsa),943.2335437500001,347362.25907295314,534403.4755170903,491651.1974757231,-42752.278041367186,42752.278041367186,7.999999999999993
2026-09-13,13,2026-09-01,True,BOGOTA,35696734.48,314411.18125,162486398.35999998,105616158.93,368.2675,267249.5,47161.68,85.0,15.0,Cubierta (85.0% Contratos / 15.0% Bolsa),943.2335437500001,347362.25907295314,534403.4755170903,491651.1974757231,-42752.278041367186,42752.278041367186,7.999999999999993
2026-09-13,13,2026-09-01,True,CARIBE_MAR,28738152.2,314411.18125,162486398.35999998,105616158.93,368.2675,267249.5,47161.68,85.0,15.0,Cubierta (85.0% Contratos / 15.0% Bolsa),943.2335437500001,347362.25907295314,534403.4755170903,491651.1974757231,-42752.278041367186,42752.278041367186,7.999999999999993
2026-09-13,13,2026-09-01,True,CARIBE_SOL,22651467.93,314411.18125,162486398.35999998,105616158.93,368.2675,267249.5,47161.68,85.0,15.0,Cubierta (85.0% Contratos / 15.0% Bolsa),943.2335437500001,347362.25907295314,534403.4755170903,491651.1974757231,-42752.278041367186,42752.278041367186,7.999999999999993
2026-09-13,13,2026-09-01,True,VALLE,18362778.53,314411.18125,162486398.35999998,105616158.93,368.2675,267249.5,47161.68,85.0,15.0,Cubierta (85.0% Contratos / 15.0% Bolsa),943.2335437500001,347362.25907295314,534403.4755170903,491651.1974757231,-42752.278041367186,42752.278041367186,7.999999999999993
2026-09-13,13,2026-09-01,True,SANTANDER,14317438.3,314411.18125,162486398.35999998,105616158.93,368.2675,267249.5,47161.68,85.0,15.0,Cubierta (85.0% Contratos / 15.0% Bolsa),943.2335437500001,347362.25907295314,534403.4755170903,491651.1974757231,-42752.278041367186,42752.278041367186,7.999999999999993
2026-09-13,13,2026-09-01,True,CUNDINAMARCA,9184006.14,314411.18125,162486398.35999998,105616158.93,368.2675,267249.5,47161.68,85.0,15.0,Cubierta (85.0% Contratos / 15.0% Bolsa),943.2335437500001,347362.25907295314,534403.4755170903,491651.1974757231,-42752.278041367186,42752.278041367186,7.999999999999993
2026-09-13,13,2026-09-01,True,TOLIMA,7670172.28,314411.18125,162486398.35999998,105616158.93,368.2675,267249.5,47161.68,85.0,15.0,Cubierta (85.0% Contratos / 15.0% Bolsa),943.2335437500001,347362.25907295314,534403.4755170903,491651.1974757231,-42752.278041367186,42752.278041367186,7.999999999999993
2026-09-14,14,2026-09-01,True,ANTIOQUIA,30287185.57,442593.99375,192851413.46,125353418.75,368.0134,376204.89,66389.1,85.0,15.0,Cubierta (85.0% Contratos / 15.0% Bolsa),1327.7819812500002,488641.5613785488,751756.2482686935,691615.748407198,-60140.49986149545,60140.49986149545,7.999999999999997
2026-09-14,14,2026-09-01,True,BOGOTA,42103739.06,442593.99375,192851413.46,125353418.75,368.0134,376204.89,66389.1,85.0,15.0,Cubierta (85.0% Contratos / 15.0% Bolsa),1327.7819812500002,488641.5613785488,751756.2482686935,691615.748407198,-60140.49986149545,60140.49986149545,7.999999999999997
2026-09-14,14,2026-09-01,True,CARIBE_MAR,34447768.42,442593.99375,192851413.46,125353418.75,368.0134,376204.89,66389.1,85.0,15.0,Cubierta (85.0% Contratos / 15.0% Bolsa),1327.7819812500002,488641.5613785488,751756.2482686935,691615.748407198,-60140.49986149545,60140.49986149545,7.999999999999997
2026-09-14,14,2026-09-01,True,CARIBE_SOL,26732621.78,442593.99375,192851413.46,125353418.75,368.0134,376204.89,66389.1,85.0,15.0,Cubierta (85.0% Contratos / 15.0% Bolsa),1327.7819812500002,488641.5613785488,751756.2482686935,691615.748407198,-60140.49986149545,60140.49986149545,7.999999999999997
2026-09-14,14,2026-09-01,True,VALLE,22042485.59,442593.99375,192851413.46,125353418.75,368.0134,376204.89,66389.1,85.0,15.0,Cubierta (85.0% Contratos / 15.0% Bolsa),1327.7819812500002,488641.5613785488,751756.2482686935,691615.748407198,-60140.49986149545,60140.49986149545,7.999999999999997
2026-09-14,14,2026-09-01,True,SANTANDER,17156886.94,442593.99375,192851413.46,125353418.75,368.0134,376204.89,66389.1,85.0,15.0,Cubierta (85.0% Contratos / 15.0% Bolsa),1327.7819812500002,488641.5613785488,751756.2482686935,691615.748407198,-60140.49986149545,60140.49986149545,7.999999999999997
2026-09-14,14,2026-09-01,True,CUNDINAMARCA,10919282.52,442593.99375,192851413.46,125353418.75,368.0134,376204.89,66389.1,85.0,15.0,Cubierta (85.0% Contratos / 15.0% Bolsa),1327.7819812500002,488641.5613785488,751756.2482686935,691615.748407198,-60140.49986149545,60140.49986149545,7.999999999999997
2026-09-14,14,2026-09-01,True,TOLIMA,9161443.58,442593.99375,192851413.46,125353418.75,368.0134,376204.89,66389.1,85.0,15.0,Cubierta (85.0% Contratos / 15.0% Bolsa),1327.7819812500002,488641.5613785488,751756.2482686935,691615.748407198,-60140.49986149545,60140.49986149545,7.999999999999997
2026-09-15,15,2026-09-01,True,ANTIOQUIA,30400695.2,443010.60625,193032943.84,125471413.5,367.706,376559.02,66451.59,85.0,15.0,Cubierta (85.0% Contratos / 15.0% Bolsa),1329.03181875,488692.9739452875,751835.3445072433,691688.5169466638,-60146.827560579404,60146.827560579404,7.999999999999993
2026-09-15,15,2026-09-01,True,BOGOTA,42579279.38,443010.60625,193032943.84,125471413.5,367.706,376559.02,66451.59,85.0,15.0,Cubierta (85.0% Contratos / 15.0% Bolsa),1329.03181875,488692.9739452875,751835.3445072433,691688.5169466638,-60146.827560579404,60146.827560579404,7.999999999999993
2026-09-15,15,2026-09-01,True,CARIBE_MAR,34015409.98,443010.60625,193032943.84,125471413.5,367.706,376559.02,66451.59,85.0,15.0,Cubierta (85.0% Contratos / 15.0% Bolsa),1329.03181875,488692.9739452875,751835.3445072433,691688.5169466638,-60146.827560579404,60146.827560579404,7.999999999999993
2026-09-15,15,2026-09-01,True,CARIBE_SOL,26815931.97,443010.60625,193032943.84,125471413.5,367.706,376559.02,66451.59,85.0,15.0,Cubierta (85.0% Contratos / 15.0% Bolsa),1329.03181875,488692.9739452875,751835.3445072433,691688.5169466638,-60146.827560579404,60146.827560579404,7.999999999999993
2026-09-15,15,2026-09-01,True,VALLE,22148690.3,443010.60625,193032943.84,125471413.5,367.706,376559.02,66451.59,85.0,15.0,Cubierta (85.0% Contratos / 15.0% Bolsa),1329.03181875,488692.9739452875,751835.3445072433,691688.5169466638,-60146.827560579404,60146.827560579404,7.999999999999993
2026-09-15,15,2026-09-01,True,SANTANDER,17070731.5,443010.60625,193032943.84,125471413.5,367.706,376559.02,66451.59,85.0,15.0,Cubierta (85.0% Contratos / 15.0% Bolsa),1329.03181875,488692.9739452875,751835.3445072433,691688.5169466638,-60146.827560579404,60146.827560579404,7.999999999999993
2026-09-15,15,2026-09-01,True,CUNDINAMARCA,10969273.44,443010.60625,193032943.84,125471413.5,367.706,376559.02,66451.59,85.0,15.0,Cubierta (85.0% Contratos / 15.0% Bolsa),1329.03181875,488692.9739452875,751835.3445072433,691688.5169466638,-60146.827560579404,60146.827560579404,7.999999999999993
2026-09-15,15,2026-09-01,True,TOLIMA,9032932.07,443010.60625,193032943.84,125471413.5,367.706,376559.02,66451.59,85.0,15.0,Cubierta (85.0% Contratos / 15.0% Bolsa),1329.03181875,488692.9739452875,751835.3445072433,691688.5169466638,-60146.827560579404,60146.827560579404,7.999999999999993
2026-09-16,16,2026-09-01,True,ANTIOQUIA,30788577.95,440746.87125,192046566.83999997,124830268.45,367.3546,374634.84,66112.03,85.0,15.0,Cubierta (85.0% Contratos / 15.0% Bolsa),1322.2406137500002,485731.17176788585,747278.7257728018,687496.4277109776,-59782.29806182417,59782.29806182417,8.000000000000004
2026-09-16,16,2026-09-01,True,BOGOTA,42134332.1,440746.87125,192046566.83999997,124830268.45,367.3546,374634.84,66112.03,85.0,15.0,Cubierta (85.0% Contratos / 15.0% Bolsa),1322.2406137500002,485731.17176788585,747278.7257728018,687496.4277109776,-59782.29806182417,59782.29806182417,8.000000000000004
2026-09-16,16,2026-09-01,True,CARIBE_MAR,33889424.15,440746.87125,192046566.83999997,124830268.45,367.3546,374634.84,66112.03,85.0,15.0,Cubierta (85.0% Contratos / 15.0% Bolsa),1322.2406137500002,485731.17176788585,747278.7257728018,687496.4277109776,-59782.29806182417,59782.29806182417,8.000000000000004
2026-09-16,16,2026-09-01,True,CARIBE_SOL,26750855.47,440746.87125,192046566.83999997,124830268.45,367.3546,374634.84,66112.03,85.0,15.0,Cubierta (85.0% Contratos / 15.0% Bolsa),1322.2406137500002,485731.17176788585,747278.7257728018,687496.4277109776,-59782.29806182417,59782.29806182417,8.000000000000004
2026-09-16,16,2026-09-01,True,VALLE,21611769.4,440746.87125,192046566.83999997,124830268.45,367.3546,374634.84,66112.03,85.0,15.0,Cubierta (85.0% Contratos / 15.0% Bolsa),1322.2406137500002,485731.17176788585,747278.7257728018,687496.4277109776,-59782.29806182417,59782.29806182417,8.000000000000004
2026-09-16,16,2026-09-01,True,SANTANDER,16827534.6,440746.87125,192046566.83999997,124830268.45,367.3546,374634.84,66112.03,85.0,15.0,Cubierta (85.0% Contratos / 15.0% Bolsa),1322.2406137500002,485731.17176788585,747278.7257728018,687496.4277109776,-59782.29806182417,59782.29806182417,8.000000000000004
2026-09-16,16,2026-09-01,True,CUNDINAMARCA,10888263.26,440746.87125,192046566.83999997,124830268.45,367.3546,374634.84,66112.03,85.0,15.0,Cubierta (85.0% Contratos / 15.0% Bolsa),1322.2406137500002,485731.17176788585,747278.7257728018,687496.4277109776,-59782.29806182417,59782.29806182417,8.000000000000004
2026-09-16,16,2026-09-01,True,TOLIMA,9155809.91,440746.87125,192046566.83999997,124830268.45,367.3546,374634.84,66112.03,85.0,15.0,Cubierta (85.0% Contratos / 15.0% Bolsa),1322.2406137500002,485731.17176788585,747278.7257728018,687496.4277109776,-59782.29806182417,59782.29806182417,8.000000000000004
2026-09-17,17,2026-09-01,True,ANTIOQUIA,30187340.01,442721.835,192907117.9,125389626.64,366.9694,376313.56,66408.28,85.0,15.0,Cubierta (85.0% Contratos / 15.0% Bolsa),1328.1655050000002,487396.09847054706,749840.1514632488,689852.9393461889,-59987.212117059855,59987.212117059855,7.999999999999993
2026-09-17,17,2026-09-01,True,BOGOTA,42807176.46,442721.835,192907117.9,125389626.64,366.9694,376313.56,66408.28,85.0,15.0,Cubierta (85.0% Contratos / 15.0% Bolsa),1328.1655050000002,487396.09847054706,749840.1514632488,689852.9393461889,-59987.212117059855,59987.212117059855,7.999999999999993
2026-09-17,17,2026-09-01,True,CARIBE_MAR,33982197.2,442721.835,192907117.9,125389626.64,366.9694,376313.56,66408.28,85.0,15.0,Cubierta (85.0% Contratos / 15.0% Bolsa),1328.1655050000002,487396.09847054706,749840.1514632488,689852.9393461889,-59987.212117059855,59987.212117059855,7.999999999999993
2026-09-17,17,2026-09-01,True,CARIBE_SOL,26976747.63,442721.835,192907117.9,125389626.64,366.9694,376313.56,66408.28,85.0,15.0,Cubierta (85.0% Contratos / 15.0% Bolsa),1328.1655050000002,487396.09847054706,749840.1514632488,689852.9393461889,-59987.212117059855,59987.212117059855,7.999999999999993
2026-09-17,17,2026-09-01,True,VALLE,22020426.33,442721.835,192907117.9,125389626.64,366.9694,376313.56,66408.28,85.0,15.0,Cubierta (85.0% Contratos / 15.0% Bolsa),1328.1655050000002,487396.09847054706,749840.1514632488,689852.9393461889,-59987.212117059855,59987.212117059855,7.999999999999993
2026-09-17,17,2026-09-01,True,SANTANDER,16907192.53,442721.835,192907117.9,125389626.64,366.9694,376313.56,66408.28,85.0,15.0,Cubierta (85.0% Contratos / 15.0% Bolsa),1328.1655050000002,487396.09847054706,749840.1514632488,689852.9393461889,-59987.212117059855,59987.212117059855,7.999999999999993
2026-09-17,17,2026-09-01,True,CUNDINAMARCA,10863568.94,442721.835,192907117.9,125389626.64,366.9694,376313.56,66408.28,85.0,15.0,Cubierta (85.0% Contratos / 15.0% Bolsa),1328.1655050000002,487396.09847054706,749840.1514632488,689852.9393461889,-59987.212117059855,59987.212117059855,7.999999999999993
2026-09-17,17,2026-09-01,True,TOLIMA,9162468.8,442721.835,192907117.9,125389626.64,366.9694,376313.56,66408.28,85.0,15.0,Cubierta (85.0% Contratos / 15.0% Bolsa),1328.1655050000002,487396.09847054706,749840.1514632488,689852.9393461889,-59987.212117059855,59987.212117059855,7.999999999999993
2026-09-18,18,2026-09-01,True,ANTIOQUIA,30360326.08,442883.35625,192977497.3,125435373.24,366.5614,376450.85,66432.5,85.0,15.0,Cubierta (85.0% Contratos / 15.0% Bolsa),1328.6500687500002,487031.8293110963,749279.7374315537,689337.3584370294,-59942.378994524246,59942.378994524246,7.999999999999993
2026-09-18,18,2026-09-01,True,BOGOTA,42495301.47,442883.35625,192977497.3,125435373.24,366.5614,376450.85,66432.5,85.0,15.0,Cubierta (85.0% Contratos / 15.0% Bolsa),1328.6500687500002,487031.8293110963,749279.7374315537,689337.3584370294,-59942.378994524246,59942.378994524246,7.999999999999993
2026-09-18,18,2026-09-01,True,CARIBE_MAR,34121526.49,442883.35625,192977497.3,125435373.24,366.5614,376450.85,66432.5,85.0,15.0,Cubierta (85.0% Contratos / 15.0% Bolsa),1328.6500687500002,487031.8293110963,749279.7374315537,689337.3584370294,-59942.378994524246,59942.378994524246,7.999999999999993
2026-09-18,18,2026-09-01,True,CARIBE_SOL,26991446.24,442883.35625,192977497.3,125435373.24,366.5614,376450.85,66432.5,85.0,15.0,Cubierta (85.0% Contratos / 15.0% Bolsa),1328.6500687500002,487031.8293110963,749279.7374315537,689337.3584370294,-59942.378994524246,59942.378994524246,7.999999999999993
2026-09-18,18,2026-09-01,True,VALLE,21919742.22,442883.35625,192977497.3,125435373.24,366.5614,376450.85,66432.5,85.0,15.0,Cubierta (85.0% Contratos / 15.0% Bolsa),1328.6500687500002,487031.8293110963,749279.7374315537,689337.3584370294,-59942.378994524246,59942.378994524246,7.999999999999993
2026-09-18,18,2026-09-01,True,SANTANDER,17097832.21,442883.35625,192977497.3,125435373.24,366.5614,376450.85,66432.5,85.0,15.0,Cubierta (85.0% Contratos / 15.0% Bolsa),1328.6500687500002,487031.8293110963,749279.7374315537,689337.3584370294,-59942.378994524246,59942.378994524246,7.999999999999993
2026-09-18,18,2026-09-01,True,CUNDINAMARCA,10923692.43,442883.35625,192977497.3,125435373.24,366.5614,376450.85,66432.5,85.0,15.0,Cubierta (85.0% Contratos / 15.0% Bolsa),1328.6500687500002,487031.8293110963,749279.7374315537,689337.3584370294,-59942.378994524246,59942.378994524246,7.999999999999993
2026-09-18,18,2026-09-01,True,TOLIMA,9067630.16,442883.35625,192977497.3,125435373.24,366.5614,376450.85,66432.5,85.0,15.0,Cubierta (85.0% Contratos / 15.0% Bolsa),1328.6500687500002,487031.8293110963,749279.7374315537,689337.3584370294,-59942.378994524246,59942.378994524246,7.999999999999993
2026-09-19,19,2026-09-01,True,ANTIOQUIA,25904128.28,316427.79375,163528575.73,106293574.22,366.1418,268963.62,47464.17,85.0,15.0,Cubierta (85.0% Contratos / 15.0% Bolsa),949.28338125,347572.3259209613,534726.6552856553,491948.5228628029,-42778.13242285239,42778.13242285239,7.999999999999993
2026-09-19,19,2026-09-01,True,BOGOTA,36740079.16,316427.79375,163528575.73,106293574.22,366.1418,268963.62,47464.17,85.0,15.0,Cubierta (85.0% Contratos / 15.0% Bolsa),949.28338125,347572.3259209613,534726.6552856553,491948.5228628029,-42778.13242285239,42778.13242285239,7.999999999999993
2026-09-19,19,2026-09-01,True,CARIBE_MAR,28508164.24,316427.79375,163528575.73,106293574.22,366.1418,268963.62,47464.17,85.0,15.0,Cubierta (85.0% Contratos / 15.0% Bolsa),949.28338125,347572.3259209613,534726.6552856553,491948.5228628029,-42778.13242285239,42778.13242285239,7.999999999999993
2026-09-19,19,2026-09-01,True,CARIBE_SOL,22485933.09,316427.79375,163528575.73,106293574.22,366.1418,268963.62,47464.17,85.0,15.0,Cubierta (85.0% Contratos / 15.0% Bolsa),949.28338125,347572.3259209613,534726.6552856553,491948.5228628029,-42778.13242285239,42778.13242285239,7.999999999999993
2026-09-19,19,2026-09-01,True,VALLE,18404521.48,316427.79375,163528575.73,106293574.22,366.1418,268963.62,47464.17,85.0,15.0,Cubierta (85.0% Contratos / 15.0% Bolsa),949.28338125,347572.3259209613,534726.6552856553,491948.5228628029,-42778.13242285239,42778.13242285239,7.999999999999993
2026-09-19,19,2026-09-01,True,SANTANDER,14401008.48,316427.79375,163528575.73,106293574.22,366.1418,268963.62,47464.17,85.0,15.0,Cubierta (85.0% Contratos / 15.0% Bolsa),949.28338125,347572.3259209613,534726.6552856553,491948.5228628029,-42778.13242285239,42778.13242285239,7.999999999999993
2026-09-19,19,2026-09-01,True,CUNDINAMARCA,9305719.56,316427.79375,163528575.73,106293574.22,366.1418,268963.62,47464.17,85.0,15.0,Cubierta (85.0% Contratos / 15.0% Bolsa),949.28338125,347572.3259209613,534726.6552856553,491948.5228628029,-42778.13242285239,42778.13242285239,7.999999999999993
2026-09-19,19,2026-09-01,True,TOLIMA,7779021.44,316427.79375,163528575.73,106293574.22,366.1418,268963.62,47464.17,85.0,15.0,Cubierta (85.0% Contratos / 15.0% Bolsa),949.28338125,347572.3259209613,534726.6552856553,491948.5228628029,-42778.13242285239,42778.13242285239,7.999999999999993
2026-09-20,20,2026-09-01,True,ANTIOQUIA,25348944.24,314991.11375,162786105.48,105810968.56,365.7224,267742.45,47248.67,85.0,15.0,Cubierta (85.0% Contratos / 15.0% Bolsa),944.9733412500001,345597.91829796904,531689.1050838481,489153.9766771403,-42535.12840670784,42535.12840670784,7.999999999999997
2026-09-20,20,2026-09-01,True,BOGOTA,36301519.56,314991.11375,162786105.48,105810968.56,365.7224,267742.45,47248.67,85.0,15.0,Cubierta (85.0% Contratos / 15.0% Bolsa),944.9733412500001,345597.91829796904,531689.1050838481,489153.9766771403,-42535.12840670784,42535.12840670784,7.999999999999997
2026-09-20,20,2026-09-01,True,CARIBE_MAR,28690345.74,314991.11375,162786105.48,105810968.56,365.7224,267742.45,47248.67,85.0,15.0,Cubierta (85.0% Contratos / 15.0% Bolsa),944.9733412500001,345597.91829796904,531689.1050838481,489153.9766771403,-42535.12840670784,42535.12840670784,7.999999999999997
2026-09-20,20,2026-09-01,True,CARIBE_SOL,22691293.15,314991.11375,162786105.48,105810968.56,365.7224,267742.45,47248.67,85.0,15.0,Cubierta (85.0% Contratos / 15.0% Bolsa),944.9733412500001,345597.91829796904,531689.1050838481,489153.9766771403,-42535.12840670784,42535.12840670784,7.999999999999997
2026-09-20,20,2026-09-01,True,VALLE,18587429.74,314991.11375,162786105.48,105810968.56,365.7224,267742.45,47248.67,85.0,15.0,Cubierta (85.0% Contratos / 15.0% Bolsa),944.9733412500001,345597.91829796904,531689.1050838481,489153.9766771403,-42535.12840670784,42535.12840670784,7.999999999999997
2026-09-20,20,2026-09-01,True,SANTANDER,14270092.06,314991.11375,162786105.48,105810968.56,365.7224,267742.45,47248.67,85.0,15.0,Cubierta (85.0% Contratos / 15.0% Bolsa),944.9733412500001,345597.91829796904,531689.1050838481,489153.9766771403,-42535.12840670784,42535.12840670784,7.999999999999997
2026-09-20,20,2026-09-01,True,CUNDINAMARCA,9335001.15,314991.11375,162786105.48,105810968.56,365.7224,267742.45,47248.67,85.0,15.0,Cubierta (85.0% Contratos / 15.0% Bolsa),944.9733412500001,345597.91829796904,531689.1050838481,489153.9766771403,-42535.12840670784,42535.12840670784,7.999999999999997
2026-09-20,20,2026-09-01,True,TOLIMA,7561479.84,314991.11375,162786105.48,105810968.56,365.7224,267742.45,47248.67,85.0,15.0,Cubierta (85.0% Contratos / 15.0% Bolsa),944.9733412500001,345597.91829796904,531689.1050838481,489153.9766771403,-42535.12840670784,42535.12840670784,7.999999999999997
2026-09-21,21,2026-09-01,True,ANTIOQUIA,30699689.42,443103.42875,193073389.54999998,125497703.21,365.3147,376637.91,66465.51,85.0,15.0,Cubierta (85.0% Contratos / 15.0% Bolsa),1329.31028625,485616.5884283329,747102.4437210141,687334.2482233329,-59768.195497681154,59768.195497681154,8.000000000000004
2026-09-21,21,2026-09-01,True,BOGOTA,42139224.24,443103.42875,193073389.54999998,125497703.21,365.3147,376637.91,66465.51,85.0,15.0,Cubierta (85.0% Contratos / 15.0% Bolsa),1329.31028625,485616.5884283329,747102.4437210141,687334.2482233329,-59768.195497681154,59768.195497681154,8.000000000000004
2026-09-21,21,2026-09-01,True,CARIBE_MAR,34269900.92,443103.42875,193073389.54999998,125497703.21,365.3147,376637.91,66465.51,85.0,15.0,Cubierta (85.0% Contratos / 15.0% Bolsa),1329.31028625,485616.5884283329,747102.4437210141,687334.2482233329,-59768.195497681154,59768.195497681154,8.000000000000004
2026-09-21,21,2026-09-01,True,CARIBE_SOL,27072647.67,443103.42875,193073389.54999998,125497703.21,365.3147,376637.91,66465.51,85.0,15.0,Cubierta (85.0% Contratos / 15.0% Bolsa),1329.31028625,485616.5884283329,747102.4437210141,687334.2482233329,-59768.195497681154,59768.195497681154,8.000000000000004
2026-09-21,21,2026-09-01,True,VALLE,21954169.28,443103.42875,193073389.54999998,125497703.21,365.3147,376637.91,66465.51,85.0,15.0,Cubierta (85.0% Contratos / 15.0% Bolsa),1329.31028625,485616.5884283329,747102.4437210141,687334.2482233329,-59768.195497681154,59768.195497681154,8.000000000000004
2026-09-21,21,2026-09-01,True,SANTANDER,16745106.11,443103.42875,193073389.54999998,125497703.21,365.3147,376637.91,66465.51,85.0,15.0,Cubierta (85.0% Contratos / 15.0% Bolsa),1329.31028625,485616.5884283329,747102.4437210141,687334.2482233329,-59768.195497681154,59768.195497681154,8.000000000000004
2026-09-21,21,2026-09-01,True,CUNDINAMARCA,10962865.75,443103.42875,193073389.54999998,125497703.21,365.3147,376637.91,66465.51,85.0,15.0,Cubierta (85.0% Contratos / 15.0% Bolsa),1329.31028625,485616.5884283329,747102.4437210141,687334.2482233329,-59768.195497681154,59768.195497681154,8.000000000000004
2026-09-21,21,2026-09-01,True,TOLIMA,9229786.16,443103.42875,193073389.54999998,125497703.21,365.3147,376637.91,66465.51,85.0,15.0,Cubierta (85.0% Contratos / 15.0% Bolsa),1329.31028625,485616.5884283329,747102.4437210141,687334.2482233329,-59768.195497681154,59768.195497681154,8.000000000000004
2026-09-22,22,2026-09-01,True,ANTIOQUIA,30130138.06,441537.8575,192391223.32,125054295.16,364.93,375307.18,66230.68,85.0,15.0,Cubierta (85.0% Contratos / 15.0% Bolsa),1324.6135725,483391.231012425,743678.8169302986,684184.5115758748,-59494.30535442382,59494.30535442382,7.999999999999992
2026-09-22,22,2026-09-01,True,BOGOTA,42667484.41,441537.8575,192391223.32,125054295.16,364.93,375307.18,66230.68,85.0,15.0,Cubierta (85.0% Contratos / 15.0% Bolsa),1324.6135725,483391.231012425,743678.8169302986,684184.5115758748,-59494.30535442382,59494.30535442382,7.999999999999992
2026-09-22,22,2026-09-01,True,CARIBE_MAR,34130793.85,441537.8575,192391223.32,125054295.16,364.93,375307.18,66230.68,85.0,15.0,Cubierta (85.0% Contratos / 15.0% Bolsa),1324.6135725,483391.231012425,743678.8169302986,684184.5115758748,-59494.30535442382,59494.30535442382,7.999999999999992
2026-09-22,22,2026-09-01,True,CARIBE_SOL,26709399.93,441537.8575,192391223.32,125054295.16,364.93,375307.18,66230.68,85.0,15.0,Cubierta (85.0% Contratos / 15.0% Bolsa),1324.6135725,483391.231012425,743678.8169302986,684184.5115758748,-59494.30535442382,59494.30535442382,7.999999999999992
2026-09-22,22,2026-09-01,True,VALLE,21772908.84,441537.8575,192391223.32,125054295.16,364.93,375307.18,66230.68,85.0,15.0,Cubierta (85.0% Contratos / 15.0% Bolsa),1324.6135725,483391.231012425,743678.8169302986,684184.5115758748,-59494.30535442382,59494.30535442382,7.999999999999992
2026-09-22,22,2026-09-01,True,SANTANDER,16878594.95,441537.8575,192391223.32,125054295.16,364.93,375307.18,66230.68,85.0,15.0,Cubierta (85.0% Contratos / 15.0% Bolsa),1324.6135725,483391.231012425,743678.8169302986,684184.5115758748,-59494.30535442382,59494.30535442382,7.999999999999992
2026-09-22,22,2026-09-01,True,CUNDINAMARCA,10949420.58,441537.8575,192391223.32,125054295.16,364.93,375307.18,66230.68,85.0,15.0,Cubierta (85.0% Contratos / 15.0% Bolsa),1324.6135725,483391.231012425,743678.8169302986,684184.5115758748,-59494.30535442382,59494.30535442382,7.999999999999992
2026-09-22,22,2026-09-01,True,TOLIMA,9152482.7,441537.8575,192391223.32,125054295.16,364.93,375307.18,66230.68,85.0,15.0,Cubierta (85.0% Contratos / 15.0% Bolsa),1324.6135725,483391.231012425,743678.8169302986,684184.5115758748,-59494.30535442382,59494.30535442382,7.999999999999992
2026-09-23,23,2026-09-01,True,ANTIOQUIA,29912502.35,442811.17,192946043.56000003,125414928.31,364.5793,376389.49,66421.68,85.0,15.0,Cubierta (85.0% Contratos / 15.0% Bolsa),1328.43351,484319.359172343,745106.7064427538,685498.1699273335,-59608.5365154203,59608.5365154203,8.0
2026-09-23,23,2026-09-01,True,BOGOTA,42610210.36,442811.17,192946043.56000003,125414928.31,364.5793,376389.49,66421.68,85.0,15.0,Cubierta (85.0% Contratos / 15.0% Bolsa),1328.43351,484319.359172343,745106.7064427538,685498.1699273335,-59608.5365154203,59608.5365154203,8.0
2026-09-23,23,2026-09-01,True,CARIBE_MAR,34186976.24,442811.17,192946043.56000003,125414928.31,364.5793,376389.49,66421.68,85.0,15.0,Cubierta (85.0% Contratos / 15.0% Bolsa),1328.43351,484319.359172343,745106.7064427538,685498.1699273335,-59608.5365154203,59608.5365154203,8.0
2026-09-23,23,2026-09-01,True,CARIBE_SOL,27294487.45,442811.17,192946043.56000003,125414928.31,364.5793,376389.49,66421.68,85.0,15.0,Cubierta (85.0% Contratos / 15.0% Bolsa),1328.43351,484319.359172343,745106.7064427538,685498.1699273335,-59608.5365154203,59608.5365154203,8.0
2026-09-23,23,2026-09-01,True,VALLE,21690135.63,442811.17,192946043.56000003,125414928.31,364.5793,376389.49,66421.68,85.0,15.0,Cubierta (85.0% Contratos / 15.0% Bolsa),1328.43351,484319.359172343,745106.7064427538,685498.1699273335,-59608.5365154203,59608.5365154203,8.0
2026-09-23,23,2026-09-01,True,SANTANDER,17094772.21,442811.17,192946043.56000003,125414928.31,364.5793,376389.49,66421.68,85.0,15.0,Cubierta (85.0% Contratos / 15.0% Bolsa),1328.43351,484319.359172343,745106.7064427538,685498.1699273335,-59608.5365154203,59608.5365154203,8.0
2026-09-23,23,2026-09-01,True,CUNDINAMARCA,11104809.82,442811.17,192946043.56000003,125414928.31,364.5793,376389.49,66421.68,85.0,15.0,Cubierta (85.0% Contratos / 15.0% Bolsa),1328.43351,484319.359172343,745106.7064427538,685498.1699273335,-59608.5365154203,59608.5365154203,8.0
2026-09-23,23,2026-09-01,True,TOLIMA,9052149.5,442811.17,192946043.56000003,125414928.31,364.5793,376389.49,66421.68,85.0,15.0,Cubierta (85.0% Contratos / 15.0% Bolsa),1328.43351,484319.359172343,745106.7064427538,685498.1699273335,-59608.5365154203,59608.5365154203,8.0
2026-09-24,24,2026-09-01,True,ANTIOQUIA,30345847.88,442037.86125,192609089.92,125195908.45,364.2728,375732.18,66305.68,85.0,15.0,Cubierta (85.0% Contratos / 15.0% Bolsa),1326.11358375,483067.10827064706,743180.1665583538,683725.7532336855,-59454.413324668305,59454.413324668305,8.0
2026-09-24,24,2026-09-01,True,BOGOTA,42439977.35,442037.86125,192609089.92,125195908.45,364.2728,375732.18,66305.68,85.0,15.0,Cubierta (85.0% Contratos / 15.0% Bolsa),1326.11358375,483067.10827064706,743180.1665583538,683725.7532336855,-59454.413324668305,59454.413324668305,8.0
2026-09-24,24,2026-09-01,True,CARIBE_MAR,34130710.05,442037.86125,192609089.92,125195908.45,364.2728,375732.18,66305.68,85.0,15.0,Cubierta (85.0% Contratos / 15.0% Bolsa),1326.11358375,483067.10827064706,743180.1665583538,683725.7532336855,-59454.413324668305,59454.413324668305,8.0
2026-09-24,24,2026-09-01,True,CARIBE_SOL,26357480.59,442037.86125,192609089.92,125195908.45,364.2728,375732.18,66305.68,85.0,15.0,Cubierta (85.0% Contratos / 15.0% Bolsa),1326.11358375,483067.10827064706,743180.1665583538,683725.7532336855,-59454.413324668305,59454.413324668305,8.0
2026-09-24,24,2026-09-01,True,VALLE,22057948.2,442037.86125,192609089.92,125195908.45,364.2728,375732.18,66305.68,85.0,15.0,Cubierta (85.0% Contratos / 15.0% Bolsa),1326.11358375,483067.10827064706,743180.1665583538,683725.7532336855,-59454.413324668305,59454.413324668305,8.0
2026-09-24,24,2026-09-01,True,SANTANDER,17213427.53,442037.86125,192609089.92,125195908.45,364.2728,375732.18,66305.68,85.0,15.0,Cubierta (85.0% Contratos / 15.0% Bolsa),1326.11358375,483067.10827064706,743180.1665583538,683725.7532336855,-59454.413324668305,59454.413324668305,8.0
2026-09-24,24,2026-09-01,True,CUNDINAMARCA,11090188.85,442037.86125,192609089.92,125195908.45,364.2728,375732.18,66305.68,85.0,15.0,Cubierta (85.0% Contratos / 15.0% Bolsa),1326.11358375,483067.10827064706,743180.1665583538,683725.7532336855,-59454.413324668305,59454.413324668305,8.0
2026-09-24,24,2026-09-01,True,TOLIMA,8973509.47,442037.86125,192609089.92,125195908.45,364.2728,375732.18,66305.68,85.0,15.0,Cubierta (85.0% Contratos / 15.0% Bolsa),1326.11358375,483067.10827064706,743180.1665583538,683725.7532336855,-59454.413324668305,59454.413324668305,8.0
2026-09-25,25,2026-09-01,True,ANTIOQUIA,30765675.3,443533.65125,193260850.2,125619552.63,364.0197,377003.6,66530.05,85.0,15.0,Cubierta (85.0% Contratos / 15.0% Bolsa),1330.60095375,484364.9600037889,745176.8615442906,685562.7126207474,-59614.148923543165,59614.148923543165,7.999999999999989
2026-09-25,25,2026-09-01,True,BOGOTA,42949303.24,443533.65125,193260850.2,125619552.63,364.0197,377003.6,66530.05,85.0,15.0,Cubierta (85.0% Contratos / 15.0% Bolsa),1330.60095375,484364.9600037889,745176.8615442906,685562.7126207474,-59614.148923543165,59614.148923543165,7.999999999999989
2026-09-25,25,2026-09-01,True,CARIBE_MAR,33976686.73,443533.65125,193260850.2,125619552.63,364.0197,377003.6,66530.05,85.0,15.0,Cubierta (85.0% Contratos / 15.0% Bolsa),1330.60095375,484364.9600037889,745176.8615442906,685562.7126207474,-59614.148923543165,59614.148923543165,7.999999999999989
2026-09-25,25,2026-09-01,True,CARIBE_SOL,26563771.01,443533.65125,193260850.2,125619552.63,364.0197,377003.6,66530.05,85.0,15.0,Cubierta (85.0% Contratos / 15.0% Bolsa),1330.60095375,484364.9600037889,745176.8615442906,685562.7126207474,-59614.148923543165,59614.148923543165,7.999999999999989
2026-09-25,25,2026-09-01,True,VALLE,21779058.51,443533.65125,193260850.2,125619552.63,364.0197,377003.6,66530.05,85.0,15.0,Cubierta (85.0% Contratos / 15.0% Bolsa),1330.60095375,484364.9600037889,745176.8615442906,685562.7126207474,-59614.148923543165,59614.148923543165,7.999999999999989
2026-09-25,25,2026-09-01,True,SANTANDER,17127860.9,443533.65125,193260850.2,125619552.63,364.0197,377003.6,66530.05,85.0,15.0,Cubierta (85.0% Contratos / 15.0% Bolsa),1330.60095375,484364.9600037889,745176.8615442906,685562.7126207474,-59614.148923543165,59614.148923543165,7.999999999999989
2026-09-25,25,2026-09-01,True,CUNDINAMARCA,11064895.03,443533.65125,193260850.2,125619552.63,364.0197,377003.6,66530.05,85.0,15.0,Cubierta (85.0% Contratos / 15.0% Bolsa),1330.60095375,484364.9600037889,745176.8615442906,685562.7126207474,-59614.148923543165,59614.148923543165,7.999999999999989
2026-09-25,25,2026-09-01,True,TOLIMA,9033599.48,443533.65125,193260850.2,125619552.63,364.0197,377003.6,66530.05,85.0,15.0,Cubierta (85.0% Contratos / 15.0% Bolsa),1330.60095375,484364.9600037889,745176.8615442906,685562.7126207474,-59614.148923543165,59614.148923543165,7.999999999999989
2026-09-26,26,2026-09-01,True,ANTIOQUIA,25560652.06,315478.04,163037747.03,105974535.57,363.8283,268156.33,47321.71,85.0,15.0,Cubierta (85.0% Contratos / 15.0% Bolsa),946.43412,344339.516941596,529753.1029845714,487372.8547458057,-42380.24823876569,42380.24823876569,7.999999999999997
2026-09-26,26,2026-09-01,True,BOGOTA,35909440.71,315478.04,163037747.03,105974535.57,363.8283,268156.33,47321.71,85.0,15.0,Cubierta (85.0% Contratos / 15.0% Bolsa),946.43412,344339.516941596,529753.1029845714,487372.8547458057,-42380.24823876569,42380.24823876569,7.999999999999997
2026-09-26,26,2026-09-01,True,CARIBE_MAR,28574066.42,315478.04,163037747.03,105974535.57,363.8283,268156.33,47321.71,85.0,15.0,Cubierta (85.0% Contratos / 15.0% Bolsa),946.43412,344339.516941596,529753.1029845714,487372.8547458057,-42380.24823876569,42380.24823876569,7.999999999999997
2026-09-26,26,2026-09-01,True,CARIBE_SOL,23012299.62,315478.04,163037747.03,105974535.57,363.8283,268156.33,47321.71,85.0,15.0,Cubierta (85.0% Contratos / 15.0% Bolsa),946.43412,344339.516941596,529753.1029845714,487372.8547458057,-42380.24823876569,42380.24823876569,7.999999999999997
2026-09-26,26,2026-09-01,True,VALLE,18757159.16,315478.04,163037747.03,105974535.57,363.8283,268156.33,47321.71,85.0,15.0,Cubierta (85.0% Contratos / 15.0% Bolsa),946.43412,344339.516941596,529753.1029845714,487372.8547458057,-42380.24823876569,42380.24823876569,7.999999999999997
2026-09-26,26,2026-09-01,True,SANTANDER,14372959.22,315478.04,163037747.03,105974535.57,363.8283,268156.33,47321.71,85.0,15.0,Cubierta (85.0% Contratos / 15.0% Bolsa),946.43412,344339.516941596,529753.1029845714,487372.8547458057,-42380.24823876569,42380.24823876569,7.999999999999997
2026-09-26,26,2026-09-01,True,CUNDINAMARCA,9181435.68,315478.04,163037747.03,105974535.57,363.8283,268156.33,47321.71,85.0,15.0,Cubierta (85.0% Contratos / 15.0% Bolsa),946.43412,344339.516941596,529753.1029845714,487372.8547458057,-42380.24823876569,42380.24823876569,7.999999999999997
2026-09-26,26,2026-09-01,True,TOLIMA,7669734.16,315478.04,163037747.03,105974535.57,363.8283,268156.33,47321.71,85.0,15.0,Cubierta (85.0% Contratos / 15.0% Bolsa),946.43412,344339.516941596,529753.1029845714,487372.8547458057,-42380.24823876569,42380.24823876569,7.999999999999997
2026-09-27,27,2026-09-01,True,ANTIOQUIA,25767633.55,316155.775,163387997.34,106202198.27,363.7055,268732.41,47423.37,85.0,15.0,Cubierta (85.0% Contratos / 15.0% Bolsa),948.4673250000001,344962.7826727875,530711.9733477472,488255.0154799275,-42456.95786781976,42456.95786781976,7.9999999999999964
2026-09-27,27,2026-09-01,True,BOGOTA,35947839.34,316155.775,163387997.34,106202198.27,363.7055,268732.41,47423.37,85.0,15.0,Cubierta (85.0% Contratos / 15.0% Bolsa),948.4673250000001,344962.7826727875,530711.9733477472,488255.0154799275,-42456.95786781976,42456.95786781976,7.9999999999999964
2026-09-27,27,2026-09-01,True,CARIBE_MAR,28962497.29,316155.775,163387997.34,106202198.27,363.7055,268732.41,47423.37,85.0,15.0,Cubierta (85.0% Contratos / 15.0% Bolsa),948.4673250000001,344962.7826727875,530711.9733477472,488255.0154799275,-42456.95786781976,42456.95786781976,7.9999999999999964
2026-09-27,27,2026-09-01,True,CARIBE_SOL,22872642.95,316155.775,163387997.34,106202198.27,363.7055,268732.41,47423.37,85.0,15.0,Cubierta (85.0% Contratos / 15.0% Bolsa),948.4673250000001,344962.7826727875,530711.9733477472,488255.0154799275,-42456.95786781976,42456.95786781976,7.9999999999999964
2026-09-27,27,2026-09-01,True,VALLE,18374666.97,316155.775,163387997.34,106202198.27,363.7055,268732.41,47423.37,85.0,15.0,Cubierta (85.0% Contratos / 15.0% Bolsa),948.4673250000001,344962.7826727875,530711.9733477472,488255.0154799275,-42456.95786781976,42456.95786781976,7.9999999999999964
2026-09-27,27,2026-09-01,True,SANTANDER,14545418.46,316155.775,163387997.34,106202198.27,363.7055,268732.41,47423.37,85.0,15.0,Cubierta (85.0% Contratos / 15.0% Bolsa),948.4673250000001,344962.7826727875,530711.9733477472,488255.0154799275,-42456.95786781976,42456.95786781976,7.9999999999999964
2026-09-27,27,2026-09-01,True,CUNDINAMARCA,9190190.8,316155.775,163387997.34,106202198.27,363.7055,268732.41,47423.37,85.0,15.0,Cubierta (85.0% Contratos / 15.0% Bolsa),948.4673250000001,344962.7826727875,530711.9733477472,488255.0154799275,-42456.95786781976,42456.95786781976,7.9999999999999964
2026-09-27,27,2026-09-01,True,TOLIMA,7727107.98,316155.775,163387997.34,106202198.27,363.7055,268732.41,47423.37,85.0,15.0,Cubierta (85.0% Contratos / 15.0% Bolsa),948.4673250000001,344962.7826727875,530711.9733477472,488255.0154799275,-42456.95786781976,42456.95786781976,7.9999999999999964
2026-09-28,28,2026-09-01,True,ANTIOQUIA,30002233.93,441795.61375,192503535.51,125127298.08,363.6569,375526.27,66269.34,85.0,15.0,Cubierta (85.0% Contratos / 15.0% Bolsa),1325.38684125,481986.06998976716,741517.0307623771,682195.668301387,-59321.36246099009,59321.36246099009,7.999999999999989
2026-09-28,28,2026-09-01,True,BOGOTA,42234448.7,441795.61375,192503535.51,125127298.08,363.6569,375526.27,66269.34,85.0,15.0,Cubierta (85.0% Contratos / 15.0% Bolsa),1325.38684125,481986.06998976716,741517.0307623771,682195.668301387,-59321.36246099009,59321.36246099009,7.999999999999989
2026-09-28,28,2026-09-01,True,CARIBE_MAR,34383407.07,441795.61375,192503535.51,125127298.08,363.6569,375526.27,66269.34,85.0,15.0,Cubierta (85.0% Contratos / 15.0% Bolsa),1325.38684125,481986.06998976716,741517.0307623771,682195.668301387,-59321.36246099009,59321.36246099009,7.999999999999989
2026-09-28,28,2026-09-01,True,CARIBE_SOL,26977749.87,441795.61375,192503535.51,125127298.08,363.6569,375526.27,66269.34,85.0,15.0,Cubierta (85.0% Contratos / 15.0% Bolsa),1325.38684125,481986.06998976716,741517.0307623771,682195.668301387,-59321.36246099009,59321.36246099009,7.999999999999989
2026-09-28,28,2026-09-01,True,VALLE,21841677.98,441795.61375,192503535.51,125127298.08,363.6569,375526.27,66269.34,85.0,15.0,Cubierta (85.0% Contratos / 15.0% Bolsa),1325.38684125,481986.06998976716,741517.0307623771,682195.668301387,-59321.36246099009,59321.36246099009,7.999999999999989
2026-09-28,28,2026-09-01,True,SANTANDER,16938518.82,441795.61375,192503535.51,125127298.08,363.6569,375526.27,66269.34,85.0,15.0,Cubierta (85.0% Contratos / 15.0% Bolsa),1325.38684125,481986.06998976716,741517.0307623771,682195.668301387,-59321.36246099009,59321.36246099009,7.999999999999989
2026-09-28,28,2026-09-01,True,CUNDINAMARCA,11027163.65,441795.61375,192503535.51,125127298.08,363.6569,375526.27,66269.34,85.0,15.0,Cubierta (85.0% Contratos / 15.0% Bolsa),1325.38684125,481986.06998976716,741517.0307623771,682195.668301387,-59321.36246099009,59321.36246099009,7.999999999999989
2026-09-28,28,2026-09-01,True,TOLIMA,9098335.49,441795.61375,192503535.51,125127298.08,363.6569,375526.27,66269.34,85.0,15.0,Cubierta (85.0% Contratos / 15.0% Bolsa),1325.38684125,481986.06998976716,741517.0307623771,682195.668301387,-59321.36246099009,59321.36246099009,7.999999999999989
2026-09-29,29,2026-09-01,True,ANTIOQUIA,30070284.03,446022.72625,194345414.7,126324519.56,363.6866,379119.32,66903.41,85.0,15.0,Cubierta (85.0% Contratos / 15.0% Bolsa),1338.06817875,486637.46649777977,748673.0253515666,688779.1833234413,-59893.842028125306,59893.842028125306,7.999999999999997
2026-09-29,29,2026-09-01,True,BOGOTA,43240707.05,446022.72625,194345414.7,126324519.56,363.6866,379119.32,66903.41,85.0,15.0,Cubierta (85.0% Contratos / 15.0% Bolsa),1338.06817875,486637.46649777977,748673.0253515666,688779.1833234413,-59893.842028125306,59893.842028125306,7.999999999999997
2026-09-29,29,2026-09-01,True,CARIBE_MAR,34728634.64,446022.72625,194345414.7,126324519.56,363.6866,379119.32,66903.41,85.0,15.0,Cubierta (85.0% Contratos / 15.0% Bolsa),1338.06817875,486637.46649777977,748673.0253515666,688779.1833234413,-59893.842028125306,59893.842028125306,7.999999999999997
2026-09-29,29,2026-09-01,True,CARIBE_SOL,26862319.6,446022.72625,194345414.7,126324519.56,363.6866,379119.32,66903.41,85.0,15.0,Cubierta (85.0% Contratos / 15.0% Bolsa),1338.06817875,486637.46649777977,748673.0253515666,688779.1833234413,-59893.842028125306,59893.842028125306,7.999999999999997
2026-09-29,29,2026-09-01,True,VALLE,22030164.37,446022.72625,194345414.7,126324519.56,363.6866,379119.32,66903.41,85.0,15.0,Cubierta (85.0% Contratos / 15.0% Bolsa),1338.06817875,486637.46649777977,748673.0253515666,688779.1833234413,-59893.842028125306,59893.842028125306,7.999999999999997
2026-09-29,29,2026-09-01,True,SANTANDER,17224747.14,446022.72625,194345414.7,126324519.56,363.6866,379119.32,66903.41,85.0,15.0,Cubierta (85.0% Contratos / 15.0% Bolsa),1338.06817875,486637.46649777977,748673.0253515666,688779.1833234413,-59893.842028125306,59893.842028125306,7.999999999999997
2026-09-29,29,2026-09-01,True,CUNDINAMARCA,11082445.48,446022.72625,194345414.7,126324519.56,363.6866,379119.32,66903.41,85.0,15.0,Cubierta (85.0% Contratos / 15.0% Bolsa),1338.06817875,486637.46649777977,748673.0253515666,688779.1833234413,-59893.842028125306,59893.842028125306,7.999999999999997
2026-09-29,29,2026-09-01,True,TOLIMA,9106112.39,446022.72625,194345414.7,126324519.56,363.6866,379119.32,66903.41,85.0,15.0,Cubierta (85.0% Contratos / 15.0% Bolsa),1338.06817875,486637.46649777977,748673.0253515666,688779.1833234413,-59893.842028125306,59893.842028125306,7.999999999999997
2026-09-30,30,2026-09-01,True,ANTIOQUIA,30286897.18,443794.43875,193374483.05,125693413.98,363.7969,377225.27,66569.17,85.0,15.0,Cubierta (85.0% Contratos / 15.0% Bolsa),1331.38331625,484353.1231634696,745158.6510355433,685545.9589526999,-59612.692082843394,59612.692082843394,7.99999999999999
2026-09-30,30,2026-09-01,True,BOGOTA,42956087.41,443794.43875,193374483.05,125693413.98,363.7969,377225.27,66569.17,85.0,15.0,Cubierta (85.0% Contratos / 15.0% Bolsa),1331.38331625,484353.1231634696,745158.6510355433,685545.9589526999,-59612.692082843394,59612.692082843394,7.99999999999999
2026-09-30,30,2026-09-01,True,CARIBE_MAR,34358674.32,443794.43875,193374483.05,125693413.98,363.7969,377225.27,66569.17,85.0,15.0,Cubierta (85.0% Contratos / 15.0% Bolsa),1331.38331625,484353.1231634696,745158.6510355433,685545.9589526999,-59612.692082843394,59612.692082843394,7.99999999999999
2026-09-30,30,2026-09-01,True,CARIBE_SOL,26553016.72,443794.43875,193374483.05,125693413.98,363.7969,377225.27,66569.17,85.0,15.0,Cubierta (85.0% Contratos / 15.0% Bolsa),1331.38331625,484353.1231634696,745158.6510355433,685545.9589526999,-59612.692082843394,59612.692082843394,7.99999999999999
2026-09-30,30,2026-09-01,True,VALLE,22220695.3,443794.43875,193374483.05,125693413.98,363.7969,377225.27,66569.17,85.0,15.0,Cubierta (85.0% Contratos / 15.0% Bolsa),1331.38331625,484353.1231634696,745158.6510355433,685545.9589526999,-59612.692082843394,59612.692082843394,7.99999999999999
2026-09-30,30,2026-09-01,True,SANTANDER,17031992.62,443794.43875,193374483.05,125693413.98,363.7969,377225.27,66569.17,85.0,15.0,Cubierta (85.0% Contratos / 15.0% Bolsa),1331.38331625,484353.1231634696,745158.6510355433,685545.9589526999,-59612.692082843394,59612.692082843394,7.99999999999999
2026-09-30,30,2026-09-01,True,CUNDINAMARCA,10970651.01,443794.43875,193374483.05,125693413.98,363.7969,377225.27,66569.17,85.0,15.0,Cubierta (85.0% Contratos / 15.0% Bolsa),1331.38331625,484353.1231634696,745158.6510355433,685545.9589526999,-59612.692082843394,59612.692082843394,7.99999999999999
2026-09-30,30,2026-09-01,True,TOLIMA,8996468.49,443794.43875,193374483.05,125693413.98,363.7969,377225.27,66569.17,85.0,15.0,Cubierta (85.0% Contratos / 15.0% Bolsa),1331.38331625,484353.1231634696,745158.6510355433,685545.9589526999,-59612.692082843394,59612.692082843394,7.99999999999999
2026-10-01,1,2026-10-01,True,ANTIOQUIA,30642271.13,446341.28125,194484218.54999998,126414742.06,363.9887,379390.09,66951.19,85.0,15.0,Cubierta (85.0% Contratos / 15.0% Bolsa),1339.02384375,487389.54815556563,749830.0740706567,689843.6681450042,-59986.40592565248,59986.40592565248,7.999999999999993
2026-10-01,1,2026-10-01,True,BOGOTA,42925272.92,446341.28125,194484218.54999998,126414742.06,363.9887,379390.09,66951.19,85.0,15.0,Cubierta (85.0% Contratos / 15.0% Bolsa),1339.02384375,487389.54815556563,749830.0740706567,689843.6681450042,-59986.40592565248,59986.40592565248,7.999999999999993
2026-10-01,1,2026-10-01,True,CARIBE_MAR,34453319.89,446341.28125,194484218.54999998,126414742.06,363.9887,379390.09,66951.19,85.0,15.0,Cubierta (85.0% Contratos / 15.0% Bolsa),1339.02384375,487389.54815556563,749830.0740706567,689843.6681450042,-59986.40592565248,59986.40592565248,7.999999999999993
2026-10-01,1,2026-10-01,True,CARIBE_SOL,26890485.1,446341.28125,194484218.54999998,126414742.06,363.9887,379390.09,66951.19,85.0,15.0,Cubierta (85.0% Contratos / 15.0% Bolsa),1339.02384375,487389.54815556563,749830.0740706567,689843.6681450042,-59986.40592565248,59986.40592565248,7.999999999999993
2026-10-01,1,2026-10-01,True,VALLE,22184745.16,446341.28125,194484218.54999998,126414742.06,363.9887,379390.09,66951.19,85.0,15.0,Cubierta (85.0% Contratos / 15.0% Bolsa),1339.02384375,487389.54815556563,749830.0740706567,689843.6681450042,-59986.40592565248,59986.40592565248,7.999999999999993
2026-10-01,1,2026-10-01,True,SANTANDER,17092544.88,446341.28125,194484218.54999998,126414742.06,363.9887,379390.09,66951.19,85.0,15.0,Cubierta (85.0% Contratos / 15.0% Bolsa),1339.02384375,487389.54815556563,749830.0740706567,689843.6681450042,-59986.40592565248,59986.40592565248,7.999999999999993
2026-10-01,1,2026-10-01,True,CUNDINAMARCA,11039444.52,446341.28125,194484218.54999998,126414742.06,363.9887,379390.09,66951.19,85.0,15.0,Cubierta (85.0% Contratos / 15.0% Bolsa),1339.02384375,487389.54815556563,749830.0740706567,689843.6681450042,-59986.40592565248,59986.40592565248,7.999999999999993
2026-10-01,1,2026-10-01,True,TOLIMA,9256134.95,446341.28125,194484218.54999998,126414742.06,363.9887,379390.09,66951.19,85.0,15.0,Cubierta (85.0% Contratos / 15.0% Bolsa),1339.02384375,487389.54815556563,749830.0740706567,689843.6681450042,-59986.40592565248,59986.40592565248,7.999999999999993
2026-10-02,2,2026-10-01,True,ANTIOQUIA,30463895.28,443638.49375,193306533.21,125649246.59,364.2612,377092.72,66545.77,85.0,15.0,Cubierta (85.0% Contratos / 15.0% Bolsa),1330.91548125,484800.8702987025,745847.4927464589,686179.6933267422,-59667.7994197167,59667.7994197167,7.999999999999999
2026-10-02,2,2026-10-01,True,BOGOTA,43031683.84,443638.49375,193306533.21,125649246.59,364.2612,377092.72,66545.77,85.0,15.0,Cubierta (85.0% Contratos / 15.0% Bolsa),1330.91548125,484800.8702987025,745847.4927464589,686179.6933267422,-59667.7994197167,59667.7994197167,7.999999999999999
2026-10-02,2,2026-10-01,True,CARIBE_MAR,33946516.77,443638.49375,193306533.21,125649246.59,364.2612,377092.72,66545.77,85.0,15.0,Cubierta (85.0% Contratos / 15.0% Bolsa),1330.91548125,484800.8702987025,745847.4927464589,686179.6933267422,-59667.7994197167,59667.7994197167,7.999999999999999
2026-10-02,2,2026-10-01,True,CARIBE_SOL,26823702.07,443638.49375,193306533.21,125649246.59,364.2612,377092.72,66545.77,85.0,15.0,Cubierta (85.0% Contratos / 15.0% Bolsa),1330.91548125,484800.8702987025,745847.4927464589,686179.6933267422,-59667.7994197167,59667.7994197167,7.999999999999999
2026-10-02,2,2026-10-01,True,VALLE,21862428.98,443638.49375,193306533.21,125649246.59,364.2612,377092.72,66545.77,85.0,15.0,Cubierta (85.0% Contratos / 15.0% Bolsa),1330.91548125,484800.8702987025,745847.4927464589,686179.6933267422,-59667.7994197167,59667.7994197167,7.999999999999999
2026-10-02,2,2026-10-01,True,SANTANDER,16872602.96,443638.49375,193306533.21,125649246.59,364.2612,377092.72,66545.77,85.0,15.0,Cubierta (85.0% Contratos / 15.0% Bolsa),1330.91548125,484800.8702987025,745847.4927464589,686179.6933267422,-59667.7994197167,59667.7994197167,7.999999999999999
2026-10-02,2,2026-10-01,True,CUNDINAMARCA,11181517.25,443638.49375,193306533.21,125649246.59,364.2612,377092.72,66545.77,85.0,15.0,Cubierta (85.0% Contratos / 15.0% Bolsa),1330.91548125,484800.8702987025,745847.4927464589,686179.6933267422,-59667.7994197167,59667.7994197167,7.999999999999999
2026-10-02,2,2026-10-01,True,TOLIMA,9124186.06,443638.49375,193306533.21,125649246.59,364.2612,377092.72,66545.77,85.0,15.0,Cubierta (85.0% Contratos / 15.0% Bolsa),1330.91548125,484800.8702987025,745847.4927464589,686179.6933267422,-59667.7994197167,59667.7994197167,7.999999999999999
2026-10-03,3,2026-10-01,True,ANTIOQUIA,25513759.02,315370.49,162982165.13,105938407.33,364.6118,268064.92,47305.57,85.0,15.0,Cubierta (85.0% Contratos / 15.0% Bolsa),946.1114699999999,344963.406077346,530712.9324492295,488255.8978532912,-42457.03459593834,42457.03459593834,7.9999999999999964
2026-10-03,3,2026-10-01,True,BOGOTA,36089433.9,315370.49,162982165.13,105938407.33,364.6118,268064.92,47305.57,85.0,15.0,Cubierta (85.0% Contratos / 15.0% Bolsa),946.1114699999999,344963.406077346,530712.9324492295,488255.8978532912,-42457.03459593834,42457.03459593834,7.9999999999999964
2026-10-03,3,2026-10-01,True,CARIBE_MAR,28866056.53,315370.49,162982165.13,105938407.33,364.6118,268064.92,47305.57,85.0,15.0,Cubierta (85.0% Contratos / 15.0% Bolsa),946.1114699999999,344963.406077346,530712.9324492295,488255.8978532912,-42457.03459593834,42457.03459593834,7.9999999999999964
2026-10-03,3,2026-10-01,True,CARIBE_SOL,22939503.64,315370.49,162982165.13,105938407.33,364.6118,268064.92,47305.57,85.0,15.0,Cubierta (85.0% Contratos / 15.0% Bolsa),946.1114699999999,344963.406077346,530712.9324492295,488255.8978532912,-42457.03459593834,42457.03459593834,7.9999999999999964
2026-10-03,3,2026-10-01,True,VALLE,18368564.4,315370.49,162982165.13,105938407.33,364.6118,268064.92,47305.57,85.0,15.0,Cubierta (85.0% Contratos / 15.0% Bolsa),946.1114699999999,344963.406077346,530712.9324492295,488255.8978532912,-42457.03459593834,42457.03459593834,7.9999999999999964
2026-10-03,3,2026-10-01,True,SANTANDER,14328737.93,315370.49,162982165.13,105938407.33,364.6118,268064.92,47305.57,85.0,15.0,Cubierta (85.0% Contratos / 15.0% Bolsa),946.1114699999999,344963.406077346,530712.9324492295,488255.8978532912,-42457.03459593834,42457.03459593834,7.9999999999999964
2026-10-03,3,2026-10-01,True,CUNDINAMARCA,9214694.04,315370.49,162982165.13,105938407.33,364.6118,268064.92,47305.57,85.0,15.0,Cubierta (85.0% Contratos / 15.0% Bolsa),946.1114699999999,344963.406077346,530712.9324492295,488255.8978532912,-42457.03459593834,42457.03459593834,7.9999999999999964
2026-10-03,3,2026-10-01,True,TOLIMA,7661415.67,315370.49,162982165.13,105938407.33,364.6118,268064.92,47305.57,85.0,15.0,Cubierta (85.0% Contratos / 15.0% Bolsa),946.1114699999999,344963.406077346,530712.9324492295,488255.8978532912,-42457.03459593834,42457.03459593834,7.9999999999999964
2026-10-04,4,2026-10-01,True,ANTIOQUIA,25854413.92,316295.04125,163459969.67000002,106248980.29,365.0365,268850.79,47444.26,85.0,15.0,Cubierta (85.0% Contratos / 15.0% Bolsa),948.88512375,346377.70447576686,532888.7760939948,490257.6740064753,-42631.10208751954,42631.10208751954,7.99999999999999
2026-10-04,4,2026-10-01,True,BOGOTA,36092661.47,316295.04125,163459969.67000002,106248980.29,365.0365,268850.79,47444.26,85.0,15.0,Cubierta (85.0% Contratos / 15.0% Bolsa),948.88512375,346377.70447576686,532888.7760939948,490257.6740064753,-42631.10208751954,42631.10208751954,7.99999999999999
2026-10-04,4,2026-10-01,True,CARIBE_MAR,28980698.65,316295.04125,163459969.67000002,106248980.29,365.0365,268850.79,47444.26,85.0,15.0,Cubierta (85.0% Contratos / 15.0% Bolsa),948.88512375,346377.70447576686,532888.7760939948,490257.6740064753,-42631.10208751954,42631.10208751954,7.99999999999999
2026-10-04,4,2026-10-01,True,CARIBE_SOL,22526681.87,316295.04125,163459969.67000002,106248980.29,365.0365,268850.79,47444.26,85.0,15.0,Cubierta (85.0% Contratos / 15.0% Bolsa),948.88512375,346377.70447576686,532888.7760939948,490257.6740064753,-42631.10208751954,42631.10208751954,7.99999999999999
2026-10-04,4,2026-10-01,True,VALLE,18352872.0,316295.04125,163459969.67000002,106248980.29,365.0365,268850.79,47444.26,85.0,15.0,Cubierta (85.0% Contratos / 15.0% Bolsa),948.88512375,346377.70447576686,532888.7760939948,490257.6740064753,-42631.10208751954,42631.10208751954,7.99999999999999
2026-10-04,4,2026-10-01,True,SANTANDER,14585268.84,316295.04125,163459969.67000002,106248980.29,365.0365,268850.79,47444.26,85.0,15.0,Cubierta (85.0% Contratos / 15.0% Bolsa),948.88512375,346377.70447576686,532888.7760939948,490257.6740064753,-42631.10208751954,42631.10208751954,7.99999999999999
2026-10-04,4,2026-10-01,True,CUNDINAMARCA,9226363.93,316295.04125,163459969.67000002,106248980.29,365.0365,268850.79,47444.26,85.0,15.0,Cubierta (85.0% Contratos / 15.0% Bolsa),948.88512375,346377.70447576686,532888.7760939948,490257.6740064753,-42631.10208751954,42631.10208751954,7.99999999999999
2026-10-04,4,2026-10-01,True,TOLIMA,7841008.99,316295.04125,163459969.67000002,106248980.29,365.0365,268850.79,47444.26,85.0,15.0,Cubierta (85.0% Contratos / 15.0% Bolsa),948.88512375,346377.70447576686,532888.7760939948,490257.6740064753,-42631.10208751954,42631.10208751954,7.99999999999999
2026-10-05,5,2026-10-01,True,ANTIOQUIA,30791117.89,445500.88375,194118032.11,126176720.87,365.5296,378675.75,66825.13,85.0,15.0,Cubierta (85.0% Contratos / 15.0% Bolsa),1336.5026512499999,488531.279510352,751586.583871015,691459.6571613338,-60126.92670968117,60126.92670968117,7.9999999999999964
2026-10-05,5,2026-10-01,True,BOGOTA,43005010.87,445500.88375,194118032.11,126176720.87,365.5296,378675.75,66825.13,85.0,15.0,Cubierta (85.0% Contratos / 15.0% Bolsa),1336.5026512499999,488531.279510352,751586.583871015,691459.6571613338,-60126.92670968117,60126.92670968117,7.9999999999999964
2026-10-05,5,2026-10-01,True,CARIBE_MAR,34165171.59,445500.88375,194118032.11,126176720.87,365.5296,378675.75,66825.13,85.0,15.0,Cubierta (85.0% Contratos / 15.0% Bolsa),1336.5026512499999,488531.279510352,751586.583871015,691459.6571613338,-60126.92670968117,60126.92670968117,7.9999999999999964
2026-10-05,5,2026-10-01,True,CARIBE_SOL,27190213.06,445500.88375,194118032.11,126176720.87,365.5296,378675.75,66825.13,85.0,15.0,Cubierta (85.0% Contratos / 15.0% Bolsa),1336.5026512499999,488531.279510352,751586.583871015,691459.6571613338,-60126.92670968117,60126.92670968117,7.9999999999999964
2026-10-05,5,2026-10-01,True,VALLE,21596945.0,445500.88375,194118032.11,126176720.87,365.5296,378675.75,66825.13,85.0,15.0,Cubierta (85.0% Contratos / 15.0% Bolsa),1336.5026512499999,488531.279510352,751586.583871015,691459.6571613338,-60126.92670968117,60126.92670968117,7.9999999999999964
2026-10-05,5,2026-10-01,True,SANTANDER,17096724.71,445500.88375,194118032.11,126176720.87,365.5296,378675.75,66825.13,85.0,15.0,Cubierta (85.0% Contratos / 15.0% Bolsa),1336.5026512499999,488531.279510352,751586.583871015,691459.6571613338,-60126.92670968117,60126.92670968117,7.9999999999999964
2026-10-05,5,2026-10-01,True,CUNDINAMARCA,11137409.18,445500.88375,194118032.11,126176720.87,365.5296,378675.75,66825.13,85.0,15.0,Cubierta (85.0% Contratos / 15.0% Bolsa),1336.5026512499999,488531.279510352,751586.583871015,691459.6571613338,-60126.92670968117,60126.92670968117,7.9999999999999964
2026-10-05,5,2026-10-01,True,TOLIMA,9135439.81,445500.88375,194118032.11,126176720.87,365.5296,378675.75,66825.13,85.0,15.0,Cubierta (85.0% Contratos / 15.0% Bolsa),1336.5026512499999,488531.279510352,751586.583871015,691459.6571613338,-60126.92670968117,60126.92670968117,7.9999999999999964
2026-10-06,6,2026-10-01,True,ANTIOQUIA,30471449.81,442726.76375,192909265.02999997,125391022.27,366.0842,376317.75,66409.01,85.0,15.0,Cubierta (85.0% Contratos / 15.0% Bolsa),1328.18029125,486225.81937802327,748039.7221170529,688196.5443476887,-59843.17776936421,59843.17776936421,7.999999999999997
2026-10-06,6,2026-10-01,True,BOGOTA,42736169.51,442726.76375,192909265.02999997,125391022.27,366.0842,376317.75,66409.01,85.0,15.0,Cubierta (85.0% Contratos / 15.0% Bolsa),1328.18029125,486225.81937802327,748039.7221170529,688196.5443476887,-59843.17776936421,59843.17776936421,7.999999999999997
2026-10-06,6,2026-10-01,True,CARIBE_MAR,34026572.94,442726.76375,192909265.02999997,125391022.27,366.0842,376317.75,66409.01,85.0,15.0,Cubierta (85.0% Contratos / 15.0% Bolsa),1328.18029125,486225.81937802327,748039.7221170529,688196.5443476887,-59843.17776936421,59843.17776936421,7.999999999999997
2026-10-06,6,2026-10-01,True,CARIBE_SOL,26934828.03,442726.76375,192909265.02999997,125391022.27,366.0842,376317.75,66409.01,85.0,15.0,Cubierta (85.0% Contratos / 15.0% Bolsa),1328.18029125,486225.81937802327,748039.7221170529,688196.5443476887,-59843.17776936421,59843.17776936421,7.999999999999997
2026-10-06,6,2026-10-01,True,VALLE,21666936.61,442726.76375,192909265.02999997,125391022.27,366.0842,376317.75,66409.01,85.0,15.0,Cubierta (85.0% Contratos / 15.0% Bolsa),1328.18029125,486225.81937802327,748039.7221170529,688196.5443476887,-59843.17776936421,59843.17776936421,7.999999999999997
2026-10-06,6,2026-10-01,True,SANTANDER,17022643.51,442726.76375,192909265.02999997,125391022.27,366.0842,376317.75,66409.01,85.0,15.0,Cubierta (85.0% Contratos / 15.0% Bolsa),1328.18029125,486225.81937802327,748039.7221170529,688196.5443476887,-59843.17776936421,59843.17776936421,7.999999999999997
2026-10-06,6,2026-10-01,True,CUNDINAMARCA,11014075.84,442726.76375,192909265.02999997,125391022.27,366.0842,376317.75,66409.01,85.0,15.0,Cubierta (85.0% Contratos / 15.0% Bolsa),1328.18029125,486225.81937802327,748039.7221170529,688196.5443476887,-59843.17776936421,59843.17776936421,7.999999999999997
2026-10-06,6,2026-10-01,True,TOLIMA,9036588.78,442726.76375,192909265.02999997,125391022.27,366.0842,376317.75,66409.01,85.0,15.0,Cubierta (85.0% Contratos / 15.0% Bolsa),1328.18029125,486225.81937802327,748039.7221170529,688196.5443476887,-59843.17776936421,59843.17776936421,7.999999999999997
2026-10-07,7,2026-10-01,True,ANTIOQUIA,31024422.08,444078.44375,193498232.45,125773851.09,366.6921,377466.68,66611.77,85.0,15.0,Cubierta (85.0% Contratos / 15.0% Bolsa),1332.23533125,488520.1713102581,751569.494338413,691443.93479134,-60125.559547072975,60125.559547072975,7.999999999999992
2026-10-07,7,2026-10-01,True,BOGOTA,42259206.47,444078.44375,193498232.45,125773851.09,366.6921,377466.68,66611.77,85.0,15.0,Cubierta (85.0% Contratos / 15.0% Bolsa),1332.23533125,488520.1713102581,751569.494338413,691443.93479134,-60125.559547072975,60125.559547072975,7.999999999999992
2026-10-07,7,2026-10-01,True,CARIBE_MAR,33821781.87,444078.44375,193498232.45,125773851.09,366.6921,377466.68,66611.77,85.0,15.0,Cubierta (85.0% Contratos / 15.0% Bolsa),1332.23533125,488520.1713102581,751569.494338413,691443.93479134,-60125.559547072975,60125.559547072975,7.999999999999992
2026-10-07,7,2026-10-01,True,CARIBE_SOL,27055519.29,444078.44375,193498232.45,125773851.09,366.6921,377466.68,66611.77,85.0,15.0,Cubierta (85.0% Contratos / 15.0% Bolsa),1332.23533125,488520.1713102581,751569.494338413,691443.93479134,-60125.559547072975,60125.559547072975,7.999999999999992
2026-10-07,7,2026-10-01,True,VALLE,21947646.65,444078.44375,193498232.45,125773851.09,366.6921,377466.68,66611.77,85.0,15.0,Cubierta (85.0% Contratos / 15.0% Bolsa),1332.23533125,488520.1713102581,751569.494338413,691443.93479134,-60125.559547072975,60125.559547072975,7.999999999999992
2026-10-07,7,2026-10-01,True,SANTANDER,17233424.91,444078.44375,193498232.45,125773851.09,366.6921,377466.68,66611.77,85.0,15.0,Cubierta (85.0% Contratos / 15.0% Bolsa),1332.23533125,488520.1713102581,751569.494338413,691443.93479134,-60125.559547072975,60125.559547072975,7.999999999999992
2026-10-07,7,2026-10-01,True,CUNDINAMARCA,10858424.28,444078.44375,193498232.45,125773851.09,366.6921,377466.68,66611.77,85.0,15.0,Cubierta (85.0% Contratos / 15.0% Bolsa),1332.23533125,488520.1713102581,751569.494338413,691443.93479134,-60125.559547072975,60125.559547072975,7.999999999999992
2026-10-07,7,2026-10-01,True,TOLIMA,9297806.9,444078.44375,193498232.45,125773851.09,366.6921,377466.68,66611.77,85.0,15.0,Cubierta (85.0% Contratos / 15.0% Bolsa),1332.23533125,488520.1713102581,751569.494338413,691443.93479134,-60125.559547072975,60125.559547072975,7.999999999999992
2026-10-08,8,2026-10-01,True,ANTIOQUIA,30502269.04,442331.00625,192736821.92,125278934.25,367.3438,375981.36,66349.65,85.0,15.0,Cubierta (85.0% Contratos / 15.0% Bolsa),1326.99301875,487462.6580810962,749942.5508820217,689947.1468114599,-59995.40407056175,59995.40407056175,8.000000000000004
2026-10-08,8,2026-10-01,True,BOGOTA,42525542.76,442331.00625,192736821.92,125278934.25,367.3438,375981.36,66349.65,85.0,15.0,Cubierta (85.0% Contratos / 15.0% Bolsa),1326.99301875,487462.6580810962,749942.5508820217,689947.1468114599,-59995.40407056175,59995.40407056175,8.000000000000004
2026-10-08,8,2026-10-01,True,CARIBE_MAR,33627716.63,442331.00625,192736821.92,125278934.25,367.3438,375981.36,66349.65,85.0,15.0,Cubierta (85.0% Contratos / 15.0% Bolsa),1326.99301875,487462.6580810962,749942.5508820217,689947.1468114599,-59995.40407056175,59995.40407056175,8.000000000000004
2026-10-08,8,2026-10-01,True,CARIBE_SOL,26815209.74,442331.00625,192736821.92,125278934.25,367.3438,375981.36,66349.65,85.0,15.0,Cubierta (85.0% Contratos / 15.0% Bolsa),1326.99301875,487462.6580810962,749942.5508820217,689947.1468114599,-59995.40407056175,59995.40407056175,8.000000000000004
2026-10-08,8,2026-10-01,True,VALLE,22029869.65,442331.00625,192736821.92,125278934.25,367.3438,375981.36,66349.65,85.0,15.0,Cubierta (85.0% Contratos / 15.0% Bolsa),1326.99301875,487462.6580810962,749942.5508820217,689947.1468114599,-59995.40407056175,59995.40407056175,8.000000000000004
2026-10-08,8,2026-10-01,True,SANTANDER,17142905.13,442331.00625,192736821.92,125278934.25,367.3438,375981.36,66349.65,85.0,15.0,Cubierta (85.0% Contratos / 15.0% Bolsa),1326.99301875,487462.6580810962,749942.5508820217,689947.1468114599,-59995.40407056175,59995.40407056175,8.000000000000004
2026-10-08,8,2026-10-01,True,CUNDINAMARCA,10995946.09,442331.00625,192736821.92,125278934.25,367.3438,375981.36,66349.65,85.0,15.0,Cubierta (85.0% Contratos / 15.0% Bolsa),1326.99301875,487462.6580810962,749942.5508820217,689947.1468114599,-59995.40407056175,59995.40407056175,8.000000000000004
2026-10-08,8,2026-10-01,True,TOLIMA,9097362.88,442331.00625,192736821.92,125278934.25,367.3438,375981.36,66349.65,85.0,15.0,Cubierta (85.0% Contratos / 15.0% Bolsa),1326.99301875,487462.6580810962,749942.5508820217,689947.1468114599,-59995.40407056175,59995.40407056175,8.000000000000004
2026-10-09,9,2026-10-01,True,ANTIOQUIA,30637905.56,444597.14625,193724246.46,125920760.2,368.0292,377907.57,66689.57,85.0,15.0,Cubierta (85.0% Contratos / 15.0% Bolsa),1333.79143875,490874.1961700115,755191.0710247896,694775.7853428065,-60415.28568198311,60415.28568198311,7.999999999999992
2026-10-09,9,2026-10-01,True,BOGOTA,42548133.97,444597.14625,193724246.46,125920760.2,368.0292,377907.57,66689.57,85.0,15.0,Cubierta (85.0% Contratos / 15.0% Bolsa),1333.79143875,490874.1961700115,755191.0710247896,694775.7853428065,-60415.28568198311,60415.28568198311,7.999999999999992
2026-10-09,9,2026-10-01,True,CARIBE_MAR,34254148.48,444597.14625,193724246.46,125920760.2,368.0292,377907.57,66689.57,85.0,15.0,Cubierta (85.0% Contratos / 15.0% Bolsa),1333.79143875,490874.1961700115,755191.0710247896,694775.7853428065,-60415.28568198311,60415.28568198311,7.999999999999992
2026-10-09,9,2026-10-01,True,CARIBE_SOL,26985032.85,444597.14625,193724246.46,125920760.2,368.0292,377907.57,66689.57,85.0,15.0,Cubierta (85.0% Contratos / 15.0% Bolsa),1333.79143875,490874.1961700115,755191.0710247896,694775.7853428065,-60415.28568198311,60415.28568198311,7.999999999999992
2026-10-09,9,2026-10-01,True,VALLE,21928608.3,444597.14625,193724246.46,125920760.2,368.0292,377907.57,66689.57,85.0,15.0,Cubierta (85.0% Contratos / 15.0% Bolsa),1333.79143875,490874.1961700115,755191.0710247896,694775.7853428065,-60415.28568198311,60415.28568198311,7.999999999999992
2026-10-09,9,2026-10-01,True,SANTANDER,17120976.52,444597.14625,193724246.46,125920760.2,368.0292,377907.57,66689.57,85.0,15.0,Cubierta (85.0% Contratos / 15.0% Bolsa),1333.79143875,490874.1961700115,755191.0710247896,694775.7853428065,-60415.28568198311,60415.28568198311,7.999999999999992
2026-10-09,9,2026-10-01,True,CUNDINAMARCA,11087984.16,444597.14625,193724246.46,125920760.2,368.0292,377907.57,66689.57,85.0,15.0,Cubierta (85.0% Contratos / 15.0% Bolsa),1333.79143875,490874.1961700115,755191.0710247896,694775.7853428065,-60415.28568198311,60415.28568198311,7.999999999999992
2026-10-09,9,2026-10-01,True,TOLIMA,9161456.62,444597.14625,193724246.46,125920760.2,368.0292,377907.57,66689.57,85.0,15.0,Cubierta (85.0% Contratos / 15.0% Bolsa),1333.79143875,490874.1961700115,755191.0710247896,694775.7853428065,-60415.28568198311,60415.28568198311,7.999999999999992
2026-10-10,10,2026-10-01,True,ANTIOQUIA,25790281.47,316474.41375,163552668.38,106309234.45,368.7374,269003.25,47471.16,85.0,15.0,Cubierta (85.0% Contratos / 15.0% Bolsa),949.42324125,350087.8574780977,538596.7037972591,495508.96749347844,-43087.73630378069,43087.73630378069,7.999999999999993
2026-10-10,10,2026-10-01,True,BOGOTA,36235836.83,316474.41375,163552668.38,106309234.45,368.7374,269003.25,47471.16,85.0,15.0,Cubierta (85.0% Contratos / 15.0% Bolsa),949.42324125,350087.8574780977,538596.7037972591,495508.96749347844,-43087.73630378069,43087.73630378069,7.999999999999993
2026-10-10,10,2026-10-01,True,CARIBE_MAR,28720650.96,316474.41375,163552668.38,106309234.45,368.7374,269003.25,47471.16,85.0,15.0,Cubierta (85.0% Contratos / 15.0% Bolsa),949.42324125,350087.8574780977,538596.7037972591,495508.96749347844,-43087.73630378069,43087.73630378069,7.999999999999993
2026-10-10,10,2026-10-01,True,CARIBE_SOL,22687368.49,316474.41375,163552668.38,106309234.45,368.7374,269003.25,47471.16,85.0,15.0,Cubierta (85.0% Contratos / 15.0% Bolsa),949.42324125,350087.8574780977,538596.7037972591,495508.96749347844,-43087.73630378069,43087.73630378069,7.999999999999993
2026-10-10,10,2026-10-01,True,VALLE,18647375.55,316474.41375,163552668.38,106309234.45,368.7374,269003.25,47471.16,85.0,15.0,Cubierta (85.0% Contratos / 15.0% Bolsa),949.42324125,350087.8574780977,538596.7037972591,495508.96749347844,-43087.73630378069,43087.73630378069,7.999999999999993
2026-10-10,10,2026-10-01,True,SANTANDER,14367859.74,316474.41375,163552668.38,106309234.45,368.7374,269003.25,47471.16,85.0,15.0,Cubierta (85.0% Contratos / 15.0% Bolsa),949.42324125,350087.8574780977,538596.7037972591,495508.96749347844,-43087.73630378069,43087.73630378069,7.999999999999993
2026-10-10,10,2026-10-01,True,CUNDINAMARCA,9336925.4,316474.41375,163552668.38,106309234.45,368.7374,269003.25,47471.16,85.0,15.0,Cubierta (85.0% Contratos / 15.0% Bolsa),949.42324125,350087.8574780977,538596.7037972591,495508.96749347844,-43087.73630378069,43087.73630378069,7.999999999999993
2026-10-10,10,2026-10-01,True,TOLIMA,7766369.94,316474.41375,163552668.38,106309234.45,368.7374,269003.25,47471.16,85.0,15.0,Cubierta (85.0% Contratos / 15.0% Bolsa),949.42324125,350087.8574780977,538596.7037972591,495508.96749347844,-43087.73630378069,43087.73630378069,7.999999999999993
2026-10-11,11,2026-10-01,True,ANTIOQUIA,25675582.67,318265.15625,164478116.73000002,106910775.87,369.457,270525.38,47739.77,85.0,15.0,Cubierta (85.0% Contratos / 15.0% Bolsa),954.79546875,352755.86949796876,542701.3377120257,499285.2306950637,-43416.10701696202,43416.10701696202,7.999999999999993
2026-10-11,11,2026-10-01,True,BOGOTA,36450065.41,318265.15625,164478116.73000002,106910775.87,369.457,270525.38,47739.77,85.0,15.0,Cubierta (85.0% Contratos / 15.0% Bolsa),954.79546875,352755.86949796876,542701.3377120257,499285.2306950637,-43416.10701696202,43416.10701696202,7.999999999999993
2026-10-11,11,2026-10-01,True,CARIBE_MAR,28823091.3,318265.15625,164478116.73000002,106910775.87,369.457,270525.38,47739.77,85.0,15.0,Cubierta (85.0% Contratos / 15.0% Bolsa),954.79546875,352755.86949796876,542701.3377120257,499285.2306950637,-43416.10701696202,43416.10701696202,7.999999999999993
2026-10-11,11,2026-10-01,True,CARIBE_SOL,23233907.97,318265.15625,164478116.73000002,106910775.87,369.457,270525.38,47739.77,85.0,15.0,Cubierta (85.0% Contratos / 15.0% Bolsa),954.79546875,352755.86949796876,542701.3377120257,499285.2306950637,-43416.10701696202,43416.10701696202,7.999999999999993
2026-10-11,11,2026-10-01,True,VALLE,18859732.01,318265.15625,164478116.73000002,106910775.87,369.457,270525.38,47739.77,85.0,15.0,Cubierta (85.0% Contratos / 15.0% Bolsa),954.79546875,352755.86949796876,542701.3377120257,499285.2306950637,-43416.10701696202,43416.10701696202,7.999999999999993
2026-10-11,11,2026-10-01,True,SANTANDER,14359073.19,318265.15625,164478116.73000002,106910775.87,369.457,270525.38,47739.77,85.0,15.0,Cubierta (85.0% Contratos / 15.0% Bolsa),954.79546875,352755.86949796876,542701.3377120257,499285.2306950637,-43416.10701696202,43416.10701696202,7.999999999999993
2026-10-11,11,2026-10-01,True,CUNDINAMARCA,9297716.02,318265.15625,164478116.73000002,106910775.87,369.457,270525.38,47739.77,85.0,15.0,Cubierta (85.0% Contratos / 15.0% Bolsa),954.79546875,352755.86949796876,542701.3377120257,499285.2306950637,-43416.10701696202,43416.10701696202,7.999999999999993
2026-10-11,11,2026-10-01,True,TOLIMA,7778948.16,318265.15625,164478116.73000002,106910775.87,369.457,270525.38,47739.77,85.0,15.0,Cubierta (85.0% Contratos / 15.0% Bolsa),954.79546875,352755.86949796876,542701.3377120257,499285.2306950637,-43416.10701696202,43416.10701696202,7.999999999999993
2026-10-12,12,2026-10-01,True,ANTIOQUIA,31105328.59,447109.1025,194818780.86999997,126632207.57,370.1764,380042.74,67066.37,85.0,15.0,Cubierta (85.0% Contratos / 15.0% Bolsa),1341.3273075,496527.71391204296,763888.7906067667,702777.6873582253,-61111.10324854136,61111.10324854136,8.000000000000004
2026-10-12,12,2026-10-01,True,BOGOTA,43066424.48,447109.1025,194818780.86999997,126632207.57,370.1764,380042.74,67066.37,85.0,15.0,Cubierta (85.0% Contratos / 15.0% Bolsa),1341.3273075,496527.71391204296,763888.7906067667,702777.6873582253,-61111.10324854136,61111.10324854136,8.000000000000004
2026-10-12,12,2026-10-01,True,CARIBE_MAR,34039342.72,447109.1025,194818780.86999997,126632207.57,370.1764,380042.74,67066.37,85.0,15.0,Cubierta (85.0% Contratos / 15.0% Bolsa),1341.3273075,496527.71391204296,763888.7906067667,702777.6873582253,-61111.10324854136,61111.10324854136,8.000000000000004
2026-10-12,12,2026-10-01,True,CARIBE_SOL,27443762.91,447109.1025,194818780.86999997,126632207.57,370.1764,380042.74,67066.37,85.0,15.0,Cubierta (85.0% Contratos / 15.0% Bolsa),1341.3273075,496527.71391204296,763888.7906067667,702777.6873582253,-61111.10324854136,61111.10324854136,8.000000000000004
2026-10-12,12,2026-10-01,True,VALLE,22021690.23,447109.1025,194818780.86999997,126632207.57,370.1764,380042.74,67066.37,85.0,15.0,Cubierta (85.0% Contratos / 15.0% Bolsa),1341.3273075,496527.71391204296,763888.7906067667,702777.6873582253,-61111.10324854136,61111.10324854136,8.000000000000004
2026-10-12,12,2026-10-01,True,SANTANDER,17077481.56,447109.1025,194818780.86999997,126632207.57,370.1764,380042.74,67066.37,85.0,15.0,Cubierta (85.0% Contratos / 15.0% Bolsa),1341.3273075,496527.71391204296,763888.7906067667,702777.6873582253,-61111.10324854136,61111.10324854136,8.000000000000004
2026-10-12,12,2026-10-01,True,CUNDINAMARCA,11011736.91,447109.1025,194818780.86999997,126632207.57,370.1764,380042.74,67066.37,85.0,15.0,Cubierta (85.0% Contratos / 15.0% Bolsa),1341.3273075,496527.71391204296,763888.7906067667,702777.6873582253,-61111.10324854136,61111.10324854136,8.000000000000004
2026-10-12,12,2026-10-01,True,TOLIMA,9053013.47,447109.1025,194818780.86999997,126632207.57,370.1764,380042.74,67066.37,85.0,15.0,Cubierta (85.0% Contratos / 15.0% Bolsa),1341.3273075,496527.71391204296,763888.7906067667,702777.6873582253,-61111.10324854136,61111.10324854136,8.000000000000004
2026-10-13,13,2026-10-01,True,ANTIOQUIA,30564004.93,448006.235,195209688.67000002,126886297.64,370.884,380805.3,67200.94,85.0,15.0,Cubierta (85.0% Contratos / 15.0% Bolsa),1344.018705,498475.03338522,766884.666719295,705533.8933817514,-61350.77333754359,61350.77333754359,7.999999999999999
2026-10-13,13,2026-10-01,True,BOGOTA,42783362.75,448006.235,195209688.67000002,126886297.64,370.884,380805.3,67200.94,85.0,15.0,Cubierta (85.0% Contratos / 15.0% Bolsa),1344.018705,498475.03338522,766884.666719295,705533.8933817514,-61350.77333754359,61350.77333754359,7.999999999999999
2026-10-13,13,2026-10-01,True,CARIBE_MAR,34724732.04,448006.235,195209688.67000002,126886297.64,370.884,380805.3,67200.94,85.0,15.0,Cubierta (85.0% Contratos / 15.0% Bolsa),1344.018705,498475.03338522,766884.666719295,705533.8933817514,-61350.77333754359,61350.77333754359,7.999999999999999
2026-10-13,13,2026-10-01,True,CARIBE_SOL,27416471.87,448006.235,195209688.67000002,126886297.64,370.884,380805.3,67200.94,85.0,15.0,Cubierta (85.0% Contratos / 15.0% Bolsa),1344.018705,498475.03338522,766884.666719295,705533.8933817514,-61350.77333754359,61350.77333754359,7.999999999999999
2026-10-13,13,2026-10-01,True,VALLE,22179277.47,448006.235,195209688.67000002,126886297.64,370.884,380805.3,67200.94,85.0,15.0,Cubierta (85.0% Contratos / 15.0% Bolsa),1344.018705,498475.03338522,766884.666719295,705533.8933817514,-61350.77333754359,61350.77333754359,7.999999999999999
2026-10-13,13,2026-10-01,True,SANTANDER,17382896.59,448006.235,195209688.67000002,126886297.64,370.884,380805.3,67200.94,85.0,15.0,Cubierta (85.0% Contratos / 15.0% Bolsa),1344.018705,498475.03338522,766884.666719295,705533.8933817514,-61350.77333754359,61350.77333754359,7.999999999999999
2026-10-13,13,2026-10-01,True,CUNDINAMARCA,11020660.63,448006.235,195209688.67000002,126886297.64,370.884,380805.3,67200.94,85.0,15.0,Cubierta (85.0% Contratos / 15.0% Bolsa),1344.018705,498475.03338522,766884.666719295,705533.8933817514,-61350.77333754359,61350.77333754359,7.999999999999999
2026-10-13,13,2026-10-01,True,TOLIMA,9138282.39,448006.235,195209688.67000002,126886297.64,370.884,380805.3,67200.94,85.0,15.0,Cubierta (85.0% Contratos / 15.0% Bolsa),1344.018705,498475.03338522,766884.666719295,705533.8933817514,-61350.77333754359,61350.77333754359,7.999999999999999
2026-10-14,14,2026-10-01,True,ANTIOQUIA,30569591.11,445450.8975,194096251.86999997,126162563.72,371.5684,378633.26,66817.63,85.0,15.0,Cubierta (85.0% Contratos / 15.0% Bolsa),1336.3526925,496546.43178791704,763917.5873387785,702804.1803516763,-61113.40698710224,61113.40698710224,7.999999999999993
2026-10-14,14,2026-10-01,True,BOGOTA,42884135.51,445450.8975,194096251.86999997,126162563.72,371.5684,378633.26,66817.63,85.0,15.0,Cubierta (85.0% Contratos / 15.0% Bolsa),1336.3526925,496546.43178791704,763917.5873387785,702804.1803516763,-61113.40698710224,61113.40698710224,7.999999999999993
2026-10-14,14,2026-10-01,True,CARIBE_MAR,34390900.61,445450.8975,194096251.86999997,126162563.72,371.5684,378633.26,66817.63,85.0,15.0,Cubierta (85.0% Contratos / 15.0% Bolsa),1336.3526925,496546.43178791704,763917.5873387785,702804.1803516763,-61113.40698710224,61113.40698710224,7.999999999999993
2026-10-14,14,2026-10-01,True,CARIBE_SOL,27057112.02,445450.8975,194096251.86999997,126162563.72,371.5684,378633.26,66817.63,85.0,15.0,Cubierta (85.0% Contratos / 15.0% Bolsa),1336.3526925,496546.43178791704,763917.5873387785,702804.1803516763,-61113.40698710224,61113.40698710224,7.999999999999993
2026-10-14,14,2026-10-01,True,VALLE,21896536.25,445450.8975,194096251.86999997,126162563.72,371.5684,378633.26,66817.63,85.0,15.0,Cubierta (85.0% Contratos / 15.0% Bolsa),1336.3526925,496546.43178791704,763917.5873387785,702804.1803516763,-61113.40698710224,61113.40698710224,7.999999999999993
2026-10-14,14,2026-10-01,True,SANTANDER,17148875.88,445450.8975,194096251.86999997,126162563.72,371.5684,378633.26,66817.63,85.0,15.0,Cubierta (85.0% Contratos / 15.0% Bolsa),1336.3526925,496546.43178791704,763917.5873387785,702804.1803516763,-61113.40698710224,61113.40698710224,7.999999999999993
2026-10-14,14,2026-10-01,True,CUNDINAMARCA,10970116.73,445450.8975,194096251.86999997,126162563.72,371.5684,378633.26,66817.63,85.0,15.0,Cubierta (85.0% Contratos / 15.0% Bolsa),1336.3526925,496546.43178791704,763917.5873387785,702804.1803516763,-61113.40698710224,61113.40698710224,7.999999999999993
2026-10-14,14,2026-10-01,True,TOLIMA,9178983.76,445450.8975,194096251.86999997,126162563.72,371.5684,378633.26,66817.63,85.0,15.0,Cubierta (85.0% Contratos / 15.0% Bolsa),1336.3526925,496546.43178791704,763917.5873387785,702804.1803516763,-61113.40698710224,61113.40698710224,7.999999999999993
2026-10-15,15,2026-10-01,True,ANTIOQUIA,30293409.22,448064.08125,195234893.84,126902681.0,372.2187,380854.47,67209.61,85.0,15.0,Cubierta (85.0% Contratos / 15.0% Bolsa),1344.19224375,500333.48951870814,769743.8300045192,708164.3236041577,-61579.50640036154,61579.50640036154,8.0
2026-10-15,15,2026-10-01,True,BOGOTA,43867057.76,448064.08125,195234893.84,126902681.0,372.2187,380854.47,67209.61,85.0,15.0,Cubierta (85.0% Contratos / 15.0% Bolsa),1344.19224375,500333.48951870814,769743.8300045192,708164.3236041577,-61579.50640036154,61579.50640036154,8.0
2026-10-15,15,2026-10-01,True,CARIBE_MAR,34426716.88,448064.08125,195234893.84,126902681.0,372.2187,380854.47,67209.61,85.0,15.0,Cubierta (85.0% Contratos / 15.0% Bolsa),1344.19224375,500333.48951870814,769743.8300045192,708164.3236041577,-61579.50640036154,61579.50640036154,8.0
2026-10-15,15,2026-10-01,True,CARIBE_SOL,27089405.51,448064.08125,195234893.84,126902681.0,372.2187,380854.47,67209.61,85.0,15.0,Cubierta (85.0% Contratos / 15.0% Bolsa),1344.19224375,500333.48951870814,769743.8300045192,708164.3236041577,-61579.50640036154,61579.50640036154,8.0
2026-10-15,15,2026-10-01,True,VALLE,21885316.34,448064.08125,195234893.84,126902681.0,372.2187,380854.47,67209.61,85.0,15.0,Cubierta (85.0% Contratos / 15.0% Bolsa),1344.19224375,500333.48951870814,769743.8300045192,708164.3236041577,-61579.50640036154,61579.50640036154,8.0
2026-10-15,15,2026-10-01,True,SANTANDER,17320246.9,448064.08125,195234893.84,126902681.0,372.2187,380854.47,67209.61,85.0,15.0,Cubierta (85.0% Contratos / 15.0% Bolsa),1344.19224375,500333.48951870814,769743.8300045192,708164.3236041577,-61579.50640036154,61579.50640036154,8.0
2026-10-15,15,2026-10-01,True,CUNDINAMARCA,11136633.83,448064.08125,195234893.84,126902681.0,372.2187,380854.47,67209.61,85.0,15.0,Cubierta (85.0% Contratos / 15.0% Bolsa),1344.19224375,500333.48951870814,769743.8300045192,708164.3236041577,-61579.50640036154,61579.50640036154,8.0
2026-10-15,15,2026-10-01,True,TOLIMA,9216107.4,448064.08125,195234893.84,126902681.0,372.2187,380854.47,67209.61,85.0,15.0,Cubierta (85.0% Contratos / 15.0% Bolsa),1344.19224375,500333.48951870814,769743.8300045192,708164.3236041577,-61579.50640036154,61579.50640036154,8.0
2026-10-16,16,2026-10-01,True,ANTIOQUIA,30596190.33,445158.44125,193968819.86,126079732.91,372.8248,378384.68,66773.77,85.0,15.0,Cubierta (85.0% Contratos / 15.0% Bolsa),1335.47532375,497898.32048202894,765997.4161201229,704717.622830513,-61279.793289609835,61279.793289609835,8.0
2026-10-16,16,2026-10-01,True,BOGOTA,42686206.91,445158.44125,193968819.86,126079732.91,372.8248,378384.68,66773.77,85.0,15.0,Cubierta (85.0% Contratos / 15.0% Bolsa),1335.47532375,497898.32048202894,765997.4161201229,704717.622830513,-61279.793289609835,61279.793289609835,8.0
2026-10-16,16,2026-10-01,True,CARIBE_MAR,34179014.82,445158.44125,193968819.86,126079732.91,372.8248,378384.68,66773.77,85.0,15.0,Cubierta (85.0% Contratos / 15.0% Bolsa),1335.47532375,497898.32048202894,765997.4161201229,704717.622830513,-61279.793289609835,61279.793289609835,8.0
2026-10-16,16,2026-10-01,True,CARIBE_SOL,27097298.73,445158.44125,193968819.86,126079732.91,372.8248,378384.68,66773.77,85.0,15.0,Cubierta (85.0% Contratos / 15.0% Bolsa),1335.47532375,497898.32048202894,765997.4161201229,704717.622830513,-61279.793289609835,61279.793289609835,8.0
2026-10-16,16,2026-10-01,True,VALLE,21931863.4,445158.44125,193968819.86,126079732.91,372.8248,378384.68,66773.77,85.0,15.0,Cubierta (85.0% Contratos / 15.0% Bolsa),1335.47532375,497898.32048202894,765997.4161201229,704717.622830513,-61279.793289609835,61279.793289609835,8.0
2026-10-16,16,2026-10-01,True,SANTANDER,17264643.84,445158.44125,193968819.86,126079732.91,372.8248,378384.68,66773.77,85.0,15.0,Cubierta (85.0% Contratos / 15.0% Bolsa),1335.47532375,497898.32048202894,765997.4161201229,704717.622830513,-61279.793289609835,61279.793289609835,8.0
2026-10-16,16,2026-10-01,True,CUNDINAMARCA,11026783.55,445158.44125,193968819.86,126079732.91,372.8248,378384.68,66773.77,85.0,15.0,Cubierta (85.0% Contratos / 15.0% Bolsa),1335.47532375,497898.32048202894,765997.4161201229,704717.622830513,-61279.793289609835,61279.793289609835,8.0
2026-10-16,16,2026-10-01,True,TOLIMA,9186818.28,445158.44125,193968819.86,126079732.91,372.8248,378384.68,66773.77,85.0,15.0,Cubierta (85.0% Contratos / 15.0% Bolsa),1335.47532375,497898.32048202894,765997.4161201229,704717.622830513,-61279.793289609835,61279.793289609835,8.0
2026-10-17,17,2026-10-01,True,ANTIOQUIA,25802396.02,315829.42,163219338.71,106092570.16,373.3774,268455.01,47374.41,85.0,15.0,Cubierta (85.0% Contratos / 15.0% Bolsa),947.48826,353770.703049324,544262.6200835783,500721.61047689203,-43541.009606686246,43541.009606686246,7.999999999999997
2026-10-17,17,2026-10-01,True,BOGOTA,36235553.38,315829.42,163219338.71,106092570.16,373.3774,268455.01,47374.41,85.0,15.0,Cubierta (85.0% Contratos / 15.0% Bolsa),947.48826,353770.703049324,544262.6200835783,500721.61047689203,-43541.009606686246,43541.009606686246,7.999999999999997
2026-10-17,17,2026-10-01,True,CARIBE_MAR,28517802.22,315829.42,163219338.71,106092570.16,373.3774,268455.01,47374.41,85.0,15.0,Cubierta (85.0% Contratos / 15.0% Bolsa),947.48826,353770.703049324,544262.6200835783,500721.61047689203,-43541.009606686246,43541.009606686246,7.999999999999997
2026-10-17,17,2026-10-01,True,CARIBE_SOL,22571975.76,315829.42,163219338.71,106092570.16,373.3774,268455.01,47374.41,85.0,15.0,Cubierta (85.0% Contratos / 15.0% Bolsa),947.48826,353770.703049324,544262.6200835783,500721.61047689203,-43541.009606686246,43541.009606686246,7.999999999999997
2026-10-17,17,2026-10-01,True,VALLE,18371526.87,315829.42,163219338.71,106092570.16,373.3774,268455.01,47374.41,85.0,15.0,Cubierta (85.0% Contratos / 15.0% Bolsa),947.48826,353770.703049324,544262.6200835783,500721.61047689203,-43541.009606686246,43541.009606686246,7.999999999999997
2026-10-17,17,2026-10-01,True,SANTANDER,14598303.51,315829.42,163219338.71,106092570.16,373.3774,268455.01,47374.41,85.0,15.0,Cubierta (85.0% Contratos / 15.0% Bolsa),947.48826,353770.703049324,544262.6200835783,500721.61047689203,-43541.009606686246,43541.009606686246,7.999999999999997
2026-10-17,17,2026-10-01,True,CUNDINAMARCA,9347066.35,315829.42,163219338.71,106092570.16,373.3774,268455.01,47374.41,85.0,15.0,Cubierta (85.0% Contratos / 15.0% Bolsa),947.48826,353770.703049324,544262.6200835783,500721.61047689203,-43541.009606686246,43541.009606686246,7.999999999999997
2026-10-17,17,2026-10-01,True,TOLIMA,7774714.6,315829.42,163219338.71,106092570.16,373.3774,268455.01,47374.41,85.0,15.0,Cubierta (85.0% Contratos / 15.0% Bolsa),947.48826,353770.703049324,544262.6200835783,500721.61047689203,-43541.009606686246,43541.009606686246,7.999999999999997
2026-10-18,18,2026-10-01,True,ANTIOQUIA,25771997.22,317392.94625,164027362.31,106617785.5,373.8682,269784.0,47608.94,85.0,15.0,Cubierta (85.0% Contratos / 15.0% Bolsa),952.17883875,355989.3885215527,547675.9823485556,503861.90376067115,-43814.07858788443,43814.07858788443,7.999999999999997
2026-10-18,18,2026-10-01,True,BOGOTA,36720093.64,317392.94625,164027362.31,106617785.5,373.8682,269784.0,47608.94,85.0,15.0,Cubierta (85.0% Contratos / 15.0% Bolsa),952.17883875,355989.3885215527,547675.9823485556,503861.90376067115,-43814.07858788443,43814.07858788443,7.999999999999997
2026-10-18,18,2026-10-01,True,CARIBE_MAR,28804857.87,317392.94625,164027362.31,106617785.5,373.8682,269784.0,47608.94,85.0,15.0,Cubierta (85.0% Contratos / 15.0% Bolsa),952.17883875,355989.3885215527,547675.9823485556,503861.90376067115,-43814.07858788443,43814.07858788443,7.999999999999997
2026-10-18,18,2026-10-01,True,CARIBE_SOL,22751780.55,317392.94625,164027362.31,106617785.5,373.8682,269784.0,47608.94,85.0,15.0,Cubierta (85.0% Contratos / 15.0% Bolsa),952.17883875,355989.3885215527,547675.9823485556,503861.90376067115,-43814.07858788443,43814.07858788443,7.999999999999997
2026-10-18,18,2026-10-01,True,VALLE,18602691.45,317392.94625,164027362.31,106617785.5,373.8682,269784.0,47608.94,85.0,15.0,Cubierta (85.0% Contratos / 15.0% Bolsa),952.17883875,355989.3885215527,547675.9823485556,503861.90376067115,-43814.07858788443,43814.07858788443,7.999999999999997
2026-10-18,18,2026-10-01,True,SANTANDER,14160785.02,317392.94625,164027362.31,106617785.5,373.8682,269784.0,47608.94,85.0,15.0,Cubierta (85.0% Contratos / 15.0% Bolsa),952.17883875,355989.3885215527,547675.9823485556,503861.90376067115,-43814.07858788443,43814.07858788443,7.999999999999997
2026-10-18,18,2026-10-01,True,CUNDINAMARCA,9347260.16,317392.94625,164027362.31,106617785.5,373.8682,269784.0,47608.94,85.0,15.0,Cubierta (85.0% Contratos / 15.0% Bolsa),952.17883875,355989.3885215527,547675.9823485556,503861.90376067115,-43814.07858788443,43814.07858788443,7.999999999999997
2026-10-18,18,2026-10-01,True,TOLIMA,7867896.4,317392.94625,164027362.31,106617785.5,373.8682,269784.0,47608.94,85.0,15.0,Cubierta (85.0% Contratos / 15.0% Bolsa),952.17883875,355989.3885215527,547675.9823485556,503861.90376067115,-43814.07858788443,43814.07858788443,7.999999999999997
2026-10-19,19,2026-10-01,True,ANTIOQUIA,30750891.75,446242.7675,194441293.0,126386840.45,374.2904,379306.35,66936.42,85.0,15.0,Cubierta (85.0% Contratos / 15.0% Bolsa),1338.7283025000002,501073.151834046,770881.7720523784,709211.2302881882,-61670.54176419019,61670.54176419019,7.999999999999989
2026-10-19,19,2026-10-01,True,BOGOTA,42494360.52,446242.7675,194441293.0,126386840.45,374.2904,379306.35,66936.42,85.0,15.0,Cubierta (85.0% Contratos / 15.0% Bolsa),1338.7283025000002,501073.151834046,770881.7720523784,709211.2302881882,-61670.54176419019,61670.54176419019,7.999999999999989
2026-10-19,19,2026-10-01,True,CARIBE_MAR,34633045.59,446242.7675,194441293.0,126386840.45,374.2904,379306.35,66936.42,85.0,15.0,Cubierta (85.0% Contratos / 15.0% Bolsa),1338.7283025000002,501073.151834046,770881.7720523784,709211.2302881882,-61670.54176419019,61670.54176419019,7.999999999999989
2026-10-19,19,2026-10-01,True,CARIBE_SOL,26878078.74,446242.7675,194441293.0,126386840.45,374.2904,379306.35,66936.42,85.0,15.0,Cubierta (85.0% Contratos / 15.0% Bolsa),1338.7283025000002,501073.151834046,770881.7720523784,709211.2302881882,-61670.54176419019,61670.54176419019,7.999999999999989
2026-10-19,19,2026-10-01,True,VALLE,22217639.32,446242.7675,194441293.0,126386840.45,374.2904,379306.35,66936.42,85.0,15.0,Cubierta (85.0% Contratos / 15.0% Bolsa),1338.7283025000002,501073.151834046,770881.7720523784,709211.2302881882,-61670.54176419019,61670.54176419019,7.999999999999989
2026-10-19,19,2026-10-01,True,SANTANDER,17231336.88,446242.7675,194441293.0,126386840.45,374.2904,379306.35,66936.42,85.0,15.0,Cubierta (85.0% Contratos / 15.0% Bolsa),1338.7283025000002,501073.151834046,770881.7720523784,709211.2302881882,-61670.54176419019,61670.54176419019,7.999999999999989
2026-10-19,19,2026-10-01,True,CUNDINAMARCA,11036323.6,446242.7675,194441293.0,126386840.45,374.2904,379306.35,66936.42,85.0,15.0,Cubierta (85.0% Contratos / 15.0% Bolsa),1338.7283025000002,501073.151834046,770881.7720523784,709211.2302881882,-61670.54176419019,61670.54176419019,7.999999999999989
2026-10-19,19,2026-10-01,True,TOLIMA,9199616.6,446242.7675,194441293.0,126386840.45,374.2904,379306.35,66936.42,85.0,15.0,Cubierta (85.0% Contratos / 15.0% Bolsa),1338.7283025000002,501073.151834046,770881.7720523784,709211.2302881882,-61670.54176419019,61670.54176419019,7.999999999999989
2026-10-20,20,2026-10-01,True,ANTIOQUIA,30660526.96,446620.23,194605764.68,126493747.04,374.6383,379627.2,66993.03,85.0,15.0,Cubierta (85.0% Contratos / 15.0% Bolsa),1339.86069,501963.131138427,772250.9709944056,710470.8933148532,-61780.07767955237,61780.07767955237,7.99999999999999
2026-10-20,20,2026-10-01,True,BOGOTA,42758019.61,446620.23,194605764.68,126493747.04,374.6383,379627.2,66993.03,85.0,15.0,Cubierta (85.0% Contratos / 15.0% Bolsa),1339.86069,501963.131138427,772250.9709944056,710470.8933148532,-61780.07767955237,61780.07767955237,7.99999999999999
2026-10-20,20,2026-10-01,True,CARIBE_MAR,34355978.24,446620.23,194605764.68,126493747.04,374.6383,379627.2,66993.03,85.0,15.0,Cubierta (85.0% Contratos / 15.0% Bolsa),1339.86069,501963.131138427,772250.9709944056,710470.8933148532,-61780.07767955237,61780.07767955237,7.99999999999999
2026-10-20,20,2026-10-01,True,CARIBE_SOL,27076365.23,446620.23,194605764.68,126493747.04,374.6383,379627.2,66993.03,85.0,15.0,Cubierta (85.0% Contratos / 15.0% Bolsa),1339.86069,501963.131138427,772250.9709944056,710470.8933148532,-61780.07767955237,61780.07767955237,7.99999999999999
2026-10-20,20,2026-10-01,True,VALLE,22366203.34,446620.23,194605764.68,126493747.04,374.6383,379627.2,66993.03,85.0,15.0,Cubierta (85.0% Contratos / 15.0% Bolsa),1339.86069,501963.131138427,772250.9709944056,710470.8933148532,-61780.07767955237,61780.07767955237,7.99999999999999
2026-10-20,20,2026-10-01,True,SANTANDER,17225444.41,446620.23,194605764.68,126493747.04,374.6383,379627.2,66993.03,85.0,15.0,Cubierta (85.0% Contratos / 15.0% Bolsa),1339.86069,501963.131138427,772250.9709944056,710470.8933148532,-61780.07767955237,61780.07767955237,7.99999999999999
2026-10-20,20,2026-10-01,True,CUNDINAMARCA,11000348.62,446620.23,194605764.68,126493747.04,374.6383,379627.2,66993.03,85.0,15.0,Cubierta (85.0% Contratos / 15.0% Bolsa),1339.86069,501963.131138427,772250.9709944056,710470.8933148532,-61780.07767955237,61780.07767955237,7.99999999999999
2026-10-20,20,2026-10-01,True,TOLIMA,9162878.27,446620.23,194605764.68,126493747.04,374.6383,379627.2,66993.03,85.0,15.0,Cubierta (85.0% Contratos / 15.0% Bolsa),1339.86069,501963.131138427,772250.9709944056,710470.8933148532,-61780.07767955237,61780.07767955237,7.99999999999999
2026-10-21,21,2026-10-01,True,ANTIOQUIA,30525593.5,444629.95125,193738540.83,125930051.54,374.9079,377935.46,66694.49,85.0,15.0,Cubierta (85.0% Contratos / 15.0% Bolsa),1333.88985375,500085.8439007196,769362.8367672832,707813.8098259005,-61549.026941382675,61549.026941382675,8.000000000000004
2026-10-21,21,2026-10-01,True,BOGOTA,42542495.71,444629.95125,193738540.83,125930051.54,374.9079,377935.46,66694.49,85.0,15.0,Cubierta (85.0% Contratos / 15.0% Bolsa),1333.88985375,500085.8439007196,769362.8367672832,707813.8098259005,-61549.026941382675,61549.026941382675,8.000000000000004
2026-10-21,21,2026-10-01,True,CARIBE_MAR,34066642.52,444629.95125,193738540.83,125930051.54,374.9079,377935.46,66694.49,85.0,15.0,Cubierta (85.0% Contratos / 15.0% Bolsa),1333.88985375,500085.8439007196,769362.8367672832,707813.8098259005,-61549.026941382675,61549.026941382675,8.000000000000004
2026-10-21,21,2026-10-01,True,CARIBE_SOL,27138311.38,444629.95125,193738540.83,125930051.54,374.9079,377935.46,66694.49,85.0,15.0,Cubierta (85.0% Contratos / 15.0% Bolsa),1333.88985375,500085.8439007196,769362.8367672832,707813.8098259005,-61549.026941382675,61549.026941382675,8.000000000000004
2026-10-21,21,2026-10-01,True,VALLE,22156002.92,444629.95125,193738540.83,125930051.54,374.9079,377935.46,66694.49,85.0,15.0,Cubierta (85.0% Contratos / 15.0% Bolsa),1333.88985375,500085.8439007196,769362.8367672832,707813.8098259005,-61549.026941382675,61549.026941382675,8.000000000000004
2026-10-21,21,2026-10-01,True,SANTANDER,17257107.88,444629.95125,193738540.83,125930051.54,374.9079,377935.46,66694.49,85.0,15.0,Cubierta (85.0% Contratos / 15.0% Bolsa),1333.88985375,500085.8439007196,769362.8367672832,707813.8098259005,-61549.026941382675,61549.026941382675,8.000000000000004
2026-10-21,21,2026-10-01,True,CUNDINAMARCA,10880314.88,444629.95125,193738540.83,125930051.54,374.9079,377935.46,66694.49,85.0,15.0,Cubierta (85.0% Contratos / 15.0% Bolsa),1333.88985375,500085.8439007196,769362.8367672832,707813.8098259005,-61549.026941382675,61549.026941382675,8.000000000000004
2026-10-21,21,2026-10-01,True,TOLIMA,9172072.04,444629.95125,193738540.83,125930051.54,374.9079,377935.46,66694.49,85.0,15.0,Cubierta (85.0% Contratos / 15.0% Bolsa),1333.88985375,500085.8439007196,769362.8367672832,707813.8098259005,-61549.026941382675,61549.026941382675,8.000000000000004
2026-10-22,22,2026-10-01,True,ANTIOQUIA,30855196.73,448008.6125,195210724.28,126886970.78,375.0969,380807.32,67201.29,85.0,15.0,Cubierta (85.0% Contratos / 15.0% Bolsa),1344.0258375,504139.9251661538,775599.8848832308,713551.8940925724,-62047.9907906584,62047.9907906584,7.999999999999992
2026-10-22,22,2026-10-01,True,BOGOTA,43121223.0,448008.6125,195210724.28,126886970.78,375.0969,380807.32,67201.29,85.0,15.0,Cubierta (85.0% Contratos / 15.0% Bolsa),1344.0258375,504139.9251661538,775599.8848832308,713551.8940925724,-62047.9907906584,62047.9907906584,7.999999999999992
2026-10-22,22,2026-10-01,True,CARIBE_MAR,34531028.23,448008.6125,195210724.28,126886970.78,375.0969,380807.32,67201.29,85.0,15.0,Cubierta (85.0% Contratos / 15.0% Bolsa),1344.0258375,504139.9251661538,775599.8848832308,713551.8940925724,-62047.9907906584,62047.9907906584,7.999999999999992
2026-10-22,22,2026-10-01,True,CARIBE_SOL,27322956.5,448008.6125,195210724.28,126886970.78,375.0969,380807.32,67201.29,85.0,15.0,Cubierta (85.0% Contratos / 15.0% Bolsa),1344.0258375,504139.9251661538,775599.8848832308,713551.8940925724,-62047.9907906584,62047.9907906584,7.999999999999992
2026-10-22,22,2026-10-01,True,VALLE,22286601.07,448008.6125,195210724.28,126886970.78,375.0969,380807.32,67201.29,85.0,15.0,Cubierta (85.0% Contratos / 15.0% Bolsa),1344.0258375,504139.9251661538,775599.8848832308,713551.8940925724,-62047.9907906584,62047.9907906584,7.999999999999992
2026-10-22,22,2026-10-01,True,SANTANDER,16878440.42,448008.6125,195210724.28,126886970.78,375.0969,380807.32,67201.29,85.0,15.0,Cubierta (85.0% Contratos / 15.0% Bolsa),1344.0258375,504139.9251661538,775599.8848832308,713551.8940925724,-62047.9907906584,62047.9907906584,7.999999999999992
2026-10-22,22,2026-10-01,True,CUNDINAMARCA,10972434.25,448008.6125,195210724.28,126886970.78,375.0969,380807.32,67201.29,85.0,15.0,Cubierta (85.0% Contratos / 15.0% Bolsa),1344.0258375,504139.9251661538,775599.8848832308,713551.8940925724,-62047.9907906584,62047.9907906584,7.999999999999992
2026-10-22,22,2026-10-01,True,TOLIMA,9242844.08,448008.6125,195210724.28,126886970.78,375.0969,380807.32,67201.29,85.0,15.0,Cubierta (85.0% Contratos / 15.0% Bolsa),1344.0258375,504139.9251661538,775599.8848832308,713551.8940925724,-62047.9907906584,62047.9907906584,7.999999999999992
2026-10-23,23,2026-10-01,True,ANTIOQUIA,30321397.92,446797.445,194682982.43,126543938.58,375.2043,379777.83,67019.62,85.0,15.0,Cubierta (85.0% Contratos / 15.0% Bolsa),1340.392335,502920.9677790405,773724.5658108514,711826.6005459833,-61897.96526486811,61897.96526486811,7.999999999999999
2026-10-23,23,2026-10-01,True,BOGOTA,43297676.48,446797.445,194682982.43,126543938.58,375.2043,379777.83,67019.62,85.0,15.0,Cubierta (85.0% Contratos / 15.0% Bolsa),1340.392335,502920.9677790405,773724.5658108514,711826.6005459833,-61897.96526486811,61897.96526486811,7.999999999999999
2026-10-23,23,2026-10-01,True,CARIBE_MAR,34402371.64,446797.445,194682982.43,126543938.58,375.2043,379777.83,67019.62,85.0,15.0,Cubierta (85.0% Contratos / 15.0% Bolsa),1340.392335,502920.9677790405,773724.5658108514,711826.6005459833,-61897.96526486811,61897.96526486811,7.999999999999999
2026-10-23,23,2026-10-01,True,CARIBE_SOL,27042465.14,446797.445,194682982.43,126543938.58,375.2043,379777.83,67019.62,85.0,15.0,Cubierta (85.0% Contratos / 15.0% Bolsa),1340.392335,502920.9677790405,773724.5658108514,711826.6005459833,-61897.96526486811,61897.96526486811,7.999999999999999
2026-10-23,23,2026-10-01,True,VALLE,22000543.31,446797.445,194682982.43,126543938.58,375.2043,379777.83,67019.62,85.0,15.0,Cubierta (85.0% Contratos / 15.0% Bolsa),1340.392335,502920.9677790405,773724.5658108514,711826.6005459833,-61897.96526486811,61897.96526486811,7.999999999999999
2026-10-23,23,2026-10-01,True,SANTANDER,17243516.31,446797.445,194682982.43,126543938.58,375.2043,379777.83,67019.62,85.0,15.0,Cubierta (85.0% Contratos / 15.0% Bolsa),1340.392335,502920.9677790405,773724.5658108514,711826.6005459833,-61897.96526486811,61897.96526486811,7.999999999999999
2026-10-23,23,2026-10-01,True,CUNDINAMARCA,11139278.14,446797.445,194682982.43,126543938.58,375.2043,379777.83,67019.62,85.0,15.0,Cubierta (85.0% Contratos / 15.0% Bolsa),1340.392335,502920.9677790405,773724.5658108514,711826.6005459833,-61897.96526486811,61897.96526486811,7.999999999999999
2026-10-23,23,2026-10-01,True,TOLIMA,9235733.49,446797.445,194682982.43,126543938.58,375.2043,379777.83,67019.62,85.0,15.0,Cubierta (85.0% Contratos / 15.0% Bolsa),1340.392335,502920.9677790405,773724.5658108514,711826.6005459833,-61897.96526486811,61897.96526486811,7.999999999999999
2026-10-24,24,2026-10-01,True,ANTIOQUIA,26240030.05,318625.66,164664423.74,107031875.43,375.2312,270831.81,47793.85,85.0,15.0,Cubierta (85.0% Contratos / 15.0% Bolsa),955.8769799999999,358674.866257776,551807.4865555802,507662.8876311338,-44144.598924446385,44144.598924446385,7.999999999999995
2026-10-24,24,2026-10-01,True,BOGOTA,36637903.36,318625.66,164664423.74,107031875.43,375.2312,270831.81,47793.85,85.0,15.0,Cubierta (85.0% Contratos / 15.0% Bolsa),955.8769799999999,358674.866257776,551807.4865555802,507662.8876311338,-44144.598924446385,44144.598924446385,7.999999999999995
2026-10-24,24,2026-10-01,True,CARIBE_MAR,29092364.38,318625.66,164664423.74,107031875.43,375.2312,270831.81,47793.85,85.0,15.0,Cubierta (85.0% Contratos / 15.0% Bolsa),955.8769799999999,358674.866257776,551807.4865555802,507662.8876311338,-44144.598924446385,44144.598924446385,7.999999999999995
2026-10-24,24,2026-10-01,True,CARIBE_SOL,22441479.86,318625.66,164664423.74,107031875.43,375.2312,270831.81,47793.85,85.0,15.0,Cubierta (85.0% Contratos / 15.0% Bolsa),955.8769799999999,358674.866257776,551807.4865555802,507662.8876311338,-44144.598924446385,44144.598924446385,7.999999999999995
2026-10-24,24,2026-10-01,True,VALLE,18650055.75,318625.66,164664423.74,107031875.43,375.2312,270831.81,47793.85,85.0,15.0,Cubierta (85.0% Contratos / 15.0% Bolsa),955.8769799999999,358674.866257776,551807.4865555802,507662.8876311338,-44144.598924446385,44144.598924446385,7.999999999999995
2026-10-24,24,2026-10-01,True,SANTANDER,14421742.42,318625.66,164664423.74,107031875.43,375.2312,270831.81,47793.85,85.0,15.0,Cubierta (85.0% Contratos / 15.0% Bolsa),955.8769799999999,358674.866257776,551807.4865555802,507662.8876311338,-44144.598924446385,44144.598924446385,7.999999999999995
2026-10-24,24,2026-10-01,True,CUNDINAMARCA,9334680.37,318625.66,164664423.74,107031875.43,375.2312,270831.81,47793.85,85.0,15.0,Cubierta (85.0% Contratos / 15.0% Bolsa),955.8769799999999,358674.866257776,551807.4865555802,507662.8876311338,-44144.598924446385,44144.598924446385,7.999999999999995
2026-10-24,24,2026-10-01,True,TOLIMA,7846167.55,318625.66,164664423.74,107031875.43,375.2312,270831.81,47793.85,85.0,15.0,Cubierta (85.0% Contratos / 15.0% Bolsa),955.8769799999999,358674.866257776,551807.4865555802,507662.8876311338,-44144.598924446385,44144.598924446385,7.999999999999995
2026-10-25,25,2026-10-01,True,ANTIOQUIA,25914569.26,317296.22875,163977379.26000002,106585296.52,375.1799,269701.79,47594.43,85.0,15.0,Cubierta (85.0% Contratos / 15.0% Bolsa),951.8886862500001,357129.5021184064,549430.003253932,505475.6029936175,-43954.40026031452,43954.40026031452,7.999999999999993
2026-10-25,25,2026-10-01,True,BOGOTA,36118137.68,317296.22875,163977379.26000002,106585296.52,375.1799,269701.79,47594.43,85.0,15.0,Cubierta (85.0% Contratos / 15.0% Bolsa),951.8886862500001,357129.5021184064,549430.003253932,505475.6029936175,-43954.40026031452,43954.40026031452,7.999999999999993
2026-10-25,25,2026-10-01,True,CARIBE_MAR,28978378.76,317296.22875,163977379.26000002,106585296.52,375.1799,269701.79,47594.43,85.0,15.0,Cubierta (85.0% Contratos / 15.0% Bolsa),951.8886862500001,357129.5021184064,549430.003253932,505475.6029936175,-43954.40026031452,43954.40026031452,7.999999999999993
2026-10-25,25,2026-10-01,True,CARIBE_SOL,22712303.28,317296.22875,163977379.26000002,106585296.52,375.1799,269701.79,47594.43,85.0,15.0,Cubierta (85.0% Contratos / 15.0% Bolsa),951.8886862500001,357129.5021184064,549430.003253932,505475.6029936175,-43954.40026031452,43954.40026031452,7.999999999999993
2026-10-25,25,2026-10-01,True,VALLE,18571741.26,317296.22875,163977379.26000002,106585296.52,375.1799,269701.79,47594.43,85.0,15.0,Cubierta (85.0% Contratos / 15.0% Bolsa),951.8886862500001,357129.5021184064,549430.003253932,505475.6029936175,-43954.40026031452,43954.40026031452,7.999999999999993
2026-10-25,25,2026-10-01,True,SANTANDER,14526729.09,317296.22875,163977379.26000002,106585296.52,375.1799,269701.79,47594.43,85.0,15.0,Cubierta (85.0% Contratos / 15.0% Bolsa),951.8886862500001,357129.5021184064,549430.003253932,505475.6029936175,-43954.40026031452,43954.40026031452,7.999999999999993
2026-10-25,25,2026-10-01,True,CUNDINAMARCA,9345687.55,317296.22875,163977379.26000002,106585296.52,375.1799,269701.79,47594.43,85.0,15.0,Cubierta (85.0% Contratos / 15.0% Bolsa),951.8886862500001,357129.5021184064,549430.003253932,505475.6029936175,-43954.40026031452,43954.40026031452,7.999999999999993
2026-10-25,25,2026-10-01,True,TOLIMA,7809832.38,317296.22875,163977379.26000002,106585296.52,375.1799,269701.79,47594.43,85.0,15.0,Cubierta (85.0% Contratos / 15.0% Bolsa),951.8886862500001,357129.5021184064,549430.003253932,505475.6029936175,-43954.40026031452,43954.40026031452,7.999999999999993
2026-10-26,26,2026-10-01,True,ANTIOQUIA,30344442.97,446312.975,194471884.39,126406724.85,375.0546,379366.03,66946.95,85.0,15.0,Cubierta (85.0% Contratos / 15.0% Bolsa),1338.938925,502175.20294030494,772577.2353141683,710771.0564890348,-61806.17882513348,61806.17882513348,8.000000000000004
2026-10-26,26,2026-10-01,True,BOGOTA,42857371.03,446312.975,194471884.39,126406724.85,375.0546,379366.03,66946.95,85.0,15.0,Cubierta (85.0% Contratos / 15.0% Bolsa),1338.938925,502175.20294030494,772577.2353141683,710771.0564890348,-61806.17882513348,61806.17882513348,8.000000000000004
2026-10-26,26,2026-10-01,True,CARIBE_MAR,34653129.86,446312.975,194471884.39,126406724.85,375.0546,379366.03,66946.95,85.0,15.0,Cubierta (85.0% Contratos / 15.0% Bolsa),1338.938925,502175.20294030494,772577.2353141683,710771.0564890348,-61806.17882513348,61806.17882513348,8.000000000000004
2026-10-26,26,2026-10-01,True,CARIBE_SOL,26978466.92,446312.975,194471884.39,126406724.85,375.0546,379366.03,66946.95,85.0,15.0,Cubierta (85.0% Contratos / 15.0% Bolsa),1338.938925,502175.20294030494,772577.2353141683,710771.0564890348,-61806.17882513348,61806.17882513348,8.000000000000004
2026-10-26,26,2026-10-01,True,VALLE,22204257.97,446312.975,194471884.39,126406724.85,375.0546,379366.03,66946.95,85.0,15.0,Cubierta (85.0% Contratos / 15.0% Bolsa),1338.938925,502175.20294030494,772577.2353141683,710771.0564890348,-61806.17882513348,61806.17882513348,8.000000000000004
2026-10-26,26,2026-10-01,True,SANTANDER,17154464.83,446312.975,194471884.39,126406724.85,375.0546,379366.03,66946.95,85.0,15.0,Cubierta (85.0% Contratos / 15.0% Bolsa),1338.938925,502175.20294030494,772577.2353141683,710771.0564890348,-61806.17882513348,61806.17882513348,8.000000000000004
2026-10-26,26,2026-10-01,True,CUNDINAMARCA,11026115.74,446312.975,194471884.39,126406724.85,375.0546,379366.03,66946.95,85.0,15.0,Cubierta (85.0% Contratos / 15.0% Bolsa),1338.938925,502175.20294030494,772577.2353141683,710771.0564890348,-61806.17882513348,61806.17882513348,8.000000000000004
2026-10-26,26,2026-10-01,True,TOLIMA,9253635.07,446312.975,194471884.39,126406724.85,375.0546,379366.03,66946.95,85.0,15.0,Cubierta (85.0% Contratos / 15.0% Bolsa),1338.938925,502175.20294030494,772577.2353141683,710771.0564890348,-61806.17882513348,61806.17882513348,8.000000000000004
2026-10-27,27,2026-10-01,True,ANTIOQUIA,30775146.86,447478.1775,194979598.21999997,126736738.84,374.8608,380356.45,67121.73,85.0,15.0,Cubierta (85.0% Contratos / 15.0% Bolsa),1342.4345325,503226.08280057594,774193.9735576736,712258.4556730598,-61935.51788461383,61935.51788461383,7.999999999999992
2026-10-27,27,2026-10-01,True,BOGOTA,42765208.37,447478.1775,194979598.21999997,126736738.84,374.8608,380356.45,67121.73,85.0,15.0,Cubierta (85.0% Contratos / 15.0% Bolsa),1342.4345325,503226.08280057594,774193.9735576736,712258.4556730598,-61935.51788461383,61935.51788461383,7.999999999999992
2026-10-27,27,2026-10-01,True,CARIBE_MAR,34583440.06,447478.1775,194979598.21999997,126736738.84,374.8608,380356.45,67121.73,85.0,15.0,Cubierta (85.0% Contratos / 15.0% Bolsa),1342.4345325,503226.08280057594,774193.9735576736,712258.4556730598,-61935.51788461383,61935.51788461383,7.999999999999992
2026-10-27,27,2026-10-01,True,CARIBE_SOL,27059121.06,447478.1775,194979598.21999997,126736738.84,374.8608,380356.45,67121.73,85.0,15.0,Cubierta (85.0% Contratos / 15.0% Bolsa),1342.4345325,503226.08280057594,774193.9735576736,712258.4556730598,-61935.51788461383,61935.51788461383,7.999999999999992
2026-10-27,27,2026-10-01,True,VALLE,22355218.26,447478.1775,194979598.21999997,126736738.84,374.8608,380356.45,67121.73,85.0,15.0,Cubierta (85.0% Contratos / 15.0% Bolsa),1342.4345325,503226.08280057594,774193.9735576736,712258.4556730598,-61935.51788461383,61935.51788461383,7.999999999999992
2026-10-27,27,2026-10-01,True,SANTANDER,17112653.67,447478.1775,194979598.21999997,126736738.84,374.8608,380356.45,67121.73,85.0,15.0,Cubierta (85.0% Contratos / 15.0% Bolsa),1342.4345325,503226.08280057594,774193.9735576736,712258.4556730598,-61935.51788461383,61935.51788461383,7.999999999999992
2026-10-27,27,2026-10-01,True,CUNDINAMARCA,11103678.85,447478.1775,194979598.21999997,126736738.84,374.8608,380356.45,67121.73,85.0,15.0,Cubierta (85.0% Contratos / 15.0% Bolsa),1342.4345325,503226.08280057594,774193.9735576736,712258.4556730598,-61935.51788461383,61935.51788461383,7.999999999999992
2026-10-27,27,2026-10-01,True,TOLIMA,9225131.09,447478.1775,194979598.21999997,126736738.84,374.8608,380356.45,67121.73,85.0,15.0,Cubierta (85.0% Contratos / 15.0% Bolsa),1342.4345325,503226.08280057594,774193.9735576736,712258.4556730598,-61935.51788461383,61935.51788461383,7.999999999999992
2026-10-28,28,2026-10-01,True,ANTIOQUIA,30687316.21,449899.07,196034453.26,127422394.62,374.6057,382414.21,67484.86,85.0,15.0,Cubierta (85.0% Contratos / 15.0% Bolsa),1349.69721,505604.26814009703,777852.7202094293,715624.5025926749,-62228.21761675435,62228.21761675435,8.000000000000002
2026-10-28,28,2026-10-01,True,BOGOTA,43215214.27,449899.07,196034453.26,127422394.62,374.6057,382414.21,67484.86,85.0,15.0,Cubierta (85.0% Contratos / 15.0% Bolsa),1349.69721,505604.26814009703,777852.7202094293,715624.5025926749,-62228.21761675435,62228.21761675435,8.000000000000002
2026-10-28,28,2026-10-01,True,CARIBE_MAR,34849410.65,449899.07,196034453.26,127422394.62,374.6057,382414.21,67484.86,85.0,15.0,Cubierta (85.0% Contratos / 15.0% Bolsa),1349.69721,505604.26814009703,777852.7202094293,715624.5025926749,-62228.21761675435,62228.21761675435,8.000000000000002
2026-10-28,28,2026-10-01,True,CARIBE_SOL,27408799.22,449899.07,196034453.26,127422394.62,374.6057,382414.21,67484.86,85.0,15.0,Cubierta (85.0% Contratos / 15.0% Bolsa),1349.69721,505604.26814009703,777852.7202094293,715624.5025926749,-62228.21761675435,62228.21761675435,8.000000000000002
2026-10-28,28,2026-10-01,True,VALLE,22358679.51,449899.07,196034453.26,127422394.62,374.6057,382414.21,67484.86,85.0,15.0,Cubierta (85.0% Contratos / 15.0% Bolsa),1349.69721,505604.26814009703,777852.7202094293,715624.5025926749,-62228.21761675435,62228.21761675435,8.000000000000002
2026-10-28,28,2026-10-01,True,SANTANDER,17157588.8,449899.07,196034453.26,127422394.62,374.6057,382414.21,67484.86,85.0,15.0,Cubierta (85.0% Contratos / 15.0% Bolsa),1349.69721,505604.26814009703,777852.7202094293,715624.5025926749,-62228.21761675435,62228.21761675435,8.000000000000002
2026-10-28,28,2026-10-01,True,CUNDINAMARCA,11032356.38,449899.07,196034453.26,127422394.62,374.6057,382414.21,67484.86,85.0,15.0,Cubierta (85.0% Contratos / 15.0% Bolsa),1349.69721,505604.26814009703,777852.7202094293,715624.5025926749,-62228.21761675435,62228.21761675435,8.000000000000002
2026-10-28,28,2026-10-01,True,TOLIMA,9325088.22,449899.07,196034453.26,127422394.62,374.6057,382414.21,67484.86,85.0,15.0,Cubierta (85.0% Contratos / 15.0% Bolsa),1349.69721,505604.26814009703,777852.7202094293,715624.5025926749,-62228.21761675435,62228.21761675435,8.000000000000002
2026-10-29,29,2026-10-01,True,ANTIOQUIA,30762934.12,447929.26625,195176150.96,126864498.12,374.2975,380739.88,67189.39,85.0,15.0,Cubierta (85.0% Contratos / 15.0% Bolsa),1343.78779875,502976.41360262816,773809.8671053642,711905.0777369351,-61904.789368429105,61904.789368429105,7.9999999999999964
2026-10-29,29,2026-10-01,True,BOGOTA,42779738.82,447929.26625,195176150.96,126864498.12,374.2975,380739.88,67189.39,85.0,15.0,Cubierta (85.0% Contratos / 15.0% Bolsa),1343.78779875,502976.41360262816,773809.8671053642,711905.0777369351,-61904.789368429105,61904.789368429105,7.9999999999999964
2026-10-29,29,2026-10-01,True,CARIBE_MAR,34704181.18,447929.26625,195176150.96,126864498.12,374.2975,380739.88,67189.39,85.0,15.0,Cubierta (85.0% Contratos / 15.0% Bolsa),1343.78779875,502976.41360262816,773809.8671053642,711905.0777369351,-61904.789368429105,61904.789368429105,7.9999999999999964
2026-10-29,29,2026-10-01,True,CARIBE_SOL,27359150.08,447929.26625,195176150.96,126864498.12,374.2975,380739.88,67189.39,85.0,15.0,Cubierta (85.0% Contratos / 15.0% Bolsa),1343.78779875,502976.41360262816,773809.8671053642,711905.0777369351,-61904.789368429105,61904.789368429105,7.9999999999999964
2026-10-29,29,2026-10-01,True,VALLE,22140982.88,447929.26625,195176150.96,126864498.12,374.2975,380739.88,67189.39,85.0,15.0,Cubierta (85.0% Contratos / 15.0% Bolsa),1343.78779875,502976.41360262816,773809.8671053642,711905.0777369351,-61904.789368429105,61904.789368429105,7.9999999999999964
2026-10-29,29,2026-10-01,True,SANTANDER,17140735.91,447929.26625,195176150.96,126864498.12,374.2975,380739.88,67189.39,85.0,15.0,Cubierta (85.0% Contratos / 15.0% Bolsa),1343.78779875,502976.41360262816,773809.8671053642,711905.0777369351,-61904.789368429105,61904.789368429105,7.9999999999999964
2026-10-29,29,2026-10-01,True,CUNDINAMARCA,11017022.39,447929.26625,195176150.96,126864498.12,374.2975,380739.88,67189.39,85.0,15.0,Cubierta (85.0% Contratos / 15.0% Bolsa),1343.78779875,502976.41360262816,773809.8671053642,711905.0777369351,-61904.789368429105,61904.789368429105,7.9999999999999964
2026-10-29,29,2026-10-01,True,TOLIMA,9271405.58,447929.26625,195176150.96,126864498.12,374.2975,380739.88,67189.39,85.0,15.0,Cubierta (85.0% Contratos / 15.0% Bolsa),1343.78779875,502976.41360262816,773809.8671053642,711905.0777369351,-61904.789368429105,61904.789368429105,7.9999999999999964
2026-10-30,30,2026-10-01,True,ANTIOQUIA,30752807.96,447542.3925,195007578.26,126754925.87,373.9454,380411.03,67131.36,85.0,15.0,Cubierta (85.0% Contratos / 15.0% Bolsa),1342.6271775,502069.2569411085,772414.2414417655,710621.1021264242,-61793.13931534125,61793.13931534125,8.000000000000002
2026-10-30,30,2026-10-01,True,BOGOTA,43264728.21,447542.3925,195007578.26,126754925.87,373.9454,380411.03,67131.36,85.0,15.0,Cubierta (85.0% Contratos / 15.0% Bolsa),1342.6271775,502069.2569411085,772414.2414417655,710621.1021264242,-61793.13931534125,61793.13931534125,8.000000000000002
2026-10-30,30,2026-10-01,True,CARIBE_MAR,34371397.51,447542.3925,195007578.26,126754925.87,373.9454,380411.03,67131.36,85.0,15.0,Cubierta (85.0% Contratos / 15.0% Bolsa),1342.6271775,502069.2569411085,772414.2414417655,710621.1021264242,-61793.13931534125,61793.13931534125,8.000000000000002
2026-10-30,30,2026-10-01,True,CARIBE_SOL,26820643.29,447542.3925,195007578.26,126754925.87,373.9454,380411.03,67131.36,85.0,15.0,Cubierta (85.0% Contratos / 15.0% Bolsa),1342.6271775,502069.2569411085,772414.2414417655,710621.1021264242,-61793.13931534125,61793.13931534125,8.000000000000002
2026-10-30,30,2026-10-01,True,VALLE,22042761.81,447542.3925,195007578.26,126754925.87,373.9454,380411.03,67131.36,85.0,15.0,Cubierta (85.0% Contratos / 15.0% Bolsa),1342.6271775,502069.2569411085,772414.2414417655,710621.1021264242,-61793.13931534125,61793.13931534125,8.000000000000002
2026-10-30,30,2026-10-01,True,SANTANDER,17382560.52,447542.3925,195007578.26,126754925.87,373.9454,380411.03,67131.36,85.0,15.0,Cubierta (85.0% Contratos / 15.0% Bolsa),1342.6271775,502069.2569411085,772414.2414417655,710621.1021264242,-61793.13931534125,61793.13931534125,8.000000000000002
2026-10-30,30,2026-10-01,True,CUNDINAMARCA,11183651.76,447542.3925,195007578.26,126754925.87,373.9454,380411.03,67131.36,85.0,15.0,Cubierta (85.0% Contratos / 15.0% Bolsa),1342.6271775,502069.2569411085,772414.2414417655,710621.1021264242,-61793.13931534125,61793.13931534125,8.000000000000002
2026-10-30,30,2026-10-01,True,TOLIMA,9189027.2,447542.3925,195007578.26,126754925.87,373.9454,380411.03,67131.36,85.0,15.0,Cubierta (85.0% Contratos / 15.0% Bolsa),1342.6271775,502069.2569411085,772414.2414417655,710621.1021264242,-61793.13931534125,61793.13931534125,8.000000000000002
2026-10-31,31,2026-10-01,True,ANTIOQUIA,25931782.11,318767.93375,164737950.53,107079667.84,373.5597,270952.74,47815.19,85.0,15.0,Cubierta (85.0% Contratos / 15.0% Bolsa),956.3038012500001,357236.5611038097,549594.7094135731,505627.1326604873,-43967.57675308583,43967.57675308583,7.9999999999999964
2026-10-31,31,2026-10-01,True,BOGOTA,36098117.84,318767.93375,164737950.53,107079667.84,373.5597,270952.74,47815.19,85.0,15.0,Cubierta (85.0% Contratos / 15.0% Bolsa),956.3038012500001,357236.5611038097,549594.7094135731,505627.1326604873,-43967.57675308583,43967.57675308583,7.9999999999999964
2026-10-31,31,2026-10-01,True,CARIBE_MAR,29227196.46,318767.93375,164737950.53,107079667.84,373.5597,270952.74,47815.19,85.0,15.0,Cubierta (85.0% Contratos / 15.0% Bolsa),956.3038012500001,357236.5611038097,549594.7094135731,505627.1326604873,-43967.57675308583,43967.57675308583,7.9999999999999964
2026-10-31,31,2026-10-01,True,CARIBE_SOL,22900937.07,318767.93375,164737950.53,107079667.84,373.5597,270952.74,47815.19,85.0,15.0,Cubierta (85.0% Contratos / 15.0% Bolsa),956.3038012500001,357236.5611038097,549594.7094135731,505627.1326604873,-43967.57675308583,43967.57675308583,7.9999999999999964
2026-10-31,31,2026-10-01,True,VALLE,18803818.6,318767.93375,164737950.53,107079667.84,373.5597,270952.74,47815.19,85.0,15.0,Cubierta (85.0% Contratos / 15.0% Bolsa),956.3038012500001,357236.5611038097,549594.7094135731,505627.1326604873,-43967.57675308583,43967.57675308583,7.9999999999999964
2026-10-31,31,2026-10-01,True,SANTANDER,14499061.87,318767.93375,164737950.53,107079667.84,373.5597,270952.74,47815.19,85.0,15.0,Cubierta (85.0% Contratos / 15.0% Bolsa),956.3038012500001,357236.5611038097,549594.7094135731,505627.1326604873,-43967.57675308583,43967.57675308583,7.9999999999999964
2026-10-31,31,2026-10-01,True,CUNDINAMARCA,9506429.5,318767.93375,164737950.53,107079667.84,373.5597,270952.74,47815.19,85.0,15.0,Cubierta (85.0% Contratos / 15.0% Bolsa),956.3038012500001,357236.5611038097,549594.7094135731,505627.1326604873,-43967.57675308583,43967.57675308583,7.9999999999999964
2026-10-31,31,2026-10-01,True,TOLIMA,7770607.08,318767.93375,164737950.53,107079667.84,373.5597,270952.74,47815.19,85.0,15.0,Cubierta (85.0% Contratos / 15.0% Bolsa),956.3038012500001,357236.5611038097,549594.7094135731,505627.1326604873,-43967.57675308583,43967.57675308583,7.9999999999999964
2026-11-01,1,2026-11-01,True,ANTIOQUIA,25782564.94,317737.01375,164205175.15,106733363.85,373.1514,270076.46,47660.55,85.0,15.0,Cubierta (85.0% Contratos / 15.0% Bolsa),953.21104125,355692.0345378953,547218.5146608676,503441.03348799824,-43777.48117286939,43777.48117286939,7.9999999999999964
2026-11-01,1,2026-11-01,True,BOGOTA,36781957.4,317737.01375,164205175.15,106733363.85,373.1514,270076.46,47660.55,85.0,15.0,Cubierta (85.0% Contratos / 15.0% Bolsa),953.21104125,355692.0345378953,547218.5146608676,503441.03348799824,-43777.48117286939,43777.48117286939,7.9999999999999964
2026-11-01,1,2026-11-01,True,CARIBE_MAR,28861772.5,317737.01375,164205175.15,106733363.85,373.1514,270076.46,47660.55,85.0,15.0,Cubierta (85.0% Contratos / 15.0% Bolsa),953.21104125,355692.0345378953,547218.5146608676,503441.03348799824,-43777.48117286939,43777.48117286939,7.9999999999999964
2026-11-01,1,2026-11-01,True,CARIBE_SOL,22353465.06,317737.01375,164205175.15,106733363.85,373.1514,270076.46,47660.55,85.0,15.0,Cubierta (85.0% Contratos / 15.0% Bolsa),953.21104125,355692.0345378953,547218.5146608676,503441.03348799824,-43777.48117286939,43777.48117286939,7.9999999999999964
2026-11-01,1,2026-11-01,True,VALLE,18565666.52,317737.01375,164205175.15,106733363.85,373.1514,270076.46,47660.55,85.0,15.0,Cubierta (85.0% Contratos / 15.0% Bolsa),953.21104125,355692.0345378953,547218.5146608676,503441.03348799824,-43777.48117286939,43777.48117286939,7.9999999999999964
2026-11-01,1,2026-11-01,True,SANTANDER,14747384.41,317737.01375,164205175.15,106733363.85,373.1514,270076.46,47660.55,85.0,15.0,Cubierta (85.0% Contratos / 15.0% Bolsa),953.21104125,355692.0345378953,547218.5146608676,503441.03348799824,-43777.48117286939,43777.48117286939,7.9999999999999964
2026-11-01,1,2026-11-01,True,CUNDINAMARCA,9351052.6,317737.01375,164205175.15,106733363.85,373.1514,270076.46,47660.55,85.0,15.0,Cubierta (85.0% Contratos / 15.0% Bolsa),953.21104125,355692.0345378953,547218.5146608676,503441.03348799824,-43777.48117286939,43777.48117286939,7.9999999999999964
2026-11-01,1,2026-11-01,True,TOLIMA,7761311.72,317737.01375,164205175.15,106733363.85,373.1514,270076.46,47660.55,85.0,15.0,Cubierta (85.0% Contratos / 15.0% Bolsa),953.21104125,355692.0345378953,547218.5146608676,503441.03348799824,-43777.48117286939,43777.48117286939,7.9999999999999964
2026-11-02,2,2026-11-01,True,ANTIOQUIA,30387512.56,445365.06,194058849.48000002,126138252.16,372.7317,378560.3,66804.76,85.0,15.0,Cubierta (85.0% Contratos / 15.0% Bolsa),1336.09518,498005.027803206,766161.5812478495,704868.6547480216,-61292.92649982788,61292.92649982788,7.999999999999989
2026-11-02,2,2026-11-01,True,BOGOTA,42501800.0,445365.06,194058849.48000002,126138252.16,372.7317,378560.3,66804.76,85.0,15.0,Cubierta (85.0% Contratos / 15.0% Bolsa),1336.09518,498005.027803206,766161.5812478495,704868.6547480216,-61292.92649982788,61292.92649982788,7.999999999999989
2026-11-02,2,2026-11-01,True,CARIBE_MAR,34464503.47,445365.06,194058849.48000002,126138252.16,372.7317,378560.3,66804.76,85.0,15.0,Cubierta (85.0% Contratos / 15.0% Bolsa),1336.09518,498005.027803206,766161.5812478495,704868.6547480216,-61292.92649982788,61292.92649982788,7.999999999999989
2026-11-02,2,2026-11-01,True,CARIBE_SOL,26859118.0,445365.06,194058849.48000002,126138252.16,372.7317,378560.3,66804.76,85.0,15.0,Cubierta (85.0% Contratos / 15.0% Bolsa),1336.09518,498005.027803206,766161.5812478495,704868.6547480216,-61292.92649982788,61292.92649982788,7.999999999999989
2026-11-02,2,2026-11-01,True,VALLE,22113773.49,445365.06,194058849.48000002,126138252.16,372.7317,378560.3,66804.76,85.0,15.0,Cubierta (85.0% Contratos / 15.0% Bolsa),1336.09518,498005.027803206,766161.5812478495,704868.6547480216,-61292.92649982788,61292.92649982788,7.999999999999989
2026-11-02,2,2026-11-01,True,SANTANDER,17370006.61,445365.06,194058849.48000002,126138252.16,372.7317,378560.3,66804.76,85.0,15.0,Cubierta (85.0% Contratos / 15.0% Bolsa),1336.09518,498005.027803206,766161.5812478495,704868.6547480216,-61292.92649982788,61292.92649982788,7.999999999999989
2026-11-02,2,2026-11-01,True,CUNDINAMARCA,11093510.33,445365.06,194058849.48000002,126138252.16,372.7317,378560.3,66804.76,85.0,15.0,Cubierta (85.0% Contratos / 15.0% Bolsa),1336.09518,498005.027803206,766161.5812478495,704868.6547480216,-61292.92649982788,61292.92649982788,7.999999999999989
2026-11-02,2,2026-11-01,True,TOLIMA,9268625.02,445365.06,194058849.48000002,126138252.16,372.7317,378560.3,66804.76,85.0,15.0,Cubierta (85.0% Contratos / 15.0% Bolsa),1336.09518,498005.027803206,766161.5812478495,704868.6547480216,-61292.92649982788,61292.92649982788,7.999999999999989
2026-11-03,3,2026-11-01,True,ANTIOQUIA,30965774.56,447937.57625,195179771.54000002,126866851.5,372.3124,380746.94,67190.64,85.0,15.0,Cubierta (85.0% Contratos / 15.0% Bolsa),1343.81272875,500318.1421914615,769720.2187621619,708142.601261189,-61577.617500972934,61577.617500972934,7.999999999999997
2026-11-03,3,2026-11-01,True,BOGOTA,42606708.34,447937.57625,195179771.54000002,126866851.5,372.3124,380746.94,67190.64,85.0,15.0,Cubierta (85.0% Contratos / 15.0% Bolsa),1343.81272875,500318.1421914615,769720.2187621619,708142.601261189,-61577.617500972934,61577.617500972934,7.999999999999997
2026-11-03,3,2026-11-01,True,CARIBE_MAR,34429198.73,447937.57625,195179771.54000002,126866851.5,372.3124,380746.94,67190.64,85.0,15.0,Cubierta (85.0% Contratos / 15.0% Bolsa),1343.81272875,500318.1421914615,769720.2187621619,708142.601261189,-61577.617500972934,61577.617500972934,7.999999999999997
2026-11-03,3,2026-11-01,True,CARIBE_SOL,27310769.44,447937.57625,195179771.54000002,126866851.5,372.3124,380746.94,67190.64,85.0,15.0,Cubierta (85.0% Contratos / 15.0% Bolsa),1343.81272875,500318.1421914615,769720.2187621619,708142.601261189,-61577.617500972934,61577.617500972934,7.999999999999997
2026-11-03,3,2026-11-01,True,VALLE,22148065.68,447937.57625,195179771.54000002,126866851.5,372.3124,380746.94,67190.64,85.0,15.0,Cubierta (85.0% Contratos / 15.0% Bolsa),1343.81272875,500318.1421914615,769720.2187621619,708142.601261189,-61577.617500972934,61577.617500972934,7.999999999999997
2026-11-03,3,2026-11-01,True,SANTANDER,17298933.97,447937.57625,195179771.54000002,126866851.5,372.3124,380746.94,67190.64,85.0,15.0,Cubierta (85.0% Contratos / 15.0% Bolsa),1343.81272875,500318.1421914615,769720.2187621619,708142.601261189,-61577.617500972934,61577.617500972934,7.999999999999997
2026-11-03,3,2026-11-01,True,CUNDINAMARCA,11178560.05,447937.57625,195179771.54000002,126866851.5,372.3124,380746.94,67190.64,85.0,15.0,Cubierta (85.0% Contratos / 15.0% Bolsa),1343.81272875,500318.1421914615,769720.2187621619,708142.601261189,-61577.617500972934,61577.617500972934,7.999999999999997
2026-11-03,3,2026-11-01,True,TOLIMA,9241760.77,447937.57625,195179771.54000002,126866851.5,372.3124,380746.94,67190.64,85.0,15.0,Cubierta (85.0% Contratos / 15.0% Bolsa),1343.81272875,500318.1421914615,769720.2187621619,708142.601261189,-61577.617500972934,61577.617500972934,7.999999999999997
2026-11-04,4,2026-11-01,True,ANTIOQUIA,30490351.93,446488.5525,194548388.81,126456452.73,371.905,379515.27,66973.28,85.0,15.0,Cubierta (85.0% Contratos / 15.0% Bolsa),1339.4656575,498153.9753525374,766390.7312903843,705079.4727871536,-61311.258503230754,61311.258503230754,8.000000000000002
2026-11-04,4,2026-11-01,True,BOGOTA,42800916.12,446488.5525,194548388.81,126456452.73,371.905,379515.27,66973.28,85.0,15.0,Cubierta (85.0% Contratos / 15.0% Bolsa),1339.4656575,498153.9753525374,766390.7312903843,705079.4727871536,-61311.258503230754,61311.258503230754,8.000000000000002
2026-11-04,4,2026-11-01,True,CARIBE_MAR,34598508.1,446488.5525,194548388.81,126456452.73,371.905,379515.27,66973.28,85.0,15.0,Cubierta (85.0% Contratos / 15.0% Bolsa),1339.4656575,498153.9753525374,766390.7312903843,705079.4727871536,-61311.258503230754,61311.258503230754,8.000000000000002
2026-11-04,4,2026-11-01,True,CARIBE_SOL,27174423.44,446488.5525,194548388.81,126456452.73,371.905,379515.27,66973.28,85.0,15.0,Cubierta (85.0% Contratos / 15.0% Bolsa),1339.4656575,498153.9753525374,766390.7312903843,705079.4727871536,-61311.258503230754,61311.258503230754,8.000000000000002
2026-11-04,4,2026-11-01,True,VALLE,21909267.73,446488.5525,194548388.81,126456452.73,371.905,379515.27,66973.28,85.0,15.0,Cubierta (85.0% Contratos / 15.0% Bolsa),1339.4656575,498153.9753525374,766390.7312903843,705079.4727871536,-61311.258503230754,61311.258503230754,8.000000000000002
2026-11-04,4,2026-11-01,True,SANTANDER,17326560.49,446488.5525,194548388.81,126456452.73,371.905,379515.27,66973.28,85.0,15.0,Cubierta (85.0% Contratos / 15.0% Bolsa),1339.4656575,498153.9753525374,766390.7312903843,705079.4727871536,-61311.258503230754,61311.258503230754,8.000000000000002
2026-11-04,4,2026-11-01,True,CUNDINAMARCA,11118381.02,446488.5525,194548388.81,126456452.73,371.905,379515.27,66973.28,85.0,15.0,Cubierta (85.0% Contratos / 15.0% Bolsa),1339.4656575,498153.9753525374,766390.7312903843,705079.4727871536,-61311.258503230754,61311.258503230754,8.000000000000002
2026-11-04,4,2026-11-01,True,TOLIMA,9129979.98,446488.5525,194548388.81,126456452.73,371.905,379515.27,66973.28,85.0,15.0,Cubierta (85.0% Contratos / 15.0% Bolsa),1339.4656575,498153.9753525374,766390.7312903843,705079.4727871536,-61311.258503230754,61311.258503230754,8.000000000000002
2026-11-05,5,2026-11-01,True,ANTIOQUIA,30832786.01,448002.38,195208008.75,126885205.69,371.5208,380802.02,67200.36,85.0,15.0,Cubierta (85.0% Contratos / 15.0% Bolsa),1344.00714,499326.60785851197,768194.7813056521,706739.1988012,-61455.58250445209,61455.58250445209,7.999999999999989
2026-11-05,5,2026-11-01,True,BOGOTA,42795941.72,448002.38,195208008.75,126885205.69,371.5208,380802.02,67200.36,85.0,15.0,Cubierta (85.0% Contratos / 15.0% Bolsa),1344.00714,499326.60785851197,768194.7813056521,706739.1988012,-61455.58250445209,61455.58250445209,7.999999999999989
2026-11-05,5,2026-11-01,True,CARIBE_MAR,34614231.79,448002.38,195208008.75,126885205.69,371.5208,380802.02,67200.36,85.0,15.0,Cubierta (85.0% Contratos / 15.0% Bolsa),1344.00714,499326.60785851197,768194.7813056521,706739.1988012,-61455.58250445209,61455.58250445209,7.999999999999989
2026-11-05,5,2026-11-01,True,CARIBE_SOL,26842051.79,448002.38,195208008.75,126885205.69,371.5208,380802.02,67200.36,85.0,15.0,Cubierta (85.0% Contratos / 15.0% Bolsa),1344.00714,499326.60785851197,768194.7813056521,706739.1988012,-61455.58250445209,61455.58250445209,7.999999999999989
2026-11-05,5,2026-11-01,True,VALLE,22484780.41,448002.38,195208008.75,126885205.69,371.5208,380802.02,67200.36,85.0,15.0,Cubierta (85.0% Contratos / 15.0% Bolsa),1344.00714,499326.60785851197,768194.7813056521,706739.1988012,-61455.58250445209,61455.58250445209,7.999999999999989
2026-11-05,5,2026-11-01,True,SANTANDER,17226920.97,448002.38,195208008.75,126885205.69,371.5208,380802.02,67200.36,85.0,15.0,Cubierta (85.0% Contratos / 15.0% Bolsa),1344.00714,499326.60785851197,768194.7813056521,706739.1988012,-61455.58250445209,61455.58250445209,7.999999999999989
2026-11-05,5,2026-11-01,True,CUNDINAMARCA,11128795.43,448002.38,195208008.75,126885205.69,371.5208,380802.02,67200.36,85.0,15.0,Cubierta (85.0% Contratos / 15.0% Bolsa),1344.00714,499326.60785851197,768194.7813056521,706739.1988012,-61455.58250445209,61455.58250445209,7.999999999999989
2026-11-05,5,2026-11-01,True,TOLIMA,9282500.63,448002.38,195208008.75,126885205.69,371.5208,380802.02,67200.36,85.0,15.0,Cubierta (85.0% Contratos / 15.0% Bolsa),1344.00714,499326.60785851197,768194.7813056521,706739.1988012,-61455.58250445209,61455.58250445209,7.999999999999989
2026-11-06,6,2026-11-01,True,ANTIOQUIA,31044651.75,447691.1275,195072386.95000002,126797051.52,371.1708,380537.46,67153.67,85.0,15.0,Cubierta (85.0% Contratos / 15.0% Bolsa),1343.0733825,498509.62184123095,766937.8797406188,705582.8493613693,-61355.03037924948,61355.03037924948,7.999999999999997
2026-11-06,6,2026-11-01,True,BOGOTA,42856761.89,447691.1275,195072386.95000002,126797051.52,371.1708,380537.46,67153.67,85.0,15.0,Cubierta (85.0% Contratos / 15.0% Bolsa),1343.0733825,498509.62184123095,766937.8797406188,705582.8493613693,-61355.03037924948,61355.03037924948,7.999999999999997
2026-11-06,6,2026-11-01,True,CARIBE_MAR,34196093.71,447691.1275,195072386.95000002,126797051.52,371.1708,380537.46,67153.67,85.0,15.0,Cubierta (85.0% Contratos / 15.0% Bolsa),1343.0733825,498509.62184123095,766937.8797406188,705582.8493613693,-61355.03037924948,61355.03037924948,7.999999999999997
2026-11-06,6,2026-11-01,True,CARIBE_SOL,27133969.4,447691.1275,195072386.95000002,126797051.52,371.1708,380537.46,67153.67,85.0,15.0,Cubierta (85.0% Contratos / 15.0% Bolsa),1343.0733825,498509.62184123095,766937.8797406188,705582.8493613693,-61355.03037924948,61355.03037924948,7.999999999999997
2026-11-06,6,2026-11-01,True,VALLE,22156900.86,447691.1275,195072386.95000002,126797051.52,371.1708,380537.46,67153.67,85.0,15.0,Cubierta (85.0% Contratos / 15.0% Bolsa),1343.0733825,498509.62184123095,766937.8797406188,705582.8493613693,-61355.03037924948,61355.03037924948,7.999999999999997
2026-11-06,6,2026-11-01,True,SANTANDER,17532009.35,447691.1275,195072386.95000002,126797051.52,371.1708,380537.46,67153.67,85.0,15.0,Cubierta (85.0% Contratos / 15.0% Bolsa),1343.0733825,498509.62184123095,766937.8797406188,705582.8493613693,-61355.03037924948,61355.03037924948,7.999999999999997
2026-11-06,6,2026-11-01,True,CUNDINAMARCA,11010113.77,447691.1275,195072386.95000002,126797051.52,371.1708,380537.46,67153.67,85.0,15.0,Cubierta (85.0% Contratos / 15.0% Bolsa),1343.0733825,498509.62184123095,766937.8797406188,705582.8493613693,-61355.03037924948,61355.03037924948,7.999999999999997
2026-11-06,6,2026-11-01,True,TOLIMA,9141886.22,447691.1275,195072386.95000002,126797051.52,371.1708,380537.46,67153.67,85.0,15.0,Cubierta (85.0% Contratos / 15.0% Bolsa),1343.0733825,498509.62184123095,766937.8797406188,705582.8493613693,-61355.03037924948,61355.03037924948,7.999999999999997
2026-11-07,7,2026-11-01,True,ANTIOQUIA,26135187.8,318372.02,164533343.58,106946673.33,370.8651,270616.22,47755.8,85.0,15.0,Cubierta (85.0% Contratos / 15.0% Bolsa),955.1160600000001,354219.213103506,544952.6355285689,501356.4246862834,-43596.21084228548,43596.21084228548,7.999999999999995
2026-11-07,7,2026-11-01,True,BOGOTA,36662718.0,318372.02,164533343.58,106946673.33,370.8651,270616.22,47755.8,85.0,15.0,Cubierta (85.0% Contratos / 15.0% Bolsa),955.1160600000001,354219.213103506,544952.6355285689,501356.4246862834,-43596.21084228548,43596.21084228548,7.999999999999995
2026-11-07,7,2026-11-01,True,CARIBE_MAR,28889778.1,318372.02,164533343.58,106946673.33,370.8651,270616.22,47755.8,85.0,15.0,Cubierta (85.0% Contratos / 15.0% Bolsa),955.1160600000001,354219.213103506,544952.6355285689,501356.4246862834,-43596.21084228548,43596.21084228548,7.999999999999995
2026-11-07,7,2026-11-01,True,CARIBE_SOL,22601345.73,318372.02,164533343.58,106946673.33,370.8651,270616.22,47755.8,85.0,15.0,Cubierta (85.0% Contratos / 15.0% Bolsa),955.1160600000001,354219.213103506,544952.6355285689,501356.4246862834,-43596.21084228548,43596.21084228548,7.999999999999995
2026-11-07,7,2026-11-01,True,VALLE,18695951.27,318372.02,164533343.58,106946673.33,370.8651,270616.22,47755.8,85.0,15.0,Cubierta (85.0% Contratos / 15.0% Bolsa),955.1160600000001,354219.213103506,544952.6355285689,501356.4246862834,-43596.21084228548,43596.21084228548,7.999999999999995
2026-11-07,7,2026-11-01,True,SANTANDER,14406740.65,318372.02,164533343.58,106946673.33,370.8651,270616.22,47755.8,85.0,15.0,Cubierta (85.0% Contratos / 15.0% Bolsa),955.1160600000001,354219.213103506,544952.6355285689,501356.4246862834,-43596.21084228548,43596.21084228548,7.999999999999995
2026-11-07,7,2026-11-01,True,CUNDINAMARCA,9352554.71,318372.02,164533343.58,106946673.33,370.8651,270616.22,47755.8,85.0,15.0,Cubierta (85.0% Contratos / 15.0% Bolsa),955.1160600000001,354219.213103506,544952.6355285689,501356.4246862834,-43596.21084228548,43596.21084228548,7.999999999999995
2026-11-07,7,2026-11-01,True,TOLIMA,7789067.32,318372.02,164533343.58,106946673.33,370.8651,270616.22,47755.8,85.0,15.0,Cubierta (85.0% Contratos / 15.0% Bolsa),955.1160600000001,354219.213103506,544952.6355285689,501356.4246862834,-43596.21084228548,43596.21084228548,7.999999999999995
2026-11-08,8,2026-11-01,True,ANTIOQUIA,26130963.4,319603.4275,165169730.05999997,107360324.54,370.6131,271662.91,47940.51,85.0,15.0,Cubierta (85.0% Contratos / 15.0% Bolsa),958.8102825,355347.6511092007,546688.6940090627,502953.5984883377,-43735.09552072501,43735.09552072501,7.999999999999999
2026-11-08,8,2026-11-01,True,BOGOTA,36183384.3,319603.4275,165169730.05999997,107360324.54,370.6131,271662.91,47940.51,85.0,15.0,Cubierta (85.0% Contratos / 15.0% Bolsa),958.8102825,355347.6511092007,546688.6940090627,502953.5984883377,-43735.09552072501,43735.09552072501,7.999999999999999
2026-11-08,8,2026-11-01,True,CARIBE_MAR,29099578.94,319603.4275,165169730.05999997,107360324.54,370.6131,271662.91,47940.51,85.0,15.0,Cubierta (85.0% Contratos / 15.0% Bolsa),958.8102825,355347.6511092007,546688.6940090627,502953.5984883377,-43735.09552072501,43735.09552072501,7.999999999999999
2026-11-08,8,2026-11-01,True,CARIBE_SOL,23142468.15,319603.4275,165169730.05999997,107360324.54,370.6131,271662.91,47940.51,85.0,15.0,Cubierta (85.0% Contratos / 15.0% Bolsa),958.8102825,355347.6511092007,546688.6940090627,502953.5984883377,-43735.09552072501,43735.09552072501,7.999999999999999
2026-11-08,8,2026-11-01,True,VALLE,18589960.33,319603.4275,165169730.05999997,107360324.54,370.6131,271662.91,47940.51,85.0,15.0,Cubierta (85.0% Contratos / 15.0% Bolsa),958.8102825,355347.6511092007,546688.6940090627,502953.5984883377,-43735.09552072501,43735.09552072501,7.999999999999999
2026-11-08,8,2026-11-01,True,SANTANDER,14628424.52,319603.4275,165169730.05999997,107360324.54,370.6131,271662.91,47940.51,85.0,15.0,Cubierta (85.0% Contratos / 15.0% Bolsa),958.8102825,355347.6511092007,546688.6940090627,502953.5984883377,-43735.09552072501,43735.09552072501,7.999999999999999
2026-11-08,8,2026-11-01,True,CUNDINAMARCA,9486074.91,319603.4275,165169730.05999997,107360324.54,370.6131,271662.91,47940.51,85.0,15.0,Cubierta (85.0% Contratos / 15.0% Bolsa),958.8102825,355347.6511092007,546688.6940090627,502953.5984883377,-43735.09552072501,43735.09552072501,7.999999999999999
2026-11-08,8,2026-11-01,True,TOLIMA,7908875.51,319603.4275,165169730.05999997,107360324.54,370.6131,271662.91,47940.51,85.0,15.0,Cubierta (85.0% Contratos / 15.0% Bolsa),958.8102825,355347.6511092007,546688.6940090627,502953.5984883377,-43735.09552072501,43735.09552072501,7.999999999999999
2026-11-09,9,2026-11-01,True,ANTIOQUIA,30877744.95,449157.225,195711209.31,127212286.05,370.4228,381783.64,67373.58,85.0,15.0,Cubierta (85.0% Contratos / 15.0% Bolsa),1347.471675,499134.23077419,767898.8165847316,706466.911257953,-61431.905326778535,61431.905326778535,8.000000000000002
2026-11-09,9,2026-11-01,True,BOGOTA,43144449.35,449157.225,195711209.31,127212286.05,370.4228,381783.64,67373.58,85.0,15.0,Cubierta (85.0% Contratos / 15.0% Bolsa),1347.471675,499134.23077419,767898.8165847316,706466.911257953,-61431.905326778535,61431.905326778535,8.000000000000002
2026-11-09,9,2026-11-01,True,CARIBE_MAR,34699111.6,449157.225,195711209.31,127212286.05,370.4228,381783.64,67373.58,85.0,15.0,Cubierta (85.0% Contratos / 15.0% Bolsa),1347.471675,499134.23077419,767898.8165847316,706466.911257953,-61431.905326778535,61431.905326778535,8.000000000000002
2026-11-09,9,2026-11-01,True,CARIBE_SOL,27347473.6,449157.225,195711209.31,127212286.05,370.4228,381783.64,67373.58,85.0,15.0,Cubierta (85.0% Contratos / 15.0% Bolsa),1347.471675,499134.23077419,767898.8165847316,706466.911257953,-61431.905326778535,61431.905326778535,8.000000000000002
2026-11-09,9,2026-11-01,True,VALLE,22123422.41,449157.225,195711209.31,127212286.05,370.4228,381783.64,67373.58,85.0,15.0,Cubierta (85.0% Contratos / 15.0% Bolsa),1347.471675,499134.23077419,767898.8165847316,706466.911257953,-61431.905326778535,61431.905326778535,8.000000000000002
2026-11-09,9,2026-11-01,True,SANTANDER,17146048.65,449157.225,195711209.31,127212286.05,370.4228,381783.64,67373.58,85.0,15.0,Cubierta (85.0% Contratos / 15.0% Bolsa),1347.471675,499134.23077419,767898.8165847316,706466.911257953,-61431.905326778535,61431.905326778535,8.000000000000002
2026-11-09,9,2026-11-01,True,CUNDINAMARCA,11212836.81,449157.225,195711209.31,127212286.05,370.4228,381783.64,67373.58,85.0,15.0,Cubierta (85.0% Contratos / 15.0% Bolsa),1347.471675,499134.23077419,767898.8165847316,706466.911257953,-61431.905326778535,61431.905326778535,8.000000000000002
2026-11-09,9,2026-11-01,True,TOLIMA,9160121.94,449157.225,195711209.31,127212286.05,370.4228,381783.64,67373.58,85.0,15.0,Cubierta (85.0% Contratos / 15.0% Bolsa),1347.471675,499134.23077419,767898.8165847316,706466.911257953,-61431.905326778535,61431.905326778535,8.000000000000002
2026-11-10,10,2026-11-01,True,ANTIOQUIA,31030363.27,450173.44875,196154008.0,127500105.2,370.3013,382647.43,67526.02,85.0,15.0,Cubierta (85.0% Contratos / 15.0% Bolsa),1350.5203462499999,500099.4398928251,769383.7536812694,707833.0533867679,-61550.7002945015,61550.7002945015,7.999999999999993
2026-11-10,10,2026-11-01,True,BOGOTA,43480796.53,450173.44875,196154008.0,127500105.2,370.3013,382647.43,67526.02,85.0,15.0,Cubierta (85.0% Contratos / 15.0% Bolsa),1350.5203462499999,500099.4398928251,769383.7536812694,707833.0533867679,-61550.7002945015,61550.7002945015,7.999999999999993
2026-11-10,10,2026-11-01,True,CARIBE_MAR,34428725.3,450173.44875,196154008.0,127500105.2,370.3013,382647.43,67526.02,85.0,15.0,Cubierta (85.0% Contratos / 15.0% Bolsa),1350.5203462499999,500099.4398928251,769383.7536812694,707833.0533867679,-61550.7002945015,61550.7002945015,7.999999999999993
2026-11-10,10,2026-11-01,True,CARIBE_SOL,27269171.38,450173.44875,196154008.0,127500105.2,370.3013,382647.43,67526.02,85.0,15.0,Cubierta (85.0% Contratos / 15.0% Bolsa),1350.5203462499999,500099.4398928251,769383.7536812694,707833.0533867679,-61550.7002945015,61550.7002945015,7.999999999999993
2026-11-10,10,2026-11-01,True,VALLE,22419864.19,450173.44875,196154008.0,127500105.2,370.3013,382647.43,67526.02,85.0,15.0,Cubierta (85.0% Contratos / 15.0% Bolsa),1350.5203462499999,500099.4398928251,769383.7536812694,707833.0533867679,-61550.7002945015,61550.7002945015,7.999999999999993
2026-11-10,10,2026-11-01,True,SANTANDER,17191961.27,450173.44875,196154008.0,127500105.2,370.3013,382647.43,67526.02,85.0,15.0,Cubierta (85.0% Contratos / 15.0% Bolsa),1350.5203462499999,500099.4398928251,769383.7536812694,707833.0533867679,-61550.7002945015,61550.7002945015,7.999999999999993
2026-11-10,10,2026-11-01,True,CUNDINAMARCA,11180322.42,450173.44875,196154008.0,127500105.2,370.3013,382647.43,67526.02,85.0,15.0,Cubierta (85.0% Contratos / 15.0% Bolsa),1350.5203462499999,500099.4398928251,769383.7536812694,707833.0533867679,-61550.7002945015,61550.7002945015,7.999999999999993
2026-11-10,10,2026-11-01,True,TOLIMA,9152803.64,450173.44875,196154008.0,127500105.2,370.3013,382647.43,67526.02,85.0,15.0,Cubierta (85.0% Contratos / 15.0% Bolsa),1350.5203462499999,500099.4398928251,769383.7536812694,707833.0533867679,-61550.7002945015,61550.7002945015,7.999999999999993
2026-11-11,11,2026-11-01,True,ANTIOQUIA,30994611.86,450071.1925,196109452.14000005,127471143.89,370.2541,382560.51,67510.68,85.0,15.0,Cubierta (85.0% Contratos / 15.0% Bolsa),1350.2135775,499922.1129450427,769110.9429984073,707582.0675585348,-61528.8754398725,61528.8754398725,7.999999999999989
2026-11-11,11,2026-11-01,True,BOGOTA,43553950.0,450071.1925,196109452.14000005,127471143.89,370.2541,382560.51,67510.68,85.0,15.0,Cubierta (85.0% Contratos / 15.0% Bolsa),1350.2135775,499922.1129450427,769110.9429984073,707582.0675585348,-61528.8754398725,61528.8754398725,7.999999999999989
2026-11-11,11,2026-11-01,True,CARIBE_MAR,34457978.67,450071.1925,196109452.14000005,127471143.89,370.2541,382560.51,67510.68,85.0,15.0,Cubierta (85.0% Contratos / 15.0% Bolsa),1350.2135775,499922.1129450427,769110.9429984073,707582.0675585348,-61528.8754398725,61528.8754398725,7.999999999999989
2026-11-11,11,2026-11-01,True,CARIBE_SOL,27004786.46,450071.1925,196109452.14000005,127471143.89,370.2541,382560.51,67510.68,85.0,15.0,Cubierta (85.0% Contratos / 15.0% Bolsa),1350.2135775,499922.1129450427,769110.9429984073,707582.0675585348,-61528.8754398725,61528.8754398725,7.999999999999989
2026-11-11,11,2026-11-01,True,VALLE,22193344.15,450071.1925,196109452.14000005,127471143.89,370.2541,382560.51,67510.68,85.0,15.0,Cubierta (85.0% Contratos / 15.0% Bolsa),1350.2135775,499922.1129450427,769110.9429984073,707582.0675585348,-61528.8754398725,61528.8754398725,7.999999999999989
2026-11-11,11,2026-11-01,True,SANTANDER,17482748.55,450071.1925,196109452.14000005,127471143.89,370.2541,382560.51,67510.68,85.0,15.0,Cubierta (85.0% Contratos / 15.0% Bolsa),1350.2135775,499922.1129450427,769110.9429984073,707582.0675585348,-61528.8754398725,61528.8754398725,7.999999999999989
2026-11-11,11,2026-11-01,True,CUNDINAMARCA,11185842.96,450071.1925,196109452.14000005,127471143.89,370.2541,382560.51,67510.68,85.0,15.0,Cubierta (85.0% Contratos / 15.0% Bolsa),1350.2135775,499922.1129450427,769110.9429984073,707582.0675585348,-61528.8754398725,61528.8754398725,7.999999999999989
2026-11-11,11,2026-11-01,True,TOLIMA,9236189.49,450071.1925,196109452.14000005,127471143.89,370.2541,382560.51,67510.68,85.0,15.0,Cubierta (85.0% Contratos / 15.0% Bolsa),1350.2135775,499922.1129450427,769110.9429984073,707582.0675585348,-61528.8754398725,61528.8754398725,7.999999999999989
2026-11-12,12,2026-11-01,True,ANTIOQUIA,30975284.04,450077.6075,196112247.13,127472960.63,370.2852,382565.97,67511.64,85.0,15.0,Cubierta (85.0% Contratos / 15.0% Bolsa),1350.2328224999999,499971.23072597693,769186.5088363488,707651.5881294409,-61534.92070690787,61534.92070690787,7.9999999999999964
2026-11-12,12,2026-11-01,True,BOGOTA,43257471.44,450077.6075,196112247.13,127472960.63,370.2852,382565.97,67511.64,85.0,15.0,Cubierta (85.0% Contratos / 15.0% Bolsa),1350.2328224999999,499971.23072597693,769186.5088363488,707651.5881294409,-61534.92070690787,61534.92070690787,7.9999999999999964
2026-11-12,12,2026-11-01,True,CARIBE_MAR,34851503.14,450077.6075,196112247.13,127472960.63,370.2852,382565.97,67511.64,85.0,15.0,Cubierta (85.0% Contratos / 15.0% Bolsa),1350.2328224999999,499971.23072597693,769186.5088363488,707651.5881294409,-61534.92070690787,61534.92070690787,7.9999999999999964
2026-11-12,12,2026-11-01,True,CARIBE_SOL,26731630.87,450077.6075,196112247.13,127472960.63,370.2852,382565.97,67511.64,85.0,15.0,Cubierta (85.0% Contratos / 15.0% Bolsa),1350.2328224999999,499971.23072597693,769186.5088363488,707651.5881294409,-61534.92070690787,61534.92070690787,7.9999999999999964
2026-11-12,12,2026-11-01,True,VALLE,22505700.21,450077.6075,196112247.13,127472960.63,370.2852,382565.97,67511.64,85.0,15.0,Cubierta (85.0% Contratos / 15.0% Bolsa),1350.2328224999999,499971.23072597693,769186.5088363488,707651.5881294409,-61534.92070690787,61534.92070690787,7.9999999999999964
2026-11-12,12,2026-11-01,True,SANTANDER,17288207.96,450077.6075,196112247.13,127472960.63,370.2852,382565.97,67511.64,85.0,15.0,Cubierta (85.0% Contratos / 15.0% Bolsa),1350.2328224999999,499971.23072597693,769186.5088363488,707651.5881294409,-61534.92070690787,61534.92070690787,7.9999999999999964
2026-11-12,12,2026-11-01,True,CUNDINAMARCA,11204670.49,450077.6075,196112247.13,127472960.63,370.2852,382565.97,67511.64,85.0,15.0,Cubierta (85.0% Contratos / 15.0% Bolsa),1350.2328224999999,499971.23072597693,769186.5088363488,707651.5881294409,-61534.92070690787,61534.92070690787,7.9999999999999964
2026-11-12,12,2026-11-01,True,TOLIMA,9297778.98,450077.6075,196112247.13,127472960.63,370.2852,382565.97,67511.64,85.0,15.0,Cubierta (85.0% Contratos / 15.0% Bolsa),1350.2328224999999,499971.23072597693,769186.5088363488,707651.5881294409,-61534.92070690787,61534.92070690787,7.9999999999999964
2026-11-13,13,2026-11-01,True,ANTIOQUIA,30906327.83,448249.90625,195315863.14,126955311.04,370.3969,381012.42,67237.49,85.0,15.0,Cubierta (85.0% Contratos / 15.0% Bolsa),1344.74971875,498091.12710087193,766294.0416996849,704990.5183637101,-61303.52333597478,61303.52333597478,7.999999999999999
2026-11-13,13,2026-11-01,True,BOGOTA,42831350.46,448249.90625,195315863.14,126955311.04,370.3969,381012.42,67237.49,85.0,15.0,Cubierta (85.0% Contratos / 15.0% Bolsa),1344.74971875,498091.12710087193,766294.0416996849,704990.5183637101,-61303.52333597478,61303.52333597478,7.999999999999999
2026-11-13,13,2026-11-01,True,CARIBE_MAR,34323283.3,448249.90625,195315863.14,126955311.04,370.3969,381012.42,67237.49,85.0,15.0,Cubierta (85.0% Contratos / 15.0% Bolsa),1344.74971875,498091.12710087193,766294.0416996849,704990.5183637101,-61303.52333597478,61303.52333597478,7.999999999999999
2026-11-13,13,2026-11-01,True,CARIBE_SOL,27406311.63,448249.90625,195315863.14,126955311.04,370.3969,381012.42,67237.49,85.0,15.0,Cubierta (85.0% Contratos / 15.0% Bolsa),1344.74971875,498091.12710087193,766294.0416996849,704990.5183637101,-61303.52333597478,61303.52333597478,7.999999999999999
2026-11-13,13,2026-11-01,True,VALLE,22154849.3,448249.90625,195315863.14,126955311.04,370.3969,381012.42,67237.49,85.0,15.0,Cubierta (85.0% Contratos / 15.0% Bolsa),1344.74971875,498091.12710087193,766294.0416996849,704990.5183637101,-61303.52333597478,61303.52333597478,7.999999999999999
2026-11-13,13,2026-11-01,True,SANTANDER,17005410.26,448249.90625,195315863.14,126955311.04,370.3969,381012.42,67237.49,85.0,15.0,Cubierta (85.0% Contratos / 15.0% Bolsa),1344.74971875,498091.12710087193,766294.0416996849,704990.5183637101,-61303.52333597478,61303.52333597478,7.999999999999999
2026-11-13,13,2026-11-01,True,CUNDINAMARCA,11314121.38,448249.90625,195315863.14,126955311.04,370.3969,381012.42,67237.49,85.0,15.0,Cubierta (85.0% Contratos / 15.0% Bolsa),1344.74971875,498091.12710087193,766294.0416996849,704990.5183637101,-61303.52333597478,61303.52333597478,7.999999999999999
2026-11-13,13,2026-11-01,True,TOLIMA,9374208.98,448249.90625,195315863.14,126955311.04,370.3969,381012.42,67237.49,85.0,15.0,Cubierta (85.0% Contratos / 15.0% Bolsa),1344.74971875,498091.12710087193,766294.0416996849,704990.5183637101,-61303.52333597478,61303.52333597478,7.999999999999999
2026-11-14,14,2026-11-01,True,ANTIOQUIA,26048083.72,318708.375,164707170.86,107059661.06,370.5902,270902.12,47806.26,85.0,15.0,Cubierta (85.0% Contratos / 15.0% Bolsa),956.125125,354330.601298775,545124.0019930237,501514.0818335818,-43609.920159441885,43609.920159441885,7.999999999999999
2026-11-14,14,2026-11-01,True,BOGOTA,36406080.4,318708.375,164707170.86,107059661.06,370.5902,270902.12,47806.26,85.0,15.0,Cubierta (85.0% Contratos / 15.0% Bolsa),956.125125,354330.601298775,545124.0019930237,501514.0818335818,-43609.920159441885,43609.920159441885,7.999999999999999
2026-11-14,14,2026-11-01,True,CARIBE_MAR,28654744.87,318708.375,164707170.86,107059661.06,370.5902,270902.12,47806.26,85.0,15.0,Cubierta (85.0% Contratos / 15.0% Bolsa),956.125125,354330.601298775,545124.0019930237,501514.0818335818,-43609.920159441885,43609.920159441885,7.999999999999999
2026-11-14,14,2026-11-01,True,CARIBE_SOL,22819136.38,318708.375,164707170.86,107059661.06,370.5902,270902.12,47806.26,85.0,15.0,Cubierta (85.0% Contratos / 15.0% Bolsa),956.125125,354330.601298775,545124.0019930237,501514.0818335818,-43609.920159441885,43609.920159441885,7.999999999999999
2026-11-14,14,2026-11-01,True,VALLE,18832615.09,318708.375,164707170.86,107059661.06,370.5902,270902.12,47806.26,85.0,15.0,Cubierta (85.0% Contratos / 15.0% Bolsa),956.125125,354330.601298775,545124.0019930237,501514.0818335818,-43609.920159441885,43609.920159441885,7.999999999999999
2026-11-14,14,2026-11-01,True,SANTANDER,14587341.51,318708.375,164707170.86,107059661.06,370.5902,270902.12,47806.26,85.0,15.0,Cubierta (85.0% Contratos / 15.0% Bolsa),956.125125,354330.601298775,545124.0019930237,501514.0818335818,-43609.920159441885,43609.920159441885,7.999999999999999
2026-11-14,14,2026-11-01,True,CUNDINAMARCA,9547503.9,318708.375,164707170.86,107059661.06,370.5902,270902.12,47806.26,85.0,15.0,Cubierta (85.0% Contratos / 15.0% Bolsa),956.125125,354330.601298775,545124.0019930237,501514.0818335818,-43609.920159441885,43609.920159441885,7.999999999999999
2026-11-14,14,2026-11-01,True,TOLIMA,7811664.99,318708.375,164707170.86,107059661.06,370.5902,270902.12,47806.26,85.0,15.0,Cubierta (85.0% Contratos / 15.0% Bolsa),956.125125,354330.601298775,545124.0019930237,501514.0818335818,-43609.920159441885,43609.920159441885,7.999999999999999
2026-11-15,15,2026-11-01,True,ANTIOQUIA,26017915.89,318865.65625,164788452.60000002,107112494.19,370.8641,271035.81,47829.85,85.0,15.0,Cubierta (85.0% Contratos / 15.0% Bolsa),956.59696875,354767.47387819685,545796.1136587645,502132.4245660634,-43663.689092701126,43663.689092701126,7.999999999999993
2026-11-15,15,2026-11-01,True,BOGOTA,36336832.42,318865.65625,164788452.60000002,107112494.19,370.8641,271035.81,47829.85,85.0,15.0,Cubierta (85.0% Contratos / 15.0% Bolsa),956.59696875,354767.47387819685,545796.1136587645,502132.4245660634,-43663.689092701126,43663.689092701126,7.999999999999993
2026-11-15,15,2026-11-01,True,CARIBE_MAR,29128202.58,318865.65625,164788452.60000002,107112494.19,370.8641,271035.81,47829.85,85.0,15.0,Cubierta (85.0% Contratos / 15.0% Bolsa),956.59696875,354767.47387819685,545796.1136587645,502132.4245660634,-43663.689092701126,43663.689092701126,7.999999999999993
2026-11-15,15,2026-11-01,True,CARIBE_SOL,22835879.64,318865.65625,164788452.60000002,107112494.19,370.8641,271035.81,47829.85,85.0,15.0,Cubierta (85.0% Contratos / 15.0% Bolsa),956.59696875,354767.47387819685,545796.1136587645,502132.4245660634,-43663.689092701126,43663.689092701126,7.999999999999993
2026-11-15,15,2026-11-01,True,VALLE,18746436.18,318865.65625,164788452.60000002,107112494.19,370.8641,271035.81,47829.85,85.0,15.0,Cubierta (85.0% Contratos / 15.0% Bolsa),956.59696875,354767.47387819685,545796.1136587645,502132.4245660634,-43663.689092701126,43663.689092701126,7.999999999999993
2026-11-15,15,2026-11-01,True,SANTANDER,14515294.21,318865.65625,164788452.60000002,107112494.19,370.8641,271035.81,47829.85,85.0,15.0,Cubierta (85.0% Contratos / 15.0% Bolsa),956.59696875,354767.47387819685,545796.1136587645,502132.4245660634,-43663.689092701126,43663.689092701126,7.999999999999993
2026-11-15,15,2026-11-01,True,CUNDINAMARCA,9443766.94,318865.65625,164788452.60000002,107112494.19,370.8641,271035.81,47829.85,85.0,15.0,Cubierta (85.0% Contratos / 15.0% Bolsa),956.59696875,354767.47387819685,545796.1136587645,502132.4245660634,-43663.689092701126,43663.689092701126,7.999999999999993
2026-11-15,15,2026-11-01,True,TOLIMA,7764124.74,318865.65625,164788452.60000002,107112494.19,370.8641,271035.81,47829.85,85.0,15.0,Cubierta (85.0% Contratos / 15.0% Bolsa),956.59696875,354767.47387819685,545796.1136587645,502132.4245660634,-43663.689092701126,43663.689092701126,7.999999999999993
2026-11-16,16,2026-11-01,True,ANTIOQUIA,31232024.37,452152.06875,197016152.12999997,128060498.88,371.2161,384329.26,67822.81,85.0,15.0,Cubierta (85.0% Contratos / 15.0% Bolsa),1356.45620625,503538.3827049206,774674.4349578689,712700.4801612394,-61973.95479662949,61973.95479662949,7.999999999999997
2026-11-16,16,2026-11-01,True,BOGOTA,43513320.23,452152.06875,197016152.12999997,128060498.88,371.2161,384329.26,67822.81,85.0,15.0,Cubierta (85.0% Contratos / 15.0% Bolsa),1356.45620625,503538.3827049206,774674.4349578689,712700.4801612394,-61973.95479662949,61973.95479662949,7.999999999999997
2026-11-16,16,2026-11-01,True,CARIBE_MAR,34816587.87,452152.06875,197016152.12999997,128060498.88,371.2161,384329.26,67822.81,85.0,15.0,Cubierta (85.0% Contratos / 15.0% Bolsa),1356.45620625,503538.3827049206,774674.4349578689,712700.4801612394,-61973.95479662949,61973.95479662949,7.999999999999997
2026-11-16,16,2026-11-01,True,CARIBE_SOL,27587916.57,452152.06875,197016152.12999997,128060498.88,371.2161,384329.26,67822.81,85.0,15.0,Cubierta (85.0% Contratos / 15.0% Bolsa),1356.45620625,503538.3827049206,774674.4349578689,712700.4801612394,-61973.95479662949,61973.95479662949,7.999999999999997
2026-11-16,16,2026-11-01,True,VALLE,22063078.67,452152.06875,197016152.12999997,128060498.88,371.2161,384329.26,67822.81,85.0,15.0,Cubierta (85.0% Contratos / 15.0% Bolsa),1356.45620625,503538.3827049206,774674.4349578689,712700.4801612394,-61973.95479662949,61973.95479662949,7.999999999999997
2026-11-16,16,2026-11-01,True,SANTANDER,17413344.58,452152.06875,197016152.12999997,128060498.88,371.2161,384329.26,67822.81,85.0,15.0,Cubierta (85.0% Contratos / 15.0% Bolsa),1356.45620625,503538.3827049206,774674.4349578689,712700.4801612394,-61973.95479662949,61973.95479662949,7.999999999999997
2026-11-16,16,2026-11-01,True,CUNDINAMARCA,11040730.66,452152.06875,197016152.12999997,128060498.88,371.2161,384329.26,67822.81,85.0,15.0,Cubierta (85.0% Contratos / 15.0% Bolsa),1356.45620625,503538.3827049206,774674.4349578689,712700.4801612394,-61973.95479662949,61973.95479662949,7.999999999999997
2026-11-16,16,2026-11-01,True,TOLIMA,9349149.18,452152.06875,197016152.12999997,128060498.88,371.2161,384329.26,67822.81,85.0,15.0,Cubierta (85.0% Contratos / 15.0% Bolsa),1356.45620625,503538.3827049206,774674.4349578689,712700.4801612394,-61973.95479662949,61973.95479662949,7.999999999999997
2026-11-17,17,2026-11-01,True,ANTIOQUIA,31574071.12,451809.66875,196866958.17000002,127963522.81,371.642,384038.22,67771.45,85.0,15.0,Cubierta (85.0% Contratos / 15.0% Bolsa),1355.4290062500002,503734.3467407625,774975.9180657398,712977.8446204807,-61998.07344525913,61998.07344525913,7.999999999999993
2026-11-17,17,2026-11-01,True,BOGOTA,43307229.82,451809.66875,196866958.17000002,127963522.81,371.642,384038.22,67771.45,85.0,15.0,Cubierta (85.0% Contratos / 15.0% Bolsa),1355.4290062500002,503734.3467407625,774975.9180657398,712977.8446204807,-61998.07344525913,61998.07344525913,7.999999999999993
2026-11-17,17,2026-11-01,True,CARIBE_MAR,34824631.9,451809.66875,196866958.17000002,127963522.81,371.642,384038.22,67771.45,85.0,15.0,Cubierta (85.0% Contratos / 15.0% Bolsa),1355.4290062500002,503734.3467407625,774975.9180657398,712977.8446204807,-61998.07344525913,61998.07344525913,7.999999999999993
2026-11-17,17,2026-11-01,True,CARIBE_SOL,27041536.02,451809.66875,196866958.17000002,127963522.81,371.642,384038.22,67771.45,85.0,15.0,Cubierta (85.0% Contratos / 15.0% Bolsa),1355.4290062500002,503734.3467407625,774975.9180657398,712977.8446204807,-61998.07344525913,61998.07344525913,7.999999999999993
2026-11-17,17,2026-11-01,True,VALLE,22176311.51,451809.66875,196866958.17000002,127963522.81,371.642,384038.22,67771.45,85.0,15.0,Cubierta (85.0% Contratos / 15.0% Bolsa),1355.4290062500002,503734.3467407625,774975.9180657398,712977.8446204807,-61998.07344525913,61998.07344525913,7.999999999999993
2026-11-17,17,2026-11-01,True,SANTANDER,17362384.43,451809.66875,196866958.17000002,127963522.81,371.642,384038.22,67771.45,85.0,15.0,Cubierta (85.0% Contratos / 15.0% Bolsa),1355.4290062500002,503734.3467407625,774975.9180657398,712977.8446204807,-61998.07344525913,61998.07344525913,7.999999999999993
2026-11-17,17,2026-11-01,True,CUNDINAMARCA,11218079.96,451809.66875,196866958.17000002,127963522.81,371.642,384038.22,67771.45,85.0,15.0,Cubierta (85.0% Contratos / 15.0% Bolsa),1355.4290062500002,503734.3467407625,774975.9180657398,712977.8446204807,-61998.07344525913,61998.07344525913,7.999999999999993
2026-11-17,17,2026-11-01,True,TOLIMA,9362713.41,451809.66875,196866958.17000002,127963522.81,371.642,384038.22,67771.45,85.0,15.0,Cubierta (85.0% Contratos / 15.0% Bolsa),1355.4290062500002,503734.3467407625,774975.9180657398,712977.8446204807,-61998.07344525913,61998.07344525913,7.999999999999993
2026-11-18,18,2026-11-01,True,ANTIOQUIA,31304795.69,451205.61,196603751.6,127792438.54,372.1363,383524.77,67680.84,85.0,15.0,Cubierta (85.0% Contratos / 15.0% Bolsa),1353.61683,503729.958733929,774969.1672829676,712971.6339003302,-61997.533382637426,61997.533382637426,8.000000000000004
2026-11-18,18,2026-11-01,True,BOGOTA,43755589.85,451205.61,196603751.6,127792438.54,372.1363,383524.77,67680.84,85.0,15.0,Cubierta (85.0% Contratos / 15.0% Bolsa),1353.61683,503729.958733929,774969.1672829676,712971.6339003302,-61997.533382637426,61997.533382637426,8.000000000000004
2026-11-18,18,2026-11-01,True,CARIBE_MAR,34371158.93,451205.61,196603751.6,127792438.54,372.1363,383524.77,67680.84,85.0,15.0,Cubierta (85.0% Contratos / 15.0% Bolsa),1353.61683,503729.958733929,774969.1672829676,712971.6339003302,-61997.533382637426,61997.533382637426,8.000000000000004
2026-11-18,18,2026-11-01,True,CARIBE_SOL,27154683.61,451205.61,196603751.6,127792438.54,372.1363,383524.77,67680.84,85.0,15.0,Cubierta (85.0% Contratos / 15.0% Bolsa),1353.61683,503729.958733929,774969.1672829676,712971.6339003302,-61997.533382637426,61997.533382637426,8.000000000000004
2026-11-18,18,2026-11-01,True,VALLE,22373292.89,451205.61,196603751.6,127792438.54,372.1363,383524.77,67680.84,85.0,15.0,Cubierta (85.0% Contratos / 15.0% Bolsa),1353.61683,503729.958733929,774969.1672829676,712971.6339003302,-61997.533382637426,61997.533382637426,8.000000000000004
2026-11-18,18,2026-11-01,True,SANTANDER,17247815.96,451205.61,196603751.6,127792438.54,372.1363,383524.77,67680.84,85.0,15.0,Cubierta (85.0% Contratos / 15.0% Bolsa),1353.61683,503729.958733929,774969.1672829676,712971.6339003302,-61997.533382637426,61997.533382637426,8.000000000000004
2026-11-18,18,2026-11-01,True,CUNDINAMARCA,11153074.87,451205.61,196603751.6,127792438.54,372.1363,383524.77,67680.84,85.0,15.0,Cubierta (85.0% Contratos / 15.0% Bolsa),1353.61683,503729.958733929,774969.1672829676,712971.6339003302,-61997.533382637426,61997.533382637426,8.000000000000004
2026-11-18,18,2026-11-01,True,TOLIMA,9243339.8,451205.61,196603751.6,127792438.54,372.1363,383524.77,67680.84,85.0,15.0,Cubierta (85.0% Contratos / 15.0% Bolsa),1353.61683,503729.958733929,774969.1672829676,712971.6339003302,-61997.533382637426,61997.533382637426,8.000000000000004
2026-11-19,19,2026-11-01,True,ANTIOQUIA,31090734.17,448423.74625,195391610.73,127004546.97,372.6919,381160.18,67263.56,85.0,15.0,Cubierta (85.0% Contratos / 15.0% Bolsa),1345.27123875,501371.6939850911,771341.0676967009,709633.7822809649,-61707.28541573603,61707.28541573603,7.999999999999995
2026-11-19,19,2026-11-01,True,BOGOTA,42677979.16,448423.74625,195391610.73,127004546.97,372.6919,381160.18,67263.56,85.0,15.0,Cubierta (85.0% Contratos / 15.0% Bolsa),1345.27123875,501371.6939850911,771341.0676967009,709633.7822809649,-61707.28541573603,61707.28541573603,7.999999999999995
2026-11-19,19,2026-11-01,True,CARIBE_MAR,34591881.98,448423.74625,195391610.73,127004546.97,372.6919,381160.18,67263.56,85.0,15.0,Cubierta (85.0% Contratos / 15.0% Bolsa),1345.27123875,501371.6939850911,771341.0676967009,709633.7822809649,-61707.28541573603,61707.28541573603,7.999999999999995
2026-11-19,19,2026-11-01,True,CARIBE_SOL,27092658.37,448423.74625,195391610.73,127004546.97,372.6919,381160.18,67263.56,85.0,15.0,Cubierta (85.0% Contratos / 15.0% Bolsa),1345.27123875,501371.6939850911,771341.0676967009,709633.7822809649,-61707.28541573603,61707.28541573603,7.999999999999995
2026-11-19,19,2026-11-01,True,VALLE,22438378.04,448423.74625,195391610.73,127004546.97,372.6919,381160.18,67263.56,85.0,15.0,Cubierta (85.0% Contratos / 15.0% Bolsa),1345.27123875,501371.6939850911,771341.0676967009,709633.7822809649,-61707.28541573603,61707.28541573603,7.999999999999995
2026-11-19,19,2026-11-01,True,SANTANDER,17266117.1,448423.74625,195391610.73,127004546.97,372.6919,381160.18,67263.56,85.0,15.0,Cubierta (85.0% Contratos / 15.0% Bolsa),1345.27123875,501371.6939850911,771341.0676967009,709633.7822809649,-61707.28541573603,61707.28541573603,7.999999999999995
2026-11-19,19,2026-11-01,True,CUNDINAMARCA,11058062.37,448423.74625,195391610.73,127004546.97,372.6919,381160.18,67263.56,85.0,15.0,Cubierta (85.0% Contratos / 15.0% Bolsa),1345.27123875,501371.6939850911,771341.0676967009,709633.7822809649,-61707.28541573603,61707.28541573603,7.999999999999995
2026-11-19,19,2026-11-01,True,TOLIMA,9175799.54,448423.74625,195391610.73,127004546.97,372.6919,381160.18,67263.56,85.0,15.0,Cubierta (85.0% Contratos / 15.0% Bolsa),1345.27123875,501371.6939850911,771341.0676967009,709633.7822809649,-61707.28541573603,61707.28541573603,7.999999999999995
2026-11-20,20,2026-11-01,True,ANTIOQUIA,31019967.63,452577.335,197201453.07999998,128180944.5,373.3006,384690.73,67886.6,85.0,15.0,Cubierta (85.0% Contratos / 15.0% Bolsa),1357.732005,506842.172105703,779757.1878670943,717376.6128377268,-62380.575029367465,62380.575029367465,7.99999999999999
2026-11-20,20,2026-11-01,True,BOGOTA,43350528.31,452577.335,197201453.07999998,128180944.5,373.3006,384690.73,67886.6,85.0,15.0,Cubierta (85.0% Contratos / 15.0% Bolsa),1357.732005,506842.172105703,779757.1878670943,717376.6128377268,-62380.575029367465,62380.575029367465,7.99999999999999
2026-11-20,20,2026-11-01,True,CARIBE_MAR,35154599.99,452577.335,197201453.07999998,128180944.5,373.3006,384690.73,67886.6,85.0,15.0,Cubierta (85.0% Contratos / 15.0% Bolsa),1357.732005,506842.172105703,779757.1878670943,717376.6128377268,-62380.575029367465,62380.575029367465,7.99999999999999
2026-11-20,20,2026-11-01,True,CARIBE_SOL,27612196.79,452577.335,197201453.07999998,128180944.5,373.3006,384690.73,67886.6,85.0,15.0,Cubierta (85.0% Contratos / 15.0% Bolsa),1357.732005,506842.172105703,779757.1878670943,717376.6128377268,-62380.575029367465,62380.575029367465,7.99999999999999
2026-11-20,20,2026-11-01,True,VALLE,22234346.95,452577.335,197201453.07999998,128180944.5,373.3006,384690.73,67886.6,85.0,15.0,Cubierta (85.0% Contratos / 15.0% Bolsa),1357.732005,506842.172105703,779757.1878670943,717376.6128377268,-62380.575029367465,62380.575029367465,7.99999999999999
2026-11-20,20,2026-11-01,True,SANTANDER,17349698.31,452577.335,197201453.07999998,128180944.5,373.3006,384690.73,67886.6,85.0,15.0,Cubierta (85.0% Contratos / 15.0% Bolsa),1357.732005,506842.172105703,779757.1878670943,717376.6128377268,-62380.575029367465,62380.575029367465,7.99999999999999
2026-11-20,20,2026-11-01,True,CUNDINAMARCA,11114706.7,452577.335,197201453.07999998,128180944.5,373.3006,384690.73,67886.6,85.0,15.0,Cubierta (85.0% Contratos / 15.0% Bolsa),1357.732005,506842.172105703,779757.1878670943,717376.6128377268,-62380.575029367465,62380.575029367465,7.99999999999999
2026-11-20,20,2026-11-01,True,TOLIMA,9365408.4,452577.335,197201453.07999998,128180944.5,373.3006,384690.73,67886.6,85.0,15.0,Cubierta (85.0% Contratos / 15.0% Bolsa),1357.732005,506842.172105703,779757.1878670943,717376.6128377268,-62380.575029367465,62380.575029367465,7.99999999999999
2026-11-21,21,2026-11-01,True,ANTIOQUIA,26294131.94,320810.59125,165793587.48,107765831.86,373.953,272689.0,48121.59,85.0,15.0,Cubierta (85.0% Contratos / 15.0% Bolsa),962.43177375,359904.24908913375,553698.8447627893,509402.9371817662,-44295.907581023115,44295.907581023115,7.999999999999995
2026-11-21,21,2026-11-01,True,BOGOTA,36620283.99,320810.59125,165793587.48,107765831.86,373.953,272689.0,48121.59,85.0,15.0,Cubierta (85.0% Contratos / 15.0% Bolsa),962.43177375,359904.24908913375,553698.8447627893,509402.9371817662,-44295.907581023115,44295.907581023115,7.999999999999995
2026-11-21,21,2026-11-01,True,CARIBE_MAR,29510172.25,320810.59125,165793587.48,107765831.86,373.953,272689.0,48121.59,85.0,15.0,Cubierta (85.0% Contratos / 15.0% Bolsa),962.43177375,359904.24908913375,553698.8447627893,509402.9371817662,-44295.907581023115,44295.907581023115,7.999999999999995
2026-11-21,21,2026-11-01,True,CARIBE_SOL,22874770.77,320810.59125,165793587.48,107765831.86,373.953,272689.0,48121.59,85.0,15.0,Cubierta (85.0% Contratos / 15.0% Bolsa),962.43177375,359904.24908913375,553698.8447627893,509402.9371817662,-44295.907581023115,44295.907581023115,7.999999999999995
2026-11-21,21,2026-11-01,True,VALLE,18755884.45,320810.59125,165793587.48,107765831.86,373.953,272689.0,48121.59,85.0,15.0,Cubierta (85.0% Contratos / 15.0% Bolsa),962.43177375,359904.24908913375,553698.8447627893,509402.9371817662,-44295.907581023115,44295.907581023115,7.999999999999995
2026-11-21,21,2026-11-01,True,SANTANDER,14532904.29,320810.59125,165793587.48,107765831.86,373.953,272689.0,48121.59,85.0,15.0,Cubierta (85.0% Contratos / 15.0% Bolsa),962.43177375,359904.24908913375,553698.8447627893,509402.9371817662,-44295.907581023115,44295.907581023115,7.999999999999995
2026-11-21,21,2026-11-01,True,CUNDINAMARCA,9393311.03,320810.59125,165793587.48,107765831.86,373.953,272689.0,48121.59,85.0,15.0,Cubierta (85.0% Contratos / 15.0% Bolsa),962.43177375,359904.24908913375,553698.8447627893,509402.9371817662,-44295.907581023115,44295.907581023115,7.999999999999995
2026-11-21,21,2026-11-01,True,TOLIMA,7812128.76,320810.59125,165793587.48,107765831.86,373.953,272689.0,48121.59,85.0,15.0,Cubierta (85.0% Contratos / 15.0% Bolsa),962.43177375,359904.24908913375,553698.8447627893,509402.9371817662,-44295.907581023115,44295.907581023115,7.999999999999995
2026-11-22,22,2026-11-01,True,ANTIOQUIA,26202417.39,321710.58625,166258700.65999997,108068155.43,374.639,273454.0,48256.59,85.0,15.0,Cubierta (85.0% Contratos / 15.0% Bolsa),965.13175875,361575.9969663413,556270.7645584544,511769.1033937781,-44501.661164676305,44501.661164676305,7.999999999999992
2026-11-22,22,2026-11-01,True,BOGOTA,37015562.46,321710.58625,166258700.65999997,108068155.43,374.639,273454.0,48256.59,85.0,15.0,Cubierta (85.0% Contratos / 15.0% Bolsa),965.13175875,361575.9969663413,556270.7645584544,511769.1033937781,-44501.661164676305,44501.661164676305,7.999999999999992
2026-11-22,22,2026-11-01,True,CARIBE_MAR,29235339.09,321710.58625,166258700.65999997,108068155.43,374.639,273454.0,48256.59,85.0,15.0,Cubierta (85.0% Contratos / 15.0% Bolsa),965.13175875,361575.9969663413,556270.7645584544,511769.1033937781,-44501.661164676305,44501.661164676305,7.999999999999992
2026-11-22,22,2026-11-01,True,CARIBE_SOL,22915527.31,321710.58625,166258700.65999997,108068155.43,374.639,273454.0,48256.59,85.0,15.0,Cubierta (85.0% Contratos / 15.0% Bolsa),965.13175875,361575.9969663413,556270.7645584544,511769.1033937781,-44501.661164676305,44501.661164676305,7.999999999999992
2026-11-22,22,2026-11-01,True,VALLE,18788884.95,321710.58625,166258700.65999997,108068155.43,374.639,273454.0,48256.59,85.0,15.0,Cubierta (85.0% Contratos / 15.0% Bolsa),965.13175875,361575.9969663413,556270.7645584544,511769.1033937781,-44501.661164676305,44501.661164676305,7.999999999999992
2026-11-22,22,2026-11-01,True,SANTANDER,14746303.06,321710.58625,166258700.65999997,108068155.43,374.639,273454.0,48256.59,85.0,15.0,Cubierta (85.0% Contratos / 15.0% Bolsa),965.13175875,361575.9969663413,556270.7645584544,511769.1033937781,-44501.661164676305,44501.661164676305,7.999999999999992
2026-11-22,22,2026-11-01,True,CUNDINAMARCA,9499089.67,321710.58625,166258700.65999997,108068155.43,374.639,273454.0,48256.59,85.0,15.0,Cubierta (85.0% Contratos / 15.0% Bolsa),965.13175875,361575.9969663413,556270.7645584544,511769.1033937781,-44501.661164676305,44501.661164676305,7.999999999999992
2026-11-22,22,2026-11-01,True,TOLIMA,7855576.73,321710.58625,166258700.65999997,108068155.43,374.639,273454.0,48256.59,85.0,15.0,Cubierta (85.0% Contratos / 15.0% Bolsa),965.13175875,361575.9969663413,556270.7645584544,511769.1033937781,-44501.661164676305,44501.661164676305,7.999999999999992
2026-11-23,23,2026-11-01,True,ANTIOQUIA,30821368.39,448809.27375,195559596.18999997,127113737.52,375.3474,381487.88,67321.39,85.0,15.0,Cubierta (85.0% Contratos / 15.0% Bolsa),1346.42782125,505378.18199385225,777504.8953965652,715304.5037648401,-62200.39163172513,62200.39163172513,7.999999999999989
2026-11-23,23,2026-11-01,True,BOGOTA,42965622.83,448809.27375,195559596.18999997,127113737.52,375.3474,381487.88,67321.39,85.0,15.0,Cubierta (85.0% Contratos / 15.0% Bolsa),1346.42782125,505378.18199385225,777504.8953965652,715304.5037648401,-62200.39163172513,62200.39163172513,7.999999999999989
2026-11-23,23,2026-11-01,True,CARIBE_MAR,34550127.45,448809.27375,195559596.18999997,127113737.52,375.3474,381487.88,67321.39,85.0,15.0,Cubierta (85.0% Contratos / 15.0% Bolsa),1346.42782125,505378.18199385225,777504.8953965652,715304.5037648401,-62200.39163172513,62200.39163172513,7.999999999999989
2026-11-23,23,2026-11-01,True,CARIBE_SOL,27361796.87,448809.27375,195559596.18999997,127113737.52,375.3474,381487.88,67321.39,85.0,15.0,Cubierta (85.0% Contratos / 15.0% Bolsa),1346.42782125,505378.18199385225,777504.8953965652,715304.5037648401,-62200.39163172513,62200.39163172513,7.999999999999989
2026-11-23,23,2026-11-01,True,VALLE,22151950.01,448809.27375,195559596.18999997,127113737.52,375.3474,381487.88,67321.39,85.0,15.0,Cubierta (85.0% Contratos / 15.0% Bolsa),1346.42782125,505378.18199385225,777504.8953965652,715304.5037648401,-62200.39163172513,62200.39163172513,7.999999999999989
2026-11-23,23,2026-11-01,True,SANTANDER,17301898.57,448809.27375,195559596.18999997,127113737.52,375.3474,381487.88,67321.39,85.0,15.0,Cubierta (85.0% Contratos / 15.0% Bolsa),1346.42782125,505378.18199385225,777504.8953965652,715304.5037648401,-62200.39163172513,62200.39163172513,7.999999999999989
2026-11-23,23,2026-11-01,True,CUNDINAMARCA,11050577.48,448809.27375,195559596.18999997,127113737.52,375.3474,381487.88,67321.39,85.0,15.0,Cubierta (85.0% Contratos / 15.0% Bolsa),1346.42782125,505378.18199385225,777504.8953965652,715304.5037648401,-62200.39163172513,62200.39163172513,7.999999999999989
2026-11-23,23,2026-11-01,True,TOLIMA,9356254.59,448809.27375,195559596.18999997,127113737.52,375.3474,381487.88,67321.39,85.0,15.0,Cubierta (85.0% Contratos / 15.0% Bolsa),1346.42782125,505378.18199385225,777504.8953965652,715304.5037648401,-62200.39163172513,62200.39163172513,7.999999999999989
2026-11-24,24,2026-11-01,True,ANTIOQUIA,31084050.67,450466.165,196281553.48000002,127583009.76,376.0671,382896.24,67569.92,85.0,15.0,Cubierta (85.0% Contratos / 15.0% Bolsa),1351.398495,508216.51295901445,781871.5584107406,719321.8337378814,-62549.724672859185,62549.724672859185,7.999999999999992
2026-11-24,24,2026-11-01,True,BOGOTA,42938501.14,450466.165,196281553.48000002,127583009.76,376.0671,382896.24,67569.92,85.0,15.0,Cubierta (85.0% Contratos / 15.0% Bolsa),1351.398495,508216.51295901445,781871.5584107406,719321.8337378814,-62549.724672859185,62549.724672859185,7.999999999999992
2026-11-24,24,2026-11-01,True,CARIBE_MAR,34746199.78,450466.165,196281553.48000002,127583009.76,376.0671,382896.24,67569.92,85.0,15.0,Cubierta (85.0% Contratos / 15.0% Bolsa),1351.398495,508216.51295901445,781871.5584107406,719321.8337378814,-62549.724672859185,62549.724672859185,7.999999999999992
2026-11-24,24,2026-11-01,True,CARIBE_SOL,27297631.82,450466.165,196281553.48000002,127583009.76,376.0671,382896.24,67569.92,85.0,15.0,Cubierta (85.0% Contratos / 15.0% Bolsa),1351.398495,508216.51295901445,781871.5584107406,719321.8337378814,-62549.724672859185,62549.724672859185,7.999999999999992
2026-11-24,24,2026-11-01,True,VALLE,22203913.47,450466.165,196281553.48000002,127583009.76,376.0671,382896.24,67569.92,85.0,15.0,Cubierta (85.0% Contratos / 15.0% Bolsa),1351.398495,508216.51295901445,781871.5584107406,719321.8337378814,-62549.724672859185,62549.724672859185,7.999999999999992
2026-11-24,24,2026-11-01,True,SANTANDER,17401582.68,450466.165,196281553.48000002,127583009.76,376.0671,382896.24,67569.92,85.0,15.0,Cubierta (85.0% Contratos / 15.0% Bolsa),1351.398495,508216.51295901445,781871.5584107406,719321.8337378814,-62549.724672859185,62549.724672859185,7.999999999999992
2026-11-24,24,2026-11-01,True,CUNDINAMARCA,11192353.09,450466.165,196281553.48000002,127583009.76,376.0671,382896.24,67569.92,85.0,15.0,Cubierta (85.0% Contratos / 15.0% Bolsa),1351.398495,508216.51295901445,781871.5584107406,719321.8337378814,-62549.724672859185,62549.724672859185,7.999999999999992
2026-11-24,24,2026-11-01,True,TOLIMA,9417320.83,450466.165,196281553.48000002,127583009.76,376.0671,382896.24,67569.92,85.0,15.0,Cubierta (85.0% Contratos / 15.0% Bolsa),1351.398495,508216.51295901445,781871.5584107406,719321.8337378814,-62549.724672859185,62549.724672859185,7.999999999999992
2026-11-25,25,2026-11-01,True,ANTIOQUIA,31286907.89,453930.48125,197791059.53999996,128564188.7,376.7864,385840.91,68089.57,85.0,15.0,Cubierta (85.0% Contratos / 15.0% Bolsa),1361.79144375,513104.49564136507,789391.5317620861,726240.2092211192,-63151.32254096691,63151.32254096691,8.000000000000004
2026-11-25,25,2026-11-01,True,BOGOTA,43532938.65,453930.48125,197791059.53999996,128564188.7,376.7864,385840.91,68089.57,85.0,15.0,Cubierta (85.0% Contratos / 15.0% Bolsa),1361.79144375,513104.49564136507,789391.5317620861,726240.2092211192,-63151.32254096691,63151.32254096691,8.000000000000004
2026-11-25,25,2026-11-01,True,CARIBE_MAR,35152956.73,453930.48125,197791059.53999996,128564188.7,376.7864,385840.91,68089.57,85.0,15.0,Cubierta (85.0% Contratos / 15.0% Bolsa),1361.79144375,513104.49564136507,789391.5317620861,726240.2092211192,-63151.32254096691,63151.32254096691,8.000000000000004
2026-11-25,25,2026-11-01,True,CARIBE_SOL,27365618.09,453930.48125,197791059.53999996,128564188.7,376.7864,385840.91,68089.57,85.0,15.0,Cubierta (85.0% Contratos / 15.0% Bolsa),1361.79144375,513104.49564136507,789391.5317620861,726240.2092211192,-63151.32254096691,63151.32254096691,8.000000000000004
2026-11-25,25,2026-11-01,True,VALLE,22479954.17,453930.48125,197791059.53999996,128564188.7,376.7864,385840.91,68089.57,85.0,15.0,Cubierta (85.0% Contratos / 15.0% Bolsa),1361.79144375,513104.49564136507,789391.5317620861,726240.2092211192,-63151.32254096691,63151.32254096691,8.000000000000004
2026-11-25,25,2026-11-01,True,SANTANDER,17434688.5,453930.48125,197791059.53999996,128564188.7,376.7864,385840.91,68089.57,85.0,15.0,Cubierta (85.0% Contratos / 15.0% Bolsa),1361.79144375,513104.49564136507,789391.5317620861,726240.2092211192,-63151.32254096691,63151.32254096691,8.000000000000004
2026-11-25,25,2026-11-01,True,CUNDINAMARCA,11267602.65,453930.48125,197791059.53999996,128564188.7,376.7864,385840.91,68089.57,85.0,15.0,Cubierta (85.0% Contratos / 15.0% Bolsa),1361.79144375,513104.49564136507,789391.5317620861,726240.2092211192,-63151.32254096691,63151.32254096691,8.000000000000004
2026-11-25,25,2026-11-01,True,TOLIMA,9270392.86,453930.48125,197791059.53999996,128564188.7,376.7864,385840.91,68089.57,85.0,15.0,Cubierta (85.0% Contratos / 15.0% Bolsa),1361.79144375,513104.49564136507,789391.5317620861,726240.2092211192,-63151.32254096691,63151.32254096691,8.000000000000004
2026-11-26,26,2026-11-01,True,ANTIOQUIA,30874596.28,451931.02125,196919835.23000002,127997892.9,377.4937,384141.37,67789.65,85.0,15.0,Cubierta (85.0% Contratos / 15.0% Bolsa),1355.79306375,511803.34006932337,787389.7539497293,724398.5736337509,-62991.18031597836,62991.18031597836,8.000000000000004
2026-11-26,26,2026-11-01,True,BOGOTA,43519953.67,451931.02125,196919835.23000002,127997892.9,377.4937,384141.37,67789.65,85.0,15.0,Cubierta (85.0% Contratos / 15.0% Bolsa),1355.79306375,511803.34006932337,787389.7539497293,724398.5736337509,-62991.18031597836,62991.18031597836,8.000000000000004
2026-11-26,26,2026-11-01,True,CARIBE_MAR,35090453.79,451931.02125,196919835.23000002,127997892.9,377.4937,384141.37,67789.65,85.0,15.0,Cubierta (85.0% Contratos / 15.0% Bolsa),1355.79306375,511803.34006932337,787389.7539497293,724398.5736337509,-62991.18031597836,62991.18031597836,8.000000000000004
2026-11-26,26,2026-11-01,True,CARIBE_SOL,27115429.08,451931.02125,196919835.23000002,127997892.9,377.4937,384141.37,67789.65,85.0,15.0,Cubierta (85.0% Contratos / 15.0% Bolsa),1355.79306375,511803.34006932337,787389.7539497293,724398.5736337509,-62991.18031597836,62991.18031597836,8.000000000000004
2026-11-26,26,2026-11-01,True,VALLE,22488309.99,451931.02125,196919835.23000002,127997892.9,377.4937,384141.37,67789.65,85.0,15.0,Cubierta (85.0% Contratos / 15.0% Bolsa),1355.79306375,511803.34006932337,787389.7539497293,724398.5736337509,-62991.18031597836,62991.18031597836,8.000000000000004
2026-11-26,26,2026-11-01,True,SANTANDER,17474814.24,451931.02125,196919835.23000002,127997892.9,377.4937,384141.37,67789.65,85.0,15.0,Cubierta (85.0% Contratos / 15.0% Bolsa),1355.79306375,511803.34006932337,787389.7539497293,724398.5736337509,-62991.18031597836,62991.18031597836,8.000000000000004
2026-11-26,26,2026-11-01,True,CUNDINAMARCA,11125240.55,451931.02125,196919835.23000002,127997892.9,377.4937,384141.37,67789.65,85.0,15.0,Cubierta (85.0% Contratos / 15.0% Bolsa),1355.79306375,511803.34006932337,787389.7539497293,724398.5736337509,-62991.18031597836,62991.18031597836,8.000000000000004
2026-11-26,26,2026-11-01,True,TOLIMA,9231037.63,451931.02125,196919835.23000002,127997892.9,377.4937,384141.37,67789.65,85.0,15.0,Cubierta (85.0% Contratos / 15.0% Bolsa),1355.79306375,511803.34006932337,787389.7539497293,724398.5736337509,-62991.18031597836,62991.18031597836,8.000000000000004
2026-11-27,27,2026-11-01,True,ANTIOQUIA,30964905.48,451215.1225,196607896.30999997,127795132.6,378.1776,383532.85,67682.27,85.0,15.0,Cubierta (85.0% Contratos / 15.0% Bolsa),1353.6453675,511918.356332268,787566.7020588871,724561.3658941762,-63005.33616471093,63005.33616471093,7.999999999999995
2026-11-27,27,2026-11-01,True,BOGOTA,43262904.37,451215.1225,196607896.30999997,127795132.6,378.1776,383532.85,67682.27,85.0,15.0,Cubierta (85.0% Contratos / 15.0% Bolsa),1353.6453675,511918.356332268,787566.7020588871,724561.3658941762,-63005.33616471093,63005.33616471093,7.999999999999995
2026-11-27,27,2026-11-01,True,CARIBE_MAR,34564338.78,451215.1225,196607896.30999997,127795132.6,378.1776,383532.85,67682.27,85.0,15.0,Cubierta (85.0% Contratos / 15.0% Bolsa),1353.6453675,511918.356332268,787566.7020588871,724561.3658941762,-63005.33616471093,63005.33616471093,7.999999999999995
2026-11-27,27,2026-11-01,True,CARIBE_SOL,27252056.25,451215.1225,196607896.30999997,127795132.6,378.1776,383532.85,67682.27,85.0,15.0,Cubierta (85.0% Contratos / 15.0% Bolsa),1353.6453675,511918.356332268,787566.7020588871,724561.3658941762,-63005.33616471093,63005.33616471093,7.999999999999995
2026-11-27,27,2026-11-01,True,VALLE,22752529.33,451215.1225,196607896.30999997,127795132.6,378.1776,383532.85,67682.27,85.0,15.0,Cubierta (85.0% Contratos / 15.0% Bolsa),1353.6453675,511918.356332268,787566.7020588871,724561.3658941762,-63005.33616471093,63005.33616471093,7.999999999999995
2026-11-27,27,2026-11-01,True,SANTANDER,17335468.9,451215.1225,196607896.30999997,127795132.6,378.1776,383532.85,67682.27,85.0,15.0,Cubierta (85.0% Contratos / 15.0% Bolsa),1353.6453675,511918.356332268,787566.7020588871,724561.3658941762,-63005.33616471093,63005.33616471093,7.999999999999995
2026-11-27,27,2026-11-01,True,CUNDINAMARCA,11262991.82,451215.1225,196607896.30999997,127795132.6,378.1776,383532.85,67682.27,85.0,15.0,Cubierta (85.0% Contratos / 15.0% Bolsa),1353.6453675,511918.356332268,787566.7020588871,724561.3658941762,-63005.33616471093,63005.33616471093,7.999999999999995
2026-11-27,27,2026-11-01,True,TOLIMA,9212701.38,451215.1225,196607896.30999997,127795132.6,378.1776,383532.85,67682.27,85.0,15.0,Cubierta (85.0% Contratos / 15.0% Bolsa),1353.6453675,511918.356332268,787566.7020588871,724561.3658941762,-63005.33616471093,63005.33616471093,7.999999999999995
2026-11-28,28,2026-11-01,True,ANTIOQUIA,26255930.57,321342.37875,166068412.97,107944468.43,378.8272,273141.02,48201.36,85.0,15.0,Cubierta (85.0% Contratos / 15.0% Bolsa),964.0271362499999,365199.70074960595,561845.6934635347,516898.03798645193,-44947.655477082764,44947.655477082764,7.999999999999997
2026-11-28,28,2026-11-01,True,BOGOTA,36340053.06,321342.37875,166068412.97,107944468.43,378.8272,273141.02,48201.36,85.0,15.0,Cubierta (85.0% Contratos / 15.0% Bolsa),964.0271362499999,365199.70074960595,561845.6934635347,516898.03798645193,-44947.655477082764,44947.655477082764,7.999999999999997
2026-11-28,28,2026-11-01,True,CARIBE_MAR,29560594.95,321342.37875,166068412.97,107944468.43,378.8272,273141.02,48201.36,85.0,15.0,Cubierta (85.0% Contratos / 15.0% Bolsa),964.0271362499999,365199.70074960595,561845.6934635347,516898.03798645193,-44947.655477082764,44947.655477082764,7.999999999999997
2026-11-28,28,2026-11-01,True,CARIBE_SOL,23334701.41,321342.37875,166068412.97,107944468.43,378.8272,273141.02,48201.36,85.0,15.0,Cubierta (85.0% Contratos / 15.0% Bolsa),964.0271362499999,365199.70074960595,561845.6934635347,516898.03798645193,-44947.655477082764,44947.655477082764,7.999999999999997
2026-11-28,28,2026-11-01,True,VALLE,18693011.76,321342.37875,166068412.97,107944468.43,378.8272,273141.02,48201.36,85.0,15.0,Cubierta (85.0% Contratos / 15.0% Bolsa),964.0271362499999,365199.70074960595,561845.6934635347,516898.03798645193,-44947.655477082764,44947.655477082764,7.999999999999997
2026-11-28,28,2026-11-01,True,SANTANDER,14633830.79,321342.37875,166068412.97,107944468.43,378.8272,273141.02,48201.36,85.0,15.0,Cubierta (85.0% Contratos / 15.0% Bolsa),964.0271362499999,365199.70074960595,561845.6934635347,516898.03798645193,-44947.655477082764,44947.655477082764,7.999999999999997
2026-11-28,28,2026-11-01,True,CUNDINAMARCA,9386916.37,321342.37875,166068412.97,107944468.43,378.8272,273141.02,48201.36,85.0,15.0,Cubierta (85.0% Contratos / 15.0% Bolsa),964.0271362499999,365199.70074960595,561845.6934635347,516898.03798645193,-44947.655477082764,44947.655477082764,7.999999999999997
2026-11-28,28,2026-11-01,True,TOLIMA,7863374.06,321342.37875,166068412.97,107944468.43,378.8272,273141.02,48201.36,85.0,15.0,Cubierta (85.0% Contratos / 15.0% Bolsa),964.0271362499999,365199.70074960595,561845.6934635347,516898.03798645193,-44947.655477082764,44947.655477082764,7.999999999999997
2026-11-29,29,2026-11-01,True,ANTIOQUIA,26505251.61,320801.01,165788635.77,107762613.25,379.4325,272680.86,48120.15,85.0,15.0,Cubierta (85.0% Contratos / 15.0% Bolsa),962.4030300000001,365166.98768047505,561795.3656648758,516851.73641168576,-44943.62925319007,44943.62925319007,8.0
2026-11-29,29,2026-11-01,True,BOGOTA,36891898.11,320801.01,165788635.77,107762613.25,379.4325,272680.86,48120.15,85.0,15.0,Cubierta (85.0% Contratos / 15.0% Bolsa),962.4030300000001,365166.98768047505,561795.3656648758,516851.73641168576,-44943.62925319007,44943.62925319007,8.0
2026-11-29,29,2026-11-01,True,CARIBE_MAR,28709533.96,320801.01,165788635.77,107762613.25,379.4325,272680.86,48120.15,85.0,15.0,Cubierta (85.0% Contratos / 15.0% Bolsa),962.4030300000001,365166.98768047505,561795.3656648758,516851.73641168576,-44943.62925319007,44943.62925319007,8.0
2026-11-29,29,2026-11-01,True,CARIBE_SOL,22875920.75,320801.01,165788635.77,107762613.25,379.4325,272680.86,48120.15,85.0,15.0,Cubierta (85.0% Contratos / 15.0% Bolsa),962.4030300000001,365166.98768047505,561795.3656648758,516851.73641168576,-44943.62925319007,44943.62925319007,8.0
2026-11-29,29,2026-11-01,True,VALLE,18946451.07,320801.01,165788635.77,107762613.25,379.4325,272680.86,48120.15,85.0,15.0,Cubierta (85.0% Contratos / 15.0% Bolsa),962.4030300000001,365166.98768047505,561795.3656648758,516851.73641168576,-44943.62925319007,44943.62925319007,8.0
2026-11-29,29,2026-11-01,True,SANTANDER,14587762.12,320801.01,165788635.77,107762613.25,379.4325,272680.86,48120.15,85.0,15.0,Cubierta (85.0% Contratos / 15.0% Bolsa),962.4030300000001,365166.98768047505,561795.3656648758,516851.73641168576,-44943.62925319007,44943.62925319007,8.0
2026-11-29,29,2026-11-01,True,CUNDINAMARCA,9434244.63,320801.01,165788635.77,107762613.25,379.4325,272680.86,48120.15,85.0,15.0,Cubierta (85.0% Contratos / 15.0% Bolsa),962.4030300000001,365166.98768047505,561795.3656648758,516851.73641168576,-44943.62925319007,44943.62925319007,8.0
2026-11-29,29,2026-11-01,True,TOLIMA,7837573.52,320801.01,165788635.77,107762613.25,379.4325,272680.86,48120.15,85.0,15.0,Cubierta (85.0% Contratos / 15.0% Bolsa),962.4030300000001,365166.98768047505,561795.3656648758,516851.73641168576,-44943.62925319007,44943.62925319007,8.0
2026-11-30,30,2026-11-01,True,ANTIOQUIA,31153043.39,450375.5425,196242066.60000002,127557343.29,379.984,382819.21,67556.33,85.0,15.0,Cubierta (85.0% Contratos / 15.0% Bolsa),1351.1266275,513406.50042396,789856.1544984,726667.6621385281,-63188.492359871976,63188.492359871976,7.9999999999999964
2026-11-30,30,2026-11-01,True,BOGOTA,43144989.51,450375.5425,196242066.60000002,127557343.29,379.984,382819.21,67556.33,85.0,15.0,Cubierta (85.0% Contratos / 15.0% Bolsa),1351.1266275,513406.50042396,789856.1544984,726667.6621385281,-63188.492359871976,63188.492359871976,7.9999999999999964
2026-11-30,30,2026-11-01,True,CARIBE_MAR,34707524.58,450375.5425,196242066.60000002,127557343.29,379.984,382819.21,67556.33,85.0,15.0,Cubierta (85.0% Contratos / 15.0% Bolsa),1351.1266275,513406.50042396,789856.1544984,726667.6621385281,-63188.492359871976,63188.492359871976,7.9999999999999964
2026-11-30,30,2026-11-01,True,CARIBE_SOL,27329603.61,450375.5425,196242066.60000002,127557343.29,379.984,382819.21,67556.33,85.0,15.0,Cubierta (85.0% Contratos / 15.0% Bolsa),1351.1266275,513406.50042396,789856.1544984,726667.6621385281,-63188.492359871976,63188.492359871976,7.9999999999999964
2026-11-30,30,2026-11-01,True,VALLE,22288124.08,450375.5425,196242066.60000002,127557343.29,379.984,382819.21,67556.33,85.0,15.0,Cubierta (85.0% Contratos / 15.0% Bolsa),1351.1266275,513406.50042396,789856.1544984,726667.6621385281,-63188.492359871976,63188.492359871976,7.9999999999999964
2026-11-30,30,2026-11-01,True,SANTANDER,17124207.38,450375.5425,196242066.60000002,127557343.29,379.984,382819.21,67556.33,85.0,15.0,Cubierta (85.0% Contratos / 15.0% Bolsa),1351.1266275,513406.50042396,789856.1544984,726667.6621385281,-63188.492359871976,63188.492359871976,7.9999999999999964
2026-11-30,30,2026-11-01,True,CUNDINAMARCA,11024778.83,450375.5425,196242066.60000002,127557343.29,379.984,382819.21,67556.33,85.0,15.0,Cubierta (85.0% Contratos / 15.0% Bolsa),1351.1266275,513406.50042396,789856.1544984,726667.6621385281,-63188.492359871976,63188.492359871976,7.9999999999999964
2026-11-30,30,2026-11-01,True,TOLIMA,9469795.22,450375.5425,196242066.60000002,127557343.29,379.984,382819.21,67556.33,85.0,15.0,Cubierta (85.0% Contratos / 15.0% Bolsa),1351.1266275,513406.50042396,789856.1544984,726667.6621385281,-63188.492359871976,63188.492359871976,7.9999999999999964
2026-12-01,1,2026-12-01,True,ANTIOQUIA,31294827.51,453701.43,197691254.73000002,128499315.57,380.4737,385646.22,68055.21,85.0,15.0,Cubierta (85.0% Contratos / 15.0% Bolsa),1361.10429,517864.38530217303,796714.4389543207,732977.2838379751,-63737.15511634562,63737.15511634562,7.999999999999995
2026-12-01,1,2026-12-01,True,BOGOTA,43400204.59,453701.43,197691254.73000002,128499315.57,380.4737,385646.22,68055.21,85.0,15.0,Cubierta (85.0% Contratos / 15.0% Bolsa),1361.10429,517864.38530217303,796714.4389543207,732977.2838379751,-63737.15511634562,63737.15511634562,7.999999999999995
2026-12-01,1,2026-12-01,True,CARIBE_MAR,35070400.99,453701.43,197691254.73000002,128499315.57,380.4737,385646.22,68055.21,85.0,15.0,Cubierta (85.0% Contratos / 15.0% Bolsa),1361.10429,517864.38530217303,796714.4389543207,732977.2838379751,-63737.15511634562,63737.15511634562,7.999999999999995
2026-12-01,1,2026-12-01,True,CARIBE_SOL,27461323.49,453701.43,197691254.73000002,128499315.57,380.4737,385646.22,68055.21,85.0,15.0,Cubierta (85.0% Contratos / 15.0% Bolsa),1361.10429,517864.38530217303,796714.4389543207,732977.2838379751,-63737.15511634562,63737.15511634562,7.999999999999995
2026-12-01,1,2026-12-01,True,VALLE,22386538.42,453701.43,197691254.73000002,128499315.57,380.4737,385646.22,68055.21,85.0,15.0,Cubierta (85.0% Contratos / 15.0% Bolsa),1361.10429,517864.38530217303,796714.4389543207,732977.2838379751,-63737.15511634562,63737.15511634562,7.999999999999995
2026-12-01,1,2026-12-01,True,SANTANDER,17597980.25,453701.43,197691254.73000002,128499315.57,380.4737,385646.22,68055.21,85.0,15.0,Cubierta (85.0% Contratos / 15.0% Bolsa),1361.10429,517864.38530217303,796714.4389543207,732977.2838379751,-63737.15511634562,63737.15511634562,7.999999999999995
2026-12-01,1,2026-12-01,True,CUNDINAMARCA,11166988.34,453701.43,197691254.73000002,128499315.57,380.4737,385646.22,68055.21,85.0,15.0,Cubierta (85.0% Contratos / 15.0% Bolsa),1361.10429,517864.38530217303,796714.4389543207,732977.2838379751,-63737.15511634562,63737.15511634562,7.999999999999995
2026-12-01,1,2026-12-01,True,TOLIMA,9312991.14,453701.43,197691254.73000002,128499315.57,380.4737,385646.22,68055.21,85.0,15.0,Cubierta (85.0% Contratos / 15.0% Bolsa),1361.10429,517864.38530217303,796714.4389543207,732977.2838379751,-63737.15511634562,63737.15511634562,7.999999999999995
2026-12-02,2,2026-12-01,True,ANTIOQUIA,30897209.69,452636.29375,197227143.49,128197643.27,380.8945,384740.85,67895.44,85.0,15.0,Cubierta (85.0% Contratos / 15.0% Bolsa),1357.9088812500001,517220.02436927817,795723.1144049637,732065.2652525667,-63657.849152397015,63657.849152397015,7.99999999999999
2026-12-02,2,2026-12-01,True,BOGOTA,43704632.46,452636.29375,197227143.49,128197643.27,380.8945,384740.85,67895.44,85.0,15.0,Cubierta (85.0% Contratos / 15.0% Bolsa),1357.9088812500001,517220.02436927817,795723.1144049637,732065.2652525667,-63657.849152397015,63657.849152397015,7.99999999999999
2026-12-02,2,2026-12-01,True,CARIBE_MAR,34920555.62,452636.29375,197227143.49,128197643.27,380.8945,384740.85,67895.44,85.0,15.0,Cubierta (85.0% Contratos / 15.0% Bolsa),1357.9088812500001,517220.02436927817,795723.1144049637,732065.2652525667,-63657.849152397015,63657.849152397015,7.99999999999999
2026-12-02,2,2026-12-01,True,CARIBE_SOL,27523919.94,452636.29375,197227143.49,128197643.27,380.8945,384740.85,67895.44,85.0,15.0,Cubierta (85.0% Contratos / 15.0% Bolsa),1357.9088812500001,517220.02436927817,795723.1144049637,732065.2652525667,-63657.849152397015,63657.849152397015,7.99999999999999
2026-12-02,2,2026-12-01,True,VALLE,22144280.26,452636.29375,197227143.49,128197643.27,380.8945,384740.85,67895.44,85.0,15.0,Cubierta (85.0% Contratos / 15.0% Bolsa),1357.9088812500001,517220.02436927817,795723.1144049637,732065.2652525667,-63657.849152397015,63657.849152397015,7.99999999999999
2026-12-02,2,2026-12-01,True,SANTANDER,17406639.54,452636.29375,197227143.49,128197643.27,380.8945,384740.85,67895.44,85.0,15.0,Cubierta (85.0% Contratos / 15.0% Bolsa),1357.9088812500001,517220.02436927817,795723.1144049637,732065.2652525667,-63657.849152397015,63657.849152397015,7.99999999999999
2026-12-02,2,2026-12-01,True,CUNDINAMARCA,11203279.52,452636.29375,197227143.49,128197643.27,380.8945,384740.85,67895.44,85.0,15.0,Cubierta (85.0% Contratos / 15.0% Bolsa),1357.9088812500001,517220.02436927817,795723.1144049637,732065.2652525667,-63657.849152397015,63657.849152397015,7.99999999999999
2026-12-02,2,2026-12-01,True,TOLIMA,9426626.46,452636.29375,197227143.49,128197643.27,380.8945,384740.85,67895.44,85.0,15.0,Cubierta (85.0% Contratos / 15.0% Bolsa),1357.9088812500001,517220.02436927817,795723.1144049637,732065.2652525667,-63657.849152397015,63657.849152397015,7.99999999999999
2026-12-03,3,2026-12-01,True,ANTIOQUIA,31275199.49,452913.36625,197347871.9,128276116.74,381.2411,384976.36,67937.0,85.0,15.0,Cubierta (85.0% Contratos / 15.0% Bolsa),1358.74009875,518007.5698615587,796934.7228328732,733179.9450062434,-63754.77782662981,63754.77782662981,7.999999999999995
2026-12-03,3,2026-12-01,True,BOGOTA,43724554.2,452913.36625,197347871.9,128276116.74,381.2411,384976.36,67937.0,85.0,15.0,Cubierta (85.0% Contratos / 15.0% Bolsa),1358.74009875,518007.5698615587,796934.7228328732,733179.9450062434,-63754.77782662981,63754.77782662981,7.999999999999995
2026-12-03,3,2026-12-01,True,CARIBE_MAR,35127766.33,452913.36625,197347871.9,128276116.74,381.2411,384976.36,67937.0,85.0,15.0,Cubierta (85.0% Contratos / 15.0% Bolsa),1358.74009875,518007.5698615587,796934.7228328732,733179.9450062434,-63754.77782662981,63754.77782662981,7.999999999999995
2026-12-03,3,2026-12-01,True,CARIBE_SOL,27121613.88,452913.36625,197347871.9,128276116.74,381.2411,384976.36,67937.0,85.0,15.0,Cubierta (85.0% Contratos / 15.0% Bolsa),1358.74009875,518007.5698615587,796934.7228328732,733179.9450062434,-63754.77782662981,63754.77782662981,7.999999999999995
2026-12-03,3,2026-12-01,True,VALLE,22329708.15,452913.36625,197347871.9,128276116.74,381.2411,384976.36,67937.0,85.0,15.0,Cubierta (85.0% Contratos / 15.0% Bolsa),1358.74009875,518007.5698615587,796934.7228328732,733179.9450062434,-63754.77782662981,63754.77782662981,7.999999999999995
2026-12-03,3,2026-12-01,True,SANTANDER,17394059.22,452913.36625,197347871.9,128276116.74,381.2411,384976.36,67937.0,85.0,15.0,Cubierta (85.0% Contratos / 15.0% Bolsa),1358.74009875,518007.5698615587,796934.7228328732,733179.9450062434,-63754.77782662981,63754.77782662981,7.999999999999995
2026-12-03,3,2026-12-01,True,CUNDINAMARCA,11143035.45,452913.36625,197347871.9,128276116.74,381.2411,384976.36,67937.0,85.0,15.0,Cubierta (85.0% Contratos / 15.0% Bolsa),1358.74009875,518007.5698615587,796934.7228328732,733179.9450062434,-63754.77782662981,63754.77782662981,7.999999999999995
2026-12-03,3,2026-12-01,True,TOLIMA,9231935.18,452913.36625,197347871.9,128276116.74,381.2411,384976.36,67937.0,85.0,15.0,Cubierta (85.0% Contratos / 15.0% Bolsa),1358.74009875,518007.5698615587,796934.7228328732,733179.9450062434,-63754.77782662981,63754.77782662981,7.999999999999995
2026-12-04,4,2026-12-01,True,ANTIOQUIA,31718552.28,454311.42375,197957047.37,128672080.79,381.5093,386164.71,68146.71,85.0,15.0,Cubierta (85.0% Contratos / 15.0% Bolsa),1362.9342712500002,519972.0997705977,799957.0765732587,735960.5104473981,-63996.56612586067,63996.56612586067,7.9999999999999964
2026-12-04,4,2026-12-01,True,BOGOTA,43687482.38,454311.42375,197957047.37,128672080.79,381.5093,386164.71,68146.71,85.0,15.0,Cubierta (85.0% Contratos / 15.0% Bolsa),1362.9342712500002,519972.0997705977,799957.0765732587,735960.5104473981,-63996.56612586067,63996.56612586067,7.9999999999999964
2026-12-04,4,2026-12-01,True,CARIBE_MAR,34974857.71,454311.42375,197957047.37,128672080.79,381.5093,386164.71,68146.71,85.0,15.0,Cubierta (85.0% Contratos / 15.0% Bolsa),1362.9342712500002,519972.0997705977,799957.0765732587,735960.5104473981,-63996.56612586067,63996.56612586067,7.9999999999999964
2026-12-04,4,2026-12-01,True,CARIBE_SOL,27465308.39,454311.42375,197957047.37,128672080.79,381.5093,386164.71,68146.71,85.0,15.0,Cubierta (85.0% Contratos / 15.0% Bolsa),1362.9342712500002,519972.0997705977,799957.0765732587,735960.5104473981,-63996.56612586067,63996.56612586067,7.9999999999999964
2026-12-04,4,2026-12-01,True,VALLE,22350942.21,454311.42375,197957047.37,128672080.79,381.5093,386164.71,68146.71,85.0,15.0,Cubierta (85.0% Contratos / 15.0% Bolsa),1362.9342712500002,519972.0997705977,799957.0765732587,735960.5104473981,-63996.56612586067,63996.56612586067,7.9999999999999964
2026-12-04,4,2026-12-01,True,SANTANDER,17448895.16,454311.42375,197957047.37,128672080.79,381.5093,386164.71,68146.71,85.0,15.0,Cubierta (85.0% Contratos / 15.0% Bolsa),1362.9342712500002,519972.0997705977,799957.0765732587,735960.5104473981,-63996.56612586067,63996.56612586067,7.9999999999999964
2026-12-04,4,2026-12-01,True,CUNDINAMARCA,11059813.03,454311.42375,197957047.37,128672080.79,381.5093,386164.71,68146.71,85.0,15.0,Cubierta (85.0% Contratos / 15.0% Bolsa),1362.9342712500002,519972.0997705977,799957.0765732587,735960.5104473981,-63996.56612586067,63996.56612586067,7.9999999999999964
2026-12-04,4,2026-12-01,True,TOLIMA,9251196.21,454311.42375,197957047.37,128672080.79,381.5093,386164.71,68146.71,85.0,15.0,Cubierta (85.0% Contratos / 15.0% Bolsa),1362.9342712500002,519972.0997705977,799957.0765732587,735960.5104473981,-63996.56612586067,63996.56612586067,7.9999999999999964
2026-12-05,5,2026-12-01,True,ANTIOQUIA,26358220.9,320474.87875,165620092.36,107653060.03,381.6968,272403.65,48071.23,85.0,15.0,Cubierta (85.0% Contratos / 15.0% Bolsa),961.4246362499999,366972.707097789,564573.3955560374,519407.5239115545,-45165.87164448295,45165.87164448295,7.999999999999992
2026-12-05,5,2026-12-01,True,BOGOTA,36831929.99,320474.87875,165620092.36,107653060.03,381.6968,272403.65,48071.23,85.0,15.0,Cubierta (85.0% Contratos / 15.0% Bolsa),961.4246362499999,366972.707097789,564573.3955560374,519407.5239115545,-45165.87164448295,45165.87164448295,7.999999999999992
2026-12-05,5,2026-12-01,True,CARIBE_MAR,28929163.7,320474.87875,165620092.36,107653060.03,381.6968,272403.65,48071.23,85.0,15.0,Cubierta (85.0% Contratos / 15.0% Bolsa),961.4246362499999,366972.707097789,564573.3955560374,519407.5239115545,-45165.87164448295,45165.87164448295,7.999999999999992
2026-12-05,5,2026-12-01,True,CARIBE_SOL,23016895.4,320474.87875,165620092.36,107653060.03,381.6968,272403.65,48071.23,85.0,15.0,Cubierta (85.0% Contratos / 15.0% Bolsa),961.4246362499999,366972.707097789,564573.3955560374,519407.5239115545,-45165.87164448295,45165.87164448295,7.999999999999992
2026-12-05,5,2026-12-01,True,VALLE,18623465.42,320474.87875,165620092.36,107653060.03,381.6968,272403.65,48071.23,85.0,15.0,Cubierta (85.0% Contratos / 15.0% Bolsa),961.4246362499999,366972.707097789,564573.3955560374,519407.5239115545,-45165.87164448295,45165.87164448295,7.999999999999992
2026-12-05,5,2026-12-01,True,SANTANDER,14614089.75,320474.87875,165620092.36,107653060.03,381.6968,272403.65,48071.23,85.0,15.0,Cubierta (85.0% Contratos / 15.0% Bolsa),961.4246362499999,366972.707097789,564573.3955560374,519407.5239115545,-45165.87164448295,45165.87164448295,7.999999999999992
2026-12-05,5,2026-12-01,True,CUNDINAMARCA,9481353.01,320474.87875,165620092.36,107653060.03,381.6968,272403.65,48071.23,85.0,15.0,Cubierta (85.0% Contratos / 15.0% Bolsa),961.4246362499999,366972.707097789,564573.3955560374,519407.5239115545,-45165.87164448295,45165.87164448295,7.999999999999992
2026-12-05,5,2026-12-01,True,TOLIMA,7764974.19,320474.87875,165620092.36,107653060.03,381.6968,272403.65,48071.23,85.0,15.0,Cubierta (85.0% Contratos / 15.0% Bolsa),961.4246362499999,366972.707097789,564573.3955560374,519407.5239115545,-45165.87164448295,45165.87164448295,7.999999999999992
2026-12-06,6,2026-12-01,True,ANTIOQUIA,26510371.64,322593.73,166715106.22000003,108364819.04,381.8028,274204.67,48389.06,85.0,15.0,Cubierta (85.0% Contratos / 15.0% Bolsa),967.7811899999999,369501.568129332,568463.9509839406,522986.8349052254,-45477.11607871525,45477.11607871525,8.0
2026-12-06,6,2026-12-01,True,BOGOTA,36779976.15,322593.73,166715106.22000003,108364819.04,381.8028,274204.67,48389.06,85.0,15.0,Cubierta (85.0% Contratos / 15.0% Bolsa),967.7811899999999,369501.568129332,568463.9509839406,522986.8349052254,-45477.11607871525,45477.11607871525,8.0
2026-12-06,6,2026-12-01,True,CARIBE_MAR,29641554.09,322593.73,166715106.22000003,108364819.04,381.8028,274204.67,48389.06,85.0,15.0,Cubierta (85.0% Contratos / 15.0% Bolsa),967.7811899999999,369501.568129332,568463.9509839406,522986.8349052254,-45477.11607871525,45477.11607871525,8.0
2026-12-06,6,2026-12-01,True,CARIBE_SOL,22845229.5,322593.73,166715106.22000003,108364819.04,381.8028,274204.67,48389.06,85.0,15.0,Cubierta (85.0% Contratos / 15.0% Bolsa),967.7811899999999,369501.568129332,568463.9509839406,522986.8349052254,-45477.11607871525,45477.11607871525,8.0
2026-12-06,6,2026-12-01,True,VALLE,18803530.52,322593.73,166715106.22000003,108364819.04,381.8028,274204.67,48389.06,85.0,15.0,Cubierta (85.0% Contratos / 15.0% Bolsa),967.7811899999999,369501.568129332,568463.9509839406,522986.8349052254,-45477.11607871525,45477.11607871525,8.0
2026-12-06,6,2026-12-01,True,SANTANDER,14787134.46,322593.73,166715106.22000003,108364819.04,381.8028,274204.67,48389.06,85.0,15.0,Cubierta (85.0% Contratos / 15.0% Bolsa),967.7811899999999,369501.568129332,568463.9509839406,522986.8349052254,-45477.11607871525,45477.11607871525,8.0
2026-12-06,6,2026-12-01,True,CUNDINAMARCA,9419834.8,322593.73,166715106.22000003,108364819.04,381.8028,274204.67,48389.06,85.0,15.0,Cubierta (85.0% Contratos / 15.0% Bolsa),967.7811899999999,369501.568129332,568463.9509839406,522986.8349052254,-45477.11607871525,45477.11607871525,8.0
2026-12-06,6,2026-12-01,True,TOLIMA,7927475.06,322593.73,166715106.22000003,108364819.04,381.8028,274204.67,48389.06,85.0,15.0,Cubierta (85.0% Contratos / 15.0% Bolsa),967.7811899999999,369501.568129332,568463.9509839406,522986.8349052254,-45477.11607871525,45477.11607871525,8.0
2026-12-07,7,2026-12-01,True,ANTIOQUIA,31053232.53,454010.93125,197826113.64000002,128586973.87,381.8283,385909.29,68101.64,85.0,15.0,Cubierta (85.0% Contratos / 15.0% Bolsa),1362.03279375,520062.66618181317,800096.409485593,736088.6967267456,-64007.712758847396,64007.712758847396,7.999999999999995
2026-12-07,7,2026-12-01,True,BOGOTA,43590508.74,454010.93125,197826113.64000002,128586973.87,381.8283,385909.29,68101.64,85.0,15.0,Cubierta (85.0% Contratos / 15.0% Bolsa),1362.03279375,520062.66618181317,800096.409485593,736088.6967267456,-64007.712758847396,64007.712758847396,7.999999999999995
2026-12-07,7,2026-12-01,True,CARIBE_MAR,35282969.62,454010.93125,197826113.64000002,128586973.87,381.8283,385909.29,68101.64,85.0,15.0,Cubierta (85.0% Contratos / 15.0% Bolsa),1362.03279375,520062.66618181317,800096.409485593,736088.6967267456,-64007.712758847396,64007.712758847396,7.999999999999995
2026-12-07,7,2026-12-01,True,CARIBE_SOL,27695302.41,454010.93125,197826113.64000002,128586973.87,381.8283,385909.29,68101.64,85.0,15.0,Cubierta (85.0% Contratos / 15.0% Bolsa),1362.03279375,520062.66618181317,800096.409485593,736088.6967267456,-64007.712758847396,64007.712758847396,7.999999999999995
2026-12-07,7,2026-12-01,True,VALLE,22537191.27,454010.93125,197826113.64000002,128586973.87,381.8283,385909.29,68101.64,85.0,15.0,Cubierta (85.0% Contratos / 15.0% Bolsa),1362.03279375,520062.66618181317,800096.409485593,736088.6967267456,-64007.712758847396,64007.712758847396,7.999999999999995
2026-12-07,7,2026-12-01,True,SANTANDER,17132177.63,454010.93125,197826113.64000002,128586973.87,381.8283,385909.29,68101.64,85.0,15.0,Cubierta (85.0% Contratos / 15.0% Bolsa),1362.03279375,520062.66618181317,800096.409485593,736088.6967267456,-64007.712758847396,64007.712758847396,7.999999999999995
2026-12-07,7,2026-12-01,True,CUNDINAMARCA,11164172.98,454010.93125,197826113.64000002,128586973.87,381.8283,385909.29,68101.64,85.0,15.0,Cubierta (85.0% Contratos / 15.0% Bolsa),1362.03279375,520062.66618181317,800096.409485593,736088.6967267456,-64007.712758847396,64007.712758847396,7.999999999999995
2026-12-07,7,2026-12-01,True,TOLIMA,9370558.46,454010.93125,197826113.64000002,128586973.87,381.8283,385909.29,68101.64,85.0,15.0,Cubierta (85.0% Contratos / 15.0% Bolsa),1362.03279375,520062.66618181317,800096.409485593,736088.6967267456,-64007.712758847396,64007.712758847396,7.999999999999995
2026-12-08,8,2026-12-01,True,ANTIOQUIA,31074833.32,452438.05375,197140764.31,128141496.8,381.7756,384572.35,67865.71,85.0,15.0,Cubierta (85.0% Contratos / 15.0% Bolsa),1357.31416125,518189.4282997155,797214.5050858174,733437.344678952,-63777.16040686541,63777.16040686541,8.000000000000004
2026-12-08,8,2026-12-01,True,BOGOTA,43768639.43,452438.05375,197140764.31,128141496.8,381.7756,384572.35,67865.71,85.0,15.0,Cubierta (85.0% Contratos / 15.0% Bolsa),1357.31416125,518189.4282997155,797214.5050858174,733437.344678952,-63777.16040686541,63777.16040686541,8.000000000000004
2026-12-08,8,2026-12-01,True,CARIBE_MAR,34671188.72,452438.05375,197140764.31,128141496.8,381.7756,384572.35,67865.71,85.0,15.0,Cubierta (85.0% Contratos / 15.0% Bolsa),1357.31416125,518189.4282997155,797214.5050858174,733437.344678952,-63777.16040686541,63777.16040686541,8.000000000000004
2026-12-08,8,2026-12-01,True,CARIBE_SOL,27432532.36,452438.05375,197140764.31,128141496.8,381.7756,384572.35,67865.71,85.0,15.0,Cubierta (85.0% Contratos / 15.0% Bolsa),1357.31416125,518189.4282997155,797214.5050858174,733437.344678952,-63777.16040686541,63777.16040686541,8.000000000000004
2026-12-08,8,2026-12-01,True,VALLE,22315512.28,452438.05375,197140764.31,128141496.8,381.7756,384572.35,67865.71,85.0,15.0,Cubierta (85.0% Contratos / 15.0% Bolsa),1357.31416125,518189.4282997155,797214.5050858174,733437.344678952,-63777.16040686541,63777.16040686541,8.000000000000004
2026-12-08,8,2026-12-01,True,SANTANDER,17288274.33,452438.05375,197140764.31,128141496.8,381.7756,384572.35,67865.71,85.0,15.0,Cubierta (85.0% Contratos / 15.0% Bolsa),1357.31416125,518189.4282997155,797214.5050858174,733437.344678952,-63777.16040686541,63777.16040686541,8.000000000000004
2026-12-08,8,2026-12-01,True,CUNDINAMARCA,11210089.94,452438.05375,197140764.31,128141496.8,381.7756,384572.35,67865.71,85.0,15.0,Cubierta (85.0% Contratos / 15.0% Bolsa),1357.31416125,518189.4282997155,797214.5050858174,733437.344678952,-63777.16040686541,63777.16040686541,8.000000000000004
2026-12-08,8,2026-12-01,True,TOLIMA,9379693.93,452438.05375,197140764.31,128141496.8,381.7756,384572.35,67865.71,85.0,15.0,Cubierta (85.0% Contratos / 15.0% Bolsa),1357.31416125,518189.4282997155,797214.5050858174,733437.344678952,-63777.16040686541,63777.16040686541,8.000000000000004
2026-12-09,9,2026-12-01,True,ANTIOQUIA,31171926.92,452840.4875,197316116.31,128255475.6,381.6491,384914.41,67926.07,85.0,15.0,Cubierta (85.0% Contratos / 15.0% Bolsa),1358.5214625,518478.4934938088,797659.2207690346,733846.4831075119,-63812.7376615227,63812.7376615227,7.999999999999992
2026-12-09,9,2026-12-01,True,BOGOTA,43116113.04,452840.4875,197316116.31,128255475.6,381.6491,384914.41,67926.07,85.0,15.0,Cubierta (85.0% Contratos / 15.0% Bolsa),1358.5214625,518478.4934938088,797659.2207690346,733846.4831075119,-63812.7376615227,63812.7376615227,7.999999999999992
2026-12-09,9,2026-12-01,True,CARIBE_MAR,34978150.41,452840.4875,197316116.31,128255475.6,381.6491,384914.41,67926.07,85.0,15.0,Cubierta (85.0% Contratos / 15.0% Bolsa),1358.5214625,518478.4934938088,797659.2207690346,733846.4831075119,-63812.7376615227,63812.7376615227,7.999999999999992
2026-12-09,9,2026-12-01,True,CARIBE_SOL,27471407.58,452840.4875,197316116.31,128255475.6,381.6491,384914.41,67926.07,85.0,15.0,Cubierta (85.0% Contratos / 15.0% Bolsa),1358.5214625,518478.4934938088,797659.2207690346,733846.4831075119,-63812.7376615227,63812.7376615227,7.999999999999992
2026-12-09,9,2026-12-01,True,VALLE,22438894.94,452840.4875,197316116.31,128255475.6,381.6491,384914.41,67926.07,85.0,15.0,Cubierta (85.0% Contratos / 15.0% Bolsa),1358.5214625,518478.4934938088,797659.2207690346,733846.4831075119,-63812.7376615227,63812.7376615227,7.999999999999992
2026-12-09,9,2026-12-01,True,SANTANDER,17492313.43,452840.4875,197316116.31,128255475.6,381.6491,384914.41,67926.07,85.0,15.0,Cubierta (85.0% Contratos / 15.0% Bolsa),1358.5214625,518478.4934938088,797659.2207690346,733846.4831075119,-63812.7376615227,63812.7376615227,7.999999999999992
2026-12-09,9,2026-12-01,True,CUNDINAMARCA,11269711.55,452840.4875,197316116.31,128255475.6,381.6491,384914.41,67926.07,85.0,15.0,Cubierta (85.0% Contratos / 15.0% Bolsa),1358.5214625,518478.4934938088,797659.2207690346,733846.4831075119,-63812.7376615227,63812.7376615227,7.999999999999992
2026-12-09,9,2026-12-01,True,TOLIMA,9377598.44,452840.4875,197316116.31,128255475.6,381.6491,384914.41,67926.07,85.0,15.0,Cubierta (85.0% Contratos / 15.0% Bolsa),1358.5214625,518478.4934938088,797659.2207690346,733846.4831075119,-63812.7376615227,63812.7376615227,7.999999999999992
2026-12-10,10,2026-12-01,True,ANTIOQUIA,30942844.4,452729.02125,197267547.35999995,128223905.78,381.4542,384819.67,67909.35,85.0,15.0,Cubierta (85.0% Contratos / 15.0% Bolsa),1358.18706375,518086.1598531053,797055.6305681033,733291.180122655,-63764.45044544828,63764.45044544828,8.000000000000004
2026-12-10,10,2026-12-01,True,BOGOTA,43434924.32,452729.02125,197267547.35999995,128223905.78,381.4542,384819.67,67909.35,85.0,15.0,Cubierta (85.0% Contratos / 15.0% Bolsa),1358.18706375,518086.1598531053,797055.6305681033,733291.180122655,-63764.45044544828,63764.45044544828,8.000000000000004
2026-12-10,10,2026-12-01,True,CARIBE_MAR,35410182.61,452729.02125,197267547.35999995,128223905.78,381.4542,384819.67,67909.35,85.0,15.0,Cubierta (85.0% Contratos / 15.0% Bolsa),1358.18706375,518086.1598531053,797055.6305681033,733291.180122655,-63764.45044544828,63764.45044544828,8.000000000000004
2026-12-10,10,2026-12-01,True,CARIBE_SOL,27314462.5,452729.02125,197267547.35999995,128223905.78,381.4542,384819.67,67909.35,85.0,15.0,Cubierta (85.0% Contratos / 15.0% Bolsa),1358.18706375,518086.1598531053,797055.6305681033,733291.180122655,-63764.45044544828,63764.45044544828,8.000000000000004
2026-12-10,10,2026-12-01,True,VALLE,22404909.48,452729.02125,197267547.35999995,128223905.78,381.4542,384819.67,67909.35,85.0,15.0,Cubierta (85.0% Contratos / 15.0% Bolsa),1358.18706375,518086.1598531053,797055.6305681033,733291.180122655,-63764.45044544828,63764.45044544828,8.000000000000004
2026-12-10,10,2026-12-01,True,SANTANDER,17334671.26,452729.02125,197267547.35999995,128223905.78,381.4542,384819.67,67909.35,85.0,15.0,Cubierta (85.0% Contratos / 15.0% Bolsa),1358.18706375,518086.1598531053,797055.6305681033,733291.180122655,-63764.45044544828,63764.45044544828,8.000000000000004
2026-12-10,10,2026-12-01,True,CUNDINAMARCA,11105669.28,452729.02125,197267547.35999995,128223905.78,381.4542,384819.67,67909.35,85.0,15.0,Cubierta (85.0% Contratos / 15.0% Bolsa),1358.18706375,518086.1598531053,797055.6305681033,733291.180122655,-63764.45044544828,63764.45044544828,8.000000000000004
2026-12-10,10,2026-12-01,True,TOLIMA,9319883.51,452729.02125,197267547.35999995,128223905.78,381.4542,384819.67,67909.35,85.0,15.0,Cubierta (85.0% Contratos / 15.0% Bolsa),1358.18706375,518086.1598531053,797055.6305681033,733291.180122655,-63764.45044544828,63764.45044544828,8.000000000000004
2026-12-11,11,2026-12-01,True,ANTIOQUIA,30649354.57,451667.975,196805217.76000002,127923391.54,381.1981,383917.78,67750.2,85.0,15.0,Cubierta (85.0% Contratos / 15.0% Bolsa),1355.003925,516524.9217025425,794653.725721067,731081.4276633817,-63572.29805768537,63572.29805768537,8.000000000000002
2026-12-11,11,2026-12-01,True,BOGOTA,43694256.8,451667.975,196805217.76000002,127923391.54,381.1981,383917.78,67750.2,85.0,15.0,Cubierta (85.0% Contratos / 15.0% Bolsa),1355.003925,516524.9217025425,794653.725721067,731081.4276633817,-63572.29805768537,63572.29805768537,8.000000000000002
2026-12-11,11,2026-12-01,True,CARIBE_MAR,34803923.78,451667.975,196805217.76000002,127923391.54,381.1981,383917.78,67750.2,85.0,15.0,Cubierta (85.0% Contratos / 15.0% Bolsa),1355.003925,516524.9217025425,794653.725721067,731081.4276633817,-63572.29805768537,63572.29805768537,8.000000000000002
2026-12-11,11,2026-12-01,True,CARIBE_SOL,27310799.09,451667.975,196805217.76000002,127923391.54,381.1981,383917.78,67750.2,85.0,15.0,Cubierta (85.0% Contratos / 15.0% Bolsa),1355.003925,516524.9217025425,794653.725721067,731081.4276633817,-63572.29805768537,63572.29805768537,8.000000000000002
2026-12-11,11,2026-12-01,True,VALLE,22397411.28,451667.975,196805217.76000002,127923391.54,381.1981,383917.78,67750.2,85.0,15.0,Cubierta (85.0% Contratos / 15.0% Bolsa),1355.003925,516524.9217025425,794653.725721067,731081.4276633817,-63572.29805768537,63572.29805768537,8.000000000000002
2026-12-11,11,2026-12-01,True,SANTANDER,17337338.06,451667.975,196805217.76000002,127923391.54,381.1981,383917.78,67750.2,85.0,15.0,Cubierta (85.0% Contratos / 15.0% Bolsa),1355.003925,516524.9217025425,794653.725721067,731081.4276633817,-63572.29805768537,63572.29805768537,8.000000000000002
2026-12-11,11,2026-12-01,True,CUNDINAMARCA,11293440.44,451667.975,196805217.76000002,127923391.54,381.1981,383917.78,67750.2,85.0,15.0,Cubierta (85.0% Contratos / 15.0% Bolsa),1355.003925,516524.9217025425,794653.725721067,731081.4276633817,-63572.29805768537,63572.29805768537,8.000000000000002
2026-12-11,11,2026-12-01,True,TOLIMA,9318693.74,451667.975,196805217.76000002,127923391.54,381.1981,383917.78,67750.2,85.0,15.0,Cubierta (85.0% Contratos / 15.0% Bolsa),1355.003925,516524.9217025425,794653.725721067,731081.4276633817,-63572.29805768537,63572.29805768537,8.000000000000002
2026-12-12,12,2026-12-01,True,ANTIOQUIA,25897540.73,320935.50875,165858143.76,107807793.44,380.8889,272795.18,48140.33,85.0,15.0,Cubierta (85.0% Contratos / 15.0% Bolsa),962.8065262499999,366722.31869618356,564188.1826304463,519053.1280200106,-45135.054610435676,45135.054610435676,7.9999999999999964
2026-12-12,12,2026-12-01,True,BOGOTA,36866530.48,320935.50875,165858143.76,107807793.44,380.8889,272795.18,48140.33,85.0,15.0,Cubierta (85.0% Contratos / 15.0% Bolsa),962.8065262499999,366722.31869618356,564188.1826304463,519053.1280200106,-45135.054610435676,45135.054610435676,7.9999999999999964
2026-12-12,12,2026-12-01,True,CARIBE_MAR,29303487.52,320935.50875,165858143.76,107807793.44,380.8889,272795.18,48140.33,85.0,15.0,Cubierta (85.0% Contratos / 15.0% Bolsa),962.8065262499999,366722.31869618356,564188.1826304463,519053.1280200106,-45135.054610435676,45135.054610435676,7.9999999999999964
2026-12-12,12,2026-12-01,True,CARIBE_SOL,23128158.5,320935.50875,165858143.76,107807793.44,380.8889,272795.18,48140.33,85.0,15.0,Cubierta (85.0% Contratos / 15.0% Bolsa),962.8065262499999,366722.31869618356,564188.1826304463,519053.1280200106,-45135.054610435676,45135.054610435676,7.9999999999999964
2026-12-12,12,2026-12-01,True,VALLE,18746739.48,320935.50875,165858143.76,107807793.44,380.8889,272795.18,48140.33,85.0,15.0,Cubierta (85.0% Contratos / 15.0% Bolsa),962.8065262499999,366722.31869618356,564188.1826304463,519053.1280200106,-45135.054610435676,45135.054610435676,7.9999999999999964
2026-12-12,12,2026-12-01,True,SANTANDER,14810188.3,320935.50875,165858143.76,107807793.44,380.8889,272795.18,48140.33,85.0,15.0,Cubierta (85.0% Contratos / 15.0% Bolsa),962.8065262499999,366722.31869618356,564188.1826304463,519053.1280200106,-45135.054610435676,45135.054610435676,7.9999999999999964
2026-12-12,12,2026-12-01,True,CUNDINAMARCA,9273002.38,320935.50875,165858143.76,107807793.44,380.8889,272795.18,48140.33,85.0,15.0,Cubierta (85.0% Contratos / 15.0% Bolsa),962.8065262499999,366722.31869618356,564188.1826304463,519053.1280200106,-45135.054610435676,45135.054610435676,7.9999999999999964
2026-12-12,12,2026-12-01,True,TOLIMA,7832496.37,320935.50875,165858143.76,107807793.44,380.8889,272795.18,48140.33,85.0,15.0,Cubierta (85.0% Contratos / 15.0% Bolsa),962.8065262499999,366722.31869618356,564188.1826304463,519053.1280200106,-45135.054610435676,45135.054610435676,7.9999999999999964
2026-12-13,13,2026-12-01,True,ANTIOQUIA,26228932.92,322945.2525,166896771.22,108482901.29,380.5362,274503.46,48441.79,85.0,15.0,Cubierta (85.0% Contratos / 15.0% Bolsa),968.8357575,368677.0775831715,567195.5039897952,521819.86367061164,-45375.640319183585,45375.640319183585,7.999999999999995
2026-12-13,13,2026-12-01,True,BOGOTA,37213483.39,322945.2525,166896771.22,108482901.29,380.5362,274503.46,48441.79,85.0,15.0,Cubierta (85.0% Contratos / 15.0% Bolsa),968.8357575,368677.0775831715,567195.5039897952,521819.86367061164,-45375.640319183585,45375.640319183585,7.999999999999995
2026-12-13,13,2026-12-01,True,CARIBE_MAR,29507071.76,322945.2525,166896771.22,108482901.29,380.5362,274503.46,48441.79,85.0,15.0,Cubierta (85.0% Contratos / 15.0% Bolsa),968.8357575,368677.0775831715,567195.5039897952,521819.86367061164,-45375.640319183585,45375.640319183585,7.999999999999995
2026-12-13,13,2026-12-01,True,CARIBE_SOL,23021765.25,322945.2525,166896771.22,108482901.29,380.5362,274503.46,48441.79,85.0,15.0,Cubierta (85.0% Contratos / 15.0% Bolsa),968.8357575,368677.0775831715,567195.5039897952,521819.86367061164,-45375.640319183585,45375.640319183585,7.999999999999995
2026-12-13,13,2026-12-01,True,VALLE,18879746.74,322945.2525,166896771.22,108482901.29,380.5362,274503.46,48441.79,85.0,15.0,Cubierta (85.0% Contratos / 15.0% Bolsa),968.8357575,368677.0775831715,567195.5039897952,521819.86367061164,-45375.640319183585,45375.640319183585,7.999999999999995
2026-12-13,13,2026-12-01,True,SANTANDER,14671756.67,322945.2525,166896771.22,108482901.29,380.5362,274503.46,48441.79,85.0,15.0,Cubierta (85.0% Contratos / 15.0% Bolsa),968.8357575,368677.0775831715,567195.5039897952,521819.86367061164,-45375.640319183585,45375.640319183585,7.999999999999995
2026-12-13,13,2026-12-01,True,CUNDINAMARCA,9436635.77,322945.2525,166896771.22,108482901.29,380.5362,274503.46,48441.79,85.0,15.0,Cubierta (85.0% Contratos / 15.0% Bolsa),968.8357575,368677.0775831715,567195.5039897952,521819.86367061164,-45375.640319183585,45375.640319183585,7.999999999999995
2026-12-13,13,2026-12-01,True,TOLIMA,7937378.72,322945.2525,166896771.22,108482901.29,380.5362,274503.46,48441.79,85.0,15.0,Cubierta (85.0% Contratos / 15.0% Bolsa),968.8357575,368677.0775831715,567195.5039897952,521819.86367061164,-45375.640319183585,45375.640319183585,7.999999999999995
2026-12-14,14,2026-12-01,True,ANTIOQUIA,31045595.18,453402.25,197560893.44000003,128414580.74,380.15,385391.91,68010.34,85.0,15.0,Cubierta (85.0% Contratos / 15.0% Bolsa),1360.20675,517082.5960125,795511.6861482975,731870.7512564338,-63640.934891863726,63640.934891863726,7.99999999999999
2026-12-14,14,2026-12-01,True,BOGOTA,44087262.28,453402.25,197560893.44000003,128414580.74,380.15,385391.91,68010.34,85.0,15.0,Cubierta (85.0% Contratos / 15.0% Bolsa),1360.20675,517082.5960125,795511.6861482975,731870.7512564338,-63640.934891863726,63640.934891863726,7.99999999999999
2026-12-14,14,2026-12-01,True,CARIBE_MAR,34467304.02,453402.25,197560893.44000003,128414580.74,380.15,385391.91,68010.34,85.0,15.0,Cubierta (85.0% Contratos / 15.0% Bolsa),1360.20675,517082.5960125,795511.6861482975,731870.7512564338,-63640.934891863726,63640.934891863726,7.99999999999999
2026-12-14,14,2026-12-01,True,CARIBE_SOL,27403422.37,453402.25,197560893.44000003,128414580.74,380.15,385391.91,68010.34,85.0,15.0,Cubierta (85.0% Contratos / 15.0% Bolsa),1360.20675,517082.5960125,795511.6861482975,731870.7512564338,-63640.934891863726,63640.934891863726,7.99999999999999
2026-12-14,14,2026-12-01,True,VALLE,22421456.5,453402.25,197560893.44000003,128414580.74,380.15,385391.91,68010.34,85.0,15.0,Cubierta (85.0% Contratos / 15.0% Bolsa),1360.20675,517082.5960125,795511.6861482975,731870.7512564338,-63640.934891863726,63640.934891863726,7.99999999999999
2026-12-14,14,2026-12-01,True,SANTANDER,17331783.66,453402.25,197560893.44000003,128414580.74,380.15,385391.91,68010.34,85.0,15.0,Cubierta (85.0% Contratos / 15.0% Bolsa),1360.20675,517082.5960125,795511.6861482975,731870.7512564338,-63640.934891863726,63640.934891863726,7.99999999999999
2026-12-14,14,2026-12-01,True,CUNDINAMARCA,11405046.09,453402.25,197560893.44000003,128414580.74,380.15,385391.91,68010.34,85.0,15.0,Cubierta (85.0% Contratos / 15.0% Bolsa),1360.20675,517082.5960125,795511.6861482975,731870.7512564338,-63640.934891863726,63640.934891863726,7.99999999999999
2026-12-14,14,2026-12-01,True,TOLIMA,9399023.34,453402.25,197560893.44000003,128414580.74,380.15,385391.91,68010.34,85.0,15.0,Cubierta (85.0% Contratos / 15.0% Bolsa),1360.20675,517082.5960125,795511.6861482975,731870.7512564338,-63640.934891863726,63640.934891863726,7.99999999999999
2026-12-15,15,2026-12-01,True,ANTIOQUIA,31290077.02,453022.8725,197395587.13,128307131.63,379.7413,385069.44,67953.43,85.0,15.0,Cubierta (85.0% Contratos / 15.0% Bolsa),1359.0686175,516094.4835986528,793991.5132565435,730472.19219602,-63519.32106052351,63519.32106052351,8.000000000000004
2026-12-15,15,2026-12-01,True,BOGOTA,43646076.41,453022.8725,197395587.13,128307131.63,379.7413,385069.44,67953.43,85.0,15.0,Cubierta (85.0% Contratos / 15.0% Bolsa),1359.0686175,516094.4835986528,793991.5132565435,730472.19219602,-63519.32106052351,63519.32106052351,8.000000000000004
2026-12-15,15,2026-12-01,True,CARIBE_MAR,34891438.86,453022.8725,197395587.13,128307131.63,379.7413,385069.44,67953.43,85.0,15.0,Cubierta (85.0% Contratos / 15.0% Bolsa),1359.0686175,516094.4835986528,793991.5132565435,730472.19219602,-63519.32106052351,63519.32106052351,8.000000000000004
2026-12-15,15,2026-12-01,True,CARIBE_SOL,27371358.72,453022.8725,197395587.13,128307131.63,379.7413,385069.44,67953.43,85.0,15.0,Cubierta (85.0% Contratos / 15.0% Bolsa),1359.0686175,516094.4835986528,793991.5132565435,730472.19219602,-63519.32106052351,63519.32106052351,8.000000000000004
2026-12-15,15,2026-12-01,True,VALLE,22233262.03,453022.8725,197395587.13,128307131.63,379.7413,385069.44,67953.43,85.0,15.0,Cubierta (85.0% Contratos / 15.0% Bolsa),1359.0686175,516094.4835986528,793991.5132565435,730472.19219602,-63519.32106052351,63519.32106052351,8.000000000000004
2026-12-15,15,2026-12-01,True,SANTANDER,17482656.94,453022.8725,197395587.13,128307131.63,379.7413,385069.44,67953.43,85.0,15.0,Cubierta (85.0% Contratos / 15.0% Bolsa),1359.0686175,516094.4835986528,793991.5132565435,730472.19219602,-63519.32106052351,63519.32106052351,8.000000000000004
2026-12-15,15,2026-12-01,True,CUNDINAMARCA,11074587.9,453022.8725,197395587.13,128307131.63,379.7413,385069.44,67953.43,85.0,15.0,Cubierta (85.0% Contratos / 15.0% Bolsa),1359.0686175,516094.4835986528,793991.5132565435,730472.19219602,-63519.32106052351,63519.32106052351,8.000000000000004
2026-12-15,15,2026-12-01,True,TOLIMA,9406129.25,453022.8725,197395587.13,128307131.63,379.7413,385069.44,67953.43,85.0,15.0,Cubierta (85.0% Contratos / 15.0% Bolsa),1359.0686175,516094.4835986528,793991.5132565435,730472.19219602,-63519.32106052351,63519.32106052351,8.000000000000004
2026-12-16,16,2026-12-01,True,ANTIOQUIA,30940490.5,454437.5025,198011983.44,128707789.24,379.3216,386271.88,68165.63,85.0,15.0,Cubierta (85.0% Contratos / 15.0% Bolsa),1363.3125075,517133.881644912,795590.5871212931,731943.3401515896,-63647.24696970347,63647.24696970347,8.000000000000004
2026-12-16,16,2026-12-01,True,BOGOTA,44134853.23,454437.5025,198011983.44,128707789.24,379.3216,386271.88,68165.63,85.0,15.0,Cubierta (85.0% Contratos / 15.0% Bolsa),1363.3125075,517133.881644912,795590.5871212931,731943.3401515896,-63647.24696970347,63647.24696970347,8.000000000000004
2026-12-16,16,2026-12-01,True,CARIBE_MAR,34563405.08,454437.5025,198011983.44,128707789.24,379.3216,386271.88,68165.63,85.0,15.0,Cubierta (85.0% Contratos / 15.0% Bolsa),1363.3125075,517133.881644912,795590.5871212931,731943.3401515896,-63647.24696970347,63647.24696970347,8.000000000000004
2026-12-16,16,2026-12-01,True,CARIBE_SOL,27475392.46,454437.5025,198011983.44,128707789.24,379.3216,386271.88,68165.63,85.0,15.0,Cubierta (85.0% Contratos / 15.0% Bolsa),1363.3125075,517133.881644912,795590.5871212931,731943.3401515896,-63647.24696970347,63647.24696970347,8.000000000000004
2026-12-16,16,2026-12-01,True,VALLE,22660087.61,454437.5025,198011983.44,128707789.24,379.3216,386271.88,68165.63,85.0,15.0,Cubierta (85.0% Contratos / 15.0% Bolsa),1363.3125075,517133.881644912,795590.5871212931,731943.3401515896,-63647.24696970347,63647.24696970347,8.000000000000004
2026-12-16,16,2026-12-01,True,SANTANDER,17653072.07,454437.5025,198011983.44,128707789.24,379.3216,386271.88,68165.63,85.0,15.0,Cubierta (85.0% Contratos / 15.0% Bolsa),1363.3125075,517133.881644912,795590.5871212931,731943.3401515896,-63647.24696970347,63647.24696970347,8.000000000000004
2026-12-16,16,2026-12-01,True,CUNDINAMARCA,11124009.27,454437.5025,198011983.44,128707789.24,379.3216,386271.88,68165.63,85.0,15.0,Cubierta (85.0% Contratos / 15.0% Bolsa),1363.3125075,517133.881644912,795590.5871212931,731943.3401515896,-63647.24696970347,63647.24696970347,8.000000000000004
2026-12-16,16,2026-12-01,True,TOLIMA,9460673.22,454437.5025,198011983.44,128707789.24,379.3216,386271.88,68165.63,85.0,15.0,Cubierta (85.0% Contratos / 15.0% Bolsa),1363.3125075,517133.881644912,795590.5871212931,731943.3401515896,-63647.24696970347,63647.24696970347,8.000000000000004
2026-12-17,17,2026-12-01,True,ANTIOQUIA,31329695.79,453080.85625,197420852.29,128323553.99,378.9024,385118.73,67962.13,85.0,15.0,Cubierta (85.0% Contratos / 15.0% Bolsa),1359.2425687500001,515020.27148154005,792338.8791931075,728951.768857659,-63387.110335448524,63387.110335448524,7.99999999999999
2026-12-17,17,2026-12-01,True,BOGOTA,43465603.69,453080.85625,197420852.29,128323553.99,378.9024,385118.73,67962.13,85.0,15.0,Cubierta (85.0% Contratos / 15.0% Bolsa),1359.2425687500001,515020.27148154005,792338.8791931075,728951.768857659,-63387.110335448524,63387.110335448524,7.99999999999999
2026-12-17,17,2026-12-01,True,CARIBE_MAR,34929537.03,453080.85625,197420852.29,128323553.99,378.9024,385118.73,67962.13,85.0,15.0,Cubierta (85.0% Contratos / 15.0% Bolsa),1359.2425687500001,515020.27148154005,792338.8791931075,728951.768857659,-63387.110335448524,63387.110335448524,7.99999999999999
2026-12-17,17,2026-12-01,True,CARIBE_SOL,27389728.57,453080.85625,197420852.29,128323553.99,378.9024,385118.73,67962.13,85.0,15.0,Cubierta (85.0% Contratos / 15.0% Bolsa),1359.2425687500001,515020.27148154005,792338.8791931075,728951.768857659,-63387.110335448524,63387.110335448524,7.99999999999999
2026-12-17,17,2026-12-01,True,VALLE,22517778.32,453080.85625,197420852.29,128323553.99,378.9024,385118.73,67962.13,85.0,15.0,Cubierta (85.0% Contratos / 15.0% Bolsa),1359.2425687500001,515020.27148154005,792338.8791931075,728951.768857659,-63387.110335448524,63387.110335448524,7.99999999999999
2026-12-17,17,2026-12-01,True,SANTANDER,17267326.86,453080.85625,197420852.29,128323553.99,378.9024,385118.73,67962.13,85.0,15.0,Cubierta (85.0% Contratos / 15.0% Bolsa),1359.2425687500001,515020.27148154005,792338.8791931075,728951.768857659,-63387.110335448524,63387.110335448524,7.99999999999999
2026-12-17,17,2026-12-01,True,CUNDINAMARCA,11156928.29,453080.85625,197420852.29,128323553.99,378.9024,385118.73,67962.13,85.0,15.0,Cubierta (85.0% Contratos / 15.0% Bolsa),1359.2425687500001,515020.27148154005,792338.8791931075,728951.768857659,-63387.110335448524,63387.110335448524,7.99999999999999
2026-12-17,17,2026-12-01,True,TOLIMA,9364253.74,453080.85625,197420852.29,128323553.99,378.9024,385118.73,67962.13,85.0,15.0,Cubierta (85.0% Contratos / 15.0% Bolsa),1359.2425687500001,515020.27148154005,792338.8791931075,728951.768857659,-63387.110335448524,63387.110335448524,7.99999999999999
2026-12-18,18,2026-12-01,True,ANTIOQUIA,30879943.97,451190.685,196597248.28,127788211.38,378.4953,383512.08,67678.6,85.0,15.0,Cubierta (85.0% Contratos / 15.0% Bolsa),1353.572055,512320.6610288415,788185.6323643997,725130.7817752478,-63054.85058915196,63054.85058915196,7.999999999999997
2026-12-18,18,2026-12-01,True,BOGOTA,42946013.24,451190.685,196597248.28,127788211.38,378.4953,383512.08,67678.6,85.0,15.0,Cubierta (85.0% Contratos / 15.0% Bolsa),1353.572055,512320.6610288415,788185.6323643997,725130.7817752478,-63054.85058915196,63054.85058915196,7.999999999999997
2026-12-18,18,2026-12-01,True,CARIBE_MAR,34946232.23,451190.685,196597248.28,127788211.38,378.4953,383512.08,67678.6,85.0,15.0,Cubierta (85.0% Contratos / 15.0% Bolsa),1353.572055,512320.6610288415,788185.6323643997,725130.7817752478,-63054.85058915196,63054.85058915196,7.999999999999997
2026-12-18,18,2026-12-01,True,CARIBE_SOL,27535515.74,451190.685,196597248.28,127788211.38,378.4953,383512.08,67678.6,85.0,15.0,Cubierta (85.0% Contratos / 15.0% Bolsa),1353.572055,512320.6610288415,788185.6323643997,725130.7817752478,-63054.85058915196,63054.85058915196,7.999999999999997
2026-12-18,18,2026-12-01,True,VALLE,22243163.8,451190.685,196597248.28,127788211.38,378.4953,383512.08,67678.6,85.0,15.0,Cubierta (85.0% Contratos / 15.0% Bolsa),1353.572055,512320.6610288415,788185.6323643997,725130.7817752478,-63054.85058915196,63054.85058915196,7.999999999999997
2026-12-18,18,2026-12-01,True,SANTANDER,17618469.32,451190.685,196597248.28,127788211.38,378.4953,383512.08,67678.6,85.0,15.0,Cubierta (85.0% Contratos / 15.0% Bolsa),1353.572055,512320.6610288415,788185.6323643997,725130.7817752478,-63054.85058915196,63054.85058915196,7.999999999999997
2026-12-18,18,2026-12-01,True,CUNDINAMARCA,11225287.38,451190.685,196597248.28,127788211.38,378.4953,383512.08,67678.6,85.0,15.0,Cubierta (85.0% Contratos / 15.0% Bolsa),1353.572055,512320.6610288415,788185.6323643997,725130.7817752478,-63054.85058915196,63054.85058915196,7.999999999999997
2026-12-18,18,2026-12-01,True,TOLIMA,9202622.6,451190.685,196597248.28,127788211.38,378.4953,383512.08,67678.6,85.0,15.0,Cubierta (85.0% Contratos / 15.0% Bolsa),1353.572055,512320.6610288415,788185.6323643997,725130.7817752478,-63054.85058915196,63054.85058915196,7.999999999999997
2026-12-19,19,2026-12-01,True,ANTIOQUIA,26215402.94,322912.02125,166879597.72,108471738.52,378.1116,274475.22,48436.8,85.0,15.0,Cubierta (85.0% Contratos / 15.0% Bolsa),968.73606375,366290.3430422145,563523.6046699397,518441.7162963446,-45081.88837359514,45081.88837359514,7.999999999999993
2026-12-19,19,2026-12-01,True,BOGOTA,37009094.38,322912.02125,166879597.72,108471738.52,378.1116,274475.22,48436.8,85.0,15.0,Cubierta (85.0% Contratos / 15.0% Bolsa),968.73606375,366290.3430422145,563523.6046699397,518441.7162963446,-45081.88837359514,45081.88837359514,7.999999999999993
2026-12-19,19,2026-12-01,True,CARIBE_MAR,29614978.52,322912.02125,166879597.72,108471738.52,378.1116,274475.22,48436.8,85.0,15.0,Cubierta (85.0% Contratos / 15.0% Bolsa),968.73606375,366290.3430422145,563523.6046699397,518441.7162963446,-45081.88837359514,45081.88837359514,7.999999999999993
2026-12-19,19,2026-12-01,True,CARIBE_SOL,23185301.11,322912.02125,166879597.72,108471738.52,378.1116,274475.22,48436.8,85.0,15.0,Cubierta (85.0% Contratos / 15.0% Bolsa),968.73606375,366290.3430422145,563523.6046699397,518441.7162963446,-45081.88837359514,45081.88837359514,7.999999999999993
2026-12-19,19,2026-12-01,True,VALLE,18908126.78,322912.02125,166879597.72,108471738.52,378.1116,274475.22,48436.8,85.0,15.0,Cubierta (85.0% Contratos / 15.0% Bolsa),968.73606375,366290.3430422145,563523.6046699397,518441.7162963446,-45081.88837359514,45081.88837359514,7.999999999999993
2026-12-19,19,2026-12-01,True,SANTANDER,14596315.89,322912.02125,166879597.72,108471738.52,378.1116,274475.22,48436.8,85.0,15.0,Cubierta (85.0% Contratos / 15.0% Bolsa),968.73606375,366290.3430422145,563523.6046699397,518441.7162963446,-45081.88837359514,45081.88837359514,7.999999999999993
2026-12-19,19,2026-12-01,True,CUNDINAMARCA,9475754.31,322912.02125,166879597.72,108471738.52,378.1116,274475.22,48436.8,85.0,15.0,Cubierta (85.0% Contratos / 15.0% Bolsa),968.73606375,366290.3430422145,563523.6046699397,518441.7162963446,-45081.88837359514,45081.88837359514,7.999999999999993
2026-12-19,19,2026-12-01,True,TOLIMA,7874623.79,322912.02125,166879597.72,108471738.52,378.1116,274475.22,48436.8,85.0,15.0,Cubierta (85.0% Contratos / 15.0% Bolsa),968.73606375,366290.3430422145,563523.6046699397,518441.7162963446,-45081.88837359514,45081.88837359514,7.999999999999993
2026-12-20,20,2026-12-01,True,ANTIOQUIA,26648740.13,323739.37625,167307171.03,108749661.17,377.7623,275178.47,48560.91,85.0,15.0,Cubierta (85.0% Contratos / 15.0% Bolsa),971.2181287499999,366889.59411829605,564445.5294101681,519289.8870573546,-45155.64235281345,45155.64235281345,8.0
2026-12-20,20,2026-12-01,True,BOGOTA,36576292.71,323739.37625,167307171.03,108749661.17,377.7623,275178.47,48560.91,85.0,15.0,Cubierta (85.0% Contratos / 15.0% Bolsa),971.2181287499999,366889.59411829605,564445.5294101681,519289.8870573546,-45155.64235281345,45155.64235281345,8.0
2026-12-20,20,2026-12-01,True,CARIBE_MAR,29492839.71,323739.37625,167307171.03,108749661.17,377.7623,275178.47,48560.91,85.0,15.0,Cubierta (85.0% Contratos / 15.0% Bolsa),971.2181287499999,366889.59411829605,564445.5294101681,519289.8870573546,-45155.64235281345,45155.64235281345,8.0
2026-12-20,20,2026-12-01,True,CARIBE_SOL,23484922.78,323739.37625,167307171.03,108749661.17,377.7623,275178.47,48560.91,85.0,15.0,Cubierta (85.0% Contratos / 15.0% Bolsa),971.2181287499999,366889.59411829605,564445.5294101681,519289.8870573546,-45155.64235281345,45155.64235281345,8.0
2026-12-20,20,2026-12-01,True,VALLE,18964224.92,323739.37625,167307171.03,108749661.17,377.7623,275178.47,48560.91,85.0,15.0,Cubierta (85.0% Contratos / 15.0% Bolsa),971.2181287499999,366889.59411829605,564445.5294101681,519289.8870573546,-45155.64235281345,45155.64235281345,8.0
2026-12-20,20,2026-12-01,True,SANTANDER,14677693.58,323739.37625,167307171.03,108749661.17,377.7623,275178.47,48560.91,85.0,15.0,Cubierta (85.0% Contratos / 15.0% Bolsa),971.2181287499999,366889.59411829605,564445.5294101681,519289.8870573546,-45155.64235281345,45155.64235281345,8.0
2026-12-20,20,2026-12-01,True,CUNDINAMARCA,9514752.69,323739.37625,167307171.03,108749661.17,377.7623,275178.47,48560.91,85.0,15.0,Cubierta (85.0% Contratos / 15.0% Bolsa),971.2181287499999,366889.59411829605,564445.5294101681,519289.8870573546,-45155.64235281345,45155.64235281345,8.0
2026-12-20,20,2026-12-01,True,TOLIMA,7947704.51,323739.37625,167307171.03,108749661.17,377.7623,275178.47,48560.91,85.0,15.0,Cubierta (85.0% Contratos / 15.0% Bolsa),971.2181287499999,366889.59411829605,564445.5294101681,519289.8870573546,-45155.64235281345,45155.64235281345,8.0
2026-12-21,21,2026-12-01,True,ANTIOQUIA,31302748.51,454292.04625,197948603.79999998,128666592.47,377.4575,386148.24,68143.81,85.0,15.0,Cubierta (85.0% Contratos / 15.0% Bolsa),1362.87613875,514427.82014222816,791427.4156034279,728113.2223551538,-63314.193248274154,63314.193248274154,7.99999999999999
2026-12-21,21,2026-12-01,True,BOGOTA,43565631.76,454292.04625,197948603.79999998,128666592.47,377.4575,386148.24,68143.81,85.0,15.0,Cubierta (85.0% Contratos / 15.0% Bolsa),1362.87613875,514427.82014222816,791427.4156034279,728113.2223551538,-63314.193248274154,63314.193248274154,7.99999999999999
2026-12-21,21,2026-12-01,True,CARIBE_MAR,35092712.34,454292.04625,197948603.79999998,128666592.47,377.4575,386148.24,68143.81,85.0,15.0,Cubierta (85.0% Contratos / 15.0% Bolsa),1362.87613875,514427.82014222816,791427.4156034279,728113.2223551538,-63314.193248274154,63314.193248274154,7.99999999999999
2026-12-21,21,2026-12-01,True,CARIBE_SOL,27628483.53,454292.04625,197948603.79999998,128666592.47,377.4575,386148.24,68143.81,85.0,15.0,Cubierta (85.0% Contratos / 15.0% Bolsa),1362.87613875,514427.82014222816,791427.4156034279,728113.2223551538,-63314.193248274154,63314.193248274154,7.99999999999999
2026-12-21,21,2026-12-01,True,VALLE,22504402.56,454292.04625,197948603.79999998,128666592.47,377.4575,386148.24,68143.81,85.0,15.0,Cubierta (85.0% Contratos / 15.0% Bolsa),1362.87613875,514427.82014222816,791427.4156034279,728113.2223551538,-63314.193248274154,63314.193248274154,7.99999999999999
2026-12-21,21,2026-12-01,True,SANTANDER,17398456.63,454292.04625,197948603.79999998,128666592.47,377.4575,386148.24,68143.81,85.0,15.0,Cubierta (85.0% Contratos / 15.0% Bolsa),1362.87613875,514427.82014222816,791427.4156034279,728113.2223551538,-63314.193248274154,63314.193248274154,7.99999999999999
2026-12-21,21,2026-12-01,True,CUNDINAMARCA,11071825.02,454292.04625,197948603.79999998,128666592.47,377.4575,386148.24,68143.81,85.0,15.0,Cubierta (85.0% Contratos / 15.0% Bolsa),1362.87613875,514427.82014222816,791427.4156034279,728113.2223551538,-63314.193248274154,63314.193248274154,7.99999999999999
2026-12-21,21,2026-12-01,True,TOLIMA,9384343.45,454292.04625,197948603.79999998,128666592.47,377.4575,386148.24,68143.81,85.0,15.0,Cubierta (85.0% Contratos / 15.0% Bolsa),1362.87613875,514427.82014222816,791427.4156034279,728113.2223551538,-63314.193248274154,63314.193248274154,7.99999999999999
2026-12-22,22,2026-12-01,True,ANTIOQUIA,30929998.78,455001.5625,198257761.52,128867544.99,377.2065,386751.33,68250.23,85.0,15.0,Cubierta (85.0% Contratos / 15.0% Bolsa),1365.0046875,514888.6406554688,792136.3702268889,728765.4606087379,-63370.909618151025,63370.909618151025,7.999999999999989
2026-12-22,22,2026-12-01,True,BOGOTA,44155971.14,455001.5625,198257761.52,128867544.99,377.2065,386751.33,68250.23,85.0,15.0,Cubierta (85.0% Contratos / 15.0% Bolsa),1365.0046875,514888.6406554688,792136.3702268889,728765.4606087379,-63370.909618151025,63370.909618151025,7.999999999999989
2026-12-22,22,2026-12-01,True,CARIBE_MAR,35006282.51,455001.5625,198257761.52,128867544.99,377.2065,386751.33,68250.23,85.0,15.0,Cubierta (85.0% Contratos / 15.0% Bolsa),1365.0046875,514888.6406554688,792136.3702268889,728765.4606087379,-63370.909618151025,63370.909618151025,7.999999999999989
2026-12-22,22,2026-12-01,True,CARIBE_SOL,27607876.55,455001.5625,198257761.52,128867544.99,377.2065,386751.33,68250.23,85.0,15.0,Cubierta (85.0% Contratos / 15.0% Bolsa),1365.0046875,514888.6406554688,792136.3702268889,728765.4606087379,-63370.909618151025,63370.909618151025,7.999999999999989
2026-12-22,22,2026-12-01,True,VALLE,22675486.13,455001.5625,198257761.52,128867544.99,377.2065,386751.33,68250.23,85.0,15.0,Cubierta (85.0% Contratos / 15.0% Bolsa),1365.0046875,514888.6406554688,792136.3702268889,728765.4606087379,-63370.909618151025,63370.909618151025,7.999999999999989
2026-12-22,22,2026-12-01,True,SANTANDER,17400613.82,455001.5625,198257761.52,128867544.99,377.2065,386751.33,68250.23,85.0,15.0,Cubierta (85.0% Contratos / 15.0% Bolsa),1365.0046875,514888.6406554688,792136.3702268889,728765.4606087379,-63370.909618151025,63370.909618151025,7.999999999999989
2026-12-22,22,2026-12-01,True,CUNDINAMARCA,11218140.05,455001.5625,198257761.52,128867544.99,377.2065,386751.33,68250.23,85.0,15.0,Cubierta (85.0% Contratos / 15.0% Bolsa),1365.0046875,514888.6406554688,792136.3702268889,728765.4606087379,-63370.909618151025,63370.909618151025,7.999999999999989
2026-12-22,22,2026-12-01,True,TOLIMA,9263392.54,455001.5625,198257761.52,128867544.99,377.2065,386751.33,68250.23,85.0,15.0,Cubierta (85.0% Contratos / 15.0% Bolsa),1365.0046875,514888.6406554688,792136.3702268889,728765.4606087379,-63370.909618151025,63370.909618151025,7.999999999999989
2026-12-23,23,2026-12-01,True,ANTIOQUIA,31387695.7,455200.325,198344368.35,128923839.43,377.0174,386920.28,68280.05,85.0,15.0,Cubierta (85.0% Contratos / 15.0% Bolsa),1365.600975,514855.32903196506,792085.1215722789,728718.3118464967,-63366.80972578225,63366.80972578225,7.999999999999992
2026-12-23,23,2026-12-01,True,BOGOTA,43922327.85,455200.325,198344368.35,128923839.43,377.0174,386920.28,68280.05,85.0,15.0,Cubierta (85.0% Contratos / 15.0% Bolsa),1365.600975,514855.32903196506,792085.1215722789,728718.3118464967,-63366.80972578225,63366.80972578225,7.999999999999992
2026-12-23,23,2026-12-01,True,CARIBE_MAR,35082046.03,455200.325,198344368.35,128923839.43,377.0174,386920.28,68280.05,85.0,15.0,Cubierta (85.0% Contratos / 15.0% Bolsa),1365.600975,514855.32903196506,792085.1215722789,728718.3118464967,-63366.80972578225,63366.80972578225,7.999999999999992
2026-12-23,23,2026-12-01,True,CARIBE_SOL,27427662.69,455200.325,198344368.35,128923839.43,377.0174,386920.28,68280.05,85.0,15.0,Cubierta (85.0% Contratos / 15.0% Bolsa),1365.600975,514855.32903196506,792085.1215722789,728718.3118464967,-63366.80972578225,63366.80972578225,7.999999999999992
2026-12-23,23,2026-12-01,True,VALLE,22597146.63,455200.325,198344368.35,128923839.43,377.0174,386920.28,68280.05,85.0,15.0,Cubierta (85.0% Contratos / 15.0% Bolsa),1365.600975,514855.32903196506,792085.1215722789,728718.3118464967,-63366.80972578225,63366.80972578225,7.999999999999992
2026-12-23,23,2026-12-01,True,SANTANDER,17284518.78,455200.325,198344368.35,128923839.43,377.0174,386920.28,68280.05,85.0,15.0,Cubierta (85.0% Contratos / 15.0% Bolsa),1365.600975,514855.32903196506,792085.1215722789,728718.3118464967,-63366.80972578225,63366.80972578225,7.999999999999992
2026-12-23,23,2026-12-01,True,CUNDINAMARCA,11081861.14,455200.325,198344368.35,128923839.43,377.0174,386920.28,68280.05,85.0,15.0,Cubierta (85.0% Contratos / 15.0% Bolsa),1365.600975,514855.32903196506,792085.1215722789,728718.3118464967,-63366.80972578225,63366.80972578225,7.999999999999992
2026-12-23,23,2026-12-01,True,TOLIMA,9561109.53,455200.325,198344368.35,128923839.43,377.0174,386920.28,68280.05,85.0,15.0,Cubierta (85.0% Contratos / 15.0% Bolsa),1365.600975,514855.32903196506,792085.1215722789,728718.3118464967,-63366.80972578225,63366.80972578225,7.999999999999992
2026-12-24,24,2026-12-01,True,ANTIOQUIA,31457623.01,456663.54625,198981937.32999998,129338259.26,376.8972,388164.01,68499.53,85.0,15.0,Cubierta (85.0% Contratos / 15.0% Bolsa),1369.99063875,516345.6357710865,794377.9012139251,730827.6691168111,-63550.23209711397,63550.23209711397,7.9999999999999964
2026-12-24,24,2026-12-01,True,BOGOTA,44059836.99,456663.54625,198981937.32999998,129338259.26,376.8972,388164.01,68499.53,85.0,15.0,Cubierta (85.0% Contratos / 15.0% Bolsa),1369.99063875,516345.6357710865,794377.9012139251,730827.6691168111,-63550.23209711397,63550.23209711397,7.9999999999999964
2026-12-24,24,2026-12-01,True,CARIBE_MAR,35302748.1,456663.54625,198981937.32999998,129338259.26,376.8972,388164.01,68499.53,85.0,15.0,Cubierta (85.0% Contratos / 15.0% Bolsa),1369.99063875,516345.6357710865,794377.9012139251,730827.6691168111,-63550.23209711397,63550.23209711397,7.9999999999999964
2026-12-24,24,2026-12-01,True,CARIBE_SOL,27580388.99,456663.54625,198981937.32999998,129338259.26,376.8972,388164.01,68499.53,85.0,15.0,Cubierta (85.0% Contratos / 15.0% Bolsa),1369.99063875,516345.6357710865,794377.9012139251,730827.6691168111,-63550.23209711397,63550.23209711397,7.9999999999999964
2026-12-24,24,2026-12-01,True,VALLE,22643589.29,456663.54625,198981937.32999998,129338259.26,376.8972,388164.01,68499.53,85.0,15.0,Cubierta (85.0% Contratos / 15.0% Bolsa),1369.99063875,516345.6357710865,794377.9012139251,730827.6691168111,-63550.23209711397,63550.23209711397,7.9999999999999964
2026-12-24,24,2026-12-01,True,SANTANDER,17393832.09,456663.54625,198981937.32999998,129338259.26,376.8972,388164.01,68499.53,85.0,15.0,Cubierta (85.0% Contratos / 15.0% Bolsa),1369.99063875,516345.6357710865,794377.9012139251,730827.6691168111,-63550.23209711397,63550.23209711397,7.9999999999999964
2026-12-24,24,2026-12-01,True,CUNDINAMARCA,11312917.92,456663.54625,198981937.32999998,129338259.26,376.8972,388164.01,68499.53,85.0,15.0,Cubierta (85.0% Contratos / 15.0% Bolsa),1369.99063875,516345.6357710865,794377.9012139251,730827.6691168111,-63550.23209711397,63550.23209711397,7.9999999999999964
2026-12-24,24,2026-12-01,True,TOLIMA,9231000.94,456663.54625,198981937.32999998,129338259.26,376.8972,388164.01,68499.53,85.0,15.0,Cubierta (85.0% Contratos / 15.0% Bolsa),1369.99063875,516345.6357710865,794377.9012139251,730827.6691168111,-63550.23209711397,63550.23209711397,7.9999999999999964
2026-12-25,25,2026-12-01,True,ANTIOQUIA,30998102.54,454858.3825,198195373.42,128826992.72,376.8513,386629.63,68228.76,85.0,15.0,Cubierta (85.0% Contratos / 15.0% Bolsa),1364.5751475,514241.9182830667,791141.4127616029,727850.0997406747,-63291.31302092818,63291.31302092818,7.999999999999993
2026-12-25,25,2026-12-01,True,BOGOTA,43990017.55,454858.3825,198195373.42,128826992.72,376.8513,386629.63,68228.76,85.0,15.0,Cubierta (85.0% Contratos / 15.0% Bolsa),1364.5751475,514241.9182830667,791141.4127616029,727850.0997406747,-63291.31302092818,63291.31302092818,7.999999999999993
2026-12-25,25,2026-12-01,True,CARIBE_MAR,34930331.57,454858.3825,198195373.42,128826992.72,376.8513,386629.63,68228.76,85.0,15.0,Cubierta (85.0% Contratos / 15.0% Bolsa),1364.5751475,514241.9182830667,791141.4127616029,727850.0997406747,-63291.31302092818,63291.31302092818,7.999999999999993
2026-12-25,25,2026-12-01,True,CARIBE_SOL,27612067.74,454858.3825,198195373.42,128826992.72,376.8513,386629.63,68228.76,85.0,15.0,Cubierta (85.0% Contratos / 15.0% Bolsa),1364.5751475,514241.9182830667,791141.4127616029,727850.0997406747,-63291.31302092818,63291.31302092818,7.999999999999993
2026-12-25,25,2026-12-01,True,VALLE,22409030.23,454858.3825,198195373.42,128826992.72,376.8513,386629.63,68228.76,85.0,15.0,Cubierta (85.0% Contratos / 15.0% Bolsa),1364.5751475,514241.9182830667,791141.4127616029,727850.0997406747,-63291.31302092818,63291.31302092818,7.999999999999993
2026-12-25,25,2026-12-01,True,SANTANDER,17493463.17,454858.3825,198195373.42,128826992.72,376.8513,386629.63,68228.76,85.0,15.0,Cubierta (85.0% Contratos / 15.0% Bolsa),1364.5751475,514241.9182830667,791141.4127616029,727850.0997406747,-63291.31302092818,63291.31302092818,7.999999999999993
2026-12-25,25,2026-12-01,True,CUNDINAMARCA,11350530.45,454858.3825,198195373.42,128826992.72,376.8513,386629.63,68228.76,85.0,15.0,Cubierta (85.0% Contratos / 15.0% Bolsa),1364.5751475,514241.9182830667,791141.4127616029,727850.0997406747,-63291.31302092818,63291.31302092818,7.999999999999993
2026-12-25,25,2026-12-01,True,TOLIMA,9411830.17,454858.3825,198195373.42,128826992.72,376.8513,386629.63,68228.76,85.0,15.0,Cubierta (85.0% Contratos / 15.0% Bolsa),1364.5751475,514241.9182830667,791141.4127616029,727850.0997406747,-63291.31302092818,63291.31302092818,7.999999999999993
2026-12-26,26,2026-12-01,True,ANTIOQUIA,26561997.35,324764.215,167836803.64,109093922.37,376.8838,276049.58,48714.63,85.0,15.0,Cubierta (85.0% Contratos / 15.0% Bolsa),974.2926450000001,367195.11435965105,564915.5605325963,519722.3156899886,-45193.2448426077,45193.2448426077,8.0
2026-12-26,26,2026-12-01,True,BOGOTA,37225922.64,324764.215,167836803.64,109093922.37,376.8838,276049.58,48714.63,85.0,15.0,Cubierta (85.0% Contratos / 15.0% Bolsa),974.2926450000001,367195.11435965105,564915.5605325963,519722.3156899886,-45193.2448426077,45193.2448426077,8.0
2026-12-26,26,2026-12-01,True,CARIBE_MAR,29701983.44,324764.215,167836803.64,109093922.37,376.8838,276049.58,48714.63,85.0,15.0,Cubierta (85.0% Contratos / 15.0% Bolsa),974.2926450000001,367195.11435965105,564915.5605325963,519722.3156899886,-45193.2448426077,45193.2448426077,8.0
2026-12-26,26,2026-12-01,True,CARIBE_SOL,23177568.33,324764.215,167836803.64,109093922.37,376.8838,276049.58,48714.63,85.0,15.0,Cubierta (85.0% Contratos / 15.0% Bolsa),974.2926450000001,367195.11435965105,564915.5605325963,519722.3156899886,-45193.2448426077,45193.2448426077,8.0
2026-12-26,26,2026-12-01,True,VALLE,18940617.0,324764.215,167836803.64,109093922.37,376.8838,276049.58,48714.63,85.0,15.0,Cubierta (85.0% Contratos / 15.0% Bolsa),974.2926450000001,367195.11435965105,564915.5605325963,519722.3156899886,-45193.2448426077,45193.2448426077,8.0
2026-12-26,26,2026-12-01,True,SANTANDER,14889642.34,324764.215,167836803.64,109093922.37,376.8838,276049.58,48714.63,85.0,15.0,Cubierta (85.0% Contratos / 15.0% Bolsa),974.2926450000001,367195.11435965105,564915.5605325963,519722.3156899886,-45193.2448426077,45193.2448426077,8.0
2026-12-26,26,2026-12-01,True,CUNDINAMARCA,9382481.41,324764.215,167836803.64,109093922.37,376.8838,276049.58,48714.63,85.0,15.0,Cubierta (85.0% Contratos / 15.0% Bolsa),974.2926450000001,367195.11435965105,564915.5605325963,519722.3156899886,-45193.2448426077,45193.2448426077,8.0
2026-12-26,26,2026-12-01,True,TOLIMA,7956591.13,324764.215,167836803.64,109093922.37,376.8838,276049.58,48714.63,85.0,15.0,Cubierta (85.0% Contratos / 15.0% Bolsa),974.2926450000001,367195.11435965105,564915.5605325963,519722.3156899886,-45193.2448426077,45193.2448426077,8.0
2026-12-27,27,2026-12-01,True,ANTIOQUIA,26425248.18,324418.26,167658015.82,108977710.28,376.997,275755.52,48662.74,85.0,15.0,Cubierta (85.0% Contratos / 15.0% Bolsa),973.2547800000001,366914.13229566003,564483.2804704009,519324.6180327689,-45158.66243763204,45158.66243763204,7.999999999999993
2026-12-27,27,2026-12-01,True,BOGOTA,37047659.21,324418.26,167658015.82,108977710.28,376.997,275755.52,48662.74,85.0,15.0,Cubierta (85.0% Contratos / 15.0% Bolsa),973.2547800000001,366914.13229566003,564483.2804704009,519324.6180327689,-45158.66243763204,45158.66243763204,7.999999999999993
2026-12-27,27,2026-12-01,True,CARIBE_MAR,29684800.34,324418.26,167658015.82,108977710.28,376.997,275755.52,48662.74,85.0,15.0,Cubierta (85.0% Contratos / 15.0% Bolsa),973.2547800000001,366914.13229566003,564483.2804704009,519324.6180327689,-45158.66243763204,45158.66243763204,7.999999999999993
2026-12-27,27,2026-12-01,True,CARIBE_SOL,23415171.04,324418.26,167658015.82,108977710.28,376.997,275755.52,48662.74,85.0,15.0,Cubierta (85.0% Contratos / 15.0% Bolsa),973.2547800000001,366914.13229566003,564483.2804704009,519324.6180327689,-45158.66243763204,45158.66243763204,7.999999999999993
2026-12-27,27,2026-12-01,True,VALLE,19023964.56,324418.26,167658015.82,108977710.28,376.997,275755.52,48662.74,85.0,15.0,Cubierta (85.0% Contratos / 15.0% Bolsa),973.2547800000001,366914.13229566003,564483.2804704009,519324.6180327689,-45158.66243763204,45158.66243763204,7.999999999999993
2026-12-27,27,2026-12-01,True,SANTANDER,14667341.87,324418.26,167658015.82,108977710.28,376.997,275755.52,48662.74,85.0,15.0,Cubierta (85.0% Contratos / 15.0% Bolsa),973.2547800000001,366914.13229566003,564483.2804704009,519324.6180327689,-45158.66243763204,45158.66243763204,7.999999999999993
2026-12-27,27,2026-12-01,True,CUNDINAMARCA,9505028.42,324418.26,167658015.82,108977710.28,376.997,275755.52,48662.74,85.0,15.0,Cubierta (85.0% Contratos / 15.0% Bolsa),973.2547800000001,366914.13229566003,564483.2804704009,519324.6180327689,-45158.66243763204,45158.66243763204,7.999999999999993
2026-12-27,27,2026-12-01,True,TOLIMA,7888802.2,324418.26,167658015.82,108977710.28,376.997,275755.52,48662.74,85.0,15.0,Cubierta (85.0% Contratos / 15.0% Bolsa),973.2547800000001,366914.13229566003,564483.2804704009,519324.6180327689,-45158.66243763204,45158.66243763204,7.999999999999993
2026-12-28,28,2026-12-01,True,ANTIOQUIA,31446285.44,454534.4575,198054229.85000002,128735249.4,377.1917,386354.29,68180.17,85.0,15.0,Cubierta (85.0% Contratos / 15.0% Bolsa),1363.6033725,514339.8741990083,791292.1141676873,727988.7450342723,-63303.36913341493,63303.36913341493,7.999999999999995
2026-12-28,28,2026-12-01,True,BOGOTA,43483885.63,454534.4575,198054229.85000002,128735249.4,377.1917,386354.29,68180.17,85.0,15.0,Cubierta (85.0% Contratos / 15.0% Bolsa),1363.6033725,514339.8741990083,791292.1141676873,727988.7450342723,-63303.36913341493,63303.36913341493,7.999999999999995
2026-12-28,28,2026-12-01,True,CARIBE_MAR,34860523.35,454534.4575,198054229.85000002,128735249.4,377.1917,386354.29,68180.17,85.0,15.0,Cubierta (85.0% Contratos / 15.0% Bolsa),1363.6033725,514339.8741990083,791292.1141676873,727988.7450342723,-63303.36913341493,63303.36913341493,7.999999999999995
2026-12-28,28,2026-12-01,True,CARIBE_SOL,27967545.28,454534.4575,198054229.85000002,128735249.4,377.1917,386354.29,68180.17,85.0,15.0,Cubierta (85.0% Contratos / 15.0% Bolsa),1363.6033725,514339.8741990083,791292.1141676873,727988.7450342723,-63303.36913341493,63303.36913341493,7.999999999999995
2026-12-28,28,2026-12-01,True,VALLE,22229807.49,454534.4575,198054229.85000002,128735249.4,377.1917,386354.29,68180.17,85.0,15.0,Cubierta (85.0% Contratos / 15.0% Bolsa),1363.6033725,514339.8741990083,791292.1141676873,727988.7450342723,-63303.36913341493,63303.36913341493,7.999999999999995
2026-12-28,28,2026-12-01,True,SANTANDER,17419499.19,454534.4575,198054229.85000002,128735249.4,377.1917,386354.29,68180.17,85.0,15.0,Cubierta (85.0% Contratos / 15.0% Bolsa),1363.6033725,514339.8741990083,791292.1141676873,727988.7450342723,-63303.36913341493,63303.36913341493,7.999999999999995
2026-12-28,28,2026-12-01,True,CUNDINAMARCA,11229032.95,454534.4575,198054229.85000002,128735249.4,377.1917,386354.29,68180.17,85.0,15.0,Cubierta (85.0% Contratos / 15.0% Bolsa),1363.6033725,514339.8741990083,791292.1141676873,727988.7450342723,-63303.36913341493,63303.36913341493,7.999999999999995
2026-12-28,28,2026-12-01,True,TOLIMA,9417650.52,454534.4575,198054229.85000002,128735249.4,377.1917,386354.29,68180.17,85.0,15.0,Cubierta (85.0% Contratos / 15.0% Bolsa),1363.6033725,514339.8741990083,791292.1141676873,727988.7450342723,-63303.36913341493,63303.36913341493,7.999999999999995
2026-12-29,29,2026-12-01,True,ANTIOQUIA,31546091.16,456657.99,198979516.36,129336685.63,377.467,388159.29,68498.7,85.0,15.0,Cubierta (85.0% Contratos / 15.0% Bolsa),1369.97397,517119.96453398996,795569.1762307431,731923.6421322837,-63645.53409845941,63645.53409845941,7.9999999999999964
2026-12-29,29,2026-12-01,True,BOGOTA,43743389.27,456657.99,198979516.36,129336685.63,377.467,388159.29,68498.7,85.0,15.0,Cubierta (85.0% Contratos / 15.0% Bolsa),1369.97397,517119.96453398996,795569.1762307431,731923.6421322837,-63645.53409845941,63645.53409845941,7.9999999999999964
2026-12-29,29,2026-12-01,True,CARIBE_MAR,34937790.11,456657.99,198979516.36,129336685.63,377.467,388159.29,68498.7,85.0,15.0,Cubierta (85.0% Contratos / 15.0% Bolsa),1369.97397,517119.96453398996,795569.1762307431,731923.6421322837,-63645.53409845941,63645.53409845941,7.9999999999999964
2026-12-29,29,2026-12-01,True,CARIBE_SOL,27505292.42,456657.99,198979516.36,129336685.63,377.467,388159.29,68498.7,85.0,15.0,Cubierta (85.0% Contratos / 15.0% Bolsa),1369.97397,517119.96453398996,795569.1762307431,731923.6421322837,-63645.53409845941,63645.53409845941,7.9999999999999964
2026-12-29,29,2026-12-01,True,VALLE,22815057.93,456657.99,198979516.36,129336685.63,377.467,388159.29,68498.7,85.0,15.0,Cubierta (85.0% Contratos / 15.0% Bolsa),1369.97397,517119.96453398996,795569.1762307431,731923.6421322837,-63645.53409845941,63645.53409845941,7.9999999999999964
2026-12-29,29,2026-12-01,True,SANTANDER,17520679.5,456657.99,198979516.36,129336685.63,377.467,388159.29,68498.7,85.0,15.0,Cubierta (85.0% Contratos / 15.0% Bolsa),1369.97397,517119.96453398996,795569.1762307431,731923.6421322837,-63645.53409845941,63645.53409845941,7.9999999999999964
2026-12-29,29,2026-12-01,True,CUNDINAMARCA,11414307.09,456657.99,198979516.36,129336685.63,377.467,388159.29,68498.7,85.0,15.0,Cubierta (85.0% Contratos / 15.0% Bolsa),1369.97397,517119.96453398996,795569.1762307431,731923.6421322837,-63645.53409845941,63645.53409845941,7.9999999999999964
2026-12-29,29,2026-12-01,True,TOLIMA,9496908.88,456657.99,198979516.36,129336685.63,377.467,388159.29,68498.7,85.0,15.0,Cubierta (85.0% Contratos / 15.0% Bolsa),1369.97397,517119.96453398996,795569.1762307431,731923.6421322837,-63645.53409845941,63645.53409845941,7.9999999999999964
2026-12-30,30,2026-12-01,True,ANTIOQUIA,31316521.5,456502.44125,198911739.27,129292630.53,377.8203,388027.08,68475.37,85.0,15.0,Cubierta (85.0% Contratos / 15.0% Bolsa),1369.5073237499998,517427.66791142203,796042.5659898665,732359.1607106773,-63683.40527918923,63683.40527918923,7.999999999999989
2026-12-30,30,2026-12-01,True,BOGOTA,43809354.28,456502.44125,198911739.27,129292630.53,377.8203,388027.08,68475.37,85.0,15.0,Cubierta (85.0% Contratos / 15.0% Bolsa),1369.5073237499998,517427.66791142203,796042.5659898665,732359.1607106773,-63683.40527918923,63683.40527918923,7.999999999999989
2026-12-30,30,2026-12-01,True,CARIBE_MAR,34912706.15,456502.44125,198911739.27,129292630.53,377.8203,388027.08,68475.37,85.0,15.0,Cubierta (85.0% Contratos / 15.0% Bolsa),1369.5073237499998,517427.66791142203,796042.5659898665,732359.1607106773,-63683.40527918923,63683.40527918923,7.999999999999989
2026-12-30,30,2026-12-01,True,CARIBE_SOL,27895001.84,456502.44125,198911739.27,129292630.53,377.8203,388027.08,68475.37,85.0,15.0,Cubierta (85.0% Contratos / 15.0% Bolsa),1369.5073237499998,517427.66791142203,796042.5659898665,732359.1607106773,-63683.40527918923,63683.40527918923,7.999999999999989
2026-12-30,30,2026-12-01,True,VALLE,22577014.27,456502.44125,198911739.27,129292630.53,377.8203,388027.08,68475.37,85.0,15.0,Cubierta (85.0% Contratos / 15.0% Bolsa),1369.5073237499998,517427.66791142203,796042.5659898665,732359.1607106773,-63683.40527918923,63683.40527918923,7.999999999999989
2026-12-30,30,2026-12-01,True,SANTANDER,17819380.66,456502.44125,198911739.27,129292630.53,377.8203,388027.08,68475.37,85.0,15.0,Cubierta (85.0% Contratos / 15.0% Bolsa),1369.5073237499998,517427.66791142203,796042.5659898665,732359.1607106773,-63683.40527918923,63683.40527918923,7.999999999999989
2026-12-30,30,2026-12-01,True,CUNDINAMARCA,11209266.95,456502.44125,198911739.27,129292630.53,377.8203,388027.08,68475.37,85.0,15.0,Cubierta (85.0% Contratos / 15.0% Bolsa),1369.5073237499998,517427.66791142203,796042.5659898665,732359.1607106773,-63683.40527918923,63683.40527918923,7.999999999999989
2026-12-30,30,2026-12-01,True,TOLIMA,9372493.62,456502.44125,198911739.27,129292630.53,377.8203,388027.08,68475.37,85.0,15.0,Cubierta (85.0% Contratos / 15.0% Bolsa),1369.5073237499998,517427.66791142203,796042.5659898665,732359.1607106773,-63683.40527918923,63683.40527918923,7.999999999999989
2026-12-31,31,2026-12-01,True,ANTIOQUIA,31667903.98,457207.74875,199219062.40000004,129492390.56,378.2475,388626.59,68581.16,85.0,15.0,Cubierta (85.0% Contratos / 15.0% Bolsa),1371.6232462500002,518813.06383594696,798173.9443629954,734320.0288139558,-63853.91554903961,63853.91554903961,7.9999999999999964
2026-12-31,31,2026-12-01,True,BOGOTA,43951706.74,457207.74875,199219062.40000004,129492390.56,378.2475,388626.59,68581.16,85.0,15.0,Cubierta (85.0% Contratos / 15.0% Bolsa),1371.6232462500002,518813.06383594696,798173.9443629954,734320.0288139558,-63853.91554903961,63853.91554903961,7.9999999999999964
2026-12-31,31,2026-12-01,True,CARIBE_MAR,34848288.5,457207.74875,199219062.40000004,129492390.56,378.2475,388626.59,68581.16,85.0,15.0,Cubierta (85.0% Contratos / 15.0% Bolsa),1371.6232462500002,518813.06383594696,798173.9443629954,734320.0288139558,-63853.91554903961,63853.91554903961,7.9999999999999964
2026-12-31,31,2026-12-01,True,CARIBE_SOL,27723659.58,457207.74875,199219062.40000004,129492390.56,378.2475,388626.59,68581.16,85.0,15.0,Cubierta (85.0% Contratos / 15.0% Bolsa),1371.6232462500002,518813.06383594696,798173.9443629954,734320.0288139558,-63853.91554903961,63853.91554903961,7.9999999999999964
2026-12-31,31,2026-12-01,True,VALLE,22499735.61,457207.74875,199219062.40000004,129492390.56,378.2475,388626.59,68581.16,85.0,15.0,Cubierta (85.0% Contratos / 15.0% Bolsa),1371.6232462500002,518813.06383594696,798173.9443629954,734320.0288139558,-63853.91554903961,63853.91554903961,7.9999999999999964
2026-12-31,31,2026-12-01,True,SANTANDER,17553046.56,457207.74875,199219062.40000004,129492390.56,378.2475,388626.59,68581.16,85.0,15.0,Cubierta (85.0% Contratos / 15.0% Bolsa),1371.6232462500002,518813.06383594696,798173.9443629954,734320.0288139558,-63853.91554903961,63853.91554903961,7.9999999999999964
2026-12-31,31,2026-12-01,True,CUNDINAMARCA,11451861.03,457207.74875,199219062.40000004,129492390.56,378.2475,388626.59,68581.16,85.0,15.0,Cubierta (85.0% Contratos / 15.0% Bolsa),1371.6232462500002,518813.06383594696,798173.9443629954,734320.0288139558,-63853.91554903961,63853.91554903961,7.9999999999999964
2026-12-31,31,2026-12-01,True,TOLIMA,9522860.4,457207.74875,199219062.40000004,129492390.56,378.2475,388626.59,68581.16,85.0,15.0,Cubierta (85.0% Contratos / 15.0% Bolsa),1371.6232462500002,518813.06383594696,798173.9443629954,734320.0288139558,-63853.91554903961,63853.91554903961,7.9999999999999964
2027-01-01,1,2027-01-01,True,ANTIOQUIA,31233986.8,454111.32625,197869858.87,128615408.27,378.743,385994.63,68116.7,85.0,15.0,Cubierta (85.0% Contratos / 15.0% Bolsa),1362.33397875,515974.4581137112,793806.8586087051,730302.3099200088,-63504.54868869635,63504.54868869635,7.999999999999992
2027-01-01,1,2027-01-01,True,BOGOTA,43520425.59,454111.32625,197869858.87,128615408.27,378.743,385994.63,68116.7,85.0,15.0,Cubierta (85.0% Contratos / 15.0% Bolsa),1362.33397875,515974.4581137112,793806.8586087051,730302.3099200088,-63504.54868869635,63504.54868869635,7.999999999999992
2027-01-01,1,2027-01-01,True,CARIBE_MAR,34862334.73,454111.32625,197869858.87,128615408.27,378.743,385994.63,68116.7,85.0,15.0,Cubierta (85.0% Contratos / 15.0% Bolsa),1362.33397875,515974.4581137112,793806.8586087051,730302.3099200088,-63504.54868869635,63504.54868869635,7.999999999999992
2027-01-01,1,2027-01-01,True,CARIBE_SOL,27917321.08,454111.32625,197869858.87,128615408.27,378.743,385994.63,68116.7,85.0,15.0,Cubierta (85.0% Contratos / 15.0% Bolsa),1362.33397875,515974.4581137112,793806.8586087051,730302.3099200088,-63504.54868869635,63504.54868869635,7.999999999999992
2027-01-01,1,2027-01-01,True,VALLE,22413775.91,454111.32625,197869858.87,128615408.27,378.743,385994.63,68116.7,85.0,15.0,Cubierta (85.0% Contratos / 15.0% Bolsa),1362.33397875,515974.4581137112,793806.8586087051,730302.3099200088,-63504.54868869635,63504.54868869635,7.999999999999992
2027-01-01,1,2027-01-01,True,SANTANDER,17450707.87,454111.32625,197869858.87,128615408.27,378.743,385994.63,68116.7,85.0,15.0,Cubierta (85.0% Contratos / 15.0% Bolsa),1362.33397875,515974.4581137112,793806.8586087051,730302.3099200088,-63504.54868869635,63504.54868869635,7.999999999999992
2027-01-01,1,2027-01-01,True,CUNDINAMARCA,11135357.87,454111.32625,197869858.87,128615408.27,378.743,385994.63,68116.7,85.0,15.0,Cubierta (85.0% Contratos / 15.0% Bolsa),1362.33397875,515974.4581137112,793806.8586087051,730302.3099200088,-63504.54868869635,63504.54868869635,7.999999999999992
2027-01-01,1,2027-01-01,True,TOLIMA,9335949.02,454111.32625,197869858.87,128615408.27,378.743,385994.63,68116.7,85.0,15.0,Cubierta (85.0% Contratos / 15.0% Bolsa),1362.33397875,515974.4581137112,793806.8586087051,730302.3099200088,-63504.54868869635,63504.54868869635,7.999999999999992
2027-01-02,2,2027-01-01,True,ANTIOQUIA,26724664.04,325980.2925,168465267.61,109502423.95,379.2996,277083.25,48897.04,85.0,15.0,Cubierta (85.0% Contratos / 15.0% Bolsa),977.9408774999999,370932.58365939895,570665.5133039124,525012.2722395994,-45653.241064312984,45653.241064312984,7.999999999999999
2027-01-02,2,2027-01-01,True,BOGOTA,37218446.22,325980.2925,168465267.61,109502423.95,379.2996,277083.25,48897.04,85.0,15.0,Cubierta (85.0% Contratos / 15.0% Bolsa),977.9408774999999,370932.58365939895,570665.5133039124,525012.2722395994,-45653.241064312984,45653.241064312984,7.999999999999999
2027-01-02,2,2027-01-01,True,CARIBE_MAR,29680259.05,325980.2925,168465267.61,109502423.95,379.2996,277083.25,48897.04,85.0,15.0,Cubierta (85.0% Contratos / 15.0% Bolsa),977.9408774999999,370932.58365939895,570665.5133039124,525012.2722395994,-45653.241064312984,45653.241064312984,7.999999999999999
2027-01-02,2,2027-01-01,True,CARIBE_SOL,23547627.24,325980.2925,168465267.61,109502423.95,379.2996,277083.25,48897.04,85.0,15.0,Cubierta (85.0% Contratos / 15.0% Bolsa),977.9408774999999,370932.58365939895,570665.5133039124,525012.2722395994,-45653.241064312984,45653.241064312984,7.999999999999999
2027-01-02,2,2027-01-01,True,VALLE,18989428.8,325980.2925,168465267.61,109502423.95,379.2996,277083.25,48897.04,85.0,15.0,Cubierta (85.0% Contratos / 15.0% Bolsa),977.9408774999999,370932.58365939895,570665.5133039124,525012.2722395994,-45653.241064312984,45653.241064312984,7.999999999999999
2027-01-02,2,2027-01-01,True,SANTANDER,14864875.49,325980.2925,168465267.61,109502423.95,379.2996,277083.25,48897.04,85.0,15.0,Cubierta (85.0% Contratos / 15.0% Bolsa),977.9408774999999,370932.58365939895,570665.5133039124,525012.2722395994,-45653.241064312984,45653.241064312984,7.999999999999999
2027-01-02,2,2027-01-01,True,CUNDINAMARCA,9500881.4,325980.2925,168465267.61,109502423.95,379.2996,277083.25,48897.04,85.0,15.0,Cubierta (85.0% Contratos / 15.0% Bolsa),977.9408774999999,370932.58365939895,570665.5133039124,525012.2722395994,-45653.241064312984,45653.241064312984,7.999999999999999
2027-01-02,2,2027-01-01,True,TOLIMA,7939085.37,325980.2925,168465267.61,109502423.95,379.2996,277083.25,48897.04,85.0,15.0,Cubierta (85.0% Contratos / 15.0% Bolsa),977.9408774999999,370932.58365939895,570665.5133039124,525012.2722395994,-45653.241064312984,45653.241064312984,7.999999999999999
2027-01-03,3,2027-01-01,True,ANTIOQUIA,26757224.24,325471.55625,168202354.83999997,109331530.65,379.9092,276650.82,48820.73,85.0,15.0,Cubierta (85.0% Contratos / 15.0% Bolsa),976.4146687500001,370948.9156730776,570690.639476163,525035.38831807,-45655.251158092986,45655.251158092986,7.99999999999999
2027-01-03,3,2027-01-01,True,BOGOTA,37289283.78,325471.55625,168202354.83999997,109331530.65,379.9092,276650.82,48820.73,85.0,15.0,Cubierta (85.0% Contratos / 15.0% Bolsa),976.4146687500001,370948.9156730776,570690.639476163,525035.38831807,-45655.251158092986,45655.251158092986,7.99999999999999
2027-01-03,3,2027-01-01,True,CARIBE_MAR,29745335.05,325471.55625,168202354.83999997,109331530.65,379.9092,276650.82,48820.73,85.0,15.0,Cubierta (85.0% Contratos / 15.0% Bolsa),976.4146687500001,370948.9156730776,570690.639476163,525035.38831807,-45655.251158092986,45655.251158092986,7.99999999999999
2027-01-03,3,2027-01-01,True,CARIBE_SOL,23317938.7,325471.55625,168202354.83999997,109331530.65,379.9092,276650.82,48820.73,85.0,15.0,Cubierta (85.0% Contratos / 15.0% Bolsa),976.4146687500001,370948.9156730776,570690.639476163,525035.38831807,-45655.251158092986,45655.251158092986,7.99999999999999
2027-01-03,3,2027-01-01,True,VALLE,18905428.93,325471.55625,168202354.83999997,109331530.65,379.9092,276650.82,48820.73,85.0,15.0,Cubierta (85.0% Contratos / 15.0% Bolsa),976.4146687500001,370948.9156730776,570690.639476163,525035.38831807,-45655.251158092986,45655.251158092986,7.99999999999999
2027-01-03,3,2027-01-01,True,SANTANDER,14766145.81,325471.55625,168202354.83999997,109331530.65,379.9092,276650.82,48820.73,85.0,15.0,Cubierta (85.0% Contratos / 15.0% Bolsa),976.4146687500001,370948.9156730776,570690.639476163,525035.38831807,-45655.251158092986,45655.251158092986,7.99999999999999
2027-01-03,3,2027-01-01,True,CUNDINAMARCA,9555673.57,325471.55625,168202354.83999997,109331530.65,379.9092,276650.82,48820.73,85.0,15.0,Cubierta (85.0% Contratos / 15.0% Bolsa),976.4146687500001,370948.9156730776,570690.639476163,525035.38831807,-45655.251158092986,45655.251158092986,7.99999999999999
2027-01-03,3,2027-01-01,True,TOLIMA,7865324.76,325471.55625,168202354.83999997,109331530.65,379.9092,276650.82,48820.73,85.0,15.0,Cubierta (85.0% Contratos / 15.0% Bolsa),976.4146687500001,370948.9156730776,570690.639476163,525035.38831807,-45655.251158092986,45655.251158092986,7.99999999999999
2027-01-04,4,2027-01-01,True,ANTIOQUIA,31743997.94,457168.9225,199202145.06000003,129481394.29,380.5623,388593.58,68575.34,85.0,15.0,Cubierta (85.0% Contratos / 15.0% Bolsa),1371.5067675,521943.76990536525,802990.4152328221,738751.1820141963,-64239.23321862577,64239.23321862577,8.0
2027-01-04,4,2027-01-01,True,BOGOTA,43619959.02,457168.9225,199202145.06000003,129481394.29,380.5623,388593.58,68575.34,85.0,15.0,Cubierta (85.0% Contratos / 15.0% Bolsa),1371.5067675,521943.76990536525,802990.4152328221,738751.1820141963,-64239.23321862577,64239.23321862577,8.0
2027-01-04,4,2027-01-01,True,CARIBE_MAR,35246907.7,457168.9225,199202145.06000003,129481394.29,380.5623,388593.58,68575.34,85.0,15.0,Cubierta (85.0% Contratos / 15.0% Bolsa),1371.5067675,521943.76990536525,802990.4152328221,738751.1820141963,-64239.23321862577,64239.23321862577,8.0
2027-01-04,4,2027-01-01,True,CARIBE_SOL,27883202.73,457168.9225,199202145.06000003,129481394.29,380.5623,388593.58,68575.34,85.0,15.0,Cubierta (85.0% Contratos / 15.0% Bolsa),1371.5067675,521943.76990536525,802990.4152328221,738751.1820141963,-64239.23321862577,64239.23321862577,8.0
2027-01-04,4,2027-01-01,True,VALLE,22449940.14,457168.9225,199202145.06000003,129481394.29,380.5623,388593.58,68575.34,85.0,15.0,Cubierta (85.0% Contratos / 15.0% Bolsa),1371.5067675,521943.76990536525,802990.4152328221,738751.1820141963,-64239.23321862577,64239.23321862577,8.0
2027-01-04,4,2027-01-01,True,SANTANDER,17589651.61,457168.9225,199202145.06000003,129481394.29,380.5623,388593.58,68575.34,85.0,15.0,Cubierta (85.0% Contratos / 15.0% Bolsa),1371.5067675,521943.76990536525,802990.4152328221,738751.1820141963,-64239.23321862577,64239.23321862577,8.0
2027-01-04,4,2027-01-01,True,CUNDINAMARCA,11279255.94,457168.9225,199202145.06000003,129481394.29,380.5623,388593.58,68575.34,85.0,15.0,Cubierta (85.0% Contratos / 15.0% Bolsa),1371.5067675,521943.76990536525,802990.4152328221,738751.1820141963,-64239.23321862577,64239.23321862577,8.0
2027-01-04,4,2027-01-01,True,TOLIMA,9389229.98,457168.9225,199202145.06000003,129481394.29,380.5623,388593.58,68575.34,85.0,15.0,Cubierta (85.0% Contratos / 15.0% Bolsa),1371.5067675,521943.76990536525,802990.4152328221,738751.1820141963,-64239.23321862577,64239.23321862577,8.0
2027-01-05,5,2027-01-01,True,ANTIOQUIA,31414597.88,455228.32,198356566.26,128931768.07,381.2487,386944.07,68284.25,85.0,15.0,Cubierta (85.0% Contratos / 15.0% Bolsa),1365.68496,520665.615609552,801024.0240084826,736942.102087804,-64081.92192067858,64081.92192067858,7.9999999999999964
2027-01-05,5,2027-01-01,True,BOGOTA,43825621.3,455228.32,198356566.26,128931768.07,381.2487,386944.07,68284.25,85.0,15.0,Cubierta (85.0% Contratos / 15.0% Bolsa),1365.68496,520665.615609552,801024.0240084826,736942.102087804,-64081.92192067858,64081.92192067858,7.9999999999999964
2027-01-05,5,2027-01-01,True,CARIBE_MAR,34809199.99,455228.32,198356566.26,128931768.07,381.2487,386944.07,68284.25,85.0,15.0,Cubierta (85.0% Contratos / 15.0% Bolsa),1365.68496,520665.615609552,801024.0240084826,736942.102087804,-64081.92192067858,64081.92192067858,7.9999999999999964
2027-01-05,5,2027-01-01,True,CARIBE_SOL,27662934.27,455228.32,198356566.26,128931768.07,381.2487,386944.07,68284.25,85.0,15.0,Cubierta (85.0% Contratos / 15.0% Bolsa),1365.68496,520665.615609552,801024.0240084826,736942.102087804,-64081.92192067858,64081.92192067858,7.9999999999999964
2027-01-05,5,2027-01-01,True,VALLE,22571674.8,455228.32,198356566.26,128931768.07,381.2487,386944.07,68284.25,85.0,15.0,Cubierta (85.0% Contratos / 15.0% Bolsa),1365.68496,520665.615609552,801024.0240084826,736942.102087804,-64081.92192067858,64081.92192067858,7.9999999999999964
2027-01-05,5,2027-01-01,True,SANTANDER,17473985.85,455228.32,198356566.26,128931768.07,381.2487,386944.07,68284.25,85.0,15.0,Cubierta (85.0% Contratos / 15.0% Bolsa),1365.68496,520665.615609552,801024.0240084826,736942.102087804,-64081.92192067858,64081.92192067858,7.9999999999999964
2027-01-05,5,2027-01-01,True,CUNDINAMARCA,11250562.54,455228.32,198356566.26,128931768.07,381.2487,386944.07,68284.25,85.0,15.0,Cubierta (85.0% Contratos / 15.0% Bolsa),1365.68496,520665.615609552,801024.0240084826,736942.102087804,-64081.92192067858,64081.92192067858,7.9999999999999964
2027-01-05,5,2027-01-01,True,TOLIMA,9347989.63,455228.32,198356566.26,128931768.07,381.2487,386944.07,68284.25,85.0,15.0,Cubierta (85.0% Contratos / 15.0% Bolsa),1365.68496,520665.615609552,801024.0240084826,736942.102087804,-64081.92192067858,64081.92192067858,7.9999999999999964
2027-01-06,6,2027-01-01,True,ANTIOQUIA,31252270.86,454677.77375,198116676.80000004,128775839.92,381.9575,386476.11,68201.67,85.0,15.0,Cubierta (85.0% Contratos / 15.0% Bolsa),1364.03332125,521002.75730134686,801542.7035405338,737419.2872572911,-64123.41628324264,64123.41628324264,7.999999999999992
2027-01-06,6,2027-01-01,True,BOGOTA,43076261.84,454677.77375,198116676.80000004,128775839.92,381.9575,386476.11,68201.67,85.0,15.0,Cubierta (85.0% Contratos / 15.0% Bolsa),1364.03332125,521002.75730134686,801542.7035405338,737419.2872572911,-64123.41628324264,64123.41628324264,7.999999999999992
2027-01-06,6,2027-01-01,True,CARIBE_MAR,34972664.72,454677.77375,198116676.80000004,128775839.92,381.9575,386476.11,68201.67,85.0,15.0,Cubierta (85.0% Contratos / 15.0% Bolsa),1364.03332125,521002.75730134686,801542.7035405338,737419.2872572911,-64123.41628324264,64123.41628324264,7.999999999999992
2027-01-06,6,2027-01-01,True,CARIBE_SOL,27900939.19,454677.77375,198116676.80000004,128775839.92,381.9575,386476.11,68201.67,85.0,15.0,Cubierta (85.0% Contratos / 15.0% Bolsa),1364.03332125,521002.75730134686,801542.7035405338,737419.2872572911,-64123.41628324264,64123.41628324264,7.999999999999992
2027-01-06,6,2027-01-01,True,VALLE,22486864.87,454677.77375,198116676.80000004,128775839.92,381.9575,386476.11,68201.67,85.0,15.0,Cubierta (85.0% Contratos / 15.0% Bolsa),1364.03332125,521002.75730134686,801542.7035405338,737419.2872572911,-64123.41628324264,64123.41628324264,7.999999999999992
2027-01-06,6,2027-01-01,True,SANTANDER,17586954.42,454677.77375,198116676.80000004,128775839.92,381.9575,386476.11,68201.67,85.0,15.0,Cubierta (85.0% Contratos / 15.0% Bolsa),1364.03332125,521002.75730134686,801542.7035405338,737419.2872572911,-64123.41628324264,64123.41628324264,7.999999999999992
2027-01-06,6,2027-01-01,True,CUNDINAMARCA,11347860.33,454677.77375,198116676.80000004,128775839.92,381.9575,386476.11,68201.67,85.0,15.0,Cubierta (85.0% Contratos / 15.0% Bolsa),1364.03332125,521002.75730134686,801542.7035405338,737419.2872572911,-64123.41628324264,64123.41628324264,7.999999999999992
2027-01-06,6,2027-01-01,True,TOLIMA,9492860.57,454677.77375,198116676.80000004,128775839.92,381.9575,386476.11,68201.67,85.0,15.0,Cubierta (85.0% Contratos / 15.0% Bolsa),1364.03332125,521002.75730134686,801542.7035405338,737419.2872572911,-64123.41628324264,64123.41628324264,7.999999999999992
2027-01-07,7,2027-01-01,True,ANTIOQUIA,31417837.48,457666.95875,199419154.01000002,129622450.11,382.6772,389016.91,68650.04,85.0,15.0,Cubierta (85.0% Contratos / 15.0% Bolsa),1373.00087625,525416.1309208965,808332.5090872454,743665.9083602659,-64666.60072697955,64666.60072697955,7.999999999999989
2027-01-07,7,2027-01-01,True,BOGOTA,43936311.03,457666.95875,199419154.01000002,129622450.11,382.6772,389016.91,68650.04,85.0,15.0,Cubierta (85.0% Contratos / 15.0% Bolsa),1373.00087625,525416.1309208965,808332.5090872454,743665.9083602659,-64666.60072697955,64666.60072697955,7.999999999999989
2027-01-07,7,2027-01-01,True,CARIBE_MAR,35537724.78,457666.95875,199419154.01000002,129622450.11,382.6772,389016.91,68650.04,85.0,15.0,Cubierta (85.0% Contratos / 15.0% Bolsa),1373.00087625,525416.1309208965,808332.5090872454,743665.9083602659,-64666.60072697955,64666.60072697955,7.999999999999989
2027-01-07,7,2027-01-01,True,CARIBE_SOL,27660114.23,457666.95875,199419154.01000002,129622450.11,382.6772,389016.91,68650.04,85.0,15.0,Cubierta (85.0% Contratos / 15.0% Bolsa),1373.00087625,525416.1309208965,808332.5090872454,743665.9083602659,-64666.60072697955,64666.60072697955,7.999999999999989
2027-01-07,7,2027-01-01,True,VALLE,22481555.05,457666.95875,199419154.01000002,129622450.11,382.6772,389016.91,68650.04,85.0,15.0,Cubierta (85.0% Contratos / 15.0% Bolsa),1373.00087625,525416.1309208965,808332.5090872454,743665.9083602659,-64666.60072697955,64666.60072697955,7.999999999999989
2027-01-07,7,2027-01-01,True,SANTANDER,17662264.33,457666.95875,199419154.01000002,129622450.11,382.6772,389016.91,68650.04,85.0,15.0,Cubierta (85.0% Contratos / 15.0% Bolsa),1373.00087625,525416.1309208965,808332.5090872454,743665.9083602659,-64666.60072697955,64666.60072697955,7.999999999999989
2027-01-07,7,2027-01-01,True,CUNDINAMARCA,11291272.41,457666.95875,199419154.01000002,129622450.11,382.6772,389016.91,68650.04,85.0,15.0,Cubierta (85.0% Contratos / 15.0% Bolsa),1373.00087625,525416.1309208965,808332.5090872454,743665.9083602659,-64666.60072697955,64666.60072697955,7.999999999999989
2027-01-07,7,2027-01-01,True,TOLIMA,9432074.7,457666.95875,199419154.01000002,129622450.11,382.6772,389016.91,68650.04,85.0,15.0,Cubierta (85.0% Contratos / 15.0% Bolsa),1373.00087625,525416.1309208965,808332.5090872454,743665.9083602659,-64666.60072697955,64666.60072697955,7.999999999999989
2027-01-08,8,2027-01-01,True,ANTIOQUIA,31490721.95,457294.6125,199256911.69,129516992.6,383.3964,388700.42,68594.19,85.0,15.0,Cubierta (85.0% Contratos / 15.0% Bolsa),1371.8838375,525975.3245156851,809192.8069378361,744457.3823828093,-64735.42455502681,64735.42455502681,7.99999999999999
2027-01-08,8,2027-01-01,True,BOGOTA,44023338.06,457294.6125,199256911.69,129516992.6,383.3964,388700.42,68594.19,85.0,15.0,Cubierta (85.0% Contratos / 15.0% Bolsa),1371.8838375,525975.3245156851,809192.8069378361,744457.3823828093,-64735.42455502681,64735.42455502681,7.99999999999999
2027-01-08,8,2027-01-01,True,CARIBE_MAR,34942111.05,457294.6125,199256911.69,129516992.6,383.3964,388700.42,68594.19,85.0,15.0,Cubierta (85.0% Contratos / 15.0% Bolsa),1371.8838375,525975.3245156851,809192.8069378361,744457.3823828093,-64735.42455502681,64735.42455502681,7.99999999999999
2027-01-08,8,2027-01-01,True,CARIBE_SOL,27465681.2,457294.6125,199256911.69,129516992.6,383.3964,388700.42,68594.19,85.0,15.0,Cubierta (85.0% Contratos / 15.0% Bolsa),1371.8838375,525975.3245156851,809192.8069378361,744457.3823828093,-64735.42455502681,64735.42455502681,7.99999999999999
2027-01-08,8,2027-01-01,True,VALLE,22644673.16,457294.6125,199256911.69,129516992.6,383.3964,388700.42,68594.19,85.0,15.0,Cubierta (85.0% Contratos / 15.0% Bolsa),1371.8838375,525975.3245156851,809192.8069378361,744457.3823828093,-64735.42455502681,64735.42455502681,7.99999999999999
2027-01-08,8,2027-01-01,True,SANTANDER,17820972.75,457294.6125,199256911.69,129516992.6,383.3964,388700.42,68594.19,85.0,15.0,Cubierta (85.0% Contratos / 15.0% Bolsa),1371.8838375,525975.3245156851,809192.8069378361,744457.3823828093,-64735.42455502681,64735.42455502681,7.99999999999999
2027-01-08,8,2027-01-01,True,CUNDINAMARCA,11389486.25,457294.6125,199256911.69,129516992.6,383.3964,388700.42,68594.19,85.0,15.0,Cubierta (85.0% Contratos / 15.0% Bolsa),1371.8838375,525975.3245156851,809192.8069378361,744457.3823828093,-64735.42455502681,64735.42455502681,7.99999999999999
2027-01-08,8,2027-01-01,True,TOLIMA,9479927.27,457294.6125,199256911.69,129516992.6,383.3964,388700.42,68594.19,85.0,15.0,Cubierta (85.0% Contratos / 15.0% Bolsa),1371.8838375,525975.3245156851,809192.8069378361,744457.3823828093,-64735.42455502681,64735.42455502681,7.99999999999999
2027-01-09,9,2027-01-01,True,ANTIOQUIA,26571613.97,324554.98,167728671.53,109023636.49,384.1034,275871.73,48683.25,85.0,15.0,Cubierta (85.0% Contratos / 15.0% Bolsa),973.66494,373988.013914796,575366.1752772809,529336.8812550984,-46029.29402218247,46029.29402218247,8.0
2027-01-09,9,2027-01-01,True,BOGOTA,37011918.99,324554.98,167728671.53,109023636.49,384.1034,275871.73,48683.25,85.0,15.0,Cubierta (85.0% Contratos / 15.0% Bolsa),973.66494,373988.013914796,575366.1752772809,529336.8812550984,-46029.29402218247,46029.29402218247,8.0
2027-01-09,9,2027-01-01,True,CARIBE_MAR,29621001.13,324554.98,167728671.53,109023636.49,384.1034,275871.73,48683.25,85.0,15.0,Cubierta (85.0% Contratos / 15.0% Bolsa),973.66494,373988.013914796,575366.1752772809,529336.8812550984,-46029.29402218247,46029.29402218247,8.0
2027-01-09,9,2027-01-01,True,CARIBE_SOL,23264555.89,324554.98,167728671.53,109023636.49,384.1034,275871.73,48683.25,85.0,15.0,Cubierta (85.0% Contratos / 15.0% Bolsa),973.66494,373988.013914796,575366.1752772809,529336.8812550984,-46029.29402218247,46029.29402218247,8.0
2027-01-09,9,2027-01-01,True,VALLE,19148165.47,324554.98,167728671.53,109023636.49,384.1034,275871.73,48683.25,85.0,15.0,Cubierta (85.0% Contratos / 15.0% Bolsa),973.66494,373988.013914796,575366.1752772809,529336.8812550984,-46029.29402218247,46029.29402218247,8.0
2027-01-09,9,2027-01-01,True,SANTANDER,14750388.87,324554.98,167728671.53,109023636.49,384.1034,275871.73,48683.25,85.0,15.0,Cubierta (85.0% Contratos / 15.0% Bolsa),973.66494,373988.013914796,575366.1752772809,529336.8812550984,-46029.29402218247,46029.29402218247,8.0
2027-01-09,9,2027-01-01,True,CUNDINAMARCA,9464026.96,324554.98,167728671.53,109023636.49,384.1034,275871.73,48683.25,85.0,15.0,Cubierta (85.0% Contratos / 15.0% Bolsa),973.66494,373988.013914796,575366.1752772809,529336.8812550984,-46029.29402218247,46029.29402218247,8.0
2027-01-09,9,2027-01-01,True,TOLIMA,7897000.25,324554.98,167728671.53,109023636.49,384.1034,275871.73,48683.25,85.0,15.0,Cubierta (85.0% Contratos / 15.0% Bolsa),973.66494,373988.013914796,575366.1752772809,529336.8812550984,-46029.29402218247,46029.29402218247,8.0
2027-01-10,10,2027-01-01,True,ANTIOQUIA,26454398.09,324065.015,167475459.73,108859048.82,384.7867,275455.26,48609.75,85.0,15.0,Cubierta (85.0% Contratos / 15.0% Bolsa),972.195045,374087.7231219015,575519.5740574854,529478.0081328866,-46041.565924598835,46041.565924598835,8.0
2027-01-10,10,2027-01-01,True,BOGOTA,36991482.9,324065.015,167475459.73,108859048.82,384.7867,275455.26,48609.75,85.0,15.0,Cubierta (85.0% Contratos / 15.0% Bolsa),972.195045,374087.7231219015,575519.5740574854,529478.0081328866,-46041.565924598835,46041.565924598835,8.0
2027-01-10,10,2027-01-01,True,CARIBE_MAR,29635412.48,324065.015,167475459.73,108859048.82,384.7867,275455.26,48609.75,85.0,15.0,Cubierta (85.0% Contratos / 15.0% Bolsa),972.195045,374087.7231219015,575519.5740574854,529478.0081328866,-46041.565924598835,46041.565924598835,8.0
2027-01-10,10,2027-01-01,True,CARIBE_SOL,23040581.31,324065.015,167475459.73,108859048.82,384.7867,275455.26,48609.75,85.0,15.0,Cubierta (85.0% Contratos / 15.0% Bolsa),972.195045,374087.7231219015,575519.5740574854,529478.0081328866,-46041.565924598835,46041.565924598835,8.0
2027-01-10,10,2027-01-01,True,VALLE,19026683.28,324065.015,167475459.73,108859048.82,384.7867,275455.26,48609.75,85.0,15.0,Cubierta (85.0% Contratos / 15.0% Bolsa),972.195045,374087.7231219015,575519.5740574854,529478.0081328866,-46041.565924598835,46041.565924598835,8.0
2027-01-10,10,2027-01-01,True,SANTANDER,14865484.9,324065.015,167475459.73,108859048.82,384.7867,275455.26,48609.75,85.0,15.0,Cubierta (85.0% Contratos / 15.0% Bolsa),972.195045,374087.7231219015,575519.5740574854,529478.0081328866,-46041.565924598835,46041.565924598835,8.0
2027-01-10,10,2027-01-01,True,CUNDINAMARCA,9516367.2,324065.015,167475459.73,108859048.82,384.7867,275455.26,48609.75,85.0,15.0,Cubierta (85.0% Contratos / 15.0% Bolsa),972.195045,374087.7231219015,575519.5740574854,529478.0081328866,-46041.565924598835,46041.565924598835,8.0
2027-01-10,10,2027-01-01,True,TOLIMA,7945049.57,324065.015,167475459.73,108859048.82,384.7867,275455.26,48609.75,85.0,15.0,Cubierta (85.0% Contratos / 15.0% Bolsa),972.195045,374087.7231219015,575519.5740574854,529478.0081328866,-46041.565924598835,46041.565924598835,8.0
2027-01-11,11,2027-01-01,True,ANTIOQUIA,31651514.59,457472.3175,199334343.34000003,129567323.17,385.4357,388851.47,68620.85,85.0,15.0,Cubierta (85.0% Contratos / 15.0% Bolsa),1372.4169525,528978.4887787042,813813.059665826,748708.01489256,-65105.04477326607,65105.04477326607,7.999999999999999
2027-01-11,11,2027-01-01,True,BOGOTA,44102195.25,457472.3175,199334343.34000003,129567323.17,385.4357,388851.47,68620.85,85.0,15.0,Cubierta (85.0% Contratos / 15.0% Bolsa),1372.4169525,528978.4887787042,813813.059665826,748708.01489256,-65105.04477326607,65105.04477326607,7.999999999999999
2027-01-11,11,2027-01-01,True,CARIBE_MAR,34463828.24,457472.3175,199334343.34000003,129567323.17,385.4357,388851.47,68620.85,85.0,15.0,Cubierta (85.0% Contratos / 15.0% Bolsa),1372.4169525,528978.4887787042,813813.059665826,748708.01489256,-65105.04477326607,65105.04477326607,7.999999999999999
2027-01-11,11,2027-01-01,True,CARIBE_SOL,27884613.77,457472.3175,199334343.34000003,129567323.17,385.4357,388851.47,68620.85,85.0,15.0,Cubierta (85.0% Contratos / 15.0% Bolsa),1372.4169525,528978.4887787042,813813.059665826,748708.01489256,-65105.04477326607,65105.04477326607,7.999999999999999
2027-01-11,11,2027-01-01,True,VALLE,22797830.96,457472.3175,199334343.34000003,129567323.17,385.4357,388851.47,68620.85,85.0,15.0,Cubierta (85.0% Contratos / 15.0% Bolsa),1372.4169525,528978.4887787042,813813.059665826,748708.01489256,-65105.04477326607,65105.04477326607,7.999999999999999
2027-01-11,11,2027-01-01,True,SANTANDER,17489501.31,457472.3175,199334343.34000003,129567323.17,385.4357,388851.47,68620.85,85.0,15.0,Cubierta (85.0% Contratos / 15.0% Bolsa),1372.4169525,528978.4887787042,813813.059665826,748708.01489256,-65105.04477326607,65105.04477326607,7.999999999999999
2027-01-11,11,2027-01-01,True,CUNDINAMARCA,11559262.24,457472.3175,199334343.34000003,129567323.17,385.4357,388851.47,68620.85,85.0,15.0,Cubierta (85.0% Contratos / 15.0% Bolsa),1372.4169525,528978.4887787042,813813.059665826,748708.01489256,-65105.04477326607,65105.04477326607,7.999999999999999
2027-01-11,11,2027-01-01,True,TOLIMA,9385596.98,457472.3175,199334343.34000003,129567323.17,385.4357,388851.47,68620.85,85.0,15.0,Cubierta (85.0% Contratos / 15.0% Bolsa),1372.4169525,528978.4887787042,813813.059665826,748708.01489256,-65105.04477326607,65105.04477326607,7.999999999999999
2027-01-12,12,2027-01-01,True,ANTIOQUIA,31014173.86,454675.13875,198115528.79000002,128775093.71,386.0401,386473.87,68201.27,85.0,15.0,Cubierta (85.0% Contratos / 15.0% Bolsa),1364.02541625,526568.5080916916,810105.3970861591,745296.9653192664,-64808.43176689267,64808.43176689267,7.999999999999992
2027-01-12,12,2027-01-01,True,BOGOTA,43536106.43,454675.13875,198115528.79000002,128775093.71,386.0401,386473.87,68201.27,85.0,15.0,Cubierta (85.0% Contratos / 15.0% Bolsa),1364.02541625,526568.5080916916,810105.3970861591,745296.9653192664,-64808.43176689267,64808.43176689267,7.999999999999992
2027-01-12,12,2027-01-01,True,CARIBE_MAR,35222922.44,454675.13875,198115528.79000002,128775093.71,386.0401,386473.87,68201.27,85.0,15.0,Cubierta (85.0% Contratos / 15.0% Bolsa),1364.02541625,526568.5080916916,810105.3970861591,745296.9653192664,-64808.43176689267,64808.43176689267,7.999999999999992
2027-01-12,12,2027-01-01,True,CARIBE_SOL,27953355.18,454675.13875,198115528.79000002,128775093.71,386.0401,386473.87,68201.27,85.0,15.0,Cubierta (85.0% Contratos / 15.0% Bolsa),1364.02541625,526568.5080916916,810105.3970861591,745296.9653192664,-64808.43176689267,64808.43176689267,7.999999999999992
2027-01-12,12,2027-01-01,True,VALLE,22412411.8,454675.13875,198115528.79000002,128775093.71,386.0401,386473.87,68201.27,85.0,15.0,Cubierta (85.0% Contratos / 15.0% Bolsa),1364.02541625,526568.5080916916,810105.3970861591,745296.9653192664,-64808.43176689267,64808.43176689267,7.999999999999992
2027-01-12,12,2027-01-01,True,SANTANDER,17489353.77,454675.13875,198115528.79000002,128775093.71,386.0401,386473.87,68201.27,85.0,15.0,Cubierta (85.0% Contratos / 15.0% Bolsa),1364.02541625,526568.5080916916,810105.3970861591,745296.9653192664,-64808.43176689267,64808.43176689267,7.999999999999992
2027-01-12,12,2027-01-01,True,CUNDINAMARCA,11165818.07,454675.13875,198115528.79000002,128775093.71,386.0401,386473.87,68201.27,85.0,15.0,Cubierta (85.0% Contratos / 15.0% Bolsa),1364.02541625,526568.5080916916,810105.3970861591,745296.9653192664,-64808.43176689267,64808.43176689267,7.999999999999992
2027-01-12,12,2027-01-01,True,TOLIMA,9321387.24,454675.13875,198115528.79000002,128775093.71,386.0401,386473.87,68201.27,85.0,15.0,Cubierta (85.0% Contratos / 15.0% Bolsa),1364.02541625,526568.5080916916,810105.3970861591,745296.9653192664,-64808.43176689267,64808.43176689267,7.999999999999992
2027-01-13,13,2027-01-01,True,ANTIOQUIA,31552062.99,457058.8375,199154177.35000002,129450215.28,386.5906,388500.01,68558.83,85.0,15.0,Cubierta (85.0% Contratos / 15.0% Bolsa),1371.1765125000002,530083.9506732826,815513.7702508391,750272.6686307719,-65241.101620067144,65241.101620067144,8.000000000000004
2027-01-13,13,2027-01-01,True,BOGOTA,43825687.9,457058.8375,199154177.35000002,129450215.28,386.5906,388500.01,68558.83,85.0,15.0,Cubierta (85.0% Contratos / 15.0% Bolsa),1371.1765125000002,530083.9506732826,815513.7702508391,750272.6686307719,-65241.101620067144,65241.101620067144,8.000000000000004
2027-01-13,13,2027-01-01,True,CARIBE_MAR,35050505.93,457058.8375,199154177.35000002,129450215.28,386.5906,388500.01,68558.83,85.0,15.0,Cubierta (85.0% Contratos / 15.0% Bolsa),1371.1765125000002,530083.9506732826,815513.7702508391,750272.6686307719,-65241.101620067144,65241.101620067144,8.000000000000004
2027-01-13,13,2027-01-01,True,CARIBE_SOL,27911374.85,457058.8375,199154177.35000002,129450215.28,386.5906,388500.01,68558.83,85.0,15.0,Cubierta (85.0% Contratos / 15.0% Bolsa),1371.1765125000002,530083.9506732826,815513.7702508391,750272.6686307719,-65241.101620067144,65241.101620067144,8.000000000000004
2027-01-13,13,2027-01-01,True,VALLE,22340089.27,457058.8375,199154177.35000002,129450215.28,386.5906,388500.01,68558.83,85.0,15.0,Cubierta (85.0% Contratos / 15.0% Bolsa),1371.1765125000002,530083.9506732826,815513.7702508391,750272.6686307719,-65241.101620067144,65241.101620067144,8.000000000000004
2027-01-13,13,2027-01-01,True,SANTANDER,17742412.71,457058.8375,199154177.35000002,129450215.28,386.5906,388500.01,68558.83,85.0,15.0,Cubierta (85.0% Contratos / 15.0% Bolsa),1371.1765125000002,530083.9506732826,815513.7702508391,750272.6686307719,-65241.101620067144,65241.101620067144,8.000000000000004
2027-01-13,13,2027-01-01,True,CUNDINAMARCA,11269209.81,457058.8375,199154177.35000002,129450215.28,386.5906,388500.01,68558.83,85.0,15.0,Cubierta (85.0% Contratos / 15.0% Bolsa),1371.1765125000002,530083.9506732826,815513.7702508391,750272.6686307719,-65241.101620067144,65241.101620067144,8.000000000000004
2027-01-13,13,2027-01-01,True,TOLIMA,9462833.89,457058.8375,199154177.35000002,129450215.28,386.5906,388500.01,68558.83,85.0,15.0,Cubierta (85.0% Contratos / 15.0% Bolsa),1371.1765125000002,530083.9506732826,815513.7702508391,750272.6686307719,-65241.101620067144,65241.101620067144,8.000000000000004
2027-01-14,14,2027-01-01,True,ANTIOQUIA,30984360.25,457842.97875,199495851.11999997,129672303.23,387.0791,389166.53,68676.45,85.0,15.0,Cubierta (85.0% Contratos / 15.0% Bolsa),1373.52893625,531664.3444676073,817945.1453221648,752509.5336963916,-65435.611625773134,65435.611625773134,7.999999999999995
2027-01-14,14,2027-01-01,True,BOGOTA,44267368.57,457842.97875,199495851.11999997,129672303.23,387.0791,389166.53,68676.45,85.0,15.0,Cubierta (85.0% Contratos / 15.0% Bolsa),1373.52893625,531664.3444676073,817945.1453221648,752509.5336963916,-65435.611625773134,65435.611625773134,7.999999999999995
2027-01-14,14,2027-01-01,True,CARIBE_MAR,35112708.23,457842.97875,199495851.11999997,129672303.23,387.0791,389166.53,68676.45,85.0,15.0,Cubierta (85.0% Contratos / 15.0% Bolsa),1373.52893625,531664.3444676073,817945.1453221648,752509.5336963916,-65435.611625773134,65435.611625773134,7.999999999999995
2027-01-14,14,2027-01-01,True,CARIBE_SOL,27836794.93,457842.97875,199495851.11999997,129672303.23,387.0791,389166.53,68676.45,85.0,15.0,Cubierta (85.0% Contratos / 15.0% Bolsa),1373.52893625,531664.3444676073,817945.1453221648,752509.5336963916,-65435.611625773134,65435.611625773134,7.999999999999995
2027-01-14,14,2027-01-01,True,VALLE,22781916.03,457842.97875,199495851.11999997,129672303.23,387.0791,389166.53,68676.45,85.0,15.0,Cubierta (85.0% Contratos / 15.0% Bolsa),1373.52893625,531664.3444676073,817945.1453221648,752509.5336963916,-65435.611625773134,65435.611625773134,7.999999999999995
2027-01-14,14,2027-01-01,True,SANTANDER,17767735.83,457842.97875,199495851.11999997,129672303.23,387.0791,389166.53,68676.45,85.0,15.0,Cubierta (85.0% Contratos / 15.0% Bolsa),1373.52893625,531664.3444676073,817945.1453221648,752509.5336963916,-65435.611625773134,65435.611625773134,7.999999999999995
2027-01-14,14,2027-01-01,True,CUNDINAMARCA,11242228.94,457842.97875,199495851.11999997,129672303.23,387.0791,389166.53,68676.45,85.0,15.0,Cubierta (85.0% Contratos / 15.0% Bolsa),1373.52893625,531664.3444676073,817945.1453221648,752509.5336963916,-65435.611625773134,65435.611625773134,7.999999999999995
2027-01-14,14,2027-01-01,True,TOLIMA,9502738.34,457842.97875,199495851.11999997,129672303.23,387.0791,389166.53,68676.45,85.0,15.0,Cubierta (85.0% Contratos / 15.0% Bolsa),1373.52893625,531664.3444676073,817945.1453221648,752509.5336963916,-65435.611625773134,65435.611625773134,7.999999999999995
2027-01-15,15,2027-01-01,True,ANTIOQUIA,31380554.09,458067.20375,199593552.99999997,129735809.45,387.4987,389357.12,68710.08,85.0,15.0,Cubierta (85.0% Contratos / 15.0% Bolsa),1374.20161125,532501.3378972803,819232.8275342772,753694.2013315351,-65538.6262027421,65538.6262027421,7.99999999999999
2027-01-15,15,2027-01-01,True,BOGOTA,43966154.9,458067.20375,199593552.99999997,129735809.45,387.4987,389357.12,68710.08,85.0,15.0,Cubierta (85.0% Contratos / 15.0% Bolsa),1374.20161125,532501.3378972803,819232.8275342772,753694.2013315351,-65538.6262027421,65538.6262027421,7.99999999999999
2027-01-15,15,2027-01-01,True,CARIBE_MAR,35136055.07,458067.20375,199593552.99999997,129735809.45,387.4987,389357.12,68710.08,85.0,15.0,Cubierta (85.0% Contratos / 15.0% Bolsa),1374.20161125,532501.3378972803,819232.8275342772,753694.2013315351,-65538.6262027421,65538.6262027421,7.99999999999999
2027-01-15,15,2027-01-01,True,CARIBE_SOL,27706908.57,458067.20375,199593552.99999997,129735809.45,387.4987,389357.12,68710.08,85.0,15.0,Cubierta (85.0% Contratos / 15.0% Bolsa),1374.20161125,532501.3378972803,819232.8275342772,753694.2013315351,-65538.6262027421,65538.6262027421,7.99999999999999
2027-01-15,15,2027-01-01,True,VALLE,22759432.23,458067.20375,199593552.99999997,129735809.45,387.4987,389357.12,68710.08,85.0,15.0,Cubierta (85.0% Contratos / 15.0% Bolsa),1374.20161125,532501.3378972803,819232.8275342772,753694.2013315351,-65538.6262027421,65538.6262027421,7.99999999999999
2027-01-15,15,2027-01-01,True,SANTANDER,17640035.51,458067.20375,199593552.99999997,129735809.45,387.4987,389357.12,68710.08,85.0,15.0,Cubierta (85.0% Contratos / 15.0% Bolsa),1374.20161125,532501.3378972803,819232.8275342772,753694.2013315351,-65538.6262027421,65538.6262027421,7.99999999999999
2027-01-15,15,2027-01-01,True,CUNDINAMARCA,11425051.85,458067.20375,199593552.99999997,129735809.45,387.4987,389357.12,68710.08,85.0,15.0,Cubierta (85.0% Contratos / 15.0% Bolsa),1374.20161125,532501.3378972803,819232.8275342772,753694.2013315351,-65538.6262027421,65538.6262027421,7.99999999999999
2027-01-15,15,2027-01-01,True,TOLIMA,9579360.78,458067.20375,199593552.99999997,129735809.45,387.4987,389357.12,68710.08,85.0,15.0,Cubierta (85.0% Contratos / 15.0% Bolsa),1374.20161125,532501.3378972803,819232.8275342772,753694.2013315351,-65538.6262027421,65538.6262027421,7.99999999999999
2027-01-16,16,2027-01-01,True,ANTIOQUIA,27008406.1,326340.52125,168651431.89000002,109623430.73,387.8439,277389.44,48951.08,85.0,15.0,Cubierta (85.0% Contratos / 15.0% Bolsa),979.02156375,379707.54146889865,584165.448405697,537432.2125332413,-46733.235872455756,46733.235872455756,7.999999999999999
2027-01-16,16,2027-01-01,True,BOGOTA,37265291.79,326340.52125,168651431.89000002,109623430.73,387.8439,277389.44,48951.08,85.0,15.0,Cubierta (85.0% Contratos / 15.0% Bolsa),979.02156375,379707.54146889865,584165.448405697,537432.2125332413,-46733.235872455756,46733.235872455756,7.999999999999999
2027-01-16,16,2027-01-01,True,CARIBE_MAR,29402649.02,326340.52125,168651431.89000002,109623430.73,387.8439,277389.44,48951.08,85.0,15.0,Cubierta (85.0% Contratos / 15.0% Bolsa),979.02156375,379707.54146889865,584165.448405697,537432.2125332413,-46733.235872455756,46733.235872455756,7.999999999999999
2027-01-16,16,2027-01-01,True,CARIBE_SOL,23230486.13,326340.52125,168651431.89000002,109623430.73,387.8439,277389.44,48951.08,85.0,15.0,Cubierta (85.0% Contratos / 15.0% Bolsa),979.02156375,379707.54146889865,584165.448405697,537432.2125332413,-46733.235872455756,46733.235872455756,7.999999999999999
2027-01-16,16,2027-01-01,True,VALLE,19144630.35,326340.52125,168651431.89000002,109623430.73,387.8439,277389.44,48951.08,85.0,15.0,Cubierta (85.0% Contratos / 15.0% Bolsa),979.02156375,379707.54146889865,584165.448405697,537432.2125332413,-46733.235872455756,46733.235872455756,7.999999999999999
2027-01-16,16,2027-01-01,True,SANTANDER,14860947.37,326340.52125,168651431.89000002,109623430.73,387.8439,277389.44,48951.08,85.0,15.0,Cubierta (85.0% Contratos / 15.0% Bolsa),979.02156375,379707.54146889865,584165.448405697,537432.2125332413,-46733.235872455756,46733.235872455756,7.999999999999999
2027-01-16,16,2027-01-01,True,CUNDINAMARCA,9655015.61,326340.52125,168651431.89000002,109623430.73,387.8439,277389.44,48951.08,85.0,15.0,Cubierta (85.0% Contratos / 15.0% Bolsa),979.02156375,379707.54146889865,584165.448405697,537432.2125332413,-46733.235872455756,46733.235872455756,7.999999999999999
2027-01-16,16,2027-01-01,True,TOLIMA,8084005.52,326340.52125,168651431.89000002,109623430.73,387.8439,277389.44,48951.08,85.0,15.0,Cubierta (85.0% Contratos / 15.0% Bolsa),979.02156375,379707.54146889865,584165.448405697,537432.2125332413,-46733.235872455756,46733.235872455756,7.999999999999999
2027-01-17,17,2027-01-01,True,ANTIOQUIA,26506526.1,325289.39125,168108212.54000002,109270338.15,388.1107,276495.98,48793.41,85.0,15.0,Cubierta (85.0% Contratos / 15.0% Bolsa),975.86817375,378744.8800218341,582684.4308081543,536069.676343502,-46614.75446465227,46614.75446465227,7.999999999999988
2027-01-17,17,2027-01-01,True,BOGOTA,37231264.64,325289.39125,168108212.54000002,109270338.15,388.1107,276495.98,48793.41,85.0,15.0,Cubierta (85.0% Contratos / 15.0% Bolsa),975.86817375,378744.8800218341,582684.4308081543,536069.676343502,-46614.75446465227,46614.75446465227,7.999999999999988
2027-01-17,17,2027-01-01,True,CARIBE_MAR,29970639.44,325289.39125,168108212.54000002,109270338.15,388.1107,276495.98,48793.41,85.0,15.0,Cubierta (85.0% Contratos / 15.0% Bolsa),975.86817375,378744.8800218341,582684.4308081543,536069.676343502,-46614.75446465227,46614.75446465227,7.999999999999988
2027-01-17,17,2027-01-01,True,CARIBE_SOL,23214302.87,325289.39125,168108212.54000002,109270338.15,388.1107,276495.98,48793.41,85.0,15.0,Cubierta (85.0% Contratos / 15.0% Bolsa),975.86817375,378744.8800218341,582684.4308081543,536069.676343502,-46614.75446465227,46614.75446465227,7.999999999999988
2027-01-17,17,2027-01-01,True,VALLE,19119258.9,325289.39125,168108212.54000002,109270338.15,388.1107,276495.98,48793.41,85.0,15.0,Cubierta (85.0% Contratos / 15.0% Bolsa),975.86817375,378744.8800218341,582684.4308081543,536069.676343502,-46614.75446465227,46614.75446465227,7.999999999999988
2027-01-17,17,2027-01-01,True,SANTANDER,14690938.52,325289.39125,168108212.54000002,109270338.15,388.1107,276495.98,48793.41,85.0,15.0,Cubierta (85.0% Contratos / 15.0% Bolsa),975.86817375,378744.8800218341,582684.4308081543,536069.676343502,-46614.75446465227,46614.75446465227,7.999999999999988
2027-01-17,17,2027-01-01,True,CUNDINAMARCA,9422285.06,325289.39125,168108212.54000002,109270338.15,388.1107,276495.98,48793.41,85.0,15.0,Cubierta (85.0% Contratos / 15.0% Bolsa),975.86817375,378744.8800218341,582684.4308081543,536069.676343502,-46614.75446465227,46614.75446465227,7.999999999999988
2027-01-17,17,2027-01-01,True,TOLIMA,7952997.01,325289.39125,168108212.54000002,109270338.15,388.1107,276495.98,48793.41,85.0,15.0,Cubierta (85.0% Contratos / 15.0% Bolsa),975.86817375,378744.8800218341,582684.4308081543,536069.676343502,-46614.75446465227,46614.75446465227,7.999999999999988
2027-01-18,18,2027-01-01,True,ANTIOQUIA,31642198.88,458276.2525,199684641.67,129795017.09,388.2968,389534.81,68741.44,85.0,15.0,Cubierta (85.0% Contratos / 15.0% Bolsa),1374.8287575,533841.607085226,821294.7801026426,755591.1976944312,-65703.58240821143,65703.58240821143,8.000000000000004
2027-01-18,18,2027-01-01,True,BOGOTA,44254616.86,458276.2525,199684641.67,129795017.09,388.2968,389534.81,68741.44,85.0,15.0,Cubierta (85.0% Contratos / 15.0% Bolsa),1374.8287575,533841.607085226,821294.7801026426,755591.1976944312,-65703.58240821143,65703.58240821143,8.000000000000004
2027-01-18,18,2027-01-01,True,CARIBE_MAR,34919099.54,458276.2525,199684641.67,129795017.09,388.2968,389534.81,68741.44,85.0,15.0,Cubierta (85.0% Contratos / 15.0% Bolsa),1374.8287575,533841.607085226,821294.7801026426,755591.1976944312,-65703.58240821143,65703.58240821143,8.000000000000004
2027-01-18,18,2027-01-01,True,CARIBE_SOL,27735851.99,458276.2525,199684641.67,129795017.09,388.2968,389534.81,68741.44,85.0,15.0,Cubierta (85.0% Contratos / 15.0% Bolsa),1374.8287575,533841.607085226,821294.7801026426,755591.1976944312,-65703.58240821143,65703.58240821143,8.000000000000004
2027-01-18,18,2027-01-01,True,VALLE,22722797.25,458276.2525,199684641.67,129795017.09,388.2968,389534.81,68741.44,85.0,15.0,Cubierta (85.0% Contratos / 15.0% Bolsa),1374.8287575,533841.607085226,821294.7801026426,755591.1976944312,-65703.58240821143,65703.58240821143,8.000000000000004
2027-01-18,18,2027-01-01,True,SANTANDER,17751060.86,458276.2525,199684641.67,129795017.09,388.2968,389534.81,68741.44,85.0,15.0,Cubierta (85.0% Contratos / 15.0% Bolsa),1374.8287575,533841.607085226,821294.7801026426,755591.1976944312,-65703.58240821143,65703.58240821143,8.000000000000004
2027-01-18,18,2027-01-01,True,CUNDINAMARCA,11255856.63,458276.2525,199684641.67,129795017.09,388.2968,389534.81,68741.44,85.0,15.0,Cubierta (85.0% Contratos / 15.0% Bolsa),1374.8287575,533841.607085226,821294.7801026426,755591.1976944312,-65703.58240821143,65703.58240821143,8.000000000000004
2027-01-18,18,2027-01-01,True,TOLIMA,9403159.66,458276.2525,199684641.67,129795017.09,388.2968,389534.81,68741.44,85.0,15.0,Cubierta (85.0% Contratos / 15.0% Bolsa),1374.8287575,533841.607085226,821294.7801026426,755591.1976944312,-65703.58240821143,65703.58240821143,8.000000000000004
2027-01-19,19,2027-01-01,True,ANTIOQUIA,31547696.73,458019.5825,199572803.10000002,129722322.02,388.4013,389316.65,68702.94,85.0,15.0,Cubierta (85.0% Contratos / 15.0% Bolsa),1374.0587475,533686.2038053718,821055.6981304638,755371.2422800268,-65684.45585043705,65684.45585043705,7.999999999999993
2027-01-19,19,2027-01-01,True,BOGOTA,44183458.08,458019.5825,199572803.10000002,129722322.02,388.4013,389316.65,68702.94,85.0,15.0,Cubierta (85.0% Contratos / 15.0% Bolsa),1374.0587475,533686.2038053718,821055.6981304638,755371.2422800268,-65684.45585043705,65684.45585043705,7.999999999999993
2027-01-19,19,2027-01-01,True,CARIBE_MAR,35014830.48,458019.5825,199572803.10000002,129722322.02,388.4013,389316.65,68702.94,85.0,15.0,Cubierta (85.0% Contratos / 15.0% Bolsa),1374.0587475,533686.2038053718,821055.6981304638,755371.2422800268,-65684.45585043705,65684.45585043705,7.999999999999993
2027-01-19,19,2027-01-01,True,CARIBE_SOL,27810689.18,458019.5825,199572803.10000002,129722322.02,388.4013,389316.65,68702.94,85.0,15.0,Cubierta (85.0% Contratos / 15.0% Bolsa),1374.0587475,533686.2038053718,821055.6981304638,755371.2422800268,-65684.45585043705,65684.45585043705,7.999999999999993
2027-01-19,19,2027-01-01,True,VALLE,22535745.84,458019.5825,199572803.10000002,129722322.02,388.4013,389316.65,68702.94,85.0,15.0,Cubierta (85.0% Contratos / 15.0% Bolsa),1374.0587475,533686.2038053718,821055.6981304638,755371.2422800268,-65684.45585043705,65684.45585043705,7.999999999999993
2027-01-19,19,2027-01-01,True,SANTANDER,17795005.77,458019.5825,199572803.10000002,129722322.02,388.4013,389316.65,68702.94,85.0,15.0,Cubierta (85.0% Contratos / 15.0% Bolsa),1374.0587475,533686.2038053718,821055.6981304638,755371.2422800268,-65684.45585043705,65684.45585043705,7.999999999999993
2027-01-19,19,2027-01-01,True,CUNDINAMARCA,11241164.37,458019.5825,199572803.10000002,129722322.02,388.4013,389316.65,68702.94,85.0,15.0,Cubierta (85.0% Contratos / 15.0% Bolsa),1374.0587475,533686.2038053718,821055.6981304638,755371.2422800268,-65684.45585043705,65684.45585043705,7.999999999999993
2027-01-19,19,2027-01-01,True,TOLIMA,9444212.65,458019.5825,199572803.10000002,129722322.02,388.4013,389316.65,68702.94,85.0,15.0,Cubierta (85.0% Contratos / 15.0% Bolsa),1374.0587475,533686.2038053718,821055.6981304638,755371.2422800268,-65684.45585043705,65684.45585043705,7.999999999999993
2027-01-20,20,2027-01-01,True,ANTIOQUIA,31150792.69,457929.45,199533529.51,129696794.18,388.4253,389240.03,68689.42,85.0,15.0,Cubierta (85.0% Contratos / 15.0% Bolsa),1373.78835,533614.151985255,820944.8492175791,755269.2612801729,-65675.58793740626,65675.58793740626,7.999999999999992
2027-01-20,20,2027-01-01,True,BOGOTA,43703326.75,457929.45,199533529.51,129696794.18,388.4253,389240.03,68689.42,85.0,15.0,Cubierta (85.0% Contratos / 15.0% Bolsa),1373.78835,533614.151985255,820944.8492175791,755269.2612801729,-65675.58793740626,65675.58793740626,7.999999999999992
2027-01-20,20,2027-01-01,True,CARIBE_MAR,35555541.12,457929.45,199533529.51,129696794.18,388.4253,389240.03,68689.42,85.0,15.0,Cubierta (85.0% Contratos / 15.0% Bolsa),1373.78835,533614.151985255,820944.8492175791,755269.2612801729,-65675.58793740626,65675.58793740626,7.999999999999992
2027-01-20,20,2027-01-01,True,CARIBE_SOL,27675592.87,457929.45,199533529.51,129696794.18,388.4253,389240.03,68689.42,85.0,15.0,Cubierta (85.0% Contratos / 15.0% Bolsa),1373.78835,533614.151985255,820944.8492175791,755269.2612801729,-65675.58793740626,65675.58793740626,7.999999999999992
2027-01-20,20,2027-01-01,True,VALLE,22874008.54,457929.45,199533529.51,129696794.18,388.4253,389240.03,68689.42,85.0,15.0,Cubierta (85.0% Contratos / 15.0% Bolsa),1373.78835,533614.151985255,820944.8492175791,755269.2612801729,-65675.58793740626,65675.58793740626,7.999999999999992
2027-01-20,20,2027-01-01,True,SANTANDER,17756363.18,457929.45,199533529.51,129696794.18,388.4253,389240.03,68689.42,85.0,15.0,Cubierta (85.0% Contratos / 15.0% Bolsa),1373.78835,533614.151985255,820944.8492175791,755269.2612801729,-65675.58793740626,65675.58793740626,7.999999999999992
2027-01-20,20,2027-01-01,True,CUNDINAMARCA,11252571.23,457929.45,199533529.51,129696794.18,388.4253,389240.03,68689.42,85.0,15.0,Cubierta (85.0% Contratos / 15.0% Bolsa),1373.78835,533614.151985255,820944.8492175791,755269.2612801729,-65675.58793740626,65675.58793740626,7.999999999999992
2027-01-20,20,2027-01-01,True,TOLIMA,9565333.13,457929.45,199533529.51,129696794.18,388.4253,389240.03,68689.42,85.0,15.0,Cubierta (85.0% Contratos / 15.0% Bolsa),1373.78835,533614.151985255,820944.8492175791,755269.2612801729,-65675.58793740626,65675.58793740626,7.999999999999992
2027-01-21,21,2027-01-01,True,ANTIOQUIA,31506939.29,458590.22,199821446.72,129883940.37,388.3714,389801.69,68788.53,85.0,15.0,Cubierta (85.0% Contratos / 15.0% Bolsa),1375.77066,534309.9773031239,822015.349684456,756254.1217096995,-65761.2279747565,65761.2279747565,8.000000000000004
2027-01-21,21,2027-01-01,True,BOGOTA,43996887.95,458590.22,199821446.72,129883940.37,388.3714,389801.69,68788.53,85.0,15.0,Cubierta (85.0% Contratos / 15.0% Bolsa),1375.77066,534309.9773031239,822015.349684456,756254.1217096995,-65761.2279747565,65761.2279747565,8.000000000000004
2027-01-21,21,2027-01-01,True,CARIBE_MAR,35551316.04,458590.22,199821446.72,129883940.37,388.3714,389801.69,68788.53,85.0,15.0,Cubierta (85.0% Contratos / 15.0% Bolsa),1375.77066,534309.9773031239,822015.349684456,756254.1217096995,-65761.2279747565,65761.2279747565,8.000000000000004
2027-01-21,21,2027-01-01,True,CARIBE_SOL,27454064.35,458590.22,199821446.72,129883940.37,388.3714,389801.69,68788.53,85.0,15.0,Cubierta (85.0% Contratos / 15.0% Bolsa),1375.77066,534309.9773031239,822015.349684456,756254.1217096995,-65761.2279747565,65761.2279747565,8.000000000000004
2027-01-21,21,2027-01-01,True,VALLE,22701982.06,458590.22,199821446.72,129883940.37,388.3714,389801.69,68788.53,85.0,15.0,Cubierta (85.0% Contratos / 15.0% Bolsa),1375.77066,534309.9773031239,822015.349684456,756254.1217096995,-65761.2279747565,65761.2279747565,8.000000000000004
2027-01-21,21,2027-01-01,True,SANTANDER,17773991.58,458590.22,199821446.72,129883940.37,388.3714,389801.69,68788.53,85.0,15.0,Cubierta (85.0% Contratos / 15.0% Bolsa),1375.77066,534309.9773031239,822015.349684456,756254.1217096995,-65761.2279747565,65761.2279747565,8.000000000000004
2027-01-21,21,2027-01-01,True,CUNDINAMARCA,11346559.21,458590.22,199821446.72,129883940.37,388.3714,389801.69,68788.53,85.0,15.0,Cubierta (85.0% Contratos / 15.0% Bolsa),1375.77066,534309.9773031239,822015.349684456,756254.1217096995,-65761.2279747565,65761.2279747565,8.000000000000004
2027-01-21,21,2027-01-01,True,TOLIMA,9489706.24,458590.22,199821446.72,129883940.37,388.3714,389801.69,68788.53,85.0,15.0,Cubierta (85.0% Contratos / 15.0% Bolsa),1375.77066,534309.9773031239,822015.349684456,756254.1217096995,-65761.2279747565,65761.2279747565,8.000000000000004
2027-01-22,22,2027-01-01,True,ANTIOQUIA,31453350.21,459232.37,200101250.74,130065812.98,388.2435,390347.51,68884.86,85.0,15.0,Cubierta (85.0% Contratos / 15.0% Bolsa),1377.69711,534881.947926285,822895.3045083036,757063.6801476394,-65831.62436066428,65831.62436066428,7.999999999999999
2027-01-22,22,2027-01-01,True,BOGOTA,44574871.03,459232.37,200101250.74,130065812.98,388.2435,390347.51,68884.86,85.0,15.0,Cubierta (85.0% Contratos / 15.0% Bolsa),1377.69711,534881.947926285,822895.3045083036,757063.6801476394,-65831.62436066428,65831.62436066428,7.999999999999999
2027-01-22,22,2027-01-01,True,CARIBE_MAR,35249480.74,459232.37,200101250.74,130065812.98,388.2435,390347.51,68884.86,85.0,15.0,Cubierta (85.0% Contratos / 15.0% Bolsa),1377.69711,534881.947926285,822895.3045083036,757063.6801476394,-65831.62436066428,65831.62436066428,7.999999999999999
2027-01-22,22,2027-01-01,True,CARIBE_SOL,27908202.48,459232.37,200101250.74,130065812.98,388.2435,390347.51,68884.86,85.0,15.0,Cubierta (85.0% Contratos / 15.0% Bolsa),1377.69711,534881.947926285,822895.3045083036,757063.6801476394,-65831.62436066428,65831.62436066428,7.999999999999999
2027-01-22,22,2027-01-01,True,VALLE,22629086.23,459232.37,200101250.74,130065812.98,388.2435,390347.51,68884.86,85.0,15.0,Cubierta (85.0% Contratos / 15.0% Bolsa),1377.69711,534881.947926285,822895.3045083036,757063.6801476394,-65831.62436066428,65831.62436066428,7.999999999999999
2027-01-22,22,2027-01-01,True,SANTANDER,17545487.77,459232.37,200101250.74,130065812.98,388.2435,390347.51,68884.86,85.0,15.0,Cubierta (85.0% Contratos / 15.0% Bolsa),1377.69711,534881.947926285,822895.3045083036,757063.6801476394,-65831.62436066428,65831.62436066428,7.999999999999999
2027-01-22,22,2027-01-01,True,CUNDINAMARCA,11316559.06,459232.37,200101250.74,130065812.98,388.2435,390347.51,68884.86,85.0,15.0,Cubierta (85.0% Contratos / 15.0% Bolsa),1377.69711,534881.947926285,822895.3045083036,757063.6801476394,-65831.62436066428,65831.62436066428,7.999999999999999
2027-01-22,22,2027-01-01,True,TOLIMA,9424213.22,459232.37,200101250.74,130065812.98,388.2435,390347.51,68884.86,85.0,15.0,Cubierta (85.0% Contratos / 15.0% Bolsa),1377.69711,534881.947926285,822895.3045083036,757063.6801476394,-65831.62436066428,65831.62436066428,7.999999999999999
2027-01-23,23,2027-01-01,True,ANTIOQUIA,26649722.97,325545.35125,168240491.55,109356319.51,388.0475,276713.55,48831.8,85.0,15.0,Cubierta (85.0% Contratos / 15.0% Bolsa),976.6360537500001,378981.1790675532,583047.9677829066,536404.1303602741,-46643.837422632496,46643.837422632496,7.999999999999995
2027-01-23,23,2027-01-01,True,BOGOTA,36563884.03,325545.35125,168240491.55,109356319.51,388.0475,276713.55,48831.8,85.0,15.0,Cubierta (85.0% Contratos / 15.0% Bolsa),976.6360537500001,378981.1790675532,583047.9677829066,536404.1303602741,-46643.837422632496,46643.837422632496,7.999999999999995
2027-01-23,23,2027-01-01,True,CARIBE_MAR,30111887.58,325545.35125,168240491.55,109356319.51,388.0475,276713.55,48831.8,85.0,15.0,Cubierta (85.0% Contratos / 15.0% Bolsa),976.6360537500001,378981.1790675532,583047.9677829066,536404.1303602741,-46643.837422632496,46643.837422632496,7.999999999999995
2027-01-23,23,2027-01-01,True,CARIBE_SOL,23330930.64,325545.35125,168240491.55,109356319.51,388.0475,276713.55,48831.8,85.0,15.0,Cubierta (85.0% Contratos / 15.0% Bolsa),976.6360537500001,378981.1790675532,583047.9677829066,536404.1303602741,-46643.837422632496,46643.837422632496,7.999999999999995
2027-01-23,23,2027-01-01,True,VALLE,19058669.99,325545.35125,168240491.55,109356319.51,388.0475,276713.55,48831.8,85.0,15.0,Cubierta (85.0% Contratos / 15.0% Bolsa),976.6360537500001,378981.1790675532,583047.9677829066,536404.1303602741,-46643.837422632496,46643.837422632496,7.999999999999995
2027-01-23,23,2027-01-01,True,SANTANDER,15002789.68,325545.35125,168240491.55,109356319.51,388.0475,276713.55,48831.8,85.0,15.0,Cubierta (85.0% Contratos / 15.0% Bolsa),976.6360537500001,378981.1790675532,583047.9677829066,536404.1303602741,-46643.837422632496,46643.837422632496,7.999999999999995
2027-01-23,23,2027-01-01,True,CUNDINAMARCA,9572330.2,325545.35125,168240491.55,109356319.51,388.0475,276713.55,48831.8,85.0,15.0,Cubierta (85.0% Contratos / 15.0% Bolsa),976.6360537500001,378981.1790675532,583047.9677829066,536404.1303602741,-46643.837422632496,46643.837422632496,7.999999999999995
2027-01-23,23,2027-01-01,True,TOLIMA,7950276.46,325545.35125,168240491.55,109356319.51,388.0475,276713.55,48831.8,85.0,15.0,Cubierta (85.0% Contratos / 15.0% Bolsa),976.6360537500001,378981.1790675532,583047.9677829066,536404.1303602741,-46643.837422632496,46643.837422632496,7.999999999999995
2027-01-24,24,2027-01-01,True,ANTIOQUIA,26478536.37,327631.3075,169318505.10999998,110057028.32,387.7904,278486.61,49144.7,85.0,15.0,Cubierta (85.0% Contratos / 15.0% Bolsa),982.8939225,381156.827363844,586395.1190292905,539483.5095069472,-46911.609522343264,46911.609522343264,8.000000000000004
2027-01-24,24,2027-01-01,True,BOGOTA,37460225.43,327631.3075,169318505.10999998,110057028.32,387.7904,278486.61,49144.7,85.0,15.0,Cubierta (85.0% Contratos / 15.0% Bolsa),982.8939225,381156.827363844,586395.1190292905,539483.5095069472,-46911.609522343264,46911.609522343264,8.000000000000004
2027-01-24,24,2027-01-01,True,CARIBE_MAR,29779076.04,327631.3075,169318505.10999998,110057028.32,387.7904,278486.61,49144.7,85.0,15.0,Cubierta (85.0% Contratos / 15.0% Bolsa),982.8939225,381156.827363844,586395.1190292905,539483.5095069472,-46911.609522343264,46911.609522343264,8.000000000000004
2027-01-24,24,2027-01-01,True,CARIBE_SOL,23397720.49,327631.3075,169318505.10999998,110057028.32,387.7904,278486.61,49144.7,85.0,15.0,Cubierta (85.0% Contratos / 15.0% Bolsa),982.8939225,381156.827363844,586395.1190292905,539483.5095069472,-46911.609522343264,46911.609522343264,8.000000000000004
2027-01-24,24,2027-01-01,True,VALLE,19480898.96,327631.3075,169318505.10999998,110057028.32,387.7904,278486.61,49144.7,85.0,15.0,Cubierta (85.0% Contratos / 15.0% Bolsa),982.8939225,381156.827363844,586395.1190292905,539483.5095069472,-46911.609522343264,46911.609522343264,8.000000000000004
2027-01-24,24,2027-01-01,True,SANTANDER,15157256.91,327631.3075,169318505.10999998,110057028.32,387.7904,278486.61,49144.7,85.0,15.0,Cubierta (85.0% Contratos / 15.0% Bolsa),982.8939225,381156.827363844,586395.1190292905,539483.5095069472,-46911.609522343264,46911.609522343264,8.000000000000004
2027-01-24,24,2027-01-01,True,CUNDINAMARCA,9609009.65,327631.3075,169318505.10999998,110057028.32,387.7904,278486.61,49144.7,85.0,15.0,Cubierta (85.0% Contratos / 15.0% Bolsa),982.8939225,381156.827363844,586395.1190292905,539483.5095069472,-46911.609522343264,46911.609522343264,8.000000000000004
2027-01-24,24,2027-01-01,True,TOLIMA,7955781.26,327631.3075,169318505.10999998,110057028.32,387.7904,278486.61,49144.7,85.0,15.0,Cubierta (85.0% Contratos / 15.0% Bolsa),982.8939225,381156.827363844,586395.1190292905,539483.5095069472,-46911.609522343264,46911.609522343264,8.000000000000004
2027-01-25,25,2027-01-01,True,ANTIOQUIA,31475300.32,457346.845,199279671.24,129531786.31,387.4804,388744.82,68602.03,85.0,15.0,Cubierta (85.0% Contratos / 15.0% Bolsa),1372.0405349999999,531638.8153180139,817905.8696947641,752473.400119183,-65432.46957558114,65432.46957558114,8.000000000000002
2027-01-25,25,2027-01-01,True,BOGOTA,43591601.18,457346.845,199279671.24,129531786.31,387.4804,388744.82,68602.03,85.0,15.0,Cubierta (85.0% Contratos / 15.0% Bolsa),1372.0405349999999,531638.8153180139,817905.8696947641,752473.400119183,-65432.46957558114,65432.46957558114,8.000000000000002
2027-01-25,25,2027-01-01,True,CARIBE_MAR,35276532.47,457346.845,199279671.24,129531786.31,387.4804,388744.82,68602.03,85.0,15.0,Cubierta (85.0% Contratos / 15.0% Bolsa),1372.0405349999999,531638.8153180139,817905.8696947641,752473.400119183,-65432.46957558114,65432.46957558114,8.000000000000002
2027-01-25,25,2027-01-01,True,CARIBE_SOL,27548493.93,457346.845,199279671.24,129531786.31,387.4804,388744.82,68602.03,85.0,15.0,Cubierta (85.0% Contratos / 15.0% Bolsa),1372.0405349999999,531638.8153180139,817905.8696947641,752473.400119183,-65432.46957558114,65432.46957558114,8.000000000000002
2027-01-25,25,2027-01-01,True,VALLE,22854538.83,457346.845,199279671.24,129531786.31,387.4804,388744.82,68602.03,85.0,15.0,Cubierta (85.0% Contratos / 15.0% Bolsa),1372.0405349999999,531638.8153180139,817905.8696947641,752473.400119183,-65432.46957558114,65432.46957558114,8.000000000000002
2027-01-25,25,2027-01-01,True,SANTANDER,17800713.37,457346.845,199279671.24,129531786.31,387.4804,388744.82,68602.03,85.0,15.0,Cubierta (85.0% Contratos / 15.0% Bolsa),1372.0405349999999,531638.8153180139,817905.8696947641,752473.400119183,-65432.46957558114,65432.46957558114,8.000000000000002
2027-01-25,25,2027-01-01,True,CUNDINAMARCA,11256513.75,457346.845,199279671.24,129531786.31,387.4804,388744.82,68602.03,85.0,15.0,Cubierta (85.0% Contratos / 15.0% Bolsa),1372.0405349999999,531638.8153180139,817905.8696947641,752473.400119183,-65432.46957558114,65432.46957558114,8.000000000000002
2027-01-25,25,2027-01-01,True,TOLIMA,9475977.39,457346.845,199279671.24,129531786.31,387.4804,388744.82,68602.03,85.0,15.0,Cubierta (85.0% Contratos / 15.0% Bolsa),1372.0405349999999,531638.8153180139,817905.8696947641,752473.400119183,-65432.46957558114,65432.46957558114,8.000000000000002
2027-01-26,26,2027-01-01,True,ANTIOQUIA,31885480.72,460021.835,200445243.81000003,130289408.48,387.1269,391018.56,69003.28,85.0,15.0,Cubierta (85.0% Contratos / 15.0% Bolsa),1380.065505,534260.4807475845,821939.2011280502,756184.0650378063,-65755.13609024393,65755.13609024393,7.99999999999999
2027-01-26,26,2027-01-01,True,BOGOTA,44073411.82,460021.835,200445243.81000003,130289408.48,387.1269,391018.56,69003.28,85.0,15.0,Cubierta (85.0% Contratos / 15.0% Bolsa),1380.065505,534260.4807475845,821939.2011280502,756184.0650378063,-65755.13609024393,65755.13609024393,7.99999999999999
2027-01-26,26,2027-01-01,True,CARIBE_MAR,34976353.9,460021.835,200445243.81000003,130289408.48,387.1269,391018.56,69003.28,85.0,15.0,Cubierta (85.0% Contratos / 15.0% Bolsa),1380.065505,534260.4807475845,821939.2011280502,756184.0650378063,-65755.13609024393,65755.13609024393,7.99999999999999
2027-01-26,26,2027-01-01,True,CARIBE_SOL,27771635.93,460021.835,200445243.81000003,130289408.48,387.1269,391018.56,69003.28,85.0,15.0,Cubierta (85.0% Contratos / 15.0% Bolsa),1380.065505,534260.4807475845,821939.2011280502,756184.0650378063,-65755.13609024393,65755.13609024393,7.99999999999999
2027-01-26,26,2027-01-01,True,VALLE,22985644.67,460021.835,200445243.81000003,130289408.48,387.1269,391018.56,69003.28,85.0,15.0,Cubierta (85.0% Contratos / 15.0% Bolsa),1380.065505,534260.4807475845,821939.2011280502,756184.0650378063,-65755.13609024393,65755.13609024393,7.99999999999999
2027-01-26,26,2027-01-01,True,SANTANDER,17918043.04,460021.835,200445243.81000003,130289408.48,387.1269,391018.56,69003.28,85.0,15.0,Cubierta (85.0% Contratos / 15.0% Bolsa),1380.065505,534260.4807475845,821939.2011280502,756184.0650378063,-65755.13609024393,65755.13609024393,7.99999999999999
2027-01-26,26,2027-01-01,True,CUNDINAMARCA,11344076.49,460021.835,200445243.81000003,130289408.48,387.1269,391018.56,69003.28,85.0,15.0,Cubierta (85.0% Contratos / 15.0% Bolsa),1380.065505,534260.4807475845,821939.2011280502,756184.0650378063,-65755.13609024393,65755.13609024393,7.99999999999999
2027-01-26,26,2027-01-01,True,TOLIMA,9490597.24,460021.835,200445243.81000003,130289408.48,387.1269,391018.56,69003.28,85.0,15.0,Cubierta (85.0% Contratos / 15.0% Bolsa),1380.065505,534260.4807475845,821939.2011280502,756184.0650378063,-65755.13609024393,65755.13609024393,7.99999999999999
2027-01-27,27,2027-01-01,True,ANTIOQUIA,31702206.41,462271.5,201425490.27999997,130926568.68,386.7403,392930.78,69340.73,85.0,15.0,Cubierta (85.0% Contratos / 15.0% Bolsa),1386.8145,536337.05577435,825133.9319731428,759123.2174152914,-66010.71455785143,66010.71455785143,8.000000000000002
2027-01-27,27,2027-01-01,True,BOGOTA,44719624.07,462271.5,201425490.27999997,130926568.68,386.7403,392930.78,69340.73,85.0,15.0,Cubierta (85.0% Contratos / 15.0% Bolsa),1386.8145,536337.05577435,825133.9319731428,759123.2174152914,-66010.71455785143,66010.71455785143,8.000000000000002
2027-01-27,27,2027-01-01,True,CARIBE_MAR,35599603.3,462271.5,201425490.27999997,130926568.68,386.7403,392930.78,69340.73,85.0,15.0,Cubierta (85.0% Contratos / 15.0% Bolsa),1386.8145,536337.05577435,825133.9319731428,759123.2174152914,-66010.71455785143,66010.71455785143,8.000000000000002
2027-01-27,27,2027-01-01,True,CARIBE_SOL,28014451.41,462271.5,201425490.27999997,130926568.68,386.7403,392930.78,69340.73,85.0,15.0,Cubierta (85.0% Contratos / 15.0% Bolsa),1386.8145,536337.05577435,825133.9319731428,759123.2174152914,-66010.71455785143,66010.71455785143,8.000000000000002
2027-01-27,27,2027-01-01,True,VALLE,23050968.54,462271.5,201425490.27999997,130926568.68,386.7403,392930.78,69340.73,85.0,15.0,Cubierta (85.0% Contratos / 15.0% Bolsa),1386.8145,536337.05577435,825133.9319731428,759123.2174152914,-66010.71455785143,66010.71455785143,8.000000000000002
2027-01-27,27,2027-01-01,True,SANTANDER,17570837.32,462271.5,201425490.27999997,130926568.68,386.7403,392930.78,69340.73,85.0,15.0,Cubierta (85.0% Contratos / 15.0% Bolsa),1386.8145,536337.05577435,825133.9319731428,759123.2174152914,-66010.71455785143,66010.71455785143,8.000000000000002
2027-01-27,27,2027-01-01,True,CUNDINAMARCA,11323032.78,462271.5,201425490.27999997,130926568.68,386.7403,392930.78,69340.73,85.0,15.0,Cubierta (85.0% Contratos / 15.0% Bolsa),1386.8145,536337.05577435,825133.9319731428,759123.2174152914,-66010.71455785143,66010.71455785143,8.000000000000002
2027-01-27,27,2027-01-01,True,TOLIMA,9444766.45,462271.5,201425490.27999997,130926568.68,386.7403,392930.78,69340.73,85.0,15.0,Cubierta (85.0% Contratos / 15.0% Bolsa),1386.8145,536337.05577435,825133.9319731428,759123.2174152914,-66010.71455785143,66010.71455785143,8.000000000000002
2027-01-28,28,2027-01-01,True,ANTIOQUIA,32092223.14,461862.86625,201247436.42999998,130810833.68,386.3313,392583.44,69279.43,85.0,15.0,Cubierta (85.0% Contratos / 15.0% Bolsa),1385.58859875,535296.2446202659,823532.6840280303,757650.0693057879,-65882.61472224235,65882.61472224235,7.99999999999999
2027-01-28,28,2027-01-01,True,BOGOTA,44481205.67,461862.86625,201247436.42999998,130810833.68,386.3313,392583.44,69279.43,85.0,15.0,Cubierta (85.0% Contratos / 15.0% Bolsa),1385.58859875,535296.2446202659,823532.6840280303,757650.0693057879,-65882.61472224235,65882.61472224235,7.99999999999999
2027-01-28,28,2027-01-01,True,CARIBE_MAR,35507121.39,461862.86625,201247436.42999998,130810833.68,386.3313,392583.44,69279.43,85.0,15.0,Cubierta (85.0% Contratos / 15.0% Bolsa),1385.58859875,535296.2446202659,823532.6840280303,757650.0693057879,-65882.61472224235,65882.61472224235,7.99999999999999
2027-01-28,28,2027-01-01,True,CARIBE_SOL,27390744.93,461862.86625,201247436.42999998,130810833.68,386.3313,392583.44,69279.43,85.0,15.0,Cubierta (85.0% Contratos / 15.0% Bolsa),1385.58859875,535296.2446202659,823532.6840280303,757650.0693057879,-65882.61472224235,65882.61472224235,7.99999999999999
2027-01-28,28,2027-01-01,True,VALLE,22915312.07,461862.86625,201247436.42999998,130810833.68,386.3313,392583.44,69279.43,85.0,15.0,Cubierta (85.0% Contratos / 15.0% Bolsa),1385.58859875,535296.2446202659,823532.6840280303,757650.0693057879,-65882.61472224235,65882.61472224235,7.99999999999999
2027-01-28,28,2027-01-01,True,SANTANDER,17995896.56,461862.86625,201247436.42999998,130810833.68,386.3313,392583.44,69279.43,85.0,15.0,Cubierta (85.0% Contratos / 15.0% Bolsa),1385.58859875,535296.2446202659,823532.6840280303,757650.0693057879,-65882.61472224235,65882.61472224235,7.99999999999999
2027-01-28,28,2027-01-01,True,CUNDINAMARCA,11374644.26,461862.86625,201247436.42999998,130810833.68,386.3313,392583.44,69279.43,85.0,15.0,Cubierta (85.0% Contratos / 15.0% Bolsa),1385.58859875,535296.2446202659,823532.6840280303,757650.0693057879,-65882.61472224235,65882.61472224235,7.99999999999999
2027-01-28,28,2027-01-01,True,TOLIMA,9490288.41,461862.86625,201247436.42999998,130810833.68,386.3313,392583.44,69279.43,85.0,15.0,Cubierta (85.0% Contratos / 15.0% Bolsa),1385.58859875,535296.2446202659,823532.6840280303,757650.0693057879,-65882.61472224235,65882.61472224235,7.99999999999999
2027-01-29,29,2027-01-01,True,ANTIOQUIA,31759931.44,460435.33,200625416.21,130406520.54,385.9115,391370.03,69065.3,85.0,15.0,Cubierta (85.0% Contratos / 15.0% Bolsa),1381.30599,533061.866559885,820095.1793008894,754487.5649568182,-65607.61434407113,65607.61434407113,7.999999999999997
2027-01-29,29,2027-01-01,True,BOGOTA,44593438.04,460435.33,200625416.21,130406520.54,385.9115,391370.03,69065.3,85.0,15.0,Cubierta (85.0% Contratos / 15.0% Bolsa),1381.30599,533061.866559885,820095.1793008894,754487.5649568182,-65607.61434407113,65607.61434407113,7.999999999999997
2027-01-29,29,2027-01-01,True,CARIBE_MAR,35504127.26,460435.33,200625416.21,130406520.54,385.9115,391370.03,69065.3,85.0,15.0,Cubierta (85.0% Contratos / 15.0% Bolsa),1381.30599,533061.866559885,820095.1793008894,754487.5649568182,-65607.61434407113,65607.61434407113,7.999999999999997
2027-01-29,29,2027-01-01,True,CARIBE_SOL,27936143.73,460435.33,200625416.21,130406520.54,385.9115,391370.03,69065.3,85.0,15.0,Cubierta (85.0% Contratos / 15.0% Bolsa),1381.30599,533061.866559885,820095.1793008894,754487.5649568182,-65607.61434407113,65607.61434407113,7.999999999999997
2027-01-29,29,2027-01-01,True,VALLE,22487138.97,460435.33,200625416.21,130406520.54,385.9115,391370.03,69065.3,85.0,15.0,Cubierta (85.0% Contratos / 15.0% Bolsa),1381.30599,533061.866559885,820095.1793008894,754487.5649568182,-65607.61434407113,65607.61434407113,7.999999999999997
2027-01-29,29,2027-01-01,True,SANTANDER,17640984.84,460435.33,200625416.21,130406520.54,385.9115,391370.03,69065.3,85.0,15.0,Cubierta (85.0% Contratos / 15.0% Bolsa),1381.30599,533061.866559885,820095.1793008894,754487.5649568182,-65607.61434407113,65607.61434407113,7.999999999999997
2027-01-29,29,2027-01-01,True,CUNDINAMARCA,11378749.56,460435.33,200625416.21,130406520.54,385.9115,391370.03,69065.3,85.0,15.0,Cubierta (85.0% Contratos / 15.0% Bolsa),1381.30599,533061.866559885,820095.1793008894,754487.5649568182,-65607.61434407113,65607.61434407113,7.999999999999997
2027-01-29,29,2027-01-01,True,TOLIMA,9324902.37,460435.33,200625416.21,130406520.54,385.9115,391370.03,69065.3,85.0,15.0,Cubierta (85.0% Contratos / 15.0% Bolsa),1381.30599,533061.866559885,820095.1793008894,754487.5649568182,-65607.61434407113,65607.61434407113,7.999999999999997
2027-01-30,30,2027-01-01,True,ANTIOQUIA,26849368.97,327819.19125,169415603.02,110120141.96,385.4924,278646.31,49172.88,85.0,15.0,Cubierta (85.0% Contratos / 15.0% Bolsa),983.4575737499999,379115.42040306446,583254.4929436811,536594.1335081867,-46660.35943549441,46660.35943549441,7.999999999999987
2027-01-30,30,2027-01-01,True,BOGOTA,37453341.78,327819.19125,169415603.02,110120141.96,385.4924,278646.31,49172.88,85.0,15.0,Cubierta (85.0% Contratos / 15.0% Bolsa),983.4575737499999,379115.42040306446,583254.4929436811,536594.1335081867,-46660.35943549441,46660.35943549441,7.999999999999987
2027-01-30,30,2027-01-01,True,CARIBE_MAR,29509253.85,327819.19125,169415603.02,110120141.96,385.4924,278646.31,49172.88,85.0,15.0,Cubierta (85.0% Contratos / 15.0% Bolsa),983.4575737499999,379115.42040306446,583254.4929436811,536594.1335081867,-46660.35943549441,46660.35943549441,7.999999999999987
2027-01-30,30,2027-01-01,True,CARIBE_SOL,23567212.0,327819.19125,169415603.02,110120141.96,385.4924,278646.31,49172.88,85.0,15.0,Cubierta (85.0% Contratos / 15.0% Bolsa),983.4575737499999,379115.42040306446,583254.4929436811,536594.1335081867,-46660.35943549441,46660.35943549441,7.999999999999987
2027-01-30,30,2027-01-01,True,VALLE,19354002.93,327819.19125,169415603.02,110120141.96,385.4924,278646.31,49172.88,85.0,15.0,Cubierta (85.0% Contratos / 15.0% Bolsa),983.4575737499999,379115.42040306446,583254.4929436811,536594.1335081867,-46660.35943549441,46660.35943549441,7.999999999999987
2027-01-30,30,2027-01-01,True,SANTANDER,15027740.6,327819.19125,169415603.02,110120141.96,385.4924,278646.31,49172.88,85.0,15.0,Cubierta (85.0% Contratos / 15.0% Bolsa),983.4575737499999,379115.42040306446,583254.4929436811,536594.1335081867,-46660.35943549441,46660.35943549441,7.999999999999987
2027-01-30,30,2027-01-01,True,CUNDINAMARCA,9581207.12,327819.19125,169415603.02,110120141.96,385.4924,278646.31,49172.88,85.0,15.0,Cubierta (85.0% Contratos / 15.0% Bolsa),983.4575737499999,379115.42040306446,583254.4929436811,536594.1335081867,-46660.35943549441,46660.35943549441,7.999999999999987
2027-01-30,30,2027-01-01,True,TOLIMA,8073475.77,327819.19125,169415603.02,110120141.96,385.4924,278646.31,49172.88,85.0,15.0,Cubierta (85.0% Contratos / 15.0% Bolsa),983.4575737499999,379115.42040306446,583254.4929436811,536594.1335081867,-46660.35943549441,46660.35943549441,7.999999999999987
2027-01-31,31,2027-01-01,True,ANTIOQUIA,26845904.57,328132.62625,169577584.83999997,110225430.15,385.0856,278912.73,49219.89,85.0,15.0,Cubierta (85.0% Contratos / 15.0% Bolsa),984.3978787499999,379077.447777171,583196.073482176,536540.387603602,-46655.68587857403,46655.68587857403,7.999999999999992
2027-01-31,31,2027-01-01,True,BOGOTA,37127177.19,328132.62625,169577584.83999997,110225430.15,385.0856,278912.73,49219.89,85.0,15.0,Cubierta (85.0% Contratos / 15.0% Bolsa),984.3978787499999,379077.447777171,583196.073482176,536540.387603602,-46655.68587857403,46655.68587857403,7.999999999999992
2027-01-31,31,2027-01-01,True,CARIBE_MAR,30226759.18,328132.62625,169577584.83999997,110225430.15,385.0856,278912.73,49219.89,85.0,15.0,Cubierta (85.0% Contratos / 15.0% Bolsa),984.3978787499999,379077.447777171,583196.073482176,536540.387603602,-46655.68587857403,46655.68587857403,7.999999999999992
2027-01-31,31,2027-01-01,True,CARIBE_SOL,23477952.33,328132.62625,169577584.83999997,110225430.15,385.0856,278912.73,49219.89,85.0,15.0,Cubierta (85.0% Contratos / 15.0% Bolsa),984.3978787499999,379077.447777171,583196.073482176,536540.387603602,-46655.68587857403,46655.68587857403,7.999999999999992
2027-01-31,31,2027-01-01,True,VALLE,19148228.33,328132.62625,169577584.83999997,110225430.15,385.0856,278912.73,49219.89,85.0,15.0,Cubierta (85.0% Contratos / 15.0% Bolsa),984.3978787499999,379077.447777171,583196.073482176,536540.387603602,-46655.68587857403,46655.68587857403,7.999999999999992
2027-01-31,31,2027-01-01,True,SANTANDER,15098405.32,328132.62625,169577584.83999997,110225430.15,385.0856,278912.73,49219.89,85.0,15.0,Cubierta (85.0% Contratos / 15.0% Bolsa),984.3978787499999,379077.447777171,583196.073482176,536540.387603602,-46655.68587857403,46655.68587857403,7.999999999999992
2027-01-31,31,2027-01-01,True,CUNDINAMARCA,9649168.85,328132.62625,169577584.83999997,110225430.15,385.0856,278912.73,49219.89,85.0,15.0,Cubierta (85.0% Contratos / 15.0% Bolsa),984.3978787499999,379077.447777171,583196.073482176,536540.387603602,-46655.68587857403,46655.68587857403,7.999999999999992
2027-01-31,31,2027-01-01,True,TOLIMA,8003989.07,328132.62625,169577584.83999997,110225430.15,385.0856,278912.73,49219.89,85.0,15.0,Cubierta (85.0% Contratos / 15.0% Bolsa),984.3978787499999,379077.447777171,583196.073482176,536540.387603602,-46655.68587857403,46655.68587857403,7.999999999999992
2027-02-01,1,2027-02-01,True,ANTIOQUIA,31094713.23,459324.525,200141405.49,130091913.57,384.7025,390425.85,68898.68,85.0,15.0,Cubierta (85.0% Contratos / 15.0% Bolsa),1377.9735750000002,530109.8792364376,815553.6603543464,750309.3675259987,-65244.29282834765,65244.29282834765,7.999999999999993
2027-02-01,1,2027-02-01,True,BOGOTA,44429213.91,459324.525,200141405.49,130091913.57,384.7025,390425.85,68898.68,85.0,15.0,Cubierta (85.0% Contratos / 15.0% Bolsa),1377.9735750000002,530109.8792364376,815553.6603543464,750309.3675259987,-65244.29282834765,65244.29282834765,7.999999999999993
2027-02-01,1,2027-02-01,True,CARIBE_MAR,35693418.32,459324.525,200141405.49,130091913.57,384.7025,390425.85,68898.68,85.0,15.0,Cubierta (85.0% Contratos / 15.0% Bolsa),1377.9735750000002,530109.8792364376,815553.6603543464,750309.3675259987,-65244.29282834765,65244.29282834765,7.999999999999993
2027-02-01,1,2027-02-01,True,CARIBE_SOL,27762867.81,459324.525,200141405.49,130091913.57,384.7025,390425.85,68898.68,85.0,15.0,Cubierta (85.0% Contratos / 15.0% Bolsa),1377.9735750000002,530109.8792364376,815553.6603543464,750309.3675259987,-65244.29282834765,65244.29282834765,7.999999999999993
2027-02-01,1,2027-02-01,True,VALLE,22527055.3,459324.525,200141405.49,130091913.57,384.7025,390425.85,68898.68,85.0,15.0,Cubierta (85.0% Contratos / 15.0% Bolsa),1377.9735750000002,530109.8792364376,815553.6603543464,750309.3675259987,-65244.29282834765,65244.29282834765,7.999999999999993
2027-02-01,1,2027-02-01,True,SANTANDER,17724130.52,459324.525,200141405.49,130091913.57,384.7025,390425.85,68898.68,85.0,15.0,Cubierta (85.0% Contratos / 15.0% Bolsa),1377.9735750000002,530109.8792364376,815553.6603543464,750309.3675259987,-65244.29282834765,65244.29282834765,7.999999999999993
2027-02-01,1,2027-02-01,True,CUNDINAMARCA,11327446.29,459324.525,200141405.49,130091913.57,384.7025,390425.85,68898.68,85.0,15.0,Cubierta (85.0% Contratos / 15.0% Bolsa),1377.9735750000002,530109.8792364376,815553.6603543464,750309.3675259987,-65244.29282834765,65244.29282834765,7.999999999999993
2027-02-01,1,2027-02-01,True,TOLIMA,9582560.11,459324.525,200141405.49,130091913.57,384.7025,390425.85,68898.68,85.0,15.0,Cubierta (85.0% Contratos / 15.0% Bolsa),1377.9735750000002,530109.8792364376,815553.6603543464,750309.3675259987,-65244.29282834765,65244.29282834765,7.999999999999993
2027-02-02,2,2027-02-01,True,ANTIOQUIA,32011666.9,461168.5925,200944920.48000005,130614198.31,384.3539,391993.3,69175.29,85.0,15.0,Cubierta (85.0% Contratos / 15.0% Bolsa),1383.5057775,531755.8412546573,818085.9096350766,752639.0368642706,-65446.872770806076,65446.872770806076,7.999999999999993
2027-02-02,2,2027-02-01,True,BOGOTA,44307921.63,461168.5925,200944920.48000005,130614198.31,384.3539,391993.3,69175.29,85.0,15.0,Cubierta (85.0% Contratos / 15.0% Bolsa),1383.5057775,531755.8412546573,818085.9096350766,752639.0368642706,-65446.872770806076,65446.872770806076,7.999999999999993
2027-02-02,2,2027-02-01,True,CARIBE_MAR,35472749.67,461168.5925,200944920.48000005,130614198.31,384.3539,391993.3,69175.29,85.0,15.0,Cubierta (85.0% Contratos / 15.0% Bolsa),1383.5057775,531755.8412546573,818085.9096350766,752639.0368642706,-65446.872770806076,65446.872770806076,7.999999999999993
2027-02-02,2,2027-02-01,True,CARIBE_SOL,27653991.13,461168.5925,200944920.48000005,130614198.31,384.3539,391993.3,69175.29,85.0,15.0,Cubierta (85.0% Contratos / 15.0% Bolsa),1383.5057775,531755.8412546573,818085.9096350766,752639.0368642706,-65446.872770806076,65446.872770806076,7.999999999999993
2027-02-02,2,2027-02-01,True,VALLE,22775720.89,461168.5925,200944920.48000005,130614198.31,384.3539,391993.3,69175.29,85.0,15.0,Cubierta (85.0% Contratos / 15.0% Bolsa),1383.5057775,531755.8412546573,818085.9096350766,752639.0368642706,-65446.872770806076,65446.872770806076,7.999999999999993
2027-02-02,2,2027-02-01,True,SANTANDER,17824737.43,461168.5925,200944920.48000005,130614198.31,384.3539,391993.3,69175.29,85.0,15.0,Cubierta (85.0% Contratos / 15.0% Bolsa),1383.5057775,531755.8412546573,818085.9096350766,752639.0368642706,-65446.872770806076,65446.872770806076,7.999999999999993
2027-02-02,2,2027-02-01,True,CUNDINAMARCA,11490119.27,461168.5925,200944920.48000005,130614198.31,384.3539,391993.3,69175.29,85.0,15.0,Cubierta (85.0% Contratos / 15.0% Bolsa),1383.5057775,531755.8412546573,818085.9096350766,752639.0368642706,-65446.872770806076,65446.872770806076,7.999999999999993
2027-02-02,2,2027-02-01,True,TOLIMA,9408013.56,461168.5925,200944920.48000005,130614198.31,384.3539,391993.3,69175.29,85.0,15.0,Cubierta (85.0% Contratos / 15.0% Bolsa),1383.5057775,531755.8412546573,818085.9096350766,752639.0368642706,-65446.872770806076,65446.872770806076,7.999999999999993
2027-02-03,3,2027-02-01,True,ANTIOQUIA,31706654.12,460137.36875,200495585.54000002,130322130.6,384.0499,391116.76,69020.61,85.0,15.0,Cubierta (85.0% Contratos / 15.0% Bolsa),1380.41210625,530147.1313641019,815610.9713356461,750362.0936287944,-65248.877706851694,65248.877706851694,8.0
2027-02-03,3,2027-02-01,True,BOGOTA,44392871.5,460137.36875,200495585.54000002,130322130.6,384.0499,391116.76,69020.61,85.0,15.0,Cubierta (85.0% Contratos / 15.0% Bolsa),1380.41210625,530147.1313641019,815610.9713356461,750362.0936287944,-65248.877706851694,65248.877706851694,8.0
2027-02-03,3,2027-02-01,True,CARIBE_MAR,35613730.81,460137.36875,200495585.54000002,130322130.6,384.0499,391116.76,69020.61,85.0,15.0,Cubierta (85.0% Contratos / 15.0% Bolsa),1380.41210625,530147.1313641019,815610.9713356461,750362.0936287944,-65248.877706851694,65248.877706851694,8.0
2027-02-03,3,2027-02-01,True,CARIBE_SOL,27460734.4,460137.36875,200495585.54000002,130322130.6,384.0499,391116.76,69020.61,85.0,15.0,Cubierta (85.0% Contratos / 15.0% Bolsa),1380.41210625,530147.1313641019,815610.9713356461,750362.0936287944,-65248.877706851694,65248.877706851694,8.0
2027-02-03,3,2027-02-01,True,VALLE,22848365.63,460137.36875,200495585.54000002,130322130.6,384.0499,391116.76,69020.61,85.0,15.0,Cubierta (85.0% Contratos / 15.0% Bolsa),1380.41210625,530147.1313641019,815610.9713356461,750362.0936287944,-65248.877706851694,65248.877706851694,8.0
2027-02-03,3,2027-02-01,True,SANTANDER,17753040.59,460137.36875,200495585.54000002,130322130.6,384.0499,391116.76,69020.61,85.0,15.0,Cubierta (85.0% Contratos / 15.0% Bolsa),1380.41210625,530147.1313641019,815610.9713356461,750362.0936287944,-65248.877706851694,65248.877706851694,8.0
2027-02-03,3,2027-02-01,True,CUNDINAMARCA,11313223.65,460137.36875,200495585.54000002,130322130.6,384.0499,391116.76,69020.61,85.0,15.0,Cubierta (85.0% Contratos / 15.0% Bolsa),1380.41210625,530147.1313641019,815610.9713356461,750362.0936287944,-65248.877706851694,65248.877706851694,8.0
2027-02-03,3,2027-02-01,True,TOLIMA,9406964.84,460137.36875,200495585.54000002,130322130.6,384.0499,391116.76,69020.61,85.0,15.0,Cubierta (85.0% Contratos / 15.0% Bolsa),1380.41210625,530147.1313641019,815610.9713356461,750362.0936287944,-65248.877706851694,65248.877706851694,8.0
2027-02-04,4,2027-02-01,True,ANTIOQUIA,31536591.4,459894.92625,200389945.99,130253464.89,383.7999,390910.69,68984.24,85.0,15.0,Cubierta (85.0% Contratos / 15.0% Bolsa),1379.68477875,529522.8801157721,814650.5848153859,749478.538030155,-65172.046785230865,65172.046785230865,7.999999999999999
2027-02-04,4,2027-02-01,True,BOGOTA,44175283.59,459894.92625,200389945.99,130253464.89,383.7999,390910.69,68984.24,85.0,15.0,Cubierta (85.0% Contratos / 15.0% Bolsa),1379.68477875,529522.8801157721,814650.5848153859,749478.538030155,-65172.046785230865,65172.046785230865,7.999999999999999
2027-02-04,4,2027-02-01,True,CARIBE_MAR,35194491.21,459894.92625,200389945.99,130253464.89,383.7999,390910.69,68984.24,85.0,15.0,Cubierta (85.0% Contratos / 15.0% Bolsa),1379.68477875,529522.8801157721,814650.5848153859,749478.538030155,-65172.046785230865,65172.046785230865,7.999999999999999
2027-02-04,4,2027-02-01,True,CARIBE_SOL,28065713.9,459894.92625,200389945.99,130253464.89,383.7999,390910.69,68984.24,85.0,15.0,Cubierta (85.0% Contratos / 15.0% Bolsa),1379.68477875,529522.8801157721,814650.5848153859,749478.538030155,-65172.046785230865,65172.046785230865,7.999999999999999
2027-02-04,4,2027-02-01,True,VALLE,22720560.28,459894.92625,200389945.99,130253464.89,383.7999,390910.69,68984.24,85.0,15.0,Cubierta (85.0% Contratos / 15.0% Bolsa),1379.68477875,529522.8801157721,814650.5848153859,749478.538030155,-65172.046785230865,65172.046785230865,7.999999999999999
2027-02-04,4,2027-02-01,True,SANTANDER,17700939.88,459894.92625,200389945.99,130253464.89,383.7999,390910.69,68984.24,85.0,15.0,Cubierta (85.0% Contratos / 15.0% Bolsa),1379.68477875,529522.8801157721,814650.5848153859,749478.538030155,-65172.046785230865,65172.046785230865,7.999999999999999
2027-02-04,4,2027-02-01,True,CUNDINAMARCA,11619065.95,459894.92625,200389945.99,130253464.89,383.7999,390910.69,68984.24,85.0,15.0,Cubierta (85.0% Contratos / 15.0% Bolsa),1379.68477875,529522.8801157721,814650.5848153859,749478.538030155,-65172.046785230865,65172.046785230865,7.999999999999999
2027-02-04,4,2027-02-01,True,TOLIMA,9377299.78,459894.92625,200389945.99,130253464.89,383.7999,390910.69,68984.24,85.0,15.0,Cubierta (85.0% Contratos / 15.0% Bolsa),1379.68477875,529522.8801157721,814650.5848153859,749478.538030155,-65172.046785230865,65172.046785230865,7.999999999999999
2027-02-05,5,2027-02-01,True,ANTIOQUIA,31866842.06,456792.9475,199038321.22,129374908.79,383.612,388274.01,68518.94,85.0,15.0,Cubierta (85.0% Contratos / 15.0% Bolsa),1370.3788425,525693.76852911,808759.6439096924,744058.8723969171,-64700.77151277533,64700.77151277533,7.999999999999992
2027-02-05,5,2027-02-01,True,BOGOTA,43496035.03,456792.9475,199038321.22,129374908.79,383.612,388274.01,68518.94,85.0,15.0,Cubierta (85.0% Contratos / 15.0% Bolsa),1370.3788425,525693.76852911,808759.6439096924,744058.8723969171,-64700.77151277533,64700.77151277533,7.999999999999992
2027-02-05,5,2027-02-01,True,CARIBE_MAR,35043834.56,456792.9475,199038321.22,129374908.79,383.612,388274.01,68518.94,85.0,15.0,Cubierta (85.0% Contratos / 15.0% Bolsa),1370.3788425,525693.76852911,808759.6439096924,744058.8723969171,-64700.77151277533,64700.77151277533,7.999999999999992
2027-02-05,5,2027-02-01,True,CARIBE_SOL,27562529.03,456792.9475,199038321.22,129374908.79,383.612,388274.01,68518.94,85.0,15.0,Cubierta (85.0% Contratos / 15.0% Bolsa),1370.3788425,525693.76852911,808759.6439096924,744058.8723969171,-64700.77151277533,64700.77151277533,7.999999999999992
2027-02-05,5,2027-02-01,True,VALLE,22778202.86,456792.9475,199038321.22,129374908.79,383.612,388274.01,68518.94,85.0,15.0,Cubierta (85.0% Contratos / 15.0% Bolsa),1370.3788425,525693.76852911,808759.6439096924,744058.8723969171,-64700.77151277533,64700.77151277533,7.999999999999992
2027-02-05,5,2027-02-01,True,SANTANDER,17612213.04,456792.9475,199038321.22,129374908.79,383.612,388274.01,68518.94,85.0,15.0,Cubierta (85.0% Contratos / 15.0% Bolsa),1370.3788425,525693.76852911,808759.6439096924,744058.8723969171,-64700.77151277533,64700.77151277533,7.999999999999992
2027-02-05,5,2027-02-01,True,CUNDINAMARCA,11326519.98,456792.9475,199038321.22,129374908.79,383.612,388274.01,68518.94,85.0,15.0,Cubierta (85.0% Contratos / 15.0% Bolsa),1370.3788425,525693.76852911,808759.6439096924,744058.8723969171,-64700.77151277533,64700.77151277533,7.999999999999992
2027-02-05,5,2027-02-01,True,TOLIMA,9352144.66,456792.9475,199038321.22,129374908.79,383.612,388274.01,68518.94,85.0,15.0,Cubierta (85.0% Contratos / 15.0% Bolsa),1370.3788425,525693.76852911,808759.6439096924,744058.8723969171,-64700.77151277533,64700.77151277533,7.999999999999992
2027-02-06,6,2027-02-01,True,ANTIOQUIA,26474649.2,328016.005,169517314.95,110186254.72,383.4931,278813.6,49202.4,85.0,15.0,Cubierta (85.0% Contratos / 15.0% Bolsa),984.0480150000001,377375.62382119655,580577.8827886682,534131.6521655747,-46446.230623093434,46446.230623093434,7.999999999999997
2027-02-06,6,2027-02-01,True,BOGOTA,37348879.09,328016.005,169517314.95,110186254.72,383.4931,278813.6,49202.4,85.0,15.0,Cubierta (85.0% Contratos / 15.0% Bolsa),984.0480150000001,377375.62382119655,580577.8827886682,534131.6521655747,-46446.230623093434,46446.230623093434,7.999999999999997
2027-02-06,6,2027-02-01,True,CARIBE_MAR,29959645.02,328016.005,169517314.95,110186254.72,383.4931,278813.6,49202.4,85.0,15.0,Cubierta (85.0% Contratos / 15.0% Bolsa),984.0480150000001,377375.62382119655,580577.8827886682,534131.6521655747,-46446.230623093434,46446.230623093434,7.999999999999997
2027-02-06,6,2027-02-01,True,CARIBE_SOL,23556811.94,328016.005,169517314.95,110186254.72,383.4931,278813.6,49202.4,85.0,15.0,Cubierta (85.0% Contratos / 15.0% Bolsa),984.0480150000001,377375.62382119655,580577.8827886682,534131.6521655747,-46446.230623093434,46446.230623093434,7.999999999999997
2027-02-06,6,2027-02-01,True,VALLE,19524483.45,328016.005,169517314.95,110186254.72,383.4931,278813.6,49202.4,85.0,15.0,Cubierta (85.0% Contratos / 15.0% Bolsa),984.0480150000001,377375.62382119655,580577.8827886682,534131.6521655747,-46446.230623093434,46446.230623093434,7.999999999999997
2027-02-06,6,2027-02-01,True,SANTANDER,15044695.43,328016.005,169517314.95,110186254.72,383.4931,278813.6,49202.4,85.0,15.0,Cubierta (85.0% Contratos / 15.0% Bolsa),984.0480150000001,377375.62382119655,580577.8827886682,534131.6521655747,-46446.230623093434,46446.230623093434,7.999999999999997
2027-02-06,6,2027-02-01,True,CUNDINAMARCA,9591560.47,328016.005,169517314.95,110186254.72,383.4931,278813.6,49202.4,85.0,15.0,Cubierta (85.0% Contratos / 15.0% Bolsa),984.0480150000001,377375.62382119655,580577.8827886682,534131.6521655747,-46446.230623093434,46446.230623093434,7.999999999999997
2027-02-06,6,2027-02-01,True,TOLIMA,8016590.35,328016.005,169517314.95,110186254.72,383.4931,278813.6,49202.4,85.0,15.0,Cubierta (85.0% Contratos / 15.0% Bolsa),984.0480150000001,377375.62382119655,580577.8827886682,534131.6521655747,-46446.230623093434,46446.230623093434,7.999999999999997
2027-02-07,7,2027-02-01,True,ANTIOQUIA,26743728.22,327295.67625,169145052.22999996,109944283.95,383.4485,278201.32,49094.35,85.0,15.0,Cubierta (85.0% Contratos / 15.0% Bolsa),981.8870287500001,376503.1083436445,579235.5512952802,532896.7071916579,-46338.84410362237,46338.84410362237,7.999999999999992
2027-02-07,7,2027-02-01,True,BOGOTA,37204649.87,327295.67625,169145052.22999996,109944283.95,383.4485,278201.32,49094.35,85.0,15.0,Cubierta (85.0% Contratos / 15.0% Bolsa),981.8870287500001,376503.1083436445,579235.5512952802,532896.7071916579,-46338.84410362237,46338.84410362237,7.999999999999992
2027-02-07,7,2027-02-01,True,CARIBE_MAR,29836735.57,327295.67625,169145052.22999996,109944283.95,383.4485,278201.32,49094.35,85.0,15.0,Cubierta (85.0% Contratos / 15.0% Bolsa),981.8870287500001,376503.1083436445,579235.5512952802,532896.7071916579,-46338.84410362237,46338.84410362237,7.999999999999992
2027-02-07,7,2027-02-01,True,CARIBE_SOL,23442334.08,327295.67625,169145052.22999996,109944283.95,383.4485,278201.32,49094.35,85.0,15.0,Cubierta (85.0% Contratos / 15.0% Bolsa),981.8870287500001,376503.1083436445,579235.5512952802,532896.7071916579,-46338.84410362237,46338.84410362237,7.999999999999992
2027-02-07,7,2027-02-01,True,VALLE,19201627.52,327295.67625,169145052.22999996,109944283.95,383.4485,278201.32,49094.35,85.0,15.0,Cubierta (85.0% Contratos / 15.0% Bolsa),981.8870287500001,376503.1083436445,579235.5512952802,532896.7071916579,-46338.84410362237,46338.84410362237,7.999999999999992
2027-02-07,7,2027-02-01,True,SANTANDER,15119077.6,327295.67625,169145052.22999996,109944283.95,383.4485,278201.32,49094.35,85.0,15.0,Cubierta (85.0% Contratos / 15.0% Bolsa),981.8870287500001,376503.1083436445,579235.5512952802,532896.7071916579,-46338.84410362237,46338.84410362237,7.999999999999992
2027-02-07,7,2027-02-01,True,CUNDINAMARCA,9478456.86,327295.67625,169145052.22999996,109944283.95,383.4485,278201.32,49094.35,85.0,15.0,Cubierta (85.0% Contratos / 15.0% Bolsa),981.8870287500001,376503.1083436445,579235.5512952802,532896.7071916579,-46338.84410362237,46338.84410362237,7.999999999999992
2027-02-07,7,2027-02-01,True,TOLIMA,8118442.51,327295.67625,169145052.22999996,109944283.95,383.4485,278201.32,49094.35,85.0,15.0,Cubierta (85.0% Contratos / 15.0% Bolsa),981.8870287500001,376503.1083436445,579235.5512952802,532896.7071916579,-46338.84410362237,46338.84410362237,7.999999999999992
2027-02-08,8,2027-02-01,True,ANTIOQUIA,31703389.62,461746.785,201196856.29999998,130777956.6,383.4824,392484.77,69262.02,85.0,15.0,Cubierta (85.0% Contratos / 15.0% Bolsa),1385.240355,531215.2959122519,817254.3013722186,751873.9572624412,-65380.34410977748,65380.34410977748,7.999999999999999
2027-02-08,8,2027-02-01,True,BOGOTA,44388828.55,461746.785,201196856.29999998,130777956.6,383.4824,392484.77,69262.02,85.0,15.0,Cubierta (85.0% Contratos / 15.0% Bolsa),1385.240355,531215.2959122519,817254.3013722186,751873.9572624412,-65380.34410977748,65380.34410977748,7.999999999999999
2027-02-08,8,2027-02-01,True,CARIBE_MAR,35693634.84,461746.785,201196856.29999998,130777956.6,383.4824,392484.77,69262.02,85.0,15.0,Cubierta (85.0% Contratos / 15.0% Bolsa),1385.240355,531215.2959122519,817254.3013722186,751873.9572624412,-65380.34410977748,65380.34410977748,7.999999999999999
2027-02-08,8,2027-02-01,True,CARIBE_SOL,27658606.84,461746.785,201196856.29999998,130777956.6,383.4824,392484.77,69262.02,85.0,15.0,Cubierta (85.0% Contratos / 15.0% Bolsa),1385.240355,531215.2959122519,817254.3013722186,751873.9572624412,-65380.34410977748,65380.34410977748,7.999999999999999
2027-02-08,8,2027-02-01,True,VALLE,22809270.11,461746.785,201196856.29999998,130777956.6,383.4824,392484.77,69262.02,85.0,15.0,Cubierta (85.0% Contratos / 15.0% Bolsa),1385.240355,531215.2959122519,817254.3013722186,751873.9572624412,-65380.34410977748,65380.34410977748,7.999999999999999
2027-02-08,8,2027-02-01,True,SANTANDER,18016627.79,461746.785,201196856.29999998,130777956.6,383.4824,392484.77,69262.02,85.0,15.0,Cubierta (85.0% Contratos / 15.0% Bolsa),1385.240355,531215.2959122519,817254.3013722186,751873.9572624412,-65380.34410977748,65380.34410977748,7.999999999999999
2027-02-08,8,2027-02-01,True,CUNDINAMARCA,11412303.74,461746.785,201196856.29999998,130777956.6,383.4824,392484.77,69262.02,85.0,15.0,Cubierta (85.0% Contratos / 15.0% Bolsa),1385.240355,531215.2959122519,817254.3013722186,751873.9572624412,-65380.34410977748,65380.34410977748,7.999999999999999
2027-02-08,8,2027-02-01,True,TOLIMA,9514194.81,461746.785,201196856.29999998,130777956.6,383.4824,392484.77,69262.02,85.0,15.0,Cubierta (85.0% Contratos / 15.0% Bolsa),1385.240355,531215.2959122519,817254.3013722186,751873.9572624412,-65380.34410977748,65380.34410977748,7.999999999999999
2027-02-09,9,2027-02-01,True,ANTIOQUIA,31327735.57,463120.64,201795486.02,131167065.91,383.5971,393652.54,69468.1,85.0,15.0,Cubierta (85.0% Contratos / 15.0% Bolsa),1389.36192,532955.2033624321,819931.0821148024,754336.5955456183,-65594.48656918411,65594.48656918411,7.99999999999999
2027-02-09,9,2027-02-01,True,BOGOTA,44710091.93,463120.64,201795486.02,131167065.91,383.5971,393652.54,69468.1,85.0,15.0,Cubierta (85.0% Contratos / 15.0% Bolsa),1389.36192,532955.2033624321,819931.0821148024,754336.5955456183,-65594.48656918411,65594.48656918411,7.99999999999999
2027-02-09,9,2027-02-01,True,CARIBE_MAR,36066915.97,463120.64,201795486.02,131167065.91,383.5971,393652.54,69468.1,85.0,15.0,Cubierta (85.0% Contratos / 15.0% Bolsa),1389.36192,532955.2033624321,819931.0821148024,754336.5955456183,-65594.48656918411,65594.48656918411,7.99999999999999
2027-02-09,9,2027-02-01,True,CARIBE_SOL,27970894.1,463120.64,201795486.02,131167065.91,383.5971,393652.54,69468.1,85.0,15.0,Cubierta (85.0% Contratos / 15.0% Bolsa),1389.36192,532955.2033624321,819931.0821148024,754336.5955456183,-65594.48656918411,65594.48656918411,7.99999999999999
2027-02-09,9,2027-02-01,True,VALLE,22762433.05,463120.64,201795486.02,131167065.91,383.5971,393652.54,69468.1,85.0,15.0,Cubierta (85.0% Contratos / 15.0% Bolsa),1389.36192,532955.2033624321,819931.0821148024,754336.5955456183,-65594.48656918411,65594.48656918411,7.99999999999999
2027-02-09,9,2027-02-01,True,SANTANDER,17917988.12,463120.64,201795486.02,131167065.91,383.5971,393652.54,69468.1,85.0,15.0,Cubierta (85.0% Contratos / 15.0% Bolsa),1389.36192,532955.2033624321,819931.0821148024,754336.5955456183,-65594.48656918411,65594.48656918411,7.99999999999999
2027-02-09,9,2027-02-01,True,CUNDINAMARCA,11550570.83,463120.64,201795486.02,131167065.91,383.5971,393652.54,69468.1,85.0,15.0,Cubierta (85.0% Contratos / 15.0% Bolsa),1389.36192,532955.2033624321,819931.0821148024,754336.5955456183,-65594.48656918411,65594.48656918411,7.99999999999999
2027-02-09,9,2027-02-01,True,TOLIMA,9488856.45,463120.64,201795486.02,131167065.91,383.5971,393652.54,69468.1,85.0,15.0,Cubierta (85.0% Contratos / 15.0% Bolsa),1389.36192,532955.2033624321,819931.0821148024,754336.5955456183,-65594.48656918411,65594.48656918411,7.99999999999999
2027-02-10,10,2027-02-01,True,ANTIOQUIA,31611333.04,462560.61125,201551464.62999997,131008452.01,383.7932,393176.52,69384.09,85.0,15.0,Cubierta (85.0% Contratos / 15.0% Bolsa),1387.6818337500001,532582.8515567805,819358.2331611505,753809.5745082585,-65548.65865289199,65548.65865289199,7.999999999999993
2027-02-10,10,2027-02-01,True,BOGOTA,44666505.07,462560.61125,201551464.62999997,131008452.01,383.7932,393176.52,69384.09,85.0,15.0,Cubierta (85.0% Contratos / 15.0% Bolsa),1387.6818337500001,532582.8515567805,819358.2331611505,753809.5745082585,-65548.65865289199,65548.65865289199,7.999999999999993
2027-02-10,10,2027-02-01,True,CARIBE_MAR,35632056.14,462560.61125,201551464.62999997,131008452.01,383.7932,393176.52,69384.09,85.0,15.0,Cubierta (85.0% Contratos / 15.0% Bolsa),1387.6818337500001,532582.8515567805,819358.2331611505,753809.5745082585,-65548.65865289199,65548.65865289199,7.999999999999993
2027-02-10,10,2027-02-01,True,CARIBE_SOL,27803692.47,462560.61125,201551464.62999997,131008452.01,383.7932,393176.52,69384.09,85.0,15.0,Cubierta (85.0% Contratos / 15.0% Bolsa),1387.6818337500001,532582.8515567805,819358.2331611505,753809.5745082585,-65548.65865289199,65548.65865289199,7.999999999999993
2027-02-10,10,2027-02-01,True,VALLE,22858403.36,462560.61125,201551464.62999997,131008452.01,383.7932,393176.52,69384.09,85.0,15.0,Cubierta (85.0% Contratos / 15.0% Bolsa),1387.6818337500001,532582.8515567805,819358.2331611505,753809.5745082585,-65548.65865289199,65548.65865289199,7.999999999999993
2027-02-10,10,2027-02-01,True,SANTANDER,18012710.26,462560.61125,201551464.62999997,131008452.01,383.7932,393176.52,69384.09,85.0,15.0,Cubierta (85.0% Contratos / 15.0% Bolsa),1387.6818337500001,532582.8515567805,819358.2331611505,753809.5745082585,-65548.65865289199,65548.65865289199,7.999999999999993
2027-02-10,10,2027-02-01,True,CUNDINAMARCA,11494492.78,462560.61125,201551464.62999997,131008452.01,383.7932,393176.52,69384.09,85.0,15.0,Cubierta (85.0% Contratos / 15.0% Bolsa),1387.6818337500001,532582.8515567805,819358.2331611505,753809.5745082585,-65548.65865289199,65548.65865289199,7.999999999999993
2027-02-10,10,2027-02-01,True,TOLIMA,9472271.51,462560.61125,201551464.62999997,131008452.01,383.7932,393176.52,69384.09,85.0,15.0,Cubierta (85.0% Contratos / 15.0% Bolsa),1387.6818337500001,532582.8515567805,819358.2331611505,753809.5745082585,-65548.65865289199,65548.65865289199,7.999999999999993
2027-02-11,11,2027-02-01,True,ANTIOQUIA,31698807.33,461850.71,201242139.36,130807390.58,384.0699,392573.1,69277.61,85.0,15.0,Cubierta (85.0% Contratos / 15.0% Bolsa),1385.55213,532148.8680138871,818690.5662002459,753195.3209042263,-65495.245296019595,65495.245296019595,7.99999999999999
2027-02-11,11,2027-02-01,True,BOGOTA,44580784.76,461850.71,201242139.36,130807390.58,384.0699,392573.1,69277.61,85.0,15.0,Cubierta (85.0% Contratos / 15.0% Bolsa),1385.55213,532148.8680138871,818690.5662002459,753195.3209042263,-65495.245296019595,65495.245296019595,7.99999999999999
2027-02-11,11,2027-02-01,True,CARIBE_MAR,35581837.72,461850.71,201242139.36,130807390.58,384.0699,392573.1,69277.61,85.0,15.0,Cubierta (85.0% Contratos / 15.0% Bolsa),1385.55213,532148.8680138871,818690.5662002459,753195.3209042263,-65495.245296019595,65495.245296019595,7.99999999999999
2027-02-11,11,2027-02-01,True,CARIBE_SOL,27880362.62,461850.71,201242139.36,130807390.58,384.0699,392573.1,69277.61,85.0,15.0,Cubierta (85.0% Contratos / 15.0% Bolsa),1385.55213,532148.8680138871,818690.5662002459,753195.3209042263,-65495.245296019595,65495.245296019595,7.99999999999999
2027-02-11,11,2027-02-01,True,VALLE,22727943.8,461850.71,201242139.36,130807390.58,384.0699,392573.1,69277.61,85.0,15.0,Cubierta (85.0% Contratos / 15.0% Bolsa),1385.55213,532148.8680138871,818690.5662002459,753195.3209042263,-65495.245296019595,65495.245296019595,7.99999999999999
2027-02-11,11,2027-02-01,True,SANTANDER,17773947.74,461850.71,201242139.36,130807390.58,384.0699,392573.1,69277.61,85.0,15.0,Cubierta (85.0% Contratos / 15.0% Bolsa),1385.55213,532148.8680138871,818690.5662002459,753195.3209042263,-65495.245296019595,65495.245296019595,7.99999999999999
2027-02-11,11,2027-02-01,True,CUNDINAMARCA,11444520.03,461850.71,201242139.36,130807390.58,384.0699,392573.1,69277.61,85.0,15.0,Cubierta (85.0% Contratos / 15.0% Bolsa),1385.55213,532148.8680138871,818690.5662002459,753195.3209042263,-65495.245296019595,65495.245296019595,7.99999999999999
2027-02-11,11,2027-02-01,True,TOLIMA,9553935.36,461850.71,201242139.36,130807390.58,384.0699,392573.1,69277.61,85.0,15.0,Cubierta (85.0% Contratos / 15.0% Bolsa),1385.55213,532148.8680138871,818690.5662002459,753195.3209042263,-65495.245296019595,65495.245296019595,7.99999999999999
2027-02-12,12,2027-02-01,True,ANTIOQUIA,31844677.5,462359.61375,201463883.77999997,130951524.46,384.4246,393005.67,69353.94,85.0,15.0,Cubierta (85.0% Contratos / 15.0% Bolsa),1387.07884125,533227.2287159947,820349.5826211984,754721.6160115026,-65627.96660969581,65627.96660969581,7.999999999999993
2027-02-12,12,2027-02-01,True,BOGOTA,44665275.25,462359.61375,201463883.77999997,130951524.46,384.4246,393005.67,69353.94,85.0,15.0,Cubierta (85.0% Contratos / 15.0% Bolsa),1387.07884125,533227.2287159947,820349.5826211984,754721.6160115026,-65627.96660969581,65627.96660969581,7.999999999999993
2027-02-12,12,2027-02-01,True,CARIBE_MAR,35648216.76,462359.61375,201463883.77999997,130951524.46,384.4246,393005.67,69353.94,85.0,15.0,Cubierta (85.0% Contratos / 15.0% Bolsa),1387.07884125,533227.2287159947,820349.5826211984,754721.6160115026,-65627.96660969581,65627.96660969581,7.999999999999993
2027-02-12,12,2027-02-01,True,CARIBE_SOL,28069142.04,462359.61375,201463883.77999997,130951524.46,384.4246,393005.67,69353.94,85.0,15.0,Cubierta (85.0% Contratos / 15.0% Bolsa),1387.07884125,533227.2287159947,820349.5826211984,754721.6160115026,-65627.96660969581,65627.96660969581,7.999999999999993
2027-02-12,12,2027-02-01,True,VALLE,22685355.68,462359.61375,201463883.77999997,130951524.46,384.4246,393005.67,69353.94,85.0,15.0,Cubierta (85.0% Contratos / 15.0% Bolsa),1387.07884125,533227.2287159947,820349.5826211984,754721.6160115026,-65627.96660969581,65627.96660969581,7.999999999999993
2027-02-12,12,2027-02-01,True,SANTANDER,17654920.7,462359.61375,201463883.77999997,130951524.46,384.4246,393005.67,69353.94,85.0,15.0,Cubierta (85.0% Contratos / 15.0% Bolsa),1387.07884125,533227.2287159947,820349.5826211984,754721.6160115026,-65627.96660969581,65627.96660969581,7.999999999999993
2027-02-12,12,2027-02-01,True,CUNDINAMARCA,11279698.59,462359.61375,201463883.77999997,130951524.46,384.4246,393005.67,69353.94,85.0,15.0,Cubierta (85.0% Contratos / 15.0% Bolsa),1387.07884125,533227.2287159947,820349.5826211984,754721.6160115026,-65627.96660969581,65627.96660969581,7.999999999999993
2027-02-12,12,2027-02-01,True,TOLIMA,9616597.26,462359.61375,201463883.77999997,130951524.46,384.4246,393005.67,69353.94,85.0,15.0,Cubierta (85.0% Contratos / 15.0% Bolsa),1387.07884125,533227.2287159947,820349.5826211984,754721.6160115026,-65627.96660969581,65627.96660969581,7.999999999999993
2027-02-13,13,2027-02-01,True,ANTIOQUIA,26869179.69,329069.8875,170061957.54,110540272.4,384.8531,279709.4,49360.48,85.0,15.0,Cubierta (85.0% Contratos / 15.0% Bolsa),987.2096625,379930.6989630787,584508.7676407935,537748.06622953,-46760.701411263435,46760.701411263435,7.999999999999993
2027-02-13,13,2027-02-01,True,BOGOTA,37649188.22,329069.8875,170061957.54,110540272.4,384.8531,279709.4,49360.48,85.0,15.0,Cubierta (85.0% Contratos / 15.0% Bolsa),987.2096625,379930.6989630787,584508.7676407935,537748.06622953,-46760.701411263435,46760.701411263435,7.999999999999993
2027-02-13,13,2027-02-01,True,CARIBE_MAR,30241232.32,329069.8875,170061957.54,110540272.4,384.8531,279709.4,49360.48,85.0,15.0,Cubierta (85.0% Contratos / 15.0% Bolsa),987.2096625,379930.6989630787,584508.7676407935,537748.06622953,-46760.701411263435,46760.701411263435,7.999999999999993
2027-02-13,13,2027-02-01,True,CARIBE_SOL,23480747.25,329069.8875,170061957.54,110540272.4,384.8531,279709.4,49360.48,85.0,15.0,Cubierta (85.0% Contratos / 15.0% Bolsa),987.2096625,379930.6989630787,584508.7676407935,537748.06622953,-46760.701411263435,46760.701411263435,7.999999999999993
2027-02-13,13,2027-02-01,True,VALLE,19201889.65,329069.8875,170061957.54,110540272.4,384.8531,279709.4,49360.48,85.0,15.0,Cubierta (85.0% Contratos / 15.0% Bolsa),987.2096625,379930.6989630787,584508.7676407935,537748.06622953,-46760.701411263435,46760.701411263435,7.999999999999993
2027-02-13,13,2027-02-01,True,SANTANDER,15021707.8,329069.8875,170061957.54,110540272.4,384.8531,279709.4,49360.48,85.0,15.0,Cubierta (85.0% Contratos / 15.0% Bolsa),987.2096625,379930.6989630787,584508.7676407935,537748.06622953,-46760.701411263435,46760.701411263435,7.999999999999993
2027-02-13,13,2027-02-01,True,CUNDINAMARCA,9543174.6,329069.8875,170061957.54,110540272.4,384.8531,279709.4,49360.48,85.0,15.0,Cubierta (85.0% Contratos / 15.0% Bolsa),987.2096625,379930.6989630787,584508.7676407935,537748.06622953,-46760.701411263435,46760.701411263435,7.999999999999993
2027-02-13,13,2027-02-01,True,TOLIMA,8054838.01,329069.8875,170061957.54,110540272.4,384.8531,279709.4,49360.48,85.0,15.0,Cubierta (85.0% Contratos / 15.0% Bolsa),987.2096625,379930.6989630787,584508.7676407935,537748.06622953,-46760.701411263435,46760.701411263435,7.999999999999993
2027-02-14,14,2027-02-01,True,ANTIOQUIA,27038179.85,329211.7425,170135267.64000002,110587923.97,385.3496,279829.98,49381.76,85.0,15.0,Cubierta (85.0% Contratos / 15.0% Bolsa),987.6352275,380584.839863034,585515.1382296433,538673.9271712719,-46841.21105837147,46841.21105837147,8.0
2027-02-14,14,2027-02-01,True,BOGOTA,37465430.31,329211.7425,170135267.64000002,110587923.97,385.3496,279829.98,49381.76,85.0,15.0,Cubierta (85.0% Contratos / 15.0% Bolsa),987.6352275,380584.839863034,585515.1382296433,538673.9271712719,-46841.21105837147,46841.21105837147,8.0
2027-02-14,14,2027-02-01,True,CARIBE_MAR,30050982.96,329211.7425,170135267.64000002,110587923.97,385.3496,279829.98,49381.76,85.0,15.0,Cubierta (85.0% Contratos / 15.0% Bolsa),987.6352275,380584.839863034,585515.1382296433,538673.9271712719,-46841.21105837147,46841.21105837147,8.0
2027-02-14,14,2027-02-01,True,CARIBE_SOL,23717890.23,329211.7425,170135267.64000002,110587923.97,385.3496,279829.98,49381.76,85.0,15.0,Cubierta (85.0% Contratos / 15.0% Bolsa),987.6352275,380584.839863034,585515.1382296433,538673.9271712719,-46841.21105837147,46841.21105837147,8.0
2027-02-14,14,2027-02-01,True,VALLE,19188608.1,329211.7425,170135267.64000002,110587923.97,385.3496,279829.98,49381.76,85.0,15.0,Cubierta (85.0% Contratos / 15.0% Bolsa),987.6352275,380584.839863034,585515.1382296433,538673.9271712719,-46841.21105837147,46841.21105837147,8.0
2027-02-14,14,2027-02-01,True,SANTANDER,15057043.33,329211.7425,170135267.64000002,110587923.97,385.3496,279829.98,49381.76,85.0,15.0,Cubierta (85.0% Contratos / 15.0% Bolsa),987.6352275,380584.839863034,585515.1382296433,538673.9271712719,-46841.21105837147,46841.21105837147,8.0
2027-02-14,14,2027-02-01,True,CUNDINAMARCA,9615093.2,329211.7425,170135267.64000002,110587923.97,385.3496,279829.98,49381.76,85.0,15.0,Cubierta (85.0% Contratos / 15.0% Bolsa),987.6352275,380584.839863034,585515.1382296433,538673.9271712719,-46841.21105837147,46841.21105837147,8.0
2027-02-14,14,2027-02-01,True,TOLIMA,8002039.66,329211.7425,170135267.64000002,110587923.97,385.3496,279829.98,49381.76,85.0,15.0,Cubierta (85.0% Contratos / 15.0% Bolsa),987.6352275,380584.839863034,585515.1382296433,538673.9271712719,-46841.21105837147,46841.21105837147,8.0
2027-02-15,15,2027-02-01,True,ANTIOQUIA,31972955.8,462916.31625,201706456.14999998,131109196.5,385.9073,393478.87,69437.45,85.0,15.0,Cubierta (85.0% Contratos / 15.0% Bolsa),1388.74894875,535928.3571899509,824505.1648918949,758544.7517005433,-65960.41319135157,65960.41319135157,7.999999999999997
2027-02-15,15,2027-02-01,True,BOGOTA,44310465.46,462916.31625,201706456.14999998,131109196.5,385.9073,393478.87,69437.45,85.0,15.0,Cubierta (85.0% Contratos / 15.0% Bolsa),1388.74894875,535928.3571899509,824505.1648918949,758544.7517005433,-65960.41319135157,65960.41319135157,7.999999999999997
2027-02-15,15,2027-02-01,True,CARIBE_MAR,35625662.27,462916.31625,201706456.14999998,131109196.5,385.9073,393478.87,69437.45,85.0,15.0,Cubierta (85.0% Contratos / 15.0% Bolsa),1388.74894875,535928.3571899509,824505.1648918949,758544.7517005433,-65960.41319135157,65960.41319135157,7.999999999999997
2027-02-15,15,2027-02-01,True,CARIBE_SOL,28227160.28,462916.31625,201706456.14999998,131109196.5,385.9073,393478.87,69437.45,85.0,15.0,Cubierta (85.0% Contratos / 15.0% Bolsa),1388.74894875,535928.3571899509,824505.1648918949,758544.7517005433,-65960.41319135157,65960.41319135157,7.999999999999997
2027-02-15,15,2027-02-01,True,VALLE,22863762.01,462916.31625,201706456.14999998,131109196.5,385.9073,393478.87,69437.45,85.0,15.0,Cubierta (85.0% Contratos / 15.0% Bolsa),1388.74894875,535928.3571899509,824505.1648918949,758544.7517005433,-65960.41319135157,65960.41319135157,7.999999999999997
2027-02-15,15,2027-02-01,True,SANTANDER,17775346.41,462916.31625,201706456.14999998,131109196.5,385.9073,393478.87,69437.45,85.0,15.0,Cubierta (85.0% Contratos / 15.0% Bolsa),1388.74894875,535928.3571899509,824505.1648918949,758544.7517005433,-65960.41319135157,65960.41319135157,7.999999999999997
2027-02-15,15,2027-02-01,True,CUNDINAMARCA,11431166.42,462916.31625,201706456.14999998,131109196.5,385.9073,393478.87,69437.45,85.0,15.0,Cubierta (85.0% Contratos / 15.0% Bolsa),1388.74894875,535928.3571899509,824505.1648918949,758544.7517005433,-65960.41319135157,65960.41319135157,7.999999999999997
2027-02-15,15,2027-02-01,True,TOLIMA,9499937.5,462916.31625,201706456.14999998,131109196.5,385.9073,393478.87,69437.45,85.0,15.0,Cubierta (85.0% Contratos / 15.0% Bolsa),1388.74894875,535928.3571899509,824505.1648918949,758544.7517005433,-65960.41319135157,65960.41319135157,7.999999999999997
2027-02-16,16,2027-02-01,True,ANTIOQUIA,31485852.71,462516.6175,201532295.1,130995991.82,386.5177,393139.12,69377.49,85.0,15.0,Cubierta (85.0% Contratos / 15.0% Bolsa),1387.5498525,536312.5776236393,825096.2732356441,759088.5713767926,-66007.70185885148,66007.70185885148,7.999999999999993
2027-02-16,16,2027-02-01,True,BOGOTA,44525271.09,462516.6175,201532295.1,130995991.82,386.5177,393139.12,69377.49,85.0,15.0,Cubierta (85.0% Contratos / 15.0% Bolsa),1387.5498525,536312.5776236393,825096.2732356441,759088.5713767926,-66007.70185885148,66007.70185885148,7.999999999999993
2027-02-16,16,2027-02-01,True,CARIBE_MAR,35912466.89,462516.6175,201532295.1,130995991.82,386.5177,393139.12,69377.49,85.0,15.0,Cubierta (85.0% Contratos / 15.0% Bolsa),1387.5498525,536312.5776236393,825096.2732356441,759088.5713767926,-66007.70185885148,66007.70185885148,7.999999999999993
2027-02-16,16,2027-02-01,True,CARIBE_SOL,27850668.89,462516.6175,201532295.1,130995991.82,386.5177,393139.12,69377.49,85.0,15.0,Cubierta (85.0% Contratos / 15.0% Bolsa),1387.5498525,536312.5776236393,825096.2732356441,759088.5713767926,-66007.70185885148,66007.70185885148,7.999999999999993
2027-02-16,16,2027-02-01,True,VALLE,22835972.71,462516.6175,201532295.1,130995991.82,386.5177,393139.12,69377.49,85.0,15.0,Cubierta (85.0% Contratos / 15.0% Bolsa),1387.5498525,536312.5776236393,825096.2732356441,759088.5713767926,-66007.70185885148,66007.70185885148,7.999999999999993
2027-02-16,16,2027-02-01,True,SANTANDER,17749034.73,462516.6175,201532295.1,130995991.82,386.5177,393139.12,69377.49,85.0,15.0,Cubierta (85.0% Contratos / 15.0% Bolsa),1387.5498525,536312.5776236393,825096.2732356441,759088.5713767926,-66007.70185885148,66007.70185885148,7.999999999999993
2027-02-16,16,2027-02-01,True,CUNDINAMARCA,11551764.57,462516.6175,201532295.1,130995991.82,386.5177,393139.12,69377.49,85.0,15.0,Cubierta (85.0% Contratos / 15.0% Bolsa),1387.5498525,536312.5776236393,825096.2732356441,759088.5713767926,-66007.70185885148,66007.70185885148,7.999999999999993
2027-02-16,16,2027-02-01,True,TOLIMA,9621263.51,462516.6175,201532295.1,130995991.82,386.5177,393139.12,69377.49,85.0,15.0,Cubierta (85.0% Contratos / 15.0% Bolsa),1387.5498525,536312.5776236393,825096.2732356441,759088.5713767926,-66007.70185885148,66007.70185885148,7.999999999999993
2027-02-17,17,2027-02-01,True,ANTIOQUIA,31844244.62,464271.86,202297106.73,131493119.37,387.1715,394631.08,69640.78,85.0,15.0,Cubierta (85.0% Contratos / 15.0% Bolsa),1392.81558,539258.4973319699,829628.4574621918,763258.1808652165,-66370.27659697528,66370.27659697528,7.999999999999992
2027-02-17,17,2027-02-01,True,BOGOTA,44723014.32,464271.86,202297106.73,131493119.37,387.1715,394631.08,69640.78,85.0,15.0,Cubierta (85.0% Contratos / 15.0% Bolsa),1392.81558,539258.4973319699,829628.4574621918,763258.1808652165,-66370.27659697528,66370.27659697528,7.999999999999992
2027-02-17,17,2027-02-01,True,CARIBE_MAR,35696488.66,464271.86,202297106.73,131493119.37,387.1715,394631.08,69640.78,85.0,15.0,Cubierta (85.0% Contratos / 15.0% Bolsa),1392.81558,539258.4973319699,829628.4574621918,763258.1808652165,-66370.27659697528,66370.27659697528,7.999999999999992
2027-02-17,17,2027-02-01,True,CARIBE_SOL,28225457.87,464271.86,202297106.73,131493119.37,387.1715,394631.08,69640.78,85.0,15.0,Cubierta (85.0% Contratos / 15.0% Bolsa),1392.81558,539258.4973319699,829628.4574621918,763258.1808652165,-66370.27659697528,66370.27659697528,7.999999999999992
2027-02-17,17,2027-02-01,True,VALLE,22966144.2,464271.86,202297106.73,131493119.37,387.1715,394631.08,69640.78,85.0,15.0,Cubierta (85.0% Contratos / 15.0% Bolsa),1392.81558,539258.4973319699,829628.4574621918,763258.1808652165,-66370.27659697528,66370.27659697528,7.999999999999992
2027-02-17,17,2027-02-01,True,SANTANDER,17850470.46,464271.86,202297106.73,131493119.37,387.1715,394631.08,69640.78,85.0,15.0,Cubierta (85.0% Contratos / 15.0% Bolsa),1392.81558,539258.4973319699,829628.4574621918,763258.1808652165,-66370.27659697528,66370.27659697528,7.999999999999992
2027-02-17,17,2027-02-01,True,CUNDINAMARCA,11468651.16,464271.86,202297106.73,131493119.37,387.1715,394631.08,69640.78,85.0,15.0,Cubierta (85.0% Contratos / 15.0% Bolsa),1392.81558,539258.4973319699,829628.4574621918,763258.1808652165,-66370.27659697528,66370.27659697528,7.999999999999992
2027-02-17,17,2027-02-01,True,TOLIMA,9522635.44,464271.86,202297106.73,131493119.37,387.1715,394631.08,69640.78,85.0,15.0,Cubierta (85.0% Contratos / 15.0% Bolsa),1392.81558,539258.4973319699,829628.4574621918,763258.1808652165,-66370.27659697528,66370.27659697528,7.999999999999992
2027-02-18,18,2027-02-01,True,ANTIOQUIA,31659097.75,462512.29625,201530412.39,130994768.05,387.8584,393135.45,69376.84,85.0,15.0,Cubierta (85.0% Contratos / 15.0% Bolsa),1387.5368887500001,538167.837611553,827950.519424511,761714.4778705501,-66236.04155396088,66236.04155396088,8.0
2027-02-18,18,2027-02-01,True,BOGOTA,44419739.95,462512.29625,201530412.39,130994768.05,387.8584,393135.45,69376.84,85.0,15.0,Cubierta (85.0% Contratos / 15.0% Bolsa),1387.5368887500001,538167.837611553,827950.519424511,761714.4778705501,-66236.04155396088,66236.04155396088,8.0
2027-02-18,18,2027-02-01,True,CARIBE_MAR,35426634.8,462512.29625,201530412.39,130994768.05,387.8584,393135.45,69376.84,85.0,15.0,Cubierta (85.0% Contratos / 15.0% Bolsa),1387.5368887500001,538167.837611553,827950.519424511,761714.4778705501,-66236.04155396088,66236.04155396088,8.0
2027-02-18,18,2027-02-01,True,CARIBE_SOL,28571301.44,462512.29625,201530412.39,130994768.05,387.8584,393135.45,69376.84,85.0,15.0,Cubierta (85.0% Contratos / 15.0% Bolsa),1387.5368887500001,538167.837611553,827950.519424511,761714.4778705501,-66236.04155396088,66236.04155396088,8.0
2027-02-18,18,2027-02-01,True,VALLE,22874666.45,462512.29625,201530412.39,130994768.05,387.8584,393135.45,69376.84,85.0,15.0,Cubierta (85.0% Contratos / 15.0% Bolsa),1387.5368887500001,538167.837611553,827950.519424511,761714.4778705501,-66236.04155396088,66236.04155396088,8.0
2027-02-18,18,2027-02-01,True,SANTANDER,17863249.78,462512.29625,201530412.39,130994768.05,387.8584,393135.45,69376.84,85.0,15.0,Cubierta (85.0% Contratos / 15.0% Bolsa),1387.5368887500001,538167.837611553,827950.519424511,761714.4778705501,-66236.04155396088,66236.04155396088,8.0
2027-02-18,18,2027-02-01,True,CUNDINAMARCA,11323853.83,462512.29625,201530412.39,130994768.05,387.8584,393135.45,69376.84,85.0,15.0,Cubierta (85.0% Contratos / 15.0% Bolsa),1387.5368887500001,538167.837611553,827950.519424511,761714.4778705501,-66236.04155396088,66236.04155396088,8.0
2027-02-18,18,2027-02-01,True,TOLIMA,9391868.39,462512.29625,201530412.39,130994768.05,387.8584,393135.45,69376.84,85.0,15.0,Cubierta (85.0% Contratos / 15.0% Bolsa),1387.5368887500001,538167.837611553,827950.519424511,761714.4778705501,-66236.04155396088,66236.04155396088,8.0
2027-02-19,19,2027-02-01,True,ANTIOQUIA,31297134.43,462930.025,201712429.41000006,131113079.12,388.5675,393490.52,69439.5,85.0,15.0,Cubierta (85.0% Contratos / 15.0% Bolsa),1388.7900750000001,539638.6874675625,830213.3653125496,763796.2960875457,-66417.06922500394,66417.06922500394,7.9999999999999964
2027-02-19,19,2027-02-01,True,BOGOTA,44587302.06,462930.025,201712429.41000006,131113079.12,388.5675,393490.52,69439.5,85.0,15.0,Cubierta (85.0% Contratos / 15.0% Bolsa),1388.7900750000001,539638.6874675625,830213.3653125496,763796.2960875457,-66417.06922500394,66417.06922500394,7.9999999999999964
2027-02-19,19,2027-02-01,True,CARIBE_MAR,35818491.71,462930.025,201712429.41000006,131113079.12,388.5675,393490.52,69439.5,85.0,15.0,Cubierta (85.0% Contratos / 15.0% Bolsa),1388.7900750000001,539638.6874675625,830213.3653125496,763796.2960875457,-66417.06922500394,66417.06922500394,7.9999999999999964
2027-02-19,19,2027-02-01,True,CARIBE_SOL,28331365.71,462930.025,201712429.41000006,131113079.12,388.5675,393490.52,69439.5,85.0,15.0,Cubierta (85.0% Contratos / 15.0% Bolsa),1388.7900750000001,539638.6874675625,830213.3653125496,763796.2960875457,-66417.06922500394,66417.06922500394,7.9999999999999964
2027-02-19,19,2027-02-01,True,VALLE,23129197.67,462930.025,201712429.41000006,131113079.12,388.5675,393490.52,69439.5,85.0,15.0,Cubierta (85.0% Contratos / 15.0% Bolsa),1388.7900750000001,539638.6874675625,830213.3653125496,763796.2960875457,-66417.06922500394,66417.06922500394,7.9999999999999964
2027-02-19,19,2027-02-01,True,SANTANDER,17836827.88,462930.025,201712429.41000006,131113079.12,388.5675,393490.52,69439.5,85.0,15.0,Cubierta (85.0% Contratos / 15.0% Bolsa),1388.7900750000001,539638.6874675625,830213.3653125496,763796.2960875457,-66417.06922500394,66417.06922500394,7.9999999999999964
2027-02-19,19,2027-02-01,True,CUNDINAMARCA,11306150.21,462930.025,201712429.41000006,131113079.12,388.5675,393490.52,69439.5,85.0,15.0,Cubierta (85.0% Contratos / 15.0% Bolsa),1388.7900750000001,539638.6874675625,830213.3653125496,763796.2960875457,-66417.06922500394,66417.06922500394,7.9999999999999964
2027-02-19,19,2027-02-01,True,TOLIMA,9405959.74,462930.025,201712429.41000006,131113079.12,388.5675,393490.52,69439.5,85.0,15.0,Cubierta (85.0% Contratos / 15.0% Bolsa),1388.7900750000001,539638.6874675625,830213.3653125496,763796.2960875457,-66417.06922500394,66417.06922500394,7.9999999999999964
2027-02-20,20,2027-02-01,True,ANTIOQUIA,26553953.78,329041.72875,170047405.22,110530813.39,389.2874,279685.47,49356.26,85.0,15.0,Cubierta (85.0% Contratos / 15.0% Bolsa),987.1251862500001,384275.3972297783,591192.9188310894,543897.4853246022,-47295.43350648717,47295.43350648717,8.000000000000004
2027-02-20,20,2027-02-01,True,BOGOTA,37675922.85,329041.72875,170047405.22,110530813.39,389.2874,279685.47,49356.26,85.0,15.0,Cubierta (85.0% Contratos / 15.0% Bolsa),987.1251862500001,384275.3972297783,591192.9188310894,543897.4853246022,-47295.43350648717,47295.43350648717,8.000000000000004
2027-02-20,20,2027-02-01,True,CARIBE_MAR,30123674.83,329041.72875,170047405.22,110530813.39,389.2874,279685.47,49356.26,85.0,15.0,Cubierta (85.0% Contratos / 15.0% Bolsa),987.1251862500001,384275.3972297783,591192.9188310894,543897.4853246022,-47295.43350648717,47295.43350648717,8.000000000000004
2027-02-20,20,2027-02-01,True,CARIBE_SOL,23736640.38,329041.72875,170047405.22,110530813.39,389.2874,279685.47,49356.26,85.0,15.0,Cubierta (85.0% Contratos / 15.0% Bolsa),987.1251862500001,384275.3972297783,591192.9188310894,543897.4853246022,-47295.43350648717,47295.43350648717,8.000000000000004
2027-02-20,20,2027-02-01,True,VALLE,19284876.32,329041.72875,170047405.22,110530813.39,389.2874,279685.47,49356.26,85.0,15.0,Cubierta (85.0% Contratos / 15.0% Bolsa),987.1251862500001,384275.3972297783,591192.9188310894,543897.4853246022,-47295.43350648717,47295.43350648717,8.000000000000004
2027-02-20,20,2027-02-01,True,SANTANDER,15025902.76,329041.72875,170047405.22,110530813.39,389.2874,279685.47,49356.26,85.0,15.0,Cubierta (85.0% Contratos / 15.0% Bolsa),987.1251862500001,384275.3972297783,591192.9188310894,543897.4853246022,-47295.43350648717,47295.43350648717,8.000000000000004
2027-02-20,20,2027-02-01,True,CUNDINAMARCA,9707288.39,329041.72875,170047405.22,110530813.39,389.2874,279685.47,49356.26,85.0,15.0,Cubierta (85.0% Contratos / 15.0% Bolsa),987.1251862500001,384275.3972297783,591192.9188310894,543897.4853246022,-47295.43350648717,47295.43350648717,8.000000000000004
2027-02-20,20,2027-02-01,True,TOLIMA,7939145.91,329041.72875,170047405.22,110530813.39,389.2874,279685.47,49356.26,85.0,15.0,Cubierta (85.0% Contratos / 15.0% Bolsa),987.1251862500001,384275.3972297783,591192.9188310894,543897.4853246022,-47295.43350648717,47295.43350648717,8.000000000000004
2027-02-21,21,2027-02-01,True,ANTIOQUIA,26934150.11,328932.7275,169991073.39999998,110494197.71,390.0064,279592.82,49339.91,85.0,15.0,Cubierta (85.0% Contratos / 15.0% Bolsa),986.7981824999999,384857.606683368,592088.6256667199,544721.5356133824,-47367.09005333751,47367.09005333751,7.999999999999987
2027-02-21,21,2027-02-01,True,BOGOTA,37709956.94,328932.7275,169991073.39999998,110494197.71,390.0064,279592.82,49339.91,85.0,15.0,Cubierta (85.0% Contratos / 15.0% Bolsa),986.7981824999999,384857.606683368,592088.6256667199,544721.5356133824,-47367.09005333751,47367.09005333751,7.999999999999987
2027-02-21,21,2027-02-01,True,CARIBE_MAR,30114816.03,328932.7275,169991073.39999998,110494197.71,390.0064,279592.82,49339.91,85.0,15.0,Cubierta (85.0% Contratos / 15.0% Bolsa),986.7981824999999,384857.606683368,592088.6256667199,544721.5356133824,-47367.09005333751,47367.09005333751,7.999999999999987
2027-02-21,21,2027-02-01,True,CARIBE_SOL,23455727.15,328932.7275,169991073.39999998,110494197.71,390.0064,279592.82,49339.91,85.0,15.0,Cubierta (85.0% Contratos / 15.0% Bolsa),986.7981824999999,384857.606683368,592088.6256667199,544721.5356133824,-47367.09005333751,47367.09005333751,7.999999999999987
2027-02-21,21,2027-02-01,True,VALLE,19022684.84,328932.7275,169991073.39999998,110494197.71,390.0064,279592.82,49339.91,85.0,15.0,Cubierta (85.0% Contratos / 15.0% Bolsa),986.7981824999999,384857.606683368,592088.6256667199,544721.5356133824,-47367.09005333751,47367.09005333751,7.999999999999987
2027-02-21,21,2027-02-01,True,SANTANDER,15076472.99,328932.7275,169991073.39999998,110494197.71,390.0064,279592.82,49339.91,85.0,15.0,Cubierta (85.0% Contratos / 15.0% Bolsa),986.7981824999999,384857.606683368,592088.6256667199,544721.5356133824,-47367.09005333751,47367.09005333751,7.999999999999987
2027-02-21,21,2027-02-01,True,CUNDINAMARCA,9668244.45,328932.7275,169991073.39999998,110494197.71,390.0064,279592.82,49339.91,85.0,15.0,Cubierta (85.0% Contratos / 15.0% Bolsa),986.7981824999999,384857.606683368,592088.6256667199,544721.5356133824,-47367.09005333751,47367.09005333751,7.999999999999987
2027-02-21,21,2027-02-01,True,TOLIMA,8009020.89,328932.7275,169991073.39999998,110494197.71,390.0064,279592.82,49339.91,85.0,15.0,Cubierta (85.0% Contratos / 15.0% Bolsa),986.7981824999999,384857.606683368,592088.6256667199,544721.5356133824,-47367.09005333751,47367.09005333751,7.999999999999987
2027-02-22,22,2027-02-01,True,ANTIOQUIA,32145502.69,463822.27875,202101210.74999997,131365786.99,390.713,394248.94,69573.34,85.0,15.0,Cubierta (85.0% Contratos / 15.0% Bolsa),1391.46683625,543664.1819917463,836406.4338175383,769493.9191121353,-66912.51470540301,66912.51470540301,7.999999999999993
2027-02-22,22,2027-02-01,True,BOGOTA,44649668.85,463822.27875,202101210.74999997,131365786.99,390.713,394248.94,69573.34,85.0,15.0,Cubierta (85.0% Contratos / 15.0% Bolsa),1391.46683625,543664.1819917463,836406.4338175383,769493.9191121353,-66912.51470540301,66912.51470540301,7.999999999999993
2027-02-22,22,2027-02-01,True,CARIBE_MAR,35467947.89,463822.27875,202101210.74999997,131365786.99,390.713,394248.94,69573.34,85.0,15.0,Cubierta (85.0% Contratos / 15.0% Bolsa),1391.46683625,543664.1819917463,836406.4338175383,769493.9191121353,-66912.51470540301,66912.51470540301,7.999999999999993
2027-02-22,22,2027-02-01,True,CARIBE_SOL,27984805.19,463822.27875,202101210.74999997,131365786.99,390.713,394248.94,69573.34,85.0,15.0,Cubierta (85.0% Contratos / 15.0% Bolsa),1391.46683625,543664.1819917463,836406.4338175383,769493.9191121353,-66912.51470540301,66912.51470540301,7.999999999999993
2027-02-22,22,2027-02-01,True,VALLE,22769189.13,463822.27875,202101210.74999997,131365786.99,390.713,394248.94,69573.34,85.0,15.0,Cubierta (85.0% Contratos / 15.0% Bolsa),1391.46683625,543664.1819917463,836406.4338175383,769493.9191121353,-66912.51470540301,66912.51470540301,7.999999999999993
2027-02-22,22,2027-02-01,True,SANTANDER,17913393.45,463822.27875,202101210.74999997,131365786.99,390.713,394248.94,69573.34,85.0,15.0,Cubierta (85.0% Contratos / 15.0% Bolsa),1391.46683625,543664.1819917463,836406.4338175383,769493.9191121353,-66912.51470540301,66912.51470540301,7.999999999999993
2027-02-22,22,2027-02-01,True,CUNDINAMARCA,11542525.13,463822.27875,202101210.74999997,131365786.99,390.713,394248.94,69573.34,85.0,15.0,Cubierta (85.0% Contratos / 15.0% Bolsa),1391.46683625,543664.1819917463,836406.4338175383,769493.9191121353,-66912.51470540301,66912.51470540301,7.999999999999993
2027-02-22,22,2027-02-01,True,TOLIMA,9628178.42,463822.27875,202101210.74999997,131365786.99,390.713,394248.94,69573.34,85.0,15.0,Cubierta (85.0% Contratos / 15.0% Bolsa),1391.46683625,543664.1819917463,836406.4338175383,769493.9191121353,-66912.51470540301,66912.51470540301,7.999999999999993
2027-02-23,23,2027-02-01,True,ANTIOQUIA,31839087.24,464502.41125,202397564.97,131558417.23,391.3959,394827.05,69675.36,85.0,15.0,Cubierta (85.0% Contratos / 15.0% Bolsa),1393.50723375,545413.0179100917,839096.9506340992,771969.1945833713,-67127.75605072791,67127.75605072791,7.999999999999997
2027-02-23,23,2027-02-01,True,BOGOTA,44746346.83,464502.41125,202397564.97,131558417.23,391.3959,394827.05,69675.36,85.0,15.0,Cubierta (85.0% Contratos / 15.0% Bolsa),1393.50723375,545413.0179100917,839096.9506340992,771969.1945833713,-67127.75605072791,67127.75605072791,7.999999999999997
2027-02-23,23,2027-02-01,True,CARIBE_MAR,35640781.99,464502.41125,202397564.97,131558417.23,391.3959,394827.05,69675.36,85.0,15.0,Cubierta (85.0% Contratos / 15.0% Bolsa),1393.50723375,545413.0179100917,839096.9506340992,771969.1945833713,-67127.75605072791,67127.75605072791,7.999999999999997
2027-02-23,23,2027-02-01,True,CARIBE_SOL,28216989.81,464502.41125,202397564.97,131558417.23,391.3959,394827.05,69675.36,85.0,15.0,Cubierta (85.0% Contratos / 15.0% Bolsa),1393.50723375,545413.0179100917,839096.9506340992,771969.1945833713,-67127.75605072791,67127.75605072791,7.999999999999997
2027-02-23,23,2027-02-01,True,VALLE,23022372.05,464502.41125,202397564.97,131558417.23,391.3959,394827.05,69675.36,85.0,15.0,Cubierta (85.0% Contratos / 15.0% Bolsa),1393.50723375,545413.0179100917,839096.9506340992,771969.1945833713,-67127.75605072791,67127.75605072791,7.999999999999997
2027-02-23,23,2027-02-01,True,SANTANDER,18016502.95,464502.41125,202397564.97,131558417.23,391.3959,394827.05,69675.36,85.0,15.0,Cubierta (85.0% Contratos / 15.0% Bolsa),1393.50723375,545413.0179100917,839096.9506340992,771969.1945833713,-67127.75605072791,67127.75605072791,7.999999999999997
2027-02-23,23,2027-02-01,True,CUNDINAMARCA,11401996.44,464502.41125,202397564.97,131558417.23,391.3959,394827.05,69675.36,85.0,15.0,Cubierta (85.0% Contratos / 15.0% Bolsa),1393.50723375,545413.0179100917,839096.9506340992,771969.1945833713,-67127.75605072791,67127.75605072791,7.999999999999997
2027-02-23,23,2027-02-01,True,TOLIMA,9513487.66,464502.41125,202397564.97,131558417.23,391.3959,394827.05,69675.36,85.0,15.0,Cubierta (85.0% Contratos / 15.0% Bolsa),1393.50723375,545413.0179100917,839096.9506340992,771969.1945833713,-67127.75605072791,67127.75605072791,7.999999999999997
2027-02-24,24,2027-02-01,True,ANTIOQUIA,31320408.68,462393.635,201478707.85,130961160.1,392.0442,393034.59,69359.05,85.0,15.0,Cubierta (85.0% Contratos / 15.0% Bolsa),1387.1809050000002,543836.2281560011,836671.1202559734,769737.4306354956,-66933.68962047785,66933.68962047785,7.9999999999999964
2027-02-24,24,2027-02-01,True,BOGOTA,44748787.96,462393.635,201478707.85,130961160.1,392.0442,393034.59,69359.05,85.0,15.0,Cubierta (85.0% Contratos / 15.0% Bolsa),1387.1809050000002,543836.2281560011,836671.1202559734,769737.4306354956,-66933.68962047785,66933.68962047785,7.9999999999999964
2027-02-24,24,2027-02-01,True,CARIBE_MAR,35803275.65,462393.635,201478707.85,130961160.1,392.0442,393034.59,69359.05,85.0,15.0,Cubierta (85.0% Contratos / 15.0% Bolsa),1387.1809050000002,543836.2281560011,836671.1202559734,769737.4306354956,-66933.68962047785,66933.68962047785,7.9999999999999964
2027-02-24,24,2027-02-01,True,CARIBE_SOL,27574204.08,462393.635,201478707.85,130961160.1,392.0442,393034.59,69359.05,85.0,15.0,Cubierta (85.0% Contratos / 15.0% Bolsa),1387.1809050000002,543836.2281560011,836671.1202559734,769737.4306354956,-66933.68962047785,66933.68962047785,7.9999999999999964
2027-02-24,24,2027-02-01,True,VALLE,23305209.6,462393.635,201478707.85,130961160.1,392.0442,393034.59,69359.05,85.0,15.0,Cubierta (85.0% Contratos / 15.0% Bolsa),1387.1809050000002,543836.2281560011,836671.1202559734,769737.4306354956,-66933.68962047785,66933.68962047785,7.9999999999999964
2027-02-24,24,2027-02-01,True,SANTANDER,17845479.45,462393.635,201478707.85,130961160.1,392.0442,393034.59,69359.05,85.0,15.0,Cubierta (85.0% Contratos / 15.0% Bolsa),1387.1809050000002,543836.2281560011,836671.1202559734,769737.4306354956,-66933.68962047785,66933.68962047785,7.9999999999999964
2027-02-24,24,2027-02-01,True,CUNDINAMARCA,11484176.35,462393.635,201478707.85,130961160.1,392.0442,393034.59,69359.05,85.0,15.0,Cubierta (85.0% Contratos / 15.0% Bolsa),1387.1809050000002,543836.2281560011,836671.1202559734,769737.4306354956,-66933.68962047785,66933.68962047785,7.9999999999999964
2027-02-24,24,2027-02-01,True,TOLIMA,9397166.08,462393.635,201478707.85,130961160.1,392.0442,393034.59,69359.05,85.0,15.0,Cubierta (85.0% Contratos / 15.0% Bolsa),1387.1809050000002,543836.2281560011,836671.1202559734,769737.4306354956,-66933.68962047785,66933.68962047785,7.9999999999999964
2027-02-25,25,2027-02-01,True,ANTIOQUIA,31911080.38,464237.74625,202282242.44000003,131483457.59,392.6476,394602.08,69635.66,85.0,15.0,Cubierta (85.0% Contratos / 15.0% Bolsa),1392.71323875,546845.5106834145,841300.7856411976,773996.7227899018,-67304.0628512958,67304.0628512958,8.0
2027-02-25,25,2027-02-01,True,BOGOTA,44681553.9,464237.74625,202282242.44000003,131483457.59,392.6476,394602.08,69635.66,85.0,15.0,Cubierta (85.0% Contratos / 15.0% Bolsa),1392.71323875,546845.5106834145,841300.7856411976,773996.7227899018,-67304.0628512958,67304.0628512958,8.0
2027-02-25,25,2027-02-01,True,CARIBE_MAR,35591588.67,464237.74625,202282242.44000003,131483457.59,392.6476,394602.08,69635.66,85.0,15.0,Cubierta (85.0% Contratos / 15.0% Bolsa),1392.71323875,546845.5106834145,841300.7856411976,773996.7227899018,-67304.0628512958,67304.0628512958,8.0
2027-02-25,25,2027-02-01,True,CARIBE_SOL,28066261.55,464237.74625,202282242.44000003,131483457.59,392.6476,394602.08,69635.66,85.0,15.0,Cubierta (85.0% Contratos / 15.0% Bolsa),1392.71323875,546845.5106834145,841300.7856411976,773996.7227899018,-67304.0628512958,67304.0628512958,8.0
2027-02-25,25,2027-02-01,True,VALLE,23021760.5,464237.74625,202282242.44000003,131483457.59,392.6476,394602.08,69635.66,85.0,15.0,Cubierta (85.0% Contratos / 15.0% Bolsa),1392.71323875,546845.5106834145,841300.7856411976,773996.7227899018,-67304.0628512958,67304.0628512958,8.0
2027-02-25,25,2027-02-01,True,SANTANDER,17938103.3,464237.74625,202282242.44000003,131483457.59,392.6476,394602.08,69635.66,85.0,15.0,Cubierta (85.0% Contratos / 15.0% Bolsa),1392.71323875,546845.5106834145,841300.7856411976,773996.7227899018,-67304.0628512958,67304.0628512958,8.0
2027-02-25,25,2027-02-01,True,CUNDINAMARCA,11522204.02,464237.74625,202282242.44000003,131483457.59,392.6476,394602.08,69635.66,85.0,15.0,Cubierta (85.0% Contratos / 15.0% Bolsa),1392.71323875,546845.5106834145,841300.7856411976,773996.7227899018,-67304.0628512958,67304.0628512958,8.0
2027-02-25,25,2027-02-01,True,TOLIMA,9549690.12,464237.74625,202282242.44000003,131483457.59,392.6476,394602.08,69635.66,85.0,15.0,Cubierta (85.0% Contratos / 15.0% Bolsa),1392.71323875,546845.5106834145,841300.7856411976,773996.7227899018,-67304.0628512958,67304.0628512958,8.0
2027-02-26,26,2027-02-01,True,ANTIOQUIA,31688488.84,463931.6925,202148885.67,131396775.69,393.1971,394341.94,69589.75,85.0,15.0,Cubierta (85.0% Contratos / 15.0% Bolsa),1391.7950775,547249.7882672752,841922.7511515897,774568.9310594625,-67353.8200921272,67353.8200921272,8.000000000000002
2027-02-26,26,2027-02-01,True,BOGOTA,44803861.76,463931.6925,202148885.67,131396775.69,393.1971,394341.94,69589.75,85.0,15.0,Cubierta (85.0% Contratos / 15.0% Bolsa),1391.7950775,547249.7882672752,841922.7511515897,774568.9310594625,-67353.8200921272,67353.8200921272,8.000000000000002
2027-02-26,26,2027-02-01,True,CARIBE_MAR,35555408.39,463931.6925,202148885.67,131396775.69,393.1971,394341.94,69589.75,85.0,15.0,Cubierta (85.0% Contratos / 15.0% Bolsa),1391.7950775,547249.7882672752,841922.7511515897,774568.9310594625,-67353.8200921272,67353.8200921272,8.000000000000002
2027-02-26,26,2027-02-01,True,CARIBE_SOL,28153564.41,463931.6925,202148885.67,131396775.69,393.1971,394341.94,69589.75,85.0,15.0,Cubierta (85.0% Contratos / 15.0% Bolsa),1391.7950775,547249.7882672752,841922.7511515897,774568.9310594625,-67353.8200921272,67353.8200921272,8.000000000000002
2027-02-26,26,2027-02-01,True,VALLE,23055433.26,463931.6925,202148885.67,131396775.69,393.1971,394341.94,69589.75,85.0,15.0,Cubierta (85.0% Contratos / 15.0% Bolsa),1391.7950775,547249.7882672752,841922.7511515897,774568.9310594625,-67353.8200921272,67353.8200921272,8.000000000000002
2027-02-26,26,2027-02-01,True,SANTANDER,17845747.32,463931.6925,202148885.67,131396775.69,393.1971,394341.94,69589.75,85.0,15.0,Cubierta (85.0% Contratos / 15.0% Bolsa),1391.7950775,547249.7882672752,841922.7511515897,774568.9310594625,-67353.8200921272,67353.8200921272,8.000000000000002
2027-02-26,26,2027-02-01,True,CUNDINAMARCA,11534073.67,463931.6925,202148885.67,131396775.69,393.1971,394341.94,69589.75,85.0,15.0,Cubierta (85.0% Contratos / 15.0% Bolsa),1391.7950775,547249.7882672752,841922.7511515897,774568.9310594625,-67353.8200921272,67353.8200921272,8.000000000000002
2027-02-26,26,2027-02-01,True,TOLIMA,9512308.02,463931.6925,202148885.67,131396775.69,393.1971,394341.94,69589.75,85.0,15.0,Cubierta (85.0% Contratos / 15.0% Bolsa),1391.7950775,547249.7882672752,841922.7511515897,774568.9310594625,-67353.8200921272,67353.8200921272,8.000000000000002
2027-02-27,27,2027-02-01,True,ANTIOQUIA,26606475.53,329699.09875,170387131.36,110751635.38,393.6845,280244.23,49454.86,85.0,15.0,Cubierta (85.0% Contratos / 15.0% Bolsa),989.09729625,389392.27452553314,599065.0377532259,551139.8347329679,-47925.20302025799,47925.20302025799,7.999999999999987
2027-02-27,27,2027-02-01,True,BOGOTA,38027732.63,329699.09875,170387131.36,110751635.38,393.6845,280244.23,49454.86,85.0,15.0,Cubierta (85.0% Contratos / 15.0% Bolsa),989.09729625,389392.27452553314,599065.0377532259,551139.8347329679,-47925.20302025799,47925.20302025799,7.999999999999987
2027-02-27,27,2027-02-01,True,CARIBE_MAR,29957367.86,329699.09875,170387131.36,110751635.38,393.6845,280244.23,49454.86,85.0,15.0,Cubierta (85.0% Contratos / 15.0% Bolsa),989.09729625,389392.27452553314,599065.0377532259,551139.8347329679,-47925.20302025799,47925.20302025799,7.999999999999987
2027-02-27,27,2027-02-01,True,CARIBE_SOL,23668325.72,329699.09875,170387131.36,110751635.38,393.6845,280244.23,49454.86,85.0,15.0,Cubierta (85.0% Contratos / 15.0% Bolsa),989.09729625,389392.27452553314,599065.0377532259,551139.8347329679,-47925.20302025799,47925.20302025799,7.999999999999987
2027-02-27,27,2027-02-01,True,VALLE,19376081.3,329699.09875,170387131.36,110751635.38,393.6845,280244.23,49454.86,85.0,15.0,Cubierta (85.0% Contratos / 15.0% Bolsa),989.09729625,389392.27452553314,599065.0377532259,551139.8347329679,-47925.20302025799,47925.20302025799,7.999999999999987
2027-02-27,27,2027-02-01,True,SANTANDER,14925432.96,329699.09875,170387131.36,110751635.38,393.6845,280244.23,49454.86,85.0,15.0,Cubierta (85.0% Contratos / 15.0% Bolsa),989.09729625,389392.27452553314,599065.0377532259,551139.8347329679,-47925.20302025799,47925.20302025799,7.999999999999987
2027-02-27,27,2027-02-01,True,CUNDINAMARCA,9657145.66,329699.09875,170387131.36,110751635.38,393.6845,280244.23,49454.86,85.0,15.0,Cubierta (85.0% Contratos / 15.0% Bolsa),989.09729625,389392.27452553314,599065.0377532259,551139.8347329679,-47925.20302025799,47925.20302025799,7.999999999999987
2027-02-27,27,2027-02-01,True,TOLIMA,8168569.7,329699.09875,170387131.36,110751635.38,393.6845,280244.23,49454.86,85.0,15.0,Cubierta (85.0% Contratos / 15.0% Bolsa),989.09729625,389392.27452553314,599065.0377532259,551139.8347329679,-47925.20302025799,47925.20302025799,7.999999999999987
2027-02-28,28,2027-02-01,True,ANTIOQUIA,26905643.36,330499.27375,170800658.28000003,111020427.88,394.1028,280924.38,49574.89,85.0,15.0,Cubierta (85.0% Contratos / 15.0% Bolsa),991.49782125,390752.06754852453,601157.0270085598,553064.4648478751,-48092.56216068473,48092.56216068473,7.99999999999999
2027-02-28,28,2027-02-01,True,BOGOTA,37943768.14,330499.27375,170800658.28000003,111020427.88,394.1028,280924.38,49574.89,85.0,15.0,Cubierta (85.0% Contratos / 15.0% Bolsa),991.49782125,390752.06754852453,601157.0270085598,553064.4648478751,-48092.56216068473,48092.56216068473,7.99999999999999
2027-02-28,28,2027-02-01,True,CARIBE_MAR,30203731.64,330499.27375,170800658.28000003,111020427.88,394.1028,280924.38,49574.89,85.0,15.0,Cubierta (85.0% Contratos / 15.0% Bolsa),991.49782125,390752.06754852453,601157.0270085598,553064.4648478751,-48092.56216068473,48092.56216068473,7.99999999999999
2027-02-28,28,2027-02-01,True,CARIBE_SOL,23327367.63,330499.27375,170800658.28000003,111020427.88,394.1028,280924.38,49574.89,85.0,15.0,Cubierta (85.0% Contratos / 15.0% Bolsa),991.49782125,390752.06754852453,601157.0270085598,553064.4648478751,-48092.56216068473,48092.56216068473,7.99999999999999
2027-02-28,28,2027-02-01,True,VALLE,19332243.03,330499.27375,170800658.28000003,111020427.88,394.1028,280924.38,49574.89,85.0,15.0,Cubierta (85.0% Contratos / 15.0% Bolsa),991.49782125,390752.06754852453,601157.0270085598,553064.4648478751,-48092.56216068473,48092.56216068473,7.99999999999999
2027-02-28,28,2027-02-01,True,SANTANDER,15165966.77,330499.27375,170800658.28000003,111020427.88,394.1028,280924.38,49574.89,85.0,15.0,Cubierta (85.0% Contratos / 15.0% Bolsa),991.49782125,390752.06754852453,601157.0270085598,553064.4648478751,-48092.56216068473,48092.56216068473,7.99999999999999
2027-02-28,28,2027-02-01,True,CUNDINAMARCA,9796644.13,330499.27375,170800658.28000003,111020427.88,394.1028,280924.38,49574.89,85.0,15.0,Cubierta (85.0% Contratos / 15.0% Bolsa),991.49782125,390752.06754852453,601157.0270085598,553064.4648478751,-48092.56216068473,48092.56216068473,7.99999999999999
2027-02-28,28,2027-02-01,True,TOLIMA,8125293.58,330499.27375,170800658.28000003,111020427.88,394.1028,280924.38,49574.89,85.0,15.0,Cubierta (85.0% Contratos / 15.0% Bolsa),991.49782125,390752.06754852453,601157.0270085598,553064.4648478751,-48092.56216068473,48092.56216068473,7.99999999999999
