Fecha (Día),dia,Período (Mes),Es Pronóstico (Sí/No),Código Mercado Comercialización,Demanda Mercado Total (VR - DemaCome) [kWh],Demanda Comercial Agente (VR - DemaComeReg) [kWh],vr_total_todos_agentes_kwh,vr_total_cniors_kwh,Costo Unitario (CU - PrecPromCont) [COP/kWh],Cobertura Energía en Contratos [kWh],Exposición Energía en Bolsa Spot [kWh],Porcentaje Cobertura Contratos [%],Porcentaje Exposición Bolsa Spot [%],Estado Cobertura Demanda,Asignación Diaria PUI [kWh],Valor Diarios PUI [COP],Egreso Giro Diario al CIOR [COP],Recaudo Real Diario Agente [COP],Flujo Neto Caja Diarios [COP],Sobrecosto Diarios [COP],pct_perdida_incobrabilidad
2026-08-28,28,2026-08-01,True,ANTIOQUIA,30299484.48,441058.02,192182144.04999998,124918393.63,362.8469,374899.32,66158.7,85.0,15.0,Cubierta (85.0% Contratos / 15.0% Bolsa),1323.17406,480109.60583141405,738630.1628323423,679539.749805755,-59090.41302658734,59090.41302658734,7.999999999999993
2026-08-28,28,2026-08-01,True,BOGOTA,42626392.19,441058.02,192182144.04999998,124918393.63,362.8469,374899.32,66158.7,85.0,15.0,Cubierta (85.0% Contratos / 15.0% Bolsa),1323.17406,480109.60583141405,738630.1628323423,679539.749805755,-59090.41302658734,59090.41302658734,7.999999999999993
2026-08-28,28,2026-08-01,True,CARIBE_MAR,34082697.95,441058.02,192182144.04999998,124918393.63,362.8469,374899.32,66158.7,85.0,15.0,Cubierta (85.0% Contratos / 15.0% Bolsa),1323.17406,480109.60583141405,738630.1628323423,679539.749805755,-59090.41302658734,59090.41302658734,7.999999999999993
2026-08-28,28,2026-08-01,True,CARIBE_SOL,26636113.44,441058.02,192182144.04999998,124918393.63,362.8469,374899.32,66158.7,85.0,15.0,Cubierta (85.0% Contratos / 15.0% Bolsa),1323.17406,480109.60583141405,738630.1628323423,679539.749805755,-59090.41302658734,59090.41302658734,7.999999999999993
2026-08-28,28,2026-08-01,True,VALLE,21614878.58,441058.02,192182144.04999998,124918393.63,362.8469,374899.32,66158.7,85.0,15.0,Cubierta (85.0% Contratos / 15.0% Bolsa),1323.17406,480109.60583141405,738630.1628323423,679539.749805755,-59090.41302658734,59090.41302658734,7.999999999999993
2026-08-28,28,2026-08-01,True,SANTANDER,16851541.54,441058.02,192182144.04999998,124918393.63,362.8469,374899.32,66158.7,85.0,15.0,Cubierta (85.0% Contratos / 15.0% Bolsa),1323.17406,480109.60583141405,738630.1628323423,679539.749805755,-59090.41302658734,59090.41302658734,7.999999999999993
2026-08-28,28,2026-08-01,True,CUNDINAMARCA,10939638.22,441058.02,192182144.04999998,124918393.63,362.8469,374899.32,66158.7,85.0,15.0,Cubierta (85.0% Contratos / 15.0% Bolsa),1323.17406,480109.60583141405,738630.1628323423,679539.749805755,-59090.41302658734,59090.41302658734,7.999999999999993
2026-08-28,28,2026-08-01,True,TOLIMA,9131397.65,441058.02,192182144.04999998,124918393.63,362.8469,374899.32,66158.7,85.0,15.0,Cubierta (85.0% Contratos / 15.0% Bolsa),1323.17406,480109.60583141405,738630.1628323423,679539.749805755,-59090.41302658734,59090.41302658734,7.999999999999993
2026-08-29,29,2026-08-01,True,ANTIOQUIA,25443679.93,312672.34625,161587775.64,105032054.17,363.5664,265771.49,46900.85,85.0,15.0,Cubierta (85.0% Contratos / 15.0% Bolsa),938.01703875,341031.477916998,524663.8121600158,482690.7071872146,-41973.10497280123,41973.10497280123,7.999999999999993
2026-08-29,29,2026-08-01,True,BOGOTA,35272452.29,312672.34625,161587775.64,105032054.17,363.5664,265771.49,46900.85,85.0,15.0,Cubierta (85.0% Contratos / 15.0% Bolsa),938.01703875,341031.477916998,524663.8121600158,482690.7071872146,-41973.10497280123,41973.10497280123,7.999999999999993
2026-08-29,29,2026-08-01,True,CARIBE_MAR,28529851.33,312672.34625,161587775.64,105032054.17,363.5664,265771.49,46900.85,85.0,15.0,Cubierta (85.0% Contratos / 15.0% Bolsa),938.01703875,341031.477916998,524663.8121600158,482690.7071872146,-41973.10497280123,41973.10497280123,7.999999999999993
2026-08-29,29,2026-08-01,True,CARIBE_SOL,22662317.03,312672.34625,161587775.64,105032054.17,363.5664,265771.49,46900.85,85.0,15.0,Cubierta (85.0% Contratos / 15.0% Bolsa),938.01703875,341031.477916998,524663.8121600158,482690.7071872146,-41973.10497280123,41973.10497280123,7.999999999999993
2026-08-29,29,2026-08-01,True,VALLE,18561437.27,312672.34625,161587775.64,105032054.17,363.5664,265771.49,46900.85,85.0,15.0,Cubierta (85.0% Contratos / 15.0% Bolsa),938.01703875,341031.477916998,524663.8121600158,482690.7071872146,-41973.10497280123,41973.10497280123,7.999999999999993
2026-08-29,29,2026-08-01,True,SANTANDER,14367225.26,312672.34625,161587775.64,105032054.17,363.5664,265771.49,46900.85,85.0,15.0,Cubierta (85.0% Contratos / 15.0% Bolsa),938.01703875,341031.477916998,524663.8121600158,482690.7071872146,-41973.10497280123,41973.10497280123,7.999999999999993
2026-08-29,29,2026-08-01,True,CUNDINAMARCA,9100213.29,312672.34625,161587775.64,105032054.17,363.5664,265771.49,46900.85,85.0,15.0,Cubierta (85.0% Contratos / 15.0% Bolsa),938.01703875,341031.477916998,524663.8121600158,482690.7071872146,-41973.10497280123,41973.10497280123,7.999999999999993
2026-08-29,29,2026-08-01,True,TOLIMA,7650599.24,312672.34625,161587775.64,105032054.17,363.5664,265771.49,46900.85,85.0,15.0,Cubierta (85.0% Contratos / 15.0% Bolsa),938.01703875,341031.477916998,524663.8121600158,482690.7071872146,-41973.10497280123,41973.10497280123,7.999999999999993
2026-08-30,30,2026-08-01,True,ANTIOQUIA,25344057.93,312451.32625,161473553.76000002,104957809.94,364.2743,265583.63,46867.7,85.0,15.0,Cubierta (85.0% Contratos / 15.0% Bolsa),937.35397875,341453.9644613711,525313.7914990525,483288.68817912834,-42025.10331992421,42025.10331992421,8.000000000000002
2026-08-30,30,2026-08-01,True,BOGOTA,35886277.07,312451.32625,161473553.76000002,104957809.94,364.2743,265583.63,46867.7,85.0,15.0,Cubierta (85.0% Contratos / 15.0% Bolsa),937.35397875,341453.9644613711,525313.7914990525,483288.68817912834,-42025.10331992421,42025.10331992421,8.000000000000002
2026-08-30,30,2026-08-01,True,CARIBE_MAR,28281566.71,312451.32625,161473553.76000002,104957809.94,364.2743,265583.63,46867.7,85.0,15.0,Cubierta (85.0% Contratos / 15.0% Bolsa),937.35397875,341453.9644613711,525313.7914990525,483288.68817912834,-42025.10331992421,42025.10331992421,8.000000000000002
2026-08-30,30,2026-08-01,True,CARIBE_SOL,22410300.51,312451.32625,161473553.76000002,104957809.94,364.2743,265583.63,46867.7,85.0,15.0,Cubierta (85.0% Contratos / 15.0% Bolsa),937.35397875,341453.9644613711,525313.7914990525,483288.68817912834,-42025.10331992421,42025.10331992421,8.000000000000002
2026-08-30,30,2026-08-01,True,VALLE,18497449.24,312451.32625,161473553.76000002,104957809.94,364.2743,265583.63,46867.7,85.0,15.0,Cubierta (85.0% Contratos / 15.0% Bolsa),937.35397875,341453.9644613711,525313.7914990525,483288.68817912834,-42025.10331992421,42025.10331992421,8.000000000000002
2026-08-30,30,2026-08-01,True,SANTANDER,14170456.96,312451.32625,161473553.76000002,104957809.94,364.2743,265583.63,46867.7,85.0,15.0,Cubierta (85.0% Contratos / 15.0% Bolsa),937.35397875,341453.9644613711,525313.7914990525,483288.68817912834,-42025.10331992421,42025.10331992421,8.000000000000002
2026-08-30,30,2026-08-01,True,CUNDINAMARCA,9214940.12,312451.32625,161473553.76000002,104957809.94,364.2743,265583.63,46867.7,85.0,15.0,Cubierta (85.0% Contratos / 15.0% Bolsa),937.35397875,341453.9644613711,525313.7914990525,483288.68817912834,-42025.10331992421,42025.10331992421,8.000000000000002
2026-08-30,30,2026-08-01,True,TOLIMA,7668505.22,312451.32625,161473553.76000002,104957809.94,364.2743,265583.63,46867.7,85.0,15.0,Cubierta (85.0% Contratos / 15.0% Bolsa),937.35397875,341453.9644613711,525313.7914990525,483288.68817912834,-42025.10331992421,42025.10331992421,8.000000000000002
2026-08-31,31,2026-08-01,True,ANTIOQUIA,30260606.39,442292.30625,192719959.11,125267973.42,364.9592,375948.46,66343.85,85.0,15.0,Cubierta (85.0% Contratos / 15.0% Bolsa),1326.8769187500002,484255.9387654651,745009.136571175,685408.405645481,-59600.73092569399,59600.73092569399,7.999999999999999
2026-08-31,31,2026-08-01,True,BOGOTA,42469410.17,442292.30625,192719959.11,125267973.42,364.9592,375948.46,66343.85,85.0,15.0,Cubierta (85.0% Contratos / 15.0% Bolsa),1326.8769187500002,484255.9387654651,745009.136571175,685408.405645481,-59600.73092569399,59600.73092569399,7.999999999999999
2026-08-31,31,2026-08-01,True,CARIBE_MAR,34368079.15,442292.30625,192719959.11,125267973.42,364.9592,375948.46,66343.85,85.0,15.0,Cubierta (85.0% Contratos / 15.0% Bolsa),1326.8769187500002,484255.9387654651,745009.136571175,685408.405645481,-59600.73092569399,59600.73092569399,7.999999999999999
2026-08-31,31,2026-08-01,True,CARIBE_SOL,27013771.7,442292.30625,192719959.11,125267973.42,364.9592,375948.46,66343.85,85.0,15.0,Cubierta (85.0% Contratos / 15.0% Bolsa),1326.8769187500002,484255.9387654651,745009.136571175,685408.405645481,-59600.73092569399,59600.73092569399,7.999999999999999
2026-08-31,31,2026-08-01,True,VALLE,21677394.24,442292.30625,192719959.11,125267973.42,364.9592,375948.46,66343.85,85.0,15.0,Cubierta (85.0% Contratos / 15.0% Bolsa),1326.8769187500002,484255.9387654651,745009.136571175,685408.405645481,-59600.73092569399,59600.73092569399,7.999999999999999
2026-08-31,31,2026-08-01,True,SANTANDER,17078927.26,442292.30625,192719959.11,125267973.42,364.9592,375948.46,66343.85,85.0,15.0,Cubierta (85.0% Contratos / 15.0% Bolsa),1326.8769187500002,484255.9387654651,745009.136571175,685408.405645481,-59600.73092569399,59600.73092569399,7.999999999999999
2026-08-31,31,2026-08-01,True,CUNDINAMARCA,10736705.39,442292.30625,192719959.11,125267973.42,364.9592,375948.46,66343.85,85.0,15.0,Cubierta (85.0% Contratos / 15.0% Bolsa),1326.8769187500002,484255.9387654651,745009.136571175,685408.405645481,-59600.73092569399,59600.73092569399,7.999999999999999
2026-08-31,31,2026-08-01,True,TOLIMA,9115064.81,442292.30625,192719959.11,125267973.42,364.9592,375948.46,66343.85,85.0,15.0,Cubierta (85.0% Contratos / 15.0% Bolsa),1326.8769187500002,484255.9387654651,745009.136571175,685408.405645481,-59600.73092569399,59600.73092569399,7.999999999999999
2026-09-01,1,2026-09-01,True,ANTIOQUIA,30668628.26,441331.94,192301499.0,124995974.35,365.6102,375132.15,66199.79,85.0,15.0,Cubierta (85.0% Contratos / 15.0% Bolsa),1323.99582,484066.37654936407,744717.502383637,685140.1021929461,-59577.40019069088,59577.40019069088,7.999999999999989
2026-09-01,1,2026-09-01,True,BOGOTA,42043240.78,441331.94,192301499.0,124995974.35,365.6102,375132.15,66199.79,85.0,15.0,Cubierta (85.0% Contratos / 15.0% Bolsa),1323.99582,484066.37654936407,744717.502383637,685140.1021929461,-59577.40019069088,59577.40019069088,7.999999999999989
2026-09-01,1,2026-09-01,True,CARIBE_MAR,33760012.18,441331.94,192301499.0,124995974.35,365.6102,375132.15,66199.79,85.0,15.0,Cubierta (85.0% Contratos / 15.0% Bolsa),1323.99582,484066.37654936407,744717.502383637,685140.1021929461,-59577.40019069088,59577.40019069088,7.999999999999989
2026-09-01,1,2026-09-01,True,CARIBE_SOL,26622776.32,441331.94,192301499.0,124995974.35,365.6102,375132.15,66199.79,85.0,15.0,Cubierta (85.0% Contratos / 15.0% Bolsa),1323.99582,484066.37654936407,744717.502383637,685140.1021929461,-59577.40019069088,59577.40019069088,7.999999999999989
2026-09-01,1,2026-09-01,True,VALLE,22016676.3,441331.94,192301499.0,124995974.35,365.6102,375132.15,66199.79,85.0,15.0,Cubierta (85.0% Contratos / 15.0% Bolsa),1323.99582,484066.37654936407,744717.502383637,685140.1021929461,-59577.40019069088,59577.40019069088,7.999999999999989
2026-09-01,1,2026-09-01,True,SANTANDER,17088603.03,441331.94,192301499.0,124995974.35,365.6102,375132.15,66199.79,85.0,15.0,Cubierta (85.0% Contratos / 15.0% Bolsa),1323.99582,484066.37654936407,744717.502383637,685140.1021929461,-59577.40019069088,59577.40019069088,7.999999999999989
2026-09-01,1,2026-09-01,True,CUNDINAMARCA,10867343.67,441331.94,192301499.0,124995974.35,365.6102,375132.15,66199.79,85.0,15.0,Cubierta (85.0% Contratos / 15.0% Bolsa),1323.99582,484066.37654936407,744717.502383637,685140.1021929461,-59577.40019069088,59577.40019069088,7.999999999999989
2026-09-01,1,2026-09-01,True,TOLIMA,9234218.46,441331.94,192301499.0,124995974.35,365.6102,375132.15,66199.79,85.0,15.0,Cubierta (85.0% Contratos / 15.0% Bolsa),1323.99582,484066.37654936407,744717.502383637,685140.1021929461,-59577.40019069088,59577.40019069088,7.999999999999989
2026-09-02,2,2026-09-01,True,ANTIOQUIA,30157965.93,440394.6125,191893077.60999998,124730500.45,366.2172,374335.42,66059.19,85.0,15.0,Cubierta (85.0% Contratos / 15.0% Bolsa),1321.1838375,483840.245654505,744369.6086783509,684820.0399840829,-59549.568694268004,59549.568694268004,7.99999999999999
2026-09-02,2,2026-09-01,True,BOGOTA,42381507.9,440394.6125,191893077.60999998,124730500.45,366.2172,374335.42,66059.19,85.0,15.0,Cubierta (85.0% Contratos / 15.0% Bolsa),1321.1838375,483840.245654505,744369.6086783509,684820.0399840829,-59549.568694268004,59549.568694268004,7.99999999999999
2026-09-02,2,2026-09-01,True,CARIBE_MAR,34158990.58,440394.6125,191893077.60999998,124730500.45,366.2172,374335.42,66059.19,85.0,15.0,Cubierta (85.0% Contratos / 15.0% Bolsa),1321.1838375,483840.245654505,744369.6086783509,684820.0399840829,-59549.568694268004,59549.568694268004,7.99999999999999
2026-09-02,2,2026-09-01,True,CARIBE_SOL,26549109.92,440394.6125,191893077.60999998,124730500.45,366.2172,374335.42,66059.19,85.0,15.0,Cubierta (85.0% Contratos / 15.0% Bolsa),1321.1838375,483840.245654505,744369.6086783509,684820.0399840829,-59549.568694268004,59549.568694268004,7.99999999999999
2026-09-02,2,2026-09-01,True,VALLE,21671475.76,440394.6125,191893077.60999998,124730500.45,366.2172,374335.42,66059.19,85.0,15.0,Cubierta (85.0% Contratos / 15.0% Bolsa),1321.1838375,483840.245654505,744369.6086783509,684820.0399840829,-59549.568694268004,59549.568694268004,7.99999999999999
2026-09-02,2,2026-09-01,True,SANTANDER,16889484.16,440394.6125,191893077.60999998,124730500.45,366.2172,374335.42,66059.19,85.0,15.0,Cubierta (85.0% Contratos / 15.0% Bolsa),1321.1838375,483840.245654505,744369.6086783509,684820.0399840829,-59549.568694268004,59549.568694268004,7.99999999999999
2026-09-02,2,2026-09-01,True,CUNDINAMARCA,10924602.64,440394.6125,191893077.60999998,124730500.45,366.2172,374335.42,66059.19,85.0,15.0,Cubierta (85.0% Contratos / 15.0% Bolsa),1321.1838375,483840.245654505,744369.6086783509,684820.0399840829,-59549.568694268004,59549.568694268004,7.99999999999999
2026-09-02,2,2026-09-01,True,TOLIMA,9159940.72,440394.6125,191893077.60999998,124730500.45,366.2172,374335.42,66059.19,85.0,15.0,Cubierta (85.0% Contratos / 15.0% Bolsa),1321.1838375,483840.245654505,744369.6086783509,684820.0399840829,-59549.568694268004,59549.568694268004,7.99999999999999
2026-09-03,3,2026-09-01,True,ANTIOQUIA,30341840.58,438919.17375,191250184.56,124312619.96,366.7708,373081.3,65837.88,85.0,15.0,Cubierta (85.0% Contratos / 15.0% Bolsa),1316.75752125,482948.20947487955,742997.245369876,683557.4657402859,-59439.779629590106,59439.779629590106,8.000000000000004
2026-09-03,3,2026-09-01,True,BOGOTA,42400937.68,438919.17375,191250184.56,124312619.96,366.7708,373081.3,65837.88,85.0,15.0,Cubierta (85.0% Contratos / 15.0% Bolsa),1316.75752125,482948.20947487955,742997.245369876,683557.4657402859,-59439.779629590106,59439.779629590106,8.000000000000004
2026-09-03,3,2026-09-01,True,CARIBE_MAR,33517325.11,438919.17375,191250184.56,124312619.96,366.7708,373081.3,65837.88,85.0,15.0,Cubierta (85.0% Contratos / 15.0% Bolsa),1316.75752125,482948.20947487955,742997.245369876,683557.4657402859,-59439.779629590106,59439.779629590106,8.000000000000004
2026-09-03,3,2026-09-01,True,CARIBE_SOL,26685652.82,438919.17375,191250184.56,124312619.96,366.7708,373081.3,65837.88,85.0,15.0,Cubierta (85.0% Contratos / 15.0% Bolsa),1316.75752125,482948.20947487955,742997.245369876,683557.4657402859,-59439.779629590106,59439.779629590106,8.000000000000004
2026-09-03,3,2026-09-01,True,VALLE,21553238.49,438919.17375,191250184.56,124312619.96,366.7708,373081.3,65837.88,85.0,15.0,Cubierta (85.0% Contratos / 15.0% Bolsa),1316.75752125,482948.20947487955,742997.245369876,683557.4657402859,-59439.779629590106,59439.779629590106,8.000000000000004
2026-09-03,3,2026-09-01,True,SANTANDER,16832222.76,438919.17375,191250184.56,124312619.96,366.7708,373081.3,65837.88,85.0,15.0,Cubierta (85.0% Contratos / 15.0% Bolsa),1316.75752125,482948.20947487955,742997.245369876,683557.4657402859,-59439.779629590106,59439.779629590106,8.000000000000004
2026-09-03,3,2026-09-01,True,CUNDINAMARCA,10888567.93,438919.17375,191250184.56,124312619.96,366.7708,373081.3,65837.88,85.0,15.0,Cubierta (85.0% Contratos / 15.0% Bolsa),1316.75752125,482948.20947487955,742997.245369876,683557.4657402859,-59439.779629590106,59439.779629590106,8.000000000000004
2026-09-03,3,2026-09-01,True,TOLIMA,9030399.19,438919.17375,191250184.56,124312619.96,366.7708,373081.3,65837.88,85.0,15.0,Cubierta (85.0% Contratos / 15.0% Bolsa),1316.75752125,482948.20947487955,742997.245369876,683557.4657402859,-59439.779629590106,59439.779629590106,8.000000000000004
2026-09-04,4,2026-09-01,True,ANTIOQUIA,30197670.18,440283.2075,191844534.95000002,124698947.72,367.2628,374240.73,66042.48,85.0,15.0,Cubierta (85.0% Contratos / 15.0% Bolsa),1320.8496225000001,485098.9307382931,746306.0472747196,686601.563492742,-59704.48378197756,59704.48378197756,7.999999999999999
2026-09-04,4,2026-09-01,True,BOGOTA,42010436.56,440283.2075,191844534.95000002,124698947.72,367.2628,374240.73,66042.48,85.0,15.0,Cubierta (85.0% Contratos / 15.0% Bolsa),1320.8496225000001,485098.9307382931,746306.0472747196,686601.563492742,-59704.48378197756,59704.48378197756,7.999999999999999
2026-09-04,4,2026-09-01,True,CARIBE_MAR,33768491.18,440283.2075,191844534.95000002,124698947.72,367.2628,374240.73,66042.48,85.0,15.0,Cubierta (85.0% Contratos / 15.0% Bolsa),1320.8496225000001,485098.9307382931,746306.0472747196,686601.563492742,-59704.48378197756,59704.48378197756,7.999999999999999
2026-09-04,4,2026-09-01,True,CARIBE_SOL,26715257.2,440283.2075,191844534.95000002,124698947.72,367.2628,374240.73,66042.48,85.0,15.0,Cubierta (85.0% Contratos / 15.0% Bolsa),1320.8496225000001,485098.9307382931,746306.0472747196,686601.563492742,-59704.48378197756,59704.48378197756,7.999999999999999
2026-09-04,4,2026-09-01,True,VALLE,22058307.92,440283.2075,191844534.95000002,124698947.72,367.2628,374240.73,66042.48,85.0,15.0,Cubierta (85.0% Contratos / 15.0% Bolsa),1320.8496225000001,485098.9307382931,746306.0472747196,686601.563492742,-59704.48378197756,59704.48378197756,7.999999999999999
2026-09-04,4,2026-09-01,True,SANTANDER,17001112.57,440283.2075,191844534.95000002,124698947.72,367.2628,374240.73,66042.48,85.0,15.0,Cubierta (85.0% Contratos / 15.0% Bolsa),1320.8496225000001,485098.9307382931,746306.0472747196,686601.563492742,-59704.48378197756,59704.48378197756,7.999999999999999
2026-09-04,4,2026-09-01,True,CUNDINAMARCA,11106622.06,440283.2075,191844534.95000002,124698947.72,367.2628,374240.73,66042.48,85.0,15.0,Cubierta (85.0% Contratos / 15.0% Bolsa),1320.8496225000001,485098.9307382931,746306.0472747196,686601.563492742,-59704.48378197756,59704.48378197756,7.999999999999999
2026-09-04,4,2026-09-01,True,TOLIMA,8986637.28,440283.2075,191844534.95000002,124698947.72,367.2628,374240.73,66042.48,85.0,15.0,Cubierta (85.0% Contratos / 15.0% Bolsa),1320.8496225000001,485098.9307382931,746306.0472747196,686601.563492742,-59704.48378197756,59704.48378197756,7.999999999999999
2026-09-05,5,2026-09-01,True,ANTIOQUIA,25773618.59,314603.4275,162585750.49,105680737.82,367.6862,267412.91,47190.51,85.0,15.0,Cubierta (85.0% Contratos / 15.0% Bolsa),943.8102825,347026.0162933515,533886.1789052706,491175.284592849,-42710.89431242162,42710.89431242162,7.999999999999993
2026-09-05,5,2026-09-01,True,BOGOTA,35927718.71,314603.4275,162585750.49,105680737.82,367.6862,267412.91,47190.51,85.0,15.0,Cubierta (85.0% Contratos / 15.0% Bolsa),943.8102825,347026.0162933515,533886.1789052706,491175.284592849,-42710.89431242162,42710.89431242162,7.999999999999993
2026-09-05,5,2026-09-01,True,CARIBE_MAR,28796974.76,314603.4275,162585750.49,105680737.82,367.6862,267412.91,47190.51,85.0,15.0,Cubierta (85.0% Contratos / 15.0% Bolsa),943.8102825,347026.0162933515,533886.1789052706,491175.284592849,-42710.89431242162,42710.89431242162,7.999999999999993
2026-09-05,5,2026-09-01,True,CARIBE_SOL,22537709.7,314603.4275,162585750.49,105680737.82,367.6862,267412.91,47190.51,85.0,15.0,Cubierta (85.0% Contratos / 15.0% Bolsa),943.8102825,347026.0162933515,533886.1789052706,491175.284592849,-42710.89431242162,42710.89431242162,7.999999999999993
2026-09-05,5,2026-09-01,True,VALLE,18597370.23,314603.4275,162585750.49,105680737.82,367.6862,267412.91,47190.51,85.0,15.0,Cubierta (85.0% Contratos / 15.0% Bolsa),943.8102825,347026.0162933515,533886.1789052706,491175.284592849,-42710.89431242162,42710.89431242162,7.999999999999993
2026-09-05,5,2026-09-01,True,SANTANDER,14180847.77,314603.4275,162585750.49,105680737.82,367.6862,267412.91,47190.51,85.0,15.0,Cubierta (85.0% Contratos / 15.0% Bolsa),943.8102825,347026.0162933515,533886.1789052706,491175.284592849,-42710.89431242162,42710.89431242162,7.999999999999993
2026-09-05,5,2026-09-01,True,CUNDINAMARCA,9156174.01,314603.4275,162585750.49,105680737.82,367.6862,267412.91,47190.51,85.0,15.0,Cubierta (85.0% Contratos / 15.0% Bolsa),943.8102825,347026.0162933515,533886.1789052706,491175.284592849,-42710.89431242162,42710.89431242162,7.999999999999993
2026-09-05,5,2026-09-01,True,TOLIMA,7615336.72,314603.4275,162585750.49,105680737.82,367.6862,267412.91,47190.51,85.0,15.0,Cubierta (85.0% Contratos / 15.0% Bolsa),943.8102825,347026.0162933515,533886.1789052706,491175.284592849,-42710.89431242162,42710.89431242162,7.999999999999993
2026-09-06,6,2026-09-01,True,ANTIOQUIA,25513113.77,313069.85375,161793206.16,105165584.0,368.0355,266109.38,46960.48,85.0,15.0,Cubierta (85.0% Contratos / 15.0% Bolsa),939.2095612500001,345662.4604794244,531788.4007578028,489245.3286971786,-42543.072060624196,42543.072060624196,7.999999999999995
2026-09-06,6,2026-09-01,True,BOGOTA,35629590.7,313069.85375,161793206.16,105165584.0,368.0355,266109.38,46960.48,85.0,15.0,Cubierta (85.0% Contratos / 15.0% Bolsa),939.2095612500001,345662.4604794244,531788.4007578028,489245.3286971786,-42543.072060624196,42543.072060624196,7.999999999999995
2026-09-06,6,2026-09-01,True,CARIBE_MAR,28441439.42,313069.85375,161793206.16,105165584.0,368.0355,266109.38,46960.48,85.0,15.0,Cubierta (85.0% Contratos / 15.0% Bolsa),939.2095612500001,345662.4604794244,531788.4007578028,489245.3286971786,-42543.072060624196,42543.072060624196,7.999999999999995
2026-09-06,6,2026-09-01,True,CARIBE_SOL,22487449.45,313069.85375,161793206.16,105165584.0,368.0355,266109.38,46960.48,85.0,15.0,Cubierta (85.0% Contratos / 15.0% Bolsa),939.2095612500001,345662.4604794244,531788.4007578028,489245.3286971786,-42543.072060624196,42543.072060624196,7.999999999999995
2026-09-06,6,2026-09-01,True,VALLE,18421177.5,313069.85375,161793206.16,105165584.0,368.0355,266109.38,46960.48,85.0,15.0,Cubierta (85.0% Contratos / 15.0% Bolsa),939.2095612500001,345662.4604794244,531788.4007578028,489245.3286971786,-42543.072060624196,42543.072060624196,7.999999999999995
2026-09-06,6,2026-09-01,True,SANTANDER,14287348.37,313069.85375,161793206.16,105165584.0,368.0355,266109.38,46960.48,85.0,15.0,Cubierta (85.0% Contratos / 15.0% Bolsa),939.2095612500001,345662.4604794244,531788.4007578028,489245.3286971786,-42543.072060624196,42543.072060624196,7.999999999999995
2026-09-06,6,2026-09-01,True,CUNDINAMARCA,9247984.44,313069.85375,161793206.16,105165584.0,368.0355,266109.38,46960.48,85.0,15.0,Cubierta (85.0% Contratos / 15.0% Bolsa),939.2095612500001,345662.4604794244,531788.4007578028,489245.3286971786,-42543.072060624196,42543.072060624196,7.999999999999995
2026-09-06,6,2026-09-01,True,TOLIMA,7765102.51,313069.85375,161793206.16,105165584.0,368.0355,266109.38,46960.48,85.0,15.0,Cubierta (85.0% Contratos / 15.0% Bolsa),939.2095612500001,345662.4604794244,531788.4007578028,489245.3286971786,-42543.072060624196,42543.072060624196,7.999999999999995
2026-09-07,7,2026-09-01,True,ANTIOQUIA,30297476.22,443128.6725,193084388.72000003,125504852.67,368.3065,376659.37,66469.3,85.0,15.0,Cubierta (85.0% Contratos / 15.0% Bolsa),1329.3860175,489621.51125436375,753263.8634562483,693002.7543797485,-60261.10907649982,60261.10907649982,7.999999999999995
2026-09-07,7,2026-09-01,True,BOGOTA,42763306.65,443128.6725,193084388.72000003,125504852.67,368.3065,376659.37,66469.3,85.0,15.0,Cubierta (85.0% Contratos / 15.0% Bolsa),1329.3860175,489621.51125436375,753263.8634562483,693002.7543797485,-60261.10907649982,60261.10907649982,7.999999999999995
2026-09-07,7,2026-09-01,True,CARIBE_MAR,34023803.02,443128.6725,193084388.72000003,125504852.67,368.3065,376659.37,66469.3,85.0,15.0,Cubierta (85.0% Contratos / 15.0% Bolsa),1329.3860175,489621.51125436375,753263.8634562483,693002.7543797485,-60261.10907649982,60261.10907649982,7.999999999999995
2026-09-07,7,2026-09-01,True,CARIBE_SOL,26854025.47,443128.6725,193084388.72000003,125504852.67,368.3065,376659.37,66469.3,85.0,15.0,Cubierta (85.0% Contratos / 15.0% Bolsa),1329.3860175,489621.51125436375,753263.8634562483,693002.7543797485,-60261.10907649982,60261.10907649982,7.999999999999995
2026-09-07,7,2026-09-01,True,VALLE,21942301.3,443128.6725,193084388.72000003,125504852.67,368.3065,376659.37,66469.3,85.0,15.0,Cubierta (85.0% Contratos / 15.0% Bolsa),1329.3860175,489621.51125436375,753263.8634562483,693002.7543797485,-60261.10907649982,60261.10907649982,7.999999999999995
2026-09-07,7,2026-09-01,True,SANTANDER,17219513.7,443128.6725,193084388.72000003,125504852.67,368.3065,376659.37,66469.3,85.0,15.0,Cubierta (85.0% Contratos / 15.0% Bolsa),1329.3860175,489621.51125436375,753263.8634562483,693002.7543797485,-60261.10907649982,60261.10907649982,7.999999999999995
2026-09-07,7,2026-09-01,True,CUNDINAMARCA,10894891.37,443128.6725,193084388.72000003,125504852.67,368.3065,376659.37,66469.3,85.0,15.0,Cubierta (85.0% Contratos / 15.0% Bolsa),1329.3860175,489621.51125436375,753263.8634562483,693002.7543797485,-60261.10907649982,60261.10907649982,7.999999999999995
2026-09-07,7,2026-09-01,True,TOLIMA,9089070.99,443128.6725,193084388.72000003,125504852.67,368.3065,376659.37,66469.3,85.0,15.0,Cubierta (85.0% Contratos / 15.0% Bolsa),1329.3860175,489621.51125436375,753263.8634562483,693002.7543797485,-60261.10907649982,60261.10907649982,7.999999999999995
2026-09-08,8,2026-09-01,True,ANTIOQUIA,30121295.62,440605.3675,191984909.51000002,124790191.18,368.4969,374514.56,66090.81,85.0,15.0,Cubierta (85.0% Contratos / 15.0% Bolsa),1321.8161025,487085.1361413322,749361.7479187495,689412.8080852495,-59948.93983349996,59948.93983349996,8.0
2026-09-08,8,2026-09-01,True,BOGOTA,42576371.0,440605.3675,191984909.51000002,124790191.18,368.4969,374514.56,66090.81,85.0,15.0,Cubierta (85.0% Contratos / 15.0% Bolsa),1321.8161025,487085.1361413322,749361.7479187495,689412.8080852495,-59948.93983349996,59948.93983349996,8.0
2026-09-08,8,2026-09-01,True,CARIBE_MAR,33916039.45,440605.3675,191984909.51000002,124790191.18,368.4969,374514.56,66090.81,85.0,15.0,Cubierta (85.0% Contratos / 15.0% Bolsa),1321.8161025,487085.1361413322,749361.7479187495,689412.8080852495,-59948.93983349996,59948.93983349996,8.0
2026-09-08,8,2026-09-01,True,CARIBE_SOL,26245913.77,440605.3675,191984909.51000002,124790191.18,368.4969,374514.56,66090.81,85.0,15.0,Cubierta (85.0% Contratos / 15.0% Bolsa),1321.8161025,487085.1361413322,749361.7479187495,689412.8080852495,-59948.93983349996,59948.93983349996,8.0
2026-09-08,8,2026-09-01,True,VALLE,21733587.3,440605.3675,191984909.51000002,124790191.18,368.4969,374514.56,66090.81,85.0,15.0,Cubierta (85.0% Contratos / 15.0% Bolsa),1321.8161025,487085.1361413322,749361.7479187495,689412.8080852495,-59948.93983349996,59948.93983349996,8.0
2026-09-08,8,2026-09-01,True,SANTANDER,17168187.97,440605.3675,191984909.51000002,124790191.18,368.4969,374514.56,66090.81,85.0,15.0,Cubierta (85.0% Contratos / 15.0% Bolsa),1321.8161025,487085.1361413322,749361.7479187495,689412.8080852495,-59948.93983349996,59948.93983349996,8.0
2026-09-08,8,2026-09-01,True,CUNDINAMARCA,11123386.49,440605.3675,191984909.51000002,124790191.18,368.4969,374514.56,66090.81,85.0,15.0,Cubierta (85.0% Contratos / 15.0% Bolsa),1321.8161025,487085.1361413322,749361.7479187495,689412.8080852495,-59948.93983349996,59948.93983349996,8.0
2026-09-08,8,2026-09-01,True,TOLIMA,9100127.91,440605.3675,191984909.51000002,124790191.18,368.4969,374514.56,66090.81,85.0,15.0,Cubierta (85.0% Contratos / 15.0% Bolsa),1321.8161025,487085.1361413322,749361.7479187495,689412.8080852495,-59948.93983349996,59948.93983349996,8.0
2026-09-09,9,2026-09-01,True,ANTIOQUIA,29960043.85,441602.43,192419359.48,125072583.66,368.6058,375362.07,66240.36,85.0,15.0,Cubierta (85.0% Contratos / 15.0% Bolsa),1324.80729,488331.65097628196,751279.4630524473,691177.1060082515,-60102.357044195756,60102.357044195756,7.9999999999999964
2026-09-09,9,2026-09-01,True,BOGOTA,42333392.86,441602.43,192419359.48,125072583.66,368.6058,375362.07,66240.36,85.0,15.0,Cubierta (85.0% Contratos / 15.0% Bolsa),1324.80729,488331.65097628196,751279.4630524473,691177.1060082515,-60102.357044195756,60102.357044195756,7.9999999999999964
2026-09-09,9,2026-09-01,True,CARIBE_MAR,34554095.24,441602.43,192419359.48,125072583.66,368.6058,375362.07,66240.36,85.0,15.0,Cubierta (85.0% Contratos / 15.0% Bolsa),1324.80729,488331.65097628196,751279.4630524473,691177.1060082515,-60102.357044195756,60102.357044195756,7.9999999999999964
2026-09-09,9,2026-09-01,True,CARIBE_SOL,26611658.92,441602.43,192419359.48,125072583.66,368.6058,375362.07,66240.36,85.0,15.0,Cubierta (85.0% Contratos / 15.0% Bolsa),1324.80729,488331.65097628196,751279.4630524473,691177.1060082515,-60102.357044195756,60102.357044195756,7.9999999999999964
2026-09-09,9,2026-09-01,True,VALLE,21940478.24,441602.43,192419359.48,125072583.66,368.6058,375362.07,66240.36,85.0,15.0,Cubierta (85.0% Contratos / 15.0% Bolsa),1324.80729,488331.65097628196,751279.4630524473,691177.1060082515,-60102.357044195756,60102.357044195756,7.9999999999999964
2026-09-09,9,2026-09-01,True,SANTANDER,16918292.58,441602.43,192419359.48,125072583.66,368.6058,375362.07,66240.36,85.0,15.0,Cubierta (85.0% Contratos / 15.0% Bolsa),1324.80729,488331.65097628196,751279.4630524473,691177.1060082515,-60102.357044195756,60102.357044195756,7.9999999999999964
2026-09-09,9,2026-09-01,True,CUNDINAMARCA,10951058.37,441602.43,192419359.48,125072583.66,368.6058,375362.07,66240.36,85.0,15.0,Cubierta (85.0% Contratos / 15.0% Bolsa),1324.80729,488331.65097628196,751279.4630524473,691177.1060082515,-60102.357044195756,60102.357044195756,7.9999999999999964
2026-09-09,9,2026-09-01,True,TOLIMA,9150339.42,441602.43,192419359.48,125072583.66,368.6058,375362.07,66240.36,85.0,15.0,Cubierta (85.0% Contratos / 15.0% Bolsa),1324.80729,488331.65097628196,751279.4630524473,691177.1060082515,-60102.357044195756,60102.357044195756,7.9999999999999964
2026-09-10,10,2026-09-01,True,ANTIOQUIA,30322295.75,440074.10625,191753423.0,124639724.95,368.634,374062.99,66011.12,85.0,15.0,Cubierta (85.0% Contratos / 15.0% Bolsa),1320.22231875,486678.83425008756,748736.6680770578,688837.7346308932,-59898.93344616459,59898.93344616459,7.9999999999999964
2026-09-10,10,2026-09-01,True,BOGOTA,42270442.52,440074.10625,191753423.0,124639724.95,368.634,374062.99,66011.12,85.0,15.0,Cubierta (85.0% Contratos / 15.0% Bolsa),1320.22231875,486678.83425008756,748736.6680770578,688837.7346308932,-59898.93344616459,59898.93344616459,7.9999999999999964
2026-09-10,10,2026-09-01,True,CARIBE_MAR,33994448.99,440074.10625,191753423.0,124639724.95,368.634,374062.99,66011.12,85.0,15.0,Cubierta (85.0% Contratos / 15.0% Bolsa),1320.22231875,486678.83425008756,748736.6680770578,688837.7346308932,-59898.93344616459,59898.93344616459,7.9999999999999964
2026-09-10,10,2026-09-01,True,CARIBE_SOL,26354986.73,440074.10625,191753423.0,124639724.95,368.634,374062.99,66011.12,85.0,15.0,Cubierta (85.0% Contratos / 15.0% Bolsa),1320.22231875,486678.83425008756,748736.6680770578,688837.7346308932,-59898.93344616459,59898.93344616459,7.9999999999999964
2026-09-10,10,2026-09-01,True,VALLE,21652530.7,440074.10625,191753423.0,124639724.95,368.634,374062.99,66011.12,85.0,15.0,Cubierta (85.0% Contratos / 15.0% Bolsa),1320.22231875,486678.83425008756,748736.6680770578,688837.7346308932,-59898.93344616459,59898.93344616459,7.9999999999999964
2026-09-10,10,2026-09-01,True,SANTANDER,17045487.73,440074.10625,191753423.0,124639724.95,368.634,374062.99,66011.12,85.0,15.0,Cubierta (85.0% Contratos / 15.0% Bolsa),1320.22231875,486678.83425008756,748736.6680770578,688837.7346308932,-59898.93344616459,59898.93344616459,7.9999999999999964
2026-09-10,10,2026-09-01,True,CUNDINAMARCA,11053720.44,440074.10625,191753423.0,124639724.95,368.634,374062.99,66011.12,85.0,15.0,Cubierta (85.0% Contratos / 15.0% Bolsa),1320.22231875,486678.83425008756,748736.6680770578,688837.7346308932,-59898.93344616459,59898.93344616459,7.9999999999999964
2026-09-10,10,2026-09-01,True,TOLIMA,9059510.14,440074.10625,191753423.0,124639724.95,368.634,374062.99,66011.12,85.0,15.0,Cubierta (85.0% Contratos / 15.0% Bolsa),1320.22231875,486678.83425008756,748736.6680770578,688837.7346308932,-59898.93344616459,59898.93344616459,7.9999999999999964
2026-09-11,11,2026-09-01,True,ANTIOQUIA,30390604.79,442403.34125,192768340.32999998,125299421.21,368.5841,376042.84,66360.5,85.0,15.0,Cubierta (85.0% Contratos / 15.0% Bolsa),1327.2100237500001,489188.5121148724,752597.7109729862,692389.8940951473,-60207.81687783892,60207.81687783892,8.000000000000004
2026-09-11,11,2026-09-01,True,BOGOTA,42503518.5,442403.34125,192768340.32999998,125299421.21,368.5841,376042.84,66360.5,85.0,15.0,Cubierta (85.0% Contratos / 15.0% Bolsa),1327.2100237500001,489188.5121148724,752597.7109729862,692389.8940951473,-60207.81687783892,60207.81687783892,8.000000000000004
2026-09-11,11,2026-09-01,True,CARIBE_MAR,34028199.08,442403.34125,192768340.32999998,125299421.21,368.5841,376042.84,66360.5,85.0,15.0,Cubierta (85.0% Contratos / 15.0% Bolsa),1327.2100237500001,489188.5121148724,752597.7109729862,692389.8940951473,-60207.81687783892,60207.81687783892,8.000000000000004
2026-09-11,11,2026-09-01,True,CARIBE_SOL,26886051.87,442403.34125,192768340.32999998,125299421.21,368.5841,376042.84,66360.5,85.0,15.0,Cubierta (85.0% Contratos / 15.0% Bolsa),1327.2100237500001,489188.5121148724,752597.7109729862,692389.8940951473,-60207.81687783892,60207.81687783892,8.000000000000004
2026-09-11,11,2026-09-01,True,VALLE,21938957.14,442403.34125,192768340.32999998,125299421.21,368.5841,376042.84,66360.5,85.0,15.0,Cubierta (85.0% Contratos / 15.0% Bolsa),1327.2100237500001,489188.5121148724,752597.7109729862,692389.8940951473,-60207.81687783892,60207.81687783892,8.000000000000004
2026-09-11,11,2026-09-01,True,SANTANDER,16931062.1,442403.34125,192768340.32999998,125299421.21,368.5841,376042.84,66360.5,85.0,15.0,Cubierta (85.0% Contratos / 15.0% Bolsa),1327.2100237500001,489188.5121148724,752597.7109729862,692389.8940951473,-60207.81687783892,60207.81687783892,8.000000000000004
2026-09-11,11,2026-09-01,True,CUNDINAMARCA,10938740.12,442403.34125,192768340.32999998,125299421.21,368.5841,376042.84,66360.5,85.0,15.0,Cubierta (85.0% Contratos / 15.0% Bolsa),1327.2100237500001,489188.5121148724,752597.7109729862,692389.8940951473,-60207.81687783892,60207.81687783892,8.000000000000004
2026-09-11,11,2026-09-01,True,TOLIMA,9151206.73,442403.34125,192768340.32999998,125299421.21,368.5841,376042.84,66360.5,85.0,15.0,Cubierta (85.0% Contratos / 15.0% Bolsa),1327.2100237500001,489188.5121148724,752597.7109729862,692389.8940951473,-60207.81687783892,60207.81687783892,8.000000000000004
2026-09-12,12,2026-09-01,True,ANTIOQUIA,25107305.8,313374.975,161950891.57999998,105268079.53,368.46,266368.73,47006.25,85.0,15.0,Cubierta (85.0% Contratos / 15.0% Bolsa),940.124925,346398.42986549996,532920.6613163509,490287.00841104286,-42633.65290530806,42633.65290530806,7.999999999999997
2026-09-12,12,2026-09-01,True,BOGOTA,35928788.33,313374.975,161950891.57999998,105268079.53,368.46,266368.73,47006.25,85.0,15.0,Cubierta (85.0% Contratos / 15.0% Bolsa),940.124925,346398.42986549996,532920.6613163509,490287.00841104286,-42633.65290530806,42633.65290530806,7.999999999999997
2026-09-12,12,2026-09-01,True,CARIBE_MAR,28919533.16,313374.975,161950891.57999998,105268079.53,368.46,266368.73,47006.25,85.0,15.0,Cubierta (85.0% Contratos / 15.0% Bolsa),940.124925,346398.42986549996,532920.6613163509,490287.00841104286,-42633.65290530806,42633.65290530806,7.999999999999997
2026-09-12,12,2026-09-01,True,CARIBE_SOL,22470660.92,313374.975,161950891.57999998,105268079.53,368.46,266368.73,47006.25,85.0,15.0,Cubierta (85.0% Contratos / 15.0% Bolsa),940.124925,346398.42986549996,532920.6613163509,490287.00841104286,-42633.65290530806,42633.65290530806,7.999999999999997
2026-09-12,12,2026-09-01,True,VALLE,18325746.89,313374.975,161950891.57999998,105268079.53,368.46,266368.73,47006.25,85.0,15.0,Cubierta (85.0% Contratos / 15.0% Bolsa),940.124925,346398.42986549996,532920.6613163509,490287.00841104286,-42633.65290530806,42633.65290530806,7.999999999999997
2026-09-12,12,2026-09-01,True,SANTANDER,14318685.73,313374.975,161950891.57999998,105268079.53,368.46,266368.73,47006.25,85.0,15.0,Cubierta (85.0% Contratos / 15.0% Bolsa),940.124925,346398.42986549996,532920.6613163509,490287.00841104286,-42633.65290530806,42633.65290530806,7.999999999999997
2026-09-12,12,2026-09-01,True,CUNDINAMARCA,9158625.74,313374.975,161950891.57999998,105268079.53,368.46,266368.73,47006.25,85.0,15.0,Cubierta (85.0% Contratos / 15.0% Bolsa),940.124925,346398.42986549996,532920.6613163509,490287.00841104286,-42633.65290530806,42633.65290530806,7.999999999999997
2026-09-12,12,2026-09-01,True,TOLIMA,7721545.01,313374.975,161950891.57999998,105268079.53,368.46,266368.73,47006.25,85.0,15.0,Cubierta (85.0% Contratos / 15.0% Bolsa),940.124925,346398.42986549996,532920.6613163509,490287.00841104286,-42633.65290530806,42633.65290530806,7.999999999999997
2026-09-13,13,2026-09-01,True,ANTIOQUIA,25538167.24,314486.79875,162525477.46,105641560.35,368.2675,267313.78,47173.02,85.0,15.0,Cubierta (85.0% Contratos / 15.0% Bolsa),943.46039625,347445.80147599685,534532.0022657046,491769.44208444824,-42762.560181256325,42762.560181256325,7.999999999999993
2026-09-13,13,2026-09-01,True,BOGOTA,35997922.65,314486.79875,162525477.46,105641560.35,368.2675,267313.78,47173.02,85.0,15.0,Cubierta (85.0% Contratos / 15.0% Bolsa),943.46039625,347445.80147599685,534532.0022657046,491769.44208444824,-42762.560181256325,42762.560181256325,7.999999999999993
2026-09-13,13,2026-09-01,True,CARIBE_MAR,28861872.99,314486.79875,162525477.46,105641560.35,368.2675,267313.78,47173.02,85.0,15.0,Cubierta (85.0% Contratos / 15.0% Bolsa),943.46039625,347445.80147599685,534532.0022657046,491769.44208444824,-42762.560181256325,42762.560181256325,7.999999999999993
2026-09-13,13,2026-09-01,True,CARIBE_SOL,22474662.4,314486.79875,162525477.46,105641560.35,368.2675,267313.78,47173.02,85.0,15.0,Cubierta (85.0% Contratos / 15.0% Bolsa),943.46039625,347445.80147599685,534532.0022657046,491769.44208444824,-42762.560181256325,42762.560181256325,7.999999999999993
2026-09-13,13,2026-09-01,True,VALLE,18419008.25,314486.79875,162525477.46,105641560.35,368.2675,267313.78,47173.02,85.0,15.0,Cubierta (85.0% Contratos / 15.0% Bolsa),943.46039625,347445.80147599685,534532.0022657046,491769.44208444824,-42762.560181256325,42762.560181256325,7.999999999999993
2026-09-13,13,2026-09-01,True,SANTANDER,14339070.73,314486.79875,162525477.46,105641560.35,368.2675,267313.78,47173.02,85.0,15.0,Cubierta (85.0% Contratos / 15.0% Bolsa),943.46039625,347445.80147599685,534532.0022657046,491769.44208444824,-42762.560181256325,42762.560181256325,7.999999999999993
2026-09-13,13,2026-09-01,True,CUNDINAMARCA,9268440.02,314486.79875,162525477.46,105641560.35,368.2675,267313.78,47173.02,85.0,15.0,Cubierta (85.0% Contratos / 15.0% Bolsa),943.46039625,347445.80147599685,534532.0022657046,491769.44208444824,-42762.560181256325,42762.560181256325,7.999999999999993
2026-09-13,13,2026-09-01,True,TOLIMA,7626333.18,314486.79875,162525477.46,105641560.35,368.2675,267313.78,47173.02,85.0,15.0,Cubierta (85.0% Contratos / 15.0% Bolsa),943.46039625,347445.80147599685,534532.0022657046,491769.44208444824,-42762.560181256325,42762.560181256325,7.999999999999993
2026-09-14,14,2026-09-01,True,ANTIOQUIA,30456255.58,442635.1975,192869367.14,125365088.64,368.0134,376239.92,66395.28,85.0,15.0,Cubierta (85.0% Contratos / 15.0% Bolsa),1327.9055925,488687.0519749395,751826.2338135962,691680.1351085085,-60146.09870508767,60146.09870508767,7.999999999999997
2026-09-14,14,2026-09-01,True,BOGOTA,42758036.87,442635.1975,192869367.14,125365088.64,368.0134,376239.92,66395.28,85.0,15.0,Cubierta (85.0% Contratos / 15.0% Bolsa),1327.9055925,488687.0519749395,751826.2338135962,691680.1351085085,-60146.09870508767,60146.09870508767,7.999999999999997
2026-09-14,14,2026-09-01,True,CARIBE_MAR,34002508.91,442635.1975,192869367.14,125365088.64,368.0134,376239.92,66395.28,85.0,15.0,Cubierta (85.0% Contratos / 15.0% Bolsa),1327.9055925,488687.0519749395,751826.2338135962,691680.1351085085,-60146.09870508767,60146.09870508767,7.999999999999997
2026-09-14,14,2026-09-01,True,CARIBE_SOL,26796952.75,442635.1975,192869367.14,125365088.64,368.0134,376239.92,66395.28,85.0,15.0,Cubierta (85.0% Contratos / 15.0% Bolsa),1327.9055925,488687.0519749395,751826.2338135962,691680.1351085085,-60146.09870508767,60146.09870508767,7.999999999999997
2026-09-14,14,2026-09-01,True,VALLE,21887465.03,442635.1975,192869367.14,125365088.64,368.0134,376239.92,66395.28,85.0,15.0,Cubierta (85.0% Contratos / 15.0% Bolsa),1327.9055925,488687.0519749395,751826.2338135962,691680.1351085085,-60146.09870508767,60146.09870508767,7.999999999999997
2026-09-14,14,2026-09-01,True,SANTANDER,16917214.34,442635.1975,192869367.14,125365088.64,368.0134,376239.92,66395.28,85.0,15.0,Cubierta (85.0% Contratos / 15.0% Bolsa),1327.9055925,488687.0519749395,751826.2338135962,691680.1351085085,-60146.09870508767,60146.09870508767,7.999999999999997
2026-09-14,14,2026-09-01,True,CUNDINAMARCA,10938454.73,442635.1975,192869367.14,125365088.64,368.0134,376239.92,66395.28,85.0,15.0,Cubierta (85.0% Contratos / 15.0% Bolsa),1327.9055925,488687.0519749395,751826.2338135962,691680.1351085085,-60146.09870508767,60146.09870508767,7.999999999999997
2026-09-14,14,2026-09-01,True,TOLIMA,9112478.93,442635.1975,192869367.14,125365088.64,368.0134,376239.92,66395.28,85.0,15.0,Cubierta (85.0% Contratos / 15.0% Bolsa),1327.9055925,488687.0519749395,751826.2338135962,691680.1351085085,-60146.09870508767,60146.09870508767,7.999999999999997
2026-09-15,15,2026-09-01,True,ANTIOQUIA,30888120.44,441189.24125,192239320.85000002,124955558.55,367.706,375010.86,66178.39,85.0,15.0,Cubierta (85.0% Contratos / 15.0% Bolsa),1323.5677237500001,486683.7934292176,748744.297598392,688844.7537905207,-59899.54380787129,59899.54380787129,7.99999999999999
2026-09-15,15,2026-09-01,True,BOGOTA,42607430.69,441189.24125,192239320.85000002,124955558.55,367.706,375010.86,66178.39,85.0,15.0,Cubierta (85.0% Contratos / 15.0% Bolsa),1323.5677237500001,486683.7934292176,748744.297598392,688844.7537905207,-59899.54380787129,59899.54380787129,7.99999999999999
2026-09-15,15,2026-09-01,True,CARIBE_MAR,33816543.84,441189.24125,192239320.85000002,124955558.55,367.706,375010.86,66178.39,85.0,15.0,Cubierta (85.0% Contratos / 15.0% Bolsa),1323.5677237500001,486683.7934292176,748744.297598392,688844.7537905207,-59899.54380787129,59899.54380787129,7.99999999999999
2026-09-15,15,2026-09-01,True,CARIBE_SOL,26145675.4,441189.24125,192239320.85000002,124955558.55,367.706,375010.86,66178.39,85.0,15.0,Cubierta (85.0% Contratos / 15.0% Bolsa),1323.5677237500001,486683.7934292176,748744.297598392,688844.7537905207,-59899.54380787129,59899.54380787129,7.99999999999999
2026-09-15,15,2026-09-01,True,VALLE,21900607.86,441189.24125,192239320.85000002,124955558.55,367.706,375010.86,66178.39,85.0,15.0,Cubierta (85.0% Contratos / 15.0% Bolsa),1323.5677237500001,486683.7934292176,748744.297598392,688844.7537905207,-59899.54380787129,59899.54380787129,7.99999999999999
2026-09-15,15,2026-09-01,True,SANTANDER,16862899.19,441189.24125,192239320.85000002,124955558.55,367.706,375010.86,66178.39,85.0,15.0,Cubierta (85.0% Contratos / 15.0% Bolsa),1323.5677237500001,486683.7934292176,748744.297598392,688844.7537905207,-59899.54380787129,59899.54380787129,7.99999999999999
2026-09-15,15,2026-09-01,True,CUNDINAMARCA,10801741.91,441189.24125,192239320.85000002,124955558.55,367.706,375010.86,66178.39,85.0,15.0,Cubierta (85.0% Contratos / 15.0% Bolsa),1323.5677237500001,486683.7934292176,748744.297598392,688844.7537905207,-59899.54380787129,59899.54380787129,7.99999999999999
2026-09-15,15,2026-09-01,True,TOLIMA,9216301.52,441189.24125,192239320.85000002,124955558.55,367.706,375010.86,66178.39,85.0,15.0,Cubierta (85.0% Contratos / 15.0% Bolsa),1323.5677237500001,486683.7934292176,748744.297598392,688844.7537905207,-59899.54380787129,59899.54380787129,7.99999999999999
2026-09-16,16,2026-09-01,True,ANTIOQUIA,30226020.68,441070.57375,192187613.63999996,124921948.87,367.3546,374909.99,66160.59,85.0,15.0,Cubierta (85.0% Contratos / 15.0% Bolsa),1323.21172125,486087.91257510526,747827.5577839086,688001.3531611959,-59826.204622712685,59826.204622712685,8.0
2026-09-16,16,2026-09-01,True,BOGOTA,42318365.89,441070.57375,192187613.63999996,124921948.87,367.3546,374909.99,66160.59,85.0,15.0,Cubierta (85.0% Contratos / 15.0% Bolsa),1323.21172125,486087.91257510526,747827.5577839086,688001.3531611959,-59826.204622712685,59826.204622712685,8.0
2026-09-16,16,2026-09-01,True,CARIBE_MAR,33997421.06,441070.57375,192187613.63999996,124921948.87,367.3546,374909.99,66160.59,85.0,15.0,Cubierta (85.0% Contratos / 15.0% Bolsa),1323.21172125,486087.91257510526,747827.5577839086,688001.3531611959,-59826.204622712685,59826.204622712685,8.0
2026-09-16,16,2026-09-01,True,CARIBE_SOL,26663474.04,441070.57375,192187613.63999996,124921948.87,367.3546,374909.99,66160.59,85.0,15.0,Cubierta (85.0% Contratos / 15.0% Bolsa),1323.21172125,486087.91257510526,747827.5577839086,688001.3531611959,-59826.204622712685,59826.204622712685,8.0
2026-09-16,16,2026-09-01,True,VALLE,21847395.95,441070.57375,192187613.63999996,124921948.87,367.3546,374909.99,66160.59,85.0,15.0,Cubierta (85.0% Contratos / 15.0% Bolsa),1323.21172125,486087.91257510526,747827.5577839086,688001.3531611959,-59826.204622712685,59826.204622712685,8.0
2026-09-16,16,2026-09-01,True,SANTANDER,16982057.23,441070.57375,192187613.63999996,124921948.87,367.3546,374909.99,66160.59,85.0,15.0,Cubierta (85.0% Contratos / 15.0% Bolsa),1323.21172125,486087.91257510526,747827.5577839086,688001.3531611959,-59826.204622712685,59826.204622712685,8.0
2026-09-16,16,2026-09-01,True,CUNDINAMARCA,10983990.59,441070.57375,192187613.63999996,124921948.87,367.3546,374909.99,66160.59,85.0,15.0,Cubierta (85.0% Contratos / 15.0% Bolsa),1323.21172125,486087.91257510526,747827.5577839086,688001.3531611959,-59826.204622712685,59826.204622712685,8.0
2026-09-16,16,2026-09-01,True,TOLIMA,9168888.2,441070.57375,192187613.63999996,124921948.87,367.3546,374909.99,66160.59,85.0,15.0,Cubierta (85.0% Contratos / 15.0% Bolsa),1323.21172125,486087.91257510526,747827.5577839086,688001.3531611959,-59826.204622712685,59826.204622712685,8.0
2026-09-17,17,2026-09-01,True,ANTIOQUIA,30247650.5,442379.37125,192757896.15,125292632.5,366.9694,376022.47,66356.91,85.0,15.0,Cubierta (85.0% Contratos / 15.0% Bolsa),1327.13811375,487019.07731996925,749260.1189388487,689319.3094237408,-59940.80951510789,59940.80951510789,7.999999999999999
2026-09-17,17,2026-09-01,True,BOGOTA,42619372.13,442379.37125,192757896.15,125292632.5,366.9694,376022.47,66356.91,85.0,15.0,Cubierta (85.0% Contratos / 15.0% Bolsa),1327.13811375,487019.07731996925,749260.1189388487,689319.3094237408,-59940.80951510789,59940.80951510789,7.999999999999999
2026-09-17,17,2026-09-01,True,CARIBE_MAR,34103918.0,442379.37125,192757896.15,125292632.5,366.9694,376022.47,66356.91,85.0,15.0,Cubierta (85.0% Contratos / 15.0% Bolsa),1327.13811375,487019.07731996925,749260.1189388487,689319.3094237408,-59940.80951510789,59940.80951510789,7.999999999999999
2026-09-17,17,2026-09-01,True,CARIBE_SOL,26600338.13,442379.37125,192757896.15,125292632.5,366.9694,376022.47,66356.91,85.0,15.0,Cubierta (85.0% Contratos / 15.0% Bolsa),1327.13811375,487019.07731996925,749260.1189388487,689319.3094237408,-59940.80951510789,59940.80951510789,7.999999999999999
2026-09-17,17,2026-09-01,True,VALLE,21903955.1,442379.37125,192757896.15,125292632.5,366.9694,376022.47,66356.91,85.0,15.0,Cubierta (85.0% Contratos / 15.0% Bolsa),1327.13811375,487019.07731996925,749260.1189388487,689319.3094237408,-59940.80951510789,59940.80951510789,7.999999999999999
2026-09-17,17,2026-09-01,True,SANTANDER,17209726.59,442379.37125,192757896.15,125292632.5,366.9694,376022.47,66356.91,85.0,15.0,Cubierta (85.0% Contratos / 15.0% Bolsa),1327.13811375,487019.07731996925,749260.1189388487,689319.3094237408,-59940.80951510789,59940.80951510789,7.999999999999999
2026-09-17,17,2026-09-01,True,CUNDINAMARCA,11067080.4,442379.37125,192757896.15,125292632.5,366.9694,376022.47,66356.91,85.0,15.0,Cubierta (85.0% Contratos / 15.0% Bolsa),1327.13811375,487019.07731996925,749260.1189388487,689319.3094237408,-59940.80951510789,59940.80951510789,7.999999999999999
2026-09-17,17,2026-09-01,True,TOLIMA,9005855.3,442379.37125,192757896.15,125292632.5,366.9694,376022.47,66356.91,85.0,15.0,Cubierta (85.0% Contratos / 15.0% Bolsa),1327.13811375,487019.07731996925,749260.1189388487,689319.3094237408,-59940.80951510789,59940.80951510789,7.999999999999999
2026-09-18,18,2026-09-01,True,ANTIOQUIA,30224077.75,443147.9875,193092804.94,125510323.21,366.5614,376675.79,66472.2,85.0,15.0,Cubierta (85.0% Contratos / 15.0% Bolsa),1329.4439625,487322.8401155475,749727.4463375849,689749.2506305781,-59978.19570700673,59978.19570700673,7.999999999999992
2026-09-18,18,2026-09-01,True,BOGOTA,42765247.22,443147.9875,193092804.94,125510323.21,366.5614,376675.79,66472.2,85.0,15.0,Cubierta (85.0% Contratos / 15.0% Bolsa),1329.4439625,487322.8401155475,749727.4463375849,689749.2506305781,-59978.19570700673,59978.19570700673,7.999999999999992
2026-09-18,18,2026-09-01,True,CARIBE_MAR,34122557.5,443147.9875,193092804.94,125510323.21,366.5614,376675.79,66472.2,85.0,15.0,Cubierta (85.0% Contratos / 15.0% Bolsa),1329.4439625,487322.8401155475,749727.4463375849,689749.2506305781,-59978.19570700673,59978.19570700673,7.999999999999992
2026-09-18,18,2026-09-01,True,CARIBE_SOL,26912333.14,443147.9875,193092804.94,125510323.21,366.5614,376675.79,66472.2,85.0,15.0,Cubierta (85.0% Contratos / 15.0% Bolsa),1329.4439625,487322.8401155475,749727.4463375849,689749.2506305781,-59978.19570700673,59978.19570700673,7.999999999999992
2026-09-18,18,2026-09-01,True,VALLE,22033753.32,443147.9875,193092804.94,125510323.21,366.5614,376675.79,66472.2,85.0,15.0,Cubierta (85.0% Contratos / 15.0% Bolsa),1329.4439625,487322.8401155475,749727.4463375849,689749.2506305781,-59978.19570700673,59978.19570700673,7.999999999999992
2026-09-18,18,2026-09-01,True,SANTANDER,16892338.41,443147.9875,193092804.94,125510323.21,366.5614,376675.79,66472.2,85.0,15.0,Cubierta (85.0% Contratos / 15.0% Bolsa),1329.4439625,487322.8401155475,749727.4463375849,689749.2506305781,-59978.19570700673,59978.19570700673,7.999999999999992
2026-09-18,18,2026-09-01,True,CUNDINAMARCA,10944349.84,443147.9875,193092804.94,125510323.21,366.5614,376675.79,66472.2,85.0,15.0,Cubierta (85.0% Contratos / 15.0% Bolsa),1329.4439625,487322.8401155475,749727.4463375849,689749.2506305781,-59978.19570700673,59978.19570700673,7.999999999999992
2026-09-18,18,2026-09-01,True,TOLIMA,9198147.76,443147.9875,193092804.94,125510323.21,366.5614,376675.79,66472.2,85.0,15.0,Cubierta (85.0% Contratos / 15.0% Bolsa),1329.4439625,487322.8401155475,749727.4463375849,689749.2506305781,-59978.19570700673,59978.19570700673,7.999999999999992
2026-09-19,19,2026-09-01,True,ANTIOQUIA,25805497.63,314741.815,162657268.91,105727224.79,366.1418,267530.54,47211.27,85.0,15.0,Cubierta (85.0% Contratos / 15.0% Bolsa),944.225445,345720.404038101,531877.5446815474,489327.34110702365,-42550.203574523795,42550.203574523795,8.0
2026-09-19,19,2026-09-01,True,BOGOTA,35895221.15,314741.815,162657268.91,105727224.79,366.1418,267530.54,47211.27,85.0,15.0,Cubierta (85.0% Contratos / 15.0% Bolsa),944.225445,345720.404038101,531877.5446815474,489327.34110702365,-42550.203574523795,42550.203574523795,8.0
2026-09-19,19,2026-09-01,True,CARIBE_MAR,28567996.27,314741.815,162657268.91,105727224.79,366.1418,267530.54,47211.27,85.0,15.0,Cubierta (85.0% Contratos / 15.0% Bolsa),944.225445,345720.404038101,531877.5446815474,489327.34110702365,-42550.203574523795,42550.203574523795,8.0
2026-09-19,19,2026-09-01,True,CARIBE_SOL,22836167.66,314741.815,162657268.91,105727224.79,366.1418,267530.54,47211.27,85.0,15.0,Cubierta (85.0% Contratos / 15.0% Bolsa),944.225445,345720.404038101,531877.5446815474,489327.34110702365,-42550.203574523795,42550.203574523795,8.0
2026-09-19,19,2026-09-01,True,VALLE,18448666.06,314741.815,162657268.91,105727224.79,366.1418,267530.54,47211.27,85.0,15.0,Cubierta (85.0% Contratos / 15.0% Bolsa),944.225445,345720.404038101,531877.5446815474,489327.34110702365,-42550.203574523795,42550.203574523795,8.0
2026-09-19,19,2026-09-01,True,SANTANDER,14214552.92,314741.815,162657268.91,105727224.79,366.1418,267530.54,47211.27,85.0,15.0,Cubierta (85.0% Contratos / 15.0% Bolsa),944.225445,345720.404038101,531877.5446815474,489327.34110702365,-42550.203574523795,42550.203574523795,8.0
2026-09-19,19,2026-09-01,True,CUNDINAMARCA,9182315.21,314741.815,162657268.91,105727224.79,366.1418,267530.54,47211.27,85.0,15.0,Cubierta (85.0% Contratos / 15.0% Bolsa),944.225445,345720.404038101,531877.5446815474,489327.34110702365,-42550.203574523795,42550.203574523795,8.0
2026-09-19,19,2026-09-01,True,TOLIMA,7706852.01,314741.815,162657268.91,105727224.79,366.1418,267530.54,47211.27,85.0,15.0,Cubierta (85.0% Contratos / 15.0% Bolsa),944.225445,345720.404038101,531877.5446815474,489327.34110702365,-42550.203574523795,42550.203574523795,8.0
2026-09-20,20,2026-09-01,True,ANTIOQUIA,25383181.02,312987.41875,161750604.10000002,105137892.67,365.7224,266039.31,46948.11,85.0,15.0,Cubierta (85.0% Contratos / 15.0% Bolsa),938.9622562500001,343399.529865165,528306.9689982063,486042.4114783498,-42264.55751985649,42264.55751985649,7.999999999999997
2026-09-20,20,2026-09-01,True,BOGOTA,35764807.93,312987.41875,161750604.10000002,105137892.67,365.7224,266039.31,46948.11,85.0,15.0,Cubierta (85.0% Contratos / 15.0% Bolsa),938.9622562500001,343399.529865165,528306.9689982063,486042.4114783498,-42264.55751985649,42264.55751985649,7.999999999999997
2026-09-20,20,2026-09-01,True,CARIBE_MAR,28276113.78,312987.41875,161750604.10000002,105137892.67,365.7224,266039.31,46948.11,85.0,15.0,Cubierta (85.0% Contratos / 15.0% Bolsa),938.9622562500001,343399.529865165,528306.9689982063,486042.4114783498,-42264.55751985649,42264.55751985649,7.999999999999997
2026-09-20,20,2026-09-01,True,CARIBE_SOL,22390190.57,312987.41875,161750604.10000002,105137892.67,365.7224,266039.31,46948.11,85.0,15.0,Cubierta (85.0% Contratos / 15.0% Bolsa),938.9622562500001,343399.529865165,528306.9689982063,486042.4114783498,-42264.55751985649,42264.55751985649,7.999999999999997
2026-09-20,20,2026-09-01,True,VALLE,18599582.7,312987.41875,161750604.10000002,105137892.67,365.7224,266039.31,46948.11,85.0,15.0,Cubierta (85.0% Contratos / 15.0% Bolsa),938.9622562500001,343399.529865165,528306.9689982063,486042.4114783498,-42264.55751985649,42264.55751985649,7.999999999999997
2026-09-20,20,2026-09-01,True,SANTANDER,14495241.69,312987.41875,161750604.10000002,105137892.67,365.7224,266039.31,46948.11,85.0,15.0,Cubierta (85.0% Contratos / 15.0% Bolsa),938.9622562500001,343399.529865165,528306.9689982063,486042.4114783498,-42264.55751985649,42264.55751985649,7.999999999999997
2026-09-20,20,2026-09-01,True,CUNDINAMARCA,9103387.41,312987.41875,161750604.10000002,105137892.67,365.7224,266039.31,46948.11,85.0,15.0,Cubierta (85.0% Contratos / 15.0% Bolsa),938.9622562500001,343399.529865165,528306.9689982063,486042.4114783498,-42264.55751985649,42264.55751985649,7.999999999999997
2026-09-20,20,2026-09-01,True,TOLIMA,7738099.0,312987.41875,161750604.10000002,105137892.67,365.7224,266039.31,46948.11,85.0,15.0,Cubierta (85.0% Contratos / 15.0% Bolsa),938.9622562500001,343399.529865165,528306.9689982063,486042.4114783498,-42264.55751985649,42264.55751985649,7.999999999999997
2026-09-21,21,2026-09-01,True,ANTIOQUIA,30492646.65,440849.895,192091457.77000004,124859447.55,365.3147,374722.41,66127.48,85.0,15.0,Cubierta (85.0% Contratos / 15.0% Bolsa),1322.5496850000002,483146.8414108696,743302.8329427761,683838.606307354,-59464.22663542209,59464.22663542209,8.0
2026-09-21,21,2026-09-01,True,BOGOTA,41941076.34,440849.895,192091457.77000004,124859447.55,365.3147,374722.41,66127.48,85.0,15.0,Cubierta (85.0% Contratos / 15.0% Bolsa),1322.5496850000002,483146.8414108696,743302.8329427761,683838.606307354,-59464.22663542209,59464.22663542209,8.0
2026-09-21,21,2026-09-01,True,CARIBE_MAR,33826098.12,440849.895,192091457.77000004,124859447.55,365.3147,374722.41,66127.48,85.0,15.0,Cubierta (85.0% Contratos / 15.0% Bolsa),1322.5496850000002,483146.8414108696,743302.8329427761,683838.606307354,-59464.22663542209,59464.22663542209,8.0
2026-09-21,21,2026-09-01,True,CARIBE_SOL,26813663.89,440849.895,192091457.77000004,124859447.55,365.3147,374722.41,66127.48,85.0,15.0,Cubierta (85.0% Contratos / 15.0% Bolsa),1322.5496850000002,483146.8414108696,743302.8329427761,683838.606307354,-59464.22663542209,59464.22663542209,8.0
2026-09-21,21,2026-09-01,True,VALLE,22220852.54,440849.895,192091457.77000004,124859447.55,365.3147,374722.41,66127.48,85.0,15.0,Cubierta (85.0% Contratos / 15.0% Bolsa),1322.5496850000002,483146.8414108696,743302.8329427761,683838.606307354,-59464.22663542209,59464.22663542209,8.0
2026-09-21,21,2026-09-01,True,SANTANDER,16740962.8,440849.895,192091457.77000004,124859447.55,365.3147,374722.41,66127.48,85.0,15.0,Cubierta (85.0% Contratos / 15.0% Bolsa),1322.5496850000002,483146.8414108696,743302.8329427761,683838.606307354,-59464.22663542209,59464.22663542209,8.0
2026-09-21,21,2026-09-01,True,CUNDINAMARCA,10853251.1,440849.895,192091457.77000004,124859447.55,365.3147,374722.41,66127.48,85.0,15.0,Cubierta (85.0% Contratos / 15.0% Bolsa),1322.5496850000002,483146.8414108696,743302.8329427761,683838.606307354,-59464.22663542209,59464.22663542209,8.0
2026-09-21,21,2026-09-01,True,TOLIMA,9202906.33,440849.895,192091457.77000004,124859447.55,365.3147,374722.41,66127.48,85.0,15.0,Cubierta (85.0% Contratos / 15.0% Bolsa),1322.5496850000002,483146.8414108696,743302.8329427761,683838.606307354,-59464.22663542209,59464.22663542209,8.0
2026-09-22,22,2026-09-01,True,ANTIOQUIA,30092137.87,441010.835,192161583.85999998,124905029.51,364.93,374859.21,66151.63,85.0,15.0,Cubierta (85.0% Contratos / 15.0% Bolsa),1323.0325050000001,482814.25204965007,742791.1569935146,683367.8644340335,-59423.29255948111,59423.29255948111,7.999999999999992
2026-09-22,22,2026-09-01,True,BOGOTA,41814241.03,441010.835,192161583.85999998,124905029.51,364.93,374859.21,66151.63,85.0,15.0,Cubierta (85.0% Contratos / 15.0% Bolsa),1323.0325050000001,482814.25204965007,742791.1569935146,683367.8644340335,-59423.29255948111,59423.29255948111,7.999999999999992
2026-09-22,22,2026-09-01,True,CARIBE_MAR,34415416.23,441010.835,192161583.85999998,124905029.51,364.93,374859.21,66151.63,85.0,15.0,Cubierta (85.0% Contratos / 15.0% Bolsa),1323.0325050000001,482814.25204965007,742791.1569935146,683367.8644340335,-59423.29255948111,59423.29255948111,7.999999999999992
2026-09-22,22,2026-09-01,True,CARIBE_SOL,26686586.05,441010.835,192161583.85999998,124905029.51,364.93,374859.21,66151.63,85.0,15.0,Cubierta (85.0% Contratos / 15.0% Bolsa),1323.0325050000001,482814.25204965007,742791.1569935146,683367.8644340335,-59423.29255948111,59423.29255948111,7.999999999999992
2026-09-22,22,2026-09-01,True,VALLE,22184583.3,441010.835,192161583.85999998,124905029.51,364.93,374859.21,66151.63,85.0,15.0,Cubierta (85.0% Contratos / 15.0% Bolsa),1323.0325050000001,482814.25204965007,742791.1569935146,683367.8644340335,-59423.29255948111,59423.29255948111,7.999999999999992
2026-09-22,22,2026-09-01,True,SANTANDER,16888109.78,441010.835,192161583.85999998,124905029.51,364.93,374859.21,66151.63,85.0,15.0,Cubierta (85.0% Contratos / 15.0% Bolsa),1323.0325050000001,482814.25204965007,742791.1569935146,683367.8644340335,-59423.29255948111,59423.29255948111,7.999999999999992
2026-09-22,22,2026-09-01,True,CUNDINAMARCA,10944090.32,441010.835,192161583.85999998,124905029.51,364.93,374859.21,66151.63,85.0,15.0,Cubierta (85.0% Contratos / 15.0% Bolsa),1323.0325050000001,482814.25204965007,742791.1569935146,683367.8644340335,-59423.29255948111,59423.29255948111,7.999999999999992
2026-09-22,22,2026-09-01,True,TOLIMA,9136419.28,441010.835,192161583.85999998,124905029.51,364.93,374859.21,66151.63,85.0,15.0,Cubierta (85.0% Contratos / 15.0% Bolsa),1323.0325050000001,482814.25204965007,742791.1569935146,683367.8644340335,-59423.29255948111,59423.29255948111,7.999999999999992
2026-09-23,23,2026-09-01,True,ANTIOQUIA,30284748.29,444092.7525,193504467.2,125777903.68,364.5793,377478.84,66613.91,85.0,15.0,Cubierta (85.0% Contratos / 15.0% Bolsa),1332.2782575,485721.0745245698,747263.1915762611,687482.1362501602,-59781.055326100904,59781.055326100904,8.000000000000004
2026-09-23,23,2026-09-01,True,BOGOTA,42878096.65,444092.7525,193504467.2,125777903.68,364.5793,377478.84,66613.91,85.0,15.0,Cubierta (85.0% Contratos / 15.0% Bolsa),1332.2782575,485721.0745245698,747263.1915762611,687482.1362501602,-59781.055326100904,59781.055326100904,8.000000000000004
2026-09-23,23,2026-09-01,True,CARIBE_MAR,34145146.94,444092.7525,193504467.2,125777903.68,364.5793,377478.84,66613.91,85.0,15.0,Cubierta (85.0% Contratos / 15.0% Bolsa),1332.2782575,485721.0745245698,747263.1915762611,687482.1362501602,-59781.055326100904,59781.055326100904,8.000000000000004
2026-09-23,23,2026-09-01,True,CARIBE_SOL,26713392.9,444092.7525,193504467.2,125777903.68,364.5793,377478.84,66613.91,85.0,15.0,Cubierta (85.0% Contratos / 15.0% Bolsa),1332.2782575,485721.0745245698,747263.1915762611,687482.1362501602,-59781.055326100904,59781.055326100904,8.000000000000004
2026-09-23,23,2026-09-01,True,VALLE,22247707.23,444092.7525,193504467.2,125777903.68,364.5793,377478.84,66613.91,85.0,15.0,Cubierta (85.0% Contratos / 15.0% Bolsa),1332.2782575,485721.0745245698,747263.1915762611,687482.1362501602,-59781.055326100904,59781.055326100904,8.000000000000004
2026-09-23,23,2026-09-01,True,SANTANDER,17267565.88,444092.7525,193504467.2,125777903.68,364.5793,377478.84,66613.91,85.0,15.0,Cubierta (85.0% Contratos / 15.0% Bolsa),1332.2782575,485721.0745245698,747263.1915762611,687482.1362501602,-59781.055326100904,59781.055326100904,8.000000000000004
2026-09-23,23,2026-09-01,True,CUNDINAMARCA,10883062.9,444092.7525,193504467.2,125777903.68,364.5793,377478.84,66613.91,85.0,15.0,Cubierta (85.0% Contratos / 15.0% Bolsa),1332.2782575,485721.0745245698,747263.1915762611,687482.1362501602,-59781.055326100904,59781.055326100904,8.000000000000004
2026-09-23,23,2026-09-01,True,TOLIMA,9084746.41,444092.7525,193504467.2,125777903.68,364.5793,377478.84,66613.91,85.0,15.0,Cubierta (85.0% Contratos / 15.0% Bolsa),1332.2782575,485721.0745245698,747263.1915762611,687482.1362501602,-59781.055326100904,59781.055326100904,8.000000000000004
2026-09-24,24,2026-09-01,True,ANTIOQUIA,30657151.09,445729.92375,194217831.48000002,126241590.46,364.2728,378870.44,66859.49,85.0,15.0,Cubierta (85.0% Contratos / 15.0% Bolsa),1337.1897712500001,487101.8621045971,749387.4801727908,689436.4817589676,-59950.998413823196,59950.998413823196,7.99999999999999
2026-09-24,24,2026-09-01,True,BOGOTA,42566967.05,445729.92375,194217831.48000002,126241590.46,364.2728,378870.44,66859.49,85.0,15.0,Cubierta (85.0% Contratos / 15.0% Bolsa),1337.1897712500001,487101.8621045971,749387.4801727908,689436.4817589676,-59950.998413823196,59950.998413823196,7.99999999999999
2026-09-24,24,2026-09-01,True,CARIBE_MAR,34676430.42,445729.92375,194217831.48000002,126241590.46,364.2728,378870.44,66859.49,85.0,15.0,Cubierta (85.0% Contratos / 15.0% Bolsa),1337.1897712500001,487101.8621045971,749387.4801727908,689436.4817589676,-59950.998413823196,59950.998413823196,7.99999999999999
2026-09-24,24,2026-09-01,True,CARIBE_SOL,27414211.86,445729.92375,194217831.48000002,126241590.46,364.2728,378870.44,66859.49,85.0,15.0,Cubierta (85.0% Contratos / 15.0% Bolsa),1337.1897712500001,487101.8621045971,749387.4801727908,689436.4817589676,-59950.998413823196,59950.998413823196,7.99999999999999
2026-09-24,24,2026-09-01,True,VALLE,21830346.57,445729.92375,194217831.48000002,126241590.46,364.2728,378870.44,66859.49,85.0,15.0,Cubierta (85.0% Contratos / 15.0% Bolsa),1337.1897712500001,487101.8621045971,749387.4801727908,689436.4817589676,-59950.998413823196,59950.998413823196,7.99999999999999
2026-09-24,24,2026-09-01,True,SANTANDER,17125114.12,445729.92375,194217831.48000002,126241590.46,364.2728,378870.44,66859.49,85.0,15.0,Cubierta (85.0% Contratos / 15.0% Bolsa),1337.1897712500001,487101.8621045971,749387.4801727908,689436.4817589676,-59950.998413823196,59950.998413823196,7.99999999999999
2026-09-24,24,2026-09-01,True,CUNDINAMARCA,10864199.97,445729.92375,194217831.48000002,126241590.46,364.2728,378870.44,66859.49,85.0,15.0,Cubierta (85.0% Contratos / 15.0% Bolsa),1337.1897712500001,487101.8621045971,749387.4801727908,689436.4817589676,-59950.998413823196,59950.998413823196,7.99999999999999
2026-09-24,24,2026-09-01,True,TOLIMA,9083410.4,445729.92375,194217831.48000002,126241590.46,364.2728,378870.44,66859.49,85.0,15.0,Cubierta (85.0% Contratos / 15.0% Bolsa),1337.1897712500001,487101.8621045971,749387.4801727908,689436.4817589676,-59950.998413823196,59950.998413823196,7.99999999999999
2026-09-25,25,2026-09-01,True,ANTIOQUIA,30507952.59,444169.24375,193537796.79,125799567.91,364.0197,377543.86,66625.39,85.0,15.0,Cubierta (85.0% Contratos / 15.0% Bolsa),1332.50773125,485059.06457730563,746244.7147550785,686545.1375746722,-59699.57718040631,59699.57718040631,8.000000000000004
2026-09-25,25,2026-09-01,True,BOGOTA,42158529.19,444169.24375,193537796.79,125799567.91,364.0197,377543.86,66625.39,85.0,15.0,Cubierta (85.0% Contratos / 15.0% Bolsa),1332.50773125,485059.06457730563,746244.7147550785,686545.1375746722,-59699.57718040631,59699.57718040631,8.000000000000004
2026-09-25,25,2026-09-01,True,CARIBE_MAR,34598294.7,444169.24375,193537796.79,125799567.91,364.0197,377543.86,66625.39,85.0,15.0,Cubierta (85.0% Contratos / 15.0% Bolsa),1332.50773125,485059.06457730563,746244.7147550785,686545.1375746722,-59699.57718040631,59699.57718040631,8.000000000000004
2026-09-25,25,2026-09-01,True,CARIBE_SOL,27009991.13,444169.24375,193537796.79,125799567.91,364.0197,377543.86,66625.39,85.0,15.0,Cubierta (85.0% Contratos / 15.0% Bolsa),1332.50773125,485059.06457730563,746244.7147550785,686545.1375746722,-59699.57718040631,59699.57718040631,8.000000000000004
2026-09-25,25,2026-09-01,True,VALLE,21772729.71,444169.24375,193537796.79,125799567.91,364.0197,377543.86,66625.39,85.0,15.0,Cubierta (85.0% Contratos / 15.0% Bolsa),1332.50773125,485059.06457730563,746244.7147550785,686545.1375746722,-59699.57718040631,59699.57718040631,8.000000000000004
2026-09-25,25,2026-09-01,True,SANTANDER,17172360.73,444169.24375,193537796.79,125799567.91,364.0197,377543.86,66625.39,85.0,15.0,Cubierta (85.0% Contratos / 15.0% Bolsa),1332.50773125,485059.06457730563,746244.7147550785,686545.1375746722,-59699.57718040631,59699.57718040631,8.000000000000004
2026-09-25,25,2026-09-01,True,CUNDINAMARCA,11080353.54,444169.24375,193537796.79,125799567.91,364.0197,377543.86,66625.39,85.0,15.0,Cubierta (85.0% Contratos / 15.0% Bolsa),1332.50773125,485059.06457730563,746244.7147550785,686545.1375746722,-59699.57718040631,59699.57718040631,8.000000000000004
2026-09-25,25,2026-09-01,True,TOLIMA,9237585.2,444169.24375,193537796.79,125799567.91,364.0197,377543.86,66625.39,85.0,15.0,Cubierta (85.0% Contratos / 15.0% Bolsa),1332.50773125,485059.06457730563,746244.7147550785,686545.1375746722,-59699.57718040631,59699.57718040631,8.000000000000004
2026-09-26,26,2026-09-01,True,ANTIOQUIA,25569086.91,314792.26875,162683343.1,105744173.02,363.8283,267573.43,47218.84,85.0,15.0,Cubierta (85.0% Contratos / 15.0% Bolsa),944.37680625,343591.00797736685,528601.5507094162,486313.42665266286,-42288.124056753295,42288.124056753295,8.0
2026-09-26,26,2026-09-01,True,BOGOTA,35707689.2,314792.26875,162683343.1,105744173.02,363.8283,267573.43,47218.84,85.0,15.0,Cubierta (85.0% Contratos / 15.0% Bolsa),944.37680625,343591.00797736685,528601.5507094162,486313.42665266286,-42288.124056753295,42288.124056753295,8.0
2026-09-26,26,2026-09-01,True,CARIBE_MAR,28854102.65,314792.26875,162683343.1,105744173.02,363.8283,267573.43,47218.84,85.0,15.0,Cubierta (85.0% Contratos / 15.0% Bolsa),944.37680625,343591.00797736685,528601.5507094162,486313.42665266286,-42288.124056753295,42288.124056753295,8.0
2026-09-26,26,2026-09-01,True,CARIBE_SOL,22703097.31,314792.26875,162683343.1,105744173.02,363.8283,267573.43,47218.84,85.0,15.0,Cubierta (85.0% Contratos / 15.0% Bolsa),944.37680625,343591.00797736685,528601.5507094162,486313.42665266286,-42288.124056753295,42288.124056753295,8.0
2026-09-26,26,2026-09-01,True,VALLE,18538165.01,314792.26875,162683343.1,105744173.02,363.8283,267573.43,47218.84,85.0,15.0,Cubierta (85.0% Contratos / 15.0% Bolsa),944.37680625,343591.00797736685,528601.5507094162,486313.42665266286,-42288.124056753295,42288.124056753295,8.0
2026-09-26,26,2026-09-01,True,SANTANDER,14345382.54,314792.26875,162683343.1,105744173.02,363.8283,267573.43,47218.84,85.0,15.0,Cubierta (85.0% Contratos / 15.0% Bolsa),944.37680625,343591.00797736685,528601.5507094162,486313.42665266286,-42288.124056753295,42288.124056753295,8.0
2026-09-26,26,2026-09-01,True,CUNDINAMARCA,9292663.66,314792.26875,162683343.1,105744173.02,363.8283,267573.43,47218.84,85.0,15.0,Cubierta (85.0% Contratos / 15.0% Bolsa),944.37680625,343591.00797736685,528601.5507094162,486313.42665266286,-42288.124056753295,42288.124056753295,8.0
2026-09-26,26,2026-09-01,True,TOLIMA,7673155.82,314792.26875,162683343.1,105744173.02,363.8283,267573.43,47218.84,85.0,15.0,Cubierta (85.0% Contratos / 15.0% Bolsa),944.37680625,343591.00797736685,528601.5507094162,486313.42665266286,-42288.124056753295,42288.124056753295,8.0
2026-09-27,27,2026-09-01,True,ANTIOQUIA,25201026.92,315249.71375,162919748.60000002,105897836.59,363.7055,267962.26,47287.46,85.0,15.0,Cubierta (85.0% Contratos / 15.0% Bolsa),945.74914125,343974.1642929018,529191.0219890798,486855.74022995343,-42335.281759126345,42335.281759126345,7.999999999999993
2026-09-27,27,2026-09-01,True,BOGOTA,36203299.44,315249.71375,162919748.60000002,105897836.59,363.7055,267962.26,47287.46,85.0,15.0,Cubierta (85.0% Contratos / 15.0% Bolsa),945.74914125,343974.1642929018,529191.0219890798,486855.74022995343,-42335.281759126345,42335.281759126345,7.999999999999993
2026-09-27,27,2026-09-01,True,CARIBE_MAR,29242913.9,315249.71375,162919748.60000002,105897836.59,363.7055,267962.26,47287.46,85.0,15.0,Cubierta (85.0% Contratos / 15.0% Bolsa),945.74914125,343974.1642929018,529191.0219890798,486855.74022995343,-42335.281759126345,42335.281759126345,7.999999999999993
2026-09-27,27,2026-09-01,True,CARIBE_SOL,22475389.31,315249.71375,162919748.60000002,105897836.59,363.7055,267962.26,47287.46,85.0,15.0,Cubierta (85.0% Contratos / 15.0% Bolsa),945.74914125,343974.1642929018,529191.0219890798,486855.74022995343,-42335.281759126345,42335.281759126345,7.999999999999993
2026-09-27,27,2026-09-01,True,VALLE,18587436.65,315249.71375,162919748.60000002,105897836.59,363.7055,267962.26,47287.46,85.0,15.0,Cubierta (85.0% Contratos / 15.0% Bolsa),945.74914125,343974.1642929018,529191.0219890798,486855.74022995343,-42335.281759126345,42335.281759126345,7.999999999999993
2026-09-27,27,2026-09-01,True,SANTANDER,14277300.21,315249.71375,162919748.60000002,105897836.59,363.7055,267962.26,47287.46,85.0,15.0,Cubierta (85.0% Contratos / 15.0% Bolsa),945.74914125,343974.1642929018,529191.0219890798,486855.74022995343,-42335.281759126345,42335.281759126345,7.999999999999993
2026-09-27,27,2026-09-01,True,CUNDINAMARCA,9237098.09,315249.71375,162919748.60000002,105897836.59,363.7055,267962.26,47287.46,85.0,15.0,Cubierta (85.0% Contratos / 15.0% Bolsa),945.74914125,343974.1642929018,529191.0219890798,486855.74022995343,-42335.281759126345,42335.281759126345,7.999999999999993
2026-09-27,27,2026-09-01,True,TOLIMA,7695284.08,315249.71375,162919748.60000002,105897836.59,363.7055,267962.26,47287.46,85.0,15.0,Cubierta (85.0% Contratos / 15.0% Bolsa),945.74914125,343974.1642929018,529191.0219890798,486855.74022995343,-42335.281759126345,42335.281759126345,7.999999999999993
2026-09-28,28,2026-09-01,True,ANTIOQUIA,30696590.5,444651.3375,193747859.56,125936108.71,363.6569,377953.64,66697.7,85.0,15.0,Cubierta (85.0% Contratos / 15.0% Bolsa),1333.9540125,485101.5809283113,746310.1245287989,686605.314566495,-59704.80996230384,59704.80996230384,7.999999999999992
2026-09-28,28,2026-09-01,True,BOGOTA,43185031.35,444651.3375,193747859.56,125936108.71,363.6569,377953.64,66697.7,85.0,15.0,Cubierta (85.0% Contratos / 15.0% Bolsa),1333.9540125,485101.5809283113,746310.1245287989,686605.314566495,-59704.80996230384,59704.80996230384,7.999999999999992
2026-09-28,28,2026-09-01,True,CARIBE_MAR,34075126.4,444651.3375,193747859.56,125936108.71,363.6569,377953.64,66697.7,85.0,15.0,Cubierta (85.0% Contratos / 15.0% Bolsa),1333.9540125,485101.5809283113,746310.1245287989,686605.314566495,-59704.80996230384,59704.80996230384,7.999999999999992
2026-09-28,28,2026-09-01,True,CARIBE_SOL,27043847.52,444651.3375,193747859.56,125936108.71,363.6569,377953.64,66697.7,85.0,15.0,Cubierta (85.0% Contratos / 15.0% Bolsa),1333.9540125,485101.5809283113,746310.1245287989,686605.314566495,-59704.80996230384,59704.80996230384,7.999999999999992
2026-09-28,28,2026-09-01,True,VALLE,21802849.85,444651.3375,193747859.56,125936108.71,363.6569,377953.64,66697.7,85.0,15.0,Cubierta (85.0% Contratos / 15.0% Bolsa),1333.9540125,485101.5809283113,746310.1245287989,686605.314566495,-59704.80996230384,59704.80996230384,7.999999999999992
2026-09-28,28,2026-09-01,True,SANTANDER,16940067.99,444651.3375,193747859.56,125936108.71,363.6569,377953.64,66697.7,85.0,15.0,Cubierta (85.0% Contratos / 15.0% Bolsa),1333.9540125,485101.5809283113,746310.1245287989,686605.314566495,-59704.80996230384,59704.80996230384,7.999999999999992
2026-09-28,28,2026-09-01,True,CUNDINAMARCA,10885917.34,444651.3375,193747859.56,125936108.71,363.6569,377953.64,66697.7,85.0,15.0,Cubierta (85.0% Contratos / 15.0% Bolsa),1333.9540125,485101.5809283113,746310.1245287989,686605.314566495,-59704.80996230384,59704.80996230384,7.999999999999992
2026-09-28,28,2026-09-01,True,TOLIMA,9118428.61,444651.3375,193747859.56,125936108.71,363.6569,377953.64,66697.7,85.0,15.0,Cubierta (85.0% Contratos / 15.0% Bolsa),1333.9540125,485101.5809283113,746310.1245287989,686605.314566495,-59704.80996230384,59704.80996230384,7.999999999999992
2026-09-29,29,2026-09-01,True,ANTIOQUIA,30537454.58,444577.29375,193715596.42999998,125915137.68,363.6866,377890.7,66686.59,85.0,15.0,Cubierta (85.0% Contratos / 15.0% Bolsa),1333.73188125,485060.4132034163,746246.789540754,686547.0463774938,-59699.74316326028,59699.74316326028,7.999999999999995
2026-09-29,29,2026-09-01,True,BOGOTA,42754635.46,444577.29375,193715596.42999998,125915137.68,363.6866,377890.7,66686.59,85.0,15.0,Cubierta (85.0% Contratos / 15.0% Bolsa),1333.73188125,485060.4132034163,746246.789540754,686547.0463774938,-59699.74316326028,59699.74316326028,7.999999999999995
2026-09-29,29,2026-09-01,True,CARIBE_MAR,34285182.54,444577.29375,193715596.42999998,125915137.68,363.6866,377890.7,66686.59,85.0,15.0,Cubierta (85.0% Contratos / 15.0% Bolsa),1333.73188125,485060.4132034163,746246.789540754,686547.0463774938,-59699.74316326028,59699.74316326028,7.999999999999995
2026-09-29,29,2026-09-01,True,CARIBE_SOL,26868224.51,444577.29375,193715596.42999998,125915137.68,363.6866,377890.7,66686.59,85.0,15.0,Cubierta (85.0% Contratos / 15.0% Bolsa),1333.73188125,485060.4132034163,746246.789540754,686547.0463774938,-59699.74316326028,59699.74316326028,7.999999999999995
2026-09-29,29,2026-09-01,True,VALLE,21890117.62,444577.29375,193715596.42999998,125915137.68,363.6866,377890.7,66686.59,85.0,15.0,Cubierta (85.0% Contratos / 15.0% Bolsa),1333.73188125,485060.4132034163,746246.789540754,686547.0463774938,-59699.74316326028,59699.74316326028,7.999999999999995
2026-09-29,29,2026-09-01,True,SANTANDER,17141390.65,444577.29375,193715596.42999998,125915137.68,363.6866,377890.7,66686.59,85.0,15.0,Cubierta (85.0% Contratos / 15.0% Bolsa),1333.73188125,485060.4132034163,746246.789540754,686547.0463774938,-59699.74316326028,59699.74316326028,7.999999999999995
2026-09-29,29,2026-09-01,True,CUNDINAMARCA,11051519.17,444577.29375,193715596.42999998,125915137.68,363.6866,377890.7,66686.59,85.0,15.0,Cubierta (85.0% Contratos / 15.0% Bolsa),1333.73188125,485060.4132034163,746246.789540754,686547.0463774938,-59699.74316326028,59699.74316326028,7.999999999999995
2026-09-29,29,2026-09-01,True,TOLIMA,9187071.9,444577.29375,193715596.42999998,125915137.68,363.6866,377890.7,66686.59,85.0,15.0,Cubierta (85.0% Contratos / 15.0% Bolsa),1333.73188125,485060.4132034163,746246.789540754,686547.0463774938,-59699.74316326028,59699.74316326028,7.999999999999995
2026-09-30,30,2026-09-01,True,ANTIOQUIA,30613569.21,443708.1075,193336866.12,125668962.98,363.7969,377151.89,66556.22,85.0,15.0,Cubierta (85.0% Contratos / 15.0% Bolsa),1331.1243225,484258.90204010025,745013.6954344513,685412.5997996953,-59601.09563475603,59601.09563475603,7.999999999999989
2026-09-30,30,2026-09-01,True,BOGOTA,42920788.82,443708.1075,193336866.12,125668962.98,363.7969,377151.89,66556.22,85.0,15.0,Cubierta (85.0% Contratos / 15.0% Bolsa),1331.1243225,484258.90204010025,745013.6954344513,685412.5997996953,-59601.09563475603,59601.09563475603,7.999999999999989
2026-09-30,30,2026-09-01,True,CARIBE_MAR,34117722.05,443708.1075,193336866.12,125668962.98,363.7969,377151.89,66556.22,85.0,15.0,Cubierta (85.0% Contratos / 15.0% Bolsa),1331.1243225,484258.90204010025,745013.6954344513,685412.5997996953,-59601.09563475603,59601.09563475603,7.999999999999989
2026-09-30,30,2026-09-01,True,CARIBE_SOL,26561009.68,443708.1075,193336866.12,125668962.98,363.7969,377151.89,66556.22,85.0,15.0,Cubierta (85.0% Contratos / 15.0% Bolsa),1331.1243225,484258.90204010025,745013.6954344513,685412.5997996953,-59601.09563475603,59601.09563475603,7.999999999999989
2026-09-30,30,2026-09-01,True,VALLE,21971900.63,443708.1075,193336866.12,125668962.98,363.7969,377151.89,66556.22,85.0,15.0,Cubierta (85.0% Contratos / 15.0% Bolsa),1331.1243225,484258.90204010025,745013.6954344513,685412.5997996953,-59601.09563475603,59601.09563475603,7.999999999999989
2026-09-30,30,2026-09-01,True,SANTANDER,17066508.05,443708.1075,193336866.12,125668962.98,363.7969,377151.89,66556.22,85.0,15.0,Cubierta (85.0% Contratos / 15.0% Bolsa),1331.1243225,484258.90204010025,745013.6954344513,685412.5997996953,-59601.09563475603,59601.09563475603,7.999999999999989
2026-09-30,30,2026-09-01,True,CUNDINAMARCA,10943799.54,443708.1075,193336866.12,125668962.98,363.7969,377151.89,66556.22,85.0,15.0,Cubierta (85.0% Contratos / 15.0% Bolsa),1331.1243225,484258.90204010025,745013.6954344513,685412.5997996953,-59601.09563475603,59601.09563475603,7.999999999999989
2026-09-30,30,2026-09-01,True,TOLIMA,9141568.14,443708.1075,193336866.12,125668962.98,363.7969,377151.89,66556.22,85.0,15.0,Cubierta (85.0% Contratos / 15.0% Bolsa),1331.1243225,484258.90204010025,745013.6954344513,685412.5997996953,-59601.09563475603,59601.09563475603,7.999999999999989
2026-10-01,1,2026-10-01,True,ANTIOQUIA,30245343.04,445616.6725,194168484.66,126209515.03,363.9887,378774.17,66842.5,85.0,15.0,Cubierta (85.0% Contratos / 15.0% Bolsa),1336.8500175,486598.2999648022,748612.7691706872,688723.7476370322,-59889.021533655,59889.021533655,8.000000000000004
2026-10-01,1,2026-10-01,True,BOGOTA,43362690.49,445616.6725,194168484.66,126209515.03,363.9887,378774.17,66842.5,85.0,15.0,Cubierta (85.0% Contratos / 15.0% Bolsa),1336.8500175,486598.2999648022,748612.7691706872,688723.7476370322,-59889.021533655,59889.021533655,8.000000000000004
2026-10-01,1,2026-10-01,True,CARIBE_MAR,34113653.98,445616.6725,194168484.66,126209515.03,363.9887,378774.17,66842.5,85.0,15.0,Cubierta (85.0% Contratos / 15.0% Bolsa),1336.8500175,486598.2999648022,748612.7691706872,688723.7476370322,-59889.021533655,59889.021533655,8.000000000000004
2026-10-01,1,2026-10-01,True,CARIBE_SOL,26855785.07,445616.6725,194168484.66,126209515.03,363.9887,378774.17,66842.5,85.0,15.0,Cubierta (85.0% Contratos / 15.0% Bolsa),1336.8500175,486598.2999648022,748612.7691706872,688723.7476370322,-59889.021533655,59889.021533655,8.000000000000004
2026-10-01,1,2026-10-01,True,VALLE,22391465.9,445616.6725,194168484.66,126209515.03,363.9887,378774.17,66842.5,85.0,15.0,Cubierta (85.0% Contratos / 15.0% Bolsa),1336.8500175,486598.2999648022,748612.7691706872,688723.7476370322,-59889.021533655,59889.021533655,8.000000000000004
2026-10-01,1,2026-10-01,True,SANTANDER,17000961.8,445616.6725,194168484.66,126209515.03,363.9887,378774.17,66842.5,85.0,15.0,Cubierta (85.0% Contratos / 15.0% Bolsa),1336.8500175,486598.2999648022,748612.7691706872,688723.7476370322,-59889.021533655,59889.021533655,8.000000000000004
2026-10-01,1,2026-10-01,True,CUNDINAMARCA,10965054.32,445616.6725,194168484.66,126209515.03,363.9887,378774.17,66842.5,85.0,15.0,Cubierta (85.0% Contratos / 15.0% Bolsa),1336.8500175,486598.2999648022,748612.7691706872,688723.7476370322,-59889.021533655,59889.021533655,8.000000000000004
2026-10-01,1,2026-10-01,True,TOLIMA,9233530.06,445616.6725,194168484.66,126209515.03,363.9887,378774.17,66842.5,85.0,15.0,Cubierta (85.0% Contratos / 15.0% Bolsa),1336.8500175,486598.2999648022,748612.7691706872,688723.7476370322,-59889.021533655,59889.021533655,8.000000000000004
2026-10-02,2,2026-10-01,True,ANTIOQUIA,30751352.25,446298.23875,194465463.48,126402551.26,364.2612,379353.5,66944.74,85.0,15.0,Cubierta (85.0% Contratos / 15.0% Bolsa),1338.89471625,487707.3960148845,750319.0708040018,690293.5451396817,-60025.5256643201,60025.5256643201,7.999999999999995
2026-10-02,2,2026-10-01,True,BOGOTA,42848025.28,446298.23875,194465463.48,126402551.26,364.2612,379353.5,66944.74,85.0,15.0,Cubierta (85.0% Contratos / 15.0% Bolsa),1338.89471625,487707.3960148845,750319.0708040018,690293.5451396817,-60025.5256643201,60025.5256643201,7.999999999999995
2026-10-02,2,2026-10-01,True,CARIBE_MAR,34524943.17,446298.23875,194465463.48,126402551.26,364.2612,379353.5,66944.74,85.0,15.0,Cubierta (85.0% Contratos / 15.0% Bolsa),1338.89471625,487707.3960148845,750319.0708040018,690293.5451396817,-60025.5256643201,60025.5256643201,7.999999999999995
2026-10-02,2,2026-10-01,True,CARIBE_SOL,27009182.67,446298.23875,194465463.48,126402551.26,364.2612,379353.5,66944.74,85.0,15.0,Cubierta (85.0% Contratos / 15.0% Bolsa),1338.89471625,487707.3960148845,750319.0708040018,690293.5451396817,-60025.5256643201,60025.5256643201,7.999999999999995
2026-10-02,2,2026-10-01,True,VALLE,22050234.25,446298.23875,194465463.48,126402551.26,364.2612,379353.5,66944.74,85.0,15.0,Cubierta (85.0% Contratos / 15.0% Bolsa),1338.89471625,487707.3960148845,750319.0708040018,690293.5451396817,-60025.5256643201,60025.5256643201,7.999999999999995
2026-10-02,2,2026-10-01,True,SANTANDER,17055518.7,446298.23875,194465463.48,126402551.26,364.2612,379353.5,66944.74,85.0,15.0,Cubierta (85.0% Contratos / 15.0% Bolsa),1338.89471625,487707.3960148845,750319.0708040018,690293.5451396817,-60025.5256643201,60025.5256643201,7.999999999999995
2026-10-02,2,2026-10-01,True,CUNDINAMARCA,11063997.74,446298.23875,194465463.48,126402551.26,364.2612,379353.5,66944.74,85.0,15.0,Cubierta (85.0% Contratos / 15.0% Bolsa),1338.89471625,487707.3960148845,750319.0708040018,690293.5451396817,-60025.5256643201,60025.5256643201,7.999999999999995
2026-10-02,2,2026-10-01,True,TOLIMA,9162209.42,446298.23875,194465463.48,126402551.26,364.2612,379353.5,66944.74,85.0,15.0,Cubierta (85.0% Contratos / 15.0% Bolsa),1338.89471625,487707.3960148845,750319.0708040018,690293.5451396817,-60025.5256643201,60025.5256643201,7.999999999999995
2026-10-03,3,2026-10-01,True,ANTIOQUIA,25839792.17,315966.835,163290353.88000003,106138730.02,364.6118,268571.81,47395.03,85.0,15.0,Cubierta (85.0% Contratos / 15.0% Bolsa),947.9005050000001,345615.70934895903,531716.4759314948,489179.1578569753,-42537.31807451957,42537.31807451957,7.999999999999997
2026-10-03,3,2026-10-01,True,BOGOTA,35885494.09,315966.835,163290353.88000003,106138730.02,364.6118,268571.81,47395.03,85.0,15.0,Cubierta (85.0% Contratos / 15.0% Bolsa),947.9005050000001,345615.70934895903,531716.4759314948,489179.1578569753,-42537.31807451957,42537.31807451957,7.999999999999997
2026-10-03,3,2026-10-01,True,CARIBE_MAR,28693304.82,315966.835,163290353.88000003,106138730.02,364.6118,268571.81,47395.03,85.0,15.0,Cubierta (85.0% Contratos / 15.0% Bolsa),947.9005050000001,345615.70934895903,531716.4759314948,489179.1578569753,-42537.31807451957,42537.31807451957,7.999999999999997
2026-10-03,3,2026-10-01,True,CARIBE_SOL,22844374.86,315966.835,163290353.88000003,106138730.02,364.6118,268571.81,47395.03,85.0,15.0,Cubierta (85.0% Contratos / 15.0% Bolsa),947.9005050000001,345615.70934895903,531716.4759314948,489179.1578569753,-42537.31807451957,42537.31807451957,7.999999999999997
2026-10-03,3,2026-10-01,True,VALLE,18411958.22,315966.835,163290353.88000003,106138730.02,364.6118,268571.81,47395.03,85.0,15.0,Cubierta (85.0% Contratos / 15.0% Bolsa),947.9005050000001,345615.70934895903,531716.4759314948,489179.1578569753,-42537.31807451957,42537.31807451957,7.999999999999997
2026-10-03,3,2026-10-01,True,SANTANDER,14471131.6,315966.835,163290353.88000003,106138730.02,364.6118,268571.81,47395.03,85.0,15.0,Cubierta (85.0% Contratos / 15.0% Bolsa),947.9005050000001,345615.70934895903,531716.4759314948,489179.1578569753,-42537.31807451957,42537.31807451957,7.999999999999997
2026-10-03,3,2026-10-01,True,CUNDINAMARCA,9451174.93,315966.835,163290353.88000003,106138730.02,364.6118,268571.81,47395.03,85.0,15.0,Cubierta (85.0% Contratos / 15.0% Bolsa),947.9005050000001,345615.70934895903,531716.4759314948,489179.1578569753,-42537.31807451957,42537.31807451957,7.999999999999997
2026-10-03,3,2026-10-01,True,TOLIMA,7693123.19,315966.835,163290353.88000003,106138730.02,364.6118,268571.81,47395.03,85.0,15.0,Cubierta (85.0% Contratos / 15.0% Bolsa),947.9005050000001,345615.70934895903,531716.4759314948,489179.1578569753,-42537.31807451957,42537.31807451957,7.999999999999997
2026-10-04,4,2026-10-01,True,ANTIOQUIA,25560604.44,315419.2,163007338.62,105954770.1,365.0365,268106.32,47312.88,85.0,15.0,Cubierta (85.0% Contratos / 15.0% Bolsa),946.2576,345418.5624024,531413.1729418157,488900.11910647043,-42513.05383534526,42513.05383534526,8.0
2026-10-04,4,2026-10-01,True,BOGOTA,35829780.75,315419.2,163007338.62,105954770.1,365.0365,268106.32,47312.88,85.0,15.0,Cubierta (85.0% Contratos / 15.0% Bolsa),946.2576,345418.5624024,531413.1729418157,488900.11910647043,-42513.05383534526,42513.05383534526,8.0
2026-10-04,4,2026-10-01,True,CARIBE_MAR,29013426.52,315419.2,163007338.62,105954770.1,365.0365,268106.32,47312.88,85.0,15.0,Cubierta (85.0% Contratos / 15.0% Bolsa),946.2576,345418.5624024,531413.1729418157,488900.11910647043,-42513.05383534526,42513.05383534526,8.0
2026-10-04,4,2026-10-01,True,CARIBE_SOL,22699216.11,315419.2,163007338.62,105954770.1,365.0365,268106.32,47312.88,85.0,15.0,Cubierta (85.0% Contratos / 15.0% Bolsa),946.2576,345418.5624024,531413.1729418157,488900.11910647043,-42513.05383534526,42513.05383534526,8.0
2026-10-04,4,2026-10-01,True,VALLE,18594140.86,315419.2,163007338.62,105954770.1,365.0365,268106.32,47312.88,85.0,15.0,Cubierta (85.0% Contratos / 15.0% Bolsa),946.2576,345418.5624024,531413.1729418157,488900.11910647043,-42513.05383534526,42513.05383534526,8.0
2026-10-04,4,2026-10-01,True,SANTANDER,14341617.22,315419.2,163007338.62,105954770.1,365.0365,268106.32,47312.88,85.0,15.0,Cubierta (85.0% Contratos / 15.0% Bolsa),946.2576,345418.5624024,531413.1729418157,488900.11910647043,-42513.05383534526,42513.05383534526,8.0
2026-10-04,4,2026-10-01,True,CUNDINAMARCA,9265799.16,315419.2,163007338.62,105954770.1,365.0365,268106.32,47312.88,85.0,15.0,Cubierta (85.0% Contratos / 15.0% Bolsa),946.2576,345418.5624024,531413.1729418157,488900.11910647043,-42513.05383534526,42513.05383534526,8.0
2026-10-04,4,2026-10-01,True,TOLIMA,7702753.56,315419.2,163007338.62,105954770.1,365.0365,268106.32,47312.88,85.0,15.0,Cubierta (85.0% Contratos / 15.0% Bolsa),946.2576,345418.5624024,531413.1729418157,488900.11910647043,-42513.05383534526,42513.05383534526,8.0
2026-10-05,5,2026-10-01,True,ANTIOQUIA,30523352.04,444105.12125,193509856.61,125781406.8,365.5296,377489.35,66615.77,85.0,15.0,Cubierta (85.0% Contratos / 15.0% Bolsa),1332.3153637500002,487000.7019853921,749231.8491874475,689293.3012524517,-59938.54793499573,59938.54793499573,7.999999999999992
2026-10-05,5,2026-10-01,True,BOGOTA,42475442.05,444105.12125,193509856.61,125781406.8,365.5296,377489.35,66615.77,85.0,15.0,Cubierta (85.0% Contratos / 15.0% Bolsa),1332.3153637500002,487000.7019853921,749231.8491874475,689293.3012524517,-59938.54793499573,59938.54793499573,7.999999999999992
2026-10-05,5,2026-10-01,True,CARIBE_MAR,34511463.88,444105.12125,193509856.61,125781406.8,365.5296,377489.35,66615.77,85.0,15.0,Cubierta (85.0% Contratos / 15.0% Bolsa),1332.3153637500002,487000.7019853921,749231.8491874475,689293.3012524517,-59938.54793499573,59938.54793499573,7.999999999999992
2026-10-05,5,2026-10-01,True,CARIBE_SOL,26997676.39,444105.12125,193509856.61,125781406.8,365.5296,377489.35,66615.77,85.0,15.0,Cubierta (85.0% Contratos / 15.0% Bolsa),1332.3153637500002,487000.7019853921,749231.8491874475,689293.3012524517,-59938.54793499573,59938.54793499573,7.999999999999992
2026-10-05,5,2026-10-01,True,VALLE,21828384.4,444105.12125,193509856.61,125781406.8,365.5296,377489.35,66615.77,85.0,15.0,Cubierta (85.0% Contratos / 15.0% Bolsa),1332.3153637500002,487000.7019853921,749231.8491874475,689293.3012524517,-59938.54793499573,59938.54793499573,7.999999999999992
2026-10-05,5,2026-10-01,True,SANTANDER,17144018.56,444105.12125,193509856.61,125781406.8,365.5296,377489.35,66615.77,85.0,15.0,Cubierta (85.0% Contratos / 15.0% Bolsa),1332.3153637500002,487000.7019853921,749231.8491874475,689293.3012524517,-59938.54793499573,59938.54793499573,7.999999999999992
2026-10-05,5,2026-10-01,True,CUNDINAMARCA,10930373.9,444105.12125,193509856.61,125781406.8,365.5296,377489.35,66615.77,85.0,15.0,Cubierta (85.0% Contratos / 15.0% Bolsa),1332.3153637500002,487000.7019853921,749231.8491874475,689293.3012524517,-59938.54793499573,59938.54793499573,7.999999999999992
2026-10-05,5,2026-10-01,True,TOLIMA,9099145.39,444105.12125,193509856.61,125781406.8,365.5296,377489.35,66615.77,85.0,15.0,Cubierta (85.0% Contratos / 15.0% Bolsa),1332.3153637500002,487000.7019853921,749231.8491874475,689293.3012524517,-59938.54793499573,59938.54793499573,7.999999999999992
2026-10-06,6,2026-10-01,True,ANTIOQUIA,30237063.34,443678.8975,193324138.46,125660690.0,366.0842,377127.06,66551.83,85.0,15.0,Cubierta (85.0% Contratos / 15.0% Bolsa),1331.0366925,487271.50274450856,749648.4657548168,689676.5884944315,-59971.877260385314,59971.877260385314,7.9999999999999964
2026-10-06,6,2026-10-01,True,BOGOTA,43071637.47,443678.8975,193324138.46,125660690.0,366.0842,377127.06,66551.83,85.0,15.0,Cubierta (85.0% Contratos / 15.0% Bolsa),1331.0366925,487271.50274450856,749648.4657548168,689676.5884944315,-59971.877260385314,59971.877260385314,7.9999999999999964
2026-10-06,6,2026-10-01,True,CARIBE_MAR,34330335.67,443678.8975,193324138.46,125660690.0,366.0842,377127.06,66551.83,85.0,15.0,Cubierta (85.0% Contratos / 15.0% Bolsa),1331.0366925,487271.50274450856,749648.4657548168,689676.5884944315,-59971.877260385314,59971.877260385314,7.9999999999999964
2026-10-06,6,2026-10-01,True,CARIBE_SOL,26623105.81,443678.8975,193324138.46,125660690.0,366.0842,377127.06,66551.83,85.0,15.0,Cubierta (85.0% Contratos / 15.0% Bolsa),1331.0366925,487271.50274450856,749648.4657548168,689676.5884944315,-59971.877260385314,59971.877260385314,7.9999999999999964
2026-10-06,6,2026-10-01,True,VALLE,21886514.52,443678.8975,193324138.46,125660690.0,366.0842,377127.06,66551.83,85.0,15.0,Cubierta (85.0% Contratos / 15.0% Bolsa),1331.0366925,487271.50274450856,749648.4657548168,689676.5884944315,-59971.877260385314,59971.877260385314,7.9999999999999964
2026-10-06,6,2026-10-01,True,SANTANDER,16981219.16,443678.8975,193324138.46,125660690.0,366.0842,377127.06,66551.83,85.0,15.0,Cubierta (85.0% Contratos / 15.0% Bolsa),1331.0366925,487271.50274450856,749648.4657548168,689676.5884944315,-59971.877260385314,59971.877260385314,7.9999999999999964
2026-10-06,6,2026-10-01,True,CUNDINAMARCA,10916877.46,443678.8975,193324138.46,125660690.0,366.0842,377127.06,66551.83,85.0,15.0,Cubierta (85.0% Contratos / 15.0% Bolsa),1331.0366925,487271.50274450856,749648.4657548168,689676.5884944315,-59971.877260385314,59971.877260385314,7.9999999999999964
2026-10-06,6,2026-10-01,True,TOLIMA,9277385.03,443678.8975,193324138.46,125660690.0,366.0842,377127.06,66551.83,85.0,15.0,Cubierta (85.0% Contratos / 15.0% Bolsa),1331.0366925,487271.50274450856,749648.4657548168,689676.5884944315,-59971.877260385314,59971.877260385314,7.9999999999999964
2026-10-07,7,2026-10-01,True,ANTIOQUIA,30660307.08,444893.8175,193853515.29000002,126004784.94,366.6921,378159.74,66734.07,85.0,15.0,Cubierta (85.0% Contratos / 15.0% Bolsa),1334.6814525,489417.1446482752,752949.4532960756,692713.4970323895,-60235.956263686065,60235.956263686065,8.000000000000004
2026-10-07,7,2026-10-01,True,BOGOTA,42862248.85,444893.8175,193853515.29000002,126004784.94,366.6921,378159.74,66734.07,85.0,15.0,Cubierta (85.0% Contratos / 15.0% Bolsa),1334.6814525,489417.1446482752,752949.4532960756,692713.4970323895,-60235.956263686065,60235.956263686065,8.000000000000004
2026-10-07,7,2026-10-01,True,CARIBE_MAR,33977665.5,444893.8175,193853515.29000002,126004784.94,366.6921,378159.74,66734.07,85.0,15.0,Cubierta (85.0% Contratos / 15.0% Bolsa),1334.6814525,489417.1446482752,752949.4532960756,692713.4970323895,-60235.956263686065,60235.956263686065,8.000000000000004
2026-10-07,7,2026-10-01,True,CARIBE_SOL,26915479.06,444893.8175,193853515.29000002,126004784.94,366.6921,378159.74,66734.07,85.0,15.0,Cubierta (85.0% Contratos / 15.0% Bolsa),1334.6814525,489417.1446482752,752949.4532960756,692713.4970323895,-60235.956263686065,60235.956263686065,8.000000000000004
2026-10-07,7,2026-10-01,True,VALLE,21914609.05,444893.8175,193853515.29000002,126004784.94,366.6921,378159.74,66734.07,85.0,15.0,Cubierta (85.0% Contratos / 15.0% Bolsa),1334.6814525,489417.1446482752,752949.4532960756,692713.4970323895,-60235.956263686065,60235.956263686065,8.000000000000004
2026-10-07,7,2026-10-01,True,SANTANDER,17216348.7,444893.8175,193853515.29000002,126004784.94,366.6921,378159.74,66734.07,85.0,15.0,Cubierta (85.0% Contratos / 15.0% Bolsa),1334.6814525,489417.1446482752,752949.4532960756,692713.4970323895,-60235.956263686065,60235.956263686065,8.000000000000004
2026-10-07,7,2026-10-01,True,CUNDINAMARCA,11057662.05,444893.8175,193853515.29000002,126004784.94,366.6921,378159.74,66734.07,85.0,15.0,Cubierta (85.0% Contratos / 15.0% Bolsa),1334.6814525,489417.1446482752,752949.4532960756,692713.4970323895,-60235.956263686065,60235.956263686065,8.000000000000004
2026-10-07,7,2026-10-01,True,TOLIMA,9249195.0,444893.8175,193853515.29000002,126004784.94,366.6921,378159.74,66734.07,85.0,15.0,Cubierta (85.0% Contratos / 15.0% Bolsa),1334.6814525,489417.1446482752,752949.4532960756,692713.4970323895,-60235.956263686065,60235.956263686065,8.000000000000004
2026-10-08,8,2026-10-01,True,ANTIOQUIA,30501530.71,448011.34,195211912.85999998,126887743.36,367.3438,380809.64,67201.7,85.0,15.0,Cubierta (85.0% Contratos / 15.0% Bolsa),1344.03402,493722.564236076,759573.175741823,698807.3216824773,-60765.85405934579,60765.85405934579,7.999999999999993
2026-10-08,8,2026-10-01,True,BOGOTA,43338743.22,448011.34,195211912.85999998,126887743.36,367.3438,380809.64,67201.7,85.0,15.0,Cubierta (85.0% Contratos / 15.0% Bolsa),1344.03402,493722.564236076,759573.175741823,698807.3216824773,-60765.85405934579,60765.85405934579,7.999999999999993
2026-10-08,8,2026-10-01,True,CARIBE_MAR,34635372.76,448011.34,195211912.85999998,126887743.36,367.3438,380809.64,67201.7,85.0,15.0,Cubierta (85.0% Contratos / 15.0% Bolsa),1344.03402,493722.564236076,759573.175741823,698807.3216824773,-60765.85405934579,60765.85405934579,7.999999999999993
2026-10-08,8,2026-10-01,True,CARIBE_SOL,27095878.19,448011.34,195211912.85999998,126887743.36,367.3438,380809.64,67201.7,85.0,15.0,Cubierta (85.0% Contratos / 15.0% Bolsa),1344.03402,493722.564236076,759573.175741823,698807.3216824773,-60765.85405934579,60765.85405934579,7.999999999999993
2026-10-08,8,2026-10-01,True,VALLE,22187005.07,448011.34,195211912.85999998,126887743.36,367.3438,380809.64,67201.7,85.0,15.0,Cubierta (85.0% Contratos / 15.0% Bolsa),1344.03402,493722.564236076,759573.175741823,698807.3216824773,-60765.85405934579,60765.85405934579,7.999999999999993
2026-10-08,8,2026-10-01,True,SANTANDER,17248908.01,448011.34,195211912.85999998,126887743.36,367.3438,380809.64,67201.7,85.0,15.0,Cubierta (85.0% Contratos / 15.0% Bolsa),1344.03402,493722.564236076,759573.175741823,698807.3216824773,-60765.85405934579,60765.85405934579,7.999999999999993
2026-10-08,8,2026-10-01,True,CUNDINAMARCA,11064684.57,448011.34,195211912.85999998,126887743.36,367.3438,380809.64,67201.7,85.0,15.0,Cubierta (85.0% Contratos / 15.0% Bolsa),1344.03402,493722.564236076,759573.175741823,698807.3216824773,-60765.85405934579,60765.85405934579,7.999999999999993
2026-10-08,8,2026-10-01,True,TOLIMA,9139790.33,448011.34,195211912.85999998,126887743.36,367.3438,380809.64,67201.7,85.0,15.0,Cubierta (85.0% Contratos / 15.0% Bolsa),1344.03402,493722.564236076,759573.175741823,698807.3216824773,-60765.85405934579,60765.85405934579,7.999999999999993
2026-10-09,9,2026-10-01,True,ANTIOQUIA,30557017.89,445234.97625,194002168.04000002,126101409.23,368.0292,378449.73,66785.25,85.0,15.0,Cubierta (85.0% Contratos / 15.0% Bolsa),1335.7049287500001,491578.41636391956,756274.486689733,695772.5277545544,-60501.95893517858,60501.95893517858,7.999999999999993
2026-10-09,9,2026-10-01,True,BOGOTA,42082165.26,445234.97625,194002168.04000002,126101409.23,368.0292,378449.73,66785.25,85.0,15.0,Cubierta (85.0% Contratos / 15.0% Bolsa),1335.7049287500001,491578.41636391956,756274.486689733,695772.5277545544,-60501.95893517858,60501.95893517858,7.999999999999993
2026-10-09,9,2026-10-01,True,CARIBE_MAR,34738180.12,445234.97625,194002168.04000002,126101409.23,368.0292,378449.73,66785.25,85.0,15.0,Cubierta (85.0% Contratos / 15.0% Bolsa),1335.7049287500001,491578.41636391956,756274.486689733,695772.5277545544,-60501.95893517858,60501.95893517858,7.999999999999993
2026-10-09,9,2026-10-01,True,CARIBE_SOL,27233000.5,445234.97625,194002168.04000002,126101409.23,368.0292,378449.73,66785.25,85.0,15.0,Cubierta (85.0% Contratos / 15.0% Bolsa),1335.7049287500001,491578.41636391956,756274.486689733,695772.5277545544,-60501.95893517858,60501.95893517858,7.999999999999993
2026-10-09,9,2026-10-01,True,VALLE,21973812.21,445234.97625,194002168.04000002,126101409.23,368.0292,378449.73,66785.25,85.0,15.0,Cubierta (85.0% Contratos / 15.0% Bolsa),1335.7049287500001,491578.41636391956,756274.486689733,695772.5277545544,-60501.95893517858,60501.95893517858,7.999999999999993
2026-10-09,9,2026-10-01,True,SANTANDER,17204100.39,445234.97625,194002168.04000002,126101409.23,368.0292,378449.73,66785.25,85.0,15.0,Cubierta (85.0% Contratos / 15.0% Bolsa),1335.7049287500001,491578.41636391956,756274.486689733,695772.5277545544,-60501.95893517858,60501.95893517858,7.999999999999993
2026-10-09,9,2026-10-01,True,CUNDINAMARCA,11077905.06,445234.97625,194002168.04000002,126101409.23,368.0292,378449.73,66785.25,85.0,15.0,Cubierta (85.0% Contratos / 15.0% Bolsa),1335.7049287500001,491578.41636391956,756274.486689733,695772.5277545544,-60501.95893517858,60501.95893517858,7.999999999999993
2026-10-09,9,2026-10-01,True,TOLIMA,9135986.61,445234.97625,194002168.04000002,126101409.23,368.0292,378449.73,66785.25,85.0,15.0,Cubierta (85.0% Contratos / 15.0% Bolsa),1335.7049287500001,491578.41636391956,756274.486689733,695772.5277545544,-60501.95893517858,60501.95893517858,7.999999999999993
2026-10-10,10,2026-10-01,True,ANTIOQUIA,25574945.48,316901.87375,163773578.28,106452825.88,368.7374,269366.59,47535.28,85.0,15.0,Cubierta (85.0% Contratos / 15.0% Bolsa),950.7056212500001,350560.7189451098,539324.1830026092,496178.24836240045,-43145.934640208725,43145.934640208725,7.999999999999999
2026-10-10,10,2026-10-01,True,BOGOTA,36780676.51,316901.87375,163773578.28,106452825.88,368.7374,269366.59,47535.28,85.0,15.0,Cubierta (85.0% Contratos / 15.0% Bolsa),950.7056212500001,350560.7189451098,539324.1830026092,496178.24836240045,-43145.934640208725,43145.934640208725,7.999999999999999
2026-10-10,10,2026-10-01,True,CARIBE_MAR,28860414.89,316901.87375,163773578.28,106452825.88,368.7374,269366.59,47535.28,85.0,15.0,Cubierta (85.0% Contratos / 15.0% Bolsa),950.7056212500001,350560.7189451098,539324.1830026092,496178.24836240045,-43145.934640208725,43145.934640208725,7.999999999999999
2026-10-10,10,2026-10-01,True,CARIBE_SOL,22358097.43,316901.87375,163773578.28,106452825.88,368.7374,269366.59,47535.28,85.0,15.0,Cubierta (85.0% Contratos / 15.0% Bolsa),950.7056212500001,350560.7189451098,539324.1830026092,496178.24836240045,-43145.934640208725,43145.934640208725,7.999999999999999
2026-10-10,10,2026-10-01,True,VALLE,18762140.61,316901.87375,163773578.28,106452825.88,368.7374,269366.59,47535.28,85.0,15.0,Cubierta (85.0% Contratos / 15.0% Bolsa),950.7056212500001,350560.7189451098,539324.1830026092,496178.24836240045,-43145.934640208725,43145.934640208725,7.999999999999999
2026-10-10,10,2026-10-01,True,SANTANDER,14534374.64,316901.87375,163773578.28,106452825.88,368.7374,269366.59,47535.28,85.0,15.0,Cubierta (85.0% Contratos / 15.0% Bolsa),950.7056212500001,350560.7189451098,539324.1830026092,496178.24836240045,-43145.934640208725,43145.934640208725,7.999999999999999
2026-10-10,10,2026-10-01,True,CUNDINAMARCA,9244382.73,316901.87375,163773578.28,106452825.88,368.7374,269366.59,47535.28,85.0,15.0,Cubierta (85.0% Contratos / 15.0% Bolsa),950.7056212500001,350560.7189451098,539324.1830026092,496178.24836240045,-43145.934640208725,43145.934640208725,7.999999999999999
2026-10-10,10,2026-10-01,True,TOLIMA,7658545.99,316901.87375,163773578.28,106452825.88,368.7374,269366.59,47535.28,85.0,15.0,Cubierta (85.0% Contratos / 15.0% Bolsa),950.7056212500001,350560.7189451098,539324.1830026092,496178.24836240045,-43145.934640208725,43145.934640208725,7.999999999999999
2026-10-11,11,2026-10-01,True,ANTIOQUIA,25795392.89,315895.66625,163253573.99,106114823.09,369.457,268511.32,47384.35,85.0,15.0,Cubierta (85.0% Contratos / 15.0% Bolsa),947.68699875,350129.5954971788,538660.9161672725,495568.0428738907,-43092.87329338177,43092.87329338177,7.999999999999995
2026-10-11,11,2026-10-01,True,BOGOTA,35989295.31,315895.66625,163253573.99,106114823.09,369.457,268511.32,47384.35,85.0,15.0,Cubierta (85.0% Contratos / 15.0% Bolsa),947.68699875,350129.5954971788,538660.9161672725,495568.0428738907,-43092.87329338177,43092.87329338177,7.999999999999995
2026-10-11,11,2026-10-01,True,CARIBE_MAR,28751761.09,315895.66625,163253573.99,106114823.09,369.457,268511.32,47384.35,85.0,15.0,Cubierta (85.0% Contratos / 15.0% Bolsa),947.68699875,350129.5954971788,538660.9161672725,495568.0428738907,-43092.87329338177,43092.87329338177,7.999999999999995
2026-10-11,11,2026-10-01,True,CARIBE_SOL,22709616.14,315895.66625,163253573.99,106114823.09,369.457,268511.32,47384.35,85.0,15.0,Cubierta (85.0% Contratos / 15.0% Bolsa),947.68699875,350129.5954971788,538660.9161672725,495568.0428738907,-43092.87329338177,43092.87329338177,7.999999999999995
2026-10-11,11,2026-10-01,True,VALLE,18386420.71,315895.66625,163253573.99,106114823.09,369.457,268511.32,47384.35,85.0,15.0,Cubierta (85.0% Contratos / 15.0% Bolsa),947.68699875,350129.5954971788,538660.9161672725,495568.0428738907,-43092.87329338177,43092.87329338177,7.999999999999995
2026-10-11,11,2026-10-01,True,SANTANDER,14462431.19,315895.66625,163253573.99,106114823.09,369.457,268511.32,47384.35,85.0,15.0,Cubierta (85.0% Contratos / 15.0% Bolsa),947.68699875,350129.5954971788,538660.9161672725,495568.0428738907,-43092.87329338177,43092.87329338177,7.999999999999995
2026-10-11,11,2026-10-01,True,CUNDINAMARCA,9321911.96,315895.66625,163253573.99,106114823.09,369.457,268511.32,47384.35,85.0,15.0,Cubierta (85.0% Contratos / 15.0% Bolsa),947.68699875,350129.5954971788,538660.9161672725,495568.0428738907,-43092.87329338177,43092.87329338177,7.999999999999995
2026-10-11,11,2026-10-01,True,TOLIMA,7836744.7,315895.66625,163253573.99,106114823.09,369.457,268511.32,47384.35,85.0,15.0,Cubierta (85.0% Contratos / 15.0% Bolsa),947.68699875,350129.5954971788,538660.9161672725,495568.0428738907,-43092.87329338177,43092.87329338177,7.999999999999995
2026-10-12,12,2026-10-01,True,ANTIOQUIA,30868167.46,445431.6325,194087857.31,126157107.25,370.1764,378616.89,66814.74,85.0,15.0,Cubierta (85.0% Contratos / 15.0% Bolsa),1336.2948975000002,494664.83449491905,761022.8223089238,700140.99652421,-60881.825784713845,60881.825784713845,7.999999999999992
2026-10-12,12,2026-10-01,True,BOGOTA,42468202.42,445431.6325,194087857.31,126157107.25,370.1764,378616.89,66814.74,85.0,15.0,Cubierta (85.0% Contratos / 15.0% Bolsa),1336.2948975000002,494664.83449491905,761022.8223089238,700140.99652421,-60881.825784713845,60881.825784713845,7.999999999999992
2026-10-12,12,2026-10-01,True,CARIBE_MAR,34170558.65,445431.6325,194087857.31,126157107.25,370.1764,378616.89,66814.74,85.0,15.0,Cubierta (85.0% Contratos / 15.0% Bolsa),1336.2948975000002,494664.83449491905,761022.8223089238,700140.99652421,-60881.825784713845,60881.825784713845,7.999999999999992
2026-10-12,12,2026-10-01,True,CARIBE_SOL,27112924.53,445431.6325,194087857.31,126157107.25,370.1764,378616.89,66814.74,85.0,15.0,Cubierta (85.0% Contratos / 15.0% Bolsa),1336.2948975000002,494664.83449491905,761022.8223089238,700140.99652421,-60881.825784713845,60881.825784713845,7.999999999999992
2026-10-12,12,2026-10-01,True,VALLE,22133605.6,445431.6325,194087857.31,126157107.25,370.1764,378616.89,66814.74,85.0,15.0,Cubierta (85.0% Contratos / 15.0% Bolsa),1336.2948975000002,494664.83449491905,761022.8223089238,700140.99652421,-60881.825784713845,60881.825784713845,7.999999999999992
2026-10-12,12,2026-10-01,True,SANTANDER,17132824.36,445431.6325,194087857.31,126157107.25,370.1764,378616.89,66814.74,85.0,15.0,Cubierta (85.0% Contratos / 15.0% Bolsa),1336.2948975000002,494664.83449491905,761022.8223089238,700140.99652421,-60881.825784713845,60881.825784713845,7.999999999999992
2026-10-12,12,2026-10-01,True,CUNDINAMARCA,10980121.52,445431.6325,194087857.31,126157107.25,370.1764,378616.89,66814.74,85.0,15.0,Cubierta (85.0% Contratos / 15.0% Bolsa),1336.2948975000002,494664.83449491905,761022.8223089238,700140.99652421,-60881.825784713845,60881.825784713845,7.999999999999992
2026-10-12,12,2026-10-01,True,TOLIMA,9221452.77,445431.6325,194087857.31,126157107.25,370.1764,378616.89,66814.74,85.0,15.0,Cubierta (85.0% Contratos / 15.0% Bolsa),1336.2948975000002,494664.83449491905,761022.8223089238,700140.99652421,-60881.825784713845,60881.825784713845,7.999999999999992
2026-10-13,13,2026-10-01,True,ANTIOQUIA,31014829.03,444920.1325,193864981.71999997,126012238.12,370.884,378182.11,66738.02,85.0,15.0,Cubierta (85.0% Contratos / 15.0% Bolsa),1334.7603975,495041.27526639,761601.9619362045,700673.8049813082,-60928.15695489629,60928.15695489629,7.99999999999999
2026-10-13,13,2026-10-01,True,BOGOTA,42686530.72,444920.1325,193864981.71999997,126012238.12,370.884,378182.11,66738.02,85.0,15.0,Cubierta (85.0% Contratos / 15.0% Bolsa),1334.7603975,495041.27526639,761601.9619362045,700673.8049813082,-60928.15695489629,60928.15695489629,7.99999999999999
2026-10-13,13,2026-10-01,True,CARIBE_MAR,34428580.12,444920.1325,193864981.71999997,126012238.12,370.884,378182.11,66738.02,85.0,15.0,Cubierta (85.0% Contratos / 15.0% Bolsa),1334.7603975,495041.27526639,761601.9619362045,700673.8049813082,-60928.15695489629,60928.15695489629,7.99999999999999
2026-10-13,13,2026-10-01,True,CARIBE_SOL,26893612.76,444920.1325,193864981.71999997,126012238.12,370.884,378182.11,66738.02,85.0,15.0,Cubierta (85.0% Contratos / 15.0% Bolsa),1334.7603975,495041.27526639,761601.9619362045,700673.8049813082,-60928.15695489629,60928.15695489629,7.99999999999999
2026-10-13,13,2026-10-01,True,VALLE,21768674.08,444920.1325,193864981.71999997,126012238.12,370.884,378182.11,66738.02,85.0,15.0,Cubierta (85.0% Contratos / 15.0% Bolsa),1334.7603975,495041.27526639,761601.9619362045,700673.8049813082,-60928.15695489629,60928.15695489629,7.99999999999999
2026-10-13,13,2026-10-01,True,SANTANDER,16844110.72,444920.1325,193864981.71999997,126012238.12,370.884,378182.11,66738.02,85.0,15.0,Cubierta (85.0% Contratos / 15.0% Bolsa),1334.7603975,495041.27526639,761601.9619362045,700673.8049813082,-60928.15695489629,60928.15695489629,7.99999999999999
2026-10-13,13,2026-10-01,True,CUNDINAMARCA,11073684.19,444920.1325,193864981.71999997,126012238.12,370.884,378182.11,66738.02,85.0,15.0,Cubierta (85.0% Contratos / 15.0% Bolsa),1334.7603975,495041.27526639,761601.9619362045,700673.8049813082,-60928.15695489629,60928.15695489629,7.99999999999999
2026-10-13,13,2026-10-01,True,TOLIMA,9154960.1,444920.1325,193864981.71999997,126012238.12,370.884,378182.11,66738.02,85.0,15.0,Cubierta (85.0% Contratos / 15.0% Bolsa),1334.7603975,495041.27526639,761601.9619362045,700673.8049813082,-60928.15695489629,60928.15695489629,7.99999999999999
2026-10-14,14,2026-10-01,True,ANTIOQUIA,30935485.13,445057.0825,193924654.72,126051025.57,371.5684,378298.52,66758.56,85.0,15.0,Cubierta (85.0% Contratos / 15.0% Bolsa),1335.1712475000002,496107.44415957906,763242.2217718576,702182.844030109,-61059.37774174858,61059.37774174858,7.999999999999997
2026-10-14,14,2026-10-01,True,BOGOTA,43211589.99,445057.0825,193924654.72,126051025.57,371.5684,378298.52,66758.56,85.0,15.0,Cubierta (85.0% Contratos / 15.0% Bolsa),1335.1712475000002,496107.44415957906,763242.2217718576,702182.844030109,-61059.37774174858,61059.37774174858,7.999999999999997
2026-10-14,14,2026-10-01,True,CARIBE_MAR,34054618.96,445057.0825,193924654.72,126051025.57,371.5684,378298.52,66758.56,85.0,15.0,Cubierta (85.0% Contratos / 15.0% Bolsa),1335.1712475000002,496107.44415957906,763242.2217718576,702182.844030109,-61059.37774174858,61059.37774174858,7.999999999999997
2026-10-14,14,2026-10-01,True,CARIBE_SOL,26464061.61,445057.0825,193924654.72,126051025.57,371.5684,378298.52,66758.56,85.0,15.0,Cubierta (85.0% Contratos / 15.0% Bolsa),1335.1712475000002,496107.44415957906,763242.2217718576,702182.844030109,-61059.37774174858,61059.37774174858,7.999999999999997
2026-10-14,14,2026-10-01,True,VALLE,21838100.75,445057.0825,193924654.72,126051025.57,371.5684,378298.52,66758.56,85.0,15.0,Cubierta (85.0% Contratos / 15.0% Bolsa),1335.1712475000002,496107.44415957906,763242.2217718576,702182.844030109,-61059.37774174858,61059.37774174858,7.999999999999997
2026-10-14,14,2026-10-01,True,SANTANDER,17230678.04,445057.0825,193924654.72,126051025.57,371.5684,378298.52,66758.56,85.0,15.0,Cubierta (85.0% Contratos / 15.0% Bolsa),1335.1712475000002,496107.44415957906,763242.2217718576,702182.844030109,-61059.37774174858,61059.37774174858,7.999999999999997
2026-10-14,14,2026-10-01,True,CUNDINAMARCA,11061762.9,445057.0825,193924654.72,126051025.57,371.5684,378298.52,66758.56,85.0,15.0,Cubierta (85.0% Contratos / 15.0% Bolsa),1335.1712475000002,496107.44415957906,763242.2217718576,702182.844030109,-61059.37774174858,61059.37774174858,7.999999999999997
2026-10-14,14,2026-10-01,True,TOLIMA,9128357.34,445057.0825,193924654.72,126051025.57,371.5684,378298.52,66758.56,85.0,15.0,Cubierta (85.0% Contratos / 15.0% Bolsa),1335.1712475000002,496107.44415957906,763242.2217718576,702182.844030109,-61059.37774174858,61059.37774174858,7.999999999999997
2026-10-15,15,2026-10-01,True,ANTIOQUIA,30934617.55,446455.5625,194534014.16000003,126447109.2,372.2187,379487.23,66968.33,85.0,15.0,Cubierta (85.0% Contratos / 15.0% Bolsa),1339.3666875000001,498537.32724455633,766980.503477426,705622.063199232,-61358.44027819403,61358.44027819403,7.999999999999993
2026-10-15,15,2026-10-01,True,BOGOTA,42633684.9,446455.5625,194534014.16000003,126447109.2,372.2187,379487.23,66968.33,85.0,15.0,Cubierta (85.0% Contratos / 15.0% Bolsa),1339.3666875000001,498537.32724455633,766980.503477426,705622.063199232,-61358.44027819403,61358.44027819403,7.999999999999993
2026-10-15,15,2026-10-01,True,CARIBE_MAR,34526337.2,446455.5625,194534014.16000003,126447109.2,372.2187,379487.23,66968.33,85.0,15.0,Cubierta (85.0% Contratos / 15.0% Bolsa),1339.3666875000001,498537.32724455633,766980.503477426,705622.063199232,-61358.44027819403,61358.44027819403,7.999999999999993
2026-10-15,15,2026-10-01,True,CARIBE_SOL,27175699.56,446455.5625,194534014.16000003,126447109.2,372.2187,379487.23,66968.33,85.0,15.0,Cubierta (85.0% Contratos / 15.0% Bolsa),1339.3666875000001,498537.32724455633,766980.503477426,705622.063199232,-61358.44027819403,61358.44027819403,7.999999999999993
2026-10-15,15,2026-10-01,True,VALLE,22206974.34,446455.5625,194534014.16000003,126447109.2,372.2187,379487.23,66968.33,85.0,15.0,Cubierta (85.0% Contratos / 15.0% Bolsa),1339.3666875000001,498537.32724455633,766980.503477426,705622.063199232,-61358.44027819403,61358.44027819403,7.999999999999993
2026-10-15,15,2026-10-01,True,SANTANDER,16929054.17,446455.5625,194534014.16000003,126447109.2,372.2187,379487.23,66968.33,85.0,15.0,Cubierta (85.0% Contratos / 15.0% Bolsa),1339.3666875000001,498537.32724455633,766980.503477426,705622.063199232,-61358.44027819403,61358.44027819403,7.999999999999993
2026-10-15,15,2026-10-01,True,CUNDINAMARCA,10990383.5,446455.5625,194534014.16000003,126447109.2,372.2187,379487.23,66968.33,85.0,15.0,Cubierta (85.0% Contratos / 15.0% Bolsa),1339.3666875000001,498537.32724455633,766980.503477426,705622.063199232,-61358.44027819403,61358.44027819403,7.999999999999993
2026-10-15,15,2026-10-01,True,TOLIMA,9137262.94,446455.5625,194534014.16000003,126447109.2,372.2187,379487.23,66968.33,85.0,15.0,Cubierta (85.0% Contratos / 15.0% Bolsa),1339.3666875000001,498537.32724455633,766980.503477426,705622.063199232,-61358.44027819403,61358.44027819403,7.999999999999993
2026-10-16,16,2026-10-01,True,ANTIOQUIA,30462735.18,447133.77125,194829529.87000003,126639194.42,372.8248,380063.71,67070.07,85.0,15.0,Cubierta (85.0% Contratos / 15.0% Bolsa),1341.40131375,500107.676518581,769396.425385862,707844.711354993,-61551.714030868956,61551.714030868956,7.999999999999999
2026-10-16,16,2026-10-01,True,BOGOTA,43424993.34,447133.77125,194829529.87000003,126639194.42,372.8248,380063.71,67070.07,85.0,15.0,Cubierta (85.0% Contratos / 15.0% Bolsa),1341.40131375,500107.676518581,769396.425385862,707844.711354993,-61551.714030868956,61551.714030868956,7.999999999999999
2026-10-16,16,2026-10-01,True,CARIBE_MAR,34039992.79,447133.77125,194829529.87000003,126639194.42,372.8248,380063.71,67070.07,85.0,15.0,Cubierta (85.0% Contratos / 15.0% Bolsa),1341.40131375,500107.676518581,769396.425385862,707844.711354993,-61551.714030868956,61551.714030868956,7.999999999999999
2026-10-16,16,2026-10-01,True,CARIBE_SOL,27183228.47,447133.77125,194829529.87000003,126639194.42,372.8248,380063.71,67070.07,85.0,15.0,Cubierta (85.0% Contratos / 15.0% Bolsa),1341.40131375,500107.676518581,769396.425385862,707844.711354993,-61551.714030868956,61551.714030868956,7.999999999999999
2026-10-16,16,2026-10-01,True,VALLE,22329841.33,447133.77125,194829529.87000003,126639194.42,372.8248,380063.71,67070.07,85.0,15.0,Cubierta (85.0% Contratos / 15.0% Bolsa),1341.40131375,500107.676518581,769396.425385862,707844.711354993,-61551.714030868956,61551.714030868956,7.999999999999999
2026-10-16,16,2026-10-01,True,SANTANDER,17028081.24,447133.77125,194829529.87000003,126639194.42,372.8248,380063.71,67070.07,85.0,15.0,Cubierta (85.0% Contratos / 15.0% Bolsa),1341.40131375,500107.676518581,769396.425385862,707844.711354993,-61551.714030868956,61551.714030868956,7.999999999999999
2026-10-16,16,2026-10-01,True,CUNDINAMARCA,11122409.9,447133.77125,194829529.87000003,126639194.42,372.8248,380063.71,67070.07,85.0,15.0,Cubierta (85.0% Contratos / 15.0% Bolsa),1341.40131375,500107.676518581,769396.425385862,707844.711354993,-61551.714030868956,61551.714030868956,7.999999999999999
2026-10-16,16,2026-10-01,True,TOLIMA,9238247.62,447133.77125,194829529.87000003,126639194.42,372.8248,380063.71,67070.07,85.0,15.0,Cubierta (85.0% Contratos / 15.0% Bolsa),1341.40131375,500107.676518581,769396.425385862,707844.711354993,-61551.714030868956,61551.714030868956,7.999999999999999
2026-10-17,17,2026-10-01,True,ANTIOQUIA,25561584.18,315383.29,162988780.61,105942707.4,373.3774,268075.8,47307.49,85.0,15.0,Cubierta (85.0% Contratos / 15.0% Bolsa),946.14987,353270.978470938,543493.8130142571,500014.3079731166,-43479.50504114054,43479.50504114054,7.999999999999995
2026-10-17,17,2026-10-01,True,BOGOTA,35792053.75,315383.29,162988780.61,105942707.4,373.3774,268075.8,47307.49,85.0,15.0,Cubierta (85.0% Contratos / 15.0% Bolsa),946.14987,353270.978470938,543493.8130142571,500014.3079731166,-43479.50504114054,43479.50504114054,7.999999999999995
2026-10-17,17,2026-10-01,True,CARIBE_MAR,28491949.48,315383.29,162988780.61,105942707.4,373.3774,268075.8,47307.49,85.0,15.0,Cubierta (85.0% Contratos / 15.0% Bolsa),946.14987,353270.978470938,543493.8130142571,500014.3079731166,-43479.50504114054,43479.50504114054,7.999999999999995
2026-10-17,17,2026-10-01,True,CARIBE_SOL,22989619.22,315383.29,162988780.61,105942707.4,373.3774,268075.8,47307.49,85.0,15.0,Cubierta (85.0% Contratos / 15.0% Bolsa),946.14987,353270.978470938,543493.8130142571,500014.3079731166,-43479.50504114054,43479.50504114054,7.999999999999995
2026-10-17,17,2026-10-01,True,VALLE,18440582.15,315383.29,162988780.61,105942707.4,373.3774,268075.8,47307.49,85.0,15.0,Cubierta (85.0% Contratos / 15.0% Bolsa),946.14987,353270.978470938,543493.8130142571,500014.3079731166,-43479.50504114054,43479.50504114054,7.999999999999995
2026-10-17,17,2026-10-01,True,SANTANDER,14559042.46,315383.29,162988780.61,105942707.4,373.3774,268075.8,47307.49,85.0,15.0,Cubierta (85.0% Contratos / 15.0% Bolsa),946.14987,353270.978470938,543493.8130142571,500014.3079731166,-43479.50504114054,43479.50504114054,7.999999999999995
2026-10-17,17,2026-10-01,True,CUNDINAMARCA,9295313.77,315383.29,162988780.61,105942707.4,373.3774,268075.8,47307.49,85.0,15.0,Cubierta (85.0% Contratos / 15.0% Bolsa),946.14987,353270.978470938,543493.8130142571,500014.3079731166,-43479.50504114054,43479.50504114054,7.999999999999995
2026-10-17,17,2026-10-01,True,TOLIMA,7858635.6,315383.29,162988780.61,105942707.4,373.3774,268075.8,47307.49,85.0,15.0,Cubierta (85.0% Contratos / 15.0% Bolsa),946.14987,353270.978470938,543493.8130142571,500014.3079731166,-43479.50504114054,43479.50504114054,7.999999999999995
2026-10-18,18,2026-10-01,True,ANTIOQUIA,25667754.65,318815.72125,164762646.37999997,107095720.15,373.8682,270993.36,47822.36,85.0,15.0,Cubierta (85.0% Contratos / 15.0% Bolsa),956.4471637500001,357585.17950631777,550131.0453789245,506120.5617486105,-44010.483630313945,44010.483630313945,7.999999999999997
2026-10-18,18,2026-10-01,True,BOGOTA,36428126.01,318815.72125,164762646.37999997,107095720.15,373.8682,270993.36,47822.36,85.0,15.0,Cubierta (85.0% Contratos / 15.0% Bolsa),956.4471637500001,357585.17950631777,550131.0453789245,506120.5617486105,-44010.483630313945,44010.483630313945,7.999999999999997
2026-10-18,18,2026-10-01,True,CARIBE_MAR,29445962.3,318815.72125,164762646.37999997,107095720.15,373.8682,270993.36,47822.36,85.0,15.0,Cubierta (85.0% Contratos / 15.0% Bolsa),956.4471637500001,357585.17950631777,550131.0453789245,506120.5617486105,-44010.483630313945,44010.483630313945,7.999999999999997
2026-10-18,18,2026-10-01,True,CARIBE_SOL,23124446.16,318815.72125,164762646.37999997,107095720.15,373.8682,270993.36,47822.36,85.0,15.0,Cubierta (85.0% Contratos / 15.0% Bolsa),956.4471637500001,357585.17950631777,550131.0453789245,506120.5617486105,-44010.483630313945,44010.483630313945,7.999999999999997
2026-10-18,18,2026-10-01,True,VALLE,18883930.28,318815.72125,164762646.37999997,107095720.15,373.8682,270993.36,47822.36,85.0,15.0,Cubierta (85.0% Contratos / 15.0% Bolsa),956.4471637500001,357585.17950631777,550131.0453789245,506120.5617486105,-44010.483630313945,44010.483630313945,7.999999999999997
2026-10-18,18,2026-10-01,True,SANTANDER,14280210.56,318815.72125,164762646.37999997,107095720.15,373.8682,270993.36,47822.36,85.0,15.0,Cubierta (85.0% Contratos / 15.0% Bolsa),956.4471637500001,357585.17950631777,550131.0453789245,506120.5617486105,-44010.483630313945,44010.483630313945,7.999999999999997
2026-10-18,18,2026-10-01,True,CUNDINAMARCA,9139475.97,318815.72125,164762646.37999997,107095720.15,373.8682,270993.36,47822.36,85.0,15.0,Cubierta (85.0% Contratos / 15.0% Bolsa),956.4471637500001,357585.17950631777,550131.0453789245,506120.5617486105,-44010.483630313945,44010.483630313945,7.999999999999997
2026-10-18,18,2026-10-01,True,TOLIMA,7792740.45,318815.72125,164762646.37999997,107095720.15,373.8682,270993.36,47822.36,85.0,15.0,Cubierta (85.0% Contratos / 15.0% Bolsa),956.4471637500001,357585.17950631777,550131.0453789245,506120.5617486105,-44010.483630313945,44010.483630313945,7.999999999999997
2026-10-19,19,2026-10-01,True,ANTIOQUIA,30789501.27,446565.99125,194582131.2,126478385.28,374.2904,379581.09,66984.9,85.0,15.0,Cubierta (85.0% Contratos / 15.0% Bolsa),1339.69797375,501436.090474077,771440.1391908876,709724.9280556166,-61715.211135271005,61715.211135271005,8.0
2026-10-19,19,2026-10-01,True,BOGOTA,43005456.0,446565.99125,194582131.2,126478385.28,374.2904,379581.09,66984.9,85.0,15.0,Cubierta (85.0% Contratos / 15.0% Bolsa),1339.69797375,501436.090474077,771440.1391908876,709724.9280556166,-61715.211135271005,61715.211135271005,8.0
2026-10-19,19,2026-10-01,True,CARIBE_MAR,34098607.15,446565.99125,194582131.2,126478385.28,374.2904,379581.09,66984.9,85.0,15.0,Cubierta (85.0% Contratos / 15.0% Bolsa),1339.69797375,501436.090474077,771440.1391908876,709724.9280556166,-61715.211135271005,61715.211135271005,8.0
2026-10-19,19,2026-10-01,True,CARIBE_SOL,27008516.89,446565.99125,194582131.2,126478385.28,374.2904,379581.09,66984.9,85.0,15.0,Cubierta (85.0% Contratos / 15.0% Bolsa),1339.69797375,501436.090474077,771440.1391908876,709724.9280556166,-61715.211135271005,61715.211135271005,8.0
2026-10-19,19,2026-10-01,True,VALLE,22150174.1,446565.99125,194582131.2,126478385.28,374.2904,379581.09,66984.9,85.0,15.0,Cubierta (85.0% Contratos / 15.0% Bolsa),1339.69797375,501436.090474077,771440.1391908876,709724.9280556166,-61715.211135271005,61715.211135271005,8.0
2026-10-19,19,2026-10-01,True,SANTANDER,17338801.29,446565.99125,194582131.2,126478385.28,374.2904,379581.09,66984.9,85.0,15.0,Cubierta (85.0% Contratos / 15.0% Bolsa),1339.69797375,501436.090474077,771440.1391908876,709724.9280556166,-61715.211135271005,61715.211135271005,8.0
2026-10-19,19,2026-10-01,True,CUNDINAMARCA,11054903.26,446565.99125,194582131.2,126478385.28,374.2904,379581.09,66984.9,85.0,15.0,Cubierta (85.0% Contratos / 15.0% Bolsa),1339.69797375,501436.090474077,771440.1391908876,709724.9280556166,-61715.211135271005,61715.211135271005,8.0
2026-10-19,19,2026-10-01,True,TOLIMA,9136171.24,446565.99125,194582131.2,126478385.28,374.2904,379581.09,66984.9,85.0,15.0,Cubierta (85.0% Contratos / 15.0% Bolsa),1339.69797375,501436.090474077,771440.1391908876,709724.9280556166,-61715.211135271005,61715.211135271005,8.0
2026-10-20,20,2026-10-01,True,ANTIOQUIA,30983019.59,448359.505,195363618.54,126986352.05,374.6383,381105.58,67253.93,85.0,15.0,Cubierta (85.0% Contratos / 15.0% Bolsa),1345.0785150000002,503917.92822612455,775258.3511232196,713237.683033362,-62020.66808985756,62020.66808985756,7.999999999999999
2026-10-20,20,2026-10-01,True,BOGOTA,42996013.68,448359.505,195363618.54,126986352.05,374.6383,381105.58,67253.93,85.0,15.0,Cubierta (85.0% Contratos / 15.0% Bolsa),1345.0785150000002,503917.92822612455,775258.3511232196,713237.683033362,-62020.66808985756,62020.66808985756,7.999999999999999
2026-10-20,20,2026-10-01,True,CARIBE_MAR,34139302.26,448359.505,195363618.54,126986352.05,374.6383,381105.58,67253.93,85.0,15.0,Cubierta (85.0% Contratos / 15.0% Bolsa),1345.0785150000002,503917.92822612455,775258.3511232196,713237.683033362,-62020.66808985756,62020.66808985756,7.999999999999999
2026-10-20,20,2026-10-01,True,CARIBE_SOL,27355500.22,448359.505,195363618.54,126986352.05,374.6383,381105.58,67253.93,85.0,15.0,Cubierta (85.0% Contratos / 15.0% Bolsa),1345.0785150000002,503917.92822612455,775258.3511232196,713237.683033362,-62020.66808985756,62020.66808985756,7.999999999999999
2026-10-20,20,2026-10-01,True,VALLE,22223330.91,448359.505,195363618.54,126986352.05,374.6383,381105.58,67253.93,85.0,15.0,Cubierta (85.0% Contratos / 15.0% Bolsa),1345.0785150000002,503917.92822612455,775258.3511232196,713237.683033362,-62020.66808985756,62020.66808985756,7.999999999999999
2026-10-20,20,2026-10-01,True,SANTANDER,17178536.16,448359.505,195363618.54,126986352.05,374.6383,381105.58,67253.93,85.0,15.0,Cubierta (85.0% Contratos / 15.0% Bolsa),1345.0785150000002,503917.92822612455,775258.3511232196,713237.683033362,-62020.66808985756,62020.66808985756,7.999999999999999
2026-10-20,20,2026-10-01,True,CUNDINAMARCA,11159164.17,448359.505,195363618.54,126986352.05,374.6383,381105.58,67253.93,85.0,15.0,Cubierta (85.0% Contratos / 15.0% Bolsa),1345.0785150000002,503917.92822612455,775258.3511232196,713237.683033362,-62020.66808985756,62020.66808985756,7.999999999999999
2026-10-20,20,2026-10-01,True,TOLIMA,9328751.55,448359.505,195363618.54,126986352.05,374.6383,381105.58,67253.93,85.0,15.0,Cubierta (85.0% Contratos / 15.0% Bolsa),1345.0785150000002,503917.92822612455,775258.3511232196,713237.683033362,-62020.66808985756,62020.66808985756,7.999999999999999
2026-10-21,21,2026-10-01,True,ANTIOQUIA,30874113.88,448469.5525,195411569.80999997,127017520.38,374.9079,381199.12,67270.43,85.0,15.0,Cubierta (85.0% Contratos / 15.0% Bolsa),1345.4086575,504404.3344251442,776006.6683249926,713926.1348589932,-62080.53346599941,62080.53346599941,8.0
2026-10-21,21,2026-10-01,True,BOGOTA,43299824.39,448469.5525,195411569.80999997,127017520.38,374.9079,381199.12,67270.43,85.0,15.0,Cubierta (85.0% Contratos / 15.0% Bolsa),1345.4086575,504404.3344251442,776006.6683249926,713926.1348589932,-62080.53346599941,62080.53346599941,8.0
2026-10-21,21,2026-10-01,True,CARIBE_MAR,34344877.91,448469.5525,195411569.80999997,127017520.38,374.9079,381199.12,67270.43,85.0,15.0,Cubierta (85.0% Contratos / 15.0% Bolsa),1345.4086575,504404.3344251442,776006.6683249926,713926.1348589932,-62080.53346599941,62080.53346599941,8.0
2026-10-21,21,2026-10-01,True,CARIBE_SOL,27011785.28,448469.5525,195411569.80999997,127017520.38,374.9079,381199.12,67270.43,85.0,15.0,Cubierta (85.0% Contratos / 15.0% Bolsa),1345.4086575,504404.3344251442,776006.6683249926,713926.1348589932,-62080.53346599941,62080.53346599941,8.0
2026-10-21,21,2026-10-01,True,VALLE,22441695.32,448469.5525,195411569.80999997,127017520.38,374.9079,381199.12,67270.43,85.0,15.0,Cubierta (85.0% Contratos / 15.0% Bolsa),1345.4086575,504404.3344251442,776006.6683249926,713926.1348589932,-62080.53346599941,62080.53346599941,8.0
2026-10-21,21,2026-10-01,True,SANTANDER,17223995.86,448469.5525,195411569.80999997,127017520.38,374.9079,381199.12,67270.43,85.0,15.0,Cubierta (85.0% Contratos / 15.0% Bolsa),1345.4086575,504404.3344251442,776006.6683249926,713926.1348589932,-62080.53346599941,62080.53346599941,8.0
2026-10-21,21,2026-10-01,True,CUNDINAMARCA,11003717.26,448469.5525,195411569.80999997,127017520.38,374.9079,381199.12,67270.43,85.0,15.0,Cubierta (85.0% Contratos / 15.0% Bolsa),1345.4086575,504404.3344251442,776006.6683249926,713926.1348589932,-62080.53346599941,62080.53346599941,8.0
2026-10-21,21,2026-10-01,True,TOLIMA,9211559.91,448469.5525,195411569.80999997,127017520.38,374.9079,381199.12,67270.43,85.0,15.0,Cubierta (85.0% Contratos / 15.0% Bolsa),1345.4086575,504404.3344251442,776006.6683249926,713926.1348589932,-62080.53346599941,62080.53346599941,8.0
2026-10-22,22,2026-10-01,True,ANTIOQUIA,30838464.25,446566.1825,194582214.73000002,126478439.57,375.0969,379581.26,66984.93,85.0,15.0,Cubierta (85.0% Contratos / 15.0% Bolsa),1339.6985475,502516.7721017527,773102.7263378953,711254.5082308637,-61848.21810703154,61848.21810703154,7.99999999999999
2026-10-22,22,2026-10-01,True,BOGOTA,42873856.89,446566.1825,194582214.73000002,126478439.57,375.0969,379581.26,66984.93,85.0,15.0,Cubierta (85.0% Contratos / 15.0% Bolsa),1339.6985475,502516.7721017527,773102.7263378953,711254.5082308637,-61848.21810703154,61848.21810703154,7.99999999999999
2026-10-22,22,2026-10-01,True,CARIBE_MAR,34048547.93,446566.1825,194582214.73000002,126478439.57,375.0969,379581.26,66984.93,85.0,15.0,Cubierta (85.0% Contratos / 15.0% Bolsa),1339.6985475,502516.7721017527,773102.7263378953,711254.5082308637,-61848.21810703154,61848.21810703154,7.99999999999999
2026-10-22,22,2026-10-01,True,CARIBE_SOL,26908631.56,446566.1825,194582214.73000002,126478439.57,375.0969,379581.26,66984.93,85.0,15.0,Cubierta (85.0% Contratos / 15.0% Bolsa),1339.6985475,502516.7721017527,773102.7263378953,711254.5082308637,-61848.21810703154,61848.21810703154,7.99999999999999
2026-10-22,22,2026-10-01,True,VALLE,22228744.77,446566.1825,194582214.73000002,126478439.57,375.0969,379581.26,66984.93,85.0,15.0,Cubierta (85.0% Contratos / 15.0% Bolsa),1339.6985475,502516.7721017527,773102.7263378953,711254.5082308637,-61848.21810703154,61848.21810703154,7.99999999999999
2026-10-22,22,2026-10-01,True,SANTANDER,17472109.34,446566.1825,194582214.73000002,126478439.57,375.0969,379581.26,66984.93,85.0,15.0,Cubierta (85.0% Contratos / 15.0% Bolsa),1339.6985475,502516.7721017527,773102.7263378953,711254.5082308637,-61848.21810703154,61848.21810703154,7.99999999999999
2026-10-22,22,2026-10-01,True,CUNDINAMARCA,10990242.41,446566.1825,194582214.73000002,126478439.57,375.0969,379581.26,66984.93,85.0,15.0,Cubierta (85.0% Contratos / 15.0% Bolsa),1339.6985475,502516.7721017527,773102.7263378953,711254.5082308637,-61848.21810703154,61848.21810703154,7.99999999999999
2026-10-22,22,2026-10-01,True,TOLIMA,9221617.58,446566.1825,194582214.73000002,126478439.57,375.0969,379581.26,66984.93,85.0,15.0,Cubierta (85.0% Contratos / 15.0% Bolsa),1339.6985475,502516.7721017527,773102.7263378953,711254.5082308637,-61848.21810703154,61848.21810703154,7.99999999999999
2026-10-23,23,2026-10-01,True,ANTIOQUIA,30681385.7,445855.07125,194272362.10999995,126277035.37,375.2043,378976.81,66878.26,85.0,15.0,Cubierta (85.0% Contratos / 15.0% Bolsa),1337.5652137499999,501860.21972941904,772092.6457467391,710325.234087,-61767.4116597391,61767.4116597391,7.9999999999999964
2026-10-23,23,2026-10-01,True,BOGOTA,43143744.29,445855.07125,194272362.10999995,126277035.37,375.2043,378976.81,66878.26,85.0,15.0,Cubierta (85.0% Contratos / 15.0% Bolsa),1337.5652137499999,501860.21972941904,772092.6457467391,710325.234087,-61767.4116597391,61767.4116597391,7.9999999999999964
2026-10-23,23,2026-10-01,True,CARIBE_MAR,34277633.65,445855.07125,194272362.10999995,126277035.37,375.2043,378976.81,66878.26,85.0,15.0,Cubierta (85.0% Contratos / 15.0% Bolsa),1337.5652137499999,501860.21972941904,772092.6457467391,710325.234087,-61767.4116597391,61767.4116597391,7.9999999999999964
2026-10-23,23,2026-10-01,True,CARIBE_SOL,27027241.32,445855.07125,194272362.10999995,126277035.37,375.2043,378976.81,66878.26,85.0,15.0,Cubierta (85.0% Contratos / 15.0% Bolsa),1337.5652137499999,501860.21972941904,772092.6457467391,710325.234087,-61767.4116597391,61767.4116597391,7.9999999999999964
2026-10-23,23,2026-10-01,True,VALLE,21922313.94,445855.07125,194272362.10999995,126277035.37,375.2043,378976.81,66878.26,85.0,15.0,Cubierta (85.0% Contratos / 15.0% Bolsa),1337.5652137499999,501860.21972941904,772092.6457467391,710325.234087,-61767.4116597391,61767.4116597391,7.9999999999999964
2026-10-23,23,2026-10-01,True,SANTANDER,16988262.13,445855.07125,194272362.10999995,126277035.37,375.2043,378976.81,66878.26,85.0,15.0,Cubierta (85.0% Contratos / 15.0% Bolsa),1337.5652137499999,501860.21972941904,772092.6457467391,710325.234087,-61767.4116597391,61767.4116597391,7.9999999999999964
2026-10-23,23,2026-10-01,True,CUNDINAMARCA,10994218.98,445855.07125,194272362.10999995,126277035.37,375.2043,378976.81,66878.26,85.0,15.0,Cubierta (85.0% Contratos / 15.0% Bolsa),1337.5652137499999,501860.21972941904,772092.6457467391,710325.234087,-61767.4116597391,61767.4116597391,7.9999999999999964
2026-10-23,23,2026-10-01,True,TOLIMA,9237562.1,445855.07125,194272362.10999995,126277035.37,375.2043,378976.81,66878.26,85.0,15.0,Cubierta (85.0% Contratos / 15.0% Bolsa),1337.5652137499999,501860.21972941904,772092.6457467391,710325.234087,-61767.4116597391,61767.4116597391,7.9999999999999964
2026-10-24,24,2026-10-01,True,ANTIOQUIA,25804871.43,315733.71,163169876.02999997,106060419.42,375.2312,268373.65,47360.06,85.0,15.0,Cubierta (85.0% Contratos / 15.0% Bolsa),947.20113,355419.41665125603,546799.102537816,503055.1743347908,-43743.92820302525,43743.92820302525,7.999999999999995
2026-10-24,24,2026-10-01,True,BOGOTA,35575888.28,315733.71,163169876.02999997,106060419.42,375.2312,268373.65,47360.06,85.0,15.0,Cubierta (85.0% Contratos / 15.0% Bolsa),947.20113,355419.41665125603,546799.102537816,503055.1743347908,-43743.92820302525,43743.92820302525,7.999999999999995
2026-10-24,24,2026-10-01,True,CARIBE_MAR,28968885.83,315733.71,163169876.02999997,106060419.42,375.2312,268373.65,47360.06,85.0,15.0,Cubierta (85.0% Contratos / 15.0% Bolsa),947.20113,355419.41665125603,546799.102537816,503055.1743347908,-43743.92820302525,43743.92820302525,7.999999999999995
2026-10-24,24,2026-10-01,True,CARIBE_SOL,22604080.72,315733.71,163169876.02999997,106060419.42,375.2312,268373.65,47360.06,85.0,15.0,Cubierta (85.0% Contratos / 15.0% Bolsa),947.20113,355419.41665125603,546799.102537816,503055.1743347908,-43743.92820302525,43743.92820302525,7.999999999999995
2026-10-24,24,2026-10-01,True,VALLE,18766194.02,315733.71,163169876.02999997,106060419.42,375.2312,268373.65,47360.06,85.0,15.0,Cubierta (85.0% Contratos / 15.0% Bolsa),947.20113,355419.41665125603,546799.102537816,503055.1743347908,-43743.92820302525,43743.92820302525,7.999999999999995
2026-10-24,24,2026-10-01,True,SANTANDER,14195516.98,315733.71,163169876.02999997,106060419.42,375.2312,268373.65,47360.06,85.0,15.0,Cubierta (85.0% Contratos / 15.0% Bolsa),947.20113,355419.41665125603,546799.102537816,503055.1743347908,-43743.92820302525,43743.92820302525,7.999999999999995
2026-10-24,24,2026-10-01,True,CUNDINAMARCA,9407824.07,315733.71,163169876.02999997,106060419.42,375.2312,268373.65,47360.06,85.0,15.0,Cubierta (85.0% Contratos / 15.0% Bolsa),947.20113,355419.41665125603,546799.102537816,503055.1743347908,-43743.92820302525,43743.92820302525,7.999999999999995
2026-10-24,24,2026-10-01,True,TOLIMA,7846614.7,315733.71,163169876.02999997,106060419.42,375.2312,268373.65,47360.06,85.0,15.0,Cubierta (85.0% Contratos / 15.0% Bolsa),947.20113,355419.41665125603,546799.102537816,503055.1743347908,-43743.92820302525,43743.92820302525,7.999999999999995
2026-10-25,25,2026-10-01,True,ANTIOQUIA,26176102.92,318903.47875,164807999.43,107125199.63,375.1799,271067.96,47835.52,85.0,15.0,Cubierta (85.0% Contratos / 15.0% Bolsa),956.71043625,358938.5258012314,552213.1166147016,508036.0672855255,-44177.04932917608,44177.04932917608,7.999999999999992
2026-10-25,25,2026-10-01,True,BOGOTA,36639770.17,318903.47875,164807999.43,107125199.63,375.1799,271067.96,47835.52,85.0,15.0,Cubierta (85.0% Contratos / 15.0% Bolsa),956.71043625,358938.5258012314,552213.1166147016,508036.0672855255,-44177.04932917608,44177.04932917608,7.999999999999992
2026-10-25,25,2026-10-01,True,CARIBE_MAR,29063777.12,318903.47875,164807999.43,107125199.63,375.1799,271067.96,47835.52,85.0,15.0,Cubierta (85.0% Contratos / 15.0% Bolsa),956.71043625,358938.5258012314,552213.1166147016,508036.0672855255,-44177.04932917608,44177.04932917608,7.999999999999992
2026-10-25,25,2026-10-01,True,CARIBE_SOL,22729459.84,318903.47875,164807999.43,107125199.63,375.1799,271067.96,47835.52,85.0,15.0,Cubierta (85.0% Contratos / 15.0% Bolsa),956.71043625,358938.5258012314,552213.1166147016,508036.0672855255,-44177.04932917608,44177.04932917608,7.999999999999992
2026-10-25,25,2026-10-01,True,VALLE,18761810.82,318903.47875,164807999.43,107125199.63,375.1799,271067.96,47835.52,85.0,15.0,Cubierta (85.0% Contratos / 15.0% Bolsa),956.71043625,358938.5258012314,552213.1166147016,508036.0672855255,-44177.04932917608,44177.04932917608,7.999999999999992
2026-10-25,25,2026-10-01,True,SANTANDER,14307034.77,318903.47875,164807999.43,107125199.63,375.1799,271067.96,47835.52,85.0,15.0,Cubierta (85.0% Contratos / 15.0% Bolsa),956.71043625,358938.5258012314,552213.1166147016,508036.0672855255,-44177.04932917608,44177.04932917608,7.999999999999992
2026-10-25,25,2026-10-01,True,CUNDINAMARCA,9306864.44,318903.47875,164807999.43,107125199.63,375.1799,271067.96,47835.52,85.0,15.0,Cubierta (85.0% Contratos / 15.0% Bolsa),956.71043625,358938.5258012314,552213.1166147016,508036.0672855255,-44177.04932917608,44177.04932917608,7.999999999999992
2026-10-25,25,2026-10-01,True,TOLIMA,7823179.35,318903.47875,164807999.43,107125199.63,375.1799,271067.96,47835.52,85.0,15.0,Cubierta (85.0% Contratos / 15.0% Bolsa),956.71043625,358938.5258012314,552213.1166147016,508036.0672855255,-44177.04932917608,44177.04932917608,7.999999999999992
2026-10-26,26,2026-10-01,True,ANTIOQUIA,31014287.54,449019.88,195651364.06,127173386.64,375.0546,381666.9,67352.98,85.0,15.0,Cubierta (85.0% Contratos / 15.0% Bolsa),1347.05964,505220.914456344,777262.9453113405,715081.9096864333,-62181.035624907236,62181.035624907236,7.999999999999999
2026-10-26,26,2026-10-01,True,BOGOTA,43428600.55,449019.88,195651364.06,127173386.64,375.0546,381666.9,67352.98,85.0,15.0,Cubierta (85.0% Contratos / 15.0% Bolsa),1347.05964,505220.914456344,777262.9453113405,715081.9096864333,-62181.035624907236,62181.035624907236,7.999999999999999
2026-10-26,26,2026-10-01,True,CARIBE_MAR,34567528.79,449019.88,195651364.06,127173386.64,375.0546,381666.9,67352.98,85.0,15.0,Cubierta (85.0% Contratos / 15.0% Bolsa),1347.05964,505220.914456344,777262.9453113405,715081.9096864333,-62181.035624907236,62181.035624907236,7.999999999999999
2026-10-26,26,2026-10-01,True,CARIBE_SOL,27067987.78,449019.88,195651364.06,127173386.64,375.0546,381666.9,67352.98,85.0,15.0,Cubierta (85.0% Contratos / 15.0% Bolsa),1347.05964,505220.914456344,777262.9453113405,715081.9096864333,-62181.035624907236,62181.035624907236,7.999999999999999
2026-10-26,26,2026-10-01,True,VALLE,21935365.29,449019.88,195651364.06,127173386.64,375.0546,381666.9,67352.98,85.0,15.0,Cubierta (85.0% Contratos / 15.0% Bolsa),1347.05964,505220.914456344,777262.9453113405,715081.9096864333,-62181.035624907236,62181.035624907236,7.999999999999999
2026-10-26,26,2026-10-01,True,SANTANDER,17261997.11,449019.88,195651364.06,127173386.64,375.0546,381666.9,67352.98,85.0,15.0,Cubierta (85.0% Contratos / 15.0% Bolsa),1347.05964,505220.914456344,777262.9453113405,715081.9096864333,-62181.035624907236,62181.035624907236,7.999999999999999
2026-10-26,26,2026-10-01,True,CUNDINAMARCA,11112957.02,449019.88,195651364.06,127173386.64,375.0546,381666.9,67352.98,85.0,15.0,Cubierta (85.0% Contratos / 15.0% Bolsa),1347.05964,505220.914456344,777262.9453113405,715081.9096864333,-62181.035624907236,62181.035624907236,7.999999999999999
2026-10-26,26,2026-10-01,True,TOLIMA,9262639.98,449019.88,195651364.06,127173386.64,375.0546,381666.9,67352.98,85.0,15.0,Cubierta (85.0% Contratos / 15.0% Bolsa),1347.05964,505220.914456344,777262.9453113405,715081.9096864333,-62181.035624907236,62181.035624907236,7.999999999999999
2026-10-27,27,2026-10-01,True,ANTIOQUIA,30205455.31,445660.0925,194187403.97999996,126221812.59,374.8608,378811.08,66849.01,85.0,15.0,Cubierta (85.0% Contratos / 15.0% Bolsa),1336.9802775,501181.496407872,771048.4559937845,709364.5795142817,-61683.87647950277,61683.87647950277,8.000000000000002
2026-10-27,27,2026-10-01,True,BOGOTA,42612393.16,445660.0925,194187403.97999996,126221812.59,374.8608,378811.08,66849.01,85.0,15.0,Cubierta (85.0% Contratos / 15.0% Bolsa),1336.9802775,501181.496407872,771048.4559937845,709364.5795142817,-61683.87647950277,61683.87647950277,8.000000000000002
2026-10-27,27,2026-10-01,True,CARIBE_MAR,34587293.53,445660.0925,194187403.97999996,126221812.59,374.8608,378811.08,66849.01,85.0,15.0,Cubierta (85.0% Contratos / 15.0% Bolsa),1336.9802775,501181.496407872,771048.4559937845,709364.5795142817,-61683.87647950277,61683.87647950277,8.000000000000002
2026-10-27,27,2026-10-01,True,CARIBE_SOL,27175217.89,445660.0925,194187403.97999996,126221812.59,374.8608,378811.08,66849.01,85.0,15.0,Cubierta (85.0% Contratos / 15.0% Bolsa),1336.9802775,501181.496407872,771048.4559937845,709364.5795142817,-61683.87647950277,61683.87647950277,8.000000000000002
2026-10-27,27,2026-10-01,True,VALLE,22052981.95,445660.0925,194187403.97999996,126221812.59,374.8608,378811.08,66849.01,85.0,15.0,Cubierta (85.0% Contratos / 15.0% Bolsa),1336.9802775,501181.496407872,771048.4559937845,709364.5795142817,-61683.87647950277,61683.87647950277,8.000000000000002
2026-10-27,27,2026-10-01,True,SANTANDER,17166626.13,445660.0925,194187403.97999996,126221812.59,374.8608,378811.08,66849.01,85.0,15.0,Cubierta (85.0% Contratos / 15.0% Bolsa),1336.9802775,501181.496407872,771048.4559937845,709364.5795142817,-61683.87647950277,61683.87647950277,8.000000000000002
2026-10-27,27,2026-10-01,True,CUNDINAMARCA,11136901.23,445660.0925,194187403.97999996,126221812.59,374.8608,378811.08,66849.01,85.0,15.0,Cubierta (85.0% Contratos / 15.0% Bolsa),1336.9802775,501181.496407872,771048.4559937845,709364.5795142817,-61683.87647950277,61683.87647950277,8.000000000000002
2026-10-27,27,2026-10-01,True,TOLIMA,9250534.78,445660.0925,194187403.97999996,126221812.59,374.8608,378811.08,66849.01,85.0,15.0,Cubierta (85.0% Contratos / 15.0% Bolsa),1336.9802775,501181.496407872,771048.4559937845,709364.5795142817,-61683.87647950277,61683.87647950277,8.000000000000002
2026-10-28,28,2026-10-01,True,ANTIOQUIA,30873772.25,449329.70125,195786362.26,127261135.47,374.6057,381930.25,67399.46,85.0,15.0,Cubierta (85.0% Contratos / 15.0% Bolsa),1347.98910375,504964.40180264134,776868.3104594977,714718.8456227379,-62149.46483675984,62149.46483675984,8.000000000000004
2026-10-28,28,2026-10-01,True,BOGOTA,43754849.37,449329.70125,195786362.26,127261135.47,374.6057,381930.25,67399.46,85.0,15.0,Cubierta (85.0% Contratos / 15.0% Bolsa),1347.98910375,504964.40180264134,776868.3104594977,714718.8456227379,-62149.46483675984,62149.46483675984,8.000000000000004
2026-10-28,28,2026-10-01,True,CARIBE_MAR,34433104.73,449329.70125,195786362.26,127261135.47,374.6057,381930.25,67399.46,85.0,15.0,Cubierta (85.0% Contratos / 15.0% Bolsa),1347.98910375,504964.40180264134,776868.3104594977,714718.8456227379,-62149.46483675984,62149.46483675984,8.000000000000004
2026-10-28,28,2026-10-01,True,CARIBE_SOL,27150371.12,449329.70125,195786362.26,127261135.47,374.6057,381930.25,67399.46,85.0,15.0,Cubierta (85.0% Contratos / 15.0% Bolsa),1347.98910375,504964.40180264134,776868.3104594977,714718.8456227379,-62149.46483675984,62149.46483675984,8.000000000000004
2026-10-28,28,2026-10-01,True,VALLE,22008899.33,449329.70125,195786362.26,127261135.47,374.6057,381930.25,67399.46,85.0,15.0,Cubierta (85.0% Contratos / 15.0% Bolsa),1347.98910375,504964.40180264134,776868.3104594977,714718.8456227379,-62149.46483675984,62149.46483675984,8.000000000000004
2026-10-28,28,2026-10-01,True,SANTANDER,17338965.48,449329.70125,195786362.26,127261135.47,374.6057,381930.25,67399.46,85.0,15.0,Cubierta (85.0% Contratos / 15.0% Bolsa),1347.98910375,504964.40180264134,776868.3104594977,714718.8456227379,-62149.46483675984,62149.46483675984,8.000000000000004
2026-10-28,28,2026-10-01,True,CUNDINAMARCA,10992722.79,449329.70125,195786362.26,127261135.47,374.6057,381930.25,67399.46,85.0,15.0,Cubierta (85.0% Contratos / 15.0% Bolsa),1347.98910375,504964.40180264134,776868.3104594977,714718.8456227379,-62149.46483675984,62149.46483675984,8.000000000000004
2026-10-28,28,2026-10-01,True,TOLIMA,9233677.19,449329.70125,195786362.26,127261135.47,374.6057,381930.25,67399.46,85.0,15.0,Cubierta (85.0% Contratos / 15.0% Bolsa),1347.98910375,504964.40180264134,776868.3104594977,714718.8456227379,-62149.46483675984,62149.46483675984,8.000000000000004
2026-10-29,29,2026-10-01,True,ANTIOQUIA,30828455.89,447717.14125,195083721.5,126804418.98,374.2975,380559.57,67157.57,85.0,15.0,Cubierta (85.0% Contratos / 15.0% Bolsa),1343.15142375,502738.22003106563,773443.415401911,711567.9421697581,-61875.47323215287,61875.47323215287,7.999999999999999
2026-10-29,29,2026-10-01,True,BOGOTA,42735028.46,447717.14125,195083721.5,126804418.98,374.2975,380559.57,67157.57,85.0,15.0,Cubierta (85.0% Contratos / 15.0% Bolsa),1343.15142375,502738.22003106563,773443.415401911,711567.9421697581,-61875.47323215287,61875.47323215287,7.999999999999999
2026-10-29,29,2026-10-01,True,CARIBE_MAR,34613136.67,447717.14125,195083721.5,126804418.98,374.2975,380559.57,67157.57,85.0,15.0,Cubierta (85.0% Contratos / 15.0% Bolsa),1343.15142375,502738.22003106563,773443.415401911,711567.9421697581,-61875.47323215287,61875.47323215287,7.999999999999999
2026-10-29,29,2026-10-01,True,CARIBE_SOL,27095487.05,447717.14125,195083721.5,126804418.98,374.2975,380559.57,67157.57,85.0,15.0,Cubierta (85.0% Contratos / 15.0% Bolsa),1343.15142375,502738.22003106563,773443.415401911,711567.9421697581,-61875.47323215287,61875.47323215287,7.999999999999999
2026-10-29,29,2026-10-01,True,VALLE,22229081.47,447717.14125,195083721.5,126804418.98,374.2975,380559.57,67157.57,85.0,15.0,Cubierta (85.0% Contratos / 15.0% Bolsa),1343.15142375,502738.22003106563,773443.415401911,711567.9421697581,-61875.47323215287,61875.47323215287,7.999999999999999
2026-10-29,29,2026-10-01,True,SANTANDER,17289716.4,447717.14125,195083721.5,126804418.98,374.2975,380559.57,67157.57,85.0,15.0,Cubierta (85.0% Contratos / 15.0% Bolsa),1343.15142375,502738.22003106563,773443.415401911,711567.9421697581,-61875.47323215287,61875.47323215287,7.999999999999999
2026-10-29,29,2026-10-01,True,CUNDINAMARCA,11009016.0,447717.14125,195083721.5,126804418.98,374.2975,380559.57,67157.57,85.0,15.0,Cubierta (85.0% Contratos / 15.0% Bolsa),1343.15142375,502738.22003106563,773443.415401911,711567.9421697581,-61875.47323215287,61875.47323215287,7.999999999999999
2026-10-29,29,2026-10-01,True,TOLIMA,9283799.56,447717.14125,195083721.5,126804418.98,374.2975,380559.57,67157.57,85.0,15.0,Cubierta (85.0% Contratos / 15.0% Bolsa),1343.15142375,502738.22003106563,773443.415401911,711567.9421697581,-61875.47323215287,61875.47323215287,7.999999999999999
2026-10-30,30,2026-10-01,True,ANTIOQUIA,30673620.74,447865.765,195148481.49999997,126846512.97,373.9454,380685.9,67179.86,85.0,15.0,Cubierta (85.0% Contratos / 15.0% Bolsa),1343.597295,502432.027917693,772972.3506730733,711134.5626192275,-61837.78805384587,61837.78805384587,8.0
2026-10-30,30,2026-10-01,True,BOGOTA,43385877.06,447865.765,195148481.49999997,126846512.97,373.9454,380685.9,67179.86,85.0,15.0,Cubierta (85.0% Contratos / 15.0% Bolsa),1343.597295,502432.027917693,772972.3506730733,711134.5626192275,-61837.78805384587,61837.78805384587,8.0
2026-10-30,30,2026-10-01,True,CARIBE_MAR,34154260.55,447865.765,195148481.49999997,126846512.97,373.9454,380685.9,67179.86,85.0,15.0,Cubierta (85.0% Contratos / 15.0% Bolsa),1343.597295,502432.027917693,772972.3506730733,711134.5626192275,-61837.78805384587,61837.78805384587,8.0
2026-10-30,30,2026-10-01,True,CARIBE_SOL,27366780.68,447865.765,195148481.49999997,126846512.97,373.9454,380685.9,67179.86,85.0,15.0,Cubierta (85.0% Contratos / 15.0% Bolsa),1343.597295,502432.027917693,772972.3506730733,711134.5626192275,-61837.78805384587,61837.78805384587,8.0
2026-10-30,30,2026-10-01,True,VALLE,21913727.38,447865.765,195148481.49999997,126846512.97,373.9454,380685.9,67179.86,85.0,15.0,Cubierta (85.0% Contratos / 15.0% Bolsa),1343.597295,502432.027917693,772972.3506730733,711134.5626192275,-61837.78805384587,61837.78805384587,8.0
2026-10-30,30,2026-10-01,True,SANTANDER,17203607.92,447865.765,195148481.49999997,126846512.97,373.9454,380685.9,67179.86,85.0,15.0,Cubierta (85.0% Contratos / 15.0% Bolsa),1343.597295,502432.027917693,772972.3506730733,711134.5626192275,-61837.78805384587,61837.78805384587,8.0
2026-10-30,30,2026-10-01,True,CUNDINAMARCA,11172410.35,447865.765,195148481.49999997,126846512.97,373.9454,380685.9,67179.86,85.0,15.0,Cubierta (85.0% Contratos / 15.0% Bolsa),1343.597295,502432.027917693,772972.3506730733,711134.5626192275,-61837.78805384587,61837.78805384587,8.0
2026-10-30,30,2026-10-01,True,TOLIMA,9278196.82,447865.765,195148481.49999997,126846512.97,373.9454,380685.9,67179.86,85.0,15.0,Cubierta (85.0% Contratos / 15.0% Bolsa),1343.597295,502432.027917693,772972.3506730733,711134.5626192275,-61837.78805384587,61837.78805384587,8.0
2026-10-31,31,2026-10-01,True,ANTIOQUIA,26168168.23,319674.39125,165206403.47,107384162.26,373.5597,271723.23,47951.16,85.0,15.0,Cubierta (85.0% Contratos / 15.0% Bolsa),959.02317375,358252.40907909785,551157.5524062847,507064.948213782,-44092.60419250274,44092.60419250274,7.999999999999993
2026-10-31,31,2026-10-01,True,BOGOTA,36193029.71,319674.39125,165206403.47,107384162.26,373.5597,271723.23,47951.16,85.0,15.0,Cubierta (85.0% Contratos / 15.0% Bolsa),959.02317375,358252.40907909785,551157.5524062847,507064.948213782,-44092.60419250274,44092.60419250274,7.999999999999993
2026-10-31,31,2026-10-01,True,CARIBE_MAR,29240951.61,319674.39125,165206403.47,107384162.26,373.5597,271723.23,47951.16,85.0,15.0,Cubierta (85.0% Contratos / 15.0% Bolsa),959.02317375,358252.40907909785,551157.5524062847,507064.948213782,-44092.60419250274,44092.60419250274,7.999999999999993
2026-10-31,31,2026-10-01,True,CARIBE_SOL,23024000.35,319674.39125,165206403.47,107384162.26,373.5597,271723.23,47951.16,85.0,15.0,Cubierta (85.0% Contratos / 15.0% Bolsa),959.02317375,358252.40907909785,551157.5524062847,507064.948213782,-44092.60419250274,44092.60419250274,7.999999999999993
2026-10-31,31,2026-10-01,True,VALLE,18587869.52,319674.39125,165206403.47,107384162.26,373.5597,271723.23,47951.16,85.0,15.0,Cubierta (85.0% Contratos / 15.0% Bolsa),959.02317375,358252.40907909785,551157.5524062847,507064.948213782,-44092.60419250274,44092.60419250274,7.999999999999993
2026-10-31,31,2026-10-01,True,SANTANDER,14799687.26,319674.39125,165206403.47,107384162.26,373.5597,271723.23,47951.16,85.0,15.0,Cubierta (85.0% Contratos / 15.0% Bolsa),959.02317375,358252.40907909785,551157.5524062847,507064.948213782,-44092.60419250274,44092.60419250274,7.999999999999993
2026-10-31,31,2026-10-01,True,CUNDINAMARCA,9392655.04,319674.39125,165206403.47,107384162.26,373.5597,271723.23,47951.16,85.0,15.0,Cubierta (85.0% Contratos / 15.0% Bolsa),959.02317375,358252.40907909785,551157.5524062847,507064.948213782,-44092.60419250274,44092.60419250274,7.999999999999993
2026-10-31,31,2026-10-01,True,TOLIMA,7800041.75,319674.39125,165206403.47,107384162.26,373.5597,271723.23,47951.16,85.0,15.0,Cubierta (85.0% Contratos / 15.0% Bolsa),959.02317375,358252.40907909785,551157.5524062847,507064.948213782,-44092.60419250274,44092.60419250274,7.999999999999993
2026-11-01,1,2026-11-01,True,ANTIOQUIA,25698612.3,317540.84625,164103796.78000003,106667467.91,373.1514,269909.72,47631.13,85.0,15.0,Cubierta (85.0% Contratos / 15.0% Bolsa),952.62253875,355472.43400611676,546880.6676863374,503130.2142714304,-43750.45341490698,43750.45341490698,7.999999999999999
2026-11-01,1,2026-11-01,True,BOGOTA,36385576.13,317540.84625,164103796.78000003,106667467.91,373.1514,269909.72,47631.13,85.0,15.0,Cubierta (85.0% Contratos / 15.0% Bolsa),952.62253875,355472.43400611676,546880.6676863374,503130.2142714304,-43750.45341490698,43750.45341490698,7.999999999999999
2026-11-01,1,2026-11-01,True,CARIBE_MAR,29212818.01,317540.84625,164103796.78000003,106667467.91,373.1514,269909.72,47631.13,85.0,15.0,Cubierta (85.0% Contratos / 15.0% Bolsa),952.62253875,355472.43400611676,546880.6676863374,503130.2142714304,-43750.45341490698,43750.45341490698,7.999999999999999
2026-11-01,1,2026-11-01,True,CARIBE_SOL,22335962.7,317540.84625,164103796.78000003,106667467.91,373.1514,269909.72,47631.13,85.0,15.0,Cubierta (85.0% Contratos / 15.0% Bolsa),952.62253875,355472.43400611676,546880.6676863374,503130.2142714304,-43750.45341490698,43750.45341490698,7.999999999999999
2026-11-01,1,2026-11-01,True,VALLE,18957202.2,317540.84625,164103796.78000003,106667467.91,373.1514,269909.72,47631.13,85.0,15.0,Cubierta (85.0% Contratos / 15.0% Bolsa),952.62253875,355472.43400611676,546880.6676863374,503130.2142714304,-43750.45341490698,43750.45341490698,7.999999999999999
2026-11-01,1,2026-11-01,True,SANTANDER,14307895.19,317540.84625,164103796.78000003,106667467.91,373.1514,269909.72,47631.13,85.0,15.0,Cubierta (85.0% Contratos / 15.0% Bolsa),952.62253875,355472.43400611676,546880.6676863374,503130.2142714304,-43750.45341490698,43750.45341490698,7.999999999999999
2026-11-01,1,2026-11-01,True,CUNDINAMARCA,9377218.37,317540.84625,164103796.78000003,106667467.91,373.1514,269909.72,47631.13,85.0,15.0,Cubierta (85.0% Contratos / 15.0% Bolsa),952.62253875,355472.43400611676,546880.6676863374,503130.2142714304,-43750.45341490698,43750.45341490698,7.999999999999999
2026-11-01,1,2026-11-01,True,TOLIMA,7828511.88,317540.84625,164103796.78000003,106667467.91,373.1514,269909.72,47631.13,85.0,15.0,Cubierta (85.0% Contratos / 15.0% Bolsa),952.62253875,355472.43400611676,546880.6676863374,503130.2142714304,-43750.45341490698,43750.45341490698,7.999999999999999
2026-11-02,2,2026-11-01,True,ANTIOQUIA,30393247.86,448580.5525,195459935.75999996,127048958.24,372.7317,381293.47,67287.08,85.0,15.0,Cubierta (85.0% Contratos / 15.0% Bolsa),1345.7416575,501600.5757607927,771693.1935024386,709957.7380222436,-61735.455480195,61735.455480195,7.999999999999989
2026-11-02,2,2026-11-01,True,BOGOTA,43969499.65,448580.5525,195459935.75999996,127048958.24,372.7317,381293.47,67287.08,85.0,15.0,Cubierta (85.0% Contratos / 15.0% Bolsa),1345.7416575,501600.5757607927,771693.1935024386,709957.7380222436,-61735.455480195,61735.455480195,7.999999999999989
2026-11-02,2,2026-11-01,True,CARIBE_MAR,34226239.97,448580.5525,195459935.75999996,127048958.24,372.7317,381293.47,67287.08,85.0,15.0,Cubierta (85.0% Contratos / 15.0% Bolsa),1345.7416575,501600.5757607927,771693.1935024386,709957.7380222436,-61735.455480195,61735.455480195,7.999999999999989
2026-11-02,2,2026-11-01,True,CARIBE_SOL,27307941.95,448580.5525,195459935.75999996,127048958.24,372.7317,381293.47,67287.08,85.0,15.0,Cubierta (85.0% Contratos / 15.0% Bolsa),1345.7416575,501600.5757607927,771693.1935024386,709957.7380222436,-61735.455480195,61735.455480195,7.999999999999989
2026-11-02,2,2026-11-01,True,VALLE,22145520.63,448580.5525,195459935.75999996,127048958.24,372.7317,381293.47,67287.08,85.0,15.0,Cubierta (85.0% Contratos / 15.0% Bolsa),1345.7416575,501600.5757607927,771693.1935024386,709957.7380222436,-61735.455480195,61735.455480195,7.999999999999989
2026-11-02,2,2026-11-01,True,SANTANDER,17191828.89,448580.5525,195459935.75999996,127048958.24,372.7317,381293.47,67287.08,85.0,15.0,Cubierta (85.0% Contratos / 15.0% Bolsa),1345.7416575,501600.5757607927,771693.1935024386,709957.7380222436,-61735.455480195,61735.455480195,7.999999999999989
2026-11-02,2,2026-11-01,True,CUNDINAMARCA,11054532.64,448580.5525,195459935.75999996,127048958.24,372.7317,381293.47,67287.08,85.0,15.0,Cubierta (85.0% Contratos / 15.0% Bolsa),1345.7416575,501600.5757607927,771693.1935024386,709957.7380222436,-61735.455480195,61735.455480195,7.999999999999989
2026-11-02,2,2026-11-01,True,TOLIMA,9171124.17,448580.5525,195459935.75999996,127048958.24,372.7317,381293.47,67287.08,85.0,15.0,Cubierta (85.0% Contratos / 15.0% Bolsa),1345.7416575,501600.5757607927,771693.1935024386,709957.7380222436,-61735.455480195,61735.455480195,7.999999999999989
2026-11-03,3,2026-11-01,True,ANTIOQUIA,30967934.51,448777.95,195545947.47,127104865.86,372.3124,381461.26,67316.69,85.0,15.0,Cubierta (85.0% Contratos / 15.0% Bolsa),1346.33385,501256.78689474,771164.2875030673,709471.144502822,-61693.14300024533,61693.14300024533,7.999999999999993
2026-11-03,3,2026-11-01,True,BOGOTA,42893021.44,448777.95,195545947.47,127104865.86,372.3124,381461.26,67316.69,85.0,15.0,Cubierta (85.0% Contratos / 15.0% Bolsa),1346.33385,501256.78689474,771164.2875030673,709471.144502822,-61693.14300024533,61693.14300024533,7.999999999999993
2026-11-03,3,2026-11-01,True,CARIBE_MAR,34800386.14,448777.95,195545947.47,127104865.86,372.3124,381461.26,67316.69,85.0,15.0,Cubierta (85.0% Contratos / 15.0% Bolsa),1346.33385,501256.78689474,771164.2875030673,709471.144502822,-61693.14300024533,61693.14300024533,7.999999999999993
2026-11-03,3,2026-11-01,True,CARIBE_SOL,26871554.35,448777.95,195545947.47,127104865.86,372.3124,381461.26,67316.69,85.0,15.0,Cubierta (85.0% Contratos / 15.0% Bolsa),1346.33385,501256.78689474,771164.2875030673,709471.144502822,-61693.14300024533,61693.14300024533,7.999999999999993
2026-11-03,3,2026-11-01,True,VALLE,22208356.82,448777.95,195545947.47,127104865.86,372.3124,381461.26,67316.69,85.0,15.0,Cubierta (85.0% Contratos / 15.0% Bolsa),1346.33385,501256.78689474,771164.2875030673,709471.144502822,-61693.14300024533,61693.14300024533,7.999999999999993
2026-11-03,3,2026-11-01,True,SANTANDER,17404740.63,448777.95,195545947.47,127104865.86,372.3124,381461.26,67316.69,85.0,15.0,Cubierta (85.0% Contratos / 15.0% Bolsa),1346.33385,501256.78689474,771164.2875030673,709471.144502822,-61693.14300024533,61693.14300024533,7.999999999999993
2026-11-03,3,2026-11-01,True,CUNDINAMARCA,11125100.25,448777.95,195545947.47,127104865.86,372.3124,381461.26,67316.69,85.0,15.0,Cubierta (85.0% Contratos / 15.0% Bolsa),1346.33385,501256.78689474,771164.2875030673,709471.144502822,-61693.14300024533,61693.14300024533,7.999999999999993
2026-11-03,3,2026-11-01,True,TOLIMA,9274853.33,448777.95,195545947.47,127104865.86,372.3124,381461.26,67316.69,85.0,15.0,Cubierta (85.0% Contratos / 15.0% Bolsa),1346.33385,501256.78689474,771164.2875030673,709471.144502822,-61693.14300024533,61693.14300024533,7.999999999999993
2026-11-04,4,2026-11-01,True,ANTIOQUIA,30966034.45,450614.43625,196346159.45000005,127625003.64,371.905,383022.27,67592.17,85.0,15.0,Cubierta (85.0% Contratos / 15.0% Bolsa),1351.84330875,502757.2857406687,773472.7473084879,711594.9275238089,-61877.819784678984,61877.819784678984,7.999999999999995
2026-11-04,4,2026-11-01,True,BOGOTA,43724278.92,450614.43625,196346159.45000005,127625003.64,371.905,383022.27,67592.17,85.0,15.0,Cubierta (85.0% Contratos / 15.0% Bolsa),1351.84330875,502757.2857406687,773472.7473084879,711594.9275238089,-61877.819784678984,61877.819784678984,7.999999999999995
2026-11-04,4,2026-11-01,True,CARIBE_MAR,34383706.84,450614.43625,196346159.45000005,127625003.64,371.905,383022.27,67592.17,85.0,15.0,Cubierta (85.0% Contratos / 15.0% Bolsa),1351.84330875,502757.2857406687,773472.7473084879,711594.9275238089,-61877.819784678984,61877.819784678984,7.999999999999995
2026-11-04,4,2026-11-01,True,CARIBE_SOL,27334853.18,450614.43625,196346159.45000005,127625003.64,371.905,383022.27,67592.17,85.0,15.0,Cubierta (85.0% Contratos / 15.0% Bolsa),1351.84330875,502757.2857406687,773472.7473084879,711594.9275238089,-61877.819784678984,61877.819784678984,7.999999999999995
2026-11-04,4,2026-11-01,True,VALLE,22292629.97,450614.43625,196346159.45000005,127625003.64,371.905,383022.27,67592.17,85.0,15.0,Cubierta (85.0% Contratos / 15.0% Bolsa),1351.84330875,502757.2857406687,773472.7473084879,711594.9275238089,-61877.819784678984,61877.819784678984,7.999999999999995
2026-11-04,4,2026-11-01,True,SANTANDER,17357792.77,450614.43625,196346159.45000005,127625003.64,371.905,383022.27,67592.17,85.0,15.0,Cubierta (85.0% Contratos / 15.0% Bolsa),1351.84330875,502757.2857406687,773472.7473084879,711594.9275238089,-61877.819784678984,61877.819784678984,7.999999999999995
2026-11-04,4,2026-11-01,True,CUNDINAMARCA,11079280.64,450614.43625,196346159.45000005,127625003.64,371.905,383022.27,67592.17,85.0,15.0,Cubierta (85.0% Contratos / 15.0% Bolsa),1351.84330875,502757.2857406687,773472.7473084879,711594.9275238089,-61877.819784678984,61877.819784678984,7.999999999999995
2026-11-04,4,2026-11-01,True,TOLIMA,9207582.68,450614.43625,196346159.45000005,127625003.64,371.905,383022.27,67592.17,85.0,15.0,Cubierta (85.0% Contratos / 15.0% Bolsa),1351.84330875,502757.2857406687,773472.7473084879,711594.9275238089,-61877.819784678984,61877.819784678984,7.999999999999995
2026-11-05,5,2026-11-01,True,ANTIOQUIA,30969710.54,448885.0625,195592619.83,127135202.89,371.5208,381552.3,67332.76,85.0,15.0,Cubierta (85.0% Contratos / 15.0% Bolsa),1346.6551875,500310.41258415004,769708.3270495115,708131.6608855505,-61576.66616396094,61576.66616396094,8.000000000000004
2026-11-05,5,2026-11-01,True,BOGOTA,43107195.98,448885.0625,195592619.83,127135202.89,371.5208,381552.3,67332.76,85.0,15.0,Cubierta (85.0% Contratos / 15.0% Bolsa),1346.6551875,500310.41258415004,769708.3270495115,708131.6608855505,-61576.66616396094,61576.66616396094,8.000000000000004
2026-11-05,5,2026-11-01,True,CARIBE_MAR,34478745.71,448885.0625,195592619.83,127135202.89,371.5208,381552.3,67332.76,85.0,15.0,Cubierta (85.0% Contratos / 15.0% Bolsa),1346.6551875,500310.41258415004,769708.3270495115,708131.6608855505,-61576.66616396094,61576.66616396094,8.000000000000004
2026-11-05,5,2026-11-01,True,CARIBE_SOL,26870355.9,448885.0625,195592619.83,127135202.89,371.5208,381552.3,67332.76,85.0,15.0,Cubierta (85.0% Contratos / 15.0% Bolsa),1346.6551875,500310.41258415004,769708.3270495115,708131.6608855505,-61576.66616396094,61576.66616396094,8.000000000000004
2026-11-05,5,2026-11-01,True,VALLE,22351081.47,448885.0625,195592619.83,127135202.89,371.5208,381552.3,67332.76,85.0,15.0,Cubierta (85.0% Contratos / 15.0% Bolsa),1346.6551875,500310.41258415004,769708.3270495115,708131.6608855505,-61576.66616396094,61576.66616396094,8.000000000000004
2026-11-05,5,2026-11-01,True,SANTANDER,17311386.58,448885.0625,195592619.83,127135202.89,371.5208,381552.3,67332.76,85.0,15.0,Cubierta (85.0% Contratos / 15.0% Bolsa),1346.6551875,500310.41258415004,769708.3270495115,708131.6608855505,-61576.66616396094,61576.66616396094,8.000000000000004
2026-11-05,5,2026-11-01,True,CUNDINAMARCA,11256065.58,448885.0625,195592619.83,127135202.89,371.5208,381552.3,67332.76,85.0,15.0,Cubierta (85.0% Contratos / 15.0% Bolsa),1346.6551875,500310.41258415004,769708.3270495115,708131.6608855505,-61576.66616396094,61576.66616396094,8.000000000000004
2026-11-05,5,2026-11-01,True,TOLIMA,9248078.07,448885.0625,195592619.83,127135202.89,371.5208,381552.3,67332.76,85.0,15.0,Cubierta (85.0% Contratos / 15.0% Bolsa),1346.6551875,500310.41258415004,769708.3270495115,708131.6608855505,-61576.66616396094,61576.66616396094,8.000000000000004
2026-11-06,6,2026-11-01,True,ANTIOQUIA,30554740.14,448507.99875,195428322.10999998,127028409.37,371.1708,381231.8,67276.2,85.0,15.0,Cubierta (85.0% Contratos / 15.0% Bolsa),1345.5239962500002,499419.21810730954,768337.2586357029,706870.2779448467,-61466.98069085623,61466.98069085623,8.0
2026-11-06,6,2026-11-01,True,BOGOTA,43387796.17,448507.99875,195428322.10999998,127028409.37,371.1708,381231.8,67276.2,85.0,15.0,Cubierta (85.0% Contratos / 15.0% Bolsa),1345.5239962500002,499419.21810730954,768337.2586357029,706870.2779448467,-61466.98069085623,61466.98069085623,8.0
2026-11-06,6,2026-11-01,True,CARIBE_MAR,34227446.24,448507.99875,195428322.10999998,127028409.37,371.1708,381231.8,67276.2,85.0,15.0,Cubierta (85.0% Contratos / 15.0% Bolsa),1345.5239962500002,499419.21810730954,768337.2586357029,706870.2779448467,-61466.98069085623,61466.98069085623,8.0
2026-11-06,6,2026-11-01,True,CARIBE_SOL,27679680.81,448507.99875,195428322.10999998,127028409.37,371.1708,381231.8,67276.2,85.0,15.0,Cubierta (85.0% Contratos / 15.0% Bolsa),1345.5239962500002,499419.21810730954,768337.2586357029,706870.2779448467,-61466.98069085623,61466.98069085623,8.0
2026-11-06,6,2026-11-01,True,VALLE,22217181.39,448507.99875,195428322.10999998,127028409.37,371.1708,381231.8,67276.2,85.0,15.0,Cubierta (85.0% Contratos / 15.0% Bolsa),1345.5239962500002,499419.21810730954,768337.2586357029,706870.2779448467,-61466.98069085623,61466.98069085623,8.0
2026-11-06,6,2026-11-01,True,SANTANDER,17223280.1,448507.99875,195428322.10999998,127028409.37,371.1708,381231.8,67276.2,85.0,15.0,Cubierta (85.0% Contratos / 15.0% Bolsa),1345.5239962500002,499419.21810730954,768337.2586357029,706870.2779448467,-61466.98069085623,61466.98069085623,8.0
2026-11-06,6,2026-11-01,True,CUNDINAMARCA,10984620.03,448507.99875,195428322.10999998,127028409.37,371.1708,381231.8,67276.2,85.0,15.0,Cubierta (85.0% Contratos / 15.0% Bolsa),1345.5239962500002,499419.21810730954,768337.2586357029,706870.2779448467,-61466.98069085623,61466.98069085623,8.0
2026-11-06,6,2026-11-01,True,TOLIMA,9153577.23,448507.99875,195428322.10999998,127028409.37,371.1708,381231.8,67276.2,85.0,15.0,Cubierta (85.0% Contratos / 15.0% Bolsa),1345.5239962500002,499419.21810730954,768337.2586357029,706870.2779448467,-61466.98069085623,61466.98069085623,8.0
2026-11-07,7,2026-11-01,True,ANTIOQUIA,25950421.79,318605.425,164653966.2,107025078.03,370.8651,270814.61,47790.81,85.0,15.0,Cubierta (85.0% Contratos / 15.0% Bolsa),955.816275,354478.89840950246,545352.1513992345,501723.9792872958,-43628.172111938766,43628.172111938766,8.0
2026-11-07,7,2026-11-01,True,BOGOTA,36213248.02,318605.425,164653966.2,107025078.03,370.8651,270814.61,47790.81,85.0,15.0,Cubierta (85.0% Contratos / 15.0% Bolsa),955.816275,354478.89840950246,545352.1513992345,501723.9792872958,-43628.172111938766,43628.172111938766,8.0
2026-11-07,7,2026-11-01,True,CARIBE_MAR,28626845.72,318605.425,164653966.2,107025078.03,370.8651,270814.61,47790.81,85.0,15.0,Cubierta (85.0% Contratos / 15.0% Bolsa),955.816275,354478.89840950246,545352.1513992345,501723.9792872958,-43628.172111938766,43628.172111938766,8.0
2026-11-07,7,2026-11-01,True,CARIBE_SOL,23122816.65,318605.425,164653966.2,107025078.03,370.8651,270814.61,47790.81,85.0,15.0,Cubierta (85.0% Contratos / 15.0% Bolsa),955.816275,354478.89840950246,545352.1513992345,501723.9792872958,-43628.172111938766,43628.172111938766,8.0
2026-11-07,7,2026-11-01,True,VALLE,19019979.13,318605.425,164653966.2,107025078.03,370.8651,270814.61,47790.81,85.0,15.0,Cubierta (85.0% Contratos / 15.0% Bolsa),955.816275,354478.89840950246,545352.1513992345,501723.9792872958,-43628.172111938766,43628.172111938766,8.0
2026-11-07,7,2026-11-01,True,SANTANDER,14604435.97,318605.425,164653966.2,107025078.03,370.8651,270814.61,47790.81,85.0,15.0,Cubierta (85.0% Contratos / 15.0% Bolsa),955.816275,354478.89840950246,545352.1513992345,501723.9792872958,-43628.172111938766,43628.172111938766,8.0
2026-11-07,7,2026-11-01,True,CUNDINAMARCA,9317302.36,318605.425,164653966.2,107025078.03,370.8651,270814.61,47790.81,85.0,15.0,Cubierta (85.0% Contratos / 15.0% Bolsa),955.816275,354478.89840950246,545352.1513992345,501723.9792872958,-43628.172111938766,43628.172111938766,8.0
2026-11-07,7,2026-11-01,True,TOLIMA,7798916.56,318605.425,164653966.2,107025078.03,370.8651,270814.61,47790.81,85.0,15.0,Cubierta (85.0% Contratos / 15.0% Bolsa),955.816275,354478.89840950246,545352.1513992345,501723.9792872958,-43628.172111938766,43628.172111938766,8.0
2026-11-08,8,2026-11-01,True,ANTIOQUIA,25861584.65,319147.68625,164934205.09,107207233.31,370.6131,271275.53,47872.15,85.0,15.0,Cubierta (85.0% Contratos / 15.0% Bolsa),957.4430587500001,354840.9400768196,545909.1385720844,502236.4074863176,-43672.73108576675,43672.73108576675,8.0
2026-11-08,8,2026-11-01,True,BOGOTA,36437965.56,319147.68625,164934205.09,107207233.31,370.6131,271275.53,47872.15,85.0,15.0,Cubierta (85.0% Contratos / 15.0% Bolsa),957.4430587500001,354840.9400768196,545909.1385720844,502236.4074863176,-43672.73108576675,43672.73108576675,8.0
2026-11-08,8,2026-11-01,True,CARIBE_MAR,29155748.72,319147.68625,164934205.09,107207233.31,370.6131,271275.53,47872.15,85.0,15.0,Cubierta (85.0% Contratos / 15.0% Bolsa),957.4430587500001,354840.9400768196,545909.1385720844,502236.4074863176,-43672.73108576675,43672.73108576675,8.0
2026-11-08,8,2026-11-01,True,CARIBE_SOL,22938381.12,319147.68625,164934205.09,107207233.31,370.6131,271275.53,47872.15,85.0,15.0,Cubierta (85.0% Contratos / 15.0% Bolsa),957.4430587500001,354840.9400768196,545909.1385720844,502236.4074863176,-43672.73108576675,43672.73108576675,8.0
2026-11-08,8,2026-11-01,True,VALLE,18775847.16,319147.68625,164934205.09,107207233.31,370.6131,271275.53,47872.15,85.0,15.0,Cubierta (85.0% Contratos / 15.0% Bolsa),957.4430587500001,354840.9400768196,545909.1385720844,502236.4074863176,-43672.73108576675,43672.73108576675,8.0
2026-11-08,8,2026-11-01,True,SANTANDER,14656725.6,319147.68625,164934205.09,107207233.31,370.6131,271275.53,47872.15,85.0,15.0,Cubierta (85.0% Contratos / 15.0% Bolsa),957.4430587500001,354840.9400768196,545909.1385720844,502236.4074863176,-43672.73108576675,43672.73108576675,8.0
2026-11-08,8,2026-11-01,True,CUNDINAMARCA,9324445.67,319147.68625,164934205.09,107207233.31,370.6131,271275.53,47872.15,85.0,15.0,Cubierta (85.0% Contratos / 15.0% Bolsa),957.4430587500001,354840.9400768196,545909.1385720844,502236.4074863176,-43672.73108576675,43672.73108576675,8.0
2026-11-08,8,2026-11-01,True,TOLIMA,7783506.61,319147.68625,164934205.09,107207233.31,370.6131,271275.53,47872.15,85.0,15.0,Cubierta (85.0% Contratos / 15.0% Bolsa),957.4430587500001,354840.9400768196,545909.1385720844,502236.4074863176,-43672.73108576675,43672.73108576675,8.0
2026-11-09,9,2026-11-01,True,ANTIOQUIA,31191835.42,449283.42875,195766200.13000003,127248030.08,370.4228,381890.91,67392.51,85.0,15.0,Cubierta (85.0% Contratos / 15.0% Bolsa),1347.8502862500002,499274.47701352654,768114.5800479737,706665.4136441358,-61449.16640383785,61449.16640383785,7.999999999999995
2026-11-09,9,2026-11-01,True,BOGOTA,42962396.32,449283.42875,195766200.13000003,127248030.08,370.4228,381890.91,67392.51,85.0,15.0,Cubierta (85.0% Contratos / 15.0% Bolsa),1347.8502862500002,499274.47701352654,768114.5800479737,706665.4136441358,-61449.16640383785,61449.16640383785,7.999999999999995
2026-11-09,9,2026-11-01,True,CARIBE_MAR,34356268.26,449283.42875,195766200.13000003,127248030.08,370.4228,381890.91,67392.51,85.0,15.0,Cubierta (85.0% Contratos / 15.0% Bolsa),1347.8502862500002,499274.47701352654,768114.5800479737,706665.4136441358,-61449.16640383785,61449.16640383785,7.999999999999995
2026-11-09,9,2026-11-01,True,CARIBE_SOL,27206507.8,449283.42875,195766200.13000003,127248030.08,370.4228,381890.91,67392.51,85.0,15.0,Cubierta (85.0% Contratos / 15.0% Bolsa),1347.8502862500002,499274.47701352654,768114.5800479737,706665.4136441358,-61449.16640383785,61449.16640383785,7.999999999999995
2026-11-09,9,2026-11-01,True,VALLE,22316076.84,449283.42875,195766200.13000003,127248030.08,370.4228,381890.91,67392.51,85.0,15.0,Cubierta (85.0% Contratos / 15.0% Bolsa),1347.8502862500002,499274.47701352654,768114.5800479737,706665.4136441358,-61449.16640383785,61449.16640383785,7.999999999999995
2026-11-09,9,2026-11-01,True,SANTANDER,17265762.02,449283.42875,195766200.13000003,127248030.08,370.4228,381890.91,67392.51,85.0,15.0,Cubierta (85.0% Contratos / 15.0% Bolsa),1347.8502862500002,499274.47701352654,768114.5800479737,706665.4136441358,-61449.16640383785,61449.16640383785,7.999999999999995
2026-11-09,9,2026-11-01,True,CUNDINAMARCA,11155847.16,449283.42875,195766200.13000003,127248030.08,370.4228,381890.91,67392.51,85.0,15.0,Cubierta (85.0% Contratos / 15.0% Bolsa),1347.8502862500002,499274.47701352654,768114.5800479737,706665.4136441358,-61449.16640383785,61449.16640383785,7.999999999999995
2026-11-09,9,2026-11-01,True,TOLIMA,9311506.31,449283.42875,195766200.13000003,127248030.08,370.4228,381890.91,67392.51,85.0,15.0,Cubierta (85.0% Contratos / 15.0% Bolsa),1347.8502862500002,499274.47701352654,768114.5800479737,706665.4136441358,-61449.16640383785,61449.16640383785,7.999999999999995
2026-11-10,10,2026-11-01,True,ANTIOQUIA,30695890.78,449544.50625,195879959.26,127321973.52,370.3013,382112.83,67431.68,85.0,15.0,Cubierta (85.0% Contratos / 15.0% Bolsa),1348.63351875,499400.7452166994,768308.8387888878,706844.1316857769,-61464.707103110966,61464.707103110966,7.999999999999992
2026-11-10,10,2026-11-01,True,BOGOTA,43758461.6,449544.50625,195879959.26,127321973.52,370.3013,382112.83,67431.68,85.0,15.0,Cubierta (85.0% Contratos / 15.0% Bolsa),1348.63351875,499400.7452166994,768308.8387888878,706844.1316857769,-61464.707103110966,61464.707103110966,7.999999999999992
2026-11-10,10,2026-11-01,True,CARIBE_MAR,34681077.07,449544.50625,195879959.26,127321973.52,370.3013,382112.83,67431.68,85.0,15.0,Cubierta (85.0% Contratos / 15.0% Bolsa),1348.63351875,499400.7452166994,768308.8387888878,706844.1316857769,-61464.707103110966,61464.707103110966,7.999999999999992
2026-11-10,10,2026-11-01,True,CARIBE_SOL,26974085.79,449544.50625,195879959.26,127321973.52,370.3013,382112.83,67431.68,85.0,15.0,Cubierta (85.0% Contratos / 15.0% Bolsa),1348.63351875,499400.7452166994,768308.8387888878,706844.1316857769,-61464.707103110966,61464.707103110966,7.999999999999992
2026-11-10,10,2026-11-01,True,VALLE,21962515.68,449544.50625,195879959.26,127321973.52,370.3013,382112.83,67431.68,85.0,15.0,Cubierta (85.0% Contratos / 15.0% Bolsa),1348.63351875,499400.7452166994,768308.8387888878,706844.1316857769,-61464.707103110966,61464.707103110966,7.999999999999992
2026-11-10,10,2026-11-01,True,SANTANDER,17449332.39,449544.50625,195879959.26,127321973.52,370.3013,382112.83,67431.68,85.0,15.0,Cubierta (85.0% Contratos / 15.0% Bolsa),1348.63351875,499400.7452166994,768308.8387888878,706844.1316857769,-61464.707103110966,61464.707103110966,7.999999999999992
2026-11-10,10,2026-11-01,True,CUNDINAMARCA,11170683.57,449544.50625,195879959.26,127321973.52,370.3013,382112.83,67431.68,85.0,15.0,Cubierta (85.0% Contratos / 15.0% Bolsa),1348.63351875,499400.7452166994,768308.8387888878,706844.1316857769,-61464.707103110966,61464.707103110966,7.999999999999992
2026-11-10,10,2026-11-01,True,TOLIMA,9187912.38,449544.50625,195879959.26,127321973.52,370.3013,382112.83,67431.68,85.0,15.0,Cubierta (85.0% Contratos / 15.0% Bolsa),1348.63351875,499400.7452166994,768308.8387888878,706844.1316857769,-61464.707103110966,61464.707103110966,7.999999999999992
2026-11-11,11,2026-11-01,True,ANTIOQUIA,30928260.72,450800.825,196427374.79000002,127677793.61,370.2541,383180.7,67620.12,85.0,15.0,Cubierta (85.0% Contratos / 15.0% Bolsa),1352.402475,500732.5612188975,770357.7865117292,708729.1635907909,-61628.6229209383,61628.6229209383,7.999999999999995
2026-11-11,11,2026-11-01,True,BOGOTA,43589583.03,450800.825,196427374.79000002,127677793.61,370.2541,383180.7,67620.12,85.0,15.0,Cubierta (85.0% Contratos / 15.0% Bolsa),1352.402475,500732.5612188975,770357.7865117292,708729.1635907909,-61628.6229209383,61628.6229209383,7.999999999999995
2026-11-11,11,2026-11-01,True,CARIBE_MAR,34354675.4,450800.825,196427374.79000002,127677793.61,370.2541,383180.7,67620.12,85.0,15.0,Cubierta (85.0% Contratos / 15.0% Bolsa),1352.402475,500732.5612188975,770357.7865117292,708729.1635907909,-61628.6229209383,61628.6229209383,7.999999999999995
2026-11-11,11,2026-11-01,True,CARIBE_SOL,27311218.18,450800.825,196427374.79000002,127677793.61,370.2541,383180.7,67620.12,85.0,15.0,Cubierta (85.0% Contratos / 15.0% Bolsa),1352.402475,500732.5612188975,770357.7865117292,708729.1635907909,-61628.6229209383,61628.6229209383,7.999999999999995
2026-11-11,11,2026-11-01,True,VALLE,22424277.99,450800.825,196427374.79000002,127677793.61,370.2541,383180.7,67620.12,85.0,15.0,Cubierta (85.0% Contratos / 15.0% Bolsa),1352.402475,500732.5612188975,770357.7865117292,708729.1635907909,-61628.6229209383,61628.6229209383,7.999999999999995
2026-11-11,11,2026-11-01,True,SANTANDER,17452330.95,450800.825,196427374.79000002,127677793.61,370.2541,383180.7,67620.12,85.0,15.0,Cubierta (85.0% Contratos / 15.0% Bolsa),1352.402475,500732.5612188975,770357.7865117292,708729.1635907909,-61628.6229209383,61628.6229209383,7.999999999999995
2026-11-11,11,2026-11-01,True,CUNDINAMARCA,11080505.13,450800.825,196427374.79000002,127677793.61,370.2541,383180.7,67620.12,85.0,15.0,Cubierta (85.0% Contratos / 15.0% Bolsa),1352.402475,500732.5612188975,770357.7865117292,708729.1635907909,-61628.6229209383,61628.6229209383,7.999999999999995
2026-11-11,11,2026-11-01,True,TOLIMA,9286523.39,450800.825,196427374.79000002,127677793.61,370.2541,383180.7,67620.12,85.0,15.0,Cubierta (85.0% Contratos / 15.0% Bolsa),1352.402475,500732.5612188975,770357.7865117292,708729.1635907909,-61628.6229209383,61628.6229209383,7.999999999999995
2026-11-12,12,2026-11-01,True,ANTIOQUIA,30639851.93,449722.8475,195957667.82,127372484.08,370.2852,382264.42,67458.43,85.0,15.0,Cubierta (85.0% Contratos / 15.0% Bolsa),1349.1685425,499577.143593321,768580.2209309038,707093.8032564315,-61486.41767447232,61486.41767447232,8.000000000000004
2026-11-12,12,2026-11-01,True,BOGOTA,43267302.26,449722.8475,195957667.82,127372484.08,370.2852,382264.42,67458.43,85.0,15.0,Cubierta (85.0% Contratos / 15.0% Bolsa),1349.1685425,499577.143593321,768580.2209309038,707093.8032564315,-61486.41767447232,61486.41767447232,8.000000000000004
2026-11-12,12,2026-11-01,True,CARIBE_MAR,34798419.18,449722.8475,195957667.82,127372484.08,370.2852,382264.42,67458.43,85.0,15.0,Cubierta (85.0% Contratos / 15.0% Bolsa),1349.1685425,499577.143593321,768580.2209309038,707093.8032564315,-61486.41767447232,61486.41767447232,8.000000000000004
2026-11-12,12,2026-11-01,True,CARIBE_SOL,26964667.45,449722.8475,195957667.82,127372484.08,370.2852,382264.42,67458.43,85.0,15.0,Cubierta (85.0% Contratos / 15.0% Bolsa),1349.1685425,499577.143593321,768580.2209309038,707093.8032564315,-61486.41767447232,61486.41767447232,8.000000000000004
2026-11-12,12,2026-11-01,True,VALLE,22563729.49,449722.8475,195957667.82,127372484.08,370.2852,382264.42,67458.43,85.0,15.0,Cubierta (85.0% Contratos / 15.0% Bolsa),1349.1685425,499577.143593321,768580.2209309038,707093.8032564315,-61486.41767447232,61486.41767447232,8.000000000000004
2026-11-12,12,2026-11-01,True,SANTANDER,17226696.73,449722.8475,195957667.82,127372484.08,370.2852,382264.42,67458.43,85.0,15.0,Cubierta (85.0% Contratos / 15.0% Bolsa),1349.1685425,499577.143593321,768580.2209309038,707093.8032564315,-61486.41767447232,61486.41767447232,8.000000000000004
2026-11-12,12,2026-11-01,True,CUNDINAMARCA,11254077.12,449722.8475,195957667.82,127372484.08,370.2852,382264.42,67458.43,85.0,15.0,Cubierta (85.0% Contratos / 15.0% Bolsa),1349.1685425,499577.143593321,768580.2209309038,707093.8032564315,-61486.41767447232,61486.41767447232,8.000000000000004
2026-11-12,12,2026-11-01,True,TOLIMA,9242923.66,449722.8475,195957667.82,127372484.08,370.2852,382264.42,67458.43,85.0,15.0,Cubierta (85.0% Contratos / 15.0% Bolsa),1349.1685425,499577.143593321,768580.2209309038,707093.8032564315,-61486.41767447232,61486.41767447232,8.000000000000004
2026-11-13,13,2026-11-01,True,ANTIOQUIA,30534254.47,447650.6625,195054754.86999997,126785590.67,370.3969,380503.06,67147.6,85.0,15.0,Cubierta (85.0% Contratos / 15.0% Bolsa),1342.9519874999999,497425.2530188387,765269.620001821,704048.0504016753,-61221.56960014568,61221.56960014568,8.0
2026-11-13,13,2026-11-01,True,BOGOTA,42847398.34,447650.6625,195054754.86999997,126785590.67,370.3969,380503.06,67147.6,85.0,15.0,Cubierta (85.0% Contratos / 15.0% Bolsa),1342.9519874999999,497425.2530188387,765269.620001821,704048.0504016753,-61221.56960014568,61221.56960014568,8.0
2026-11-13,13,2026-11-01,True,CARIBE_MAR,34669466.36,447650.6625,195054754.86999997,126785590.67,370.3969,380503.06,67147.6,85.0,15.0,Cubierta (85.0% Contratos / 15.0% Bolsa),1342.9519874999999,497425.2530188387,765269.620001821,704048.0504016753,-61221.56960014568,61221.56960014568,8.0
2026-11-13,13,2026-11-01,True,CARIBE_SOL,27125225.26,447650.6625,195054754.86999997,126785590.67,370.3969,380503.06,67147.6,85.0,15.0,Cubierta (85.0% Contratos / 15.0% Bolsa),1342.9519874999999,497425.2530188387,765269.620001821,704048.0504016753,-61221.56960014568,61221.56960014568,8.0
2026-11-13,13,2026-11-01,True,VALLE,22158410.28,447650.6625,195054754.86999997,126785590.67,370.3969,380503.06,67147.6,85.0,15.0,Cubierta (85.0% Contratos / 15.0% Bolsa),1342.9519874999999,497425.2530188387,765269.620001821,704048.0504016753,-61221.56960014568,61221.56960014568,8.0
2026-11-13,13,2026-11-01,True,SANTANDER,17125561.54,447650.6625,195054754.86999997,126785590.67,370.3969,380503.06,67147.6,85.0,15.0,Cubierta (85.0% Contratos / 15.0% Bolsa),1342.9519874999999,497425.2530188387,765269.620001821,704048.0504016753,-61221.56960014568,61221.56960014568,8.0
2026-11-13,13,2026-11-01,True,CUNDINAMARCA,11159422.2,447650.6625,195054754.86999997,126785590.67,370.3969,380503.06,67147.6,85.0,15.0,Cubierta (85.0% Contratos / 15.0% Bolsa),1342.9519874999999,497425.2530188387,765269.620001821,704048.0504016753,-61221.56960014568,61221.56960014568,8.0
2026-11-13,13,2026-11-01,True,TOLIMA,9435016.42,447650.6625,195054754.86999997,126785590.67,370.3969,380503.06,67147.6,85.0,15.0,Cubierta (85.0% Contratos / 15.0% Bolsa),1342.9519874999999,497425.2530188387,765269.620001821,704048.0504016753,-61221.56960014568,61221.56960014568,8.0
2026-11-14,14,2026-11-01,True,ANTIOQUIA,25802752.16,319944.62125,165346057.44999996,107474937.34,370.5902,271952.93,47991.69,85.0,15.0,Cubierta (85.0% Contratos / 15.0% Bolsa),959.8338637500001,355705.02353388525,547238.4977571681,503459.4179365947,-43779.079820573446,43779.079820573446,7.999999999999999
2026-11-14,14,2026-11-01,True,BOGOTA,36414416.7,319944.62125,165346057.44999996,107474937.34,370.5902,271952.93,47991.69,85.0,15.0,Cubierta (85.0% Contratos / 15.0% Bolsa),959.8338637500001,355705.02353388525,547238.4977571681,503459.4179365947,-43779.079820573446,43779.079820573446,7.999999999999999
2026-11-14,14,2026-11-01,True,CARIBE_MAR,29299276.15,319944.62125,165346057.44999996,107474937.34,370.5902,271952.93,47991.69,85.0,15.0,Cubierta (85.0% Contratos / 15.0% Bolsa),959.8338637500001,355705.02353388525,547238.4977571681,503459.4179365947,-43779.079820573446,43779.079820573446,7.999999999999999
2026-11-14,14,2026-11-01,True,CARIBE_SOL,22957803.52,319944.62125,165346057.44999996,107474937.34,370.5902,271952.93,47991.69,85.0,15.0,Cubierta (85.0% Contratos / 15.0% Bolsa),959.8338637500001,355705.02353388525,547238.4977571681,503459.4179365947,-43779.079820573446,43779.079820573446,7.999999999999999
2026-11-14,14,2026-11-01,True,VALLE,18796210.25,319944.62125,165346057.44999996,107474937.34,370.5902,271952.93,47991.69,85.0,15.0,Cubierta (85.0% Contratos / 15.0% Bolsa),959.8338637500001,355705.02353388525,547238.4977571681,503459.4179365947,-43779.079820573446,43779.079820573446,7.999999999999999
2026-11-14,14,2026-11-01,True,SANTANDER,14904978.43,319944.62125,165346057.44999996,107474937.34,370.5902,271952.93,47991.69,85.0,15.0,Cubierta (85.0% Contratos / 15.0% Bolsa),959.8338637500001,355705.02353388525,547238.4977571681,503459.4179365947,-43779.079820573446,43779.079820573446,7.999999999999999
2026-11-14,14,2026-11-01,True,CUNDINAMARCA,9355990.82,319944.62125,165346057.44999996,107474937.34,370.5902,271952.93,47991.69,85.0,15.0,Cubierta (85.0% Contratos / 15.0% Bolsa),959.8338637500001,355705.02353388525,547238.4977571681,503459.4179365947,-43779.079820573446,43779.079820573446,7.999999999999999
2026-11-14,14,2026-11-01,True,TOLIMA,7814629.42,319944.62125,165346057.44999996,107474937.34,370.5902,271952.93,47991.69,85.0,15.0,Cubierta (85.0% Contratos / 15.0% Bolsa),959.8338637500001,355705.02353388525,547238.4977571681,503459.4179365947,-43779.079820573446,43779.079820573446,7.999999999999999
2026-11-15,15,2026-11-01,True,ANTIOQUIA,26072301.41,319494.82875,165113606.76999998,107323844.4,370.8641,271570.6,47924.22,85.0,15.0,Cubierta (85.0% Contratos / 15.0% Bolsa),958.48448625,355467.48635706864,546873.0559364995,503123.21146157954,-43749.844474919955,43749.844474919955,7.999999999999999
2026-11-15,15,2026-11-01,True,BOGOTA,36514654.54,319494.82875,165113606.76999998,107323844.4,370.8641,271570.6,47924.22,85.0,15.0,Cubierta (85.0% Contratos / 15.0% Bolsa),958.48448625,355467.48635706864,546873.0559364995,503123.21146157954,-43749.844474919955,43749.844474919955,7.999999999999999
2026-11-15,15,2026-11-01,True,CARIBE_MAR,29636482.91,319494.82875,165113606.76999998,107323844.4,370.8641,271570.6,47924.22,85.0,15.0,Cubierta (85.0% Contratos / 15.0% Bolsa),958.48448625,355467.48635706864,546873.0559364995,503123.21146157954,-43749.844474919955,43749.844474919955,7.999999999999999
2026-11-15,15,2026-11-01,True,CARIBE_SOL,22875515.88,319494.82875,165113606.76999998,107323844.4,370.8641,271570.6,47924.22,85.0,15.0,Cubierta (85.0% Contratos / 15.0% Bolsa),958.48448625,355467.48635706864,546873.0559364995,503123.21146157954,-43749.844474919955,43749.844474919955,7.999999999999999
2026-11-15,15,2026-11-01,True,VALLE,18443707.98,319494.82875,165113606.76999998,107323844.4,370.8641,271570.6,47924.22,85.0,15.0,Cubierta (85.0% Contratos / 15.0% Bolsa),958.48448625,355467.48635706864,546873.0559364995,503123.21146157954,-43749.844474919955,43749.844474919955,7.999999999999999
2026-11-15,15,2026-11-01,True,SANTANDER,14482328.05,319494.82875,165113606.76999998,107323844.4,370.8641,271570.6,47924.22,85.0,15.0,Cubierta (85.0% Contratos / 15.0% Bolsa),958.48448625,355467.48635706864,546873.0559364995,503123.21146157954,-43749.844474919955,43749.844474919955,7.999999999999999
2026-11-15,15,2026-11-01,True,CUNDINAMARCA,9264630.86,319494.82875,165113606.76999998,107323844.4,370.8641,271570.6,47924.22,85.0,15.0,Cubierta (85.0% Contratos / 15.0% Bolsa),958.48448625,355467.48635706864,546873.0559364995,503123.21146157954,-43749.844474919955,43749.844474919955,7.999999999999999
2026-11-15,15,2026-11-01,True,TOLIMA,7823985.14,319494.82875,165113606.76999998,107323844.4,370.8641,271570.6,47924.22,85.0,15.0,Cubierta (85.0% Contratos / 15.0% Bolsa),958.48448625,355467.48635706864,546873.0559364995,503123.21146157954,-43749.844474919955,43749.844474919955,7.999999999999999
2026-11-16,16,2026-11-01,True,ANTIOQUIA,31240449.34,451053.79875,196537602.71999997,127749441.77,371.2161,383395.73,67658.07,85.0,15.0,Cubierta (85.0% Contratos / 15.0% Bolsa),1353.16139625,502315.2961864796,772792.7633517161,710969.3422835788,-61823.42106813728,61823.42106813728,7.999999999999999
2026-11-16,16,2026-11-01,True,BOGOTA,43539167.79,451053.79875,196537602.71999997,127749441.77,371.2161,383395.73,67658.07,85.0,15.0,Cubierta (85.0% Contratos / 15.0% Bolsa),1353.16139625,502315.2961864796,772792.7633517161,710969.3422835788,-61823.42106813728,61823.42106813728,7.999999999999999
2026-11-16,16,2026-11-01,True,CARIBE_MAR,34479951.29,451053.79875,196537602.71999997,127749441.77,371.2161,383395.73,67658.07,85.0,15.0,Cubierta (85.0% Contratos / 15.0% Bolsa),1353.16139625,502315.2961864796,772792.7633517161,710969.3422835788,-61823.42106813728,61823.42106813728,7.999999999999999
2026-11-16,16,2026-11-01,True,CARIBE_SOL,27227353.23,451053.79875,196537602.71999997,127749441.77,371.2161,383395.73,67658.07,85.0,15.0,Cubierta (85.0% Contratos / 15.0% Bolsa),1353.16139625,502315.2961864796,772792.7633517161,710969.3422835788,-61823.42106813728,61823.42106813728,7.999999999999999
2026-11-16,16,2026-11-01,True,VALLE,22134879.23,451053.79875,196537602.71999997,127749441.77,371.2161,383395.73,67658.07,85.0,15.0,Cubierta (85.0% Contratos / 15.0% Bolsa),1353.16139625,502315.2961864796,772792.7633517161,710969.3422835788,-61823.42106813728,61823.42106813728,7.999999999999999
2026-11-16,16,2026-11-01,True,SANTANDER,17366837.28,451053.79875,196537602.71999997,127749441.77,371.2161,383395.73,67658.07,85.0,15.0,Cubierta (85.0% Contratos / 15.0% Bolsa),1353.16139625,502315.2961864796,772792.7633517161,710969.3422835788,-61823.42106813728,61823.42106813728,7.999999999999999
2026-11-16,16,2026-11-01,True,CUNDINAMARCA,11208566.4,451053.79875,196537602.71999997,127749441.77,371.2161,383395.73,67658.07,85.0,15.0,Cubierta (85.0% Contratos / 15.0% Bolsa),1353.16139625,502315.2961864796,772792.7633517161,710969.3422835788,-61823.42106813728,61823.42106813728,7.999999999999999
2026-11-16,16,2026-11-01,True,TOLIMA,9340398.16,451053.79875,196537602.71999997,127749441.77,371.2161,383395.73,67658.07,85.0,15.0,Cubierta (85.0% Contratos / 15.0% Bolsa),1353.16139625,502315.2961864796,772792.7633517161,710969.3422835788,-61823.42106813728,61823.42106813728,7.999999999999999
2026-11-17,17,2026-11-01,True,ANTIOQUIA,30947939.03,449810.755,195995971.47000003,127397381.46,371.642,382339.14,67471.61,85.0,15.0,Cubierta (85.0% Contratos / 15.0% Bolsa),1349.4322650000001,501505.70582913,771547.2397098703,709823.4605330807,-61723.77917678957,61723.77917678957,7.999999999999993
2026-11-17,17,2026-11-01,True,BOGOTA,42928320.86,449810.755,195995971.47000003,127397381.46,371.642,382339.14,67471.61,85.0,15.0,Cubierta (85.0% Contratos / 15.0% Bolsa),1349.4322650000001,501505.70582913,771547.2397098703,709823.4605330807,-61723.77917678957,61723.77917678957,7.999999999999993
2026-11-17,17,2026-11-01,True,CARIBE_MAR,34505546.41,449810.755,195995971.47000003,127397381.46,371.642,382339.14,67471.61,85.0,15.0,Cubierta (85.0% Contratos / 15.0% Bolsa),1349.4322650000001,501505.70582913,771547.2397098703,709823.4605330807,-61723.77917678957,61723.77917678957,7.999999999999993
2026-11-17,17,2026-11-01,True,CARIBE_SOL,27393646.64,449810.755,195995971.47000003,127397381.46,371.642,382339.14,67471.61,85.0,15.0,Cubierta (85.0% Contratos / 15.0% Bolsa),1349.4322650000001,501505.70582913,771547.2397098703,709823.4605330807,-61723.77917678957,61723.77917678957,7.999999999999993
2026-11-17,17,2026-11-01,True,VALLE,22207615.24,449810.755,195995971.47000003,127397381.46,371.642,382339.14,67471.61,85.0,15.0,Cubierta (85.0% Contratos / 15.0% Bolsa),1349.4322650000001,501505.70582913,771547.2397098703,709823.4605330807,-61723.77917678957,61723.77917678957,7.999999999999993
2026-11-17,17,2026-11-01,True,SANTANDER,17562582.71,449810.755,195995971.47000003,127397381.46,371.642,382339.14,67471.61,85.0,15.0,Cubierta (85.0% Contratos / 15.0% Bolsa),1349.4322650000001,501505.70582913,771547.2397098703,709823.4605330807,-61723.77917678957,61723.77917678957,7.999999999999993
2026-11-17,17,2026-11-01,True,CUNDINAMARCA,11176495.08,449810.755,195995971.47000003,127397381.46,371.642,382339.14,67471.61,85.0,15.0,Cubierta (85.0% Contratos / 15.0% Bolsa),1349.4322650000001,501505.70582913,771547.2397098703,709823.4605330807,-61723.77917678957,61723.77917678957,7.999999999999993
2026-11-17,17,2026-11-01,True,TOLIMA,9273825.5,449810.755,195995971.47000003,127397381.46,371.642,382339.14,67471.61,85.0,15.0,Cubierta (85.0% Contratos / 15.0% Bolsa),1349.4322650000001,501505.70582913,771547.2397098703,709823.4605330807,-61723.77917678957,61723.77917678957,7.999999999999993
2026-11-18,18,2026-11-01,True,ANTIOQUIA,30926667.04,451090.565,196553623.23999998,127759855.11,372.1363,383426.98,67663.58,85.0,15.0,Cubierta (85.0% Contratos / 15.0% Bolsa),1353.2716950000001,503601.5214720286,774771.5714711712,712789.8457534775,-61981.725717693684,61981.725717693684,7.999999999999999
2026-11-18,18,2026-11-01,True,BOGOTA,43484035.3,451090.565,196553623.23999998,127759855.11,372.1363,383426.98,67663.58,85.0,15.0,Cubierta (85.0% Contratos / 15.0% Bolsa),1353.2716950000001,503601.5214720286,774771.5714711712,712789.8457534775,-61981.725717693684,61981.725717693684,7.999999999999999
2026-11-18,18,2026-11-01,True,CARIBE_MAR,34800127.9,451090.565,196553623.23999998,127759855.11,372.1363,383426.98,67663.58,85.0,15.0,Cubierta (85.0% Contratos / 15.0% Bolsa),1353.2716950000001,503601.5214720286,774771.5714711712,712789.8457534775,-61981.725717693684,61981.725717693684,7.999999999999999
2026-11-18,18,2026-11-01,True,CARIBE_SOL,27632347.58,451090.565,196553623.23999998,127759855.11,372.1363,383426.98,67663.58,85.0,15.0,Cubierta (85.0% Contratos / 15.0% Bolsa),1353.2716950000001,503601.5214720286,774771.5714711712,712789.8457534775,-61981.725717693684,61981.725717693684,7.999999999999999
2026-11-18,18,2026-11-01,True,VALLE,22093181.14,451090.565,196553623.23999998,127759855.11,372.1363,383426.98,67663.58,85.0,15.0,Cubierta (85.0% Contratos / 15.0% Bolsa),1353.2716950000001,503601.5214720286,774771.5714711712,712789.8457534775,-61981.725717693684,61981.725717693684,7.999999999999999
2026-11-18,18,2026-11-01,True,SANTANDER,17299838.1,451090.565,196553623.23999998,127759855.11,372.1363,383426.98,67663.58,85.0,15.0,Cubierta (85.0% Contratos / 15.0% Bolsa),1353.2716950000001,503601.5214720286,774771.5714711712,712789.8457534775,-61981.725717693684,61981.725717693684,7.999999999999999
2026-11-18,18,2026-11-01,True,CUNDINAMARCA,10979155.28,451090.565,196553623.23999998,127759855.11,372.1363,383426.98,67663.58,85.0,15.0,Cubierta (85.0% Contratos / 15.0% Bolsa),1353.2716950000001,503601.5214720286,774771.5714711712,712789.8457534775,-61981.725717693684,61981.725717693684,7.999999999999999
2026-11-18,18,2026-11-01,True,TOLIMA,9338270.9,451090.565,196553623.23999998,127759855.11,372.1363,383426.98,67663.58,85.0,15.0,Cubierta (85.0% Contratos / 15.0% Bolsa),1353.2716950000001,503601.5214720286,774771.5714711712,712789.8457534775,-61981.725717693684,61981.725717693684,7.999999999999999
2026-11-19,19,2026-11-01,True,ANTIOQUIA,31342666.51,451259.9775,196627441.40999997,127807836.92,372.6919,383570.98,67689.0,85.0,15.0,Cubierta (85.0% Contratos / 15.0% Bolsa),1353.7799324999999,504542.81522529665,776219.7157099689,714122.1384531715,-62097.57725679746,62097.57725679746,7.999999999999993
2026-11-19,19,2026-11-01,True,BOGOTA,43579853.9,451259.9775,196627441.40999997,127807836.92,372.6919,383570.98,67689.0,85.0,15.0,Cubierta (85.0% Contratos / 15.0% Bolsa),1353.7799324999999,504542.81522529665,776219.7157099689,714122.1384531715,-62097.57725679746,62097.57725679746,7.999999999999993
2026-11-19,19,2026-11-01,True,CARIBE_MAR,34516559.18,451259.9775,196627441.40999997,127807836.92,372.6919,383570.98,67689.0,85.0,15.0,Cubierta (85.0% Contratos / 15.0% Bolsa),1353.7799324999999,504542.81522529665,776219.7157099689,714122.1384531715,-62097.57725679746,62097.57725679746,7.999999999999993
2026-11-19,19,2026-11-01,True,CARIBE_SOL,27071368.2,451259.9775,196627441.40999997,127807836.92,372.6919,383570.98,67689.0,85.0,15.0,Cubierta (85.0% Contratos / 15.0% Bolsa),1353.7799324999999,504542.81522529665,776219.7157099689,714122.1384531715,-62097.57725679746,62097.57725679746,7.999999999999993
2026-11-19,19,2026-11-01,True,VALLE,22182599.42,451259.9775,196627441.40999997,127807836.92,372.6919,383570.98,67689.0,85.0,15.0,Cubierta (85.0% Contratos / 15.0% Bolsa),1353.7799324999999,504542.81522529665,776219.7157099689,714122.1384531715,-62097.57725679746,62097.57725679746,7.999999999999993
2026-11-19,19,2026-11-01,True,SANTANDER,17469218.14,451259.9775,196627441.40999997,127807836.92,372.6919,383570.98,67689.0,85.0,15.0,Cubierta (85.0% Contratos / 15.0% Bolsa),1353.7799324999999,504542.81522529665,776219.7157099689,714122.1384531715,-62097.57725679746,62097.57725679746,7.999999999999993
2026-11-19,19,2026-11-01,True,CUNDINAMARCA,11178175.33,451259.9775,196627441.40999997,127807836.92,372.6919,383570.98,67689.0,85.0,15.0,Cubierta (85.0% Contratos / 15.0% Bolsa),1353.7799324999999,504542.81522529665,776219.7157099689,714122.1384531715,-62097.57725679746,62097.57725679746,7.999999999999993
2026-11-19,19,2026-11-01,True,TOLIMA,9287000.73,451259.9775,196627441.40999997,127807836.92,372.6919,383570.98,67689.0,85.0,15.0,Cubierta (85.0% Contratos / 15.0% Bolsa),1353.7799324999999,504542.81522529665,776219.7157099689,714122.1384531715,-62097.57725679746,62097.57725679746,7.999999999999993
2026-11-20,20,2026-11-01,True,ANTIOQUIA,30575109.25,451494.1,196729455.60999998,127874146.15,373.3006,383769.98,67724.12,85.0,15.0,Cubierta (85.0% Contratos / 15.0% Bolsa),1354.4823,505629.05527937994,777890.8542546777,715659.5859143034,-62231.26834037423,62231.26834037423,8.000000000000002
2026-11-20,20,2026-11-01,True,BOGOTA,43602245.48,451494.1,196729455.60999998,127874146.15,373.3006,383769.98,67724.12,85.0,15.0,Cubierta (85.0% Contratos / 15.0% Bolsa),1354.4823,505629.05527937994,777890.8542546777,715659.5859143034,-62231.26834037423,62231.26834037423,8.000000000000002
2026-11-20,20,2026-11-01,True,CARIBE_MAR,34791609.34,451494.1,196729455.60999998,127874146.15,373.3006,383769.98,67724.12,85.0,15.0,Cubierta (85.0% Contratos / 15.0% Bolsa),1354.4823,505629.05527937994,777890.8542546777,715659.5859143034,-62231.26834037423,62231.26834037423,8.000000000000002
2026-11-20,20,2026-11-01,True,CARIBE_SOL,27733451.44,451494.1,196729455.60999998,127874146.15,373.3006,383769.98,67724.12,85.0,15.0,Cubierta (85.0% Contratos / 15.0% Bolsa),1354.4823,505629.05527937994,777890.8542546777,715659.5859143034,-62231.26834037423,62231.26834037423,8.000000000000002
2026-11-20,20,2026-11-01,True,VALLE,22221083.91,451494.1,196729455.60999998,127874146.15,373.3006,383769.98,67724.12,85.0,15.0,Cubierta (85.0% Contratos / 15.0% Bolsa),1354.4823,505629.05527937994,777890.8542546777,715659.5859143034,-62231.26834037423,62231.26834037423,8.000000000000002
2026-11-20,20,2026-11-01,True,SANTANDER,17403071.79,451494.1,196729455.60999998,127874146.15,373.3006,383769.98,67724.12,85.0,15.0,Cubierta (85.0% Contratos / 15.0% Bolsa),1354.4823,505629.05527937994,777890.8542546777,715659.5859143034,-62231.26834037423,62231.26834037423,8.000000000000002
2026-11-20,20,2026-11-01,True,CUNDINAMARCA,11074185.0,451494.1,196729455.60999998,127874146.15,373.3006,383769.98,67724.12,85.0,15.0,Cubierta (85.0% Contratos / 15.0% Bolsa),1354.4823,505629.05527937994,777890.8542546777,715659.5859143034,-62231.26834037423,62231.26834037423,8.000000000000002
2026-11-20,20,2026-11-01,True,TOLIMA,9328699.4,451494.1,196729455.60999998,127874146.15,373.3006,383769.98,67724.12,85.0,15.0,Cubierta (85.0% Contratos / 15.0% Bolsa),1354.4823,505629.05527937994,777890.8542546777,715659.5859143034,-62231.26834037423,62231.26834037423,8.000000000000002
2026-11-21,21,2026-11-01,True,ANTIOQUIA,26115751.95,319544.69875,165139378.94,107340596.31,373.953,271612.99,47931.7,85.0,15.0,Cubierta (85.0% Contratos / 15.0% Bolsa),958.63409625,358484.09619497624,551513.9941512552,507392.87461915484,-44121.11953210039,44121.11953210039,7.999999999999995
2026-11-21,21,2026-11-01,True,BOGOTA,36160738.27,319544.69875,165139378.94,107340596.31,373.953,271612.99,47931.7,85.0,15.0,Cubierta (85.0% Contratos / 15.0% Bolsa),958.63409625,358484.09619497624,551513.9941512552,507392.87461915484,-44121.11953210039,44121.11953210039,7.999999999999995
2026-11-21,21,2026-11-01,True,CARIBE_MAR,29719288.94,319544.69875,165139378.94,107340596.31,373.953,271612.99,47931.7,85.0,15.0,Cubierta (85.0% Contratos / 15.0% Bolsa),958.63409625,358484.09619497624,551513.9941512552,507392.87461915484,-44121.11953210039,44121.11953210039,7.999999999999995
2026-11-21,21,2026-11-01,True,CARIBE_SOL,22542822.47,319544.69875,165139378.94,107340596.31,373.953,271612.99,47931.7,85.0,15.0,Cubierta (85.0% Contratos / 15.0% Bolsa),958.63409625,358484.09619497624,551513.9941512552,507392.87461915484,-44121.11953210039,44121.11953210039,7.999999999999995
2026-11-21,21,2026-11-01,True,VALLE,18722050.94,319544.69875,165139378.94,107340596.31,373.953,271612.99,47931.7,85.0,15.0,Cubierta (85.0% Contratos / 15.0% Bolsa),958.63409625,358484.09619497624,551513.9941512552,507392.87461915484,-44121.11953210039,44121.11953210039,7.999999999999995
2026-11-21,21,2026-11-01,True,SANTANDER,14628943.34,319544.69875,165139378.94,107340596.31,373.953,271612.99,47931.7,85.0,15.0,Cubierta (85.0% Contratos / 15.0% Bolsa),958.63409625,358484.09619497624,551513.9941512552,507392.87461915484,-44121.11953210039,44121.11953210039,7.999999999999995
2026-11-21,21,2026-11-01,True,CUNDINAMARCA,9429641.0,319544.69875,165139378.94,107340596.31,373.953,271612.99,47931.7,85.0,15.0,Cubierta (85.0% Contratos / 15.0% Bolsa),958.63409625,358484.09619497624,551513.9941512552,507392.87461915484,-44121.11953210039,44121.11953210039,7.999999999999995
2026-11-21,21,2026-11-01,True,TOLIMA,7820142.03,319544.69875,165139378.94,107340596.31,373.953,271612.99,47931.7,85.0,15.0,Cubierta (85.0% Contratos / 15.0% Bolsa),958.63409625,358484.09619497624,551513.9941512552,507392.87461915484,-44121.11953210039,44121.11953210039,7.999999999999995
2026-11-22,22,2026-11-01,True,ANTIOQUIA,26130822.37,321728.775,166268101.07999998,108074265.7,374.639,273469.46,48259.32,85.0,15.0,Cubierta (85.0% Contratos / 15.0% Bolsa),965.1863250000001,361596.43961167504,556302.2147974871,511798.0376136882,-44504.17718379892,44504.17718379892,7.999999999999992
2026-11-22,22,2026-11-01,True,BOGOTA,36748278.6,321728.775,166268101.07999998,108074265.7,374.639,273469.46,48259.32,85.0,15.0,Cubierta (85.0% Contratos / 15.0% Bolsa),965.1863250000001,361596.43961167504,556302.2147974871,511798.0376136882,-44504.17718379892,44504.17718379892,7.999999999999992
2026-11-22,22,2026-11-01,True,CARIBE_MAR,29505903.36,321728.775,166268101.07999998,108074265.7,374.639,273469.46,48259.32,85.0,15.0,Cubierta (85.0% Contratos / 15.0% Bolsa),965.1863250000001,361596.43961167504,556302.2147974871,511798.0376136882,-44504.17718379892,44504.17718379892,7.999999999999992
2026-11-22,22,2026-11-01,True,CARIBE_SOL,23199367.72,321728.775,166268101.07999998,108074265.7,374.639,273469.46,48259.32,85.0,15.0,Cubierta (85.0% Contratos / 15.0% Bolsa),965.1863250000001,361596.43961167504,556302.2147974871,511798.0376136882,-44504.17718379892,44504.17718379892,7.999999999999992
2026-11-22,22,2026-11-01,True,VALLE,18818161.24,321728.775,166268101.07999998,108074265.7,374.639,273469.46,48259.32,85.0,15.0,Cubierta (85.0% Contratos / 15.0% Bolsa),965.1863250000001,361596.43961167504,556302.2147974871,511798.0376136882,-44504.17718379892,44504.17718379892,7.999999999999992
2026-11-22,22,2026-11-01,True,SANTANDER,14584735.98,321728.775,166268101.07999998,108074265.7,374.639,273469.46,48259.32,85.0,15.0,Cubierta (85.0% Contratos / 15.0% Bolsa),965.1863250000001,361596.43961167504,556302.2147974871,511798.0376136882,-44504.17718379892,44504.17718379892,7.999999999999992
2026-11-22,22,2026-11-01,True,CUNDINAMARCA,9430392.61,321728.775,166268101.07999998,108074265.7,374.639,273469.46,48259.32,85.0,15.0,Cubierta (85.0% Contratos / 15.0% Bolsa),965.1863250000001,361596.43961167504,556302.2147974871,511798.0376136882,-44504.17718379892,44504.17718379892,7.999999999999992
2026-11-22,22,2026-11-01,True,TOLIMA,7850439.2,321728.775,166268101.07999998,108074265.7,374.639,273469.46,48259.32,85.0,15.0,Cubierta (85.0% Contratos / 15.0% Bolsa),965.1863250000001,361596.43961167504,556302.2147974871,511798.0376136882,-44504.17718379892,44504.17718379892,7.999999999999992
2026-11-23,23,2026-11-01,True,ANTIOQUIA,30947733.74,450730.73625,196396835.13000003,127657942.83,375.3474,383121.13,67609.61,85.0,15.0,Cubierta (85.0% Contratos / 15.0% Bolsa),1352.19220875,507541.82985456975,780833.5844191706,718366.897665637,-62466.686753533664,62466.686753533664,8.000000000000002
2026-11-23,23,2026-11-01,True,BOGOTA,43544718.03,450730.73625,196396835.13000003,127657942.83,375.3474,383121.13,67609.61,85.0,15.0,Cubierta (85.0% Contratos / 15.0% Bolsa),1352.19220875,507541.82985456975,780833.5844191706,718366.897665637,-62466.686753533664,62466.686753533664,8.000000000000002
2026-11-23,23,2026-11-01,True,CARIBE_MAR,34714015.82,450730.73625,196396835.13000003,127657942.83,375.3474,383121.13,67609.61,85.0,15.0,Cubierta (85.0% Contratos / 15.0% Bolsa),1352.19220875,507541.82985456975,780833.5844191706,718366.897665637,-62466.686753533664,62466.686753533664,8.000000000000002
2026-11-23,23,2026-11-01,True,CARIBE_SOL,27087049.74,450730.73625,196396835.13000003,127657942.83,375.3474,383121.13,67609.61,85.0,15.0,Cubierta (85.0% Contratos / 15.0% Bolsa),1352.19220875,507541.82985456975,780833.5844191706,718366.897665637,-62466.686753533664,62466.686753533664,8.000000000000002
2026-11-23,23,2026-11-01,True,VALLE,22322496.99,450730.73625,196396835.13000003,127657942.83,375.3474,383121.13,67609.61,85.0,15.0,Cubierta (85.0% Contratos / 15.0% Bolsa),1352.19220875,507541.82985456975,780833.5844191706,718366.897665637,-62466.686753533664,62466.686753533664,8.000000000000002
2026-11-23,23,2026-11-01,True,SANTANDER,17312332.63,450730.73625,196396835.13000003,127657942.83,375.3474,383121.13,67609.61,85.0,15.0,Cubierta (85.0% Contratos / 15.0% Bolsa),1352.19220875,507541.82985456975,780833.5844191706,718366.897665637,-62466.686753533664,62466.686753533664,8.000000000000002
2026-11-23,23,2026-11-01,True,CUNDINAMARCA,11204649.35,450730.73625,196396835.13000003,127657942.83,375.3474,383121.13,67609.61,85.0,15.0,Cubierta (85.0% Contratos / 15.0% Bolsa),1352.19220875,507541.82985456975,780833.5844191706,718366.897665637,-62466.686753533664,62466.686753533664,8.000000000000002
2026-11-23,23,2026-11-01,True,TOLIMA,9263838.83,450730.73625,196396835.13000003,127657942.83,375.3474,383121.13,67609.61,85.0,15.0,Cubierta (85.0% Contratos / 15.0% Bolsa),1352.19220875,507541.82985456975,780833.5844191706,718366.897665637,-62466.686753533664,62466.686753533664,8.000000000000002
2026-11-24,24,2026-11-01,True,ANTIOQUIA,31000407.73,450878.985,196461431.32,127699930.36,376.0671,383247.14,67631.85,85.0,15.0,Cubierta (85.0% Contratos / 15.0% Bolsa),1352.636955,508682.25701968046,782588.0877103287,719981.0406935025,-62607.047016826225,62607.047016826225,7.99999999999999
2026-11-24,24,2026-11-01,True,BOGOTA,43462035.97,450878.985,196461431.32,127699930.36,376.0671,383247.14,67631.85,85.0,15.0,Cubierta (85.0% Contratos / 15.0% Bolsa),1352.636955,508682.25701968046,782588.0877103287,719981.0406935025,-62607.047016826225,62607.047016826225,7.99999999999999
2026-11-24,24,2026-11-01,True,CARIBE_MAR,34914690.22,450878.985,196461431.32,127699930.36,376.0671,383247.14,67631.85,85.0,15.0,Cubierta (85.0% Contratos / 15.0% Bolsa),1352.636955,508682.25701968046,782588.0877103287,719981.0406935025,-62607.047016826225,62607.047016826225,7.99999999999999
2026-11-24,24,2026-11-01,True,CARIBE_SOL,27207581.9,450878.985,196461431.32,127699930.36,376.0671,383247.14,67631.85,85.0,15.0,Cubierta (85.0% Contratos / 15.0% Bolsa),1352.636955,508682.25701968046,782588.0877103287,719981.0406935025,-62607.047016826225,62607.047016826225,7.99999999999999
2026-11-24,24,2026-11-01,True,VALLE,22051308.1,450878.985,196461431.32,127699930.36,376.0671,383247.14,67631.85,85.0,15.0,Cubierta (85.0% Contratos / 15.0% Bolsa),1352.636955,508682.25701968046,782588.0877103287,719981.0406935025,-62607.047016826225,62607.047016826225,7.99999999999999
2026-11-24,24,2026-11-01,True,SANTANDER,17412095.06,450878.985,196461431.32,127699930.36,376.0671,383247.14,67631.85,85.0,15.0,Cubierta (85.0% Contratos / 15.0% Bolsa),1352.636955,508682.25701968046,782588.0877103287,719981.0406935025,-62607.047016826225,62607.047016826225,7.99999999999999
2026-11-24,24,2026-11-01,True,CUNDINAMARCA,11127830.38,450878.985,196461431.32,127699930.36,376.0671,383247.14,67631.85,85.0,15.0,Cubierta (85.0% Contratos / 15.0% Bolsa),1352.636955,508682.25701968046,782588.0877103287,719981.0406935025,-62607.047016826225,62607.047016826225,7.99999999999999
2026-11-24,24,2026-11-01,True,TOLIMA,9285481.96,450878.985,196461431.32,127699930.36,376.0671,383247.14,67631.85,85.0,15.0,Cubierta (85.0% Contratos / 15.0% Bolsa),1352.636955,508682.25701968046,782588.0877103287,719981.0406935025,-62607.047016826225,62607.047016826225,7.99999999999999
2026-11-25,25,2026-11-01,True,ANTIOQUIA,30976998.8,451023.15625,196524250.83,127740763.04,376.7864,383369.68,67653.47,85.0,15.0,Cubierta (85.0% Contratos / 15.0% Bolsa),1353.06946875,509818.174080225,784335.6524280454,721588.8002338018,-62746.85219424358,62746.85219424358,7.999999999999993
2026-11-25,25,2026-11-01,True,BOGOTA,43585915.99,451023.15625,196524250.83,127740763.04,376.7864,383369.68,67653.47,85.0,15.0,Cubierta (85.0% Contratos / 15.0% Bolsa),1353.06946875,509818.174080225,784335.6524280454,721588.8002338018,-62746.85219424358,62746.85219424358,7.999999999999993
2026-11-25,25,2026-11-01,True,CARIBE_MAR,34631138.09,451023.15625,196524250.83,127740763.04,376.7864,383369.68,67653.47,85.0,15.0,Cubierta (85.0% Contratos / 15.0% Bolsa),1353.06946875,509818.174080225,784335.6524280454,721588.8002338018,-62746.85219424358,62746.85219424358,7.999999999999993
2026-11-25,25,2026-11-01,True,CARIBE_SOL,27447136.18,451023.15625,196524250.83,127740763.04,376.7864,383369.68,67653.47,85.0,15.0,Cubierta (85.0% Contratos / 15.0% Bolsa),1353.06946875,509818.174080225,784335.6524280454,721588.8002338018,-62746.85219424358,62746.85219424358,7.999999999999993
2026-11-25,25,2026-11-01,True,VALLE,22215823.9,451023.15625,196524250.83,127740763.04,376.7864,383369.68,67653.47,85.0,15.0,Cubierta (85.0% Contratos / 15.0% Bolsa),1353.06946875,509818.174080225,784335.6524280454,721588.8002338018,-62746.85219424358,62746.85219424358,7.999999999999993
2026-11-25,25,2026-11-01,True,SANTANDER,17082135.05,451023.15625,196524250.83,127740763.04,376.7864,383369.68,67653.47,85.0,15.0,Cubierta (85.0% Contratos / 15.0% Bolsa),1353.06946875,509818.174080225,784335.6524280454,721588.8002338018,-62746.85219424358,62746.85219424358,7.999999999999993
2026-11-25,25,2026-11-01,True,CUNDINAMARCA,11228607.73,451023.15625,196524250.83,127740763.04,376.7864,383369.68,67653.47,85.0,15.0,Cubierta (85.0% Contratos / 15.0% Bolsa),1353.06946875,509818.174080225,784335.6524280454,721588.8002338018,-62746.85219424358,62746.85219424358,7.999999999999993
2026-11-25,25,2026-11-01,True,TOLIMA,9356495.09,451023.15625,196524250.83,127740763.04,376.7864,383369.68,67653.47,85.0,15.0,Cubierta (85.0% Contratos / 15.0% Bolsa),1353.06946875,509818.174080225,784335.6524280454,721588.8002338018,-62746.85219424358,62746.85219424358,7.999999999999993
2026-11-26,26,2026-11-01,True,ANTIOQUIA,30796277.94,451005.75375,196516668.4,127735834.46,377.4937,383354.89,67650.86,85.0,15.0,Cubierta (85.0% Contratos / 15.0% Bolsa),1353.01726125,510755.4921131291,785777.6801740447,722915.4657601211,-62862.21441392356,62862.21441392356,7.999999999999999
2026-11-26,26,2026-11-01,True,BOGOTA,43247823.71,451005.75375,196516668.4,127735834.46,377.4937,383354.89,67650.86,85.0,15.0,Cubierta (85.0% Contratos / 15.0% Bolsa),1353.01726125,510755.4921131291,785777.6801740447,722915.4657601211,-62862.21441392356,62862.21441392356,7.999999999999999
2026-11-26,26,2026-11-01,True,CARIBE_MAR,35079955.32,451005.75375,196516668.4,127735834.46,377.4937,383354.89,67650.86,85.0,15.0,Cubierta (85.0% Contratos / 15.0% Bolsa),1353.01726125,510755.4921131291,785777.6801740447,722915.4657601211,-62862.21441392356,62862.21441392356,7.999999999999999
2026-11-26,26,2026-11-01,True,CARIBE_SOL,27315401.12,451005.75375,196516668.4,127735834.46,377.4937,383354.89,67650.86,85.0,15.0,Cubierta (85.0% Contratos / 15.0% Bolsa),1353.01726125,510755.4921131291,785777.6801740447,722915.4657601211,-62862.21441392356,62862.21441392356,7.999999999999999
2026-11-26,26,2026-11-01,True,VALLE,22392445.82,451005.75375,196516668.4,127735834.46,377.4937,383354.89,67650.86,85.0,15.0,Cubierta (85.0% Contratos / 15.0% Bolsa),1353.01726125,510755.4921131291,785777.6801740447,722915.4657601211,-62862.21441392356,62862.21441392356,7.999999999999999
2026-11-26,26,2026-11-01,True,SANTANDER,17240881.74,451005.75375,196516668.4,127735834.46,377.4937,383354.89,67650.86,85.0,15.0,Cubierta (85.0% Contratos / 15.0% Bolsa),1353.01726125,510755.4921131291,785777.6801740447,722915.4657601211,-62862.21441392356,62862.21441392356,7.999999999999999
2026-11-26,26,2026-11-01,True,CUNDINAMARCA,11061185.76,451005.75375,196516668.4,127735834.46,377.4937,383354.89,67650.86,85.0,15.0,Cubierta (85.0% Contratos / 15.0% Bolsa),1353.01726125,510755.4921131291,785777.6801740447,722915.4657601211,-62862.21441392356,62862.21441392356,7.999999999999999
2026-11-26,26,2026-11-01,True,TOLIMA,9382696.99,451005.75375,196516668.4,127735834.46,377.4937,383354.89,67650.86,85.0,15.0,Cubierta (85.0% Contratos / 15.0% Bolsa),1353.01726125,510755.4921131291,785777.6801740447,722915.4657601211,-62862.21441392356,62862.21441392356,7.999999999999999
2026-11-27,27,2026-11-01,True,ANTIOQUIA,31296904.35,451078.105,196548193.91000003,127756326.04,378.1776,383416.39,67661.72,85.0,15.0,Cubierta (85.0% Contratos / 15.0% Bolsa),1353.234315,511762.90548434394,787327.5469082348,724341.343155576,-62986.203752658796,62986.203752658796,8.000000000000002
2026-11-27,27,2026-11-01,True,BOGOTA,43429551.73,451078.105,196548193.91000003,127756326.04,378.1776,383416.39,67661.72,85.0,15.0,Cubierta (85.0% Contratos / 15.0% Bolsa),1353.234315,511762.90548434394,787327.5469082348,724341.343155576,-62986.203752658796,62986.203752658796,8.000000000000002
2026-11-27,27,2026-11-01,True,CARIBE_MAR,34300966.88,451078.105,196548193.91000003,127756326.04,378.1776,383416.39,67661.72,85.0,15.0,Cubierta (85.0% Contratos / 15.0% Bolsa),1353.234315,511762.90548434394,787327.5469082348,724341.343155576,-62986.203752658796,62986.203752658796,8.000000000000002
2026-11-27,27,2026-11-01,True,CARIBE_SOL,27226399.55,451078.105,196548193.91000003,127756326.04,378.1776,383416.39,67661.72,85.0,15.0,Cubierta (85.0% Contratos / 15.0% Bolsa),1353.234315,511762.90548434394,787327.5469082348,724341.343155576,-62986.203752658796,62986.203752658796,8.000000000000002
2026-11-27,27,2026-11-01,True,VALLE,22360398.46,451078.105,196548193.91000003,127756326.04,378.1776,383416.39,67661.72,85.0,15.0,Cubierta (85.0% Contratos / 15.0% Bolsa),1353.234315,511762.90548434394,787327.5469082348,724341.343155576,-62986.203752658796,62986.203752658796,8.000000000000002
2026-11-27,27,2026-11-01,True,SANTANDER,17464278.15,451078.105,196548193.91000003,127756326.04,378.1776,383416.39,67661.72,85.0,15.0,Cubierta (85.0% Contratos / 15.0% Bolsa),1353.234315,511762.90548434394,787327.5469082348,724341.343155576,-62986.203752658796,62986.203752658796,8.000000000000002
2026-11-27,27,2026-11-01,True,CUNDINAMARCA,11138186.16,451078.105,196548193.91000003,127756326.04,378.1776,383416.39,67661.72,85.0,15.0,Cubierta (85.0% Contratos / 15.0% Bolsa),1353.234315,511762.90548434394,787327.5469082348,724341.343155576,-62986.203752658796,62986.203752658796,8.000000000000002
2026-11-27,27,2026-11-01,True,TOLIMA,9331508.63,451078.105,196548193.91000003,127756326.04,378.1776,383416.39,67661.72,85.0,15.0,Cubierta (85.0% Contratos / 15.0% Bolsa),1353.234315,511762.90548434394,787327.5469082348,724341.343155576,-62986.203752658796,62986.203752658796,8.000000000000002
2026-11-28,28,2026-11-01,True,ANTIOQUIA,26804599.53,321461.5225,166129985.57,107984490.62,378.8272,273242.29,48219.23,85.0,15.0,Cubierta (85.0% Contratos / 15.0% Bolsa),964.3845675000001,365335.105429236,562054.0083552732,517089.68768685136,-44964.3206684218,44964.3206684218,7.99999999999999
2026-11-28,28,2026-11-01,True,BOGOTA,36349171.04,321461.5225,166129985.57,107984490.62,378.8272,273242.29,48219.23,85.0,15.0,Cubierta (85.0% Contratos / 15.0% Bolsa),964.3845675000001,365335.105429236,562054.0083552732,517089.68768685136,-44964.3206684218,44964.3206684218,7.99999999999999
2026-11-28,28,2026-11-01,True,CARIBE_MAR,29090389.74,321461.5225,166129985.57,107984490.62,378.8272,273242.29,48219.23,85.0,15.0,Cubierta (85.0% Contratos / 15.0% Bolsa),964.3845675000001,365335.105429236,562054.0083552732,517089.68768685136,-44964.3206684218,44964.3206684218,7.99999999999999
2026-11-28,28,2026-11-01,True,CARIBE_SOL,22924894.46,321461.5225,166129985.57,107984490.62,378.8272,273242.29,48219.23,85.0,15.0,Cubierta (85.0% Contratos / 15.0% Bolsa),964.3845675000001,365335.105429236,562054.0083552732,517089.68768685136,-44964.3206684218,44964.3206684218,7.99999999999999
2026-11-28,28,2026-11-01,True,VALLE,18890552.13,321461.5225,166129985.57,107984490.62,378.8272,273242.29,48219.23,85.0,15.0,Cubierta (85.0% Contratos / 15.0% Bolsa),964.3845675000001,365335.105429236,562054.0083552732,517089.68768685136,-44964.3206684218,44964.3206684218,7.99999999999999
2026-11-28,28,2026-11-01,True,SANTANDER,14787977.61,321461.5225,166129985.57,107984490.62,378.8272,273242.29,48219.23,85.0,15.0,Cubierta (85.0% Contratos / 15.0% Bolsa),964.3845675000001,365335.105429236,562054.0083552732,517089.68768685136,-44964.3206684218,44964.3206684218,7.99999999999999
2026-11-28,28,2026-11-01,True,CUNDINAMARCA,9441308.02,321461.5225,166129985.57,107984490.62,378.8272,273242.29,48219.23,85.0,15.0,Cubierta (85.0% Contratos / 15.0% Bolsa),964.3845675000001,365335.105429236,562054.0083552732,517089.68768685136,-44964.3206684218,44964.3206684218,7.99999999999999
2026-11-28,28,2026-11-01,True,TOLIMA,7841093.04,321461.5225,166129985.57,107984490.62,378.8272,273242.29,48219.23,85.0,15.0,Cubierta (85.0% Contratos / 15.0% Bolsa),964.3845675000001,365335.105429236,562054.0083552732,517089.68768685136,-44964.3206684218,44964.3206684218,7.99999999999999
2026-11-29,29,2026-11-01,True,ANTIOQUIA,26319181.82,320739.15125,165756667.16000003,107741833.65,379.4325,272628.28,48110.87,85.0,15.0,Cubierta (85.0% Contratos / 15.0% Bolsa),962.21745375,365096.57401999686,561687.0369746945,516752.07401671895,-44934.96295797551,44934.96295797551,7.999999999999992
2026-11-29,29,2026-11-01,True,BOGOTA,36558394.39,320739.15125,165756667.16000003,107741833.65,379.4325,272628.28,48110.87,85.0,15.0,Cubierta (85.0% Contratos / 15.0% Bolsa),962.21745375,365096.57401999686,561687.0369746945,516752.07401671895,-44934.96295797551,44934.96295797551,7.999999999999992
2026-11-29,29,2026-11-01,True,CARIBE_MAR,29038536.8,320739.15125,165756667.16000003,107741833.65,379.4325,272628.28,48110.87,85.0,15.0,Cubierta (85.0% Contratos / 15.0% Bolsa),962.21745375,365096.57401999686,561687.0369746945,516752.07401671895,-44934.96295797551,44934.96295797551,7.999999999999992
2026-11-29,29,2026-11-01,True,CARIBE_SOL,22817481.22,320739.15125,165756667.16000003,107741833.65,379.4325,272628.28,48110.87,85.0,15.0,Cubierta (85.0% Contratos / 15.0% Bolsa),962.21745375,365096.57401999686,561687.0369746945,516752.07401671895,-44934.96295797551,44934.96295797551,7.999999999999992
2026-11-29,29,2026-11-01,True,VALLE,18871748.27,320739.15125,165756667.16000003,107741833.65,379.4325,272628.28,48110.87,85.0,15.0,Cubierta (85.0% Contratos / 15.0% Bolsa),962.21745375,365096.57401999686,561687.0369746945,516752.07401671895,-44934.96295797551,44934.96295797551,7.999999999999992
2026-11-29,29,2026-11-01,True,SANTANDER,14892341.59,320739.15125,165756667.16000003,107741833.65,379.4325,272628.28,48110.87,85.0,15.0,Cubierta (85.0% Contratos / 15.0% Bolsa),962.21745375,365096.57401999686,561687.0369746945,516752.07401671895,-44934.96295797551,44934.96295797551,7.999999999999992
2026-11-29,29,2026-11-01,True,CUNDINAMARCA,9373629.58,320739.15125,165756667.16000003,107741833.65,379.4325,272628.28,48110.87,85.0,15.0,Cubierta (85.0% Contratos / 15.0% Bolsa),962.21745375,365096.57401999686,561687.0369746945,516752.07401671895,-44934.96295797551,44934.96295797551,7.999999999999992
2026-11-29,29,2026-11-01,True,TOLIMA,7885353.49,320739.15125,165756667.16000003,107741833.65,379.4325,272628.28,48110.87,85.0,15.0,Cubierta (85.0% Contratos / 15.0% Bolsa),962.21745375,365096.57401999686,561687.0369746945,516752.07401671895,-44934.96295797551,44934.96295797551,7.999999999999992
2026-11-30,30,2026-11-01,True,ANTIOQUIA,31517090.76,451689.84375,196814746.56000003,127929585.26,379.984,383936.37,67753.48,85.0,15.0,Cubierta (85.0% Contratos / 15.0% Bolsa),1355.06953125,514904.7407625,792161.139659384,728788.2484866333,-63372.89117275074,63372.89117275074,8.000000000000002
2026-11-30,30,2026-11-01,True,BOGOTA,43631411.86,451689.84375,196814746.56000003,127929585.26,379.984,383936.37,67753.48,85.0,15.0,Cubierta (85.0% Contratos / 15.0% Bolsa),1355.06953125,514904.7407625,792161.139659384,728788.2484866333,-63372.89117275074,63372.89117275074,8.000000000000002
2026-11-30,30,2026-11-01,True,CARIBE_MAR,34282002.3,451689.84375,196814746.56000003,127929585.26,379.984,383936.37,67753.48,85.0,15.0,Cubierta (85.0% Contratos / 15.0% Bolsa),1355.06953125,514904.7407625,792161.139659384,728788.2484866333,-63372.89117275074,63372.89117275074,8.000000000000002
2026-11-30,30,2026-11-01,True,CARIBE_SOL,27219138.04,451689.84375,196814746.56000003,127929585.26,379.984,383936.37,67753.48,85.0,15.0,Cubierta (85.0% Contratos / 15.0% Bolsa),1355.06953125,514904.7407625,792161.139659384,728788.2484866333,-63372.89117275074,63372.89117275074,8.000000000000002
2026-11-30,30,2026-11-01,True,VALLE,22251329.58,451689.84375,196814746.56000003,127929585.26,379.984,383936.37,67753.48,85.0,15.0,Cubierta (85.0% Contratos / 15.0% Bolsa),1355.06953125,514904.7407625,792161.139659384,728788.2484866333,-63372.89117275074,63372.89117275074,8.000000000000002
2026-11-30,30,2026-11-01,True,SANTANDER,17387063.63,451689.84375,196814746.56000003,127929585.26,379.984,383936.37,67753.48,85.0,15.0,Cubierta (85.0% Contratos / 15.0% Bolsa),1355.06953125,514904.7407625,792161.139659384,728788.2484866333,-63372.89117275074,63372.89117275074,8.000000000000002
2026-11-30,30,2026-11-01,True,CUNDINAMARCA,11194710.8,451689.84375,196814746.56000003,127929585.26,379.984,383936.37,67753.48,85.0,15.0,Cubierta (85.0% Contratos / 15.0% Bolsa),1355.06953125,514904.7407625,792161.139659384,728788.2484866333,-63372.89117275074,63372.89117275074,8.000000000000002
2026-11-30,30,2026-11-01,True,TOLIMA,9331999.59,451689.84375,196814746.56000003,127929585.26,379.984,383936.37,67753.48,85.0,15.0,Cubierta (85.0% Contratos / 15.0% Bolsa),1355.06953125,514904.7407625,792161.139659384,728788.2484866333,-63372.89117275074,63372.89117275074,8.000000000000002
2026-12-01,1,2026-12-01,True,ANTIOQUIA,31144855.69,453674.355,197679457.63,128491647.46,380.4737,385623.2,68051.15,85.0,15.0,Cubierta (85.0% Contratos / 15.0% Bolsa),1361.0230649999999,517833.48132589046,796666.8943444238,732933.5427968699,-63733.3515475539,63733.3515475539,8.0
2026-12-01,1,2026-12-01,True,BOGOTA,43740616.66,453674.355,197679457.63,128491647.46,380.4737,385623.2,68051.15,85.0,15.0,Cubierta (85.0% Contratos / 15.0% Bolsa),1361.0230649999999,517833.48132589046,796666.8943444238,732933.5427968699,-63733.3515475539,63733.3515475539,8.0
2026-12-01,1,2026-12-01,True,CARIBE_MAR,34842247.86,453674.355,197679457.63,128491647.46,380.4737,385623.2,68051.15,85.0,15.0,Cubierta (85.0% Contratos / 15.0% Bolsa),1361.0230649999999,517833.48132589046,796666.8943444238,732933.5427968699,-63733.3515475539,63733.3515475539,8.0
2026-12-01,1,2026-12-01,True,CARIBE_SOL,27423697.69,453674.355,197679457.63,128491647.46,380.4737,385623.2,68051.15,85.0,15.0,Cubierta (85.0% Contratos / 15.0% Bolsa),1361.0230649999999,517833.48132589046,796666.8943444238,732933.5427968699,-63733.3515475539,63733.3515475539,8.0
2026-12-01,1,2026-12-01,True,VALLE,22497378.17,453674.355,197679457.63,128491647.46,380.4737,385623.2,68051.15,85.0,15.0,Cubierta (85.0% Contratos / 15.0% Bolsa),1361.0230649999999,517833.48132589046,796666.8943444238,732933.5427968699,-63733.3515475539,63733.3515475539,8.0
2026-12-01,1,2026-12-01,True,SANTANDER,17451130.63,453674.355,197679457.63,128491647.46,380.4737,385623.2,68051.15,85.0,15.0,Cubierta (85.0% Contratos / 15.0% Bolsa),1361.0230649999999,517833.48132589046,796666.8943444238,732933.5427968699,-63733.3515475539,63733.3515475539,8.0
2026-12-01,1,2026-12-01,True,CUNDINAMARCA,11150940.54,453674.355,197679457.63,128491647.46,380.4737,385623.2,68051.15,85.0,15.0,Cubierta (85.0% Contratos / 15.0% Bolsa),1361.0230649999999,517833.48132589046,796666.8943444238,732933.5427968699,-63733.3515475539,63733.3515475539,8.0
2026-12-01,1,2026-12-01,True,TOLIMA,9428590.39,453674.355,197679457.63,128491647.46,380.4737,385623.2,68051.15,85.0,15.0,Cubierta (85.0% Contratos / 15.0% Bolsa),1361.0230649999999,517833.48132589046,796666.8943444238,732933.5427968699,-63733.3515475539,63733.3515475539,8.0
2026-12-02,2,2026-12-01,True,ANTIOQUIA,30677943.27,451661.0625,196802205.8,127921433.77,380.8945,383911.9,67749.16,85.0,15.0,Cubierta (85.0% Contratos / 15.0% Bolsa),1354.9831875,516105.6437112187,794008.6826326444,730487.9880220329,-63520.694610611536,63520.694610611536,7.999999999999997
2026-12-02,2,2026-12-01,True,BOGOTA,43037236.54,451661.0625,196802205.8,127921433.77,380.8945,383911.9,67749.16,85.0,15.0,Cubierta (85.0% Contratos / 15.0% Bolsa),1354.9831875,516105.6437112187,794008.6826326444,730487.9880220329,-63520.694610611536,63520.694610611536,7.999999999999997
2026-12-02,2,2026-12-01,True,CARIBE_MAR,35368608.21,451661.0625,196802205.8,127921433.77,380.8945,383911.9,67749.16,85.0,15.0,Cubierta (85.0% Contratos / 15.0% Bolsa),1354.9831875,516105.6437112187,794008.6826326444,730487.9880220329,-63520.694610611536,63520.694610611536,7.999999999999997
2026-12-02,2,2026-12-01,True,CARIBE_SOL,27591413.31,451661.0625,196802205.8,127921433.77,380.8945,383911.9,67749.16,85.0,15.0,Cubierta (85.0% Contratos / 15.0% Bolsa),1354.9831875,516105.6437112187,794008.6826326444,730487.9880220329,-63520.694610611536,63520.694610611536,7.999999999999997
2026-12-02,2,2026-12-01,True,VALLE,22027626.81,451661.0625,196802205.8,127921433.77,380.8945,383911.9,67749.16,85.0,15.0,Cubierta (85.0% Contratos / 15.0% Bolsa),1354.9831875,516105.6437112187,794008.6826326444,730487.9880220329,-63520.694610611536,63520.694610611536,7.999999999999997
2026-12-02,2,2026-12-01,True,SANTANDER,17397594.95,451661.0625,196802205.8,127921433.77,380.8945,383911.9,67749.16,85.0,15.0,Cubierta (85.0% Contratos / 15.0% Bolsa),1354.9831875,516105.6437112187,794008.6826326444,730487.9880220329,-63520.694610611536,63520.694610611536,7.999999999999997
2026-12-02,2,2026-12-01,True,CUNDINAMARCA,11438157.05,451661.0625,196802205.8,127921433.77,380.8945,383911.9,67749.16,85.0,15.0,Cubierta (85.0% Contratos / 15.0% Bolsa),1354.9831875,516105.6437112187,794008.6826326444,730487.9880220329,-63520.694610611536,63520.694610611536,7.999999999999997
2026-12-02,2,2026-12-01,True,TOLIMA,9263625.66,451661.0625,196802205.8,127921433.77,380.8945,383911.9,67749.16,85.0,15.0,Cubierta (85.0% Contratos / 15.0% Bolsa),1354.9831875,516105.6437112187,794008.6826326444,730487.9880220329,-63520.694610611536,63520.694610611536,7.999999999999997
2026-12-03,3,2026-12-01,True,ANTIOQUIA,31018383.84,451207.56875,196604605.26,127792993.42,381.2411,383526.43,67681.14,85.0,15.0,Cubierta (85.0% Contratos / 15.0% Bolsa),1353.62270625,516056.60951572686,793933.2454025978,730418.58577039,-63514.659632207826,63514.659632207826,8.0
2026-12-03,3,2026-12-01,True,BOGOTA,43449219.79,451207.56875,196604605.26,127792993.42,381.2411,383526.43,67681.14,85.0,15.0,Cubierta (85.0% Contratos / 15.0% Bolsa),1353.62270625,516056.60951572686,793933.2454025978,730418.58577039,-63514.659632207826,63514.659632207826,8.0
2026-12-03,3,2026-12-01,True,CARIBE_MAR,34790351.24,451207.56875,196604605.26,127792993.42,381.2411,383526.43,67681.14,85.0,15.0,Cubierta (85.0% Contratos / 15.0% Bolsa),1353.62270625,516056.60951572686,793933.2454025978,730418.58577039,-63514.659632207826,63514.659632207826,8.0
2026-12-03,3,2026-12-01,True,CARIBE_SOL,27444699.65,451207.56875,196604605.26,127792993.42,381.2411,383526.43,67681.14,85.0,15.0,Cubierta (85.0% Contratos / 15.0% Bolsa),1353.62270625,516056.60951572686,793933.2454025978,730418.58577039,-63514.659632207826,63514.659632207826,8.0
2026-12-03,3,2026-12-01,True,VALLE,22224775.15,451207.56875,196604605.26,127792993.42,381.2411,383526.43,67681.14,85.0,15.0,Cubierta (85.0% Contratos / 15.0% Bolsa),1353.62270625,516056.60951572686,793933.2454025978,730418.58577039,-63514.659632207826,63514.659632207826,8.0
2026-12-03,3,2026-12-01,True,SANTANDER,17254457.81,451207.56875,196604605.26,127792993.42,381.2411,383526.43,67681.14,85.0,15.0,Cubierta (85.0% Contratos / 15.0% Bolsa),1353.62270625,516056.60951572686,793933.2454025978,730418.58577039,-63514.659632207826,63514.659632207826,8.0
2026-12-03,3,2026-12-01,True,CUNDINAMARCA,11211836.92,451207.56875,196604605.26,127792993.42,381.2411,383526.43,67681.14,85.0,15.0,Cubierta (85.0% Contratos / 15.0% Bolsa),1353.62270625,516056.60951572686,793933.2454025978,730418.58577039,-63514.659632207826,63514.659632207826,8.0
2026-12-03,3,2026-12-01,True,TOLIMA,9210880.86,451207.56875,196604605.26,127792993.42,381.2411,383526.43,67681.14,85.0,15.0,Cubierta (85.0% Contratos / 15.0% Bolsa),1353.62270625,516056.60951572686,793933.2454025978,730418.58577039,-63514.659632207826,63514.659632207826,8.0
2026-12-04,4,2026-12-01,True,ANTIOQUIA,31090710.79,453019.23625,197394002.91,128306101.89,381.5093,385066.35,67952.89,85.0,15.0,Cubierta (85.0% Contratos / 15.0% Bolsa),1359.05770875,518493.1551248164,797681.7771244277,733867.2349544736,-63814.54216995416,63814.54216995416,7.999999999999993
2026-12-04,4,2026-12-01,True,BOGOTA,43733594.77,453019.23625,197394002.91,128306101.89,381.5093,385066.35,67952.89,85.0,15.0,Cubierta (85.0% Contratos / 15.0% Bolsa),1359.05770875,518493.1551248164,797681.7771244277,733867.2349544736,-63814.54216995416,63814.54216995416,7.999999999999993
2026-12-04,4,2026-12-01,True,CARIBE_MAR,34817507.99,453019.23625,197394002.91,128306101.89,381.5093,385066.35,67952.89,85.0,15.0,Cubierta (85.0% Contratos / 15.0% Bolsa),1359.05770875,518493.1551248164,797681.7771244277,733867.2349544736,-63814.54216995416,63814.54216995416,7.999999999999993
2026-12-04,4,2026-12-01,True,CARIBE_SOL,27178608.21,453019.23625,197394002.91,128306101.89,381.5093,385066.35,67952.89,85.0,15.0,Cubierta (85.0% Contratos / 15.0% Bolsa),1359.05770875,518493.1551248164,797681.7771244277,733867.2349544736,-63814.54216995416,63814.54216995416,7.999999999999993
2026-12-04,4,2026-12-01,True,VALLE,22780073.36,453019.23625,197394002.91,128306101.89,381.5093,385066.35,67952.89,85.0,15.0,Cubierta (85.0% Contratos / 15.0% Bolsa),1359.05770875,518493.1551248164,797681.7771244277,733867.2349544736,-63814.54216995416,63814.54216995416,7.999999999999993
2026-12-04,4,2026-12-01,True,SANTANDER,17355098.71,453019.23625,197394002.91,128306101.89,381.5093,385066.35,67952.89,85.0,15.0,Cubierta (85.0% Contratos / 15.0% Bolsa),1359.05770875,518493.1551248164,797681.7771244277,733867.2349544736,-63814.54216995416,63814.54216995416,7.999999999999993
2026-12-04,4,2026-12-01,True,CUNDINAMARCA,11068525.38,453019.23625,197394002.91,128306101.89,381.5093,385066.35,67952.89,85.0,15.0,Cubierta (85.0% Contratos / 15.0% Bolsa),1359.05770875,518493.1551248164,797681.7771244277,733867.2349544736,-63814.54216995416,63814.54216995416,7.999999999999993
2026-12-04,4,2026-12-01,True,TOLIMA,9369883.7,453019.23625,197394002.91,128306101.89,381.5093,385066.35,67952.89,85.0,15.0,Cubierta (85.0% Contratos / 15.0% Bolsa),1359.05770875,518493.1551248164,797681.7771244277,733867.2349544736,-63814.54216995416,63814.54216995416,7.999999999999993
2026-12-05,5,2026-12-01,True,ANTIOQUIA,26358723.43,320448.35375,165606384.64,107644150.02,381.6968,272381.1,48067.25,85.0,15.0,Cubierta (85.0% Contratos / 15.0% Bolsa),961.3450612500001,366942.33357492904,564526.6670173748,519364.5336559848,-45162.13336138998,45162.13336138998,7.999999999999999
2026-12-05,5,2026-12-01,True,BOGOTA,36587742.25,320448.35375,165606384.64,107644150.02,381.6968,272381.1,48067.25,85.0,15.0,Cubierta (85.0% Contratos / 15.0% Bolsa),961.3450612500001,366942.33357492904,564526.6670173748,519364.5336559848,-45162.13336138998,45162.13336138998,7.999999999999999
2026-12-05,5,2026-12-01,True,CARIBE_MAR,29117597.11,320448.35375,165606384.64,107644150.02,381.6968,272381.1,48067.25,85.0,15.0,Cubierta (85.0% Contratos / 15.0% Bolsa),961.3450612500001,366942.33357492904,564526.6670173748,519364.5336559848,-45162.13336138998,45162.13336138998,7.999999999999999
2026-12-05,5,2026-12-01,True,CARIBE_SOL,23096804.51,320448.35375,165606384.64,107644150.02,381.6968,272381.1,48067.25,85.0,15.0,Cubierta (85.0% Contratos / 15.0% Bolsa),961.3450612500001,366942.33357492904,564526.6670173748,519364.5336559848,-45162.13336138998,45162.13336138998,7.999999999999999
2026-12-05,5,2026-12-01,True,VALLE,18771003.63,320448.35375,165606384.64,107644150.02,381.6968,272381.1,48067.25,85.0,15.0,Cubierta (85.0% Contratos / 15.0% Bolsa),961.3450612500001,366942.33357492904,564526.6670173748,519364.5336559848,-45162.13336138998,45162.13336138998,7.999999999999999
2026-12-05,5,2026-12-01,True,SANTANDER,14594267.26,320448.35375,165606384.64,107644150.02,381.6968,272381.1,48067.25,85.0,15.0,Cubierta (85.0% Contratos / 15.0% Bolsa),961.3450612500001,366942.33357492904,564526.6670173748,519364.5336559848,-45162.13336138998,45162.13336138998,7.999999999999999
2026-12-05,5,2026-12-01,True,CUNDINAMARCA,9336401.67,320448.35375,165606384.64,107644150.02,381.6968,272381.1,48067.25,85.0,15.0,Cubierta (85.0% Contratos / 15.0% Bolsa),961.3450612500001,366942.33357492904,564526.6670173748,519364.5336559848,-45162.13336138998,45162.13336138998,7.999999999999999
2026-12-05,5,2026-12-01,True,TOLIMA,7743844.78,320448.35375,165606384.64,107644150.02,381.6968,272381.1,48067.25,85.0,15.0,Cubierta (85.0% Contratos / 15.0% Bolsa),961.3450612500001,366942.33357492904,564526.6670173748,519364.5336559848,-45162.13336138998,45162.13336138998,7.999999999999999
2026-12-06,6,2026-12-01,True,ANTIOQUIA,26322287.69,320986.28125,165884383.35999998,107824849.18,381.8028,272838.34,48147.94,85.0,15.0,Cubierta (85.0% Contratos / 15.0% Bolsa),962.95884375,367660.3828285125,565631.3582186948,520380.84956119925,-45250.50865749555,45250.50865749555,7.999999999999993
2026-12-06,6,2026-12-01,True,BOGOTA,36137452.34,320986.28125,165884383.35999998,107824849.18,381.8028,272838.34,48147.94,85.0,15.0,Cubierta (85.0% Contratos / 15.0% Bolsa),962.95884375,367660.3828285125,565631.3582186948,520380.84956119925,-45250.50865749555,45250.50865749555,7.999999999999993
2026-12-06,6,2026-12-01,True,CARIBE_MAR,29435291.81,320986.28125,165884383.35999998,107824849.18,381.8028,272838.34,48147.94,85.0,15.0,Cubierta (85.0% Contratos / 15.0% Bolsa),962.95884375,367660.3828285125,565631.3582186948,520380.84956119925,-45250.50865749555,45250.50865749555,7.999999999999993
2026-12-06,6,2026-12-01,True,CARIBE_SOL,23201252.99,320986.28125,165884383.35999998,107824849.18,381.8028,272838.34,48147.94,85.0,15.0,Cubierta (85.0% Contratos / 15.0% Bolsa),962.95884375,367660.3828285125,565631.3582186948,520380.84956119925,-45250.50865749555,45250.50865749555,7.999999999999993
2026-12-06,6,2026-12-01,True,VALLE,19021778.14,320986.28125,165884383.35999998,107824849.18,381.8028,272838.34,48147.94,85.0,15.0,Cubierta (85.0% Contratos / 15.0% Bolsa),962.95884375,367660.3828285125,565631.3582186948,520380.84956119925,-45250.50865749555,45250.50865749555,7.999999999999993
2026-12-06,6,2026-12-01,True,SANTANDER,14366858.36,320986.28125,165884383.35999998,107824849.18,381.8028,272838.34,48147.94,85.0,15.0,Cubierta (85.0% Contratos / 15.0% Bolsa),962.95884375,367660.3828285125,565631.3582186948,520380.84956119925,-45250.50865749555,45250.50865749555,7.999999999999993
2026-12-06,6,2026-12-01,True,CUNDINAMARCA,9495432.25,320986.28125,165884383.35999998,107824849.18,381.8028,272838.34,48147.94,85.0,15.0,Cubierta (85.0% Contratos / 15.0% Bolsa),962.95884375,367660.3828285125,565631.3582186948,520380.84956119925,-45250.50865749555,45250.50865749555,7.999999999999993
2026-12-06,6,2026-12-01,True,TOLIMA,7904029.78,320986.28125,165884383.35999998,107824849.18,381.8028,272838.34,48147.94,85.0,15.0,Cubierta (85.0% Contratos / 15.0% Bolsa),962.95884375,367660.3828285125,565631.3582186948,520380.84956119925,-45250.50865749555,45250.50865749555,7.999999999999993
2026-12-07,7,2026-12-01,True,ANTIOQUIA,30803619.31,451190.3475,196597101.14000002,127788115.74,381.8283,383511.8,67678.55,85.0,15.0,Cubierta (85.0% Contratos / 15.0% Bolsa),1353.5710425,516831.73008700274,795125.7386016111,731515.6795134823,-63610.05908812885,63610.05908812885,7.9999999999999964
2026-12-07,7,2026-12-01,True,BOGOTA,43101899.58,451190.3475,196597101.14000002,127788115.74,381.8283,383511.8,67678.55,85.0,15.0,Cubierta (85.0% Contratos / 15.0% Bolsa),1353.5710425,516831.73008700274,795125.7386016111,731515.6795134823,-63610.05908812885,63610.05908812885,7.9999999999999964
2026-12-07,7,2026-12-01,True,CARIBE_MAR,35207345.86,451190.3475,196597101.14000002,127788115.74,381.8283,383511.8,67678.55,85.0,15.0,Cubierta (85.0% Contratos / 15.0% Bolsa),1353.5710425,516831.73008700274,795125.7386016111,731515.6795134823,-63610.05908812885,63610.05908812885,7.9999999999999964
2026-12-07,7,2026-12-01,True,CARIBE_SOL,27408744.36,451190.3475,196597101.14000002,127788115.74,381.8283,383511.8,67678.55,85.0,15.0,Cubierta (85.0% Contratos / 15.0% Bolsa),1353.5710425,516831.73008700274,795125.7386016111,731515.6795134823,-63610.05908812885,63610.05908812885,7.9999999999999964
2026-12-07,7,2026-12-01,True,VALLE,22425985.32,451190.3475,196597101.14000002,127788115.74,381.8283,383511.8,67678.55,85.0,15.0,Cubierta (85.0% Contratos / 15.0% Bolsa),1353.5710425,516831.73008700274,795125.7386016111,731515.6795134823,-63610.05908812885,63610.05908812885,7.9999999999999964
2026-12-07,7,2026-12-01,True,SANTANDER,17058459.61,451190.3475,196597101.14000002,127788115.74,381.8283,383511.8,67678.55,85.0,15.0,Cubierta (85.0% Contratos / 15.0% Bolsa),1353.5710425,516831.73008700274,795125.7386016111,731515.6795134823,-63610.05908812885,63610.05908812885,7.9999999999999964
2026-12-07,7,2026-12-01,True,CUNDINAMARCA,11255190.26,451190.3475,196597101.14000002,127788115.74,381.8283,383511.8,67678.55,85.0,15.0,Cubierta (85.0% Contratos / 15.0% Bolsa),1353.5710425,516831.73008700274,795125.7386016111,731515.6795134823,-63610.05908812885,63610.05908812885,7.9999999999999964
2026-12-07,7,2026-12-01,True,TOLIMA,9335856.84,451190.3475,196597101.14000002,127788115.74,381.8283,383511.8,67678.55,85.0,15.0,Cubierta (85.0% Contratos / 15.0% Bolsa),1353.5710425,516831.73008700274,795125.7386016111,731515.6795134823,-63610.05908812885,63610.05908812885,7.9999999999999964
2026-12-08,8,2026-12-01,True,ANTIOQUIA,31045291.47,452414.54,197130518.58,128134837.08,381.7756,384552.36,67862.18,85.0,15.0,Cubierta (85.0% Contratos / 15.0% Bolsa),1357.24362,518162.49737167195,797173.0728608314,733399.2270319649,-63773.84582886647,63773.84582886647,7.999999999999995
2026-12-08,8,2026-12-01,True,BOGOTA,43907434.99,452414.54,197130518.58,128134837.08,381.7756,384552.36,67862.18,85.0,15.0,Cubierta (85.0% Contratos / 15.0% Bolsa),1357.24362,518162.49737167195,797173.0728608314,733399.2270319649,-63773.84582886647,63773.84582886647,7.999999999999995
2026-12-08,8,2026-12-01,True,CARIBE_MAR,34591719.23,452414.54,197130518.58,128134837.08,381.7756,384552.36,67862.18,85.0,15.0,Cubierta (85.0% Contratos / 15.0% Bolsa),1357.24362,518162.49737167195,797173.0728608314,733399.2270319649,-63773.84582886647,63773.84582886647,7.999999999999995
2026-12-08,8,2026-12-01,True,CARIBE_SOL,27265168.42,452414.54,197130518.58,128134837.08,381.7756,384552.36,67862.18,85.0,15.0,Cubierta (85.0% Contratos / 15.0% Bolsa),1357.24362,518162.49737167195,797173.0728608314,733399.2270319649,-63773.84582886647,63773.84582886647,7.999999999999995
2026-12-08,8,2026-12-01,True,VALLE,22392211.97,452414.54,197130518.58,128134837.08,381.7756,384552.36,67862.18,85.0,15.0,Cubierta (85.0% Contratos / 15.0% Bolsa),1357.24362,518162.49737167195,797173.0728608314,733399.2270319649,-63773.84582886647,63773.84582886647,7.999999999999995
2026-12-08,8,2026-12-01,True,SANTANDER,17437619.65,452414.54,197130518.58,128134837.08,381.7756,384552.36,67862.18,85.0,15.0,Cubierta (85.0% Contratos / 15.0% Bolsa),1357.24362,518162.49737167195,797173.0728608314,733399.2270319649,-63773.84582886647,63773.84582886647,7.999999999999995
2026-12-08,8,2026-12-01,True,CUNDINAMARCA,11109959.85,452414.54,197130518.58,128134837.08,381.7756,384552.36,67862.18,85.0,15.0,Cubierta (85.0% Contratos / 15.0% Bolsa),1357.24362,518162.49737167195,797173.0728608314,733399.2270319649,-63773.84582886647,63773.84582886647,7.999999999999995
2026-12-08,8,2026-12-01,True,TOLIMA,9381113.0,452414.54,197130518.58,128134837.08,381.7756,384552.36,67862.18,85.0,15.0,Cubierta (85.0% Contratos / 15.0% Bolsa),1357.24362,518162.49737167195,797173.0728608314,733399.2270319649,-63773.84582886647,63773.84582886647,7.999999999999995
2026-12-09,9,2026-12-01,True,ANTIOQUIA,31068503.92,453606.54375,197649909.96,128472441.47,381.6491,385565.56,68040.98,85.0,15.0,Cubierta (85.0% Contratos / 15.0% Bolsa),1360.8196312500002,519355.5875288944,799008.5962231761,735087.9085253221,-63920.68769785401,63920.68769785401,7.99999999999999
2026-12-09,9,2026-12-01,True,BOGOTA,43499013.32,453606.54375,197649909.96,128472441.47,381.6491,385565.56,68040.98,85.0,15.0,Cubierta (85.0% Contratos / 15.0% Bolsa),1360.8196312500002,519355.5875288944,799008.5962231761,735087.9085253221,-63920.68769785401,63920.68769785401,7.99999999999999
2026-12-09,9,2026-12-01,True,CARIBE_MAR,34992980.07,453606.54375,197649909.96,128472441.47,381.6491,385565.56,68040.98,85.0,15.0,Cubierta (85.0% Contratos / 15.0% Bolsa),1360.8196312500002,519355.5875288944,799008.5962231761,735087.9085253221,-63920.68769785401,63920.68769785401,7.99999999999999
2026-12-09,9,2026-12-01,True,CARIBE_SOL,27725650.56,453606.54375,197649909.96,128472441.47,381.6491,385565.56,68040.98,85.0,15.0,Cubierta (85.0% Contratos / 15.0% Bolsa),1360.8196312500002,519355.5875288944,799008.5962231761,735087.9085253221,-63920.68769785401,63920.68769785401,7.99999999999999
2026-12-09,9,2026-12-01,True,VALLE,22307959.59,453606.54375,197649909.96,128472441.47,381.6491,385565.56,68040.98,85.0,15.0,Cubierta (85.0% Contratos / 15.0% Bolsa),1360.8196312500002,519355.5875288944,799008.5962231761,735087.9085253221,-63920.68769785401,63920.68769785401,7.99999999999999
2026-12-09,9,2026-12-01,True,SANTANDER,17571652.82,453606.54375,197649909.96,128472441.47,381.6491,385565.56,68040.98,85.0,15.0,Cubierta (85.0% Contratos / 15.0% Bolsa),1360.8196312500002,519355.5875288944,799008.5962231761,735087.9085253221,-63920.68769785401,63920.68769785401,7.99999999999999
2026-12-09,9,2026-12-01,True,CUNDINAMARCA,11193374.71,453606.54375,197649909.96,128472441.47,381.6491,385565.56,68040.98,85.0,15.0,Cubierta (85.0% Contratos / 15.0% Bolsa),1360.8196312500002,519355.5875288944,799008.5962231761,735087.9085253221,-63920.68769785401,63920.68769785401,7.99999999999999
2026-12-09,9,2026-12-01,True,TOLIMA,9290774.97,453606.54375,197649909.96,128472441.47,381.6491,385565.56,68040.98,85.0,15.0,Cubierta (85.0% Contratos / 15.0% Bolsa),1360.8196312500002,519355.5875288944,799008.5962231761,735087.9085253221,-63920.68769785401,63920.68769785401,7.99999999999999
2026-12-10,10,2026-12-01,True,ANTIOQUIA,31217263.96,455164.90125,198328932.9,128913806.38,381.4542,386890.17,68274.74,85.0,15.0,Cubierta (85.0% Contratos / 15.0% Bolsa),1365.49470375,520873.6898231933,801344.1382206088,737236.6071629601,-64107.53105764871,64107.53105764871,8.0
2026-12-10,10,2026-12-01,True,BOGOTA,43482934.37,455164.90125,198328932.9,128913806.38,381.4542,386890.17,68274.74,85.0,15.0,Cubierta (85.0% Contratos / 15.0% Bolsa),1365.49470375,520873.6898231933,801344.1382206088,737236.6071629601,-64107.53105764871,64107.53105764871,8.0
2026-12-10,10,2026-12-01,True,CARIBE_MAR,35455464.24,455164.90125,198328932.9,128913806.38,381.4542,386890.17,68274.74,85.0,15.0,Cubierta (85.0% Contratos / 15.0% Bolsa),1365.49470375,520873.6898231933,801344.1382206088,737236.6071629601,-64107.53105764871,64107.53105764871,8.0
2026-12-10,10,2026-12-01,True,CARIBE_SOL,27268661.34,455164.90125,198328932.9,128913806.38,381.4542,386890.17,68274.74,85.0,15.0,Cubierta (85.0% Contratos / 15.0% Bolsa),1365.49470375,520873.6898231933,801344.1382206088,737236.6071629601,-64107.53105764871,64107.53105764871,8.0
2026-12-10,10,2026-12-01,True,VALLE,22491442.3,455164.90125,198328932.9,128913806.38,381.4542,386890.17,68274.74,85.0,15.0,Cubierta (85.0% Contratos / 15.0% Bolsa),1365.49470375,520873.6898231933,801344.1382206088,737236.6071629601,-64107.53105764871,64107.53105764871,8.0
2026-12-10,10,2026-12-01,True,SANTANDER,17696409.06,455164.90125,198328932.9,128913806.38,381.4542,386890.17,68274.74,85.0,15.0,Cubierta (85.0% Contratos / 15.0% Bolsa),1365.49470375,520873.6898231933,801344.1382206088,737236.6071629601,-64107.53105764871,64107.53105764871,8.0
2026-12-10,10,2026-12-01,True,CUNDINAMARCA,11268943.17,455164.90125,198328932.9,128913806.38,381.4542,386890.17,68274.74,85.0,15.0,Cubierta (85.0% Contratos / 15.0% Bolsa),1365.49470375,520873.6898231933,801344.1382206088,737236.6071629601,-64107.53105764871,64107.53105764871,8.0
2026-12-10,10,2026-12-01,True,TOLIMA,9447814.46,455164.90125,198328932.9,128913806.38,381.4542,386890.17,68274.74,85.0,15.0,Cubierta (85.0% Contratos / 15.0% Bolsa),1365.49470375,520873.6898231933,801344.1382206088,737236.6071629601,-64107.53105764871,64107.53105764871,8.0
2026-12-11,11,2026-12-01,True,ANTIOQUIA,31668442.88,453661.46125,197673839.41000003,128487995.62,381.1981,385612.24,68049.22,85.0,15.0,Cubierta (85.0% Contratos / 15.0% Bolsa),1360.98438375,518804.66121517087,798161.0172323672,734308.1358537779,-63852.881378589314,63852.881378589314,7.999999999999992
2026-12-11,11,2026-12-01,True,BOGOTA,43931822.87,453661.46125,197673839.41000003,128487995.62,381.1981,385612.24,68049.22,85.0,15.0,Cubierta (85.0% Contratos / 15.0% Bolsa),1360.98438375,518804.66121517087,798161.0172323672,734308.1358537779,-63852.881378589314,63852.881378589314,7.999999999999992
2026-12-11,11,2026-12-01,True,CARIBE_MAR,34275975.18,453661.46125,197673839.41000003,128487995.62,381.1981,385612.24,68049.22,85.0,15.0,Cubierta (85.0% Contratos / 15.0% Bolsa),1360.98438375,518804.66121517087,798161.0172323672,734308.1358537779,-63852.881378589314,63852.881378589314,7.999999999999992
2026-12-11,11,2026-12-01,True,CARIBE_SOL,27283560.81,453661.46125,197673839.41000003,128487995.62,381.1981,385612.24,68049.22,85.0,15.0,Cubierta (85.0% Contratos / 15.0% Bolsa),1360.98438375,518804.66121517087,798161.0172323672,734308.1358537779,-63852.881378589314,63852.881378589314,7.999999999999992
2026-12-11,11,2026-12-01,True,VALLE,22330391.98,453661.46125,197673839.41000003,128487995.62,381.1981,385612.24,68049.22,85.0,15.0,Cubierta (85.0% Contratos / 15.0% Bolsa),1360.98438375,518804.66121517087,798161.0172323672,734308.1358537779,-63852.881378589314,63852.881378589314,7.999999999999992
2026-12-11,11,2026-12-01,True,SANTANDER,17626930.58,453661.46125,197673839.41000003,128487995.62,381.1981,385612.24,68049.22,85.0,15.0,Cubierta (85.0% Contratos / 15.0% Bolsa),1360.98438375,518804.66121517087,798161.0172323672,734308.1358537779,-63852.881378589314,63852.881378589314,7.999999999999992
2026-12-11,11,2026-12-01,True,CUNDINAMARCA,11170521.25,453661.46125,197673839.41000003,128487995.62,381.1981,385612.24,68049.22,85.0,15.0,Cubierta (85.0% Contratos / 15.0% Bolsa),1360.98438375,518804.66121517087,798161.0172323672,734308.1358537779,-63852.881378589314,63852.881378589314,7.999999999999992
2026-12-11,11,2026-12-01,True,TOLIMA,9386193.86,453661.46125,197673839.41000003,128487995.62,381.1981,385612.24,68049.22,85.0,15.0,Cubierta (85.0% Contratos / 15.0% Bolsa),1360.98438375,518804.66121517087,798161.0172323672,734308.1358537779,-63852.881378589314,63852.881378589314,7.999999999999992
2026-12-12,12,2026-12-01,True,ANTIOQUIA,26074533.26,323681.75625,167277393.18000004,108730305.57,380.8889,275129.49,48552.26,85.0,15.0,Cubierta (85.0% Contratos / 15.0% Bolsa),971.04526875,369860.3642643918,569015.9450064416,523494.66940592625,-45521.275600515306,45521.275600515306,7.999999999999997
2026-12-12,12,2026-12-01,True,BOGOTA,36891443.03,323681.75625,167277393.18000004,108730305.57,380.8889,275129.49,48552.26,85.0,15.0,Cubierta (85.0% Contratos / 15.0% Bolsa),971.04526875,369860.3642643918,569015.9450064416,523494.66940592625,-45521.275600515306,45521.275600515306,7.999999999999997
2026-12-12,12,2026-12-01,True,CARIBE_MAR,29619252.78,323681.75625,167277393.18000004,108730305.57,380.8889,275129.49,48552.26,85.0,15.0,Cubierta (85.0% Contratos / 15.0% Bolsa),971.04526875,369860.3642643918,569015.9450064416,523494.66940592625,-45521.275600515306,45521.275600515306,7.999999999999997
2026-12-12,12,2026-12-01,True,CARIBE_SOL,23140567.35,323681.75625,167277393.18000004,108730305.57,380.8889,275129.49,48552.26,85.0,15.0,Cubierta (85.0% Contratos / 15.0% Bolsa),971.04526875,369860.3642643918,569015.9450064416,523494.66940592625,-45521.275600515306,45521.275600515306,7.999999999999997
2026-12-12,12,2026-12-01,True,VALLE,19071614.61,323681.75625,167277393.18000004,108730305.57,380.8889,275129.49,48552.26,85.0,15.0,Cubierta (85.0% Contratos / 15.0% Bolsa),971.04526875,369860.3642643918,569015.9450064416,523494.66940592625,-45521.275600515306,45521.275600515306,7.999999999999997
2026-12-12,12,2026-12-01,True,SANTANDER,14868581.38,323681.75625,167277393.18000004,108730305.57,380.8889,275129.49,48552.26,85.0,15.0,Cubierta (85.0% Contratos / 15.0% Bolsa),971.04526875,369860.3642643918,569015.9450064416,523494.66940592625,-45521.275600515306,45521.275600515306,7.999999999999997
2026-12-12,12,2026-12-01,True,CUNDINAMARCA,9609458.02,323681.75625,167277393.18000004,108730305.57,380.8889,275129.49,48552.26,85.0,15.0,Cubierta (85.0% Contratos / 15.0% Bolsa),971.04526875,369860.3642643918,569015.9450064416,523494.66940592625,-45521.275600515306,45521.275600515306,7.999999999999997
2026-12-12,12,2026-12-01,True,TOLIMA,8001942.75,323681.75625,167277393.18000004,108730305.57,380.8889,275129.49,48552.26,85.0,15.0,Cubierta (85.0% Contratos / 15.0% Bolsa),971.04526875,369860.3642643918,569015.9450064416,523494.66940592625,-45521.275600515306,45521.275600515306,7.999999999999997
2026-12-13,13,2026-12-01,True,ANTIOQUIA,26606995.01,324919.895,167917258.57,109146218.07,380.5362,276181.91,48737.98,85.0,15.0,Cubierta (85.0% Contratos / 15.0% Bolsa),974.7596850000001,370931.34644309705,570663.6099150713,525010.5211218656,-45653.08879320568,45653.08879320568,7.9999999999999964
2026-12-13,13,2026-12-01,True,BOGOTA,36687452.46,324919.895,167917258.57,109146218.07,380.5362,276181.91,48737.98,85.0,15.0,Cubierta (85.0% Contratos / 15.0% Bolsa),974.7596850000001,370931.34644309705,570663.6099150713,525010.5211218656,-45653.08879320568,45653.08879320568,7.9999999999999964
2026-12-13,13,2026-12-01,True,CARIBE_MAR,30169831.89,324919.895,167917258.57,109146218.07,380.5362,276181.91,48737.98,85.0,15.0,Cubierta (85.0% Contratos / 15.0% Bolsa),974.7596850000001,370931.34644309705,570663.6099150713,525010.5211218656,-45653.08879320568,45653.08879320568,7.9999999999999964
2026-12-13,13,2026-12-01,True,CARIBE_SOL,23211682.62,324919.895,167917258.57,109146218.07,380.5362,276181.91,48737.98,85.0,15.0,Cubierta (85.0% Contratos / 15.0% Bolsa),974.7596850000001,370931.34644309705,570663.6099150713,525010.5211218656,-45653.08879320568,45653.08879320568,7.9999999999999964
2026-12-13,13,2026-12-01,True,VALLE,18980313.21,324919.895,167917258.57,109146218.07,380.5362,276181.91,48737.98,85.0,15.0,Cubierta (85.0% Contratos / 15.0% Bolsa),974.7596850000001,370931.34644309705,570663.6099150713,525010.5211218656,-45653.08879320568,45653.08879320568,7.9999999999999964
2026-12-13,13,2026-12-01,True,SANTANDER,14983154.4,324919.895,167917258.57,109146218.07,380.5362,276181.91,48737.98,85.0,15.0,Cubierta (85.0% Contratos / 15.0% Bolsa),974.7596850000001,370931.34644309705,570663.6099150713,525010.5211218656,-45653.08879320568,45653.08879320568,7.9999999999999964
2026-12-13,13,2026-12-01,True,CUNDINAMARCA,9378406.54,324919.895,167917258.57,109146218.07,380.5362,276181.91,48737.98,85.0,15.0,Cubierta (85.0% Contratos / 15.0% Bolsa),974.7596850000001,370931.34644309705,570663.6099150713,525010.5211218656,-45653.08879320568,45653.08879320568,7.9999999999999964
2026-12-13,13,2026-12-01,True,TOLIMA,7899422.44,324919.895,167917258.57,109146218.07,380.5362,276181.91,48737.98,85.0,15.0,Cubierta (85.0% Contratos / 15.0% Bolsa),974.7596850000001,370931.34644309705,570663.6099150713,525010.5211218656,-45653.08879320568,45653.08879320568,7.9999999999999964
2026-12-14,14,2026-12-01,True,ANTIOQUIA,30776297.83,454015.49125,197828100.94,128588265.61,380.15,385913.17,68102.32,85.0,15.0,Cubierta (85.0% Contratos / 15.0% Bolsa),1362.0464737500001,517781.96699606255,796587.6415385987,732860.6302155108,-63727.01132308785,63727.01132308785,7.999999999999995
2026-12-14,14,2026-12-01,True,BOGOTA,43867766.7,454015.49125,197828100.94,128588265.61,380.15,385913.17,68102.32,85.0,15.0,Cubierta (85.0% Contratos / 15.0% Bolsa),1362.0464737500001,517781.96699606255,796587.6415385987,732860.6302155108,-63727.01132308785,63727.01132308785,7.999999999999995
2026-12-14,14,2026-12-01,True,CARIBE_MAR,35207192.22,454015.49125,197828100.94,128588265.61,380.15,385913.17,68102.32,85.0,15.0,Cubierta (85.0% Contratos / 15.0% Bolsa),1362.0464737500001,517781.96699606255,796587.6415385987,732860.6302155108,-63727.01132308785,63727.01132308785,7.999999999999995
2026-12-14,14,2026-12-01,True,CARIBE_SOL,27573226.62,454015.49125,197828100.94,128588265.61,380.15,385913.17,68102.32,85.0,15.0,Cubierta (85.0% Contratos / 15.0% Bolsa),1362.0464737500001,517781.96699606255,796587.6415385987,732860.6302155108,-63727.01132308785,63727.01132308785,7.999999999999995
2026-12-14,14,2026-12-01,True,VALLE,22439908.57,454015.49125,197828100.94,128588265.61,380.15,385913.17,68102.32,85.0,15.0,Cubierta (85.0% Contratos / 15.0% Bolsa),1362.0464737500001,517781.96699606255,796587.6415385987,732860.6302155108,-63727.01132308785,63727.01132308785,7.999999999999995
2026-12-14,14,2026-12-01,True,SANTANDER,17530816.06,454015.49125,197828100.94,128588265.61,380.15,385913.17,68102.32,85.0,15.0,Cubierta (85.0% Contratos / 15.0% Bolsa),1362.0464737500001,517781.96699606255,796587.6415385987,732860.6302155108,-63727.01132308785,63727.01132308785,7.999999999999995
2026-12-14,14,2026-12-01,True,CUNDINAMARCA,11174690.13,454015.49125,197828100.94,128588265.61,380.15,385913.17,68102.32,85.0,15.0,Cubierta (85.0% Contratos / 15.0% Bolsa),1362.0464737500001,517781.96699606255,796587.6415385987,732860.6302155108,-63727.01132308785,63727.01132308785,7.999999999999995
2026-12-14,14,2026-12-01,True,TOLIMA,9258202.81,454015.49125,197828100.94,128588265.61,380.15,385913.17,68102.32,85.0,15.0,Cubierta (85.0% Contratos / 15.0% Bolsa),1362.0464737500001,517781.96699606255,796587.6415385987,732860.6302155108,-63727.01132308785,63727.01132308785,7.999999999999995
2026-12-15,15,2026-12-01,True,ANTIOQUIA,31664988.34,456008.21375,198696389.35999998,129152653.08,379.7413,387606.98,68401.23,85.0,15.0,Cubierta (85.0% Contratos / 15.0% Bolsa),1368.02464125,519495.45570030867,799223.7780252277,735285.8757832096,-63937.90224201814,63937.90224201814,7.99999999999999
2026-12-15,15,2026-12-01,True,BOGOTA,43615563.62,456008.21375,198696389.35999998,129152653.08,379.7413,387606.98,68401.23,85.0,15.0,Cubierta (85.0% Contratos / 15.0% Bolsa),1368.02464125,519495.45570030867,799223.7780252277,735285.8757832096,-63937.90224201814,63937.90224201814,7.99999999999999
2026-12-15,15,2026-12-01,True,CARIBE_MAR,35424435.03,456008.21375,198696389.35999998,129152653.08,379.7413,387606.98,68401.23,85.0,15.0,Cubierta (85.0% Contratos / 15.0% Bolsa),1368.02464125,519495.45570030867,799223.7780252277,735285.8757832096,-63937.90224201814,63937.90224201814,7.99999999999999
2026-12-15,15,2026-12-01,True,CARIBE_SOL,27611266.92,456008.21375,198696389.35999998,129152653.08,379.7413,387606.98,68401.23,85.0,15.0,Cubierta (85.0% Contratos / 15.0% Bolsa),1368.02464125,519495.45570030867,799223.7780252277,735285.8757832096,-63937.90224201814,63937.90224201814,7.99999999999999
2026-12-15,15,2026-12-01,True,VALLE,22247930.17,456008.21375,198696389.35999998,129152653.08,379.7413,387606.98,68401.23,85.0,15.0,Cubierta (85.0% Contratos / 15.0% Bolsa),1368.02464125,519495.45570030867,799223.7780252277,735285.8757832096,-63937.90224201814,63937.90224201814,7.99999999999999
2026-12-15,15,2026-12-01,True,SANTANDER,17564847.0,456008.21375,198696389.35999998,129152653.08,379.7413,387606.98,68401.23,85.0,15.0,Cubierta (85.0% Contratos / 15.0% Bolsa),1368.02464125,519495.45570030867,799223.7780252277,735285.8757832096,-63937.90224201814,63937.90224201814,7.99999999999999
2026-12-15,15,2026-12-01,True,CUNDINAMARCA,11114656.53,456008.21375,198696389.35999998,129152653.08,379.7413,387606.98,68401.23,85.0,15.0,Cubierta (85.0% Contratos / 15.0% Bolsa),1368.02464125,519495.45570030867,799223.7780252277,735285.8757832096,-63937.90224201814,63937.90224201814,7.99999999999999
2026-12-15,15,2026-12-01,True,TOLIMA,9452701.75,456008.21375,198696389.35999998,129152653.08,379.7413,387606.98,68401.23,85.0,15.0,Cubierta (85.0% Contratos / 15.0% Bolsa),1368.02464125,519495.45570030867,799223.7780252277,735285.8757832096,-63937.90224201814,63937.90224201814,7.99999999999999
2026-12-16,16,2026-12-01,True,ANTIOQUIA,30877787.62,451789.6275,196858225.75000003,127957846.74,379.3216,384021.18,67768.44,85.0,15.0,Cubierta (85.0% Contratos / 15.0% Bolsa),1355.3688825,514120.69310011197,790954.9124462574,727678.5194505568,-63276.39299570059,63276.39299570059,7.999999999999999
2026-12-16,16,2026-12-01,True,BOGOTA,43479953.72,451789.6275,196858225.75000003,127957846.74,379.3216,384021.18,67768.44,85.0,15.0,Cubierta (85.0% Contratos / 15.0% Bolsa),1355.3688825,514120.69310011197,790954.9124462574,727678.5194505568,-63276.39299570059,63276.39299570059,7.999999999999999
2026-12-16,16,2026-12-01,True,CARIBE_MAR,34877560.8,451789.6275,196858225.75000003,127957846.74,379.3216,384021.18,67768.44,85.0,15.0,Cubierta (85.0% Contratos / 15.0% Bolsa),1355.3688825,514120.69310011197,790954.9124462574,727678.5194505568,-63276.39299570059,63276.39299570059,7.999999999999999
2026-12-16,16,2026-12-01,True,CARIBE_SOL,27219166.53,451789.6275,196858225.75000003,127957846.74,379.3216,384021.18,67768.44,85.0,15.0,Cubierta (85.0% Contratos / 15.0% Bolsa),1355.3688825,514120.69310011197,790954.9124462574,727678.5194505568,-63276.39299570059,63276.39299570059,7.999999999999999
2026-12-16,16,2026-12-01,True,VALLE,22599625.27,451789.6275,196858225.75000003,127957846.74,379.3216,384021.18,67768.44,85.0,15.0,Cubierta (85.0% Contratos / 15.0% Bolsa),1355.3688825,514120.69310011197,790954.9124462574,727678.5194505568,-63276.39299570059,63276.39299570059,7.999999999999999
2026-12-16,16,2026-12-01,True,SANTANDER,17353410.4,451789.6275,196858225.75000003,127957846.74,379.3216,384021.18,67768.44,85.0,15.0,Cubierta (85.0% Contratos / 15.0% Bolsa),1355.3688825,514120.69310011197,790954.9124462574,727678.5194505568,-63276.39299570059,63276.39299570059,7.999999999999999
2026-12-16,16,2026-12-01,True,CUNDINAMARCA,11085890.2,451789.6275,196858225.75000003,127957846.74,379.3216,384021.18,67768.44,85.0,15.0,Cubierta (85.0% Contratos / 15.0% Bolsa),1355.3688825,514120.69310011197,790954.9124462574,727678.5194505568,-63276.39299570059,63276.39299570059,7.999999999999999
2026-12-16,16,2026-12-01,True,TOLIMA,9364831.21,451789.6275,196858225.75000003,127957846.74,379.3216,384021.18,67768.44,85.0,15.0,Cubierta (85.0% Contratos / 15.0% Bolsa),1355.3688825,514120.69310011197,790954.9124462574,727678.5194505568,-63276.39299570059,63276.39299570059,7.999999999999999
2026-12-17,17,2026-12-01,True,ANTIOQUIA,31113795.64,452562.2525,197194881.36999997,128176672.89,378.9024,384677.91,67884.34,85.0,15.0,Cubierta (85.0% Contratos / 15.0% Bolsa),1357.6867575,514430.7708649681,791431.9551799612,728117.3987655643,-63314.55641439685,63314.55641439685,7.999999999999995
2026-12-17,17,2026-12-01,True,BOGOTA,43506713.07,452562.2525,197194881.36999997,128176672.89,378.9024,384677.91,67884.34,85.0,15.0,Cubierta (85.0% Contratos / 15.0% Bolsa),1357.6867575,514430.7708649681,791431.9551799612,728117.3987655643,-63314.55641439685,63314.55641439685,7.999999999999995
2026-12-17,17,2026-12-01,True,CARIBE_MAR,34990239.16,452562.2525,197194881.36999997,128176672.89,378.9024,384677.91,67884.34,85.0,15.0,Cubierta (85.0% Contratos / 15.0% Bolsa),1357.6867575,514430.7708649681,791431.9551799612,728117.3987655643,-63314.55641439685,63314.55641439685,7.999999999999995
2026-12-17,17,2026-12-01,True,CARIBE_SOL,27573465.01,452562.2525,197194881.36999997,128176672.89,378.9024,384677.91,67884.34,85.0,15.0,Cubierta (85.0% Contratos / 15.0% Bolsa),1357.6867575,514430.7708649681,791431.9551799612,728117.3987655643,-63314.55641439685,63314.55641439685,7.999999999999995
2026-12-17,17,2026-12-01,True,VALLE,22424900.63,452562.2525,197194881.36999997,128176672.89,378.9024,384677.91,67884.34,85.0,15.0,Cubierta (85.0% Contratos / 15.0% Bolsa),1357.6867575,514430.7708649681,791431.9551799612,728117.3987655643,-63314.55641439685,63314.55641439685,7.999999999999995
2026-12-17,17,2026-12-01,True,SANTANDER,17168817.07,452562.2525,197194881.36999997,128176672.89,378.9024,384677.91,67884.34,85.0,15.0,Cubierta (85.0% Contratos / 15.0% Bolsa),1357.6867575,514430.7708649681,791431.9551799612,728117.3987655643,-63314.55641439685,63314.55641439685,7.999999999999995
2026-12-17,17,2026-12-01,True,CUNDINAMARCA,11104536.75,452562.2525,197194881.36999997,128176672.89,378.9024,384677.91,67884.34,85.0,15.0,Cubierta (85.0% Contratos / 15.0% Bolsa),1357.6867575,514430.7708649681,791431.9551799612,728117.3987655643,-63314.55641439685,63314.55641439685,7.999999999999995
2026-12-17,17,2026-12-01,True,TOLIMA,9312414.04,452562.2525,197194881.36999997,128176672.89,378.9024,384677.91,67884.34,85.0,15.0,Cubierta (85.0% Contratos / 15.0% Bolsa),1357.6867575,514430.7708649681,791431.9551799612,728117.3987655643,-63314.55641439685,63314.55641439685,7.999999999999995
2026-12-18,18,2026-12-01,True,ANTIOQUIA,31458062.8,457463.01625,199330290.43000004,129564688.78,378.4953,388843.56,68619.45,85.0,15.0,Cubierta (85.0% Contratos / 15.0% Bolsa),1372.38904875,519442.80472334585,799142.7764943714,735211.3543748216,-63931.42211954971,63931.42211954971,8.0
2026-12-18,18,2026-12-01,True,BOGOTA,44390391.16,457463.01625,199330290.43000004,129564688.78,378.4953,388843.56,68619.45,85.0,15.0,Cubierta (85.0% Contratos / 15.0% Bolsa),1372.38904875,519442.80472334585,799142.7764943714,735211.3543748216,-63931.42211954971,63931.42211954971,8.0
2026-12-18,18,2026-12-01,True,CARIBE_MAR,35113804.6,457463.01625,199330290.43000004,129564688.78,378.4953,388843.56,68619.45,85.0,15.0,Cubierta (85.0% Contratos / 15.0% Bolsa),1372.38904875,519442.80472334585,799142.7764943714,735211.3543748216,-63931.42211954971,63931.42211954971,8.0
2026-12-18,18,2026-12-01,True,CARIBE_SOL,27699620.11,457463.01625,199330290.43000004,129564688.78,378.4953,388843.56,68619.45,85.0,15.0,Cubierta (85.0% Contratos / 15.0% Bolsa),1372.38904875,519442.80472334585,799142.7764943714,735211.3543748216,-63931.42211954971,63931.42211954971,8.0
2026-12-18,18,2026-12-01,True,VALLE,22530505.86,457463.01625,199330290.43000004,129564688.78,378.4953,388843.56,68619.45,85.0,15.0,Cubierta (85.0% Contratos / 15.0% Bolsa),1372.38904875,519442.80472334585,799142.7764943714,735211.3543748216,-63931.42211954971,63931.42211954971,8.0
2026-12-18,18,2026-12-01,True,SANTANDER,17415373.92,457463.01625,199330290.43000004,129564688.78,378.4953,388843.56,68619.45,85.0,15.0,Cubierta (85.0% Contratos / 15.0% Bolsa),1372.38904875,519442.80472334585,799142.7764943714,735211.3543748216,-63931.42211954971,63931.42211954971,8.0
2026-12-18,18,2026-12-01,True,CUNDINAMARCA,11392169.25,457463.01625,199330290.43000004,129564688.78,378.4953,388843.56,68619.45,85.0,15.0,Cubierta (85.0% Contratos / 15.0% Bolsa),1372.38904875,519442.80472334585,799142.7764943714,735211.3543748216,-63931.42211954971,63931.42211954971,8.0
2026-12-18,18,2026-12-01,True,TOLIMA,9330362.73,457463.01625,199330290.43000004,129564688.78,378.4953,388843.56,68619.45,85.0,15.0,Cubierta (85.0% Contratos / 15.0% Bolsa),1372.38904875,519442.80472334585,799142.7764943714,735211.3543748216,-63931.42211954971,63931.42211954971,8.0
2026-12-19,19,2026-12-01,True,ANTIOQUIA,26435440.71,321692.32625,166249264.07999998,108062021.65,378.1116,273438.48,48253.85,85.0,15.0,Cubierta (85.0% Contratos / 15.0% Bolsa),965.07697875,364906.8005583285,561395.077792434,516483.47156903934,-44911.60622339469,44911.60622339469,7.999999999999993
2026-12-19,19,2026-12-01,True,BOGOTA,36104798.66,321692.32625,166249264.07999998,108062021.65,378.1116,273438.48,48253.85,85.0,15.0,Cubierta (85.0% Contratos / 15.0% Bolsa),965.07697875,364906.8005583285,561395.077792434,516483.47156903934,-44911.60622339469,44911.60622339469,7.999999999999993
2026-12-19,19,2026-12-01,True,CARIBE_MAR,29667752.72,321692.32625,166249264.07999998,108062021.65,378.1116,273438.48,48253.85,85.0,15.0,Cubierta (85.0% Contratos / 15.0% Bolsa),965.07697875,364906.8005583285,561395.077792434,516483.47156903934,-44911.60622339469,44911.60622339469,7.999999999999993
2026-12-19,19,2026-12-01,True,CARIBE_SOL,23314067.93,321692.32625,166249264.07999998,108062021.65,378.1116,273438.48,48253.85,85.0,15.0,Cubierta (85.0% Contratos / 15.0% Bolsa),965.07697875,364906.8005583285,561395.077792434,516483.47156903934,-44911.60622339469,44911.60622339469,7.999999999999993
2026-12-19,19,2026-12-01,True,VALLE,18575016.49,321692.32625,166249264.07999998,108062021.65,378.1116,273438.48,48253.85,85.0,15.0,Cubierta (85.0% Contratos / 15.0% Bolsa),965.07697875,364906.8005583285,561395.077792434,516483.47156903934,-44911.60622339469,44911.60622339469,7.999999999999993
2026-12-19,19,2026-12-01,True,SANTANDER,14782752.39,321692.32625,166249264.07999998,108062021.65,378.1116,273438.48,48253.85,85.0,15.0,Cubierta (85.0% Contratos / 15.0% Bolsa),965.07697875,364906.8005583285,561395.077792434,516483.47156903934,-44911.60622339469,44911.60622339469,7.999999999999993
2026-12-19,19,2026-12-01,True,CUNDINAMARCA,9468241.86,321692.32625,166249264.07999998,108062021.65,378.1116,273438.48,48253.85,85.0,15.0,Cubierta (85.0% Contratos / 15.0% Bolsa),965.07697875,364906.8005583285,561395.077792434,516483.47156903934,-44911.60622339469,44911.60622339469,7.999999999999993
2026-12-19,19,2026-12-01,True,TOLIMA,7901193.32,321692.32625,166249264.07999998,108062021.65,378.1116,273438.48,48253.85,85.0,15.0,Cubierta (85.0% Contratos / 15.0% Bolsa),965.07697875,364906.8005583285,561395.077792434,516483.47156903934,-44911.60622339469,44911.60622339469,7.999999999999993
2026-12-20,20,2026-12-01,True,ANTIOQUIA,26644187.49,324846.72125,167879442.26,109121637.47,377.7623,276119.71,48727.01,85.0,15.0,Cubierta (85.0% Contratos / 15.0% Bolsa),974.54016375,368144.53370057663,566376.2056880045,521066.10923296417,-45310.09645504033,45310.09645504033,7.999999999999995
2026-12-20,20,2026-12-01,True,BOGOTA,37012484.69,324846.72125,167879442.26,109121637.47,377.7623,276119.71,48727.01,85.0,15.0,Cubierta (85.0% Contratos / 15.0% Bolsa),974.54016375,368144.53370057663,566376.2056880045,521066.10923296417,-45310.09645504033,45310.09645504033,7.999999999999995
2026-12-20,20,2026-12-01,True,CARIBE_MAR,29724117.69,324846.72125,167879442.26,109121637.47,377.7623,276119.71,48727.01,85.0,15.0,Cubierta (85.0% Contratos / 15.0% Bolsa),974.54016375,368144.53370057663,566376.2056880045,521066.10923296417,-45310.09645504033,45310.09645504033,7.999999999999995
2026-12-20,20,2026-12-01,True,CARIBE_SOL,23420138.33,324846.72125,167879442.26,109121637.47,377.7623,276119.71,48727.01,85.0,15.0,Cubierta (85.0% Contratos / 15.0% Bolsa),974.54016375,368144.53370057663,566376.2056880045,521066.10923296417,-45310.09645504033,45310.09645504033,7.999999999999995
2026-12-20,20,2026-12-01,True,VALLE,18787844.72,324846.72125,167879442.26,109121637.47,377.7623,276119.71,48727.01,85.0,15.0,Cubierta (85.0% Contratos / 15.0% Bolsa),974.54016375,368144.53370057663,566376.2056880045,521066.10923296417,-45310.09645504033,45310.09645504033,7.999999999999995
2026-12-20,20,2026-12-01,True,SANTANDER,14891882.59,324846.72125,167879442.26,109121637.47,377.7623,276119.71,48727.01,85.0,15.0,Cubierta (85.0% Contratos / 15.0% Bolsa),974.54016375,368144.53370057663,566376.2056880045,521066.10923296417,-45310.09645504033,45310.09645504033,7.999999999999995
2026-12-20,20,2026-12-01,True,CUNDINAMARCA,9476760.29,324846.72125,167879442.26,109121637.47,377.7623,276119.71,48727.01,85.0,15.0,Cubierta (85.0% Contratos / 15.0% Bolsa),974.54016375,368144.53370057663,566376.2056880045,521066.10923296417,-45310.09645504033,45310.09645504033,7.999999999999995
2026-12-20,20,2026-12-01,True,TOLIMA,7922026.46,324846.72125,167879442.26,109121637.47,377.7623,276119.71,48727.01,85.0,15.0,Cubierta (85.0% Contratos / 15.0% Bolsa),974.54016375,368144.53370057663,566376.2056880045,521066.10923296417,-45310.09645504033,45310.09645504033,7.999999999999995
2026-12-21,21,2026-12-01,True,ANTIOQUIA,30935806.63,456319.3525,198831961.89999998,129240775.23,377.4575,387871.45,68447.9,85.0,15.0,Cubierta (85.0% Contratos / 15.0% Bolsa),1368.9580575,516723.48598880623,794959.2092443028,731362.4725047586,-63596.7367395442,63596.7367395442,7.9999999999999964
2026-12-21,21,2026-12-01,True,BOGOTA,44348983.2,456319.3525,198831961.89999998,129240775.23,377.4575,387871.45,68447.9,85.0,15.0,Cubierta (85.0% Contratos / 15.0% Bolsa),1368.9580575,516723.48598880623,794959.2092443028,731362.4725047586,-63596.7367395442,63596.7367395442,7.9999999999999964
2026-12-21,21,2026-12-01,True,CARIBE_MAR,35157877.81,456319.3525,198831961.89999998,129240775.23,377.4575,387871.45,68447.9,85.0,15.0,Cubierta (85.0% Contratos / 15.0% Bolsa),1368.9580575,516723.48598880623,794959.2092443028,731362.4725047586,-63596.7367395442,63596.7367395442,7.9999999999999964
2026-12-21,21,2026-12-01,True,CARIBE_SOL,27743389.2,456319.3525,198831961.89999998,129240775.23,377.4575,387871.45,68447.9,85.0,15.0,Cubierta (85.0% Contratos / 15.0% Bolsa),1368.9580575,516723.48598880623,794959.2092443028,731362.4725047586,-63596.7367395442,63596.7367395442,7.9999999999999964
2026-12-21,21,2026-12-01,True,VALLE,22295209.95,456319.3525,198831961.89999998,129240775.23,377.4575,387871.45,68447.9,85.0,15.0,Cubierta (85.0% Contratos / 15.0% Bolsa),1368.9580575,516723.48598880623,794959.2092443028,731362.4725047586,-63596.7367395442,63596.7367395442,7.9999999999999964
2026-12-21,21,2026-12-01,True,SANTANDER,17663352.37,456319.3525,198831961.89999998,129240775.23,377.4575,387871.45,68447.9,85.0,15.0,Cubierta (85.0% Contratos / 15.0% Bolsa),1368.9580575,516723.48598880623,794959.2092443028,731362.4725047586,-63596.7367395442,63596.7367395442,7.9999999999999964
2026-12-21,21,2026-12-01,True,CUNDINAMARCA,11272353.54,456319.3525,198831961.89999998,129240775.23,377.4575,387871.45,68447.9,85.0,15.0,Cubierta (85.0% Contratos / 15.0% Bolsa),1368.9580575,516723.48598880623,794959.2092443028,731362.4725047586,-63596.7367395442,63596.7367395442,7.9999999999999964
2026-12-21,21,2026-12-01,True,TOLIMA,9414989.2,456319.3525,198831961.89999998,129240775.23,377.4575,387871.45,68447.9,85.0,15.0,Cubierta (85.0% Contratos / 15.0% Bolsa),1368.9580575,516723.48598880623,794959.2092443028,731362.4725047586,-63596.7367395442,63596.7367395442,7.9999999999999964
2026-12-22,22,2026-12-01,True,ANTIOQUIA,31395071.46,454496.155,198037540.43,128724401.28,377.2065,386321.73,68174.42,85.0,15.0,Cubierta (85.0% Contratos / 15.0% Bolsa),1363.4884650000001,514316.71167302254,791256.4794938844,727955.9611343737,-63300.518359510694,63300.518359510694,7.999999999999993
2026-12-22,22,2026-12-01,True,BOGOTA,43637503.75,454496.155,198037540.43,128724401.28,377.2065,386321.73,68174.42,85.0,15.0,Cubierta (85.0% Contratos / 15.0% Bolsa),1363.4884650000001,514316.71167302254,791256.4794938844,727955.9611343737,-63300.518359510694,63300.518359510694,7.999999999999993
2026-12-22,22,2026-12-01,True,CARIBE_MAR,35307710.05,454496.155,198037540.43,128724401.28,377.2065,386321.73,68174.42,85.0,15.0,Cubierta (85.0% Contratos / 15.0% Bolsa),1363.4884650000001,514316.71167302254,791256.4794938844,727955.9611343737,-63300.518359510694,63300.518359510694,7.999999999999993
2026-12-22,22,2026-12-01,True,CARIBE_SOL,27279907.15,454496.155,198037540.43,128724401.28,377.2065,386321.73,68174.42,85.0,15.0,Cubierta (85.0% Contratos / 15.0% Bolsa),1363.4884650000001,514316.71167302254,791256.4794938844,727955.9611343737,-63300.518359510694,63300.518359510694,7.999999999999993
2026-12-22,22,2026-12-01,True,VALLE,22474500.43,454496.155,198037540.43,128724401.28,377.2065,386321.73,68174.42,85.0,15.0,Cubierta (85.0% Contratos / 15.0% Bolsa),1363.4884650000001,514316.71167302254,791256.4794938844,727955.9611343737,-63300.518359510694,63300.518359510694,7.999999999999993
2026-12-22,22,2026-12-01,True,SANTANDER,17465207.18,454496.155,198037540.43,128724401.28,377.2065,386321.73,68174.42,85.0,15.0,Cubierta (85.0% Contratos / 15.0% Bolsa),1363.4884650000001,514316.71167302254,791256.4794938844,727955.9611343737,-63300.518359510694,63300.518359510694,7.999999999999993
2026-12-22,22,2026-12-01,True,CUNDINAMARCA,11204804.48,454496.155,198037540.43,128724401.28,377.2065,386321.73,68174.42,85.0,15.0,Cubierta (85.0% Contratos / 15.0% Bolsa),1363.4884650000001,514316.71167302254,791256.4794938844,727955.9611343737,-63300.518359510694,63300.518359510694,7.999999999999993
2026-12-22,22,2026-12-01,True,TOLIMA,9272835.93,454496.155,198037540.43,128724401.28,377.2065,386321.73,68174.42,85.0,15.0,Cubierta (85.0% Contratos / 15.0% Bolsa),1363.4884650000001,514316.71167302254,791256.4794938844,727955.9611343737,-63300.518359510694,63300.518359510694,7.999999999999993
2026-12-23,23,2026-12-01,True,ANTIOQUIA,31473557.03,455511.17625,198479815.41,129011880.02,377.0174,387184.5,68326.68,85.0,15.0,Cubierta (85.0% Contratos / 15.0% Bolsa),1366.5335287500002,515206.91802215035,792626.0277048817,729215.9454884912,-63410.082216390525,63410.082216390525,7.999999999999999
2026-12-23,23,2026-12-01,True,BOGOTA,44158032.35,455511.17625,198479815.41,129011880.02,377.0174,387184.5,68326.68,85.0,15.0,Cubierta (85.0% Contratos / 15.0% Bolsa),1366.5335287500002,515206.91802215035,792626.0277048817,729215.9454884912,-63410.082216390525,63410.082216390525,7.999999999999999
2026-12-23,23,2026-12-01,True,CARIBE_MAR,34826580.82,455511.17625,198479815.41,129011880.02,377.0174,387184.5,68326.68,85.0,15.0,Cubierta (85.0% Contratos / 15.0% Bolsa),1366.5335287500002,515206.91802215035,792626.0277048817,729215.9454884912,-63410.082216390525,63410.082216390525,7.999999999999999
2026-12-23,23,2026-12-01,True,CARIBE_SOL,27592183.58,455511.17625,198479815.41,129011880.02,377.0174,387184.5,68326.68,85.0,15.0,Cubierta (85.0% Contratos / 15.0% Bolsa),1366.5335287500002,515206.91802215035,792626.0277048817,729215.9454884912,-63410.082216390525,63410.082216390525,7.999999999999999
2026-12-23,23,2026-12-01,True,VALLE,22440941.46,455511.17625,198479815.41,129011880.02,377.0174,387184.5,68326.68,85.0,15.0,Cubierta (85.0% Contratos / 15.0% Bolsa),1366.5335287500002,515206.91802215035,792626.0277048817,729215.9454884912,-63410.082216390525,63410.082216390525,7.999999999999999
2026-12-23,23,2026-12-01,True,SANTANDER,17564430.66,455511.17625,198479815.41,129011880.02,377.0174,387184.5,68326.68,85.0,15.0,Cubierta (85.0% Contratos / 15.0% Bolsa),1366.5335287500002,515206.91802215035,792626.0277048817,729215.9454884912,-63410.082216390525,63410.082216390525,7.999999999999999
2026-12-23,23,2026-12-01,True,CUNDINAMARCA,11134065.74,455511.17625,198479815.41,129011880.02,377.0174,387184.5,68326.68,85.0,15.0,Cubierta (85.0% Contratos / 15.0% Bolsa),1366.5335287500002,515206.91802215035,792626.0277048817,729215.9454884912,-63410.082216390525,63410.082216390525,7.999999999999999
2026-12-23,23,2026-12-01,True,TOLIMA,9290023.77,455511.17625,198479815.41,129011880.02,377.0174,387184.5,68326.68,85.0,15.0,Cubierta (85.0% Contratos / 15.0% Bolsa),1366.5335287500002,515206.91802215035,792626.0277048817,729215.9454884912,-63410.082216390525,63410.082216390525,7.999999999999999
2026-12-24,24,2026-12-01,True,ANTIOQUIA,31572698.42,454871.27625,198200991.89000002,128830644.73,376.8972,386640.58,68230.69,85.0,15.0,Cubierta (85.0% Contratos / 15.0% Bolsa),1364.61382875,514319.13113715453,791260.2017402557,727959.3856010353,-63300.81613922038,63300.81613922038,7.99999999999999
2026-12-24,24,2026-12-01,True,BOGOTA,43573029.01,454871.27625,198200991.89000002,128830644.73,376.8972,386640.58,68230.69,85.0,15.0,Cubierta (85.0% Contratos / 15.0% Bolsa),1364.61382875,514319.13113715453,791260.2017402557,727959.3856010353,-63300.81613922038,63300.81613922038,7.99999999999999
2026-12-24,24,2026-12-01,True,CARIBE_MAR,34634730.04,454871.27625,198200991.89000002,128830644.73,376.8972,386640.58,68230.69,85.0,15.0,Cubierta (85.0% Contratos / 15.0% Bolsa),1364.61382875,514319.13113715453,791260.2017402557,727959.3856010353,-63300.81613922038,63300.81613922038,7.99999999999999
2026-12-24,24,2026-12-01,True,CARIBE_SOL,27520128.8,454871.27625,198200991.89000002,128830644.73,376.8972,386640.58,68230.69,85.0,15.0,Cubierta (85.0% Contratos / 15.0% Bolsa),1364.61382875,514319.13113715453,791260.2017402557,727959.3856010353,-63300.81613922038,63300.81613922038,7.99999999999999
2026-12-24,24,2026-12-01,True,VALLE,22526333.21,454871.27625,198200991.89000002,128830644.73,376.8972,386640.58,68230.69,85.0,15.0,Cubierta (85.0% Contratos / 15.0% Bolsa),1364.61382875,514319.13113715453,791260.2017402557,727959.3856010353,-63300.81613922038,63300.81613922038,7.99999999999999
2026-12-24,24,2026-12-01,True,SANTANDER,17532966.96,454871.27625,198200991.89000002,128830644.73,376.8972,386640.58,68230.69,85.0,15.0,Cubierta (85.0% Contratos / 15.0% Bolsa),1364.61382875,514319.13113715453,791260.2017402557,727959.3856010353,-63300.81613922038,63300.81613922038,7.99999999999999
2026-12-24,24,2026-12-01,True,CUNDINAMARCA,11280001.17,454871.27625,198200991.89000002,128830644.73,376.8972,386640.58,68230.69,85.0,15.0,Cubierta (85.0% Contratos / 15.0% Bolsa),1364.61382875,514319.13113715453,791260.2017402557,727959.3856010353,-63300.81613922038,63300.81613922038,7.99999999999999
2026-12-24,24,2026-12-01,True,TOLIMA,9561104.28,454871.27625,198200991.89000002,128830644.73,376.8972,386640.58,68230.69,85.0,15.0,Cubierta (85.0% Contratos / 15.0% Bolsa),1364.61382875,514319.13113715453,791260.2017402557,727959.3856010353,-63300.81613922038,63300.81613922038,7.99999999999999
2026-12-25,25,2026-12-01,True,ANTIOQUIA,31609307.73,456649.37125,198975761.03000003,129334244.67,376.8513,388151.97,68497.41,85.0,15.0,Cubierta (85.0% Contratos / 15.0% Bolsa),1369.9481137500002,516266.7275992354,794256.5039957534,730715.9836760932,-63540.520319660194,63540.520319660194,7.99999999999999
2026-12-25,25,2026-12-01,True,BOGOTA,44096216.19,456649.37125,198975761.03000003,129334244.67,376.8513,388151.97,68497.41,85.0,15.0,Cubierta (85.0% Contratos / 15.0% Bolsa),1369.9481137500002,516266.7275992354,794256.5039957534,730715.9836760932,-63540.520319660194,63540.520319660194,7.99999999999999
2026-12-25,25,2026-12-01,True,CARIBE_MAR,35123491.13,456649.37125,198975761.03000003,129334244.67,376.8513,388151.97,68497.41,85.0,15.0,Cubierta (85.0% Contratos / 15.0% Bolsa),1369.9481137500002,516266.7275992354,794256.5039957534,730715.9836760932,-63540.520319660194,63540.520319660194,7.99999999999999
2026-12-25,25,2026-12-01,True,CARIBE_SOL,27463517.56,456649.37125,198975761.03000003,129334244.67,376.8513,388151.97,68497.41,85.0,15.0,Cubierta (85.0% Contratos / 15.0% Bolsa),1369.9481137500002,516266.7275992354,794256.5039957534,730715.9836760932,-63540.520319660194,63540.520319660194,7.99999999999999
2026-12-25,25,2026-12-01,True,VALLE,22457290.02,456649.37125,198975761.03000003,129334244.67,376.8513,388151.97,68497.41,85.0,15.0,Cubierta (85.0% Contratos / 15.0% Bolsa),1369.9481137500002,516266.7275992354,794256.5039957534,730715.9836760932,-63540.520319660194,63540.520319660194,7.99999999999999
2026-12-25,25,2026-12-01,True,SANTANDER,17458975.57,456649.37125,198975761.03000003,129334244.67,376.8513,388151.97,68497.41,85.0,15.0,Cubierta (85.0% Contratos / 15.0% Bolsa),1369.9481137500002,516266.7275992354,794256.5039957534,730715.9836760932,-63540.520319660194,63540.520319660194,7.99999999999999
2026-12-25,25,2026-12-01,True,CUNDINAMARCA,11405875.14,456649.37125,198975761.03000003,129334244.67,376.8513,388151.97,68497.41,85.0,15.0,Cubierta (85.0% Contratos / 15.0% Bolsa),1369.9481137500002,516266.7275992354,794256.5039957534,730715.9836760932,-63540.520319660194,63540.520319660194,7.99999999999999
2026-12-25,25,2026-12-01,True,TOLIMA,9361087.69,456649.37125,198975761.03000003,129334244.67,376.8513,388151.97,68497.41,85.0,15.0,Cubierta (85.0% Contratos / 15.0% Bolsa),1369.9481137500002,516266.7275992354,794256.5039957534,730715.9836760932,-63540.520319660194,63540.520319660194,7.99999999999999
2026-12-26,26,2026-12-01,True,ANTIOQUIA,26754065.36,323314.10875,167087394.45,108606806.39,376.8838,274816.99,48497.12,85.0,15.0,Cubierta (85.0% Contratos / 15.0% Bolsa),969.9423262500001,365555.5496979398,562393.1533943914,517401.7011228401,-44991.4522715513,44991.4522715513,7.999999999999997
2026-12-26,26,2026-12-01,True,BOGOTA,36679238.18,323314.10875,167087394.45,108606806.39,376.8838,274816.99,48497.12,85.0,15.0,Cubierta (85.0% Contratos / 15.0% Bolsa),969.9423262500001,365555.5496979398,562393.1533943914,517401.7011228401,-44991.4522715513,44991.4522715513,7.999999999999997
2026-12-26,26,2026-12-01,True,CARIBE_MAR,29466073.85,323314.10875,167087394.45,108606806.39,376.8838,274816.99,48497.12,85.0,15.0,Cubierta (85.0% Contratos / 15.0% Bolsa),969.9423262500001,365555.5496979398,562393.1533943914,517401.7011228401,-44991.4522715513,44991.4522715513,7.999999999999997
2026-12-26,26,2026-12-01,True,CARIBE_SOL,22874767.2,323314.10875,167087394.45,108606806.39,376.8838,274816.99,48497.12,85.0,15.0,Cubierta (85.0% Contratos / 15.0% Bolsa),969.9423262500001,365555.5496979398,562393.1533943914,517401.7011228401,-44991.4522715513,44991.4522715513,7.999999999999997
2026-12-26,26,2026-12-01,True,VALLE,18959825.79,323314.10875,167087394.45,108606806.39,376.8838,274816.99,48497.12,85.0,15.0,Cubierta (85.0% Contratos / 15.0% Bolsa),969.9423262500001,365555.5496979398,562393.1533943914,517401.7011228401,-44991.4522715513,44991.4522715513,7.999999999999997
2026-12-26,26,2026-12-01,True,SANTANDER,14762506.86,323314.10875,167087394.45,108606806.39,376.8838,274816.99,48497.12,85.0,15.0,Cubierta (85.0% Contratos / 15.0% Bolsa),969.9423262500001,365555.5496979398,562393.1533943914,517401.7011228401,-44991.4522715513,44991.4522715513,7.999999999999997
2026-12-26,26,2026-12-01,True,CUNDINAMARCA,9585431.98,323314.10875,167087394.45,108606806.39,376.8838,274816.99,48497.12,85.0,15.0,Cubierta (85.0% Contratos / 15.0% Bolsa),969.9423262500001,365555.5496979398,562393.1533943914,517401.7011228401,-44991.4522715513,44991.4522715513,7.999999999999997
2026-12-26,26,2026-12-01,True,TOLIMA,8005485.23,323314.10875,167087394.45,108606806.39,376.8838,274816.99,48497.12,85.0,15.0,Cubierta (85.0% Contratos / 15.0% Bolsa),969.9423262500001,365555.5496979398,562393.1533943914,517401.7011228401,-44991.4522715513,44991.4522715513,7.999999999999997
2026-12-27,27,2026-12-01,True,ANTIOQUIA,26256275.31,322879.745,166862917.3,108460896.24,376.997,274447.78,48431.96,85.0,15.0,Cubierta (85.0% Contratos / 15.0% Bolsa),968.639235,365174.085677295,561806.2856832761,516861.78282861406,-44944.502854662074,44944.502854662074,7.999999999999997
2026-12-27,27,2026-12-01,True,BOGOTA,37001294.26,322879.745,166862917.3,108460896.24,376.997,274447.78,48431.96,85.0,15.0,Cubierta (85.0% Contratos / 15.0% Bolsa),968.639235,365174.085677295,561806.2856832761,516861.78282861406,-44944.502854662074,44944.502854662074,7.999999999999997
2026-12-27,27,2026-12-01,True,CARIBE_MAR,29223014.42,322879.745,166862917.3,108460896.24,376.997,274447.78,48431.96,85.0,15.0,Cubierta (85.0% Contratos / 15.0% Bolsa),968.639235,365174.085677295,561806.2856832761,516861.78282861406,-44944.502854662074,44944.502854662074,7.999999999999997
2026-12-27,27,2026-12-01,True,CARIBE_SOL,23405067.09,322879.745,166862917.3,108460896.24,376.997,274447.78,48431.96,85.0,15.0,Cubierta (85.0% Contratos / 15.0% Bolsa),968.639235,365174.085677295,561806.2856832761,516861.78282861406,-44944.502854662074,44944.502854662074,7.999999999999997
2026-12-27,27,2026-12-01,True,VALLE,18882474.32,322879.745,166862917.3,108460896.24,376.997,274447.78,48431.96,85.0,15.0,Cubierta (85.0% Contratos / 15.0% Bolsa),968.639235,365174.085677295,561806.2856832761,516861.78282861406,-44944.502854662074,44944.502854662074,7.999999999999997
2026-12-27,27,2026-12-01,True,SANTANDER,14641693.28,322879.745,166862917.3,108460896.24,376.997,274447.78,48431.96,85.0,15.0,Cubierta (85.0% Contratos / 15.0% Bolsa),968.639235,365174.085677295,561806.2856832761,516861.78282861406,-44944.502854662074,44944.502854662074,7.999999999999997
2026-12-27,27,2026-12-01,True,CUNDINAMARCA,9437007.84,322879.745,166862917.3,108460896.24,376.997,274447.78,48431.96,85.0,15.0,Cubierta (85.0% Contratos / 15.0% Bolsa),968.639235,365174.085677295,561806.2856832761,516861.78282861406,-44944.502854662074,44944.502854662074,7.999999999999997
2026-12-27,27,2026-12-01,True,TOLIMA,8016090.78,322879.745,166862917.3,108460896.24,376.997,274447.78,48431.96,85.0,15.0,Cubierta (85.0% Contratos / 15.0% Bolsa),968.639235,365174.085677295,561806.2856832761,516861.78282861406,-44944.502854662074,44944.502854662074,7.999999999999997
2026-12-28,28,2026-12-01,True,ANTIOQUIA,31246278.44,454877.155,198203553.54000002,128832309.8,377.1917,386645.58,68231.57,85.0,15.0,Cubierta (85.0% Contratos / 15.0% Bolsa),1364.6314650000002,514727.6621568406,791888.7110166708,728537.6141353372,-63351.09688133362,63351.09688133362,7.999999999999995
2026-12-28,28,2026-12-01,True,BOGOTA,43179037.28,454877.155,198203553.54000002,128832309.8,377.1917,386645.58,68231.57,85.0,15.0,Cubierta (85.0% Contratos / 15.0% Bolsa),1364.6314650000002,514727.6621568406,791888.7110166708,728537.6141353372,-63351.09688133362,63351.09688133362,7.999999999999995
2026-12-28,28,2026-12-01,True,CARIBE_MAR,35501359.1,454877.155,198203553.54000002,128832309.8,377.1917,386645.58,68231.57,85.0,15.0,Cubierta (85.0% Contratos / 15.0% Bolsa),1364.6314650000002,514727.6621568406,791888.7110166708,728537.6141353372,-63351.09688133362,63351.09688133362,7.999999999999995
2026-12-28,28,2026-12-01,True,CARIBE_SOL,27659897.5,454877.155,198203553.54000002,128832309.8,377.1917,386645.58,68231.57,85.0,15.0,Cubierta (85.0% Contratos / 15.0% Bolsa),1364.6314650000002,514727.6621568406,791888.7110166708,728537.6141353372,-63351.09688133362,63351.09688133362,7.999999999999995
2026-12-28,28,2026-12-01,True,VALLE,22651199.81,454877.155,198203553.54000002,128832309.8,377.1917,386645.58,68231.57,85.0,15.0,Cubierta (85.0% Contratos / 15.0% Bolsa),1364.6314650000002,514727.6621568406,791888.7110166708,728537.6141353372,-63351.09688133362,63351.09688133362,7.999999999999995
2026-12-28,28,2026-12-01,True,SANTANDER,17405632.68,454877.155,198203553.54000002,128832309.8,377.1917,386645.58,68231.57,85.0,15.0,Cubierta (85.0% Contratos / 15.0% Bolsa),1364.6314650000002,514727.6621568406,791888.7110166708,728537.6141353372,-63351.09688133362,63351.09688133362,7.999999999999995
2026-12-28,28,2026-12-01,True,CUNDINAMARCA,11158044.8,454877.155,198203553.54000002,128832309.8,377.1917,386645.58,68231.57,85.0,15.0,Cubierta (85.0% Contratos / 15.0% Bolsa),1364.6314650000002,514727.6621568406,791888.7110166708,728537.6141353372,-63351.09688133362,63351.09688133362,7.999999999999995
2026-12-28,28,2026-12-01,True,TOLIMA,9402103.93,454877.155,198203553.54000002,128832309.8,377.1917,386645.58,68231.57,85.0,15.0,Cubierta (85.0% Contratos / 15.0% Bolsa),1364.6314650000002,514727.6621568406,791888.7110166708,728537.6141353372,-63351.09688133362,63351.09688133362,7.999999999999995
2026-12-29,29,2026-12-01,True,ANTIOQUIA,31356484.94,456410.6125,198871726.8,129266622.42,377.467,387949.02,68461.59,85.0,15.0,Cubierta (85.0% Contratos / 15.0% Bolsa),1369.2318375,516839.8340056125,795138.2061624809,731527.1496694825,-63611.05649299838,63611.05649299838,7.999999999999989
2026-12-29,29,2026-12-01,True,BOGOTA,43829518.13,456410.6125,198871726.8,129266622.42,377.467,387949.02,68461.59,85.0,15.0,Cubierta (85.0% Contratos / 15.0% Bolsa),1369.2318375,516839.8340056125,795138.2061624809,731527.1496694825,-63611.05649299838,63611.05649299838,7.999999999999989
2026-12-29,29,2026-12-01,True,CARIBE_MAR,35303462.42,456410.6125,198871726.8,129266622.42,377.467,387949.02,68461.59,85.0,15.0,Cubierta (85.0% Contratos / 15.0% Bolsa),1369.2318375,516839.8340056125,795138.2061624809,731527.1496694825,-63611.05649299838,63611.05649299838,7.999999999999989
2026-12-29,29,2026-12-01,True,CARIBE_SOL,27308778.34,456410.6125,198871726.8,129266622.42,377.467,387949.02,68461.59,85.0,15.0,Cubierta (85.0% Contratos / 15.0% Bolsa),1369.2318375,516839.8340056125,795138.2061624809,731527.1496694825,-63611.05649299838,63611.05649299838,7.999999999999989
2026-12-29,29,2026-12-01,True,VALLE,22764311.53,456410.6125,198871726.8,129266622.42,377.467,387949.02,68461.59,85.0,15.0,Cubierta (85.0% Contratos / 15.0% Bolsa),1369.2318375,516839.8340056125,795138.2061624809,731527.1496694825,-63611.05649299838,63611.05649299838,7.999999999999989
2026-12-29,29,2026-12-01,True,SANTANDER,17552986.96,456410.6125,198871726.8,129266622.42,377.467,387949.02,68461.59,85.0,15.0,Cubierta (85.0% Contratos / 15.0% Bolsa),1369.2318375,516839.8340056125,795138.2061624809,731527.1496694825,-63611.05649299838,63611.05649299838,7.999999999999989
2026-12-29,29,2026-12-01,True,CUNDINAMARCA,11236327.44,456410.6125,198871726.8,129266622.42,377.467,387949.02,68461.59,85.0,15.0,Cubierta (85.0% Contratos / 15.0% Bolsa),1369.2318375,516839.8340056125,795138.2061624809,731527.1496694825,-63611.05649299838,63611.05649299838,7.999999999999989
2026-12-29,29,2026-12-01,True,TOLIMA,9519857.04,456410.6125,198871726.8,129266622.42,377.467,387949.02,68461.59,85.0,15.0,Cubierta (85.0% Contratos / 15.0% Bolsa),1369.2318375,516839.8340056125,795138.2061624809,731527.1496694825,-63611.05649299838,63611.05649299838,7.999999999999989
2026-12-30,30,2026-12-01,True,ANTIOQUIA,31161903.12,454886.685,198207705.92999998,128835008.85,377.8203,386653.68,68233.0,85.0,15.0,Cubierta (85.0% Contratos / 15.0% Bolsa),1364.660055,515596.2713781165,793225.0329171161,729767.0302837468,-63458.002633369295,63458.002633369295,8.000000000000002
2026-12-30,30,2026-12-01,True,BOGOTA,43384470.02,454886.685,198207705.92999998,128835008.85,377.8203,386653.68,68233.0,85.0,15.0,Cubierta (85.0% Contratos / 15.0% Bolsa),1364.660055,515596.2713781165,793225.0329171161,729767.0302837468,-63458.002633369295,63458.002633369295,8.000000000000002
2026-12-30,30,2026-12-01,True,CARIBE_MAR,35341791.86,454886.685,198207705.92999998,128835008.85,377.8203,386653.68,68233.0,85.0,15.0,Cubierta (85.0% Contratos / 15.0% Bolsa),1364.660055,515596.2713781165,793225.0329171161,729767.0302837468,-63458.002633369295,63458.002633369295,8.000000000000002
2026-12-30,30,2026-12-01,True,CARIBE_SOL,27566012.95,454886.685,198207705.92999998,128835008.85,377.8203,386653.68,68233.0,85.0,15.0,Cubierta (85.0% Contratos / 15.0% Bolsa),1364.660055,515596.2713781165,793225.0329171161,729767.0302837468,-63458.002633369295,63458.002633369295,8.000000000000002
2026-12-30,30,2026-12-01,True,VALLE,22443512.15,454886.685,198207705.92999998,128835008.85,377.8203,386653.68,68233.0,85.0,15.0,Cubierta (85.0% Contratos / 15.0% Bolsa),1364.660055,515596.2713781165,793225.0329171161,729767.0302837468,-63458.002633369295,63458.002633369295,8.000000000000002
2026-12-30,30,2026-12-01,True,SANTANDER,17595448.93,454886.685,198207705.92999998,128835008.85,377.8203,386653.68,68233.0,85.0,15.0,Cubierta (85.0% Contratos / 15.0% Bolsa),1364.660055,515596.2713781165,793225.0329171161,729767.0302837468,-63458.002633369295,63458.002633369295,8.000000000000002
2026-12-30,30,2026-12-01,True,CUNDINAMARCA,11292956.11,454886.685,198207705.92999998,128835008.85,377.8203,386653.68,68233.0,85.0,15.0,Cubierta (85.0% Contratos / 15.0% Bolsa),1364.660055,515596.2713781165,793225.0329171161,729767.0302837468,-63458.002633369295,63458.002633369295,8.000000000000002
2026-12-30,30,2026-12-01,True,TOLIMA,9421610.79,454886.685,198207705.92999998,128835008.85,377.8203,386653.68,68233.0,85.0,15.0,Cubierta (85.0% Contratos / 15.0% Bolsa),1364.660055,515596.2713781165,793225.0329171161,729767.0302837468,-63458.002633369295,63458.002633369295,8.000000000000002
2026-12-31,31,2026-12-01,True,ANTIOQUIA,31458186.39,454268.4325,197938314.88,128659904.67,378.2475,386128.17,68140.26,85.0,15.0,Cubierta (85.0% Contratos / 15.0% Bolsa),1362.8052975,515477.69676613127,793042.6104217605,729599.2015880196,-63443.40883374086,63443.40883374086,8.000000000000004
2026-12-31,31,2026-12-01,True,BOGOTA,43396573.25,454268.4325,197938314.88,128659904.67,378.2475,386128.17,68140.26,85.0,15.0,Cubierta (85.0% Contratos / 15.0% Bolsa),1362.8052975,515477.69676613127,793042.6104217605,729599.2015880196,-63443.40883374086,63443.40883374086,8.000000000000004
2026-12-31,31,2026-12-01,True,CARIBE_MAR,34839838.75,454268.4325,197938314.88,128659904.67,378.2475,386128.17,68140.26,85.0,15.0,Cubierta (85.0% Contratos / 15.0% Bolsa),1362.8052975,515477.69676613127,793042.6104217605,729599.2015880196,-63443.40883374086,63443.40883374086,8.000000000000004
2026-12-31,31,2026-12-01,True,CARIBE_SOL,27568851.62,454268.4325,197938314.88,128659904.67,378.2475,386128.17,68140.26,85.0,15.0,Cubierta (85.0% Contratos / 15.0% Bolsa),1362.8052975,515477.69676613127,793042.6104217605,729599.2015880196,-63443.40883374086,63443.40883374086,8.000000000000004
2026-12-31,31,2026-12-01,True,VALLE,22468765.39,454268.4325,197938314.88,128659904.67,378.2475,386128.17,68140.26,85.0,15.0,Cubierta (85.0% Contratos / 15.0% Bolsa),1362.8052975,515477.69676613127,793042.6104217605,729599.2015880196,-63443.40883374086,63443.40883374086,8.000000000000004
2026-12-31,31,2026-12-01,True,SANTANDER,17593588.5,454268.4325,197938314.88,128659904.67,378.2475,386128.17,68140.26,85.0,15.0,Cubierta (85.0% Contratos / 15.0% Bolsa),1362.8052975,515477.69676613127,793042.6104217605,729599.2015880196,-63443.40883374086,63443.40883374086,8.000000000000004
2026-12-31,31,2026-12-01,True,CUNDINAMARCA,11162629.24,454268.4325,197938314.88,128659904.67,378.2475,386128.17,68140.26,85.0,15.0,Cubierta (85.0% Contratos / 15.0% Bolsa),1362.8052975,515477.69676613127,793042.6104217605,729599.2015880196,-63443.40883374086,63443.40883374086,8.000000000000004
2026-12-31,31,2026-12-01,True,TOLIMA,9449881.74,454268.4325,197938314.88,128659904.67,378.2475,386128.17,68140.26,85.0,15.0,Cubierta (85.0% Contratos / 15.0% Bolsa),1362.8052975,515477.69676613127,793042.6104217605,729599.2015880196,-63443.40883374086,63443.40883374086,8.000000000000004
2027-01-01,1,2027-01-01,True,ANTIOQUIA,31763681.69,457931.95375,199534620.59,129697503.38,378.743,389242.16,68689.79,85.0,15.0,Cubierta (85.0% Contratos / 15.0% Bolsa),1373.79586125,520315.5658774087,800485.485986846,736446.6471078984,-64038.83887894766,64038.83887894766,7.999999999999997
2027-01-01,1,2027-01-01,True,BOGOTA,43974172.55,457931.95375,199534620.59,129697503.38,378.743,389242.16,68689.79,85.0,15.0,Cubierta (85.0% Contratos / 15.0% Bolsa),1373.79586125,520315.5658774087,800485.485986846,736446.6471078984,-64038.83887894766,64038.83887894766,7.999999999999997
2027-01-01,1,2027-01-01,True,CARIBE_MAR,35432891.2,457931.95375,199534620.59,129697503.38,378.743,389242.16,68689.79,85.0,15.0,Cubierta (85.0% Contratos / 15.0% Bolsa),1373.79586125,520315.5658774087,800485.485986846,736446.6471078984,-64038.83887894766,64038.83887894766,7.999999999999997
2027-01-01,1,2027-01-01,True,CARIBE_SOL,27574600.13,457931.95375,199534620.59,129697503.38,378.743,389242.16,68689.79,85.0,15.0,Cubierta (85.0% Contratos / 15.0% Bolsa),1373.79586125,520315.5658774087,800485.485986846,736446.6471078984,-64038.83887894766,64038.83887894766,7.999999999999997
2027-01-01,1,2027-01-01,True,VALLE,22573634.86,457931.95375,199534620.59,129697503.38,378.743,389242.16,68689.79,85.0,15.0,Cubierta (85.0% Contratos / 15.0% Bolsa),1373.79586125,520315.5658774087,800485.485986846,736446.6471078984,-64038.83887894766,64038.83887894766,7.999999999999997
2027-01-01,1,2027-01-01,True,SANTANDER,17547521.87,457931.95375,199534620.59,129697503.38,378.743,389242.16,68689.79,85.0,15.0,Cubierta (85.0% Contratos / 15.0% Bolsa),1373.79586125,520315.5658774087,800485.485986846,736446.6471078984,-64038.83887894766,64038.83887894766,7.999999999999997
2027-01-01,1,2027-01-01,True,CUNDINAMARCA,11325582.06,457931.95375,199534620.59,129697503.38,378.743,389242.16,68689.79,85.0,15.0,Cubierta (85.0% Contratos / 15.0% Bolsa),1373.79586125,520315.5658774087,800485.485986846,736446.6471078984,-64038.83887894766,64038.83887894766,7.999999999999997
2027-01-01,1,2027-01-01,True,TOLIMA,9342536.23,457931.95375,199534620.59,129697503.38,378.743,389242.16,68689.79,85.0,15.0,Cubierta (85.0% Contratos / 15.0% Bolsa),1373.79586125,520315.5658774087,800485.485986846,736446.6471078984,-64038.83887894766,64038.83887894766,7.999999999999997
2027-01-02,2,2027-01-01,True,ANTIOQUIA,26583371.84,325604.11875,168270862.53,109376060.64,379.2996,276763.5,48840.62,85.0,15.0,Cubierta (85.0% Contratos / 15.0% Bolsa),976.8123562500001,370504.53600068256,570006.97848604,524406.4202071568,-45600.558278883225,45600.558278883225,8.000000000000004
2027-01-02,2,2027-01-01,True,BOGOTA,37542583.35,325604.11875,168270862.53,109376060.64,379.2996,276763.5,48840.62,85.0,15.0,Cubierta (85.0% Contratos / 15.0% Bolsa),976.8123562500001,370504.53600068256,570006.97848604,524406.4202071568,-45600.558278883225,45600.558278883225,8.000000000000004
2027-01-02,2,2027-01-01,True,CARIBE_MAR,29593646.47,325604.11875,168270862.53,109376060.64,379.2996,276763.5,48840.62,85.0,15.0,Cubierta (85.0% Contratos / 15.0% Bolsa),976.8123562500001,370504.53600068256,570006.97848604,524406.4202071568,-45600.558278883225,45600.558278883225,8.000000000000004
2027-01-02,2,2027-01-01,True,CARIBE_SOL,23473356.58,325604.11875,168270862.53,109376060.64,379.2996,276763.5,48840.62,85.0,15.0,Cubierta (85.0% Contratos / 15.0% Bolsa),976.8123562500001,370504.53600068256,570006.97848604,524406.4202071568,-45600.558278883225,45600.558278883225,8.000000000000004
2027-01-02,2,2027-01-01,True,VALLE,18900277.96,325604.11875,168270862.53,109376060.64,379.2996,276763.5,48840.62,85.0,15.0,Cubierta (85.0% Contratos / 15.0% Bolsa),976.8123562500001,370504.53600068256,570006.97848604,524406.4202071568,-45600.558278883225,45600.558278883225,8.000000000000004
2027-01-02,2,2027-01-01,True,SANTANDER,14792197.87,325604.11875,168270862.53,109376060.64,379.2996,276763.5,48840.62,85.0,15.0,Cubierta (85.0% Contratos / 15.0% Bolsa),976.8123562500001,370504.53600068256,570006.97848604,524406.4202071568,-45600.558278883225,45600.558278883225,8.000000000000004
2027-01-02,2,2027-01-01,True,CUNDINAMARCA,9497421.16,325604.11875,168270862.53,109376060.64,379.2996,276763.5,48840.62,85.0,15.0,Cubierta (85.0% Contratos / 15.0% Bolsa),976.8123562500001,370504.53600068256,570006.97848604,524406.4202071568,-45600.558278883225,45600.558278883225,8.000000000000004
2027-01-02,2,2027-01-01,True,TOLIMA,7888007.3,325604.11875,168270862.53,109376060.64,379.2996,276763.5,48840.62,85.0,15.0,Cubierta (85.0% Contratos / 15.0% Bolsa),976.8123562500001,370504.53600068256,570006.97848604,524406.4202071568,-45600.558278883225,45600.558278883225,8.000000000000004
2027-01-03,3,2027-01-01,True,ANTIOQUIA,26120955.22,324505.595,167703149.98000002,109007047.49,379.9092,275829.76,48675.84,85.0,15.0,Cubierta (85.0% Contratos / 15.0% Bolsa),973.5167849999999,369847.98297592194,568996.8968703744,523477.14512074454,-45519.75174962991,45519.75174962991,7.999999999999992
2027-01-03,3,2027-01-01,True,BOGOTA,37466003.48,324505.595,167703149.98000002,109007047.49,379.9092,275829.76,48675.84,85.0,15.0,Cubierta (85.0% Contratos / 15.0% Bolsa),973.5167849999999,369847.98297592194,568996.8968703744,523477.14512074454,-45519.75174962991,45519.75174962991,7.999999999999992
2027-01-03,3,2027-01-01,True,CARIBE_MAR,29516137.58,324505.595,167703149.98000002,109007047.49,379.9092,275829.76,48675.84,85.0,15.0,Cubierta (85.0% Contratos / 15.0% Bolsa),973.5167849999999,369847.98297592194,568996.8968703744,523477.14512074454,-45519.75174962991,45519.75174962991,7.999999999999992
2027-01-03,3,2027-01-01,True,CARIBE_SOL,23137781.08,324505.595,167703149.98000002,109007047.49,379.9092,275829.76,48675.84,85.0,15.0,Cubierta (85.0% Contratos / 15.0% Bolsa),973.5167849999999,369847.98297592194,568996.8968703744,523477.14512074454,-45519.75174962991,45519.75174962991,7.999999999999992
2027-01-03,3,2027-01-01,True,VALLE,19041993.41,324505.595,167703149.98000002,109007047.49,379.9092,275829.76,48675.84,85.0,15.0,Cubierta (85.0% Contratos / 15.0% Bolsa),973.5167849999999,369847.98297592194,568996.8968703744,523477.14512074454,-45519.75174962991,45519.75174962991,7.999999999999992
2027-01-03,3,2027-01-01,True,SANTANDER,15018814.22,324505.595,167703149.98000002,109007047.49,379.9092,275829.76,48675.84,85.0,15.0,Cubierta (85.0% Contratos / 15.0% Bolsa),973.5167849999999,369847.98297592194,568996.8968703744,523477.14512074454,-45519.75174962991,45519.75174962991,7.999999999999992
2027-01-03,3,2027-01-01,True,CUNDINAMARCA,9535548.9,324505.595,167703149.98000002,109007047.49,379.9092,275829.76,48675.84,85.0,15.0,Cubierta (85.0% Contratos / 15.0% Bolsa),973.5167849999999,369847.98297592194,568996.8968703744,523477.14512074454,-45519.75174962991,45519.75174962991,7.999999999999992
2027-01-03,3,2027-01-01,True,TOLIMA,7865916.09,324505.595,167703149.98000002,109007047.49,379.9092,275829.76,48675.84,85.0,15.0,Cubierta (85.0% Contratos / 15.0% Bolsa),973.5167849999999,369847.98297592194,568996.8968703744,523477.14512074454,-45519.75174962991,45519.75174962991,7.999999999999992
2027-01-04,4,2027-01-01,True,ANTIOQUIA,31147381.81,457817.30125,199484662.75,129665030.79,380.5623,389144.71,68672.6,85.0,15.0,Cubierta (85.0% Contratos / 15.0% Bolsa),1373.4519037500002,522684.01543047867,804129.2544929248,739798.9141334909,-64330.3403594339,64330.3403594339,7.99999999999999
2027-01-04,4,2027-01-01,True,BOGOTA,43864279.7,457817.30125,199484662.75,129665030.79,380.5623,389144.71,68672.6,85.0,15.0,Cubierta (85.0% Contratos / 15.0% Bolsa),1373.4519037500002,522684.01543047867,804129.2544929248,739798.9141334909,-64330.3403594339,64330.3403594339,7.99999999999999
2027-01-04,4,2027-01-01,True,CARIBE_MAR,35257102.72,457817.30125,199484662.75,129665030.79,380.5623,389144.71,68672.6,85.0,15.0,Cubierta (85.0% Contratos / 15.0% Bolsa),1373.4519037500002,522684.01543047867,804129.2544929248,739798.9141334909,-64330.3403594339,64330.3403594339,7.99999999999999
2027-01-04,4,2027-01-01,True,CARIBE_SOL,27905502.74,457817.30125,199484662.75,129665030.79,380.5623,389144.71,68672.6,85.0,15.0,Cubierta (85.0% Contratos / 15.0% Bolsa),1373.4519037500002,522684.01543047867,804129.2544929248,739798.9141334909,-64330.3403594339,64330.3403594339,7.99999999999999
2027-01-04,4,2027-01-01,True,VALLE,22747940.72,457817.30125,199484662.75,129665030.79,380.5623,389144.71,68672.6,85.0,15.0,Cubierta (85.0% Contratos / 15.0% Bolsa),1373.4519037500002,522684.01543047867,804129.2544929248,739798.9141334909,-64330.3403594339,64330.3403594339,7.99999999999999
2027-01-04,4,2027-01-01,True,SANTANDER,17798459.75,457817.30125,199484662.75,129665030.79,380.5623,389144.71,68672.6,85.0,15.0,Cubierta (85.0% Contratos / 15.0% Bolsa),1373.4519037500002,522684.01543047867,804129.2544929248,739798.9141334909,-64330.3403594339,64330.3403594339,7.99999999999999
2027-01-04,4,2027-01-01,True,CUNDINAMARCA,11263943.59,457817.30125,199484662.75,129665030.79,380.5623,389144.71,68672.6,85.0,15.0,Cubierta (85.0% Contratos / 15.0% Bolsa),1373.4519037500002,522684.01543047867,804129.2544929248,739798.9141334909,-64330.3403594339,64330.3403594339,7.99999999999999
2027-01-04,4,2027-01-01,True,TOLIMA,9500051.72,457817.30125,199484662.75,129665030.79,380.5623,389144.71,68672.6,85.0,15.0,Cubierta (85.0% Contratos / 15.0% Bolsa),1373.4519037500002,522684.01543047867,804129.2544929248,739798.9141334909,-64330.3403594339,64330.3403594339,7.99999999999999
2027-01-05,5,2027-01-01,True,ANTIOQUIA,31900238.05,459538.87875,200234805.51000002,130152623.58,381.2487,390608.05,68930.83,85.0,15.0,Cubierta (85.0% Contratos / 15.0% Bolsa),1378.61663625,525595.8003686854,808608.9236534506,743920.2097611745,-64688.71389227605,64688.71389227605,8.0
2027-01-05,5,2027-01-01,True,BOGOTA,43842221.26,459538.87875,200234805.51000002,130152623.58,381.2487,390608.05,68930.83,85.0,15.0,Cubierta (85.0% Contratos / 15.0% Bolsa),1378.61663625,525595.8003686854,808608.9236534506,743920.2097611745,-64688.71389227605,64688.71389227605,8.0
2027-01-05,5,2027-01-01,True,CARIBE_MAR,35640660.18,459538.87875,200234805.51000002,130152623.58,381.2487,390608.05,68930.83,85.0,15.0,Cubierta (85.0% Contratos / 15.0% Bolsa),1378.61663625,525595.8003686854,808608.9236534506,743920.2097611745,-64688.71389227605,64688.71389227605,8.0
2027-01-05,5,2027-01-01,True,CARIBE_SOL,27886910.25,459538.87875,200234805.51000002,130152623.58,381.2487,390608.05,68930.83,85.0,15.0,Cubierta (85.0% Contratos / 15.0% Bolsa),1378.61663625,525595.8003686854,808608.9236534506,743920.2097611745,-64688.71389227605,64688.71389227605,8.0
2027-01-05,5,2027-01-01,True,VALLE,22867597.86,459538.87875,200234805.51000002,130152623.58,381.2487,390608.05,68930.83,85.0,15.0,Cubierta (85.0% Contratos / 15.0% Bolsa),1378.61663625,525595.8003686854,808608.9236534506,743920.2097611745,-64688.71389227605,64688.71389227605,8.0
2027-01-05,5,2027-01-01,True,SANTANDER,17517460.04,459538.87875,200234805.51000002,130152623.58,381.2487,390608.05,68930.83,85.0,15.0,Cubierta (85.0% Contratos / 15.0% Bolsa),1378.61663625,525595.8003686854,808608.9236534506,743920.2097611745,-64688.71389227605,64688.71389227605,8.0
2027-01-05,5,2027-01-01,True,CUNDINAMARCA,11228408.24,459538.87875,200234805.51000002,130152623.58,381.2487,390608.05,68930.83,85.0,15.0,Cubierta (85.0% Contratos / 15.0% Bolsa),1378.61663625,525595.8003686854,808608.9236534506,743920.2097611745,-64688.71389227605,64688.71389227605,8.0
2027-01-05,5,2027-01-01,True,TOLIMA,9351309.63,459538.87875,200234805.51000002,130152623.58,381.2487,390608.05,68930.83,85.0,15.0,Cubierta (85.0% Contratos / 15.0% Bolsa),1378.61663625,525595.8003686854,808608.9236534506,743920.2097611745,-64688.71389227605,64688.71389227605,8.0
2027-01-06,6,2027-01-01,True,ANTIOQUIA,30951437.77,454842.29375,198188363.06,128822435.99,381.9575,386615.95,68226.34,85.0,15.0,Cubierta (85.0% Contratos / 15.0% Bolsa),1364.52688125,521191.2762450469,801832.7326784632,737686.1140641862,-64146.61861427699,64146.61861427699,7.999999999999992
2027-01-06,6,2027-01-01,True,BOGOTA,44100010.02,454842.29375,198188363.06,128822435.99,381.9575,386615.95,68226.34,85.0,15.0,Cubierta (85.0% Contratos / 15.0% Bolsa),1364.52688125,521191.2762450469,801832.7326784632,737686.1140641862,-64146.61861427699,64146.61861427699,7.999999999999992
2027-01-06,6,2027-01-01,True,CARIBE_MAR,34824804.64,454842.29375,198188363.06,128822435.99,381.9575,386615.95,68226.34,85.0,15.0,Cubierta (85.0% Contratos / 15.0% Bolsa),1364.52688125,521191.2762450469,801832.7326784632,737686.1140641862,-64146.61861427699,64146.61861427699,7.999999999999992
2027-01-06,6,2027-01-01,True,CARIBE_SOL,27331546.84,454842.29375,198188363.06,128822435.99,381.9575,386615.95,68226.34,85.0,15.0,Cubierta (85.0% Contratos / 15.0% Bolsa),1364.52688125,521191.2762450469,801832.7326784632,737686.1140641862,-64146.61861427699,64146.61861427699,7.999999999999992
2027-01-06,6,2027-01-01,True,VALLE,22807319.07,454842.29375,198188363.06,128822435.99,381.9575,386615.95,68226.34,85.0,15.0,Cubierta (85.0% Contratos / 15.0% Bolsa),1364.52688125,521191.2762450469,801832.7326784632,737686.1140641862,-64146.61861427699,64146.61861427699,7.999999999999992
2027-01-06,6,2027-01-01,True,SANTANDER,17551090.29,454842.29375,198188363.06,128822435.99,381.9575,386615.95,68226.34,85.0,15.0,Cubierta (85.0% Contratos / 15.0% Bolsa),1364.52688125,521191.2762450469,801832.7326784632,737686.1140641862,-64146.61861427699,64146.61861427699,7.999999999999992
2027-01-06,6,2027-01-01,True,CUNDINAMARCA,11409686.86,454842.29375,198188363.06,128822435.99,381.9575,386615.95,68226.34,85.0,15.0,Cubierta (85.0% Contratos / 15.0% Bolsa),1364.52688125,521191.2762450469,801832.7326784632,737686.1140641862,-64146.61861427699,64146.61861427699,7.999999999999992
2027-01-06,6,2027-01-01,True,TOLIMA,9212467.57,454842.29375,198188363.06,128822435.99,381.9575,386615.95,68226.34,85.0,15.0,Cubierta (85.0% Contratos / 15.0% Bolsa),1364.52688125,521191.2762450469,801832.7326784632,737686.1140641862,-64146.61861427699,64146.61861427699,7.999999999999992
2027-01-07,7,2027-01-01,True,ANTIOQUIA,31487928.36,458517.81625,199789897.98,129863433.69,382.6772,389740.14,68777.67,85.0,15.0,Cubierta (85.0% Contratos / 15.0% Bolsa),1375.55344875,526392.9422179936,809835.295701282,745048.4720451795,-64786.823656102526,64786.823656102526,7.9999999999999964
2027-01-07,7,2027-01-01,True,BOGOTA,43769175.96,458517.81625,199789897.98,129863433.69,382.6772,389740.14,68777.67,85.0,15.0,Cubierta (85.0% Contratos / 15.0% Bolsa),1375.55344875,526392.9422179936,809835.295701282,745048.4720451795,-64786.823656102526,64786.823656102526,7.9999999999999964
2027-01-07,7,2027-01-01,True,CARIBE_MAR,35634023.99,458517.81625,199789897.98,129863433.69,382.6772,389740.14,68777.67,85.0,15.0,Cubierta (85.0% Contratos / 15.0% Bolsa),1375.55344875,526392.9422179936,809835.295701282,745048.4720451795,-64786.823656102526,64786.823656102526,7.9999999999999964
2027-01-07,7,2027-01-01,True,CARIBE_SOL,27649064.19,458517.81625,199789897.98,129863433.69,382.6772,389740.14,68777.67,85.0,15.0,Cubierta (85.0% Contratos / 15.0% Bolsa),1375.55344875,526392.9422179936,809835.295701282,745048.4720451795,-64786.823656102526,64786.823656102526,7.9999999999999964
2027-01-07,7,2027-01-01,True,VALLE,22825490.15,458517.81625,199789897.98,129863433.69,382.6772,389740.14,68777.67,85.0,15.0,Cubierta (85.0% Contratos / 15.0% Bolsa),1375.55344875,526392.9422179936,809835.295701282,745048.4720451795,-64786.823656102526,64786.823656102526,7.9999999999999964
2027-01-07,7,2027-01-01,True,SANTANDER,17746882.65,458517.81625,199789897.98,129863433.69,382.6772,389740.14,68777.67,85.0,15.0,Cubierta (85.0% Contratos / 15.0% Bolsa),1375.55344875,526392.9422179936,809835.295701282,745048.4720451795,-64786.823656102526,64786.823656102526,7.9999999999999964
2027-01-07,7,2027-01-01,True,CUNDINAMARCA,11312492.48,458517.81625,199789897.98,129863433.69,382.6772,389740.14,68777.67,85.0,15.0,Cubierta (85.0% Contratos / 15.0% Bolsa),1375.55344875,526392.9422179936,809835.295701282,745048.4720451795,-64786.823656102526,64786.823656102526,7.9999999999999964
2027-01-07,7,2027-01-01,True,TOLIMA,9364840.2,458517.81625,199789897.98,129863433.69,382.6772,389740.14,68777.67,85.0,15.0,Cubierta (85.0% Contratos / 15.0% Bolsa),1375.55344875,526392.9422179936,809835.295701282,745048.4720451795,-64786.823656102526,64786.823656102526,7.9999999999999964
2027-01-08,8,2027-01-01,True,ANTIOQUIA,31087613.79,455895.69,198647359.72,129120783.82,383.3964,387511.34,68384.35,85.0,15.0,Cubierta (85.0% Contratos / 15.0% Bolsa),1367.68707,524366.298964548,806717.383009886,742179.9923690952,-64537.39064079081,64537.39064079081,7.99999999999999
2027-01-08,8,2027-01-01,True,BOGOTA,43942176.42,455895.69,198647359.72,129120783.82,383.3964,387511.34,68384.35,85.0,15.0,Cubierta (85.0% Contratos / 15.0% Bolsa),1367.68707,524366.298964548,806717.383009886,742179.9923690952,-64537.39064079081,64537.39064079081,7.99999999999999
2027-01-08,8,2027-01-01,True,CARIBE_MAR,35315797.97,455895.69,198647359.72,129120783.82,383.3964,387511.34,68384.35,85.0,15.0,Cubierta (85.0% Contratos / 15.0% Bolsa),1367.68707,524366.298964548,806717.383009886,742179.9923690952,-64537.39064079081,64537.39064079081,7.99999999999999
2027-01-08,8,2027-01-01,True,CARIBE_SOL,27603145.14,455895.69,198647359.72,129120783.82,383.3964,387511.34,68384.35,85.0,15.0,Cubierta (85.0% Contratos / 15.0% Bolsa),1367.68707,524366.298964548,806717.383009886,742179.9923690952,-64537.39064079081,64537.39064079081,7.99999999999999
2027-01-08,8,2027-01-01,True,VALLE,22305263.28,455895.69,198647359.72,129120783.82,383.3964,387511.34,68384.35,85.0,15.0,Cubierta (85.0% Contratos / 15.0% Bolsa),1367.68707,524366.298964548,806717.383009886,742179.9923690952,-64537.39064079081,64537.39064079081,7.99999999999999
2027-01-08,8,2027-01-01,True,SANTANDER,17711316.72,455895.69,198647359.72,129120783.82,383.3964,387511.34,68384.35,85.0,15.0,Cubierta (85.0% Contratos / 15.0% Bolsa),1367.68707,524366.298964548,806717.383009886,742179.9923690952,-64537.39064079081,64537.39064079081,7.99999999999999
2027-01-08,8,2027-01-01,True,CUNDINAMARCA,11347794.09,455895.69,198647359.72,129120783.82,383.3964,387511.34,68384.35,85.0,15.0,Cubierta (85.0% Contratos / 15.0% Bolsa),1367.68707,524366.298964548,806717.383009886,742179.9923690952,-64537.39064079081,64537.39064079081,7.99999999999999
2027-01-08,8,2027-01-01,True,TOLIMA,9334252.31,455895.69,198647359.72,129120783.82,383.3964,387511.34,68384.35,85.0,15.0,Cubierta (85.0% Contratos / 15.0% Bolsa),1367.68707,524366.298964548,806717.383009886,742179.9923690952,-64537.39064079081,64537.39064079081,7.99999999999999
2027-01-09,9,2027-01-01,True,ANTIOQUIA,26865888.09,325413.915,168172565.84,109312167.8,384.1034,276601.83,48812.09,85.0,15.0,Cubierta (85.0% Contratos / 15.0% Bolsa),976.2417449999999,374977.773476433,576888.8822503256,530737.7716702996,-46151.110580026056,46151.110580026056,8.0
2027-01-09,9,2027-01-01,True,BOGOTA,36943326.72,325413.915,168172565.84,109312167.8,384.1034,276601.83,48812.09,85.0,15.0,Cubierta (85.0% Contratos / 15.0% Bolsa),976.2417449999999,374977.773476433,576888.8822503256,530737.7716702996,-46151.110580026056,46151.110580026056,8.0
2027-01-09,9,2027-01-01,True,CARIBE_MAR,29697751.52,325413.915,168172565.84,109312167.8,384.1034,276601.83,48812.09,85.0,15.0,Cubierta (85.0% Contratos / 15.0% Bolsa),976.2417449999999,374977.773476433,576888.8822503256,530737.7716702996,-46151.110580026056,46151.110580026056,8.0
2027-01-09,9,2027-01-01,True,CARIBE_SOL,23161305.44,325413.915,168172565.84,109312167.8,384.1034,276601.83,48812.09,85.0,15.0,Cubierta (85.0% Contratos / 15.0% Bolsa),976.2417449999999,374977.773476433,576888.8822503256,530737.7716702996,-46151.110580026056,46151.110580026056,8.0
2027-01-09,9,2027-01-01,True,VALLE,19151744.28,325413.915,168172565.84,109312167.8,384.1034,276601.83,48812.09,85.0,15.0,Cubierta (85.0% Contratos / 15.0% Bolsa),976.2417449999999,374977.773476433,576888.8822503256,530737.7716702996,-46151.110580026056,46151.110580026056,8.0
2027-01-09,9,2027-01-01,True,SANTANDER,14784067.95,325413.915,168172565.84,109312167.8,384.1034,276601.83,48812.09,85.0,15.0,Cubierta (85.0% Contratos / 15.0% Bolsa),976.2417449999999,374977.773476433,576888.8822503256,530737.7716702996,-46151.110580026056,46151.110580026056,8.0
2027-01-09,9,2027-01-01,True,CUNDINAMARCA,9528117.98,325413.915,168172565.84,109312167.8,384.1034,276601.83,48812.09,85.0,15.0,Cubierta (85.0% Contratos / 15.0% Bolsa),976.2417449999999,374977.773476433,576888.8822503256,530737.7716702996,-46151.110580026056,46151.110580026056,8.0
2027-01-09,9,2027-01-01,True,TOLIMA,8040363.86,325413.915,168172565.84,109312167.8,384.1034,276601.83,48812.09,85.0,15.0,Cubierta (85.0% Contratos / 15.0% Bolsa),976.2417449999999,374977.773476433,576888.8822503256,530737.7716702996,-46151.110580026056,46151.110580026056,8.0
2027-01-10,10,2027-01-01,True,ANTIOQUIA,26958351.22,326848.94375,168914182.61999997,109794218.7,384.7867,277821.6,49027.34,85.0,15.0,Cubierta (85.0% Contratos / 15.0% Bolsa),980.54683125,377301.3793921444,580463.6606191595,534026.5677696267,-46437.092849532724,46437.092849532724,7.999999999999995
2027-01-10,10,2027-01-01,True,BOGOTA,37611851.25,326848.94375,168914182.61999997,109794218.7,384.7867,277821.6,49027.34,85.0,15.0,Cubierta (85.0% Contratos / 15.0% Bolsa),980.54683125,377301.3793921444,580463.6606191595,534026.5677696267,-46437.092849532724,46437.092849532724,7.999999999999995
2027-01-10,10,2027-01-01,True,CARIBE_MAR,29688766.84,326848.94375,168914182.61999997,109794218.7,384.7867,277821.6,49027.34,85.0,15.0,Cubierta (85.0% Contratos / 15.0% Bolsa),980.54683125,377301.3793921444,580463.6606191595,534026.5677696267,-46437.092849532724,46437.092849532724,7.999999999999995
2027-01-10,10,2027-01-01,True,CARIBE_SOL,23252195.16,326848.94375,168914182.61999997,109794218.7,384.7867,277821.6,49027.34,85.0,15.0,Cubierta (85.0% Contratos / 15.0% Bolsa),980.54683125,377301.3793921444,580463.6606191595,534026.5677696267,-46437.092849532724,46437.092849532724,7.999999999999995
2027-01-10,10,2027-01-01,True,VALLE,19048996.41,326848.94375,168914182.61999997,109794218.7,384.7867,277821.6,49027.34,85.0,15.0,Cubierta (85.0% Contratos / 15.0% Bolsa),980.54683125,377301.3793921444,580463.6606191595,534026.5677696267,-46437.092849532724,46437.092849532724,7.999999999999995
2027-01-10,10,2027-01-01,True,SANTANDER,14906317.72,326848.94375,168914182.61999997,109794218.7,384.7867,277821.6,49027.34,85.0,15.0,Cubierta (85.0% Contratos / 15.0% Bolsa),980.54683125,377301.3793921444,580463.6606191595,534026.5677696267,-46437.092849532724,46437.092849532724,7.999999999999995
2027-01-10,10,2027-01-01,True,CUNDINAMARCA,9504345.67,326848.94375,168914182.61999997,109794218.7,384.7867,277821.6,49027.34,85.0,15.0,Cubierta (85.0% Contratos / 15.0% Bolsa),980.54683125,377301.3793921444,580463.6606191595,534026.5677696267,-46437.092849532724,46437.092849532724,7.999999999999995
2027-01-10,10,2027-01-01,True,TOLIMA,7943358.35,326848.94375,168914182.61999997,109794218.7,384.7867,277821.6,49027.34,85.0,15.0,Cubierta (85.0% Contratos / 15.0% Bolsa),980.54683125,377301.3793921444,580463.6606191595,534026.5677696267,-46437.092849532724,46437.092849532724,7.999999999999995
2027-01-11,11,2027-01-01,True,ANTIOQUIA,31133273.46,458132.73125,199622105.32999998,129754368.46,385.4357,389412.82,68719.91,85.0,15.0,Cubierta (85.0% Contratos / 15.0% Bolsa),1374.39819375,529742.1298867669,814987.892161752,749788.8607888118,-65199.03137294017,65199.03137294017,8.000000000000002
2027-01-11,11,2027-01-01,True,BOGOTA,44710676.69,458132.73125,199622105.32999998,129754368.46,385.4357,389412.82,68719.91,85.0,15.0,Cubierta (85.0% Contratos / 15.0% Bolsa),1374.39819375,529742.1298867669,814987.892161752,749788.8607888118,-65199.03137294017,65199.03137294017,8.000000000000002
2027-01-11,11,2027-01-01,True,CARIBE_MAR,35049935.7,458132.73125,199622105.32999998,129754368.46,385.4357,389412.82,68719.91,85.0,15.0,Cubierta (85.0% Contratos / 15.0% Bolsa),1374.39819375,529742.1298867669,814987.892161752,749788.8607888118,-65199.03137294017,65199.03137294017,8.000000000000002
2027-01-11,11,2027-01-01,True,CARIBE_SOL,27774508.27,458132.73125,199622105.32999998,129754368.46,385.4357,389412.82,68719.91,85.0,15.0,Cubierta (85.0% Contratos / 15.0% Bolsa),1374.39819375,529742.1298867669,814987.892161752,749788.8607888118,-65199.03137294017,65199.03137294017,8.000000000000002
2027-01-11,11,2027-01-01,True,VALLE,22606133.04,458132.73125,199622105.32999998,129754368.46,385.4357,389412.82,68719.91,85.0,15.0,Cubierta (85.0% Contratos / 15.0% Bolsa),1374.39819375,529742.1298867669,814987.892161752,749788.8607888118,-65199.03137294017,65199.03137294017,8.000000000000002
2027-01-11,11,2027-01-01,True,SANTANDER,17693336.76,458132.73125,199622105.32999998,129754368.46,385.4357,389412.82,68719.91,85.0,15.0,Cubierta (85.0% Contratos / 15.0% Bolsa),1374.39819375,529742.1298867669,814987.892161752,749788.8607888118,-65199.03137294017,65199.03137294017,8.000000000000002
2027-01-11,11,2027-01-01,True,CUNDINAMARCA,11309711.02,458132.73125,199622105.32999998,129754368.46,385.4357,389412.82,68719.91,85.0,15.0,Cubierta (85.0% Contratos / 15.0% Bolsa),1374.39819375,529742.1298867669,814987.892161752,749788.8607888118,-65199.03137294017,65199.03137294017,8.000000000000002
2027-01-11,11,2027-01-01,True,TOLIMA,9344530.39,458132.73125,199622105.32999998,129754368.46,385.4357,389412.82,68719.91,85.0,15.0,Cubierta (85.0% Contratos / 15.0% Bolsa),1374.39819375,529742.1298867669,814987.892161752,749788.8607888118,-65199.03137294017,65199.03137294017,8.000000000000002
2027-01-12,12,2027-01-01,True,ANTIOQUIA,31421054.57,457977.37875,199554413.26,129710368.62,386.0401,389280.77,68696.61,85.0,15.0,Cubierta (85.0% Contratos / 15.0% Bolsa),1373.93213625,530392.8992711636,815989.0757954991,750709.9497318593,-65279.12606363988,65279.12606363988,7.999999999999993
2027-01-12,12,2027-01-01,True,BOGOTA,43694293.5,457977.37875,199554413.26,129710368.62,386.0401,389280.77,68696.61,85.0,15.0,Cubierta (85.0% Contratos / 15.0% Bolsa),1373.93213625,530392.8992711636,815989.0757954991,750709.9497318593,-65279.12606363988,65279.12606363988,7.999999999999993
2027-01-12,12,2027-01-01,True,CARIBE_MAR,35843898.01,457977.37875,199554413.26,129710368.62,386.0401,389280.77,68696.61,85.0,15.0,Cubierta (85.0% Contratos / 15.0% Bolsa),1373.93213625,530392.8992711636,815989.0757954991,750709.9497318593,-65279.12606363988,65279.12606363988,7.999999999999993
2027-01-12,12,2027-01-01,True,CARIBE_SOL,27798369.51,457977.37875,199554413.26,129710368.62,386.0401,389280.77,68696.61,85.0,15.0,Cubierta (85.0% Contratos / 15.0% Bolsa),1373.93213625,530392.8992711636,815989.0757954991,750709.9497318593,-65279.12606363988,65279.12606363988,7.999999999999993
2027-01-12,12,2027-01-01,True,VALLE,22594796.25,457977.37875,199554413.26,129710368.62,386.0401,389280.77,68696.61,85.0,15.0,Cubierta (85.0% Contratos / 15.0% Bolsa),1373.93213625,530392.8992711636,815989.0757954991,750709.9497318593,-65279.12606363988,65279.12606363988,7.999999999999993
2027-01-12,12,2027-01-01,True,SANTANDER,17368274.5,457977.37875,199554413.26,129710368.62,386.0401,389280.77,68696.61,85.0,15.0,Cubierta (85.0% Contratos / 15.0% Bolsa),1373.93213625,530392.8992711636,815989.0757954991,750709.9497318593,-65279.12606363988,65279.12606363988,7.999999999999993
2027-01-12,12,2027-01-01,True,CUNDINAMARCA,11269386.12,457977.37875,199554413.26,129710368.62,386.0401,389280.77,68696.61,85.0,15.0,Cubierta (85.0% Contratos / 15.0% Bolsa),1373.93213625,530392.8992711636,815989.0757954991,750709.9497318593,-65279.12606363988,65279.12606363988,7.999999999999993
2027-01-12,12,2027-01-01,True,TOLIMA,9564340.8,457977.37875,199554413.26,129710368.62,386.0401,389280.77,68696.61,85.0,15.0,Cubierta (85.0% Contratos / 15.0% Bolsa),1373.93213625,530392.8992711636,815989.0757954991,750709.9497318593,-65279.12606363988,65279.12606363988,7.999999999999993
2027-01-13,13,2027-01-01,True,ANTIOQUIA,31586449.33,458038.995,199581261.48000002,129727819.96,386.5906,389333.15,68705.85,85.0,15.0,Cubierta (85.0% Contratos / 15.0% Bolsa),1374.116985,531220.709701341,817262.6303223551,751881.6198965667,-65381.01042578835,65381.01042578835,7.999999999999993
2027-01-13,13,2027-01-01,True,BOGOTA,44261122.81,458038.995,199581261.48000002,129727819.96,386.5906,389333.15,68705.85,85.0,15.0,Cubierta (85.0% Contratos / 15.0% Bolsa),1374.116985,531220.709701341,817262.6303223551,751881.6198965667,-65381.01042578835,65381.01042578835,7.999999999999993
2027-01-13,13,2027-01-01,True,CARIBE_MAR,35170241.59,458038.995,199581261.48000002,129727819.96,386.5906,389333.15,68705.85,85.0,15.0,Cubierta (85.0% Contratos / 15.0% Bolsa),1374.116985,531220.709701341,817262.6303223551,751881.6198965667,-65381.01042578835,65381.01042578835,7.999999999999993
2027-01-13,13,2027-01-01,True,CARIBE_SOL,27524977.53,458038.995,199581261.48000002,129727819.96,386.5906,389333.15,68705.85,85.0,15.0,Cubierta (85.0% Contratos / 15.0% Bolsa),1374.116985,531220.709701341,817262.6303223551,751881.6198965667,-65381.01042578835,65381.01042578835,7.999999999999993
2027-01-13,13,2027-01-01,True,VALLE,22853035.35,458038.995,199581261.48000002,129727819.96,386.5906,389333.15,68705.85,85.0,15.0,Cubierta (85.0% Contratos / 15.0% Bolsa),1374.116985,531220.709701341,817262.6303223551,751881.6198965667,-65381.01042578835,65381.01042578835,7.999999999999993
2027-01-13,13,2027-01-01,True,SANTANDER,17534261.89,458038.995,199581261.48000002,129727819.96,386.5906,389333.15,68705.85,85.0,15.0,Cubierta (85.0% Contratos / 15.0% Bolsa),1374.116985,531220.709701341,817262.6303223551,751881.6198965667,-65381.01042578835,65381.01042578835,7.999999999999993
2027-01-13,13,2027-01-01,True,CUNDINAMARCA,11340516.84,458038.995,199581261.48000002,129727819.96,386.5906,389333.15,68705.85,85.0,15.0,Cubierta (85.0% Contratos / 15.0% Bolsa),1374.116985,531220.709701341,817262.6303223551,751881.6198965667,-65381.01042578835,65381.01042578835,7.999999999999993
2027-01-13,13,2027-01-01,True,TOLIMA,9310656.14,458038.995,199581261.48000002,129727819.96,386.5906,389333.15,68705.85,85.0,15.0,Cubierta (85.0% Contratos / 15.0% Bolsa),1374.116985,531220.709701341,817262.6303223551,751881.6198965667,-65381.01042578835,65381.01042578835,7.999999999999993
2027-01-14,14,2027-01-01,True,ANTIOQUIA,31416641.32,457818.5975,199485227.45,129665397.84,387.0791,389145.81,68672.79,85.0,15.0,Cubierta (85.0% Contratos / 15.0% Bolsa),1373.4557925,531636.0320506867,817901.5877860568,752469.4607631722,-65432.12702288455,65432.12702288455,8.000000000000002
2027-01-14,14,2027-01-01,True,BOGOTA,44301134.0,457818.5975,199485227.45,129665397.84,387.0791,389145.81,68672.79,85.0,15.0,Cubierta (85.0% Contratos / 15.0% Bolsa),1373.4557925,531636.0320506867,817901.5877860568,752469.4607631722,-65432.12702288455,65432.12702288455,8.000000000000002
2027-01-14,14,2027-01-01,True,CARIBE_MAR,34937131.84,457818.5975,199485227.45,129665397.84,387.0791,389145.81,68672.79,85.0,15.0,Cubierta (85.0% Contratos / 15.0% Bolsa),1373.4557925,531636.0320506867,817901.5877860568,752469.4607631722,-65432.12702288455,65432.12702288455,8.000000000000002
2027-01-14,14,2027-01-01,True,CARIBE_SOL,27570032.69,457818.5975,199485227.45,129665397.84,387.0791,389145.81,68672.79,85.0,15.0,Cubierta (85.0% Contratos / 15.0% Bolsa),1373.4557925,531636.0320506867,817901.5877860568,752469.4607631722,-65432.12702288455,65432.12702288455,8.000000000000002
2027-01-14,14,2027-01-01,True,VALLE,22753605.94,457818.5975,199485227.45,129665397.84,387.0791,389145.81,68672.79,85.0,15.0,Cubierta (85.0% Contratos / 15.0% Bolsa),1373.4557925,531636.0320506867,817901.5877860568,752469.4607631722,-65432.12702288455,65432.12702288455,8.000000000000002
2027-01-14,14,2027-01-01,True,SANTANDER,17841050.35,457818.5975,199485227.45,129665397.84,387.0791,389145.81,68672.79,85.0,15.0,Cubierta (85.0% Contratos / 15.0% Bolsa),1373.4557925,531636.0320506867,817901.5877860568,752469.4607631722,-65432.12702288455,65432.12702288455,8.000000000000002
2027-01-14,14,2027-01-01,True,CUNDINAMARCA,11244516.53,457818.5975,199485227.45,129665397.84,387.0791,389145.81,68672.79,85.0,15.0,Cubierta (85.0% Contratos / 15.0% Bolsa),1373.4557925,531636.0320506867,817901.5877860568,752469.4607631722,-65432.12702288455,65432.12702288455,8.000000000000002
2027-01-14,14,2027-01-01,True,TOLIMA,9421114.78,457818.5975,199485227.45,129665397.84,387.0791,389145.81,68672.79,85.0,15.0,Cubierta (85.0% Contratos / 15.0% Bolsa),1373.4557925,531636.0320506867,817901.5877860568,752469.4607631722,-65432.12702288455,65432.12702288455,8.000000000000002
2027-01-15,15,2027-01-01,True,ANTIOQUIA,31152925.54,455626.61625,198530115.77,129044575.25,387.4987,387282.62,68343.99,85.0,15.0,Cubierta (85.0% Contratos / 15.0% Bolsa),1366.87984875,529664.1644468217,814867.94530596,749678.5096814833,-65189.435624476755,65189.435624476755,7.999999999999995
2027-01-15,15,2027-01-01,True,BOGOTA,43812811.41,455626.61625,198530115.77,129044575.25,387.4987,387282.62,68343.99,85.0,15.0,Cubierta (85.0% Contratos / 15.0% Bolsa),1366.87984875,529664.1644468217,814867.94530596,749678.5096814833,-65189.435624476755,65189.435624476755,7.999999999999995
2027-01-15,15,2027-01-01,True,CARIBE_MAR,35130474.45,455626.61625,198530115.77,129044575.25,387.4987,387282.62,68343.99,85.0,15.0,Cubierta (85.0% Contratos / 15.0% Bolsa),1366.87984875,529664.1644468217,814867.94530596,749678.5096814833,-65189.435624476755,65189.435624476755,7.999999999999995
2027-01-15,15,2027-01-01,True,CARIBE_SOL,27474086.5,455626.61625,198530115.77,129044575.25,387.4987,387282.62,68343.99,85.0,15.0,Cubierta (85.0% Contratos / 15.0% Bolsa),1366.87984875,529664.1644468217,814867.94530596,749678.5096814833,-65189.435624476755,65189.435624476755,7.999999999999995
2027-01-15,15,2027-01-01,True,VALLE,22763329.18,455626.61625,198530115.77,129044575.25,387.4987,387282.62,68343.99,85.0,15.0,Cubierta (85.0% Contratos / 15.0% Bolsa),1366.87984875,529664.1644468217,814867.94530596,749678.5096814833,-65189.435624476755,65189.435624476755,7.999999999999995
2027-01-15,15,2027-01-01,True,SANTANDER,17667511.55,455626.61625,198530115.77,129044575.25,387.4987,387282.62,68343.99,85.0,15.0,Cubierta (85.0% Contratos / 15.0% Bolsa),1366.87984875,529664.1644468217,814867.94530596,749678.5096814833,-65189.435624476755,65189.435624476755,7.999999999999995
2027-01-15,15,2027-01-01,True,CUNDINAMARCA,11261400.96,455626.61625,198530115.77,129044575.25,387.4987,387282.62,68343.99,85.0,15.0,Cubierta (85.0% Contratos / 15.0% Bolsa),1366.87984875,529664.1644468217,814867.94530596,749678.5096814833,-65189.435624476755,65189.435624476755,7.999999999999995
2027-01-15,15,2027-01-01,True,TOLIMA,9267576.18,455626.61625,198530115.77,129044575.25,387.4987,387282.62,68343.99,85.0,15.0,Cubierta (85.0% Contratos / 15.0% Bolsa),1366.87984875,529664.1644468217,814867.94530596,749678.5096814833,-65189.435624476755,65189.435624476755,7.999999999999995
2027-01-16,16,2027-01-01,True,ANTIOQUIA,26769706.5,328869.55125,169958424.61,110472976.0,387.8439,279539.12,49330.43,85.0,15.0,Cubierta (85.0% Contratos / 15.0% Bolsa),986.60865375,382650.1480441497,588692.5354338872,541597.1325991763,-47095.4028347109,47095.4028347109,7.999999999999988
2027-01-16,16,2027-01-01,True,BOGOTA,38150386.52,328869.55125,169958424.61,110472976.0,387.8439,279539.12,49330.43,85.0,15.0,Cubierta (85.0% Contratos / 15.0% Bolsa),986.60865375,382650.1480441497,588692.5354338872,541597.1325991763,-47095.4028347109,47095.4028347109,7.999999999999988
2027-01-16,16,2027-01-01,True,CARIBE_MAR,30028058.66,328869.55125,169958424.61,110472976.0,387.8439,279539.12,49330.43,85.0,15.0,Cubierta (85.0% Contratos / 15.0% Bolsa),986.60865375,382650.1480441497,588692.5354338872,541597.1325991763,-47095.4028347109,47095.4028347109,7.999999999999988
2027-01-16,16,2027-01-01,True,CARIBE_SOL,23315530.12,328869.55125,169958424.61,110472976.0,387.8439,279539.12,49330.43,85.0,15.0,Cubierta (85.0% Contratos / 15.0% Bolsa),986.60865375,382650.1480441497,588692.5354338872,541597.1325991763,-47095.4028347109,47095.4028347109,7.999999999999988
2027-01-16,16,2027-01-01,True,VALLE,19250019.66,328869.55125,169958424.61,110472976.0,387.8439,279539.12,49330.43,85.0,15.0,Cubierta (85.0% Contratos / 15.0% Bolsa),986.60865375,382650.1480441497,588692.5354338872,541597.1325991763,-47095.4028347109,47095.4028347109,7.999999999999988
2027-01-16,16,2027-01-01,True,SANTANDER,14908448.18,328869.55125,169958424.61,110472976.0,387.8439,279539.12,49330.43,85.0,15.0,Cubierta (85.0% Contratos / 15.0% Bolsa),986.60865375,382650.1480441497,588692.5354338872,541597.1325991763,-47095.4028347109,47095.4028347109,7.999999999999988
2027-01-16,16,2027-01-01,True,CUNDINAMARCA,9540339.61,328869.55125,169958424.61,110472976.0,387.8439,279539.12,49330.43,85.0,15.0,Cubierta (85.0% Contratos / 15.0% Bolsa),986.60865375,382650.1480441497,588692.5354338872,541597.1325991763,-47095.4028347109,47095.4028347109,7.999999999999988
2027-01-16,16,2027-01-01,True,TOLIMA,7995935.36,328869.55125,169958424.61,110472976.0,387.8439,279539.12,49330.43,85.0,15.0,Cubierta (85.0% Contratos / 15.0% Bolsa),986.60865375,382650.1480441497,588692.5354338872,541597.1325991763,-47095.4028347109,47095.4028347109,7.999999999999988
2027-01-17,17,2027-01-01,True,ANTIOQUIA,26619609.46,326673.5525,168823541.09,109735301.71,388.1107,277672.52,49001.03,85.0,15.0,Cubierta (85.0% Contratos / 15.0% Bolsa),980.0206575,380356.50339678524,585163.851371671,538350.7432619373,-46813.10810973367,46813.10810973367,7.999999999999999
2027-01-17,17,2027-01-01,True,BOGOTA,37248116.17,326673.5525,168823541.09,109735301.71,388.1107,277672.52,49001.03,85.0,15.0,Cubierta (85.0% Contratos / 15.0% Bolsa),980.0206575,380356.50339678524,585163.851371671,538350.7432619373,-46813.10810973367,46813.10810973367,7.999999999999999
2027-01-17,17,2027-01-01,True,CARIBE_MAR,29717395.61,326673.5525,168823541.09,109735301.71,388.1107,277672.52,49001.03,85.0,15.0,Cubierta (85.0% Contratos / 15.0% Bolsa),980.0206575,380356.50339678524,585163.851371671,538350.7432619373,-46813.10810973367,46813.10810973367,7.999999999999999
2027-01-17,17,2027-01-01,True,CARIBE_SOL,23420523.94,326673.5525,168823541.09,109735301.71,388.1107,277672.52,49001.03,85.0,15.0,Cubierta (85.0% Contratos / 15.0% Bolsa),980.0206575,380356.50339678524,585163.851371671,538350.7432619373,-46813.10810973367,46813.10810973367,7.999999999999999
2027-01-17,17,2027-01-01,True,VALLE,19349073.59,326673.5525,168823541.09,109735301.71,388.1107,277672.52,49001.03,85.0,15.0,Cubierta (85.0% Contratos / 15.0% Bolsa),980.0206575,380356.50339678524,585163.851371671,538350.7432619373,-46813.10810973367,46813.10810973367,7.999999999999999
2027-01-17,17,2027-01-01,True,SANTANDER,14889831.17,326673.5525,168823541.09,109735301.71,388.1107,277672.52,49001.03,85.0,15.0,Cubierta (85.0% Contratos / 15.0% Bolsa),980.0206575,380356.50339678524,585163.851371671,538350.7432619373,-46813.10810973367,46813.10810973367,7.999999999999999
2027-01-17,17,2027-01-01,True,CUNDINAMARCA,9528723.07,326673.5525,168823541.09,109735301.71,388.1107,277672.52,49001.03,85.0,15.0,Cubierta (85.0% Contratos / 15.0% Bolsa),980.0206575,380356.50339678524,585163.851371671,538350.7432619373,-46813.10810973367,46813.10810973367,7.999999999999999
2027-01-17,17,2027-01-01,True,TOLIMA,8050268.08,326673.5525,168823541.09,109735301.71,388.1107,277672.52,49001.03,85.0,15.0,Cubierta (85.0% Contratos / 15.0% Bolsa),980.0206575,380356.50339678524,585163.851371671,538350.7432619373,-46813.10810973367,46813.10810973367,7.999999999999999
2027-01-18,18,2027-01-01,True,ANTIOQUIA,31796369.85,457690.6375,199429471.47,129629156.46,388.2968,389037.04,68653.6,85.0,15.0,Cubierta (85.0% Contratos / 15.0% Bolsa),1373.0719125,533159.42979363,820245.2765771103,754625.6544509415,-65619.6221261688,65619.6221261688,7.999999999999997
2027-01-18,18,2027-01-01,True,BOGOTA,44018840.26,457690.6375,199429471.47,129629156.46,388.2968,389037.04,68653.6,85.0,15.0,Cubierta (85.0% Contratos / 15.0% Bolsa),1373.0719125,533159.42979363,820245.2765771103,754625.6544509415,-65619.6221261688,65619.6221261688,7.999999999999997
2027-01-18,18,2027-01-01,True,CARIBE_MAR,35213668.77,457690.6375,199429471.47,129629156.46,388.2968,389037.04,68653.6,85.0,15.0,Cubierta (85.0% Contratos / 15.0% Bolsa),1373.0719125,533159.42979363,820245.2765771103,754625.6544509415,-65619.6221261688,65619.6221261688,7.999999999999997
2027-01-18,18,2027-01-01,True,CARIBE_SOL,27493367.02,457690.6375,199429471.47,129629156.46,388.2968,389037.04,68653.6,85.0,15.0,Cubierta (85.0% Contratos / 15.0% Bolsa),1373.0719125,533159.42979363,820245.2765771103,754625.6544509415,-65619.6221261688,65619.6221261688,7.999999999999997
2027-01-18,18,2027-01-01,True,VALLE,22983022.31,457690.6375,199429471.47,129629156.46,388.2968,389037.04,68653.6,85.0,15.0,Cubierta (85.0% Contratos / 15.0% Bolsa),1373.0719125,533159.42979363,820245.2765771103,754625.6544509415,-65619.6221261688,65619.6221261688,7.999999999999997
2027-01-18,18,2027-01-01,True,SANTANDER,17328739.06,457690.6375,199429471.47,129629156.46,388.2968,389037.04,68653.6,85.0,15.0,Cubierta (85.0% Contratos / 15.0% Bolsa),1373.0719125,533159.42979363,820245.2765771103,754625.6544509415,-65619.6221261688,65619.6221261688,7.999999999999997
2027-01-18,18,2027-01-01,True,CUNDINAMARCA,11243009.17,457690.6375,199429471.47,129629156.46,388.2968,389037.04,68653.6,85.0,15.0,Cubierta (85.0% Contratos / 15.0% Bolsa),1373.0719125,533159.42979363,820245.2765771103,754625.6544509415,-65619.6221261688,65619.6221261688,7.999999999999997
2027-01-18,18,2027-01-01,True,TOLIMA,9352455.03,457690.6375,199429471.47,129629156.46,388.2968,389037.04,68653.6,85.0,15.0,Cubierta (85.0% Contratos / 15.0% Bolsa),1373.0719125,533159.42979363,820245.2765771103,754625.6544509415,-65619.6221261688,65619.6221261688,7.999999999999997
2027-01-19,19,2027-01-01,True,ANTIOQUIA,31304523.28,457362.295,199286402.95,129536161.92,388.4013,388757.95,68604.34,85.0,15.0,Cubierta (85.0% Contratos / 15.0% Bolsa),1372.086885,532920.3298469505,819877.4305179465,754287.2360765107,-65590.19444143574,65590.19444143574,8.000000000000004
2027-01-19,19,2027-01-01,True,BOGOTA,43637529.57,457362.295,199286402.95,129536161.92,388.4013,388757.95,68604.34,85.0,15.0,Cubierta (85.0% Contratos / 15.0% Bolsa),1372.086885,532920.3298469505,819877.4305179465,754287.2360765107,-65590.19444143574,65590.19444143574,8.000000000000004
2027-01-19,19,2027-01-01,True,CARIBE_MAR,35545654.9,457362.295,199286402.95,129536161.92,388.4013,388757.95,68604.34,85.0,15.0,Cubierta (85.0% Contratos / 15.0% Bolsa),1372.086885,532920.3298469505,819877.4305179465,754287.2360765107,-65590.19444143574,65590.19444143574,8.000000000000004
2027-01-19,19,2027-01-01,True,CARIBE_SOL,27321041.0,457362.295,199286402.95,129536161.92,388.4013,388757.95,68604.34,85.0,15.0,Cubierta (85.0% Contratos / 15.0% Bolsa),1372.086885,532920.3298469505,819877.4305179465,754287.2360765107,-65590.19444143574,65590.19444143574,8.000000000000004
2027-01-19,19,2027-01-01,True,VALLE,22956057.96,457362.295,199286402.95,129536161.92,388.4013,388757.95,68604.34,85.0,15.0,Cubierta (85.0% Contratos / 15.0% Bolsa),1372.086885,532920.3298469505,819877.4305179465,754287.2360765107,-65590.19444143574,65590.19444143574,8.000000000000004
2027-01-19,19,2027-01-01,True,SANTANDER,17694632.76,457362.295,199286402.95,129536161.92,388.4013,388757.95,68604.34,85.0,15.0,Cubierta (85.0% Contratos / 15.0% Bolsa),1372.086885,532920.3298469505,819877.4305179465,754287.2360765107,-65590.19444143574,65590.19444143574,8.000000000000004
2027-01-19,19,2027-01-01,True,CUNDINAMARCA,11414152.57,457362.295,199286402.95,129536161.92,388.4013,388757.95,68604.34,85.0,15.0,Cubierta (85.0% Contratos / 15.0% Bolsa),1372.086885,532920.3298469505,819877.4305179465,754287.2360765107,-65590.19444143574,65590.19444143574,8.000000000000004
2027-01-19,19,2027-01-01,True,TOLIMA,9412810.91,457362.295,199286402.95,129536161.92,388.4013,388757.95,68604.34,85.0,15.0,Cubierta (85.0% Contratos / 15.0% Bolsa),1372.086885,532920.3298469505,819877.4305179465,754287.2360765107,-65590.19444143574,65590.19444143574,8.000000000000004
2027-01-20,20,2027-01-01,True,ANTIOQUIA,31927327.8,459183.88375,200080123.4,130052080.21,388.4253,390306.3,68877.58,85.0,15.0,Cubierta (85.0% Contratos / 15.0% Bolsa),1377.55165125,535075.9134022767,823193.7129265794,757338.2158924531,-65855.49703412631,65855.49703412631,7.999999999999995
2027-01-20,20,2027-01-01,True,BOGOTA,44217438.76,459183.88375,200080123.4,130052080.21,388.4253,390306.3,68877.58,85.0,15.0,Cubierta (85.0% Contratos / 15.0% Bolsa),1377.55165125,535075.9134022767,823193.7129265794,757338.2158924531,-65855.49703412631,65855.49703412631,7.999999999999995
2027-01-20,20,2027-01-01,True,CARIBE_MAR,35200170.08,459183.88375,200080123.4,130052080.21,388.4253,390306.3,68877.58,85.0,15.0,Cubierta (85.0% Contratos / 15.0% Bolsa),1377.55165125,535075.9134022767,823193.7129265794,757338.2158924531,-65855.49703412631,65855.49703412631,7.999999999999995
2027-01-20,20,2027-01-01,True,CARIBE_SOL,28025316.93,459183.88375,200080123.4,130052080.21,388.4253,390306.3,68877.58,85.0,15.0,Cubierta (85.0% Contratos / 15.0% Bolsa),1377.55165125,535075.9134022767,823193.7129265794,757338.2158924531,-65855.49703412631,65855.49703412631,7.999999999999995
2027-01-20,20,2027-01-01,True,VALLE,22591728.77,459183.88375,200080123.4,130052080.21,388.4253,390306.3,68877.58,85.0,15.0,Cubierta (85.0% Contratos / 15.0% Bolsa),1377.55165125,535075.9134022767,823193.7129265794,757338.2158924531,-65855.49703412631,65855.49703412631,7.999999999999995
2027-01-20,20,2027-01-01,True,SANTANDER,17447208.78,459183.88375,200080123.4,130052080.21,388.4253,390306.3,68877.58,85.0,15.0,Cubierta (85.0% Contratos / 15.0% Bolsa),1377.55165125,535075.9134022767,823193.7129265794,757338.2158924531,-65855.49703412631,65855.49703412631,7.999999999999995
2027-01-20,20,2027-01-01,True,CUNDINAMARCA,11246629.2,459183.88375,200080123.4,130052080.21,388.4253,390306.3,68877.58,85.0,15.0,Cubierta (85.0% Contratos / 15.0% Bolsa),1377.55165125,535075.9134022767,823193.7129265794,757338.2158924531,-65855.49703412631,65855.49703412631,7.999999999999995
2027-01-20,20,2027-01-01,True,TOLIMA,9424303.08,459183.88375,200080123.4,130052080.21,388.4253,390306.3,68877.58,85.0,15.0,Cubierta (85.0% Contratos / 15.0% Bolsa),1377.55165125,535075.9134022767,823193.7129265794,757338.2158924531,-65855.49703412631,65855.49703412631,7.999999999999995
2027-01-21,21,2027-01-01,True,ANTIOQUIA,31757318.91,457185.18375,199209230.60999998,129485999.9,388.3714,388607.41,68577.78,85.0,15.0,Cubierta (85.0% Contratos / 15.0% Bolsa),1371.55555125,532672.9496167343,819496.8455420554,753937.0978986911,-65559.74764336436,65559.74764336436,7.99999999999999
2027-01-21,21,2027-01-01,True,BOGOTA,43740707.0,457185.18375,199209230.60999998,129485999.9,388.3714,388607.41,68577.78,85.0,15.0,Cubierta (85.0% Contratos / 15.0% Bolsa),1371.55555125,532672.9496167343,819496.8455420554,753937.0978986911,-65559.74764336436,65559.74764336436,7.99999999999999
2027-01-21,21,2027-01-01,True,CARIBE_MAR,35034941.43,457185.18375,199209230.60999998,129485999.9,388.3714,388607.41,68577.78,85.0,15.0,Cubierta (85.0% Contratos / 15.0% Bolsa),1371.55555125,532672.9496167343,819496.8455420554,753937.0978986911,-65559.74764336436,65559.74764336436,7.99999999999999
2027-01-21,21,2027-01-01,True,CARIBE_SOL,27592927.95,457185.18375,199209230.60999998,129485999.9,388.3714,388607.41,68577.78,85.0,15.0,Cubierta (85.0% Contratos / 15.0% Bolsa),1371.55555125,532672.9496167343,819496.8455420554,753937.0978986911,-65559.74764336436,65559.74764336436,7.99999999999999
2027-01-21,21,2027-01-01,True,VALLE,22801406.37,457185.18375,199209230.60999998,129485999.9,388.3714,388607.41,68577.78,85.0,15.0,Cubierta (85.0% Contratos / 15.0% Bolsa),1371.55555125,532672.9496167343,819496.8455420554,753937.0978986911,-65559.74764336436,65559.74764336436,7.99999999999999
2027-01-21,21,2027-01-01,True,SANTANDER,17510658.5,457185.18375,199209230.60999998,129485999.9,388.3714,388607.41,68577.78,85.0,15.0,Cubierta (85.0% Contratos / 15.0% Bolsa),1371.55555125,532672.9496167343,819496.8455420554,753937.0978986911,-65559.74764336436,65559.74764336436,7.99999999999999
2027-01-21,21,2027-01-01,True,CUNDINAMARCA,11280652.69,457185.18375,199209230.60999998,129485999.9,388.3714,388607.41,68577.78,85.0,15.0,Cubierta (85.0% Contratos / 15.0% Bolsa),1371.55555125,532672.9496167343,819496.8455420554,753937.0978986911,-65559.74764336436,65559.74764336436,7.99999999999999
2027-01-21,21,2027-01-01,True,TOLIMA,9490617.76,457185.18375,199209230.60999998,129485999.9,388.3714,388607.41,68577.78,85.0,15.0,Cubierta (85.0% Contratos / 15.0% Bolsa),1371.55555125,532672.9496167343,819496.8455420554,753937.0978986911,-65559.74764336436,65559.74764336436,7.99999999999999
2027-01-22,22,2027-01-01,True,ANTIOQUIA,31474077.03,457576.9925,199379953.32,129596969.66,388.2435,388940.44,68636.55,85.0,15.0,Cubierta (85.0% Contratos / 15.0% Bolsa),1372.7309775,532953.8792630213,819929.0450073793,754334.7214067889,-65594.32360059035,65594.32360059035,8.0
2027-01-22,22,2027-01-01,True,BOGOTA,43826313.39,457576.9925,199379953.32,129596969.66,388.2435,388940.44,68636.55,85.0,15.0,Cubierta (85.0% Contratos / 15.0% Bolsa),1372.7309775,532953.8792630213,819929.0450073793,754334.7214067889,-65594.32360059035,65594.32360059035,8.0
2027-01-22,22,2027-01-01,True,CARIBE_MAR,35475568.39,457576.9925,199379953.32,129596969.66,388.2435,388940.44,68636.55,85.0,15.0,Cubierta (85.0% Contratos / 15.0% Bolsa),1372.7309775,532953.8792630213,819929.0450073793,754334.7214067889,-65594.32360059035,65594.32360059035,8.0
2027-01-22,22,2027-01-01,True,CARIBE_SOL,27747630.56,457576.9925,199379953.32,129596969.66,388.2435,388940.44,68636.55,85.0,15.0,Cubierta (85.0% Contratos / 15.0% Bolsa),1372.7309775,532953.8792630213,819929.0450073793,754334.7214067889,-65594.32360059035,65594.32360059035,8.0
2027-01-22,22,2027-01-01,True,VALLE,22806808.84,457576.9925,199379953.32,129596969.66,388.2435,388940.44,68636.55,85.0,15.0,Cubierta (85.0% Contratos / 15.0% Bolsa),1372.7309775,532953.8792630213,819929.0450073793,754334.7214067889,-65594.32360059035,65594.32360059035,8.0
2027-01-22,22,2027-01-01,True,SANTANDER,17348521.2,457576.9925,199379953.32,129596969.66,388.2435,388940.44,68636.55,85.0,15.0,Cubierta (85.0% Contratos / 15.0% Bolsa),1372.7309775,532953.8792630213,819929.0450073793,754334.7214067889,-65594.32360059035,65594.32360059035,8.0
2027-01-22,22,2027-01-01,True,CUNDINAMARCA,11279374.75,457576.9925,199379953.32,129596969.66,388.2435,388940.44,68636.55,85.0,15.0,Cubierta (85.0% Contratos / 15.0% Bolsa),1372.7309775,532953.8792630213,819929.0450073793,754334.7214067889,-65594.32360059035,65594.32360059035,8.0
2027-01-22,22,2027-01-01,True,TOLIMA,9421659.16,457576.9925,199379953.32,129596969.66,388.2435,388940.44,68636.55,85.0,15.0,Cubierta (85.0% Contratos / 15.0% Bolsa),1372.7309775,532953.8792630213,819929.0450073793,754334.7214067889,-65594.32360059035,65594.32360059035,8.0
2027-01-23,23,2027-01-01,True,ANTIOQUIA,27138167.52,327197.47625,169094303.21999997,109911297.09,388.0475,278117.85,49079.62,85.0,15.0,Cubierta (85.0% Contratos / 15.0% Bolsa),981.5924287500001,380904.4879953657,586006.9046242496,539126.3522543096,-46880.55236993998,46880.55236993998,8.000000000000004
2027-01-23,23,2027-01-01,True,BOGOTA,36893459.15,327197.47625,169094303.21999997,109911297.09,388.0475,278117.85,49079.62,85.0,15.0,Cubierta (85.0% Contratos / 15.0% Bolsa),981.5924287500001,380904.4879953657,586006.9046242496,539126.3522543096,-46880.55236993998,46880.55236993998,8.000000000000004
2027-01-23,23,2027-01-01,True,CARIBE_MAR,30010898.41,327197.47625,169094303.21999997,109911297.09,388.0475,278117.85,49079.62,85.0,15.0,Cubierta (85.0% Contratos / 15.0% Bolsa),981.5924287500001,380904.4879953657,586006.9046242496,539126.3522543096,-46880.55236993998,46880.55236993998,8.000000000000004
2027-01-23,23,2027-01-01,True,CARIBE_SOL,23585609.11,327197.47625,169094303.21999997,109911297.09,388.0475,278117.85,49079.62,85.0,15.0,Cubierta (85.0% Contratos / 15.0% Bolsa),981.5924287500001,380904.4879953657,586006.9046242496,539126.3522543096,-46880.55236993998,46880.55236993998,8.000000000000004
2027-01-23,23,2027-01-01,True,VALLE,19311381.69,327197.47625,169094303.21999997,109911297.09,388.0475,278117.85,49079.62,85.0,15.0,Cubierta (85.0% Contratos / 15.0% Bolsa),981.5924287500001,380904.4879953657,586006.9046242496,539126.3522543096,-46880.55236993998,46880.55236993998,8.000000000000004
2027-01-23,23,2027-01-01,True,SANTANDER,14694854.44,327197.47625,169094303.21999997,109911297.09,388.0475,278117.85,49079.62,85.0,15.0,Cubierta (85.0% Contratos / 15.0% Bolsa),981.5924287500001,380904.4879953657,586006.9046242496,539126.3522543096,-46880.55236993998,46880.55236993998,8.000000000000004
2027-01-23,23,2027-01-01,True,CUNDINAMARCA,9559496.92,327197.47625,169094303.21999997,109911297.09,388.0475,278117.85,49079.62,85.0,15.0,Cubierta (85.0% Contratos / 15.0% Bolsa),981.5924287500001,380904.4879953657,586006.9046242496,539126.3522543096,-46880.55236993998,46880.55236993998,8.000000000000004
2027-01-23,23,2027-01-01,True,TOLIMA,7900435.98,327197.47625,169094303.21999997,109911297.09,388.0475,278117.85,49079.62,85.0,15.0,Cubierta (85.0% Contratos / 15.0% Bolsa),981.5924287500001,380904.4879953657,586006.9046242496,539126.3522543096,-46880.55236993998,46880.55236993998,8.000000000000004
2027-01-24,24,2027-01-01,True,ANTIOQUIA,26386071.76,325626.46125,168282409.01,109383565.86,387.7904,276782.49,48843.97,85.0,15.0,Cubierta (85.0% Contratos / 15.0% Bolsa),976.87938375,378824.446976166,582806.8414831454,536182.2941644938,-46624.547318651574,46624.547318651574,7.99999999999999
2027-01-24,24,2027-01-01,True,BOGOTA,37358542.65,325626.46125,168282409.01,109383565.86,387.7904,276782.49,48843.97,85.0,15.0,Cubierta (85.0% Contratos / 15.0% Bolsa),976.87938375,378824.446976166,582806.8414831454,536182.2941644938,-46624.547318651574,46624.547318651574,7.99999999999999
2027-01-24,24,2027-01-01,True,CARIBE_MAR,29671277.85,325626.46125,168282409.01,109383565.86,387.7904,276782.49,48843.97,85.0,15.0,Cubierta (85.0% Contratos / 15.0% Bolsa),976.87938375,378824.446976166,582806.8414831454,536182.2941644938,-46624.547318651574,46624.547318651574,7.99999999999999
2027-01-24,24,2027-01-01,True,CARIBE_SOL,23194791.04,325626.46125,168282409.01,109383565.86,387.7904,276782.49,48843.97,85.0,15.0,Cubierta (85.0% Contratos / 15.0% Bolsa),976.87938375,378824.446976166,582806.8414831454,536182.2941644938,-46624.547318651574,46624.547318651574,7.99999999999999
2027-01-24,24,2027-01-01,True,VALLE,19058090.62,325626.46125,168282409.01,109383565.86,387.7904,276782.49,48843.97,85.0,15.0,Cubierta (85.0% Contratos / 15.0% Bolsa),976.87938375,378824.446976166,582806.8414831454,536182.2941644938,-46624.547318651574,46624.547318651574,7.99999999999999
2027-01-24,24,2027-01-01,True,SANTANDER,14994464.57,325626.46125,168282409.01,109383565.86,387.7904,276782.49,48843.97,85.0,15.0,Cubierta (85.0% Contratos / 15.0% Bolsa),976.87938375,378824.446976166,582806.8414831454,536182.2941644938,-46624.547318651574,46624.547318651574,7.99999999999999
2027-01-24,24,2027-01-01,True,CUNDINAMARCA,9586712.94,325626.46125,168282409.01,109383565.86,387.7904,276782.49,48843.97,85.0,15.0,Cubierta (85.0% Contratos / 15.0% Bolsa),976.87938375,378824.446976166,582806.8414831454,536182.2941644938,-46624.547318651574,46624.547318651574,7.99999999999999
2027-01-24,24,2027-01-01,True,TOLIMA,8032457.58,325626.46125,168282409.01,109383565.86,387.7904,276782.49,48843.97,85.0,15.0,Cubierta (85.0% Contratos / 15.0% Bolsa),976.87938375,378824.446976166,582806.8414831454,536182.2941644938,-46624.547318651574,46624.547318651574,7.99999999999999
2027-01-25,25,2027-01-01,True,ANTIOQUIA,31141371.77,459735.73375,200320581.02999997,130208377.67,387.4804,390775.37,68960.36,85.0,15.0,Cubierta (85.0% Contratos / 15.0% Bolsa),1379.20720125,534415.7580232305,822178.089263351,756403.842122283,-65774.2471410681,65774.2471410681,8.000000000000004
2027-01-25,25,2027-01-01,True,BOGOTA,44201436.61,459735.73375,200320581.02999997,130208377.67,387.4804,390775.37,68960.36,85.0,15.0,Cubierta (85.0% Contratos / 15.0% Bolsa),1379.20720125,534415.7580232305,822178.089263351,756403.842122283,-65774.2471410681,65774.2471410681,8.000000000000004
2027-01-25,25,2027-01-01,True,CARIBE_MAR,35260507.72,459735.73375,200320581.02999997,130208377.67,387.4804,390775.37,68960.36,85.0,15.0,Cubierta (85.0% Contratos / 15.0% Bolsa),1379.20720125,534415.7580232305,822178.089263351,756403.842122283,-65774.2471410681,65774.2471410681,8.000000000000004
2027-01-25,25,2027-01-01,True,CARIBE_SOL,28077799.86,459735.73375,200320581.02999997,130208377.67,387.4804,390775.37,68960.36,85.0,15.0,Cubierta (85.0% Contratos / 15.0% Bolsa),1379.20720125,534415.7580232305,822178.089263351,756403.842122283,-65774.2471410681,65774.2471410681,8.000000000000004
2027-01-25,25,2027-01-01,True,VALLE,22975956.3,459735.73375,200320581.02999997,130208377.67,387.4804,390775.37,68960.36,85.0,15.0,Cubierta (85.0% Contratos / 15.0% Bolsa),1379.20720125,534415.7580232305,822178.089263351,756403.842122283,-65774.2471410681,65774.2471410681,8.000000000000004
2027-01-25,25,2027-01-01,True,SANTANDER,17662494.89,459735.73375,200320581.02999997,130208377.67,387.4804,390775.37,68960.36,85.0,15.0,Cubierta (85.0% Contratos / 15.0% Bolsa),1379.20720125,534415.7580232305,822178.089263351,756403.842122283,-65774.2471410681,65774.2471410681,8.000000000000004
2027-01-25,25,2027-01-01,True,CUNDINAMARCA,11485105.66,459735.73375,200320581.02999997,130208377.67,387.4804,390775.37,68960.36,85.0,15.0,Cubierta (85.0% Contratos / 15.0% Bolsa),1379.20720125,534415.7580232305,822178.089263351,756403.842122283,-65774.2471410681,65774.2471410681,8.000000000000004
2027-01-25,25,2027-01-01,True,TOLIMA,9515908.22,459735.73375,200320581.02999997,130208377.67,387.4804,390775.37,68960.36,85.0,15.0,Cubierta (85.0% Contratos / 15.0% Bolsa),1379.20720125,534415.7580232305,822178.089263351,756403.842122283,-65774.2471410681,65774.2471410681,8.000000000000004
2027-01-26,26,2027-01-01,True,ANTIOQUIA,32071951.87,458971.73875,199987685.9,129991995.84,387.1269,390125.98,68845.76,85.0,15.0,Cubierta (85.0% Contratos / 15.0% Bolsa),1376.9152162500002,533040.9192296922,820062.952629522,754457.9164191602,-65605.03621036175,65605.03621036175,7.999999999999999
2027-01-26,26,2027-01-01,True,BOGOTA,44017918.32,458971.73875,199987685.9,129991995.84,387.1269,390125.98,68845.76,85.0,15.0,Cubierta (85.0% Contratos / 15.0% Bolsa),1376.9152162500002,533040.9192296922,820062.952629522,754457.9164191602,-65605.03621036175,65605.03621036175,7.999999999999999
2027-01-26,26,2027-01-01,True,CARIBE_MAR,35184835.89,458971.73875,199987685.9,129991995.84,387.1269,390125.98,68845.76,85.0,15.0,Cubierta (85.0% Contratos / 15.0% Bolsa),1376.9152162500002,533040.9192296922,820062.952629522,754457.9164191602,-65605.03621036175,65605.03621036175,7.999999999999999
2027-01-26,26,2027-01-01,True,CARIBE_SOL,27743211.83,458971.73875,199987685.9,129991995.84,387.1269,390125.98,68845.76,85.0,15.0,Cubierta (85.0% Contratos / 15.0% Bolsa),1376.9152162500002,533040.9192296922,820062.952629522,754457.9164191602,-65605.03621036175,65605.03621036175,7.999999999999999
2027-01-26,26,2027-01-01,True,VALLE,22614114.83,458971.73875,199987685.9,129991995.84,387.1269,390125.98,68845.76,85.0,15.0,Cubierta (85.0% Contratos / 15.0% Bolsa),1376.9152162500002,533040.9192296922,820062.952629522,754457.9164191602,-65605.03621036175,65605.03621036175,7.999999999999999
2027-01-26,26,2027-01-01,True,SANTANDER,17515046.04,458971.73875,199987685.9,129991995.84,387.1269,390125.98,68845.76,85.0,15.0,Cubierta (85.0% Contratos / 15.0% Bolsa),1376.9152162500002,533040.9192296922,820062.952629522,754457.9164191602,-65605.03621036175,65605.03621036175,7.999999999999999
2027-01-26,26,2027-01-01,True,CUNDINAMARCA,11461561.21,458971.73875,199987685.9,129991995.84,387.1269,390125.98,68845.76,85.0,15.0,Cubierta (85.0% Contratos / 15.0% Bolsa),1376.9152162500002,533040.9192296922,820062.952629522,754457.9164191602,-65605.03621036175,65605.03621036175,7.999999999999999
2027-01-26,26,2027-01-01,True,TOLIMA,9379045.91,458971.73875,199987685.9,129991995.84,387.1269,390125.98,68845.76,85.0,15.0,Cubierta (85.0% Contratos / 15.0% Bolsa),1376.9152162500002,533040.9192296922,820062.952629522,754457.9164191602,-65605.03621036175,65605.03621036175,7.999999999999999
2027-01-27,27,2027-01-01,True,ANTIOQUIA,31564232.03,461124.63375,200925766.11,130601747.97,386.7403,391955.94,69168.7,85.0,15.0,Cubierta (85.0% Contratos / 15.0% Bolsa),1383.37390125,535006.4375815954,823086.8270580616,757239.8808934167,-65846.9461646449,65846.9461646449,7.999999999999997
2027-01-27,27,2027-01-01,True,BOGOTA,44237040.08,461124.63375,200925766.11,130601747.97,386.7403,391955.94,69168.7,85.0,15.0,Cubierta (85.0% Contratos / 15.0% Bolsa),1383.37390125,535006.4375815954,823086.8270580616,757239.8808934167,-65846.9461646449,65846.9461646449,7.999999999999997
2027-01-27,27,2027-01-01,True,CARIBE_MAR,35666159.55,461124.63375,200925766.11,130601747.97,386.7403,391955.94,69168.7,85.0,15.0,Cubierta (85.0% Contratos / 15.0% Bolsa),1383.37390125,535006.4375815954,823086.8270580616,757239.8808934167,-65846.9461646449,65846.9461646449,7.999999999999997
2027-01-27,27,2027-01-01,True,CARIBE_SOL,27882107.08,461124.63375,200925766.11,130601747.97,386.7403,391955.94,69168.7,85.0,15.0,Cubierta (85.0% Contratos / 15.0% Bolsa),1383.37390125,535006.4375815954,823086.8270580616,757239.8808934167,-65846.9461646449,65846.9461646449,7.999999999999997
2027-01-27,27,2027-01-01,True,VALLE,22639986.75,461124.63375,200925766.11,130601747.97,386.7403,391955.94,69168.7,85.0,15.0,Cubierta (85.0% Contratos / 15.0% Bolsa),1383.37390125,535006.4375815954,823086.8270580616,757239.8808934167,-65846.9461646449,65846.9461646449,7.999999999999997
2027-01-27,27,2027-01-01,True,SANTANDER,17954976.03,461124.63375,200925766.11,130601747.97,386.7403,391955.94,69168.7,85.0,15.0,Cubierta (85.0% Contratos / 15.0% Bolsa),1383.37390125,535006.4375815954,823086.8270580616,757239.8808934167,-65846.9461646449,65846.9461646449,7.999999999999997
2027-01-27,27,2027-01-01,True,CUNDINAMARCA,11447505.99,461124.63375,200925766.11,130601747.97,386.7403,391955.94,69168.7,85.0,15.0,Cubierta (85.0% Contratos / 15.0% Bolsa),1383.37390125,535006.4375815954,823086.8270580616,757239.8808934167,-65846.9461646449,65846.9461646449,7.999999999999997
2027-01-27,27,2027-01-01,True,TOLIMA,9533758.6,461124.63375,200925766.11,130601747.97,386.7403,391955.94,69168.7,85.0,15.0,Cubierta (85.0% Contratos / 15.0% Bolsa),1383.37390125,535006.4375815954,823086.8270580616,757239.8808934167,-65846.9461646449,65846.9461646449,7.999999999999997
2027-01-28,28,2027-01-01,True,ANTIOQUIA,31938049.35,461444.62625,201065196.71999997,130692377.87,386.3313,392227.93,69216.69,85.0,15.0,Cubierta (85.0% Contratos / 15.0% Bolsa),1384.33387875,534811.5070115299,822786.9338513006,756963.9791431966,-65822.95470810402,65822.95470810402,7.9999999999999964
2027-01-28,28,2027-01-01,True,BOGOTA,44684241.95,461444.62625,201065196.71999997,130692377.87,386.3313,392227.93,69216.69,85.0,15.0,Cubierta (85.0% Contratos / 15.0% Bolsa),1384.33387875,534811.5070115299,822786.9338513006,756963.9791431966,-65822.95470810402,65822.95470810402,7.9999999999999964
2027-01-28,28,2027-01-01,True,CARIBE_MAR,35255434.82,461444.62625,201065196.71999997,130692377.87,386.3313,392227.93,69216.69,85.0,15.0,Cubierta (85.0% Contratos / 15.0% Bolsa),1384.33387875,534811.5070115299,822786.9338513006,756963.9791431966,-65822.95470810402,65822.95470810402,7.9999999999999964
2027-01-28,28,2027-01-01,True,CARIBE_SOL,28070368.28,461444.62625,201065196.71999997,130692377.87,386.3313,392227.93,69216.69,85.0,15.0,Cubierta (85.0% Contratos / 15.0% Bolsa),1384.33387875,534811.5070115299,822786.9338513006,756963.9791431966,-65822.95470810402,65822.95470810402,7.9999999999999964
2027-01-28,28,2027-01-01,True,VALLE,22645523.86,461444.62625,201065196.71999997,130692377.87,386.3313,392227.93,69216.69,85.0,15.0,Cubierta (85.0% Contratos / 15.0% Bolsa),1384.33387875,534811.5070115299,822786.9338513006,756963.9791431966,-65822.95470810402,65822.95470810402,7.9999999999999964
2027-01-28,28,2027-01-01,True,SANTANDER,17533557.44,461444.62625,201065196.71999997,130692377.87,386.3313,392227.93,69216.69,85.0,15.0,Cubierta (85.0% Contratos / 15.0% Bolsa),1384.33387875,534811.5070115299,822786.9338513006,756963.9791431966,-65822.95470810402,65822.95470810402,7.9999999999999964
2027-01-28,28,2027-01-01,True,CUNDINAMARCA,11446061.48,461444.62625,201065196.71999997,130692377.87,386.3313,392227.93,69216.69,85.0,15.0,Cubierta (85.0% Contratos / 15.0% Bolsa),1384.33387875,534811.5070115299,822786.9338513006,756963.9791431966,-65822.95470810402,65822.95470810402,7.9999999999999964
2027-01-28,28,2027-01-01,True,TOLIMA,9491959.54,461444.62625,201065196.71999997,130692377.87,386.3313,392227.93,69216.69,85.0,15.0,Cubierta (85.0% Contratos / 15.0% Bolsa),1384.33387875,534811.5070115299,822786.9338513006,756963.9791431966,-65822.95470810402,65822.95470810402,7.9999999999999964
2027-01-29,29,2027-01-01,True,ANTIOQUIA,32050589.91,460904.91,200830026.0,130539516.9,385.9115,391769.17,69135.74,85.0,15.0,Cubierta (85.0% Contratos / 15.0% Bolsa),1382.71473,533605.515526395,820931.5623482999,755257.0373604359,-65674.52498786396,65674.52498786396,7.9999999999999964
2027-01-29,29,2027-01-01,True,BOGOTA,44546084.11,460904.91,200830026.0,130539516.9,385.9115,391769.17,69135.74,85.0,15.0,Cubierta (85.0% Contratos / 15.0% Bolsa),1382.71473,533605.515526395,820931.5623482999,755257.0373604359,-65674.52498786396,65674.52498786396,7.9999999999999964
2027-01-29,29,2027-01-01,True,CARIBE_MAR,35468031.03,460904.91,200830026.0,130539516.9,385.9115,391769.17,69135.74,85.0,15.0,Cubierta (85.0% Contratos / 15.0% Bolsa),1382.71473,533605.515526395,820931.5623482999,755257.0373604359,-65674.52498786396,65674.52498786396,7.9999999999999964
2027-01-29,29,2027-01-01,True,CARIBE_SOL,27818228.4,460904.91,200830026.0,130539516.9,385.9115,391769.17,69135.74,85.0,15.0,Cubierta (85.0% Contratos / 15.0% Bolsa),1382.71473,533605.515526395,820931.5623482999,755257.0373604359,-65674.52498786396,65674.52498786396,7.9999999999999964
2027-01-29,29,2027-01-01,True,VALLE,22784371.12,460904.91,200830026.0,130539516.9,385.9115,391769.17,69135.74,85.0,15.0,Cubierta (85.0% Contratos / 15.0% Bolsa),1382.71473,533605.515526395,820931.5623482999,755257.0373604359,-65674.52498786396,65674.52498786396,7.9999999999999964
2027-01-29,29,2027-01-01,True,SANTANDER,17513914.74,460904.91,200830026.0,130539516.9,385.9115,391769.17,69135.74,85.0,15.0,Cubierta (85.0% Contratos / 15.0% Bolsa),1382.71473,533605.515526395,820931.5623482999,755257.0373604359,-65674.52498786396,65674.52498786396,7.9999999999999964
2027-01-29,29,2027-01-01,True,CUNDINAMARCA,11286809.31,460904.91,200830026.0,130539516.9,385.9115,391769.17,69135.74,85.0,15.0,Cubierta (85.0% Contratos / 15.0% Bolsa),1382.71473,533605.515526395,820931.5623482999,755257.0373604359,-65674.52498786396,65674.52498786396,7.9999999999999964
2027-01-29,29,2027-01-01,True,TOLIMA,9361997.38,460904.91,200830026.0,130539516.9,385.9115,391769.17,69135.74,85.0,15.0,Cubierta (85.0% Contratos / 15.0% Bolsa),1382.71473,533605.515526395,820931.5623482999,755257.0373604359,-65674.52498786396,65674.52498786396,7.9999999999999964
2027-01-30,30,2027-01-01,True,ANTIOQUIA,26833199.59,327887.4275,169450866.85999998,110143063.46,385.4924,278704.31,49183.11,85.0,15.0,Cubierta (85.0% Contratos / 15.0% Bolsa),983.6622825,379194.33407040295,583375.8985645542,536705.8266793898,-46670.07188516436,46670.07188516436,8.000000000000004
2027-01-30,30,2027-01-01,True,BOGOTA,37374237.69,327887.4275,169450866.85999998,110143063.46,385.4924,278704.31,49183.11,85.0,15.0,Cubierta (85.0% Contratos / 15.0% Bolsa),983.6622825,379194.33407040295,583375.8985645542,536705.8266793898,-46670.07188516436,46670.07188516436,8.000000000000004
2027-01-30,30,2027-01-01,True,CARIBE_MAR,29786520.01,327887.4275,169450866.85999998,110143063.46,385.4924,278704.31,49183.11,85.0,15.0,Cubierta (85.0% Contratos / 15.0% Bolsa),983.6622825,379194.33407040295,583375.8985645542,536705.8266793898,-46670.07188516436,46670.07188516436,8.000000000000004
2027-01-30,30,2027-01-01,True,CARIBE_SOL,23816068.91,327887.4275,169450866.85999998,110143063.46,385.4924,278704.31,49183.11,85.0,15.0,Cubierta (85.0% Contratos / 15.0% Bolsa),983.6622825,379194.33407040295,583375.8985645542,536705.8266793898,-46670.07188516436,46670.07188516436,8.000000000000004
2027-01-30,30,2027-01-01,True,VALLE,19126479.4,327887.4275,169450866.85999998,110143063.46,385.4924,278704.31,49183.11,85.0,15.0,Cubierta (85.0% Contratos / 15.0% Bolsa),983.6622825,379194.33407040295,583375.8985645542,536705.8266793898,-46670.07188516436,46670.07188516436,8.000000000000004
2027-01-30,30,2027-01-01,True,SANTANDER,14854796.11,327887.4275,169450866.85999998,110143063.46,385.4924,278704.31,49183.11,85.0,15.0,Cubierta (85.0% Contratos / 15.0% Bolsa),983.6622825,379194.33407040295,583375.8985645542,536705.8266793898,-46670.07188516436,46670.07188516436,8.000000000000004
2027-01-30,30,2027-01-01,True,CUNDINAMARCA,9604489.79,327887.4275,169450866.85999998,110143063.46,385.4924,278704.31,49183.11,85.0,15.0,Cubierta (85.0% Contratos / 15.0% Bolsa),983.6622825,379194.33407040295,583375.8985645542,536705.8266793898,-46670.07188516436,46670.07188516436,8.000000000000004
2027-01-30,30,2027-01-01,True,TOLIMA,8055075.36,327887.4275,169450866.85999998,110143063.46,385.4924,278704.31,49183.11,85.0,15.0,Cubierta (85.0% Contratos / 15.0% Bolsa),983.6622825,379194.33407040295,583375.8985645542,536705.8266793898,-46670.07188516436,46670.07188516436,8.000000000000004
2027-01-31,31,2027-01-01,True,ANTIOQUIA,26605225.91,326913.8725,168947737.47000003,109816029.36,385.0856,277876.79,49037.08,85.0,15.0,Cubierta (85.0% Contratos / 15.0% Bolsa),980.7416175,377669.474219958,581029.9603145878,534547.5634894208,-46482.396825167,46482.396825167,7.9999999999999964
2027-01-31,31,2027-01-01,True,BOGOTA,37015156.68,326913.8725,168947737.47000003,109816029.36,385.0856,277876.79,49037.08,85.0,15.0,Cubierta (85.0% Contratos / 15.0% Bolsa),980.7416175,377669.474219958,581029.9603145878,534547.5634894208,-46482.396825167,46482.396825167,7.9999999999999964
2027-01-31,31,2027-01-01,True,CARIBE_MAR,29746711.43,326913.8725,168947737.47000003,109816029.36,385.0856,277876.79,49037.08,85.0,15.0,Cubierta (85.0% Contratos / 15.0% Bolsa),980.7416175,377669.474219958,581029.9603145878,534547.5634894208,-46482.396825167,46482.396825167,7.9999999999999964
2027-01-31,31,2027-01-01,True,CARIBE_SOL,23703622.15,326913.8725,168947737.47000003,109816029.36,385.0856,277876.79,49037.08,85.0,15.0,Cubierta (85.0% Contratos / 15.0% Bolsa),980.7416175,377669.474219958,581029.9603145878,534547.5634894208,-46482.396825167,46482.396825167,7.9999999999999964
2027-01-31,31,2027-01-01,True,VALLE,19296251.7,326913.8725,168947737.47000003,109816029.36,385.0856,277876.79,49037.08,85.0,15.0,Cubierta (85.0% Contratos / 15.0% Bolsa),980.7416175,377669.474219958,581029.9603145878,534547.5634894208,-46482.396825167,46482.396825167,7.9999999999999964
2027-01-31,31,2027-01-01,True,SANTANDER,15000374.49,326913.8725,168947737.47000003,109816029.36,385.0856,277876.79,49037.08,85.0,15.0,Cubierta (85.0% Contratos / 15.0% Bolsa),980.7416175,377669.474219958,581029.9603145878,534547.5634894208,-46482.396825167,46482.396825167,7.9999999999999964
2027-01-31,31,2027-01-01,True,CUNDINAMARCA,9577496.58,326913.8725,168947737.47000003,109816029.36,385.0856,277876.79,49037.08,85.0,15.0,Cubierta (85.0% Contratos / 15.0% Bolsa),980.7416175,377669.474219958,581029.9603145878,534547.5634894208,-46482.396825167,46482.396825167,7.9999999999999964
2027-01-31,31,2027-01-01,True,TOLIMA,8002898.53,326913.8725,168947737.47000003,109816029.36,385.0856,277876.79,49037.08,85.0,15.0,Cubierta (85.0% Contratos / 15.0% Bolsa),980.7416175,377669.474219958,581029.9603145878,534547.5634894208,-46482.396825167,46482.396825167,7.9999999999999964
2027-02-01,1,2027-02-01,True,ANTIOQUIA,31770381.78,460175.55625,200512224.94,130332946.21,384.7025,391149.22,69026.33,85.0,15.0,Cubierta (85.0% Contratos / 15.0% Bolsa),1380.52666875,531092.0607847968,817064.7089059566,751699.5321934801,-65365.17671247653,65365.17671247653,8.0
2027-02-01,1,2027-02-01,True,BOGOTA,44188101.64,460175.55625,200512224.94,130332946.21,384.7025,391149.22,69026.33,85.0,15.0,Cubierta (85.0% Contratos / 15.0% Bolsa),1380.52666875,531092.0607847968,817064.7089059566,751699.5321934801,-65365.17671247653,65365.17671247653,8.0
2027-02-01,1,2027-02-01,True,CARIBE_MAR,35491372.25,460175.55625,200512224.94,130332946.21,384.7025,391149.22,69026.33,85.0,15.0,Cubierta (85.0% Contratos / 15.0% Bolsa),1380.52666875,531092.0607847968,817064.7089059566,751699.5321934801,-65365.17671247653,65365.17671247653,8.0
2027-02-01,1,2027-02-01,True,CARIBE_SOL,27625451.79,460175.55625,200512224.94,130332946.21,384.7025,391149.22,69026.33,85.0,15.0,Cubierta (85.0% Contratos / 15.0% Bolsa),1380.52666875,531092.0607847968,817064.7089059566,751699.5321934801,-65365.17671247653,65365.17671247653,8.0
2027-02-01,1,2027-02-01,True,VALLE,22663567.25,460175.55625,200512224.94,130332946.21,384.7025,391149.22,69026.33,85.0,15.0,Cubierta (85.0% Contratos / 15.0% Bolsa),1380.52666875,531092.0607847968,817064.7089059566,751699.5321934801,-65365.17671247653,65365.17671247653,8.0
2027-02-01,1,2027-02-01,True,SANTANDER,17752383.87,460175.55625,200512224.94,130332946.21,384.7025,391149.22,69026.33,85.0,15.0,Cubierta (85.0% Contratos / 15.0% Bolsa),1380.52666875,531092.0607847968,817064.7089059566,751699.5321934801,-65365.17671247653,65365.17671247653,8.0
2027-02-01,1,2027-02-01,True,CUNDINAMARCA,11530343.79,460175.55625,200512224.94,130332946.21,384.7025,391149.22,69026.33,85.0,15.0,Cubierta (85.0% Contratos / 15.0% Bolsa),1380.52666875,531092.0607847968,817064.7089059566,751699.5321934801,-65365.17671247653,65365.17671247653,8.0
2027-02-01,1,2027-02-01,True,TOLIMA,9490622.57,460175.55625,200512224.94,130332946.21,384.7025,391149.22,69026.33,85.0,15.0,Cubierta (85.0% Contratos / 15.0% Bolsa),1380.52666875,531092.0607847968,817064.7089059566,751699.5321934801,-65365.17671247653,65365.17671247653,8.0
2027-02-02,2,2027-02-01,True,ANTIOQUIA,31673501.23,460943.76875,200846957.92999998,130550522.65,384.3539,391802.2,69141.57,85.0,15.0,Cubierta (85.0% Contratos / 15.0% Bolsa),1382.83130625,531496.6055992818,817687.0855655419,752272.1187202985,-65414.966845243354,65414.966845243354,8.0
2027-02-02,2,2027-02-01,True,BOGOTA,44110052.69,460943.76875,200846957.92999998,130550522.65,384.3539,391802.2,69141.57,85.0,15.0,Cubierta (85.0% Contratos / 15.0% Bolsa),1382.83130625,531496.6055992818,817687.0855655419,752272.1187202985,-65414.966845243354,65414.966845243354,8.0
2027-02-02,2,2027-02-01,True,CARIBE_MAR,35479652.3,460943.76875,200846957.92999998,130550522.65,384.3539,391802.2,69141.57,85.0,15.0,Cubierta (85.0% Contratos / 15.0% Bolsa),1382.83130625,531496.6055992818,817687.0855655419,752272.1187202985,-65414.966845243354,65414.966845243354,8.0
2027-02-02,2,2027-02-01,True,CARIBE_SOL,27878755.45,460943.76875,200846957.92999998,130550522.65,384.3539,391802.2,69141.57,85.0,15.0,Cubierta (85.0% Contratos / 15.0% Bolsa),1382.83130625,531496.6055992818,817687.0855655419,752272.1187202985,-65414.966845243354,65414.966845243354,8.0
2027-02-02,2,2027-02-01,True,VALLE,23016398.76,460943.76875,200846957.92999998,130550522.65,384.3539,391802.2,69141.57,85.0,15.0,Cubierta (85.0% Contratos / 15.0% Bolsa),1382.83130625,531496.6055992818,817687.0855655419,752272.1187202985,-65414.966845243354,65414.966845243354,8.0
2027-02-02,2,2027-02-01,True,SANTANDER,17657870.56,460943.76875,200846957.92999998,130550522.65,384.3539,391802.2,69141.57,85.0,15.0,Cubierta (85.0% Contratos / 15.0% Bolsa),1382.83130625,531496.6055992818,817687.0855655419,752272.1187202985,-65414.966845243354,65414.966845243354,8.0
2027-02-02,2,2027-02-01,True,CUNDINAMARCA,11472186.62,460943.76875,200846957.92999998,130550522.65,384.3539,391802.2,69141.57,85.0,15.0,Cubierta (85.0% Contratos / 15.0% Bolsa),1382.83130625,531496.6055992818,817687.0855655419,752272.1187202985,-65414.966845243354,65414.966845243354,8.0
2027-02-02,2,2027-02-01,True,TOLIMA,9558540.32,460943.76875,200846957.92999998,130550522.65,384.3539,391802.2,69141.57,85.0,15.0,Cubierta (85.0% Contratos / 15.0% Bolsa),1382.83130625,531496.6055992818,817687.0855655419,752272.1187202985,-65414.966845243354,65414.966845243354,8.0
2027-02-03,3,2027-02-01,True,ANTIOQUIA,31812231.4,462588.42,201563581.85999998,131016328.21,384.0499,393200.16,69388.26,85.0,15.0,Cubierta (85.0% Contratos / 15.0% Bolsa),1387.76526,532971.1093264739,819955.5528037015,754359.1085794054,-65596.44422429614,65596.44422429614,8.000000000000004
2027-02-03,3,2027-02-01,True,BOGOTA,44213712.35,462588.42,201563581.85999998,131016328.21,384.0499,393200.16,69388.26,85.0,15.0,Cubierta (85.0% Contratos / 15.0% Bolsa),1387.76526,532971.1093264739,819955.5528037015,754359.1085794054,-65596.44422429614,65596.44422429614,8.000000000000004
2027-02-03,3,2027-02-01,True,CARIBE_MAR,35514594.59,462588.42,201563581.85999998,131016328.21,384.0499,393200.16,69388.26,85.0,15.0,Cubierta (85.0% Contratos / 15.0% Bolsa),1387.76526,532971.1093264739,819955.5528037015,754359.1085794054,-65596.44422429614,65596.44422429614,8.000000000000004
2027-02-03,3,2027-02-01,True,CARIBE_SOL,28286579.71,462588.42,201563581.85999998,131016328.21,384.0499,393200.16,69388.26,85.0,15.0,Cubierta (85.0% Contratos / 15.0% Bolsa),1387.76526,532971.1093264739,819955.5528037015,754359.1085794054,-65596.44422429614,65596.44422429614,8.000000000000004
2027-02-03,3,2027-02-01,True,VALLE,22868548.04,462588.42,201563581.85999998,131016328.21,384.0499,393200.16,69388.26,85.0,15.0,Cubierta (85.0% Contratos / 15.0% Bolsa),1387.76526,532971.1093264739,819955.5528037015,754359.1085794054,-65596.44422429614,65596.44422429614,8.000000000000004
2027-02-03,3,2027-02-01,True,SANTANDER,17827773.36,462588.42,201563581.85999998,131016328.21,384.0499,393200.16,69388.26,85.0,15.0,Cubierta (85.0% Contratos / 15.0% Bolsa),1387.76526,532971.1093264739,819955.5528037015,754359.1085794054,-65596.44422429614,65596.44422429614,8.000000000000004
2027-02-03,3,2027-02-01,True,CUNDINAMARCA,11540779.78,462588.42,201563581.85999998,131016328.21,384.0499,393200.16,69388.26,85.0,15.0,Cubierta (85.0% Contratos / 15.0% Bolsa),1387.76526,532971.1093264739,819955.5528037015,754359.1085794054,-65596.44422429614,65596.44422429614,8.000000000000004
2027-02-03,3,2027-02-01,True,TOLIMA,9499362.63,462588.42,201563581.85999998,131016328.21,384.0499,393200.16,69388.26,85.0,15.0,Cubierta (85.0% Contratos / 15.0% Bolsa),1387.76526,532971.1093264739,819955.5528037015,754359.1085794054,-65596.44422429614,65596.44422429614,8.000000000000004
2027-02-04,4,2027-02-01,True,ANTIOQUIA,32064359.92,460096.9975,200477994.81000003,130310696.63,383.7999,391082.45,69014.55,85.0,15.0,Cubierta (85.0% Contratos / 15.0% Bolsa),1380.2909925000001,529755.5448924007,815008.5305818033,749807.8481352591,-65200.682446544175,65200.682446544175,7.999999999999989
2027-02-04,4,2027-02-01,True,BOGOTA,44151522.58,460096.9975,200477994.81000003,130310696.63,383.7999,391082.45,69014.55,85.0,15.0,Cubierta (85.0% Contratos / 15.0% Bolsa),1380.2909925000001,529755.5448924007,815008.5305818033,749807.8481352591,-65200.682446544175,65200.682446544175,7.999999999999989
2027-02-04,4,2027-02-01,True,CARIBE_MAR,35271755.72,460096.9975,200477994.81000003,130310696.63,383.7999,391082.45,69014.55,85.0,15.0,Cubierta (85.0% Contratos / 15.0% Bolsa),1380.2909925000001,529755.5448924007,815008.5305818033,749807.8481352591,-65200.682446544175,65200.682446544175,7.999999999999989
2027-02-04,4,2027-02-01,True,CARIBE_SOL,27782011.3,460096.9975,200477994.81000003,130310696.63,383.7999,391082.45,69014.55,85.0,15.0,Cubierta (85.0% Contratos / 15.0% Bolsa),1380.2909925000001,529755.5448924007,815008.5305818033,749807.8481352591,-65200.682446544175,65200.682446544175,7.999999999999989
2027-02-04,4,2027-02-01,True,VALLE,22570361.09,460096.9975,200477994.81000003,130310696.63,383.7999,391082.45,69014.55,85.0,15.0,Cubierta (85.0% Contratos / 15.0% Bolsa),1380.2909925000001,529755.5448924007,815008.5305818033,749807.8481352591,-65200.682446544175,65200.682446544175,7.999999999999989
2027-02-04,4,2027-02-01,True,SANTANDER,17629319.15,460096.9975,200477994.81000003,130310696.63,383.7999,391082.45,69014.55,85.0,15.0,Cubierta (85.0% Contratos / 15.0% Bolsa),1380.2909925000001,529755.5448924007,815008.5305818033,749807.8481352591,-65200.682446544175,65200.682446544175,7.999999999999989
2027-02-04,4,2027-02-01,True,CUNDINAMARCA,11490199.5,460096.9975,200477994.81000003,130310696.63,383.7999,391082.45,69014.55,85.0,15.0,Cubierta (85.0% Contratos / 15.0% Bolsa),1380.2909925000001,529755.5448924007,815008.5305818033,749807.8481352591,-65200.682446544175,65200.682446544175,7.999999999999989
2027-02-04,4,2027-02-01,True,TOLIMA,9518465.55,460096.9975,200477994.81000003,130310696.63,383.7999,391082.45,69014.55,85.0,15.0,Cubierta (85.0% Contratos / 15.0% Bolsa),1380.2909925000001,529755.5448924007,815008.5305818033,749807.8481352591,-65200.682446544175,65200.682446544175,7.999999999999989
2027-02-05,5,2027-02-01,True,ANTIOQUIA,31656780.32,460979.79375,200862655.40999997,130560726.02,383.612,391832.82,69146.97,85.0,15.0,Cubierta (85.0% Contratos / 15.0% Bolsa),1382.93938125,530512.141920075,816172.5260090051,750878.7239282847,-65293.80208072043,65293.80208072043,8.000000000000004
2027-02-05,5,2027-02-01,True,BOGOTA,44244278.38,460979.79375,200862655.40999997,130560726.02,383.612,391832.82,69146.97,85.0,15.0,Cubierta (85.0% Contratos / 15.0% Bolsa),1382.93938125,530512.141920075,816172.5260090051,750878.7239282847,-65293.80208072043,65293.80208072043,8.000000000000004
2027-02-05,5,2027-02-01,True,CARIBE_MAR,35546760.9,460979.79375,200862655.40999997,130560726.02,383.612,391832.82,69146.97,85.0,15.0,Cubierta (85.0% Contratos / 15.0% Bolsa),1382.93938125,530512.141920075,816172.5260090051,750878.7239282847,-65293.80208072043,65293.80208072043,8.000000000000004
2027-02-05,5,2027-02-01,True,CARIBE_SOL,27631321.95,460979.79375,200862655.40999997,130560726.02,383.612,391832.82,69146.97,85.0,15.0,Cubierta (85.0% Contratos / 15.0% Bolsa),1382.93938125,530512.141920075,816172.5260090051,750878.7239282847,-65293.80208072043,65293.80208072043,8.000000000000004
2027-02-05,5,2027-02-01,True,VALLE,22671250.36,460979.79375,200862655.40999997,130560726.02,383.612,391832.82,69146.97,85.0,15.0,Cubierta (85.0% Contratos / 15.0% Bolsa),1382.93938125,530512.141920075,816172.5260090051,750878.7239282847,-65293.80208072043,65293.80208072043,8.000000000000004
2027-02-05,5,2027-02-01,True,SANTANDER,17957706.78,460979.79375,200862655.40999997,130560726.02,383.612,391832.82,69146.97,85.0,15.0,Cubierta (85.0% Contratos / 15.0% Bolsa),1382.93938125,530512.141920075,816172.5260090051,750878.7239282847,-65293.80208072043,65293.80208072043,8.000000000000004
2027-02-05,5,2027-02-01,True,CUNDINAMARCA,11488642.96,460979.79375,200862655.40999997,130560726.02,383.612,391832.82,69146.97,85.0,15.0,Cubierta (85.0% Contratos / 15.0% Bolsa),1382.93938125,530512.141920075,816172.5260090051,750878.7239282847,-65293.80208072043,65293.80208072043,8.000000000000004
2027-02-05,5,2027-02-01,True,TOLIMA,9665913.76,460979.79375,200862655.40999997,130560726.02,383.612,391832.82,69146.97,85.0,15.0,Cubierta (85.0% Contratos / 15.0% Bolsa),1382.93938125,530512.141920075,816172.5260090051,750878.7239282847,-65293.80208072043,65293.80208072043,8.000000000000004
2027-02-06,6,2027-02-01,True,ANTIOQUIA,26702072.14,327002.62125,168993602.54,109845841.65,383.4931,277952.23,49050.39,85.0,15.0,Cubierta (85.0% Contratos / 15.0% Bolsa),981.0078637500001,376209.74679386517,578784.2258419847,532481.487774626,-46302.73806735873,46302.73806735873,7.999999999999992
2027-02-06,6,2027-02-01,True,BOGOTA,37705481.97,327002.62125,168993602.54,109845841.65,383.4931,277952.23,49050.39,85.0,15.0,Cubierta (85.0% Contratos / 15.0% Bolsa),981.0078637500001,376209.74679386517,578784.2258419847,532481.487774626,-46302.73806735873,46302.73806735873,7.999999999999992
2027-02-06,6,2027-02-01,True,CARIBE_MAR,29769039.68,327002.62125,168993602.54,109845841.65,383.4931,277952.23,49050.39,85.0,15.0,Cubierta (85.0% Contratos / 15.0% Bolsa),981.0078637500001,376209.74679386517,578784.2258419847,532481.487774626,-46302.73806735873,46302.73806735873,7.999999999999992
2027-02-06,6,2027-02-01,True,CARIBE_SOL,23125083.1,327002.62125,168993602.54,109845841.65,383.4931,277952.23,49050.39,85.0,15.0,Cubierta (85.0% Contratos / 15.0% Bolsa),981.0078637500001,376209.74679386517,578784.2258419847,532481.487774626,-46302.73806735873,46302.73806735873,7.999999999999992
2027-02-06,6,2027-02-01,True,VALLE,19143444.16,327002.62125,168993602.54,109845841.65,383.4931,277952.23,49050.39,85.0,15.0,Cubierta (85.0% Contratos / 15.0% Bolsa),981.0078637500001,376209.74679386517,578784.2258419847,532481.487774626,-46302.73806735873,46302.73806735873,7.999999999999992
2027-02-06,6,2027-02-01,True,SANTANDER,14859776.93,327002.62125,168993602.54,109845841.65,383.4931,277952.23,49050.39,85.0,15.0,Cubierta (85.0% Contratos / 15.0% Bolsa),981.0078637500001,376209.74679386517,578784.2258419847,532481.487774626,-46302.73806735873,46302.73806735873,7.999999999999992
2027-02-06,6,2027-02-01,True,CUNDINAMARCA,9774009.69,327002.62125,168993602.54,109845841.65,383.4931,277952.23,49050.39,85.0,15.0,Cubierta (85.0% Contratos / 15.0% Bolsa),981.0078637500001,376209.74679386517,578784.2258419847,532481.487774626,-46302.73806735873,46302.73806735873,7.999999999999992
2027-02-06,6,2027-02-01,True,TOLIMA,7914694.87,327002.62125,168993602.54,109845841.65,383.4931,277952.23,49050.39,85.0,15.0,Cubierta (85.0% Contratos / 15.0% Bolsa),981.0078637500001,376209.74679386517,578784.2258419847,532481.487774626,-46302.73806735873,46302.73806735873,7.999999999999992
2027-02-07,7,2027-02-01,True,ANTIOQUIA,26528255.43,326044.16875,168498278.22000003,109523880.84,383.4485,277137.54,48906.63,85.0,15.0,Cubierta (85.0% Contratos / 15.0% Bolsa),978.13250625,375063.44232280314,577020.6805124256,530859.0260714316,-46161.654440994025,46161.654440994025,7.9999999999999964
2027-02-07,7,2027-02-01,True,BOGOTA,36978664.12,326044.16875,168498278.22000003,109523880.84,383.4485,277137.54,48906.63,85.0,15.0,Cubierta (85.0% Contratos / 15.0% Bolsa),978.13250625,375063.44232280314,577020.6805124256,530859.0260714316,-46161.654440994025,46161.654440994025,7.9999999999999964
2027-02-07,7,2027-02-01,True,CARIBE_MAR,29525766.67,326044.16875,168498278.22000003,109523880.84,383.4485,277137.54,48906.63,85.0,15.0,Cubierta (85.0% Contratos / 15.0% Bolsa),978.13250625,375063.44232280314,577020.6805124256,530859.0260714316,-46161.654440994025,46161.654440994025,7.9999999999999964
2027-02-07,7,2027-02-01,True,CARIBE_SOL,23425450.1,326044.16875,168498278.22000003,109523880.84,383.4485,277137.54,48906.63,85.0,15.0,Cubierta (85.0% Contratos / 15.0% Bolsa),978.13250625,375063.44232280314,577020.6805124256,530859.0260714316,-46161.654440994025,46161.654440994025,7.9999999999999964
2027-02-07,7,2027-02-01,True,VALLE,19576096.96,326044.16875,168498278.22000003,109523880.84,383.4485,277137.54,48906.63,85.0,15.0,Cubierta (85.0% Contratos / 15.0% Bolsa),978.13250625,375063.44232280314,577020.6805124256,530859.0260714316,-46161.654440994025,46161.654440994025,7.9999999999999964
2027-02-07,7,2027-02-01,True,SANTANDER,14888218.3,326044.16875,168498278.22000003,109523880.84,383.4485,277137.54,48906.63,85.0,15.0,Cubierta (85.0% Contratos / 15.0% Bolsa),978.13250625,375063.44232280314,577020.6805124256,530859.0260714316,-46161.654440994025,46161.654440994025,7.9999999999999964
2027-02-07,7,2027-02-01,True,CUNDINAMARCA,9536144.84,326044.16875,168498278.22000003,109523880.84,383.4485,277137.54,48906.63,85.0,15.0,Cubierta (85.0% Contratos / 15.0% Bolsa),978.13250625,375063.44232280314,577020.6805124256,530859.0260714316,-46161.654440994025,46161.654440994025,7.9999999999999964
2027-02-07,7,2027-02-01,True,TOLIMA,8039681.8,326044.16875,168498278.22000003,109523880.84,383.4485,277137.54,48906.63,85.0,15.0,Cubierta (85.0% Contratos / 15.0% Bolsa),978.13250625,375063.44232280314,577020.6805124256,530859.0260714316,-46161.654440994025,46161.654440994025,7.9999999999999964
2027-02-08,8,2027-02-01,True,ANTIOQUIA,32010185.41,462250.29125,201416248.73000002,130920561.67,383.4824,392912.75,69337.54,85.0,15.0,Cubierta (85.0% Contratos / 15.0% Bolsa),1386.75087375,531794.5532677469,818145.466593886,752693.8292663752,-65451.63732751086,65451.63732751086,7.999999999999997
2027-02-08,8,2027-02-01,True,BOGOTA,44655164.92,462250.29125,201416248.73000002,130920561.67,383.4824,392912.75,69337.54,85.0,15.0,Cubierta (85.0% Contratos / 15.0% Bolsa),1386.75087375,531794.5532677469,818145.466593886,752693.8292663752,-65451.63732751086,65451.63732751086,7.999999999999997
2027-02-08,8,2027-02-01,True,CARIBE_MAR,35346252.52,462250.29125,201416248.73000002,130920561.67,383.4824,392912.75,69337.54,85.0,15.0,Cubierta (85.0% Contratos / 15.0% Bolsa),1386.75087375,531794.5532677469,818145.466593886,752693.8292663752,-65451.63732751086,65451.63732751086,7.999999999999997
2027-02-08,8,2027-02-01,True,CARIBE_SOL,27798055.49,462250.29125,201416248.73000002,130920561.67,383.4824,392912.75,69337.54,85.0,15.0,Cubierta (85.0% Contratos / 15.0% Bolsa),1386.75087375,531794.5532677469,818145.466593886,752693.8292663752,-65451.63732751086,65451.63732751086,7.999999999999997
2027-02-08,8,2027-02-01,True,VALLE,22878550.22,462250.29125,201416248.73000002,130920561.67,383.4824,392912.75,69337.54,85.0,15.0,Cubierta (85.0% Contratos / 15.0% Bolsa),1386.75087375,531794.5532677469,818145.466593886,752693.8292663752,-65451.63732751086,65451.63732751086,7.999999999999997
2027-02-08,8,2027-02-01,True,SANTANDER,17650483.67,462250.29125,201416248.73000002,130920561.67,383.4824,392912.75,69337.54,85.0,15.0,Cubierta (85.0% Contratos / 15.0% Bolsa),1386.75087375,531794.5532677469,818145.466593886,752693.8292663752,-65451.63732751086,65451.63732751086,7.999999999999997
2027-02-08,8,2027-02-01,True,CUNDINAMARCA,11490633.2,462250.29125,201416248.73000002,130920561.67,383.4824,392912.75,69337.54,85.0,15.0,Cubierta (85.0% Contratos / 15.0% Bolsa),1386.75087375,531794.5532677469,818145.466593886,752693.8292663752,-65451.63732751086,65451.63732751086,7.999999999999997
2027-02-08,8,2027-02-01,True,TOLIMA,9586923.3,462250.29125,201416248.73000002,130920561.67,383.4824,392912.75,69337.54,85.0,15.0,Cubierta (85.0% Contratos / 15.0% Bolsa),1386.75087375,531794.5532677469,818145.466593886,752693.8292663752,-65451.63732751086,65451.63732751086,7.999999999999997
2027-02-09,9,2027-02-01,True,ANTIOQUIA,31622008.92,461653.845,201156359.48000002,130751633.66,383.5971,392405.77,69248.08,85.0,15.0,Cubierta (85.0% Contratos / 15.0% Bolsa),1384.961535,531267.2284375485,817334.1976087306,751947.4618000322,-65386.73580869846,65386.73580869846,8.000000000000002
2027-02-09,9,2027-02-01,True,BOGOTA,44651129.71,461653.845,201156359.48000002,130751633.66,383.5971,392405.77,69248.08,85.0,15.0,Cubierta (85.0% Contratos / 15.0% Bolsa),1384.961535,531267.2284375485,817334.1976087306,751947.4618000322,-65386.73580869846,65386.73580869846,8.000000000000002
2027-02-09,9,2027-02-01,True,CARIBE_MAR,35447969.34,461653.845,201156359.48000002,130751633.66,383.5971,392405.77,69248.08,85.0,15.0,Cubierta (85.0% Contratos / 15.0% Bolsa),1384.961535,531267.2284375485,817334.1976087306,751947.4618000322,-65386.73580869846,65386.73580869846,8.000000000000002
2027-02-09,9,2027-02-01,True,CARIBE_SOL,27822979.9,461653.845,201156359.48000002,130751633.66,383.5971,392405.77,69248.08,85.0,15.0,Cubierta (85.0% Contratos / 15.0% Bolsa),1384.961535,531267.2284375485,817334.1976087306,751947.4618000322,-65386.73580869846,65386.73580869846,8.000000000000002
2027-02-09,9,2027-02-01,True,VALLE,22816803.73,461653.845,201156359.48000002,130751633.66,383.5971,392405.77,69248.08,85.0,15.0,Cubierta (85.0% Contratos / 15.0% Bolsa),1384.961535,531267.2284375485,817334.1976087306,751947.4618000322,-65386.73580869846,65386.73580869846,8.000000000000002
2027-02-09,9,2027-02-01,True,SANTANDER,17682967.05,461653.845,201156359.48000002,130751633.66,383.5971,392405.77,69248.08,85.0,15.0,Cubierta (85.0% Contratos / 15.0% Bolsa),1384.961535,531267.2284375485,817334.1976087306,751947.4618000322,-65386.73580869846,65386.73580869846,8.000000000000002
2027-02-09,9,2027-02-01,True,CUNDINAMARCA,11509949.08,461653.845,201156359.48000002,130751633.66,383.5971,392405.77,69248.08,85.0,15.0,Cubierta (85.0% Contratos / 15.0% Bolsa),1384.961535,531267.2284375485,817334.1976087306,751947.4618000322,-65386.73580869846,65386.73580869846,8.000000000000002
2027-02-09,9,2027-02-01,True,TOLIMA,9602551.75,461653.845,201156359.48000002,130751633.66,383.5971,392405.77,69248.08,85.0,15.0,Cubierta (85.0% Contratos / 15.0% Bolsa),1384.961535,531267.2284375485,817334.1976087306,751947.4618000322,-65386.73580869846,65386.73580869846,8.000000000000002
2027-02-10,10,2027-02-01,True,ANTIOQUIA,31645114.35,463196.67125,201828614.72000003,131188599.57,383.7932,393717.17,69479.5,85.0,15.0,Cubierta (85.0% Contratos / 15.0% Bolsa),1389.59001375,533315.1980651566,820484.9200877326,754846.1264807141,-65638.79360701854,65638.79360701854,7.999999999999992
2027-02-10,10,2027-02-01,True,BOGOTA,44760377.3,463196.67125,201828614.72000003,131188599.57,383.7932,393717.17,69479.5,85.0,15.0,Cubierta (85.0% Contratos / 15.0% Bolsa),1389.59001375,533315.1980651566,820484.9200877326,754846.1264807141,-65638.79360701854,65638.79360701854,7.999999999999992
2027-02-10,10,2027-02-01,True,CARIBE_MAR,35603430.77,463196.67125,201828614.72000003,131188599.57,383.7932,393717.17,69479.5,85.0,15.0,Cubierta (85.0% Contratos / 15.0% Bolsa),1389.59001375,533315.1980651566,820484.9200877326,754846.1264807141,-65638.79360701854,65638.79360701854,7.999999999999992
2027-02-10,10,2027-02-01,True,CARIBE_SOL,28003490.12,463196.67125,201828614.72000003,131188599.57,383.7932,393717.17,69479.5,85.0,15.0,Cubierta (85.0% Contratos / 15.0% Bolsa),1389.59001375,533315.1980651566,820484.9200877326,754846.1264807141,-65638.79360701854,65638.79360701854,7.999999999999992
2027-02-10,10,2027-02-01,True,VALLE,22836641.65,463196.67125,201828614.72000003,131188599.57,383.7932,393717.17,69479.5,85.0,15.0,Cubierta (85.0% Contratos / 15.0% Bolsa),1389.59001375,533315.1980651566,820484.9200877326,754846.1264807141,-65638.79360701854,65638.79360701854,7.999999999999992
2027-02-10,10,2027-02-01,True,SANTANDER,17995920.44,463196.67125,201828614.72000003,131188599.57,383.7932,393717.17,69479.5,85.0,15.0,Cubierta (85.0% Contratos / 15.0% Bolsa),1389.59001375,533315.1980651566,820484.9200877326,754846.1264807141,-65638.79360701854,65638.79360701854,7.999999999999992
2027-02-10,10,2027-02-01,True,CUNDINAMARCA,11465182.29,463196.67125,201828614.72000003,131188599.57,383.7932,393717.17,69479.5,85.0,15.0,Cubierta (85.0% Contratos / 15.0% Bolsa),1389.59001375,533315.1980651566,820484.9200877326,754846.1264807141,-65638.79360701854,65638.79360701854,7.999999999999992
2027-02-10,10,2027-02-01,True,TOLIMA,9518457.8,463196.67125,201828614.72000003,131188599.57,383.7932,393717.17,69479.5,85.0,15.0,Cubierta (85.0% Contratos / 15.0% Bolsa),1389.59001375,533315.1980651566,820484.9200877326,754846.1264807141,-65638.79360701854,65638.79360701854,7.999999999999992
2027-02-11,11,2027-02-01,True,ANTIOQUIA,31979325.01,460165.07375,200507657.43,130329977.33,384.0699,391140.31,69024.76,85.0,15.0,Cubierta (85.0% Contratos / 15.0% Bolsa),1380.49522125,530206.6615759654,815702.5562675867,750446.3517661798,-65256.20450140687,65256.20450140687,7.999999999999993
2027-02-11,11,2027-02-01,True,BOGOTA,43829574.32,460165.07375,200507657.43,130329977.33,384.0699,391140.31,69024.76,85.0,15.0,Cubierta (85.0% Contratos / 15.0% Bolsa),1380.49522125,530206.6615759654,815702.5562675867,750446.3517661798,-65256.20450140687,65256.20450140687,7.999999999999993
2027-02-11,11,2027-02-01,True,CARIBE_MAR,35120346.41,460165.07375,200507657.43,130329977.33,384.0699,391140.31,69024.76,85.0,15.0,Cubierta (85.0% Contratos / 15.0% Bolsa),1380.49522125,530206.6615759654,815702.5562675867,750446.3517661798,-65256.20450140687,65256.20450140687,7.999999999999993
2027-02-11,11,2027-02-01,True,CARIBE_SOL,28105172.9,460165.07375,200507657.43,130329977.33,384.0699,391140.31,69024.76,85.0,15.0,Cubierta (85.0% Contratos / 15.0% Bolsa),1380.49522125,530206.6615759654,815702.5562675867,750446.3517661798,-65256.20450140687,65256.20450140687,7.999999999999993
2027-02-11,11,2027-02-01,True,VALLE,22974220.05,460165.07375,200507657.43,130329977.33,384.0699,391140.31,69024.76,85.0,15.0,Cubierta (85.0% Contratos / 15.0% Bolsa),1380.49522125,530206.6615759654,815702.5562675867,750446.3517661798,-65256.20450140687,65256.20450140687,7.999999999999993
2027-02-11,11,2027-02-01,True,SANTANDER,17580852.54,460165.07375,200507657.43,130329977.33,384.0699,391140.31,69024.76,85.0,15.0,Cubierta (85.0% Contratos / 15.0% Bolsa),1380.49522125,530206.6615759654,815702.5562675867,750446.3517661798,-65256.20450140687,65256.20450140687,7.999999999999993
2027-02-11,11,2027-02-01,True,CUNDINAMARCA,11456624.84,460165.07375,200507657.43,130329977.33,384.0699,391140.31,69024.76,85.0,15.0,Cubierta (85.0% Contratos / 15.0% Bolsa),1380.49522125,530206.6615759654,815702.5562675867,750446.3517661798,-65256.20450140687,65256.20450140687,7.999999999999993
2027-02-11,11,2027-02-01,True,TOLIMA,9461541.36,460165.07375,200507657.43,130329977.33,384.0699,391140.31,69024.76,85.0,15.0,Cubierta (85.0% Contratos / 15.0% Bolsa),1380.49522125,530206.6615759654,815702.5562675867,750446.3517661798,-65256.20450140687,65256.20450140687,7.999999999999993
2027-02-12,12,2027-02-01,True,ANTIOQUIA,31571239.92,461021.56375,200880855.73000002,130572556.22,384.4246,391868.33,69153.23,85.0,15.0,Cubierta (85.0% Contratos / 15.0% Bolsa),1383.06469125,531684.0907079047,817975.5241941978,752537.482258662,-65438.041935535846,65438.041935535846,8.000000000000004
2027-02-12,12,2027-02-01,True,BOGOTA,44353776.39,461021.56375,200880855.73000002,130572556.22,384.4246,391868.33,69153.23,85.0,15.0,Cubierta (85.0% Contratos / 15.0% Bolsa),1383.06469125,531684.0907079047,817975.5241941978,752537.482258662,-65438.041935535846,65438.041935535846,8.000000000000004
2027-02-12,12,2027-02-01,True,CARIBE_MAR,35438355.88,461021.56375,200880855.73000002,130572556.22,384.4246,391868.33,69153.23,85.0,15.0,Cubierta (85.0% Contratos / 15.0% Bolsa),1383.06469125,531684.0907079047,817975.5241941978,752537.482258662,-65438.041935535846,65438.041935535846,8.000000000000004
2027-02-12,12,2027-02-01,True,CARIBE_SOL,27740061.22,461021.56375,200880855.73000002,130572556.22,384.4246,391868.33,69153.23,85.0,15.0,Cubierta (85.0% Contratos / 15.0% Bolsa),1383.06469125,531684.0907079047,817975.5241941978,752537.482258662,-65438.041935535846,65438.041935535846,8.000000000000004
2027-02-12,12,2027-02-01,True,VALLE,22959447.12,461021.56375,200880855.73000002,130572556.22,384.4246,391868.33,69153.23,85.0,15.0,Cubierta (85.0% Contratos / 15.0% Bolsa),1383.06469125,531684.0907079047,817975.5241941978,752537.482258662,-65438.041935535846,65438.041935535846,8.000000000000004
2027-02-12,12,2027-02-01,True,SANTANDER,17865989.56,461021.56375,200880855.73000002,130572556.22,384.4246,391868.33,69153.23,85.0,15.0,Cubierta (85.0% Contratos / 15.0% Bolsa),1383.06469125,531684.0907079047,817975.5241941978,752537.482258662,-65438.041935535846,65438.041935535846,8.000000000000004
2027-02-12,12,2027-02-01,True,CUNDINAMARCA,11489290.71,461021.56375,200880855.73000002,130572556.22,384.4246,391868.33,69153.23,85.0,15.0,Cubierta (85.0% Contratos / 15.0% Bolsa),1383.06469125,531684.0907079047,817975.5241941978,752537.482258662,-65438.041935535846,65438.041935535846,8.000000000000004
2027-02-12,12,2027-02-01,True,TOLIMA,9462694.93,461021.56375,200880855.73000002,130572556.22,384.4246,391868.33,69153.23,85.0,15.0,Cubierta (85.0% Contratos / 15.0% Bolsa),1383.06469125,531684.0907079047,817975.5241941978,752537.482258662,-65438.041935535846,65438.041935535846,8.000000000000004
2027-02-13,13,2027-02-01,True,ANTIOQUIA,26805786.62,328856.3925,169951623.82000002,110468555.48,384.8531,279527.93,49328.46,85.0,15.0,Cubierta (85.0% Contratos / 15.0% Bolsa),986.5691775,379684.20632532524,584129.5482086714,537399.1843519777,-46730.36385669373,46730.36385669373,8.000000000000004
2027-02-13,13,2027-02-01,True,BOGOTA,37822154.42,328856.3925,169951623.82000002,110468555.48,384.8531,279527.93,49328.46,85.0,15.0,Cubierta (85.0% Contratos / 15.0% Bolsa),986.5691775,379684.20632532524,584129.5482086714,537399.1843519777,-46730.36385669373,46730.36385669373,8.000000000000004
2027-02-13,13,2027-02-01,True,CARIBE_MAR,29887641.89,328856.3925,169951623.82000002,110468555.48,384.8531,279527.93,49328.46,85.0,15.0,Cubierta (85.0% Contratos / 15.0% Bolsa),986.5691775,379684.20632532524,584129.5482086714,537399.1843519777,-46730.36385669373,46730.36385669373,8.000000000000004
2027-02-13,13,2027-02-01,True,CARIBE_SOL,23421213.33,328856.3925,169951623.82000002,110468555.48,384.8531,279527.93,49328.46,85.0,15.0,Cubierta (85.0% Contratos / 15.0% Bolsa),986.5691775,379684.20632532524,584129.5482086714,537399.1843519777,-46730.36385669373,46730.36385669373,8.000000000000004
2027-02-13,13,2027-02-01,True,VALLE,19323212.16,328856.3925,169951623.82000002,110468555.48,384.8531,279527.93,49328.46,85.0,15.0,Cubierta (85.0% Contratos / 15.0% Bolsa),986.5691775,379684.20632532524,584129.5482086714,537399.1843519777,-46730.36385669373,46730.36385669373,8.000000000000004
2027-02-13,13,2027-02-01,True,SANTANDER,15047881.26,328856.3925,169951623.82000002,110468555.48,384.8531,279527.93,49328.46,85.0,15.0,Cubierta (85.0% Contratos / 15.0% Bolsa),986.5691775,379684.20632532524,584129.5482086714,537399.1843519777,-46730.36385669373,46730.36385669373,8.000000000000004
2027-02-13,13,2027-02-01,True,CUNDINAMARCA,9655162.93,328856.3925,169951623.82000002,110468555.48,384.8531,279527.93,49328.46,85.0,15.0,Cubierta (85.0% Contratos / 15.0% Bolsa),986.5691775,379684.20632532524,584129.5482086714,537399.1843519777,-46730.36385669373,46730.36385669373,8.000000000000004
2027-02-13,13,2027-02-01,True,TOLIMA,7988571.21,328856.3925,169951623.82000002,110468555.48,384.8531,279527.93,49328.46,85.0,15.0,Cubierta (85.0% Contratos / 15.0% Bolsa),986.5691775,379684.20632532524,584129.5482086714,537399.1843519777,-46730.36385669373,46730.36385669373,8.000000000000004
2027-02-14,14,2027-02-01,True,ANTIOQUIA,26698953.85,328666.21625,169853341.43999997,110404671.94,385.3496,279366.28,49299.93,85.0,15.0,Cubierta (85.0% Contratos / 15.0% Bolsa),985.99864875,379954.184896353,584544.8998193648,537781.3078338156,-46763.591985549196,46763.591985549196,8.000000000000004
2027-02-14,14,2027-02-01,True,BOGOTA,37445365.38,328666.21625,169853341.43999997,110404671.94,385.3496,279366.28,49299.93,85.0,15.0,Cubierta (85.0% Contratos / 15.0% Bolsa),985.99864875,379954.184896353,584544.8998193648,537781.3078338156,-46763.591985549196,46763.591985549196,8.000000000000004
2027-02-14,14,2027-02-01,True,CARIBE_MAR,29935581.44,328666.21625,169853341.43999997,110404671.94,385.3496,279366.28,49299.93,85.0,15.0,Cubierta (85.0% Contratos / 15.0% Bolsa),985.99864875,379954.184896353,584544.8998193648,537781.3078338156,-46763.591985549196,46763.591985549196,8.000000000000004
2027-02-14,14,2027-02-01,True,CARIBE_SOL,23656232.33,328666.21625,169853341.43999997,110404671.94,385.3496,279366.28,49299.93,85.0,15.0,Cubierta (85.0% Contratos / 15.0% Bolsa),985.99864875,379954.184896353,584544.8998193648,537781.3078338156,-46763.591985549196,46763.591985549196,8.000000000000004
2027-02-14,14,2027-02-01,True,VALLE,19365230.6,328666.21625,169853341.43999997,110404671.94,385.3496,279366.28,49299.93,85.0,15.0,Cubierta (85.0% Contratos / 15.0% Bolsa),985.99864875,379954.184896353,584544.8998193648,537781.3078338156,-46763.591985549196,46763.591985549196,8.000000000000004
2027-02-14,14,2027-02-01,True,SANTANDER,15045432.86,328666.21625,169853341.43999997,110404671.94,385.3496,279366.28,49299.93,85.0,15.0,Cubierta (85.0% Contratos / 15.0% Bolsa),985.99864875,379954.184896353,584544.8998193648,537781.3078338156,-46763.591985549196,46763.591985549196,8.000000000000004
2027-02-14,14,2027-02-01,True,CUNDINAMARCA,9631642.35,328666.21625,169853341.43999997,110404671.94,385.3496,279366.28,49299.93,85.0,15.0,Cubierta (85.0% Contratos / 15.0% Bolsa),985.99864875,379954.184896353,584544.8998193648,537781.3078338156,-46763.591985549196,46763.591985549196,8.000000000000004
2027-02-14,14,2027-02-01,True,TOLIMA,8074902.63,328666.21625,169853341.43999997,110404671.94,385.3496,279366.28,49299.93,85.0,15.0,Cubierta (85.0% Contratos / 15.0% Bolsa),985.99864875,379954.184896353,584544.8998193648,537781.3078338156,-46763.591985549196,46763.591985549196,8.000000000000004
2027-02-15,15,2027-02-01,True,ANTIOQUIA,31743491.86,464029.04875,202191306.57,131424349.27,385.9073,394424.69,69604.36,85.0,15.0,Cubierta (85.0% Contratos / 15.0% Bolsa),1392.0871462500002,537216.5919740427,826487.0645785948,760368.0994123073,-66118.9651662875,66118.9651662875,7.99999999999999
2027-02-15,15,2027-02-01,True,BOGOTA,44909883.65,464029.04875,202191306.57,131424349.27,385.9073,394424.69,69604.36,85.0,15.0,Cubierta (85.0% Contratos / 15.0% Bolsa),1392.0871462500002,537216.5919740427,826487.0645785948,760368.0994123073,-66118.9651662875,66118.9651662875,7.99999999999999
2027-02-15,15,2027-02-01,True,CARIBE_MAR,36034948.49,464029.04875,202191306.57,131424349.27,385.9073,394424.69,69604.36,85.0,15.0,Cubierta (85.0% Contratos / 15.0% Bolsa),1392.0871462500002,537216.5919740427,826487.0645785948,760368.0994123073,-66118.9651662875,66118.9651662875,7.99999999999999
2027-02-15,15,2027-02-01,True,CARIBE_SOL,27927356.52,464029.04875,202191306.57,131424349.27,385.9073,394424.69,69604.36,85.0,15.0,Cubierta (85.0% Contratos / 15.0% Bolsa),1392.0871462500002,537216.5919740427,826487.0645785948,760368.0994123073,-66118.9651662875,66118.9651662875,7.99999999999999
2027-02-15,15,2027-02-01,True,VALLE,23012599.96,464029.04875,202191306.57,131424349.27,385.9073,394424.69,69604.36,85.0,15.0,Cubierta (85.0% Contratos / 15.0% Bolsa),1392.0871462500002,537216.5919740427,826487.0645785948,760368.0994123073,-66118.9651662875,66118.9651662875,7.99999999999999
2027-02-15,15,2027-02-01,True,SANTANDER,17659593.82,464029.04875,202191306.57,131424349.27,385.9073,394424.69,69604.36,85.0,15.0,Cubierta (85.0% Contratos / 15.0% Bolsa),1392.0871462500002,537216.5919740427,826487.0645785948,760368.0994123073,-66118.9651662875,66118.9651662875,7.99999999999999
2027-02-15,15,2027-02-01,True,CUNDINAMARCA,11392875.16,464029.04875,202191306.57,131424349.27,385.9073,394424.69,69604.36,85.0,15.0,Cubierta (85.0% Contratos / 15.0% Bolsa),1392.0871462500002,537216.5919740427,826487.0645785948,760368.0994123073,-66118.9651662875,66118.9651662875,7.99999999999999
2027-02-15,15,2027-02-01,True,TOLIMA,9510557.11,464029.04875,202191306.57,131424349.27,385.9073,394424.69,69604.36,85.0,15.0,Cubierta (85.0% Contratos / 15.0% Bolsa),1392.0871462500002,537216.5919740427,826487.0645785948,760368.0994123073,-66118.9651662875,66118.9651662875,7.99999999999999
2027-02-16,16,2027-02-01,True,ANTIOQUIA,31865403.46,461307.495,201005444.5,130653538.92,386.5177,392111.37,69196.12,85.0,15.0,Cubierta (85.0% Contratos / 15.0% Bolsa),1383.922485,534910.5358804845,822939.2860014694,757104.1431213518,-65835.14288011752,65835.14288011752,7.9999999999999964
2027-02-16,16,2027-02-01,True,BOGOTA,44713845.84,461307.495,201005444.5,130653538.92,386.5177,392111.37,69196.12,85.0,15.0,Cubierta (85.0% Contratos / 15.0% Bolsa),1383.922485,534910.5358804845,822939.2860014694,757104.1431213518,-65835.14288011752,65835.14288011752,7.9999999999999964
2027-02-16,16,2027-02-01,True,CARIBE_MAR,34952961.01,461307.495,201005444.5,130653538.92,386.5177,392111.37,69196.12,85.0,15.0,Cubierta (85.0% Contratos / 15.0% Bolsa),1383.922485,534910.5358804845,822939.2860014694,757104.1431213518,-65835.14288011752,65835.14288011752,7.9999999999999964
2027-02-16,16,2027-02-01,True,CARIBE_SOL,27802176.87,461307.495,201005444.5,130653538.92,386.5177,392111.37,69196.12,85.0,15.0,Cubierta (85.0% Contratos / 15.0% Bolsa),1383.922485,534910.5358804845,822939.2860014694,757104.1431213518,-65835.14288011752,65835.14288011752,7.9999999999999964
2027-02-16,16,2027-02-01,True,VALLE,22966137.83,461307.495,201005444.5,130653538.92,386.5177,392111.37,69196.12,85.0,15.0,Cubierta (85.0% Contratos / 15.0% Bolsa),1383.922485,534910.5358804845,822939.2860014694,757104.1431213518,-65835.14288011752,65835.14288011752,7.9999999999999964
2027-02-16,16,2027-02-01,True,SANTANDER,17857059.57,461307.495,201005444.5,130653538.92,386.5177,392111.37,69196.12,85.0,15.0,Cubierta (85.0% Contratos / 15.0% Bolsa),1383.922485,534910.5358804845,822939.2860014694,757104.1431213518,-65835.14288011752,65835.14288011752,7.9999999999999964
2027-02-16,16,2027-02-01,True,CUNDINAMARCA,11360746.86,461307.495,201005444.5,130653538.92,386.5177,392111.37,69196.12,85.0,15.0,Cubierta (85.0% Contratos / 15.0% Bolsa),1383.922485,534910.5358804845,822939.2860014694,757104.1431213518,-65835.14288011752,65835.14288011752,7.9999999999999964
2027-02-16,16,2027-02-01,True,TOLIMA,9487113.06,461307.495,201005444.5,130653538.92,386.5177,392111.37,69196.12,85.0,15.0,Cubierta (85.0% Contratos / 15.0% Bolsa),1383.922485,534910.5358804845,822939.2860014694,757104.1431213518,-65835.14288011752,65835.14288011752,7.9999999999999964
2027-02-17,17,2027-02-01,True,ANTIOQUIA,31640154.85,464286.9925,202303700.66000003,131497405.43,387.1715,394643.94,69643.05,85.0,15.0,Cubierta (85.0% Contratos / 15.0% Bolsa),1392.8609775,539276.0739501412,829655.4983785233,763283.0585082414,-66372.43987028184,66372.43987028184,7.999999999999997
2027-02-17,17,2027-02-01,True,BOGOTA,44694995.57,464286.9925,202303700.66000003,131497405.43,387.1715,394643.94,69643.05,85.0,15.0,Cubierta (85.0% Contratos / 15.0% Bolsa),1392.8609775,539276.0739501412,829655.4983785233,763283.0585082414,-66372.43987028184,66372.43987028184,7.999999999999997
2027-02-17,17,2027-02-01,True,CARIBE_MAR,36150695.06,464286.9925,202303700.66000003,131497405.43,387.1715,394643.94,69643.05,85.0,15.0,Cubierta (85.0% Contratos / 15.0% Bolsa),1392.8609775,539276.0739501412,829655.4983785233,763283.0585082414,-66372.43987028184,66372.43987028184,7.999999999999997
2027-02-17,17,2027-02-01,True,CARIBE_SOL,27773345.42,464286.9925,202303700.66000003,131497405.43,387.1715,394643.94,69643.05,85.0,15.0,Cubierta (85.0% Contratos / 15.0% Bolsa),1392.8609775,539276.0739501412,829655.4983785233,763283.0585082414,-66372.43987028184,66372.43987028184,7.999999999999997
2027-02-17,17,2027-02-01,True,VALLE,23124657.38,464286.9925,202303700.66000003,131497405.43,387.1715,394643.94,69643.05,85.0,15.0,Cubierta (85.0% Contratos / 15.0% Bolsa),1392.8609775,539276.0739501412,829655.4983785233,763283.0585082414,-66372.43987028184,66372.43987028184,7.999999999999997
2027-02-17,17,2027-02-01,True,SANTANDER,17855479.84,464286.9925,202303700.66000003,131497405.43,387.1715,394643.94,69643.05,85.0,15.0,Cubierta (85.0% Contratos / 15.0% Bolsa),1392.8609775,539276.0739501412,829655.4983785233,763283.0585082414,-66372.43987028184,66372.43987028184,7.999999999999997
2027-02-17,17,2027-02-01,True,CUNDINAMARCA,11504397.99,464286.9925,202303700.66000003,131497405.43,387.1715,394643.94,69643.05,85.0,15.0,Cubierta (85.0% Contratos / 15.0% Bolsa),1392.8609775,539276.0739501412,829655.4983785233,763283.0585082414,-66372.43987028184,66372.43987028184,7.999999999999997
2027-02-17,17,2027-02-01,True,TOLIMA,9559974.55,464286.9925,202303700.66000003,131497405.43,387.1715,394643.94,69643.05,85.0,15.0,Cubierta (85.0% Contratos / 15.0% Bolsa),1392.8609775,539276.0739501412,829655.4983785233,763283.0585082414,-66372.43987028184,66372.43987028184,7.999999999999997
2027-02-18,18,2027-02-01,True,ANTIOQUIA,32126694.35,464072.605,202210285.37999997,131436685.5,387.8584,394461.71,69610.89,85.0,15.0,Cubierta (85.0% Contratos / 15.0% Bolsa),1392.217815,539983.3741773961,830743.6525616477,764284.1603567159,-66459.4922049318,66459.4922049318,7.999999999999997
2027-02-18,18,2027-02-01,True,BOGOTA,44832943.76,464072.605,202210285.37999997,131436685.5,387.8584,394461.71,69610.89,85.0,15.0,Cubierta (85.0% Contratos / 15.0% Bolsa),1392.217815,539983.3741773961,830743.6525616477,764284.1603567159,-66459.4922049318,66459.4922049318,7.999999999999997
2027-02-18,18,2027-02-01,True,CARIBE_MAR,35876818.16,464072.605,202210285.37999997,131436685.5,387.8584,394461.71,69610.89,85.0,15.0,Cubierta (85.0% Contratos / 15.0% Bolsa),1392.217815,539983.3741773961,830743.6525616477,764284.1603567159,-66459.4922049318,66459.4922049318,7.999999999999997
2027-02-18,18,2027-02-01,True,CARIBE_SOL,27685718.92,464072.605,202210285.37999997,131436685.5,387.8584,394461.71,69610.89,85.0,15.0,Cubierta (85.0% Contratos / 15.0% Bolsa),1392.217815,539983.3741773961,830743.6525616477,764284.1603567159,-66459.4922049318,66459.4922049318,7.999999999999997
2027-02-18,18,2027-02-01,True,VALLE,22813231.08,464072.605,202210285.37999997,131436685.5,387.8584,394461.71,69610.89,85.0,15.0,Cubierta (85.0% Contratos / 15.0% Bolsa),1392.217815,539983.3741773961,830743.6525616477,764284.1603567159,-66459.4922049318,66459.4922049318,7.999999999999997
2027-02-18,18,2027-02-01,True,SANTANDER,17802229.2,464072.605,202210285.37999997,131436685.5,387.8584,394461.71,69610.89,85.0,15.0,Cubierta (85.0% Contratos / 15.0% Bolsa),1392.217815,539983.3741773961,830743.6525616477,764284.1603567159,-66459.4922049318,66459.4922049318,7.999999999999997
2027-02-18,18,2027-02-01,True,CUNDINAMARCA,11404790.93,464072.605,202210285.37999997,131436685.5,387.8584,394461.71,69610.89,85.0,15.0,Cubierta (85.0% Contratos / 15.0% Bolsa),1392.217815,539983.3741773961,830743.6525616477,764284.1603567159,-66459.4922049318,66459.4922049318,7.999999999999997
2027-02-18,18,2027-02-01,True,TOLIMA,9667858.98,464072.605,202210285.37999997,131436685.5,387.8584,394461.71,69610.89,85.0,15.0,Cubierta (85.0% Contratos / 15.0% Bolsa),1392.217815,539983.3741773961,830743.6525616477,764284.1603567159,-66459.4922049318,66459.4922049318,7.999999999999997
2027-02-19,19,2027-02-01,True,ANTIOQUIA,31680861.18,462577.01625,201558612.93,131013098.4,388.5675,393190.46,69386.55,85.0,15.0,Cubierta (85.0% Contratos / 15.0% Bolsa),1387.73104875,539227.1842851656,829580.2835441337,763213.860860603,-66366.4226835306,66366.4226835306,7.999999999999989
2027-02-19,19,2027-02-01,True,BOGOTA,44361556.74,462577.01625,201558612.93,131013098.4,388.5675,393190.46,69386.55,85.0,15.0,Cubierta (85.0% Contratos / 15.0% Bolsa),1387.73104875,539227.1842851656,829580.2835441337,763213.860860603,-66366.4226835306,66366.4226835306,7.999999999999989
2027-02-19,19,2027-02-01,True,CARIBE_MAR,35740909.44,462577.01625,201558612.93,131013098.4,388.5675,393190.46,69386.55,85.0,15.0,Cubierta (85.0% Contratos / 15.0% Bolsa),1387.73104875,539227.1842851656,829580.2835441337,763213.860860603,-66366.4226835306,66366.4226835306,7.999999999999989
2027-02-19,19,2027-02-01,True,CARIBE_SOL,28147974.45,462577.01625,201558612.93,131013098.4,388.5675,393190.46,69386.55,85.0,15.0,Cubierta (85.0% Contratos / 15.0% Bolsa),1387.73104875,539227.1842851656,829580.2835441337,763213.860860603,-66366.4226835306,66366.4226835306,7.999999999999989
2027-02-19,19,2027-02-01,True,VALLE,23155320.24,462577.01625,201558612.93,131013098.4,388.5675,393190.46,69386.55,85.0,15.0,Cubierta (85.0% Contratos / 15.0% Bolsa),1387.73104875,539227.1842851656,829580.2835441337,763213.860860603,-66366.4226835306,66366.4226835306,7.999999999999989
2027-02-19,19,2027-02-01,True,SANTANDER,17728741.6,462577.01625,201558612.93,131013098.4,388.5675,393190.46,69386.55,85.0,15.0,Cubierta (85.0% Contratos / 15.0% Bolsa),1387.73104875,539227.1842851656,829580.2835441337,763213.860860603,-66366.4226835306,66366.4226835306,7.999999999999989
2027-02-19,19,2027-02-01,True,CUNDINAMARCA,11204963.04,462577.01625,201558612.93,131013098.4,388.5675,393190.46,69386.55,85.0,15.0,Cubierta (85.0% Contratos / 15.0% Bolsa),1387.73104875,539227.1842851656,829580.2835441337,763213.860860603,-66366.4226835306,66366.4226835306,7.999999999999989
2027-02-19,19,2027-02-01,True,TOLIMA,9538286.24,462577.01625,201558612.93,131013098.4,388.5675,393190.46,69386.55,85.0,15.0,Cubierta (85.0% Contratos / 15.0% Bolsa),1387.73104875,539227.1842851656,829580.2835441337,763213.860860603,-66366.4226835306,66366.4226835306,7.999999999999989
2027-02-20,20,2027-02-01,True,ANTIOQUIA,26662527.74,327925.01625,169470292.32,110155690.01,389.2874,278736.26,49188.75,85.0,15.0,Cubierta (85.0% Contratos / 15.0% Bolsa),983.77504875,382971.2309127607,589186.5090858575,542051.588358989,-47134.92072686856,47134.92072686856,7.999999999999992
2027-02-20,20,2027-02-01,True,BOGOTA,37298871.57,327925.01625,169470292.32,110155690.01,389.2874,278736.26,49188.75,85.0,15.0,Cubierta (85.0% Contratos / 15.0% Bolsa),983.77504875,382971.2309127607,589186.5090858575,542051.588358989,-47134.92072686856,47134.92072686856,7.999999999999992
2027-02-20,20,2027-02-01,True,CARIBE_MAR,29906620.83,327925.01625,169470292.32,110155690.01,389.2874,278736.26,49188.75,85.0,15.0,Cubierta (85.0% Contratos / 15.0% Bolsa),983.77504875,382971.2309127607,589186.5090858575,542051.588358989,-47134.92072686856,47134.92072686856,7.999999999999992
2027-02-20,20,2027-02-01,True,CARIBE_SOL,23659973.05,327925.01625,169470292.32,110155690.01,389.2874,278736.26,49188.75,85.0,15.0,Cubierta (85.0% Contratos / 15.0% Bolsa),983.77504875,382971.2309127607,589186.5090858575,542051.588358989,-47134.92072686856,47134.92072686856,7.999999999999992
2027-02-20,20,2027-02-01,True,VALLE,19332051.12,327925.01625,169470292.32,110155690.01,389.2874,278736.26,49188.75,85.0,15.0,Cubierta (85.0% Contratos / 15.0% Bolsa),983.77504875,382971.2309127607,589186.5090858575,542051.588358989,-47134.92072686856,47134.92072686856,7.999999999999992
2027-02-20,20,2027-02-01,True,SANTANDER,14903228.46,327925.01625,169470292.32,110155690.01,389.2874,278736.26,49188.75,85.0,15.0,Cubierta (85.0% Contratos / 15.0% Bolsa),983.77504875,382971.2309127607,589186.5090858575,542051.588358989,-47134.92072686856,47134.92072686856,7.999999999999992
2027-02-20,20,2027-02-01,True,CUNDINAMARCA,9672367.92,327925.01625,169470292.32,110155690.01,389.2874,278736.26,49188.75,85.0,15.0,Cubierta (85.0% Contratos / 15.0% Bolsa),983.77504875,382971.2309127607,589186.5090858575,542051.588358989,-47134.92072686856,47134.92072686856,7.999999999999992
2027-02-20,20,2027-02-01,True,TOLIMA,8034651.63,327925.01625,169470292.32,110155690.01,389.2874,278736.26,49188.75,85.0,15.0,Cubierta (85.0% Contratos / 15.0% Bolsa),983.77504875,382971.2309127607,589186.5090858575,542051.588358989,-47134.92072686856,47134.92072686856,7.999999999999992
2027-02-21,21,2027-02-01,True,ANTIOQUIA,26824607.06,329558.4275,170314432.67000005,110704381.24,390.0064,280124.66,49433.76,85.0,15.0,Cubierta (85.0% Contratos / 15.0% Bolsa),988.6752825,385589.68769680796,593214.9041248221,545757.7117948363,-47457.19232998579,47457.19232998579,8.000000000000004
2027-02-21,21,2027-02-01,True,BOGOTA,37332175.08,329558.4275,170314432.67000005,110704381.24,390.0064,280124.66,49433.76,85.0,15.0,Cubierta (85.0% Contratos / 15.0% Bolsa),988.6752825,385589.68769680796,593214.9041248221,545757.7117948363,-47457.19232998579,47457.19232998579,8.000000000000004
2027-02-21,21,2027-02-01,True,CARIBE_MAR,30138487.94,329558.4275,170314432.67000005,110704381.24,390.0064,280124.66,49433.76,85.0,15.0,Cubierta (85.0% Contratos / 15.0% Bolsa),988.6752825,385589.68769680796,593214.9041248221,545757.7117948363,-47457.19232998579,47457.19232998579,8.000000000000004
2027-02-21,21,2027-02-01,True,CARIBE_SOL,23588010.98,329558.4275,170314432.67000005,110704381.24,390.0064,280124.66,49433.76,85.0,15.0,Cubierta (85.0% Contratos / 15.0% Bolsa),988.6752825,385589.68769680796,593214.9041248221,545757.7117948363,-47457.19232998579,47457.19232998579,8.000000000000004
2027-02-21,21,2027-02-01,True,VALLE,19612029.36,329558.4275,170314432.67000005,110704381.24,390.0064,280124.66,49433.76,85.0,15.0,Cubierta (85.0% Contratos / 15.0% Bolsa),988.6752825,385589.68769680796,593214.9041248221,545757.7117948363,-47457.19232998579,47457.19232998579,8.000000000000004
2027-02-21,21,2027-02-01,True,SANTANDER,15087989.03,329558.4275,170314432.67000005,110704381.24,390.0064,280124.66,49433.76,85.0,15.0,Cubierta (85.0% Contratos / 15.0% Bolsa),988.6752825,385589.68769680796,593214.9041248221,545757.7117948363,-47457.19232998579,47457.19232998579,8.000000000000004
2027-02-21,21,2027-02-01,True,CUNDINAMARCA,9755765.14,329558.4275,170314432.67000005,110704381.24,390.0064,280124.66,49433.76,85.0,15.0,Cubierta (85.0% Contratos / 15.0% Bolsa),988.6752825,385589.68769680796,593214.9041248221,545757.7117948363,-47457.19232998579,47457.19232998579,8.000000000000004
2027-02-21,21,2027-02-01,True,TOLIMA,7975368.08,329558.4275,170314432.67000005,110704381.24,390.0064,280124.66,49433.76,85.0,15.0,Cubierta (85.0% Contratos / 15.0% Bolsa),988.6752825,385589.68769680796,593214.9041248221,545757.7117948363,-47457.19232998579,47457.19232998579,8.000000000000004
2027-02-22,22,2027-02-01,True,ANTIOQUIA,31387659.0,460309.95625,200570787.19,130371011.67,390.713,391263.46,69046.49,85.0,15.0,Cubierta (85.0% Contratos / 15.0% Bolsa),1380.92986875,539547.2518089188,830072.6951129286,763666.8795038944,-66405.81560903427,66405.81560903427,7.999999999999997
2027-02-22,22,2027-02-01,True,BOGOTA,44142484.38,460309.95625,200570787.19,130371011.67,390.713,391263.46,69046.49,85.0,15.0,Cubierta (85.0% Contratos / 15.0% Bolsa),1380.92986875,539547.2518089188,830072.6951129286,763666.8795038944,-66405.81560903427,66405.81560903427,7.999999999999997
2027-02-22,22,2027-02-01,True,CARIBE_MAR,36020426.36,460309.95625,200570787.19,130371011.67,390.713,391263.46,69046.49,85.0,15.0,Cubierta (85.0% Contratos / 15.0% Bolsa),1380.92986875,539547.2518089188,830072.6951129286,763666.8795038944,-66405.81560903427,66405.81560903427,7.999999999999997
2027-02-22,22,2027-02-01,True,CARIBE_SOL,27753011.48,460309.95625,200570787.19,130371011.67,390.713,391263.46,69046.49,85.0,15.0,Cubierta (85.0% Contratos / 15.0% Bolsa),1380.92986875,539547.2518089188,830072.6951129286,763666.8795038944,-66405.81560903427,66405.81560903427,7.999999999999997
2027-02-22,22,2027-02-01,True,VALLE,22679096.03,460309.95625,200570787.19,130371011.67,390.713,391263.46,69046.49,85.0,15.0,Cubierta (85.0% Contratos / 15.0% Bolsa),1380.92986875,539547.2518089188,830072.6951129286,763666.8795038944,-66405.81560903427,66405.81560903427,7.999999999999997
2027-02-22,22,2027-02-01,True,SANTANDER,17621082.25,460309.95625,200570787.19,130371011.67,390.713,391263.46,69046.49,85.0,15.0,Cubierta (85.0% Contratos / 15.0% Bolsa),1380.92986875,539547.2518089188,830072.6951129286,763666.8795038944,-66405.81560903427,66405.81560903427,7.999999999999997
2027-02-22,22,2027-02-01,True,CUNDINAMARCA,11404333.73,460309.95625,200570787.19,130371011.67,390.713,391263.46,69046.49,85.0,15.0,Cubierta (85.0% Contratos / 15.0% Bolsa),1380.92986875,539547.2518089188,830072.6951129286,763666.8795038944,-66405.81560903427,66405.81560903427,7.999999999999997
2027-02-22,22,2027-02-01,True,TOLIMA,9562693.96,460309.95625,200570787.19,130371011.67,390.713,391263.46,69046.49,85.0,15.0,Cubierta (85.0% Contratos / 15.0% Bolsa),1380.92986875,539547.2518089188,830072.6951129286,763666.8795038944,-66405.81560903427,66405.81560903427,7.999999999999997
2027-02-23,23,2027-02-01,True,ANTIOQUIA,31780854.74,463339.2075,201890722.36,131228969.53,391.3959,393838.33,69500.88,85.0,15.0,Cubierta (85.0% Contratos / 15.0% Bolsa),1390.0176225,544047.1983742478,836995.6898320476,770036.0346454838,-66959.65518656373,66959.65518656373,7.99999999999999
2027-02-23,23,2027-02-01,True,BOGOTA,44761724.7,463339.2075,201890722.36,131228969.53,391.3959,393838.33,69500.88,85.0,15.0,Cubierta (85.0% Contratos / 15.0% Bolsa),1390.0176225,544047.1983742478,836995.6898320476,770036.0346454838,-66959.65518656373,66959.65518656373,7.99999999999999
2027-02-23,23,2027-02-01,True,CARIBE_MAR,35158792.92,463339.2075,201890722.36,131228969.53,391.3959,393838.33,69500.88,85.0,15.0,Cubierta (85.0% Contratos / 15.0% Bolsa),1390.0176225,544047.1983742478,836995.6898320476,770036.0346454838,-66959.65518656373,66959.65518656373,7.99999999999999
2027-02-23,23,2027-02-01,True,CARIBE_SOL,27938950.66,463339.2075,201890722.36,131228969.53,391.3959,393838.33,69500.88,85.0,15.0,Cubierta (85.0% Contratos / 15.0% Bolsa),1390.0176225,544047.1983742478,836995.6898320476,770036.0346454838,-66959.65518656373,66959.65518656373,7.99999999999999
2027-02-23,23,2027-02-01,True,VALLE,22931817.09,463339.2075,201890722.36,131228969.53,391.3959,393838.33,69500.88,85.0,15.0,Cubierta (85.0% Contratos / 15.0% Bolsa),1390.0176225,544047.1983742478,836995.6898320476,770036.0346454838,-66959.65518656373,66959.65518656373,7.99999999999999
2027-02-23,23,2027-02-01,True,SANTANDER,18117866.62,463339.2075,201890722.36,131228969.53,391.3959,393838.33,69500.88,85.0,15.0,Cubierta (85.0% Contratos / 15.0% Bolsa),1390.0176225,544047.1983742478,836995.6898320476,770036.0346454838,-66959.65518656373,66959.65518656373,7.99999999999999
2027-02-23,23,2027-02-01,True,CUNDINAMARCA,11551617.14,463339.2075,201890722.36,131228969.53,391.3959,393838.33,69500.88,85.0,15.0,Cubierta (85.0% Contratos / 15.0% Bolsa),1390.0176225,544047.1983742478,836995.6898320476,770036.0346454838,-66959.65518656373,66959.65518656373,7.99999999999999
2027-02-23,23,2027-02-01,True,TOLIMA,9649098.49,463339.2075,201890722.36,131228969.53,391.3959,393838.33,69500.88,85.0,15.0,Cubierta (85.0% Contratos / 15.0% Bolsa),1390.0176225,544047.1983742478,836995.6898320476,770036.0346454838,-66959.65518656373,66959.65518656373,7.99999999999999
2027-02-24,24,2027-02-01,True,ANTIOQUIA,31912845.54,462082.73875,201343241.11,130873106.72,392.0442,392770.33,69312.41,85.0,15.0,Cubierta (85.0% Contratos / 15.0% Bolsa),1386.24821625,543470.5729411582,836108.5737652112,769219.8878639943,-66888.68590121681,66888.68590121681,7.99999999999999
2027-02-24,24,2027-02-01,True,BOGOTA,44112634.95,462082.73875,201343241.11,130873106.72,392.0442,392770.33,69312.41,85.0,15.0,Cubierta (85.0% Contratos / 15.0% Bolsa),1386.24821625,543470.5729411582,836108.5737652112,769219.8878639943,-66888.68590121681,66888.68590121681,7.99999999999999
2027-02-24,24,2027-02-01,True,CARIBE_MAR,35616920.6,462082.73875,201343241.11,130873106.72,392.0442,392770.33,69312.41,85.0,15.0,Cubierta (85.0% Contratos / 15.0% Bolsa),1386.24821625,543470.5729411582,836108.5737652112,769219.8878639943,-66888.68590121681,66888.68590121681,7.99999999999999
2027-02-24,24,2027-02-01,True,CARIBE_SOL,28130291.65,462082.73875,201343241.11,130873106.72,392.0442,392770.33,69312.41,85.0,15.0,Cubierta (85.0% Contratos / 15.0% Bolsa),1386.24821625,543470.5729411582,836108.5737652112,769219.8878639943,-66888.68590121681,66888.68590121681,7.99999999999999
2027-02-24,24,2027-02-01,True,VALLE,22910498.43,462082.73875,201343241.11,130873106.72,392.0442,392770.33,69312.41,85.0,15.0,Cubierta (85.0% Contratos / 15.0% Bolsa),1386.24821625,543470.5729411582,836108.5737652112,769219.8878639943,-66888.68590121681,66888.68590121681,7.99999999999999
2027-02-24,24,2027-02-01,True,SANTANDER,17689156.22,462082.73875,201343241.11,130873106.72,392.0442,392770.33,69312.41,85.0,15.0,Cubierta (85.0% Contratos / 15.0% Bolsa),1386.24821625,543470.5729411582,836108.5737652112,769219.8878639943,-66888.68590121681,66888.68590121681,7.99999999999999
2027-02-24,24,2027-02-01,True,CUNDINAMARCA,11409469.61,462082.73875,201343241.11,130873106.72,392.0442,392770.33,69312.41,85.0,15.0,Cubierta (85.0% Contratos / 15.0% Bolsa),1386.24821625,543470.5729411582,836108.5737652112,769219.8878639943,-66888.68590121681,66888.68590121681,7.99999999999999
2027-02-24,24,2027-02-01,True,TOLIMA,9561424.11,462082.73875,201343241.11,130873106.72,392.0442,392770.33,69312.41,85.0,15.0,Cubierta (85.0% Contratos / 15.0% Bolsa),1386.24821625,543470.5729411582,836108.5737652112,769219.8878639943,-66888.68590121681,66888.68590121681,7.99999999999999
2027-02-25,25,2027-02-01,True,ANTIOQUIA,31592277.92,461736.56,201192400.74,130775060.48,392.6476,392476.08,69260.48,85.0,15.0,Cubierta (85.0% Contratos / 15.0% Bolsa),1385.20968,543899.256348768,836768.0866968109,769826.6397610661,-66941.44693574484,66941.44693574484,7.9999999999999964
2027-02-25,25,2027-02-01,True,BOGOTA,44398213.53,461736.56,201192400.74,130775060.48,392.6476,392476.08,69260.48,85.0,15.0,Cubierta (85.0% Contratos / 15.0% Bolsa),1385.20968,543899.256348768,836768.0866968109,769826.6397610661,-66941.44693574484,66941.44693574484,7.9999999999999964
2027-02-25,25,2027-02-01,True,CARIBE_MAR,35444763.36,461736.56,201192400.74,130775060.48,392.6476,392476.08,69260.48,85.0,15.0,Cubierta (85.0% Contratos / 15.0% Bolsa),1385.20968,543899.256348768,836768.0866968109,769826.6397610661,-66941.44693574484,66941.44693574484,7.9999999999999964
2027-02-25,25,2027-02-01,True,CARIBE_SOL,28146028.13,461736.56,201192400.74,130775060.48,392.6476,392476.08,69260.48,85.0,15.0,Cubierta (85.0% Contratos / 15.0% Bolsa),1385.20968,543899.256348768,836768.0866968109,769826.6397610661,-66941.44693574484,66941.44693574484,7.9999999999999964
2027-02-25,25,2027-02-01,True,VALLE,22635737.95,461736.56,201192400.74,130775060.48,392.6476,392476.08,69260.48,85.0,15.0,Cubierta (85.0% Contratos / 15.0% Bolsa),1385.20968,543899.256348768,836768.0866968109,769826.6397610661,-66941.44693574484,66941.44693574484,7.9999999999999964
2027-02-25,25,2027-02-01,True,SANTANDER,17948832.94,461736.56,201192400.74,130775060.48,392.6476,392476.08,69260.48,85.0,15.0,Cubierta (85.0% Contratos / 15.0% Bolsa),1385.20968,543899.256348768,836768.0866968109,769826.6397610661,-66941.44693574484,66941.44693574484,7.9999999999999964
2027-02-25,25,2027-02-01,True,CUNDINAMARCA,11448568.3,461736.56,201192400.74,130775060.48,392.6476,392476.08,69260.48,85.0,15.0,Cubierta (85.0% Contratos / 15.0% Bolsa),1385.20968,543899.256348768,836768.0866968109,769826.6397610661,-66941.44693574484,66941.44693574484,7.9999999999999964
2027-02-25,25,2027-02-01,True,TOLIMA,9577978.61,461736.56,201192400.74,130775060.48,392.6476,392476.08,69260.48,85.0,15.0,Cubierta (85.0% Contratos / 15.0% Bolsa),1385.20968,543899.256348768,836768.0866968109,769826.6397610661,-66941.44693574484,66941.44693574484,7.9999999999999964
2027-02-26,26,2027-02-01,True,ANTIOQUIA,32122254.79,464964.10125,202598736.80999997,131689178.93,393.1971,395219.49,69744.62,85.0,15.0,Cubierta (85.0% Contratos / 15.0% Bolsa),1394.89230375,548467.6086468191,843796.3209726801,776292.6152948657,-67503.70567781443,67503.70567781443,8.000000000000004
2027-02-26,26,2027-02-01,True,BOGOTA,44988367.97,464964.10125,202598736.80999997,131689178.93,393.1971,395219.49,69744.62,85.0,15.0,Cubierta (85.0% Contratos / 15.0% Bolsa),1394.89230375,548467.6086468191,843796.3209726801,776292.6152948657,-67503.70567781443,67503.70567781443,8.000000000000004
2027-02-26,26,2027-02-01,True,CARIBE_MAR,35741134.01,464964.10125,202598736.80999997,131689178.93,393.1971,395219.49,69744.62,85.0,15.0,Cubierta (85.0% Contratos / 15.0% Bolsa),1394.89230375,548467.6086468191,843796.3209726801,776292.6152948657,-67503.70567781443,67503.70567781443,8.000000000000004
2027-02-26,26,2027-02-01,True,CARIBE_SOL,28037243.32,464964.10125,202598736.80999997,131689178.93,393.1971,395219.49,69744.62,85.0,15.0,Cubierta (85.0% Contratos / 15.0% Bolsa),1394.89230375,548467.6086468191,843796.3209726801,776292.6152948657,-67503.70567781443,67503.70567781443,8.000000000000004
2027-02-26,26,2027-02-01,True,VALLE,22991415.06,464964.10125,202598736.80999997,131689178.93,393.1971,395219.49,69744.62,85.0,15.0,Cubierta (85.0% Contratos / 15.0% Bolsa),1394.89230375,548467.6086468191,843796.3209726801,776292.6152948657,-67503.70567781443,67503.70567781443,8.000000000000004
2027-02-26,26,2027-02-01,True,SANTANDER,17877119.06,464964.10125,202598736.80999997,131689178.93,393.1971,395219.49,69744.62,85.0,15.0,Cubierta (85.0% Contratos / 15.0% Bolsa),1394.89230375,548467.6086468191,843796.3209726801,776292.6152948657,-67503.70567781443,67503.70567781443,8.000000000000004
2027-02-26,26,2027-02-01,True,CUNDINAMARCA,11413709.17,464964.10125,202598736.80999997,131689178.93,393.1971,395219.49,69744.62,85.0,15.0,Cubierta (85.0% Contratos / 15.0% Bolsa),1394.89230375,548467.6086468191,843796.3209726801,776292.6152948657,-67503.70567781443,67503.70567781443,8.000000000000004
2027-02-26,26,2027-02-01,True,TOLIMA,9427493.43,464964.10125,202598736.80999997,131689178.93,393.1971,395219.49,69744.62,85.0,15.0,Cubierta (85.0% Contratos / 15.0% Bolsa),1394.89230375,548467.6086468191,843796.3209726801,776292.6152948657,-67503.70567781443,67503.70567781443,8.000000000000004
2027-02-27,27,2027-02-01,True,ANTIOQUIA,27150686.96,330198.73625,170645341.69999996,110919472.1,393.6845,280668.93,49529.81,85.0,15.0,Cubierta (85.0% Contratos / 15.0% Bolsa),990.5962087500001,389982.3731436394,599972.8817864907,551975.0512435714,-47997.830542919226,47997.830542919226,7.9999999999999964
2027-02-27,27,2027-02-01,True,BOGOTA,37701712.92,330198.73625,170645341.69999996,110919472.1,393.6845,280668.93,49529.81,85.0,15.0,Cubierta (85.0% Contratos / 15.0% Bolsa),990.5962087500001,389982.3731436394,599972.8817864907,551975.0512435714,-47997.830542919226,47997.830542919226,7.9999999999999964
2027-02-27,27,2027-02-01,True,CARIBE_MAR,30037662.8,330198.73625,170645341.69999996,110919472.1,393.6845,280668.93,49529.81,85.0,15.0,Cubierta (85.0% Contratos / 15.0% Bolsa),990.5962087500001,389982.3731436394,599972.8817864907,551975.0512435714,-47997.830542919226,47997.830542919226,7.9999999999999964
2027-02-27,27,2027-02-01,True,CARIBE_SOL,23635162.84,330198.73625,170645341.69999996,110919472.1,393.6845,280668.93,49529.81,85.0,15.0,Cubierta (85.0% Contratos / 15.0% Bolsa),990.5962087500001,389982.3731436394,599972.8817864907,551975.0512435714,-47997.830542919226,47997.830542919226,7.9999999999999964
2027-02-27,27,2027-02-01,True,VALLE,19345427.23,330198.73625,170645341.69999996,110919472.1,393.6845,280668.93,49529.81,85.0,15.0,Cubierta (85.0% Contratos / 15.0% Bolsa),990.5962087500001,389982.3731436394,599972.8817864907,551975.0512435714,-47997.830542919226,47997.830542919226,7.9999999999999964
2027-02-27,27,2027-02-01,True,SANTANDER,15015327.64,330198.73625,170645341.69999996,110919472.1,393.6845,280668.93,49529.81,85.0,15.0,Cubierta (85.0% Contratos / 15.0% Bolsa),990.5962087500001,389982.3731436394,599972.8817864907,551975.0512435714,-47997.830542919226,47997.830542919226,7.9999999999999964
2027-02-27,27,2027-02-01,True,CUNDINAMARCA,9709585.14,330198.73625,170645341.69999996,110919472.1,393.6845,280668.93,49529.81,85.0,15.0,Cubierta (85.0% Contratos / 15.0% Bolsa),990.5962087500001,389982.3731436394,599972.8817864907,551975.0512435714,-47997.830542919226,47997.830542919226,7.9999999999999964
2027-02-27,27,2027-02-01,True,TOLIMA,8049776.17,330198.73625,170645341.69999996,110919472.1,393.6845,280668.93,49529.81,85.0,15.0,Cubierta (85.0% Contratos / 15.0% Bolsa),990.5962087500001,389982.3731436394,599972.8817864907,551975.0512435714,-47997.830542919226,47997.830542919226,7.9999999999999964
2027-02-28,28,2027-02-01,True,ANTIOQUIA,27073672.71,328186.155,169605248.08999997,110243411.26,394.1028,278958.23,49227.92,85.0,15.0,Cubierta (85.0% Contratos / 15.0% Bolsa),984.5584650000001,388017.247820202,596949.6120229576,549193.6430611211,-47755.96896183654,47755.96896183654,7.999999999999988
2027-02-28,28,2027-02-01,True,BOGOTA,37243607.23,328186.155,169605248.08999997,110243411.26,394.1028,278958.23,49227.92,85.0,15.0,Cubierta (85.0% Contratos / 15.0% Bolsa),984.5584650000001,388017.247820202,596949.6120229576,549193.6430611211,-47755.96896183654,47755.96896183654,7.999999999999988
2027-02-28,28,2027-02-01,True,CARIBE_MAR,29735668.54,328186.155,169605248.08999997,110243411.26,394.1028,278958.23,49227.92,85.0,15.0,Cubierta (85.0% Contratos / 15.0% Bolsa),984.5584650000001,388017.247820202,596949.6120229576,549193.6430611211,-47755.96896183654,47755.96896183654,7.999999999999988
2027-02-28,28,2027-02-01,True,CARIBE_SOL,23452134.77,328186.155,169605248.08999997,110243411.26,394.1028,278958.23,49227.92,85.0,15.0,Cubierta (85.0% Contratos / 15.0% Bolsa),984.5584650000001,388017.247820202,596949.6120229576,549193.6430611211,-47755.96896183654,47755.96896183654,7.999999999999988
2027-02-28,28,2027-02-01,True,VALLE,19350589.18,328186.155,169605248.08999997,110243411.26,394.1028,278958.23,49227.92,85.0,15.0,Cubierta (85.0% Contratos / 15.0% Bolsa),984.5584650000001,388017.247820202,596949.6120229576,549193.6430611211,-47755.96896183654,47755.96896183654,7.999999999999988
2027-02-28,28,2027-02-01,True,SANTANDER,15047682.68,328186.155,169605248.08999997,110243411.26,394.1028,278958.23,49227.92,85.0,15.0,Cubierta (85.0% Contratos / 15.0% Bolsa),984.5584650000001,388017.247820202,596949.6120229576,549193.6430611211,-47755.96896183654,47755.96896183654,7.999999999999988
2027-02-28,28,2027-02-01,True,CUNDINAMARCA,9656082.86,328186.155,169605248.08999997,110243411.26,394.1028,278958.23,49227.92,85.0,15.0,Cubierta (85.0% Contratos / 15.0% Bolsa),984.5584650000001,388017.247820202,596949.6120229576,549193.6430611211,-47755.96896183654,47755.96896183654,7.999999999999988
2027-02-28,28,2027-02-01,True,TOLIMA,8045810.12,328186.155,169605248.08999997,110243411.26,394.1028,278958.23,49227.92,85.0,15.0,Cubierta (85.0% Contratos / 15.0% Bolsa),984.5584650000001,388017.247820202,596949.6120229576,549193.6430611211,-47755.96896183654,47755.96896183654,7.999999999999988
