Fecha (Día),dia,Período (Mes),Es Pronóstico (Sí/No),Código Mercado Comercialización,Demanda Mercado Total (VR - DemaCome) [kWh],Demanda Comercial Agente (VR - DemaComeReg) [kWh],vr_total_todos_agentes_kwh,vr_total_cniors_kwh,Costo Unitario (CU - PrecPromCont) [COP/kWh],Cobertura Energía en Contratos [kWh],Exposición Energía en Bolsa Spot [kWh],Porcentaje Cobertura Contratos [%],Porcentaje Exposición Bolsa Spot [%],Estado Cobertura Demanda,Asignación Diaria PUI [kWh],Valor Diarios PUI [COP],Egreso Giro Diario al CIOR [COP],Recaudo Real Diario Agente [COP],Flujo Neto Caja Diarios [COP],Sobrecosto Diarios [COP],pct_perdida_incobrabilidad
2026-08-28,28,2026-08-01,True,ANTIOQUIA,30135067.3,436673.5125,190271683.10000002,123676594.02,362.8469,371172.49,65501.03,85.0,15.0,Cubierta (85.0% Contratos / 15.0% Bolsa),1310.0205375,475336.8909682088,731287.5245369107,672784.5225739579,-58503.00196295278,58503.00196295278,7.99999999999999
2026-08-28,28,2026-08-01,True,BOGOTA,41869751.32,436673.5125,190271683.10000002,123676594.02,362.8469,371172.49,65501.03,85.0,15.0,Cubierta (85.0% Contratos / 15.0% Bolsa),1310.0205375,475336.8909682088,731287.5245369107,672784.5225739579,-58503.00196295278,58503.00196295278,7.99999999999999
2026-08-28,28,2026-08-01,True,CARIBE_MAR,33638904.89,436673.5125,190271683.10000002,123676594.02,362.8469,371172.49,65501.03,85.0,15.0,Cubierta (85.0% Contratos / 15.0% Bolsa),1310.0205375,475336.8909682088,731287.5245369107,672784.5225739579,-58503.00196295278,58503.00196295278,7.99999999999999
2026-08-28,28,2026-08-01,True,CARIBE_SOL,26400986.96,436673.5125,190271683.10000002,123676594.02,362.8469,371172.49,65501.03,85.0,15.0,Cubierta (85.0% Contratos / 15.0% Bolsa),1310.0205375,475336.8909682088,731287.5245369107,672784.5225739579,-58503.00196295278,58503.00196295278,7.99999999999999
2026-08-28,28,2026-08-01,True,VALLE,21571646.27,436673.5125,190271683.10000002,123676594.02,362.8469,371172.49,65501.03,85.0,15.0,Cubierta (85.0% Contratos / 15.0% Bolsa),1310.0205375,475336.8909682088,731287.5245369107,672784.5225739579,-58503.00196295278,58503.00196295278,7.99999999999999
2026-08-28,28,2026-08-01,True,SANTANDER,16718473.08,436673.5125,190271683.10000002,123676594.02,362.8469,371172.49,65501.03,85.0,15.0,Cubierta (85.0% Contratos / 15.0% Bolsa),1310.0205375,475336.8909682088,731287.5245369107,672784.5225739579,-58503.00196295278,58503.00196295278,7.99999999999999
2026-08-28,28,2026-08-01,True,CUNDINAMARCA,10825551.47,436673.5125,190271683.10000002,123676594.02,362.8469,371172.49,65501.03,85.0,15.0,Cubierta (85.0% Contratos / 15.0% Bolsa),1310.0205375,475336.8909682088,731287.5245369107,672784.5225739579,-58503.00196295278,58503.00196295278,7.99999999999999
2026-08-28,28,2026-08-01,True,TOLIMA,9111301.81,436673.5125,190271683.10000002,123676594.02,362.8469,371172.49,65501.03,85.0,15.0,Cubierta (85.0% Contratos / 15.0% Bolsa),1310.0205375,475336.8909682088,731287.5245369107,672784.5225739579,-58503.00196295278,58503.00196295278,7.99999999999999
2026-08-29,29,2026-08-01,True,ANTIOQUIA,25464416.25,312486.675,161491821.72,104969684.12,363.5664,265613.67,46873.0,85.0,15.0,Cubierta (85.0% Contratos / 15.0% Bolsa),937.460025,340828.96643316,524352.2560410248,482404.07555774285,-41948.18048328196,41948.18048328196,7.9999999999999964
2026-08-29,29,2026-08-01,True,BOGOTA,35564563.08,312486.675,161491821.72,104969684.12,363.5664,265613.67,46873.0,85.0,15.0,Cubierta (85.0% Contratos / 15.0% Bolsa),937.460025,340828.96643316,524352.2560410248,482404.07555774285,-41948.18048328196,41948.18048328196,7.9999999999999964
2026-08-29,29,2026-08-01,True,CARIBE_MAR,28673815.3,312486.675,161491821.72,104969684.12,363.5664,265613.67,46873.0,85.0,15.0,Cubierta (85.0% Contratos / 15.0% Bolsa),937.460025,340828.96643316,524352.2560410248,482404.07555774285,-41948.18048328196,41948.18048328196,7.9999999999999964
2026-08-29,29,2026-08-01,True,CARIBE_SOL,22578548.52,312486.675,161491821.72,104969684.12,363.5664,265613.67,46873.0,85.0,15.0,Cubierta (85.0% Contratos / 15.0% Bolsa),937.460025,340828.96643316,524352.2560410248,482404.07555774285,-41948.18048328196,41948.18048328196,7.9999999999999964
2026-08-29,29,2026-08-01,True,VALLE,18213861.6,312486.675,161491821.72,104969684.12,363.5664,265613.67,46873.0,85.0,15.0,Cubierta (85.0% Contratos / 15.0% Bolsa),937.460025,340828.96643316,524352.2560410248,482404.07555774285,-41948.18048328196,41948.18048328196,7.9999999999999964
2026-08-29,29,2026-08-01,True,SANTANDER,14226902.91,312486.675,161491821.72,104969684.12,363.5664,265613.67,46873.0,85.0,15.0,Cubierta (85.0% Contratos / 15.0% Bolsa),937.460025,340828.96643316,524352.2560410248,482404.07555774285,-41948.18048328196,41948.18048328196,7.9999999999999964
2026-08-29,29,2026-08-01,True,CUNDINAMARCA,9175734.16,312486.675,161491821.72,104969684.12,363.5664,265613.67,46873.0,85.0,15.0,Cubierta (85.0% Contratos / 15.0% Bolsa),937.460025,340828.96643316,524352.2560410248,482404.07555774285,-41948.18048328196,41948.18048328196,7.9999999999999964
2026-08-29,29,2026-08-01,True,TOLIMA,7593979.9,312486.675,161491821.72,104969684.12,363.5664,265613.67,46873.0,85.0,15.0,Cubierta (85.0% Contratos / 15.0% Bolsa),937.460025,340828.96643316,524352.2560410248,482404.07555774285,-41948.18048328196,41948.18048328196,7.9999999999999964
2026-08-30,30,2026-08-01,True,ANTIOQUIA,25628973.22,314156.4375,162354748.20000002,105530586.33,364.2743,267032.97,47123.47,85.0,15.0,Cubierta (85.0% Contratos / 15.0% Bolsa),942.4693125,343317.3490824187,528180.537049875,485926.09408588504,-42254.442963989975,42254.442963989975,7.999999999999995
2026-08-30,30,2026-08-01,True,BOGOTA,35833939.26,314156.4375,162354748.20000002,105530586.33,364.2743,267032.97,47123.47,85.0,15.0,Cubierta (85.0% Contratos / 15.0% Bolsa),942.4693125,343317.3490824187,528180.537049875,485926.09408588504,-42254.442963989975,42254.442963989975,7.999999999999995
2026-08-30,30,2026-08-01,True,CARIBE_MAR,28727833.19,314156.4375,162354748.20000002,105530586.33,364.2743,267032.97,47123.47,85.0,15.0,Cubierta (85.0% Contratos / 15.0% Bolsa),942.4693125,343317.3490824187,528180.537049875,485926.09408588504,-42254.442963989975,42254.442963989975,7.999999999999995
2026-08-30,30,2026-08-01,True,CARIBE_SOL,22428602.97,314156.4375,162354748.20000002,105530586.33,364.2743,267032.97,47123.47,85.0,15.0,Cubierta (85.0% Contratos / 15.0% Bolsa),942.4693125,343317.3490824187,528180.537049875,485926.09408588504,-42254.442963989975,42254.442963989975,7.999999999999995
2026-08-30,30,2026-08-01,True,VALLE,18445040.6,314156.4375,162354748.20000002,105530586.33,364.2743,267032.97,47123.47,85.0,15.0,Cubierta (85.0% Contratos / 15.0% Bolsa),942.4693125,343317.3490824187,528180.537049875,485926.09408588504,-42254.442963989975,42254.442963989975,7.999999999999995
2026-08-30,30,2026-08-01,True,SANTANDER,14394588.02,314156.4375,162354748.20000002,105530586.33,364.2743,267032.97,47123.47,85.0,15.0,Cubierta (85.0% Contratos / 15.0% Bolsa),942.4693125,343317.3490824187,528180.537049875,485926.09408588504,-42254.442963989975,42254.442963989975,7.999999999999995
2026-08-30,30,2026-08-01,True,CUNDINAMARCA,9210979.72,314156.4375,162354748.20000002,105530586.33,364.2743,267032.97,47123.47,85.0,15.0,Cubierta (85.0% Contratos / 15.0% Bolsa),942.4693125,343317.3490824187,528180.537049875,485926.09408588504,-42254.442963989975,42254.442963989975,7.999999999999995
2026-08-30,30,2026-08-01,True,TOLIMA,7684791.22,314156.4375,162354748.20000002,105530586.33,364.2743,267032.97,47123.47,85.0,15.0,Cubierta (85.0% Contratos / 15.0% Bolsa),942.4693125,343317.3490824187,528180.537049875,485926.09408588504,-42254.442963989975,42254.442963989975,7.999999999999995
2026-08-31,31,2026-08-01,True,ANTIOQUIA,29897566.28,437554.42375,190655522.14,123926089.39,364.9592,371921.26,65633.16,85.0,15.0,Cubierta (85.0% Contratos / 15.0% Bolsa),1312.66327125,479068.537344783,737028.5189979211,678066.2374780874,-58962.28151983372,58962.28151983372,8.000000000000004
2026-08-31,31,2026-08-01,True,BOGOTA,42140226.54,437554.42375,190655522.14,123926089.39,364.9592,371921.26,65633.16,85.0,15.0,Cubierta (85.0% Contratos / 15.0% Bolsa),1312.66327125,479068.537344783,737028.5189979211,678066.2374780874,-58962.28151983372,58962.28151983372,8.000000000000004
2026-08-31,31,2026-08-01,True,CARIBE_MAR,33704469.78,437554.42375,190655522.14,123926089.39,364.9592,371921.26,65633.16,85.0,15.0,Cubierta (85.0% Contratos / 15.0% Bolsa),1312.66327125,479068.537344783,737028.5189979211,678066.2374780874,-58962.28151983372,58962.28151983372,8.000000000000004
2026-08-31,31,2026-08-01,True,CARIBE_SOL,26664695.48,437554.42375,190655522.14,123926089.39,364.9592,371921.26,65633.16,85.0,15.0,Cubierta (85.0% Contratos / 15.0% Bolsa),1312.66327125,479068.537344783,737028.5189979211,678066.2374780874,-58962.28151983372,58962.28151983372,8.000000000000004
2026-08-31,31,2026-08-01,True,VALLE,21535538.87,437554.42375,190655522.14,123926089.39,364.9592,371921.26,65633.16,85.0,15.0,Cubierta (85.0% Contratos / 15.0% Bolsa),1312.66327125,479068.537344783,737028.5189979211,678066.2374780874,-58962.28151983372,58962.28151983372,8.000000000000004
2026-08-31,31,2026-08-01,True,SANTANDER,16907219.4,437554.42375,190655522.14,123926089.39,364.9592,371921.26,65633.16,85.0,15.0,Cubierta (85.0% Contratos / 15.0% Bolsa),1312.66327125,479068.537344783,737028.5189979211,678066.2374780874,-58962.28151983372,58962.28151983372,8.000000000000004
2026-08-31,31,2026-08-01,True,CUNDINAMARCA,10845652.03,437554.42375,190655522.14,123926089.39,364.9592,371921.26,65633.16,85.0,15.0,Cubierta (85.0% Contratos / 15.0% Bolsa),1312.66327125,479068.537344783,737028.5189979211,678066.2374780874,-58962.28151983372,58962.28151983372,8.000000000000004
2026-08-31,31,2026-08-01,True,TOLIMA,8960153.76,437554.42375,190655522.14,123926089.39,364.9592,371921.26,65633.16,85.0,15.0,Cubierta (85.0% Contratos / 15.0% Bolsa),1312.66327125,479068.537344783,737028.5189979211,678066.2374780874,-58962.28151983372,58962.28151983372,8.000000000000004
2026-09-01,1,2026-09-01,True,ANTIOQUIA,30302221.83,438131.31,190906888.63,124089477.61,365.6102,372411.61,65719.7,85.0,15.0,Cubierta (85.0% Contratos / 15.0% Bolsa),1314.39393,480555.827626086,739316.6578833071,680171.3252526425,-59145.332630664576,59145.332630664576,8.000000000000002
2026-09-01,1,2026-09-01,True,BOGOTA,41972236.9,438131.31,190906888.63,124089477.61,365.6102,372411.61,65719.7,85.0,15.0,Cubierta (85.0% Contratos / 15.0% Bolsa),1314.39393,480555.827626086,739316.6578833071,680171.3252526425,-59145.332630664576,59145.332630664576,8.000000000000002
2026-09-01,1,2026-09-01,True,CARIBE_MAR,33816785.97,438131.31,190906888.63,124089477.61,365.6102,372411.61,65719.7,85.0,15.0,Cubierta (85.0% Contratos / 15.0% Bolsa),1314.39393,480555.827626086,739316.6578833071,680171.3252526425,-59145.332630664576,59145.332630664576,8.000000000000002
2026-09-01,1,2026-09-01,True,CARIBE_SOL,26370860.3,438131.31,190906888.63,124089477.61,365.6102,372411.61,65719.7,85.0,15.0,Cubierta (85.0% Contratos / 15.0% Bolsa),1314.39393,480555.827626086,739316.6578833071,680171.3252526425,-59145.332630664576,59145.332630664576,8.000000000000002
2026-09-01,1,2026-09-01,True,VALLE,21566022.91,438131.31,190906888.63,124089477.61,365.6102,372411.61,65719.7,85.0,15.0,Cubierta (85.0% Contratos / 15.0% Bolsa),1314.39393,480555.827626086,739316.6578833071,680171.3252526425,-59145.332630664576,59145.332630664576,8.000000000000002
2026-09-01,1,2026-09-01,True,SANTANDER,16840919.06,438131.31,190906888.63,124089477.61,365.6102,372411.61,65719.7,85.0,15.0,Cubierta (85.0% Contratos / 15.0% Bolsa),1314.39393,480555.827626086,739316.6578833071,680171.3252526425,-59145.332630664576,59145.332630664576,8.000000000000002
2026-09-01,1,2026-09-01,True,CUNDINAMARCA,10950208.35,438131.31,190906888.63,124089477.61,365.6102,372411.61,65719.7,85.0,15.0,Cubierta (85.0% Contratos / 15.0% Bolsa),1314.39393,480555.827626086,739316.6578833071,680171.3252526425,-59145.332630664576,59145.332630664576,8.000000000000002
2026-09-01,1,2026-09-01,True,TOLIMA,9087633.31,438131.31,190906888.63,124089477.61,365.6102,372411.61,65719.7,85.0,15.0,Cubierta (85.0% Contratos / 15.0% Bolsa),1314.39393,480555.827626086,739316.6578833071,680171.3252526425,-59145.332630664576,59145.332630664576,8.000000000000002
2026-09-02,2,2026-09-01,True,ANTIOQUIA,29894009.12,438138.85375,190910175.89999998,124091614.34,366.2172,372418.03,65720.83,85.0,15.0,Cubierta (85.0% Contratos / 15.0% Bolsa),1314.41656125,481361.95269460353,740556.8502695508,681312.3022479868,-59244.54802156403,59244.54802156403,7.999999999999995
2026-09-02,2,2026-09-01,True,BOGOTA,42525943.47,438138.85375,190910175.89999998,124091614.34,366.2172,372418.03,65720.83,85.0,15.0,Cubierta (85.0% Contratos / 15.0% Bolsa),1314.41656125,481361.95269460353,740556.8502695508,681312.3022479868,-59244.54802156403,59244.54802156403,7.999999999999995
2026-09-02,2,2026-09-01,True,CARIBE_MAR,33787133.43,438138.85375,190910175.89999998,124091614.34,366.2172,372418.03,65720.83,85.0,15.0,Cubierta (85.0% Contratos / 15.0% Bolsa),1314.41656125,481361.95269460353,740556.8502695508,681312.3022479868,-59244.54802156403,59244.54802156403,7.999999999999995
2026-09-02,2,2026-09-01,True,CARIBE_SOL,26311894.32,438138.85375,190910175.89999998,124091614.34,366.2172,372418.03,65720.83,85.0,15.0,Cubierta (85.0% Contratos / 15.0% Bolsa),1314.41656125,481361.95269460353,740556.8502695508,681312.3022479868,-59244.54802156403,59244.54802156403,7.999999999999995
2026-09-02,2,2026-09-01,True,VALLE,21805115.63,438138.85375,190910175.89999998,124091614.34,366.2172,372418.03,65720.83,85.0,15.0,Cubierta (85.0% Contratos / 15.0% Bolsa),1314.41656125,481361.95269460353,740556.8502695508,681312.3022479868,-59244.54802156403,59244.54802156403,7.999999999999995
2026-09-02,2,2026-09-01,True,SANTANDER,16840723.51,438138.85375,190910175.89999998,124091614.34,366.2172,372418.03,65720.83,85.0,15.0,Cubierta (85.0% Contratos / 15.0% Bolsa),1314.41656125,481361.95269460353,740556.8502695508,681312.3022479868,-59244.54802156403,59244.54802156403,7.999999999999995
2026-09-02,2,2026-09-01,True,CUNDINAMARCA,10702196.01,438138.85375,190910175.89999998,124091614.34,366.2172,372418.03,65720.83,85.0,15.0,Cubierta (85.0% Contratos / 15.0% Bolsa),1314.41656125,481361.95269460353,740556.8502695508,681312.3022479868,-59244.54802156403,59244.54802156403,7.999999999999995
2026-09-02,2,2026-09-01,True,TOLIMA,9043160.41,438138.85375,190910175.89999998,124091614.34,366.2172,372418.03,65720.83,85.0,15.0,Cubierta (85.0% Contratos / 15.0% Bolsa),1314.41656125,481361.95269460353,740556.8502695508,681312.3022479868,-59244.54802156403,59244.54802156403,7.999999999999995
2026-09-03,3,2026-09-01,True,ANTIOQUIA,30411306.85,441597.31875,192417132.56,125071136.16,366.7708,375357.72,66239.6,85.0,15.0,Cubierta (85.0% Contratos / 15.0% Bolsa),1324.7919562499999,485895.0056273775,747530.7779121805,687728.3156792062,-59802.46223297436,59802.46223297436,7.999999999999989
2026-09-03,3,2026-09-01,True,BOGOTA,42896182.75,441597.31875,192417132.56,125071136.16,366.7708,375357.72,66239.6,85.0,15.0,Cubierta (85.0% Contratos / 15.0% Bolsa),1324.7919562499999,485895.0056273775,747530.7779121805,687728.3156792062,-59802.46223297436,59802.46223297436,7.999999999999989
2026-09-03,3,2026-09-01,True,CARIBE_MAR,33791474.09,441597.31875,192417132.56,125071136.16,366.7708,375357.72,66239.6,85.0,15.0,Cubierta (85.0% Contratos / 15.0% Bolsa),1324.7919562499999,485895.0056273775,747530.7779121805,687728.3156792062,-59802.46223297436,59802.46223297436,7.999999999999989
2026-09-03,3,2026-09-01,True,CARIBE_SOL,26735012.06,441597.31875,192417132.56,125071136.16,366.7708,375357.72,66239.6,85.0,15.0,Cubierta (85.0% Contratos / 15.0% Bolsa),1324.7919562499999,485895.0056273775,747530.7779121805,687728.3156792062,-59802.46223297436,59802.46223297436,7.999999999999989
2026-09-03,3,2026-09-01,True,VALLE,21660161.92,441597.31875,192417132.56,125071136.16,366.7708,375357.72,66239.6,85.0,15.0,Cubierta (85.0% Contratos / 15.0% Bolsa),1324.7919562499999,485895.0056273775,747530.7779121805,687728.3156792062,-59802.46223297436,59802.46223297436,7.999999999999989
2026-09-03,3,2026-09-01,True,SANTANDER,16978791.83,441597.31875,192417132.56,125071136.16,366.7708,375357.72,66239.6,85.0,15.0,Cubierta (85.0% Contratos / 15.0% Bolsa),1324.7919562499999,485895.0056273775,747530.7779121805,687728.3156792062,-59802.46223297436,59802.46223297436,7.999999999999989
2026-09-03,3,2026-09-01,True,CUNDINAMARCA,10884346.57,441597.31875,192417132.56,125071136.16,366.7708,375357.72,66239.6,85.0,15.0,Cubierta (85.0% Contratos / 15.0% Bolsa),1324.7919562499999,485895.0056273775,747530.7779121805,687728.3156792062,-59802.46223297436,59802.46223297436,7.999999999999989
2026-09-03,3,2026-09-01,True,TOLIMA,9059856.49,441597.31875,192417132.56,125071136.16,366.7708,375357.72,66239.6,85.0,15.0,Cubierta (85.0% Contratos / 15.0% Bolsa),1324.7919562499999,485895.0056273775,747530.7779121805,687728.3156792062,-59802.46223297436,59802.46223297436,7.999999999999989
2026-09-04,4,2026-09-01,True,ANTIOQUIA,30643211.47,441644.7925,192437818.33999997,125084581.92,367.2628,375398.07,66246.72,85.0,15.0,Cubierta (85.0% Contratos / 15.0% Bolsa),1324.9343775,486599.10929690703,748614.0143089186,688724.8931642051,-59889.121144713485,59889.121144713485,7.999999999999999
2026-09-04,4,2026-09-01,True,BOGOTA,42412425.14,441644.7925,192437818.33999997,125084581.92,367.2628,375398.07,66246.72,85.0,15.0,Cubierta (85.0% Contratos / 15.0% Bolsa),1324.9343775,486599.10929690703,748614.0143089186,688724.8931642051,-59889.121144713485,59889.121144713485,7.999999999999999
2026-09-04,4,2026-09-01,True,CARIBE_MAR,33811625.62,441644.7925,192437818.33999997,125084581.92,367.2628,375398.07,66246.72,85.0,15.0,Cubierta (85.0% Contratos / 15.0% Bolsa),1324.9343775,486599.10929690703,748614.0143089186,688724.8931642051,-59889.121144713485,59889.121144713485,7.999999999999999
2026-09-04,4,2026-09-01,True,CARIBE_SOL,26485381.82,441644.7925,192437818.33999997,125084581.92,367.2628,375398.07,66246.72,85.0,15.0,Cubierta (85.0% Contratos / 15.0% Bolsa),1324.9343775,486599.10929690703,748614.0143089186,688724.8931642051,-59889.121144713485,59889.121144713485,7.999999999999999
2026-09-04,4,2026-09-01,True,VALLE,22089864.84,441644.7925,192437818.33999997,125084581.92,367.2628,375398.07,66246.72,85.0,15.0,Cubierta (85.0% Contratos / 15.0% Bolsa),1324.9343775,486599.10929690703,748614.0143089186,688724.8931642051,-59889.121144713485,59889.121144713485,7.999999999999999
2026-09-04,4,2026-09-01,True,SANTANDER,16903174.62,441644.7925,192437818.33999997,125084581.92,367.2628,375398.07,66246.72,85.0,15.0,Cubierta (85.0% Contratos / 15.0% Bolsa),1324.9343775,486599.10929690703,748614.0143089186,688724.8931642051,-59889.121144713485,59889.121144713485,7.999999999999999
2026-09-04,4,2026-09-01,True,CUNDINAMARCA,10929770.07,441644.7925,192437818.33999997,125084581.92,367.2628,375398.07,66246.72,85.0,15.0,Cubierta (85.0% Contratos / 15.0% Bolsa),1324.9343775,486599.10929690703,748614.0143089186,688724.8931642051,-59889.121144713485,59889.121144713485,7.999999999999999
2026-09-04,4,2026-09-01,True,TOLIMA,9162364.76,441644.7925,192437818.33999997,125084581.92,367.2628,375398.07,66246.72,85.0,15.0,Cubierta (85.0% Contratos / 15.0% Bolsa),1324.9343775,486599.10929690703,748614.0143089186,688724.8931642051,-59889.121144713485,59889.121144713485,7.999999999999999
2026-09-05,5,2026-09-01,True,ANTIOQUIA,25397373.52,313625.45,162080336.08,105352218.45,367.6862,266581.63,47043.82,85.0,15.0,Cubierta (85.0% Contratos / 15.0% Bolsa),940.87635,345947.24980136997,532226.5381660577,489648.4151127731,-42578.123053284595,42578.123053284595,7.9999999999999964
2026-09-05,5,2026-09-01,True,BOGOTA,35806499.28,313625.45,162080336.08,105352218.45,367.6862,266581.63,47043.82,85.0,15.0,Cubierta (85.0% Contratos / 15.0% Bolsa),940.87635,345947.24980136997,532226.5381660577,489648.4151127731,-42578.123053284595,42578.123053284595,7.9999999999999964
2026-09-05,5,2026-09-01,True,CARIBE_MAR,28786137.32,313625.45,162080336.08,105352218.45,367.6862,266581.63,47043.82,85.0,15.0,Cubierta (85.0% Contratos / 15.0% Bolsa),940.87635,345947.24980136997,532226.5381660577,489648.4151127731,-42578.123053284595,42578.123053284595,7.9999999999999964
2026-09-05,5,2026-09-01,True,CARIBE_SOL,22463321.18,313625.45,162080336.08,105352218.45,367.6862,266581.63,47043.82,85.0,15.0,Cubierta (85.0% Contratos / 15.0% Bolsa),940.87635,345947.24980136997,532226.5381660577,489648.4151127731,-42578.123053284595,42578.123053284595,7.9999999999999964
2026-09-05,5,2026-09-01,True,VALLE,18393937.68,313625.45,162080336.08,105352218.45,367.6862,266581.63,47043.82,85.0,15.0,Cubierta (85.0% Contratos / 15.0% Bolsa),940.87635,345947.24980136997,532226.5381660577,489648.4151127731,-42578.123053284595,42578.123053284595,7.9999999999999964
2026-09-05,5,2026-09-01,True,SANTANDER,14317045.37,313625.45,162080336.08,105352218.45,367.6862,266581.63,47043.82,85.0,15.0,Cubierta (85.0% Contratos / 15.0% Bolsa),940.87635,345947.24980136997,532226.5381660577,489648.4151127731,-42578.123053284595,42578.123053284595,7.9999999999999964
2026-09-05,5,2026-09-01,True,CUNDINAMARCA,9177416.13,313625.45,162080336.08,105352218.45,367.6862,266581.63,47043.82,85.0,15.0,Cubierta (85.0% Contratos / 15.0% Bolsa),940.87635,345947.24980136997,532226.5381660577,489648.4151127731,-42578.123053284595,42578.123053284595,7.9999999999999964
2026-09-05,5,2026-09-01,True,TOLIMA,7738605.6,313625.45,162080336.08,105352218.45,367.6862,266581.63,47043.82,85.0,15.0,Cubierta (85.0% Contratos / 15.0% Bolsa),940.87635,345947.24980136997,532226.5381660577,489648.4151127731,-42578.123053284595,42578.123053284595,7.9999999999999964
2026-09-06,6,2026-09-01,True,ANTIOQUIA,25575357.41,310894.7325,160669112.26999998,104434922.98,368.0355,264260.52,46634.21,85.0,15.0,Cubierta (85.0% Contratos / 15.0% Bolsa),932.6841975,343260.89496901125,528093.6845449544,485846.1897813581,-42247.49476359633,42247.49476359633,7.9999999999999964
2026-09-06,6,2026-09-01,True,BOGOTA,35226317.69,310894.7325,160669112.26999998,104434922.98,368.0355,264260.52,46634.21,85.0,15.0,Cubierta (85.0% Contratos / 15.0% Bolsa),932.6841975,343260.89496901125,528093.6845449544,485846.1897813581,-42247.49476359633,42247.49476359633,7.9999999999999964
2026-09-06,6,2026-09-01,True,CARIBE_MAR,28241568.23,310894.7325,160669112.26999998,104434922.98,368.0355,264260.52,46634.21,85.0,15.0,Cubierta (85.0% Contratos / 15.0% Bolsa),932.6841975,343260.89496901125,528093.6845449544,485846.1897813581,-42247.49476359633,42247.49476359633,7.9999999999999964
2026-09-06,6,2026-09-01,True,CARIBE_SOL,22312811.02,310894.7325,160669112.26999998,104434922.98,368.0355,264260.52,46634.21,85.0,15.0,Cubierta (85.0% Contratos / 15.0% Bolsa),932.6841975,343260.89496901125,528093.6845449544,485846.1897813581,-42247.49476359633,42247.49476359633,7.9999999999999964
2026-09-06,6,2026-09-01,True,VALLE,18378040.25,310894.7325,160669112.26999998,104434922.98,368.0355,264260.52,46634.21,85.0,15.0,Cubierta (85.0% Contratos / 15.0% Bolsa),932.6841975,343260.89496901125,528093.6845449544,485846.1897813581,-42247.49476359633,42247.49476359633,7.9999999999999964
2026-09-06,6,2026-09-01,True,SANTANDER,14149800.2,310894.7325,160669112.26999998,104434922.98,368.0355,264260.52,46634.21,85.0,15.0,Cubierta (85.0% Contratos / 15.0% Bolsa),932.6841975,343260.89496901125,528093.6845449544,485846.1897813581,-42247.49476359633,42247.49476359633,7.9999999999999964
2026-09-06,6,2026-09-01,True,CUNDINAMARCA,9177466.41,310894.7325,160669112.26999998,104434922.98,368.0355,264260.52,46634.21,85.0,15.0,Cubierta (85.0% Contratos / 15.0% Bolsa),932.6841975,343260.89496901125,528093.6845449544,485846.1897813581,-42247.49476359633,42247.49476359633,7.9999999999999964
2026-09-06,6,2026-09-01,True,TOLIMA,7607751.06,310894.7325,160669112.26999998,104434922.98,368.0355,264260.52,46634.21,85.0,15.0,Cubierta (85.0% Contratos / 15.0% Bolsa),932.6841975,343260.89496901125,528093.6845449544,485846.1897813581,-42247.49476359633,42247.49476359633,7.9999999999999964
2026-09-07,7,2026-09-01,True,ANTIOQUIA,29540528.91,439390.885,191455723.33999997,124446220.17,368.3065,373482.25,65908.63,85.0,15.0,Cubierta (85.0% Contratos / 15.0% Bolsa),1318.172655,485491.5569587576,746910.0876348596,687157.2806240709,-59752.8070107887,59752.8070107887,7.999999999999992
2026-09-07,7,2026-09-01,True,BOGOTA,42506548.98,439390.885,191455723.33999997,124446220.17,368.3065,373482.25,65908.63,85.0,15.0,Cubierta (85.0% Contratos / 15.0% Bolsa),1318.172655,485491.5569587576,746910.0876348596,687157.2806240709,-59752.8070107887,59752.8070107887,7.999999999999992
2026-09-07,7,2026-09-01,True,CARIBE_MAR,34029522.04,439390.885,191455723.33999997,124446220.17,368.3065,373482.25,65908.63,85.0,15.0,Cubierta (85.0% Contratos / 15.0% Bolsa),1318.172655,485491.5569587576,746910.0876348596,687157.2806240709,-59752.8070107887,59752.8070107887,7.999999999999992
2026-09-07,7,2026-09-01,True,CARIBE_SOL,26615168.94,439390.885,191455723.33999997,124446220.17,368.3065,373482.25,65908.63,85.0,15.0,Cubierta (85.0% Contratos / 15.0% Bolsa),1318.172655,485491.5569587576,746910.0876348596,687157.2806240709,-59752.8070107887,59752.8070107887,7.999999999999992
2026-09-07,7,2026-09-01,True,VALLE,21689059.58,439390.885,191455723.33999997,124446220.17,368.3065,373482.25,65908.63,85.0,15.0,Cubierta (85.0% Contratos / 15.0% Bolsa),1318.172655,485491.5569587576,746910.0876348596,687157.2806240709,-59752.8070107887,59752.8070107887,7.999999999999992
2026-09-07,7,2026-09-01,True,SANTANDER,16995953.49,439390.885,191455723.33999997,124446220.17,368.3065,373482.25,65908.63,85.0,15.0,Cubierta (85.0% Contratos / 15.0% Bolsa),1318.172655,485491.5569587576,746910.0876348596,687157.2806240709,-59752.8070107887,59752.8070107887,7.999999999999992
2026-09-07,7,2026-09-01,True,CUNDINAMARCA,10987308.79,439390.885,191455723.33999997,124446220.17,368.3065,373482.25,65908.63,85.0,15.0,Cubierta (85.0% Contratos / 15.0% Bolsa),1318.172655,485491.5569587576,746910.0876348596,687157.2806240709,-59752.8070107887,59752.8070107887,7.999999999999992
2026-09-07,7,2026-09-01,True,TOLIMA,9091632.61,439390.885,191455723.33999997,124446220.17,368.3065,373482.25,65908.63,85.0,15.0,Cubierta (85.0% Contratos / 15.0% Bolsa),1318.172655,485491.5569587576,746910.0876348596,687157.2806240709,-59752.8070107887,59752.8070107887,7.999999999999992
2026-09-08,8,2026-09-01,True,ANTIOQUIA,30400256.4,442208.6625,192683512.81000003,125244283.33,368.4969,375877.36,66331.3,85.0,15.0,Cubierta (85.0% Contratos / 15.0% Bolsa),1326.6259875,488857.56385318877,752088.5597531192,691921.4749728697,-60167.08478024951,60167.08478024951,7.9999999999999964
2026-09-08,8,2026-09-01,True,BOGOTA,42379452.19,442208.6625,192683512.81000003,125244283.33,368.4969,375877.36,66331.3,85.0,15.0,Cubierta (85.0% Contratos / 15.0% Bolsa),1326.6259875,488857.56385318877,752088.5597531192,691921.4749728697,-60167.08478024951,60167.08478024951,7.9999999999999964
2026-09-08,8,2026-09-01,True,CARIBE_MAR,34249536.53,442208.6625,192683512.81000003,125244283.33,368.4969,375877.36,66331.3,85.0,15.0,Cubierta (85.0% Contratos / 15.0% Bolsa),1326.6259875,488857.56385318877,752088.5597531192,691921.4749728697,-60167.08478024951,60167.08478024951,7.9999999999999964
2026-09-08,8,2026-09-01,True,CARIBE_SOL,26482214.47,442208.6625,192683512.81000003,125244283.33,368.4969,375877.36,66331.3,85.0,15.0,Cubierta (85.0% Contratos / 15.0% Bolsa),1326.6259875,488857.56385318877,752088.5597531192,691921.4749728697,-60167.08478024951,60167.08478024951,7.9999999999999964
2026-09-08,8,2026-09-01,True,VALLE,21954713.14,442208.6625,192683512.81000003,125244283.33,368.4969,375877.36,66331.3,85.0,15.0,Cubierta (85.0% Contratos / 15.0% Bolsa),1326.6259875,488857.56385318877,752088.5597531192,691921.4749728697,-60167.08478024951,60167.08478024951,7.9999999999999964
2026-09-08,8,2026-09-01,True,SANTANDER,16968015.31,442208.6625,192683512.81000003,125244283.33,368.4969,375877.36,66331.3,85.0,15.0,Cubierta (85.0% Contratos / 15.0% Bolsa),1326.6259875,488857.56385318877,752088.5597531192,691921.4749728697,-60167.08478024951,60167.08478024951,7.9999999999999964
2026-09-08,8,2026-09-01,True,CUNDINAMARCA,11022411.55,442208.6625,192683512.81000003,125244283.33,368.4969,375877.36,66331.3,85.0,15.0,Cubierta (85.0% Contratos / 15.0% Bolsa),1326.6259875,488857.56385318877,752088.5597531192,691921.4749728697,-60167.08478024951,60167.08478024951,7.9999999999999964
2026-09-08,8,2026-09-01,True,TOLIMA,9226913.22,442208.6625,192683512.81000003,125244283.33,368.4969,375877.36,66331.3,85.0,15.0,Cubierta (85.0% Contratos / 15.0% Bolsa),1326.6259875,488857.56385318877,752088.5597531192,691921.4749728697,-60167.08478024951,60167.08478024951,7.9999999999999964
2026-09-09,9,2026-09-01,True,ANTIOQUIA,30201843.1,439957.17,191702470.85,124606606.05,368.6058,373963.59,65993.58,85.0,15.0,Cubierta (85.0% Contratos / 15.0% Bolsa),1319.87151,486512.293840758,748480.4520777214,688602.0159115037,-59878.43616621767,59878.43616621767,7.999999999999995
2026-09-09,9,2026-09-01,True,BOGOTA,42438586.47,439957.17,191702470.85,124606606.05,368.6058,373963.59,65993.58,85.0,15.0,Cubierta (85.0% Contratos / 15.0% Bolsa),1319.87151,486512.293840758,748480.4520777214,688602.0159115037,-59878.43616621767,59878.43616621767,7.999999999999995
2026-09-09,9,2026-09-01,True,CARIBE_MAR,33673386.11,439957.17,191702470.85,124606606.05,368.6058,373963.59,65993.58,85.0,15.0,Cubierta (85.0% Contratos / 15.0% Bolsa),1319.87151,486512.293840758,748480.4520777214,688602.0159115037,-59878.43616621767,59878.43616621767,7.999999999999995
2026-09-09,9,2026-09-01,True,CARIBE_SOL,26653230.3,439957.17,191702470.85,124606606.05,368.6058,373963.59,65993.58,85.0,15.0,Cubierta (85.0% Contratos / 15.0% Bolsa),1319.87151,486512.293840758,748480.4520777214,688602.0159115037,-59878.43616621767,59878.43616621767,7.999999999999995
2026-09-09,9,2026-09-01,True,VALLE,22026652.85,439957.17,191702470.85,124606606.05,368.6058,373963.59,65993.58,85.0,15.0,Cubierta (85.0% Contratos / 15.0% Bolsa),1319.87151,486512.293840758,748480.4520777214,688602.0159115037,-59878.43616621767,59878.43616621767,7.999999999999995
2026-09-09,9,2026-09-01,True,SANTANDER,16836970.65,439957.17,191702470.85,124606606.05,368.6058,373963.59,65993.58,85.0,15.0,Cubierta (85.0% Contratos / 15.0% Bolsa),1319.87151,486512.293840758,748480.4520777214,688602.0159115037,-59878.43616621767,59878.43616621767,7.999999999999995
2026-09-09,9,2026-09-01,True,CUNDINAMARCA,10823393.65,439957.17,191702470.85,124606606.05,368.6058,373963.59,65993.58,85.0,15.0,Cubierta (85.0% Contratos / 15.0% Bolsa),1319.87151,486512.293840758,748480.4520777214,688602.0159115037,-59878.43616621767,59878.43616621767,7.999999999999995
2026-09-09,9,2026-09-01,True,TOLIMA,9048407.72,439957.17,191702470.85,124606606.05,368.6058,373963.59,65993.58,85.0,15.0,Cubierta (85.0% Contratos / 15.0% Bolsa),1319.87151,486512.293840758,748480.4520777214,688602.0159115037,-59878.43616621767,59878.43616621767,7.999999999999995
2026-09-10,10,2026-09-01,True,ANTIOQUIA,30377466.42,439134.00125,191343791.42999998,124373464.43,368.634,373263.9,65870.1,85.0,15.0,Cubierta (85.0% Contratos / 15.0% Bolsa),1317.40200375,485639.1702503775,747137.184997577,687366.2101977709,-59770.974799806136,59770.974799806136,7.999999999999997
2026-09-10,10,2026-09-01,True,BOGOTA,42117648.4,439134.00125,191343791.42999998,124373464.43,368.634,373263.9,65870.1,85.0,15.0,Cubierta (85.0% Contratos / 15.0% Bolsa),1317.40200375,485639.1702503775,747137.184997577,687366.2101977709,-59770.974799806136,59770.974799806136,7.999999999999997
2026-09-10,10,2026-09-01,True,CARIBE_MAR,33990722.84,439134.00125,191343791.42999998,124373464.43,368.634,373263.9,65870.1,85.0,15.0,Cubierta (85.0% Contratos / 15.0% Bolsa),1317.40200375,485639.1702503775,747137.184997577,687366.2101977709,-59770.974799806136,59770.974799806136,7.999999999999997
2026-09-10,10,2026-09-01,True,CARIBE_SOL,26366385.69,439134.00125,191343791.42999998,124373464.43,368.634,373263.9,65870.1,85.0,15.0,Cubierta (85.0% Contratos / 15.0% Bolsa),1317.40200375,485639.1702503775,747137.184997577,687366.2101977709,-59770.974799806136,59770.974799806136,7.999999999999997
2026-09-10,10,2026-09-01,True,VALLE,21714684.61,439134.00125,191343791.42999998,124373464.43,368.634,373263.9,65870.1,85.0,15.0,Cubierta (85.0% Contratos / 15.0% Bolsa),1317.40200375,485639.1702503775,747137.184997577,687366.2101977709,-59770.974799806136,59770.974799806136,7.999999999999997
2026-09-10,10,2026-09-01,True,SANTANDER,16835237.59,439134.00125,191343791.42999998,124373464.43,368.634,373263.9,65870.1,85.0,15.0,Cubierta (85.0% Contratos / 15.0% Bolsa),1317.40200375,485639.1702503775,747137.184997577,687366.2101977709,-59770.974799806136,59770.974799806136,7.999999999999997
2026-09-10,10,2026-09-01,True,CUNDINAMARCA,10888354.36,439134.00125,191343791.42999998,124373464.43,368.634,373263.9,65870.1,85.0,15.0,Cubierta (85.0% Contratos / 15.0% Bolsa),1317.40200375,485639.1702503775,747137.184997577,687366.2101977709,-59770.974799806136,59770.974799806136,7.999999999999997
2026-09-10,10,2026-09-01,True,TOLIMA,9053291.52,439134.00125,191343791.42999998,124373464.43,368.634,373263.9,65870.1,85.0,15.0,Cubierta (85.0% Contratos / 15.0% Bolsa),1317.40200375,485639.1702503775,747137.184997577,687366.2101977709,-59770.974799806136,59770.974799806136,7.999999999999997
2026-09-11,11,2026-09-01,True,ANTIOQUIA,30651978.18,440977.14875,192146905.56,124895488.61,368.5841,374830.58,66146.57,85.0,15.0,Cubierta (85.0% Contratos / 15.0% Bolsa),1322.93144625,487611.49647775455,750171.5330667251,690157.8104213872,-60013.722645337926,60013.722645337926,7.999999999999989
2026-09-11,11,2026-09-01,True,BOGOTA,42453768.42,440977.14875,192146905.56,124895488.61,368.5841,374830.58,66146.57,85.0,15.0,Cubierta (85.0% Contratos / 15.0% Bolsa),1322.93144625,487611.49647775455,750171.5330667251,690157.8104213872,-60013.722645337926,60013.722645337926,7.999999999999989
2026-09-11,11,2026-09-01,True,CARIBE_MAR,33859812.61,440977.14875,192146905.56,124895488.61,368.5841,374830.58,66146.57,85.0,15.0,Cubierta (85.0% Contratos / 15.0% Bolsa),1322.93144625,487611.49647775455,750171.5330667251,690157.8104213872,-60013.722645337926,60013.722645337926,7.999999999999989
2026-09-11,11,2026-09-01,True,CARIBE_SOL,26503722.36,440977.14875,192146905.56,124895488.61,368.5841,374830.58,66146.57,85.0,15.0,Cubierta (85.0% Contratos / 15.0% Bolsa),1322.93144625,487611.49647775455,750171.5330667251,690157.8104213872,-60013.722645337926,60013.722645337926,7.999999999999989
2026-09-11,11,2026-09-01,True,VALLE,21552049.81,440977.14875,192146905.56,124895488.61,368.5841,374830.58,66146.57,85.0,15.0,Cubierta (85.0% Contratos / 15.0% Bolsa),1322.93144625,487611.49647775455,750171.5330667251,690157.8104213872,-60013.722645337926,60013.722645337926,7.999999999999989
2026-09-11,11,2026-09-01,True,SANTANDER,16900046.87,440977.14875,192146905.56,124895488.61,368.5841,374830.58,66146.57,85.0,15.0,Cubierta (85.0% Contratos / 15.0% Bolsa),1322.93144625,487611.49647775455,750171.5330667251,690157.8104213872,-60013.722645337926,60013.722645337926,7.999999999999989
2026-09-11,11,2026-09-01,True,CUNDINAMARCA,11088441.87,440977.14875,192146905.56,124895488.61,368.5841,374830.58,66146.57,85.0,15.0,Cubierta (85.0% Contratos / 15.0% Bolsa),1322.93144625,487611.49647775455,750171.5330667251,690157.8104213872,-60013.722645337926,60013.722645337926,7.999999999999989
2026-09-11,11,2026-09-01,True,TOLIMA,9137085.44,440977.14875,192146905.56,124895488.61,368.5841,374830.58,66146.57,85.0,15.0,Cubierta (85.0% Contratos / 15.0% Bolsa),1322.93144625,487611.49647775455,750171.5330667251,690157.8104213872,-60013.722645337926,60013.722645337926,7.999999999999989
2026-09-12,12,2026-09-01,True,ANTIOQUIA,25610619.92,315826.53625,163217848.24,106091601.36,368.46,268452.56,47373.98,85.0,15.0,Cubierta (85.0% Contratos / 15.0% Bolsa),947.47960875,349108.33664002497,537089.7486567115,494122.56876417465,-42967.17989253689,42967.17989253689,7.999999999999995
2026-09-12,12,2026-09-01,True,BOGOTA,36457807.37,315826.53625,163217848.24,106091601.36,368.46,268452.56,47373.98,85.0,15.0,Cubierta (85.0% Contratos / 15.0% Bolsa),947.47960875,349108.33664002497,537089.7486567115,494122.56876417465,-42967.17989253689,42967.17989253689,7.999999999999995
2026-09-12,12,2026-09-01,True,CARIBE_MAR,28641820.86,315826.53625,163217848.24,106091601.36,368.46,268452.56,47373.98,85.0,15.0,Cubierta (85.0% Contratos / 15.0% Bolsa),947.47960875,349108.33664002497,537089.7486567115,494122.56876417465,-42967.17989253689,42967.17989253689,7.999999999999995
2026-09-12,12,2026-09-01,True,CARIBE_SOL,22431355.03,315826.53625,163217848.24,106091601.36,368.46,268452.56,47373.98,85.0,15.0,Cubierta (85.0% Contratos / 15.0% Bolsa),947.47960875,349108.33664002497,537089.7486567115,494122.56876417465,-42967.17989253689,42967.17989253689,7.999999999999995
2026-09-12,12,2026-09-01,True,VALLE,18774275.36,315826.53625,163217848.24,106091601.36,368.46,268452.56,47373.98,85.0,15.0,Cubierta (85.0% Contratos / 15.0% Bolsa),947.47960875,349108.33664002497,537089.7486567115,494122.56876417465,-42967.17989253689,42967.17989253689,7.999999999999995
2026-09-12,12,2026-09-01,True,SANTANDER,14499050.51,315826.53625,163217848.24,106091601.36,368.46,268452.56,47373.98,85.0,15.0,Cubierta (85.0% Contratos / 15.0% Bolsa),947.47960875,349108.33664002497,537089.7486567115,494122.56876417465,-42967.17989253689,42967.17989253689,7.999999999999995
2026-09-12,12,2026-09-01,True,CUNDINAMARCA,9112131.37,315826.53625,163217848.24,106091601.36,368.46,268452.56,47373.98,85.0,15.0,Cubierta (85.0% Contratos / 15.0% Bolsa),947.47960875,349108.33664002497,537089.7486567115,494122.56876417465,-42967.17989253689,42967.17989253689,7.999999999999995
2026-09-12,12,2026-09-01,True,TOLIMA,7690787.82,315826.53625,163217848.24,106091601.36,368.46,268452.56,47373.98,85.0,15.0,Cubierta (85.0% Contratos / 15.0% Bolsa),947.47960875,349108.33664002497,537089.7486567115,494122.56876417465,-42967.17989253689,42967.17989253689,7.999999999999995
2026-09-13,13,2026-09-01,True,ANTIOQUIA,25449681.74,312935.75125,161723902.77,105120536.8,368.2675,265995.39,46940.36,85.0,15.0,Cubierta (85.0% Contratos / 15.0% Bolsa),938.80725375,345732.2003203781,531895.6928031116,489344.03737886273,-42551.65542424889,42551.65542424889,7.999999999999993
2026-09-13,13,2026-09-01,True,BOGOTA,35876515.92,312935.75125,161723902.77,105120536.8,368.2675,265995.39,46940.36,85.0,15.0,Cubierta (85.0% Contratos / 15.0% Bolsa),938.80725375,345732.2003203781,531895.6928031116,489344.03737886273,-42551.65542424889,42551.65542424889,7.999999999999993
2026-09-13,13,2026-09-01,True,CARIBE_MAR,28383661.01,312935.75125,161723902.77,105120536.8,368.2675,265995.39,46940.36,85.0,15.0,Cubierta (85.0% Contratos / 15.0% Bolsa),938.80725375,345732.2003203781,531895.6928031116,489344.03737886273,-42551.65542424889,42551.65542424889,7.999999999999993
2026-09-13,13,2026-09-01,True,CARIBE_SOL,22296775.56,312935.75125,161723902.77,105120536.8,368.2675,265995.39,46940.36,85.0,15.0,Cubierta (85.0% Contratos / 15.0% Bolsa),938.80725375,345732.2003203781,531895.6928031116,489344.03737886273,-42551.65542424889,42551.65542424889,7.999999999999993
2026-09-13,13,2026-09-01,True,VALLE,18432228.1,312935.75125,161723902.77,105120536.8,368.2675,265995.39,46940.36,85.0,15.0,Cubierta (85.0% Contratos / 15.0% Bolsa),938.80725375,345732.2003203781,531895.6928031116,489344.03737886273,-42551.65542424889,42551.65542424889,7.999999999999993
2026-09-13,13,2026-09-01,True,SANTANDER,14388531.98,312935.75125,161723902.77,105120536.8,368.2675,265995.39,46940.36,85.0,15.0,Cubierta (85.0% Contratos / 15.0% Bolsa),938.80725375,345732.2003203781,531895.6928031116,489344.03737886273,-42551.65542424889,42551.65542424889,7.999999999999993
2026-09-13,13,2026-09-01,True,CUNDINAMARCA,9232949.19,312935.75125,161723902.77,105120536.8,368.2675,265995.39,46940.36,85.0,15.0,Cubierta (85.0% Contratos / 15.0% Bolsa),938.80725375,345732.2003203781,531895.6928031116,489344.03737886273,-42551.65542424889,42551.65542424889,7.999999999999993
2026-09-13,13,2026-09-01,True,TOLIMA,7663559.27,312935.75125,161723902.77,105120536.8,368.2675,265995.39,46940.36,85.0,15.0,Cubierta (85.0% Contratos / 15.0% Bolsa),938.80725375,345732.2003203781,531895.6928031116,489344.03737886273,-42551.65542424889,42551.65542424889,7.999999999999993
2026-09-14,14,2026-09-01,True,ANTIOQUIA,30388628.43,440967.0,192142483.57999998,124892614.33,368.0134,374821.95,66145.05,85.0,15.0,Cubierta (85.0% Contratos / 15.0% Bolsa),1322.901,486845.2948734,748992.761325701,689073.340419645,-59919.42090605607,59919.42090605607,7.999999999999999
2026-09-14,14,2026-09-01,True,BOGOTA,42379881.77,440967.0,192142483.57999998,124892614.33,368.0134,374821.95,66145.05,85.0,15.0,Cubierta (85.0% Contratos / 15.0% Bolsa),1322.901,486845.2948734,748992.761325701,689073.340419645,-59919.42090605607,59919.42090605607,7.999999999999999
2026-09-14,14,2026-09-01,True,CARIBE_MAR,33785068.52,440967.0,192142483.57999998,124892614.33,368.0134,374821.95,66145.05,85.0,15.0,Cubierta (85.0% Contratos / 15.0% Bolsa),1322.901,486845.2948734,748992.761325701,689073.340419645,-59919.42090605607,59919.42090605607,7.999999999999999
2026-09-14,14,2026-09-01,True,CARIBE_SOL,26856623.55,440967.0,192142483.57999998,124892614.33,368.0134,374821.95,66145.05,85.0,15.0,Cubierta (85.0% Contratos / 15.0% Bolsa),1322.901,486845.2948734,748992.761325701,689073.340419645,-59919.42090605607,59919.42090605607,7.999999999999999
2026-09-14,14,2026-09-01,True,VALLE,21705331.02,440967.0,192142483.57999998,124892614.33,368.0134,374821.95,66145.05,85.0,15.0,Cubierta (85.0% Contratos / 15.0% Bolsa),1322.901,486845.2948734,748992.761325701,689073.340419645,-59919.42090605607,59919.42090605607,7.999999999999999
2026-09-14,14,2026-09-01,True,SANTANDER,17038567.72,440967.0,192142483.57999998,124892614.33,368.0134,374821.95,66145.05,85.0,15.0,Cubierta (85.0% Contratos / 15.0% Bolsa),1322.901,486845.2948734,748992.761325701,689073.340419645,-59919.42090605607,59919.42090605607,7.999999999999999
2026-09-14,14,2026-09-01,True,CUNDINAMARCA,10882870.91,440967.0,192142483.57999998,124892614.33,368.0134,374821.95,66145.05,85.0,15.0,Cubierta (85.0% Contratos / 15.0% Bolsa),1322.901,486845.2948734,748992.761325701,689073.340419645,-59919.42090605607,59919.42090605607,7.999999999999999
2026-09-14,14,2026-09-01,True,TOLIMA,9105511.66,440967.0,192142483.57999998,124892614.33,368.0134,374821.95,66145.05,85.0,15.0,Cubierta (85.0% Contratos / 15.0% Bolsa),1322.901,486845.2948734,748992.761325701,689073.340419645,-59919.42090605607,59919.42090605607,7.999999999999999
2026-09-15,15,2026-09-01,True,ANTIOQUIA,30459716.52,444032.5325,193478227.9,125760848.14,367.706,377427.65,66604.88,85.0,15.0,Cubierta (85.0% Contratos / 15.0% Bolsa),1332.0975975,489820.279186335,753569.6602567089,693284.0874361722,-60285.572820536676,60285.572820536676,7.9999999999999964
2026-09-15,15,2026-09-01,True,BOGOTA,42743732.44,444032.5325,193478227.9,125760848.14,367.706,377427.65,66604.88,85.0,15.0,Cubierta (85.0% Contratos / 15.0% Bolsa),1332.0975975,489820.279186335,753569.6602567089,693284.0874361722,-60285.572820536676,60285.572820536676,7.9999999999999964
2026-09-15,15,2026-09-01,True,CARIBE_MAR,34109271.04,444032.5325,193478227.9,125760848.14,367.706,377427.65,66604.88,85.0,15.0,Cubierta (85.0% Contratos / 15.0% Bolsa),1332.0975975,489820.279186335,753569.6602567089,693284.0874361722,-60285.572820536676,60285.572820536676,7.9999999999999964
2026-09-15,15,2026-09-01,True,CARIBE_SOL,27052769.27,444032.5325,193478227.9,125760848.14,367.706,377427.65,66604.88,85.0,15.0,Cubierta (85.0% Contratos / 15.0% Bolsa),1332.0975975,489820.279186335,753569.6602567089,693284.0874361722,-60285.572820536676,60285.572820536676,7.9999999999999964
2026-09-15,15,2026-09-01,True,VALLE,21995227.51,444032.5325,193478227.9,125760848.14,367.706,377427.65,66604.88,85.0,15.0,Cubierta (85.0% Contratos / 15.0% Bolsa),1332.0975975,489820.279186335,753569.6602567089,693284.0874361722,-60285.572820536676,60285.572820536676,7.9999999999999964
2026-09-15,15,2026-09-01,True,SANTANDER,16951371.38,444032.5325,193478227.9,125760848.14,367.706,377427.65,66604.88,85.0,15.0,Cubierta (85.0% Contratos / 15.0% Bolsa),1332.0975975,489820.279186335,753569.6602567089,693284.0874361722,-60285.572820536676,60285.572820536676,7.9999999999999964
2026-09-15,15,2026-09-01,True,CUNDINAMARCA,10997689.34,444032.5325,193478227.9,125760848.14,367.706,377427.65,66604.88,85.0,15.0,Cubierta (85.0% Contratos / 15.0% Bolsa),1332.0975975,489820.279186335,753569.6602567089,693284.0874361722,-60285.572820536676,60285.572820536676,7.9999999999999964
2026-09-15,15,2026-09-01,True,TOLIMA,9168450.4,444032.5325,193478227.9,125760848.14,367.706,377427.65,66604.88,85.0,15.0,Cubierta (85.0% Contratos / 15.0% Bolsa),1332.0975975,489820.279186335,753569.6602567089,693284.0874361722,-60285.572820536676,60285.572820536676,7.9999999999999964
2026-09-16,16,2026-09-01,True,ANTIOQUIA,29982421.7,441007.755,192160242.0,124904157.3,367.3546,374856.59,66151.16,85.0,15.0,Cubierta (85.0% Contratos / 15.0% Bolsa),1323.023265,486018.682304769,747721.0496996447,687903.3657236731,-59817.68397597154,59817.68397597154,7.999999999999995
2026-09-16,16,2026-09-01,True,BOGOTA,42486282.2,441007.755,192160242.0,124904157.3,367.3546,374856.59,66151.16,85.0,15.0,Cubierta (85.0% Contratos / 15.0% Bolsa),1323.023265,486018.682304769,747721.0496996447,687903.3657236731,-59817.68397597154,59817.68397597154,7.999999999999995
2026-09-16,16,2026-09-01,True,CARIBE_MAR,33861870.39,441007.755,192160242.0,124904157.3,367.3546,374856.59,66151.16,85.0,15.0,Cubierta (85.0% Contratos / 15.0% Bolsa),1323.023265,486018.682304769,747721.0496996447,687903.3657236731,-59817.68397597154,59817.68397597154,7.999999999999995
2026-09-16,16,2026-09-01,True,CARIBE_SOL,26800172.75,441007.755,192160242.0,124904157.3,367.3546,374856.59,66151.16,85.0,15.0,Cubierta (85.0% Contratos / 15.0% Bolsa),1323.023265,486018.682304769,747721.0496996447,687903.3657236731,-59817.68397597154,59817.68397597154,7.999999999999995
2026-09-16,16,2026-09-01,True,VALLE,21742621.81,441007.755,192160242.0,124904157.3,367.3546,374856.59,66151.16,85.0,15.0,Cubierta (85.0% Contratos / 15.0% Bolsa),1323.023265,486018.682304769,747721.0496996447,687903.3657236731,-59817.68397597154,59817.68397597154,7.999999999999995
2026-09-16,16,2026-09-01,True,SANTANDER,17128012.62,441007.755,192160242.0,124904157.3,367.3546,374856.59,66151.16,85.0,15.0,Cubierta (85.0% Contratos / 15.0% Bolsa),1323.023265,486018.682304769,747721.0496996447,687903.3657236731,-59817.68397597154,59817.68397597154,7.999999999999995
2026-09-16,16,2026-09-01,True,CUNDINAMARCA,11087480.17,441007.755,192160242.0,124904157.3,367.3546,374856.59,66151.16,85.0,15.0,Cubierta (85.0% Contratos / 15.0% Bolsa),1323.023265,486018.682304769,747721.0496996447,687903.3657236731,-59817.68397597154,59817.68397597154,7.999999999999995
2026-09-16,16,2026-09-01,True,TOLIMA,9071380.36,441007.755,192160242.0,124904157.3,367.3546,374856.59,66151.16,85.0,15.0,Cubierta (85.0% Contratos / 15.0% Bolsa),1323.023265,486018.682304769,747721.0496996447,687903.3657236731,-59817.68397597154,59817.68397597154,7.999999999999995
2026-09-17,17,2026-09-01,True,ANTIOQUIA,30014166.41,441841.35875,192523467.73000002,125140254.02,366.9694,375565.15,66276.2,85.0,15.0,Cubierta (85.0% Contratos / 15.0% Bolsa),1325.52407625,486426.7749470168,748348.8845607825,688480.9737959199,-59867.91076486255,59867.91076486255,7.999999999999993
2026-09-17,17,2026-09-01,True,BOGOTA,42709496.49,441841.35875,192523467.73000002,125140254.02,366.9694,375565.15,66276.2,85.0,15.0,Cubierta (85.0% Contratos / 15.0% Bolsa),1325.52407625,486426.7749470168,748348.8845607825,688480.9737959199,-59867.91076486255,59867.91076486255,7.999999999999993
2026-09-17,17,2026-09-01,True,CARIBE_MAR,34000239.75,441841.35875,192523467.73000002,125140254.02,366.9694,375565.15,66276.2,85.0,15.0,Cubierta (85.0% Contratos / 15.0% Bolsa),1325.52407625,486426.7749470168,748348.8845607825,688480.9737959199,-59867.91076486255,59867.91076486255,7.999999999999993
2026-09-17,17,2026-09-01,True,CARIBE_SOL,26857389.19,441841.35875,192523467.73000002,125140254.02,366.9694,375565.15,66276.2,85.0,15.0,Cubierta (85.0% Contratos / 15.0% Bolsa),1325.52407625,486426.7749470168,748348.8845607825,688480.9737959199,-59867.91076486255,59867.91076486255,7.999999999999993
2026-09-17,17,2026-09-01,True,VALLE,22096848.39,441841.35875,192523467.73000002,125140254.02,366.9694,375565.15,66276.2,85.0,15.0,Cubierta (85.0% Contratos / 15.0% Bolsa),1325.52407625,486426.7749470168,748348.8845607825,688480.9737959199,-59867.91076486255,59867.91076486255,7.999999999999993
2026-09-17,17,2026-09-01,True,SANTANDER,16940601.6,441841.35875,192523467.73000002,125140254.02,366.9694,375565.15,66276.2,85.0,15.0,Cubierta (85.0% Contratos / 15.0% Bolsa),1325.52407625,486426.7749470168,748348.8845607825,688480.9737959199,-59867.91076486255,59867.91076486255,7.999999999999993
2026-09-17,17,2026-09-01,True,CUNDINAMARCA,10727650.96,441841.35875,192523467.73000002,125140254.02,366.9694,375565.15,66276.2,85.0,15.0,Cubierta (85.0% Contratos / 15.0% Bolsa),1325.52407625,486426.7749470168,748348.8845607825,688480.9737959199,-59867.91076486255,59867.91076486255,7.999999999999993
2026-09-17,17,2026-09-01,True,TOLIMA,9177074.94,441841.35875,192523467.73000002,125140254.02,366.9694,375565.15,66276.2,85.0,15.0,Cubierta (85.0% Contratos / 15.0% Bolsa),1325.52407625,486426.7749470168,748348.8845607825,688480.9737959199,-59867.91076486255,59867.91076486255,7.999999999999993
2026-09-18,18,2026-09-01,True,ANTIOQUIA,30481490.95,443406.7,193205533.75,125583596.94,366.5614,376895.7,66511.0,85.0,15.0,Cubierta (85.0% Contratos / 15.0% Bolsa),1330.2201,487607.34216413996,750165.1417760511,690151.930433967,-60013.211342084105,60013.211342084105,8.000000000000002
2026-09-18,18,2026-09-01,True,BOGOTA,43056580.66,443406.7,193205533.75,125583596.94,366.5614,376895.7,66511.0,85.0,15.0,Cubierta (85.0% Contratos / 15.0% Bolsa),1330.2201,487607.34216413996,750165.1417760511,690151.930433967,-60013.211342084105,60013.211342084105,8.000000000000002
2026-09-18,18,2026-09-01,True,CARIBE_MAR,33692148.49,443406.7,193205533.75,125583596.94,366.5614,376895.7,66511.0,85.0,15.0,Cubierta (85.0% Contratos / 15.0% Bolsa),1330.2201,487607.34216413996,750165.1417760511,690151.930433967,-60013.211342084105,60013.211342084105,8.000000000000002
2026-09-18,18,2026-09-01,True,CARIBE_SOL,26943621.06,443406.7,193205533.75,125583596.94,366.5614,376895.7,66511.0,85.0,15.0,Cubierta (85.0% Contratos / 15.0% Bolsa),1330.2201,487607.34216413996,750165.1417760511,690151.930433967,-60013.211342084105,60013.211342084105,8.000000000000002
2026-09-18,18,2026-09-01,True,VALLE,22039064.03,443406.7,193205533.75,125583596.94,366.5614,376895.7,66511.0,85.0,15.0,Cubierta (85.0% Contratos / 15.0% Bolsa),1330.2201,487607.34216413996,750165.1417760511,690151.930433967,-60013.211342084105,60013.211342084105,8.000000000000002
2026-09-18,18,2026-09-01,True,SANTANDER,16977120.88,443406.7,193205533.75,125583596.94,366.5614,376895.7,66511.0,85.0,15.0,Cubierta (85.0% Contratos / 15.0% Bolsa),1330.2201,487607.34216413996,750165.1417760511,690151.930433967,-60013.211342084105,60013.211342084105,8.000000000000002
2026-09-18,18,2026-09-01,True,CUNDINAMARCA,10996945.38,443406.7,193205533.75,125583596.94,366.5614,376895.7,66511.0,85.0,15.0,Cubierta (85.0% Contratos / 15.0% Bolsa),1330.2201,487607.34216413996,750165.1417760511,690151.930433967,-60013.211342084105,60013.211342084105,8.000000000000002
2026-09-18,18,2026-09-01,True,TOLIMA,9018562.3,443406.7,193205533.75,125583596.94,366.5614,376895.7,66511.0,85.0,15.0,Cubierta (85.0% Contratos / 15.0% Bolsa),1330.2201,487607.34216413996,750165.1417760511,690151.930433967,-60013.211342084105,60013.211342084105,8.000000000000002
2026-09-19,19,2026-09-01,True,ANTIOQUIA,25740266.06,313548.27375,162040451.65,105326293.57,366.1418,266516.03,47032.24,85.0,15.0,Cubierta (85.0% Contratos / 15.0% Bolsa),940.64482125,344409.3880131532,529860.5969558894,487471.74919941823,-42388.847756471136,42388.847756471136,7.999999999999997
2026-09-19,19,2026-09-01,True,BOGOTA,35627236.06,313548.27375,162040451.65,105326293.57,366.1418,266516.03,47032.24,85.0,15.0,Cubierta (85.0% Contratos / 15.0% Bolsa),940.64482125,344409.3880131532,529860.5969558894,487471.74919941823,-42388.847756471136,42388.847756471136,7.999999999999997
2026-09-19,19,2026-09-01,True,CARIBE_MAR,28853301.7,313548.27375,162040451.65,105326293.57,366.1418,266516.03,47032.24,85.0,15.0,Cubierta (85.0% Contratos / 15.0% Bolsa),940.64482125,344409.3880131532,529860.5969558894,487471.74919941823,-42388.847756471136,42388.847756471136,7.999999999999997
2026-09-19,19,2026-09-01,True,CARIBE_SOL,22459526.82,313548.27375,162040451.65,105326293.57,366.1418,266516.03,47032.24,85.0,15.0,Cubierta (85.0% Contratos / 15.0% Bolsa),940.64482125,344409.3880131532,529860.5969558894,487471.74919941823,-42388.847756471136,42388.847756471136,7.999999999999997
2026-09-19,19,2026-09-01,True,VALLE,18204392.74,313548.27375,162040451.65,105326293.57,366.1418,266516.03,47032.24,85.0,15.0,Cubierta (85.0% Contratos / 15.0% Bolsa),940.64482125,344409.3880131532,529860.5969558894,487471.74919941823,-42388.847756471136,42388.847756471136,7.999999999999997
2026-09-19,19,2026-09-01,True,SANTANDER,14301354.46,313548.27375,162040451.65,105326293.57,366.1418,266516.03,47032.24,85.0,15.0,Cubierta (85.0% Contratos / 15.0% Bolsa),940.64482125,344409.3880131532,529860.5969558894,487471.74919941823,-42388.847756471136,42388.847756471136,7.999999999999997
2026-09-19,19,2026-09-01,True,CUNDINAMARCA,9193738.32,313548.27375,162040451.65,105326293.57,366.1418,266516.03,47032.24,85.0,15.0,Cubierta (85.0% Contratos / 15.0% Bolsa),940.64482125,344409.3880131532,529860.5969558894,487471.74919941823,-42388.847756471136,42388.847756471136,7.999999999999997
2026-09-19,19,2026-09-01,True,TOLIMA,7660635.49,313548.27375,162040451.65,105326293.57,366.1418,266516.03,47032.24,85.0,15.0,Cubierta (85.0% Contratos / 15.0% Bolsa),940.64482125,344409.3880131532,529860.5969558894,487471.74919941823,-42388.847756471136,42388.847756471136,7.999999999999997
2026-09-20,20,2026-09-01,True,ANTIOQUIA,26042125.68,316645.585,163641129.3,106366734.05,365.7224,269148.75,47496.84,85.0,15.0,Cubierta (85.0% Contratos / 15.0% Bolsa),949.9367550000001,347413.149886812,534481.7690315094,491723.2275089887,-42758.54152252071,42758.54152252071,7.999999999999992
2026-09-20,20,2026-09-01,True,BOGOTA,36232694.55,316645.585,163641129.3,106366734.05,365.7224,269148.75,47496.84,85.0,15.0,Cubierta (85.0% Contratos / 15.0% Bolsa),949.9367550000001,347413.149886812,534481.7690315094,491723.2275089887,-42758.54152252071,42758.54152252071,7.999999999999992
2026-09-20,20,2026-09-01,True,CARIBE_MAR,28418061.18,316645.585,163641129.3,106366734.05,365.7224,269148.75,47496.84,85.0,15.0,Cubierta (85.0% Contratos / 15.0% Bolsa),949.9367550000001,347413.149886812,534481.7690315094,491723.2275089887,-42758.54152252071,42758.54152252071,7.999999999999992
2026-09-20,20,2026-09-01,True,CARIBE_SOL,22836534.71,316645.585,163641129.3,106366734.05,365.7224,269148.75,47496.84,85.0,15.0,Cubierta (85.0% Contratos / 15.0% Bolsa),949.9367550000001,347413.149886812,534481.7690315094,491723.2275089887,-42758.54152252071,42758.54152252071,7.999999999999992
2026-09-20,20,2026-09-01,True,VALLE,18458289.87,316645.585,163641129.3,106366734.05,365.7224,269148.75,47496.84,85.0,15.0,Cubierta (85.0% Contratos / 15.0% Bolsa),949.9367550000001,347413.149886812,534481.7690315094,491723.2275089887,-42758.54152252071,42758.54152252071,7.999999999999992
2026-09-20,20,2026-09-01,True,SANTANDER,14537312.21,316645.585,163641129.3,106366734.05,365.7224,269148.75,47496.84,85.0,15.0,Cubierta (85.0% Contratos / 15.0% Bolsa),949.9367550000001,347413.149886812,534481.7690315094,491723.2275089887,-42758.54152252071,42758.54152252071,7.999999999999992
2026-09-20,20,2026-09-01,True,CUNDINAMARCA,9384740.59,316645.585,163641129.3,106366734.05,365.7224,269148.75,47496.84,85.0,15.0,Cubierta (85.0% Contratos / 15.0% Bolsa),949.9367550000001,347413.149886812,534481.7690315094,491723.2275089887,-42758.54152252071,42758.54152252071,7.999999999999992
2026-09-20,20,2026-09-01,True,TOLIMA,7731370.51,316645.585,163641129.3,106366734.05,365.7224,269148.75,47496.84,85.0,15.0,Cubierta (85.0% Contratos / 15.0% Bolsa),949.9367550000001,347413.149886812,534481.7690315094,491723.2275089887,-42758.54152252071,42758.54152252071,7.999999999999992
2026-09-21,21,2026-09-01,True,ANTIOQUIA,30666311.51,443143.585,193090886.7,125509076.35,365.3147,376672.05,66471.54,85.0,15.0,Cubierta (85.0% Contratos / 15.0% Bolsa),1329.430755,485660.59743359854,747170.1499276096,687396.5379334008,-59773.61199420877,59773.61199420877,8.0
2026-09-21,21,2026-09-01,True,BOGOTA,42171369.14,443143.585,193090886.7,125509076.35,365.3147,376672.05,66471.54,85.0,15.0,Cubierta (85.0% Contratos / 15.0% Bolsa),1329.430755,485660.59743359854,747170.1499276096,687396.5379334008,-59773.61199420877,59773.61199420877,8.0
2026-09-21,21,2026-09-01,True,CARIBE_MAR,34054528.2,443143.585,193090886.7,125509076.35,365.3147,376672.05,66471.54,85.0,15.0,Cubierta (85.0% Contratos / 15.0% Bolsa),1329.430755,485660.59743359854,747170.1499276096,687396.5379334008,-59773.61199420877,59773.61199420877,8.0
2026-09-21,21,2026-09-01,True,CARIBE_SOL,27005770.66,443143.585,193090886.7,125509076.35,365.3147,376672.05,66471.54,85.0,15.0,Cubierta (85.0% Contratos / 15.0% Bolsa),1329.430755,485660.59743359854,747170.1499276096,687396.5379334008,-59773.61199420877,59773.61199420877,8.0
2026-09-21,21,2026-09-01,True,VALLE,21943395.53,443143.585,193090886.7,125509076.35,365.3147,376672.05,66471.54,85.0,15.0,Cubierta (85.0% Contratos / 15.0% Bolsa),1329.430755,485660.59743359854,747170.1499276096,687396.5379334008,-59773.61199420877,59773.61199420877,8.0
2026-09-21,21,2026-09-01,True,SANTANDER,16999650.2,443143.585,193090886.7,125509076.35,365.3147,376672.05,66471.54,85.0,15.0,Cubierta (85.0% Contratos / 15.0% Bolsa),1329.430755,485660.59743359854,747170.1499276096,687396.5379334008,-59773.61199420877,59773.61199420877,8.0
2026-09-21,21,2026-09-01,True,CUNDINAMARCA,11135075.95,443143.585,193090886.7,125509076.35,365.3147,376672.05,66471.54,85.0,15.0,Cubierta (85.0% Contratos / 15.0% Bolsa),1329.430755,485660.59743359854,747170.1499276096,687396.5379334008,-59773.61199420877,59773.61199420877,8.0
2026-09-21,21,2026-09-01,True,TOLIMA,9114785.51,443143.585,193090886.7,125509076.35,365.3147,376672.05,66471.54,85.0,15.0,Cubierta (85.0% Contratos / 15.0% Bolsa),1329.430755,485660.59743359854,747170.1499276096,687396.5379334008,-59773.61199420877,59773.61199420877,8.0
2026-09-22,22,2026-09-01,True,ANTIOQUIA,30469948.87,440221.22875,191817528.63000005,124681393.61,364.93,374188.04,66033.18,85.0,15.0,Cubierta (85.0% Contratos / 15.0% Bolsa),1320.66368625,481949.7990232125,741461.2292635076,682144.330922427,-59316.89834108064,59316.89834108064,8.000000000000004
2026-09-22,22,2026-09-01,True,BOGOTA,42126464.94,440221.22875,191817528.63000005,124681393.61,364.93,374188.04,66033.18,85.0,15.0,Cubierta (85.0% Contratos / 15.0% Bolsa),1320.66368625,481949.7990232125,741461.2292635076,682144.330922427,-59316.89834108064,59316.89834108064,8.000000000000004
2026-09-22,22,2026-09-01,True,CARIBE_MAR,33949357.93,440221.22875,191817528.63000005,124681393.61,364.93,374188.04,66033.18,85.0,15.0,Cubierta (85.0% Contratos / 15.0% Bolsa),1320.66368625,481949.7990232125,741461.2292635076,682144.330922427,-59316.89834108064,59316.89834108064,8.000000000000004
2026-09-22,22,2026-09-01,True,CARIBE_SOL,26365088.06,440221.22875,191817528.63000005,124681393.61,364.93,374188.04,66033.18,85.0,15.0,Cubierta (85.0% Contratos / 15.0% Bolsa),1320.66368625,481949.7990232125,741461.2292635076,682144.330922427,-59316.89834108064,59316.89834108064,8.000000000000004
2026-09-22,22,2026-09-01,True,VALLE,21719929.92,440221.22875,191817528.63000005,124681393.61,364.93,374188.04,66033.18,85.0,15.0,Cubierta (85.0% Contratos / 15.0% Bolsa),1320.66368625,481949.7990232125,741461.2292635076,682144.330922427,-59316.89834108064,59316.89834108064,8.000000000000004
2026-09-22,22,2026-09-01,True,SANTANDER,17132523.65,440221.22875,191817528.63000005,124681393.61,364.93,374188.04,66033.18,85.0,15.0,Cubierta (85.0% Contratos / 15.0% Bolsa),1320.66368625,481949.7990232125,741461.2292635076,682144.330922427,-59316.89834108064,59316.89834108064,8.000000000000004
2026-09-22,22,2026-09-01,True,CUNDINAMARCA,10957072.08,440221.22875,191817528.63000005,124681393.61,364.93,374188.04,66033.18,85.0,15.0,Cubierta (85.0% Contratos / 15.0% Bolsa),1320.66368625,481949.7990232125,741461.2292635076,682144.330922427,-59316.89834108064,59316.89834108064,8.000000000000004
2026-09-22,22,2026-09-01,True,TOLIMA,9097143.18,440221.22875,191817528.63000005,124681393.61,364.93,374188.04,66033.18,85.0,15.0,Cubierta (85.0% Contratos / 15.0% Bolsa),1320.66368625,481949.7990232125,741461.2292635076,682144.330922427,-59316.89834108064,59316.89834108064,8.000000000000004
2026-09-23,23,2026-09-01,True,ANTIOQUIA,30269754.23,443835.4875,193392369.23000002,125705040.0,364.5793,377260.16,66575.32,85.0,15.0,Cubierta (85.0% Contratos / 15.0% Bolsa),1331.5064625,485439.69404372625,746830.2985258392,687083.8746437721,-59746.42388206709,59746.42388206709,7.999999999999993
2026-09-23,23,2026-09-01,True,BOGOTA,42591534.28,443835.4875,193392369.23000002,125705040.0,364.5793,377260.16,66575.32,85.0,15.0,Cubierta (85.0% Contratos / 15.0% Bolsa),1331.5064625,485439.69404372625,746830.2985258392,687083.8746437721,-59746.42388206709,59746.42388206709,7.999999999999993
2026-09-23,23,2026-09-01,True,CARIBE_MAR,34002015.62,443835.4875,193392369.23000002,125705040.0,364.5793,377260.16,66575.32,85.0,15.0,Cubierta (85.0% Contratos / 15.0% Bolsa),1331.5064625,485439.69404372625,746830.2985258392,687083.8746437721,-59746.42388206709,59746.42388206709,7.999999999999993
2026-09-23,23,2026-09-01,True,CARIBE_SOL,27396806.81,443835.4875,193392369.23000002,125705040.0,364.5793,377260.16,66575.32,85.0,15.0,Cubierta (85.0% Contratos / 15.0% Bolsa),1331.5064625,485439.69404372625,746830.2985258392,687083.8746437721,-59746.42388206709,59746.42388206709,7.999999999999993
2026-09-23,23,2026-09-01,True,VALLE,22134217.17,443835.4875,193392369.23000002,125705040.0,364.5793,377260.16,66575.32,85.0,15.0,Cubierta (85.0% Contratos / 15.0% Bolsa),1331.5064625,485439.69404372625,746830.2985258392,687083.8746437721,-59746.42388206709,59746.42388206709,7.999999999999993
2026-09-23,23,2026-09-01,True,SANTANDER,16971566.37,443835.4875,193392369.23000002,125705040.0,364.5793,377260.16,66575.32,85.0,15.0,Cubierta (85.0% Contratos / 15.0% Bolsa),1331.5064625,485439.69404372625,746830.2985258392,687083.8746437721,-59746.42388206709,59746.42388206709,7.999999999999993
2026-09-23,23,2026-09-01,True,CUNDINAMARCA,10934200.28,443835.4875,193392369.23000002,125705040.0,364.5793,377260.16,66575.32,85.0,15.0,Cubierta (85.0% Contratos / 15.0% Bolsa),1331.5064625,485439.69404372625,746830.2985258392,687083.8746437721,-59746.42388206709,59746.42388206709,7.999999999999993
2026-09-23,23,2026-09-01,True,TOLIMA,9092274.47,443835.4875,193392369.23000002,125705040.0,364.5793,377260.16,66575.32,85.0,15.0,Cubierta (85.0% Contratos / 15.0% Bolsa),1331.5064625,485439.69404372625,746830.2985258392,687083.8746437721,-59746.42388206709,59746.42388206709,7.999999999999993
2026-09-24,24,2026-09-01,True,ANTIOQUIA,30595245.4,445017.74375,193907513.79000002,126039883.96,364.2728,378265.08,66752.66,85.0,15.0,Cubierta (85.0% Contratos / 15.0% Bolsa),1335.0532312500002,486323.5786964851,748190.1210922921,688334.9114049088,-59855.20968738338,59855.20968738338,8.000000000000002
2026-09-24,24,2026-09-01,True,BOGOTA,42985197.95,445017.74375,193907513.79000002,126039883.96,364.2728,378265.08,66752.66,85.0,15.0,Cubierta (85.0% Contratos / 15.0% Bolsa),1335.0532312500002,486323.5786964851,748190.1210922921,688334.9114049088,-59855.20968738338,59855.20968738338,8.000000000000002
2026-09-24,24,2026-09-01,True,CARIBE_MAR,34259271.0,445017.74375,193907513.79000002,126039883.96,364.2728,378265.08,66752.66,85.0,15.0,Cubierta (85.0% Contratos / 15.0% Bolsa),1335.0532312500002,486323.5786964851,748190.1210922921,688334.9114049088,-59855.20968738338,59855.20968738338,8.000000000000002
2026-09-24,24,2026-09-01,True,CARIBE_SOL,26993115.08,445017.74375,193907513.79000002,126039883.96,364.2728,378265.08,66752.66,85.0,15.0,Cubierta (85.0% Contratos / 15.0% Bolsa),1335.0532312500002,486323.5786964851,748190.1210922921,688334.9114049088,-59855.20968738338,59855.20968738338,8.000000000000002
2026-09-24,24,2026-09-01,True,VALLE,21891788.72,445017.74375,193907513.79000002,126039883.96,364.2728,378265.08,66752.66,85.0,15.0,Cubierta (85.0% Contratos / 15.0% Bolsa),1335.0532312500002,486323.5786964851,748190.1210922921,688334.9114049088,-59855.20968738338,59855.20968738338,8.000000000000002
2026-09-24,24,2026-09-01,True,SANTANDER,17126621.37,445017.74375,193907513.79000002,126039883.96,364.2728,378265.08,66752.66,85.0,15.0,Cubierta (85.0% Contratos / 15.0% Bolsa),1335.0532312500002,486323.5786964851,748190.1210922921,688334.9114049088,-59855.20968738338,59855.20968738338,8.000000000000002
2026-09-24,24,2026-09-01,True,CUNDINAMARCA,10939230.97,445017.74375,193907513.79000002,126039883.96,364.2728,378265.08,66752.66,85.0,15.0,Cubierta (85.0% Contratos / 15.0% Bolsa),1335.0532312500002,486323.5786964851,748190.1210922921,688334.9114049088,-59855.20968738338,59855.20968738338,8.000000000000002
2026-09-24,24,2026-09-01,True,TOLIMA,9117043.3,445017.74375,193907513.79000002,126039883.96,364.2728,378265.08,66752.66,85.0,15.0,Cubierta (85.0% Contratos / 15.0% Bolsa),1335.0532312500002,486323.5786964851,748190.1210922921,688334.9114049088,-59855.20968738338,59855.20968738338,8.000000000000002
2026-09-25,25,2026-09-01,True,ANTIOQUIA,30733435.77,444635.69875,193741045.18999997,125931679.37,364.0197,377940.34,66695.35,85.0,15.0,Cubierta (85.0% Contratos / 15.0% Bolsa),1333.90709625,485568.46100479615,747028.4015666022,687266.129441274,-59762.27212532819,59762.27212532819,8.000000000000004
2026-09-25,25,2026-09-01,True,BOGOTA,42384253.76,444635.69875,193741045.18999997,125931679.37,364.0197,377940.34,66695.35,85.0,15.0,Cubierta (85.0% Contratos / 15.0% Bolsa),1333.90709625,485568.46100479615,747028.4015666022,687266.129441274,-59762.27212532819,59762.27212532819,8.000000000000004
2026-09-25,25,2026-09-01,True,CARIBE_MAR,34563138.82,444635.69875,193741045.18999997,125931679.37,364.0197,377940.34,66695.35,85.0,15.0,Cubierta (85.0% Contratos / 15.0% Bolsa),1333.90709625,485568.46100479615,747028.4015666022,687266.129441274,-59762.27212532819,59762.27212532819,8.000000000000004
2026-09-25,25,2026-09-01,True,CARIBE_SOL,26847750.91,444635.69875,193741045.18999997,125931679.37,364.0197,377940.34,66695.35,85.0,15.0,Cubierta (85.0% Contratos / 15.0% Bolsa),1333.90709625,485568.46100479615,747028.4015666022,687266.129441274,-59762.27212532819,59762.27212532819,8.000000000000004
2026-09-25,25,2026-09-01,True,VALLE,21854349.19,444635.69875,193741045.18999997,125931679.37,364.0197,377940.34,66695.35,85.0,15.0,Cubierta (85.0% Contratos / 15.0% Bolsa),1333.90709625,485568.46100479615,747028.4015666022,687266.129441274,-59762.27212532819,59762.27212532819,8.000000000000004
2026-09-25,25,2026-09-01,True,SANTANDER,17215724.53,444635.69875,193741045.18999997,125931679.37,364.0197,377940.34,66695.35,85.0,15.0,Cubierta (85.0% Contratos / 15.0% Bolsa),1333.90709625,485568.46100479615,747028.4015666022,687266.129441274,-59762.27212532819,59762.27212532819,8.000000000000004
2026-09-25,25,2026-09-01,True,CUNDINAMARCA,10959156.04,444635.69875,193741045.18999997,125931679.37,364.0197,377940.34,66695.35,85.0,15.0,Cubierta (85.0% Contratos / 15.0% Bolsa),1333.90709625,485568.46100479615,747028.4015666022,687266.129441274,-59762.27212532819,59762.27212532819,8.000000000000004
2026-09-25,25,2026-09-01,True,TOLIMA,9183236.17,444635.69875,193741045.18999997,125931679.37,364.0197,377940.34,66695.35,85.0,15.0,Cubierta (85.0% Contratos / 15.0% Bolsa),1333.90709625,485568.46100479615,747028.4015666022,687266.129441274,-59762.27212532819,59762.27212532819,8.000000000000004
2026-09-26,26,2026-09-01,True,ANTIOQUIA,25835805.17,317201.21125,163928274.3,106553378.3,363.8283,269621.03,47580.18,85.0,15.0,Cubierta (85.0% Contratos / 15.0% Bolsa),951.60363375,346220.33234108513,532646.6651151367,490034.93190592574,-42611.73320921091,42611.73320921091,7.9999999999999964
2026-09-26,26,2026-09-01,True,BOGOTA,36391195.12,317201.21125,163928274.3,106553378.3,363.8283,269621.03,47580.18,85.0,15.0,Cubierta (85.0% Contratos / 15.0% Bolsa),951.60363375,346220.33234108513,532646.6651151367,490034.93190592574,-42611.73320921091,42611.73320921091,7.9999999999999964
2026-09-26,26,2026-09-01,True,CARIBE_MAR,29218343.95,317201.21125,163928274.3,106553378.3,363.8283,269621.03,47580.18,85.0,15.0,Cubierta (85.0% Contratos / 15.0% Bolsa),951.60363375,346220.33234108513,532646.6651151367,490034.93190592574,-42611.73320921091,42611.73320921091,7.9999999999999964
2026-09-26,26,2026-09-01,True,CARIBE_SOL,22429928.04,317201.21125,163928274.3,106553378.3,363.8283,269621.03,47580.18,85.0,15.0,Cubierta (85.0% Contratos / 15.0% Bolsa),951.60363375,346220.33234108513,532646.6651151367,490034.93190592574,-42611.73320921091,42611.73320921091,7.9999999999999964
2026-09-26,26,2026-09-01,True,VALLE,18801243.93,317201.21125,163928274.3,106553378.3,363.8283,269621.03,47580.18,85.0,15.0,Cubierta (85.0% Contratos / 15.0% Bolsa),951.60363375,346220.33234108513,532646.6651151367,490034.93190592574,-42611.73320921091,42611.73320921091,7.9999999999999964
2026-09-26,26,2026-09-01,True,SANTANDER,14464699.28,317201.21125,163928274.3,106553378.3,363.8283,269621.03,47580.18,85.0,15.0,Cubierta (85.0% Contratos / 15.0% Bolsa),951.60363375,346220.33234108513,532646.6651151367,490034.93190592574,-42611.73320921091,42611.73320921091,7.9999999999999964
2026-09-26,26,2026-09-01,True,CUNDINAMARCA,9099035.75,317201.21125,163928274.3,106553378.3,363.8283,269621.03,47580.18,85.0,15.0,Cubierta (85.0% Contratos / 15.0% Bolsa),951.60363375,346220.33234108513,532646.6651151367,490034.93190592574,-42611.73320921091,42611.73320921091,7.9999999999999964
2026-09-26,26,2026-09-01,True,TOLIMA,7688023.06,317201.21125,163928274.3,106553378.3,363.8283,269621.03,47580.18,85.0,15.0,Cubierta (85.0% Contratos / 15.0% Bolsa),951.60363375,346220.33234108513,532646.6651151367,490034.93190592574,-42611.73320921091,42611.73320921091,7.9999999999999964
2026-09-27,27,2026-09-01,True,ANTIOQUIA,25638698.14,314152.57,162352749.51000002,105529287.18,363.7055,267029.68,47122.89,85.0,15.0,Cubierta (85.0% Contratos / 15.0% Bolsa),942.45771,342777.052644405,527349.3117681189,485161.3668266694,-42187.9449414495,42187.9449414495,7.999999999999999
2026-09-27,27,2026-09-01,True,BOGOTA,35649595.82,314152.57,162352749.51000002,105529287.18,363.7055,267029.68,47122.89,85.0,15.0,Cubierta (85.0% Contratos / 15.0% Bolsa),942.45771,342777.052644405,527349.3117681189,485161.3668266694,-42187.9449414495,42187.9449414495,7.999999999999999
2026-09-27,27,2026-09-01,True,CARIBE_MAR,28467502.19,314152.57,162352749.51000002,105529287.18,363.7055,267029.68,47122.89,85.0,15.0,Cubierta (85.0% Contratos / 15.0% Bolsa),942.45771,342777.052644405,527349.3117681189,485161.3668266694,-42187.9449414495,42187.9449414495,7.999999999999999
2026-09-27,27,2026-09-01,True,CARIBE_SOL,23029971.5,314152.57,162352749.51000002,105529287.18,363.7055,267029.68,47122.89,85.0,15.0,Cubierta (85.0% Contratos / 15.0% Bolsa),942.45771,342777.052644405,527349.3117681189,485161.3668266694,-42187.9449414495,42187.9449414495,7.999999999999999
2026-09-27,27,2026-09-01,True,VALLE,18465324.74,314152.57,162352749.51000002,105529287.18,363.7055,267029.68,47122.89,85.0,15.0,Cubierta (85.0% Contratos / 15.0% Bolsa),942.45771,342777.052644405,527349.3117681189,485161.3668266694,-42187.9449414495,42187.9449414495,7.999999999999999
2026-09-27,27,2026-09-01,True,SANTANDER,14164020.63,314152.57,162352749.51000002,105529287.18,363.7055,267029.68,47122.89,85.0,15.0,Cubierta (85.0% Contratos / 15.0% Bolsa),942.45771,342777.052644405,527349.3117681189,485161.3668266694,-42187.9449414495,42187.9449414495,7.999999999999999
2026-09-27,27,2026-09-01,True,CUNDINAMARCA,9363699.39,314152.57,162352749.51000002,105529287.18,363.7055,267029.68,47122.89,85.0,15.0,Cubierta (85.0% Contratos / 15.0% Bolsa),942.45771,342777.052644405,527349.3117681189,485161.3668266694,-42187.9449414495,42187.9449414495,7.999999999999999
2026-09-27,27,2026-09-01,True,TOLIMA,7573937.1,314152.57,162352749.51000002,105529287.18,363.7055,267029.68,47122.89,85.0,15.0,Cubierta (85.0% Contratos / 15.0% Bolsa),942.45771,342777.052644405,527349.3117681189,485161.3668266694,-42187.9449414495,42187.9449414495,7.999999999999999
2026-09-28,28,2026-09-01,True,ANTIOQUIA,30896018.02,443549.64625,193267819.45999998,125624082.65,363.6569,377017.2,66532.45,85.0,15.0,Cubierta (85.0% Contratos / 15.0% Bolsa),1330.64893875,483899.6680541149,744461.0277696352,684904.1455480644,-59556.88222157082,59556.88222157082,8.0
2026-09-28,28,2026-09-01,True,BOGOTA,42111466.61,443549.64625,193267819.45999998,125624082.65,363.6569,377017.2,66532.45,85.0,15.0,Cubierta (85.0% Contratos / 15.0% Bolsa),1330.64893875,483899.6680541149,744461.0277696352,684904.1455480644,-59556.88222157082,59556.88222157082,8.0
2026-09-28,28,2026-09-01,True,CARIBE_MAR,34077604.83,443549.64625,193267819.45999998,125624082.65,363.6569,377017.2,66532.45,85.0,15.0,Cubierta (85.0% Contratos / 15.0% Bolsa),1330.64893875,483899.6680541149,744461.0277696352,684904.1455480644,-59556.88222157082,59556.88222157082,8.0
2026-09-28,28,2026-09-01,True,CARIBE_SOL,26832450.18,443549.64625,193267819.45999998,125624082.65,363.6569,377017.2,66532.45,85.0,15.0,Cubierta (85.0% Contratos / 15.0% Bolsa),1330.64893875,483899.6680541149,744461.0277696352,684904.1455480644,-59556.88222157082,59556.88222157082,8.0
2026-09-28,28,2026-09-01,True,VALLE,22088088.03,443549.64625,193267819.45999998,125624082.65,363.6569,377017.2,66532.45,85.0,15.0,Cubierta (85.0% Contratos / 15.0% Bolsa),1330.64893875,483899.6680541149,744461.0277696352,684904.1455480644,-59556.88222157082,59556.88222157082,8.0
2026-09-28,28,2026-09-01,True,SANTANDER,17117168.09,443549.64625,193267819.45999998,125624082.65,363.6569,377017.2,66532.45,85.0,15.0,Cubierta (85.0% Contratos / 15.0% Bolsa),1330.64893875,483899.6680541149,744461.0277696352,684904.1455480644,-59556.88222157082,59556.88222157082,8.0
2026-09-28,28,2026-09-01,True,CUNDINAMARCA,11048676.57,443549.64625,193267819.45999998,125624082.65,363.6569,377017.2,66532.45,85.0,15.0,Cubierta (85.0% Contratos / 15.0% Bolsa),1330.64893875,483899.6680541149,744461.0277696352,684904.1455480644,-59556.88222157082,59556.88222157082,8.0
2026-09-28,28,2026-09-01,True,TOLIMA,9096347.13,443549.64625,193267819.45999998,125624082.65,363.6569,377017.2,66532.45,85.0,15.0,Cubierta (85.0% Contratos / 15.0% Bolsa),1330.64893875,483899.6680541149,744461.0277696352,684904.1455480644,-59556.88222157082,59556.88222157082,8.0
2026-09-29,29,2026-09-01,True,ANTIOQUIA,30803845.32,445815.4025,194255077.42999998,126265800.33,363.6866,378943.09,66872.31,85.0,15.0,Cubierta (85.0% Contratos / 15.0% Bolsa),1337.4462075000001,486411.26388856955,748325.0213640667,688459.0196549414,-59866.001709125354,59866.001709125354,8.000000000000002
2026-09-29,29,2026-09-01,True,BOGOTA,42449701.24,445815.4025,194255077.42999998,126265800.33,363.6866,378943.09,66872.31,85.0,15.0,Cubierta (85.0% Contratos / 15.0% Bolsa),1337.4462075000001,486411.26388856955,748325.0213640667,688459.0196549414,-59866.001709125354,59866.001709125354,8.000000000000002
2026-09-29,29,2026-09-01,True,CARIBE_MAR,34518342.82,445815.4025,194255077.42999998,126265800.33,363.6866,378943.09,66872.31,85.0,15.0,Cubierta (85.0% Contratos / 15.0% Bolsa),1337.4462075000001,486411.26388856955,748325.0213640667,688459.0196549414,-59866.001709125354,59866.001709125354,8.000000000000002
2026-09-29,29,2026-09-01,True,CARIBE_SOL,27175387.28,445815.4025,194255077.42999998,126265800.33,363.6866,378943.09,66872.31,85.0,15.0,Cubierta (85.0% Contratos / 15.0% Bolsa),1337.4462075000001,486411.26388856955,748325.0213640667,688459.0196549414,-59866.001709125354,59866.001709125354,8.000000000000002
2026-09-29,29,2026-09-01,True,VALLE,21753896.31,445815.4025,194255077.42999998,126265800.33,363.6866,378943.09,66872.31,85.0,15.0,Cubierta (85.0% Contratos / 15.0% Bolsa),1337.4462075000001,486411.26388856955,748325.0213640667,688459.0196549414,-59866.001709125354,59866.001709125354,8.000000000000002
2026-09-29,29,2026-09-01,True,SANTANDER,17269370.16,445815.4025,194255077.42999998,126265800.33,363.6866,378943.09,66872.31,85.0,15.0,Cubierta (85.0% Contratos / 15.0% Bolsa),1337.4462075000001,486411.26388856955,748325.0213640667,688459.0196549414,-59866.001709125354,59866.001709125354,8.000000000000002
2026-09-29,29,2026-09-01,True,CUNDINAMARCA,11051166.29,445815.4025,194255077.42999998,126265800.33,363.6866,378943.09,66872.31,85.0,15.0,Cubierta (85.0% Contratos / 15.0% Bolsa),1337.4462075000001,486411.26388856955,748325.0213640667,688459.0196549414,-59866.001709125354,59866.001709125354,8.000000000000002
2026-09-29,29,2026-09-01,True,TOLIMA,9233368.01,445815.4025,194255077.42999998,126265800.33,363.6866,378943.09,66872.31,85.0,15.0,Cubierta (85.0% Contratos / 15.0% Bolsa),1337.4462075000001,486411.26388856955,748325.0213640667,688459.0196549414,-59866.001709125354,59866.001709125354,8.000000000000002
2026-09-30,30,2026-09-01,True,ANTIOQUIA,30569195.76,443353.06875,193182165.12,125568407.33,363.7969,376850.11,66502.96,85.0,15.0,Cubierta (85.0% Contratos / 15.0% Bolsa),1330.05920625,483871.4160502106,744417.5631423135,684864.1580909285,-59553.40505138505,59553.40505138505,7.9999999999999964
2026-09-30,30,2026-09-01,True,BOGOTA,43105228.93,443353.06875,193182165.12,125568407.33,363.7969,376850.11,66502.96,85.0,15.0,Cubierta (85.0% Contratos / 15.0% Bolsa),1330.05920625,483871.4160502106,744417.5631423135,684864.1580909285,-59553.40505138505,59553.40505138505,7.9999999999999964
2026-09-30,30,2026-09-01,True,CARIBE_MAR,33701652.9,443353.06875,193182165.12,125568407.33,363.7969,376850.11,66502.96,85.0,15.0,Cubierta (85.0% Contratos / 15.0% Bolsa),1330.05920625,483871.4160502106,744417.5631423135,684864.1580909285,-59553.40505138505,59553.40505138505,7.9999999999999964
2026-09-30,30,2026-09-01,True,CARIBE_SOL,26768694.43,443353.06875,193182165.12,125568407.33,363.7969,376850.11,66502.96,85.0,15.0,Cubierta (85.0% Contratos / 15.0% Bolsa),1330.05920625,483871.4160502106,744417.5631423135,684864.1580909285,-59553.40505138505,59553.40505138505,7.9999999999999964
2026-09-30,30,2026-09-01,True,VALLE,21954926.13,443353.06875,193182165.12,125568407.33,363.7969,376850.11,66502.96,85.0,15.0,Cubierta (85.0% Contratos / 15.0% Bolsa),1330.05920625,483871.4160502106,744417.5631423135,684864.1580909285,-59553.40505138505,59553.40505138505,7.9999999999999964
2026-09-30,30,2026-09-01,True,SANTANDER,17013575.7,443353.06875,193182165.12,125568407.33,363.7969,376850.11,66502.96,85.0,15.0,Cubierta (85.0% Contratos / 15.0% Bolsa),1330.05920625,483871.4160502106,744417.5631423135,684864.1580909285,-59553.40505138505,59553.40505138505,7.9999999999999964
2026-09-30,30,2026-09-01,True,CUNDINAMARCA,10976422.47,443353.06875,193182165.12,125568407.33,363.7969,376850.11,66502.96,85.0,15.0,Cubierta (85.0% Contratos / 15.0% Bolsa),1330.05920625,483871.4160502106,744417.5631423135,684864.1580909285,-59553.40505138505,59553.40505138505,7.9999999999999964
2026-09-30,30,2026-09-01,True,TOLIMA,9092468.8,443353.06875,193182165.12,125568407.33,363.7969,376850.11,66502.96,85.0,15.0,Cubierta (85.0% Contratos / 15.0% Bolsa),1330.05920625,483871.4160502106,744417.5631423135,684864.1580909285,-59553.40505138505,59553.40505138505,7.9999999999999964
2026-10-01,1,2026-10-01,True,ANTIOQUIA,30584940.48,446009.7325,194339752.54,126320839.15,363.9887,379108.27,66901.46,85.0,15.0,Cubierta (85.0% Contratos / 15.0% Bolsa),1338.0291975,487027.50816006825,749273.0894829594,689331.2423243227,-59941.847158636665,59941.847158636665,7.999999999999989
2026-10-01,1,2026-10-01,True,BOGOTA,42946315.94,446009.7325,194339752.54,126320839.15,363.9887,379108.27,66901.46,85.0,15.0,Cubierta (85.0% Contratos / 15.0% Bolsa),1338.0291975,487027.50816006825,749273.0894829594,689331.2423243227,-59941.847158636665,59941.847158636665,7.999999999999989
2026-10-01,1,2026-10-01,True,CARIBE_MAR,34403111.4,446009.7325,194339752.54,126320839.15,363.9887,379108.27,66901.46,85.0,15.0,Cubierta (85.0% Contratos / 15.0% Bolsa),1338.0291975,487027.50816006825,749273.0894829594,689331.2423243227,-59941.847158636665,59941.847158636665,7.999999999999989
2026-10-01,1,2026-10-01,True,CARIBE_SOL,27270892.19,446009.7325,194339752.54,126320839.15,363.9887,379108.27,66901.46,85.0,15.0,Cubierta (85.0% Contratos / 15.0% Bolsa),1338.0291975,487027.50816006825,749273.0894829594,689331.2423243227,-59941.847158636665,59941.847158636665,7.999999999999989
2026-10-01,1,2026-10-01,True,VALLE,21965428.78,446009.7325,194339752.54,126320839.15,363.9887,379108.27,66901.46,85.0,15.0,Cubierta (85.0% Contratos / 15.0% Bolsa),1338.0291975,487027.50816006825,749273.0894829594,689331.2423243227,-59941.847158636665,59941.847158636665,7.999999999999989
2026-10-01,1,2026-10-01,True,SANTANDER,17064436.05,446009.7325,194339752.54,126320839.15,363.9887,379108.27,66901.46,85.0,15.0,Cubierta (85.0% Contratos / 15.0% Bolsa),1338.0291975,487027.50816006825,749273.0894829594,689331.2423243227,-59941.847158636665,59941.847158636665,7.999999999999989
2026-10-01,1,2026-10-01,True,CUNDINAMARCA,10892998.53,446009.7325,194339752.54,126320839.15,363.9887,379108.27,66901.46,85.0,15.0,Cubierta (85.0% Contratos / 15.0% Bolsa),1338.0291975,487027.50816006825,749273.0894829594,689331.2423243227,-59941.847158636665,59941.847158636665,7.999999999999989
2026-10-01,1,2026-10-01,True,TOLIMA,9211629.17,446009.7325,194339752.54,126320839.15,363.9887,379108.27,66901.46,85.0,15.0,Cubierta (85.0% Contratos / 15.0% Bolsa),1338.0291975,487027.50816006825,749273.0894829594,689331.2423243227,-59941.847158636665,59941.847158636665,7.999999999999989
2026-10-02,2,2026-10-01,True,ANTIOQUIA,30470935.26,444569.59875,193712243.48,125912958.26,364.2612,377884.16,66685.44,85.0,15.0,Cubierta (85.0% Contratos / 15.0% Bolsa),1333.70879625,485818.3665725805,747412.8716619957,687619.8419290361,-59793.02973295958,59793.02973295958,7.99999999999999
2026-10-02,2,2026-10-01,True,BOGOTA,42557393.64,444569.59875,193712243.48,125912958.26,364.2612,377884.16,66685.44,85.0,15.0,Cubierta (85.0% Contratos / 15.0% Bolsa),1333.70879625,485818.3665725805,747412.8716619957,687619.8419290361,-59793.02973295958,59793.02973295958,7.99999999999999
2026-10-02,2,2026-10-01,True,CARIBE_MAR,34284820.07,444569.59875,193712243.48,125912958.26,364.2612,377884.16,66685.44,85.0,15.0,Cubierta (85.0% Contratos / 15.0% Bolsa),1333.70879625,485818.3665725805,747412.8716619957,687619.8419290361,-59793.02973295958,59793.02973295958,7.99999999999999
2026-10-02,2,2026-10-01,True,CARIBE_SOL,26878185.93,444569.59875,193712243.48,125912958.26,364.2612,377884.16,66685.44,85.0,15.0,Cubierta (85.0% Contratos / 15.0% Bolsa),1333.70879625,485818.3665725805,747412.8716619957,687619.8419290361,-59793.02973295958,59793.02973295958,7.99999999999999
2026-10-02,2,2026-10-01,True,VALLE,22171275.5,444569.59875,193712243.48,125912958.26,364.2612,377884.16,66685.44,85.0,15.0,Cubierta (85.0% Contratos / 15.0% Bolsa),1333.70879625,485818.3665725805,747412.8716619957,687619.8419290361,-59793.02973295958,59793.02973295958,7.99999999999999
2026-10-02,2,2026-10-01,True,SANTANDER,17004058.11,444569.59875,193712243.48,125912958.26,364.2612,377884.16,66685.44,85.0,15.0,Cubierta (85.0% Contratos / 15.0% Bolsa),1333.70879625,485818.3665725805,747412.8716619957,687619.8419290361,-59793.02973295958,59793.02973295958,7.99999999999999
2026-10-02,2,2026-10-01,True,CUNDINAMARCA,11040797.73,444569.59875,193712243.48,125912958.26,364.2612,377884.16,66685.44,85.0,15.0,Cubierta (85.0% Contratos / 15.0% Bolsa),1333.70879625,485818.3665725805,747412.8716619957,687619.8419290361,-59793.02973295958,59793.02973295958,7.99999999999999
2026-10-02,2,2026-10-01,True,TOLIMA,9304777.24,444569.59875,193712243.48,125912958.26,364.2612,377884.16,66685.44,85.0,15.0,Cubierta (85.0% Contratos / 15.0% Bolsa),1333.70879625,485818.3665725805,747412.8716619957,687619.8419290361,-59793.02973295958,59793.02973295958,7.99999999999999
2026-10-03,3,2026-10-01,True,ANTIOQUIA,25704174.65,316226.5225,163424559.73,106225963.82,364.6118,268792.54,47433.98,85.0,15.0,Cubierta (85.0% Contratos / 15.0% Bolsa),948.6795675000001,345899.76472939656,532153.484221615,489581.20548388583,-42572.27873772918,42572.27873772918,7.9999999999999964
2026-10-03,3,2026-10-01,True,BOGOTA,36329644.66,316226.5225,163424559.73,106225963.82,364.6118,268792.54,47433.98,85.0,15.0,Cubierta (85.0% Contratos / 15.0% Bolsa),948.6795675000001,345899.76472939656,532153.484221615,489581.20548388583,-42572.27873772918,42572.27873772918,7.9999999999999964
2026-10-03,3,2026-10-01,True,CARIBE_MAR,28497701.07,316226.5225,163424559.73,106225963.82,364.6118,268792.54,47433.98,85.0,15.0,Cubierta (85.0% Contratos / 15.0% Bolsa),948.6795675000001,345899.76472939656,532153.484221615,489581.20548388583,-42572.27873772918,42572.27873772918,7.9999999999999964
2026-10-03,3,2026-10-01,True,CARIBE_SOL,22720215.63,316226.5225,163424559.73,106225963.82,364.6118,268792.54,47433.98,85.0,15.0,Cubierta (85.0% Contratos / 15.0% Bolsa),948.6795675000001,345899.76472939656,532153.484221615,489581.20548388583,-42572.27873772918,42572.27873772918,7.9999999999999964
2026-10-03,3,2026-10-01,True,VALLE,18416331.34,316226.5225,163424559.73,106225963.82,364.6118,268792.54,47433.98,85.0,15.0,Cubierta (85.0% Contratos / 15.0% Bolsa),948.6795675000001,345899.76472939656,532153.484221615,489581.20548388583,-42572.27873772918,42572.27873772918,7.9999999999999964
2026-10-03,3,2026-10-01,True,SANTANDER,14721704.28,316226.5225,163424559.73,106225963.82,364.6118,268792.54,47433.98,85.0,15.0,Cubierta (85.0% Contratos / 15.0% Bolsa),948.6795675000001,345899.76472939656,532153.484221615,489581.20548388583,-42572.27873772918,42572.27873772918,7.9999999999999964
2026-10-03,3,2026-10-01,True,CUNDINAMARCA,9281138.87,316226.5225,163424559.73,106225963.82,364.6118,268792.54,47433.98,85.0,15.0,Cubierta (85.0% Contratos / 15.0% Bolsa),948.6795675000001,345899.76472939656,532153.484221615,489581.20548388583,-42572.27873772918,42572.27873772918,7.9999999999999964
2026-10-03,3,2026-10-01,True,TOLIMA,7753649.23,316226.5225,163424559.73,106225963.82,364.6118,268792.54,47433.98,85.0,15.0,Cubierta (85.0% Contratos / 15.0% Bolsa),948.6795675000001,345899.76472939656,532153.484221615,489581.20548388583,-42572.27873772918,42572.27873772918,7.9999999999999964
2026-10-04,4,2026-10-01,True,ANTIOQUIA,25826801.42,315583.3575,163092174.2,106009913.23,365.0365,268245.85,47337.5,85.0,15.0,Cubierta (85.0% Contratos / 15.0% Bolsa),946.7500725,345598.33284014626,531689.7428309941,489154.56340451457,-42535.1794264795,42535.1794264795,7.9999999999999964
2026-10-04,4,2026-10-01,True,BOGOTA,36000380.18,315583.3575,163092174.2,106009913.23,365.0365,268245.85,47337.5,85.0,15.0,Cubierta (85.0% Contratos / 15.0% Bolsa),946.7500725,345598.33284014626,531689.7428309941,489154.56340451457,-42535.1794264795,42535.1794264795,7.9999999999999964
2026-10-04,4,2026-10-01,True,CARIBE_MAR,28751129.28,315583.3575,163092174.2,106009913.23,365.0365,268245.85,47337.5,85.0,15.0,Cubierta (85.0% Contratos / 15.0% Bolsa),946.7500725,345598.33284014626,531689.7428309941,489154.56340451457,-42535.1794264795,42535.1794264795,7.9999999999999964
2026-10-04,4,2026-10-01,True,CARIBE_SOL,22743097.74,315583.3575,163092174.2,106009913.23,365.0365,268245.85,47337.5,85.0,15.0,Cubierta (85.0% Contratos / 15.0% Bolsa),946.7500725,345598.33284014626,531689.7428309941,489154.56340451457,-42535.1794264795,42535.1794264795,7.9999999999999964
2026-10-04,4,2026-10-01,True,VALLE,18509810.1,315583.3575,163092174.2,106009913.23,365.0365,268245.85,47337.5,85.0,15.0,Cubierta (85.0% Contratos / 15.0% Bolsa),946.7500725,345598.33284014626,531689.7428309941,489154.56340451457,-42535.1794264795,42535.1794264795,7.9999999999999964
2026-10-04,4,2026-10-01,True,SANTANDER,14256551.64,315583.3575,163092174.2,106009913.23,365.0365,268245.85,47337.5,85.0,15.0,Cubierta (85.0% Contratos / 15.0% Bolsa),946.7500725,345598.33284014626,531689.7428309941,489154.56340451457,-42535.1794264795,42535.1794264795,7.9999999999999964
2026-10-04,4,2026-10-01,True,CUNDINAMARCA,9257984.95,315583.3575,163092174.2,106009913.23,365.0365,268245.85,47337.5,85.0,15.0,Cubierta (85.0% Contratos / 15.0% Bolsa),946.7500725,345598.33284014626,531689.7428309941,489154.56340451457,-42535.1794264795,42535.1794264795,7.9999999999999964
2026-10-04,4,2026-10-01,True,TOLIMA,7746418.89,315583.3575,163092174.2,106009913.23,365.0365,268245.85,47337.5,85.0,15.0,Cubierta (85.0% Contratos / 15.0% Bolsa),946.7500725,345598.33284014626,531689.7428309941,489154.56340451457,-42535.1794264795,42535.1794264795,7.9999999999999964
2026-10-05,5,2026-10-01,True,ANTIOQUIA,30561837.16,443820.7,193385925.95000002,125700851.87,365.5296,377247.6,66573.11,85.0,15.0,Cubierta (85.0% Contratos / 15.0% Bolsa),1331.4621,486688.80882816,748752.0135668932,688851.8524815418,-59900.16108535137,59900.16108535137,7.999999999999989
2026-10-05,5,2026-10-01,True,BOGOTA,43103026.77,443820.7,193385925.95000002,125700851.87,365.5296,377247.6,66573.11,85.0,15.0,Cubierta (85.0% Contratos / 15.0% Bolsa),1331.4621,486688.80882816,748752.0135668932,688851.8524815418,-59900.16108535137,59900.16108535137,7.999999999999989
2026-10-05,5,2026-10-01,True,CARIBE_MAR,34405023.75,443820.7,193385925.95000002,125700851.87,365.5296,377247.6,66573.11,85.0,15.0,Cubierta (85.0% Contratos / 15.0% Bolsa),1331.4621,486688.80882816,748752.0135668932,688851.8524815418,-59900.16108535137,59900.16108535137,7.999999999999989
2026-10-05,5,2026-10-01,True,CARIBE_SOL,26736227.94,443820.7,193385925.95000002,125700851.87,365.5296,377247.6,66573.11,85.0,15.0,Cubierta (85.0% Contratos / 15.0% Bolsa),1331.4621,486688.80882816,748752.0135668932,688851.8524815418,-59900.16108535137,59900.16108535137,7.999999999999989
2026-10-05,5,2026-10-01,True,VALLE,21742157.21,443820.7,193385925.95000002,125700851.87,365.5296,377247.6,66573.11,85.0,15.0,Cubierta (85.0% Contratos / 15.0% Bolsa),1331.4621,486688.80882816,748752.0135668932,688851.8524815418,-59900.16108535137,59900.16108535137,7.999999999999989
2026-10-05,5,2026-10-01,True,SANTANDER,16854990.78,443820.7,193385925.95000002,125700851.87,365.5296,377247.6,66573.11,85.0,15.0,Cubierta (85.0% Contratos / 15.0% Bolsa),1331.4621,486688.80882816,748752.0135668932,688851.8524815418,-59900.16108535137,59900.16108535137,7.999999999999989
2026-10-05,5,2026-10-01,True,CUNDINAMARCA,10815238.6,443820.7,193385925.95000002,125700851.87,365.5296,377247.6,66573.11,85.0,15.0,Cubierta (85.0% Contratos / 15.0% Bolsa),1331.4621,486688.80882816,748752.0135668932,688851.8524815418,-59900.16108535137,59900.16108535137,7.999999999999989
2026-10-05,5,2026-10-01,True,TOLIMA,9167423.74,443820.7,193385925.95000002,125700851.87,365.5296,377247.6,66573.11,85.0,15.0,Cubierta (85.0% Contratos / 15.0% Bolsa),1331.4621,486688.80882816,748752.0135668932,688851.8524815418,-59900.16108535137,59900.16108535137,7.999999999999989
2026-10-06,6,2026-10-01,True,ANTIOQUIA,30660579.49,445375.1775,194063258.18999997,126141117.82,366.0842,378568.9,66806.28,85.0,15.0,Cubierta (85.0% Contratos / 15.0% Bolsa),1336.1255325,489134.4466648365,752514.5333513975,692313.3706832858,-60201.162668111734,60201.162668111734,7.999999999999992
2026-10-06,6,2026-10-01,True,BOGOTA,42795875.28,445375.1775,194063258.18999997,126141117.82,366.0842,378568.9,66806.28,85.0,15.0,Cubierta (85.0% Contratos / 15.0% Bolsa),1336.1255325,489134.4466648365,752514.5333513975,692313.3706832858,-60201.162668111734,60201.162668111734,7.999999999999992
2026-10-06,6,2026-10-01,True,CARIBE_MAR,34543474.37,445375.1775,194063258.18999997,126141117.82,366.0842,378568.9,66806.28,85.0,15.0,Cubierta (85.0% Contratos / 15.0% Bolsa),1336.1255325,489134.4466648365,752514.5333513975,692313.3706832858,-60201.162668111734,60201.162668111734,7.999999999999992
2026-10-06,6,2026-10-01,True,CARIBE_SOL,26693320.0,445375.1775,194063258.18999997,126141117.82,366.0842,378568.9,66806.28,85.0,15.0,Cubierta (85.0% Contratos / 15.0% Bolsa),1336.1255325,489134.4466648365,752514.5333513975,692313.3706832858,-60201.162668111734,60201.162668111734,7.999999999999992
2026-10-06,6,2026-10-01,True,VALLE,22011205.69,445375.1775,194063258.18999997,126141117.82,366.0842,378568.9,66806.28,85.0,15.0,Cubierta (85.0% Contratos / 15.0% Bolsa),1336.1255325,489134.4466648365,752514.5333513975,692313.3706832858,-60201.162668111734,60201.162668111734,7.999999999999992
2026-10-06,6,2026-10-01,True,SANTANDER,17132238.94,445375.1775,194063258.18999997,126141117.82,366.0842,378568.9,66806.28,85.0,15.0,Cubierta (85.0% Contratos / 15.0% Bolsa),1336.1255325,489134.4466648365,752514.5333513975,692313.3706832858,-60201.162668111734,60201.162668111734,7.999999999999992
2026-10-06,6,2026-10-01,True,CUNDINAMARCA,10962515.45,445375.1775,194063258.18999997,126141117.82,366.0842,378568.9,66806.28,85.0,15.0,Cubierta (85.0% Contratos / 15.0% Bolsa),1336.1255325,489134.4466648365,752514.5333513975,692313.3706832858,-60201.162668111734,60201.162668111734,7.999999999999992
2026-10-06,6,2026-10-01,True,TOLIMA,9264048.97,445375.1775,194063258.18999997,126141117.82,366.0842,378568.9,66806.28,85.0,15.0,Cubierta (85.0% Contratos / 15.0% Bolsa),1336.1255325,489134.4466648365,752514.5333513975,692313.3706832858,-60201.162668111734,60201.162668111734,7.999999999999992
2026-10-07,7,2026-10-01,True,ANTIOQUIA,30776246.07,445488.48375,194112628.85999998,126173208.76,366.6921,378665.21,66823.27,85.0,15.0,Cubierta (85.0% Contratos / 15.0% Bolsa),1336.4654512500001,490071.3228963101,753955.881372963,693639.4108631259,-60316.47050983703,60316.47050983703,7.999999999999999
2026-10-07,7,2026-10-01,True,BOGOTA,42797010.41,445488.48375,194112628.85999998,126173208.76,366.6921,378665.21,66823.27,85.0,15.0,Cubierta (85.0% Contratos / 15.0% Bolsa),1336.4654512500001,490071.3228963101,753955.881372963,693639.4108631259,-60316.47050983703,60316.47050983703,7.999999999999999
2026-10-07,7,2026-10-01,True,CARIBE_MAR,34352914.52,445488.48375,194112628.85999998,126173208.76,366.6921,378665.21,66823.27,85.0,15.0,Cubierta (85.0% Contratos / 15.0% Bolsa),1336.4654512500001,490071.3228963101,753955.881372963,693639.4108631259,-60316.47050983703,60316.47050983703,7.999999999999999
2026-10-07,7,2026-10-01,True,CARIBE_SOL,27007303.72,445488.48375,194112628.85999998,126173208.76,366.6921,378665.21,66823.27,85.0,15.0,Cubierta (85.0% Contratos / 15.0% Bolsa),1336.4654512500001,490071.3228963101,753955.881372963,693639.4108631259,-60316.47050983703,60316.47050983703,7.999999999999999
2026-10-07,7,2026-10-01,True,VALLE,21947483.44,445488.48375,194112628.85999998,126173208.76,366.6921,378665.21,66823.27,85.0,15.0,Cubierta (85.0% Contratos / 15.0% Bolsa),1336.4654512500001,490071.3228963101,753955.881372963,693639.4108631259,-60316.47050983703,60316.47050983703,7.999999999999999
2026-10-07,7,2026-10-01,True,SANTANDER,17102256.5,445488.48375,194112628.85999998,126173208.76,366.6921,378665.21,66823.27,85.0,15.0,Cubierta (85.0% Contratos / 15.0% Bolsa),1336.4654512500001,490071.3228963101,753955.881372963,693639.4108631259,-60316.47050983703,60316.47050983703,7.999999999999999
2026-10-07,7,2026-10-01,True,CUNDINAMARCA,11058545.41,445488.48375,194112628.85999998,126173208.76,366.6921,378665.21,66823.27,85.0,15.0,Cubierta (85.0% Contratos / 15.0% Bolsa),1336.4654512500001,490071.3228963101,753955.881372963,693639.4108631259,-60316.47050983703,60316.47050983703,7.999999999999999
2026-10-07,7,2026-10-01,True,TOLIMA,9070868.79,445488.48375,194112628.85999998,126173208.76,366.6921,378665.21,66823.27,85.0,15.0,Cubierta (85.0% Contratos / 15.0% Bolsa),1336.4654512500001,490071.3228963101,753955.881372963,693639.4108631259,-60316.47050983703,60316.47050983703,7.999999999999999
2026-10-08,8,2026-10-01,True,ANTIOQUIA,30226866.48,445644.64625,194180673.57,126217437.82,367.3438,378797.95,66846.7,85.0,15.0,Cubierta (85.0% Contratos / 15.0% Bolsa),1336.93393875,491114.3934093922,755560.605248212,695115.756828355,-60444.84841985698,60444.84841985698,8.000000000000004
2026-10-08,8,2026-10-01,True,BOGOTA,42969038.29,445644.64625,194180673.57,126217437.82,367.3438,378797.95,66846.7,85.0,15.0,Cubierta (85.0% Contratos / 15.0% Bolsa),1336.93393875,491114.3934093922,755560.605248212,695115.756828355,-60444.84841985698,60444.84841985698,8.000000000000004
2026-10-08,8,2026-10-01,True,CARIBE_MAR,34365573.08,445644.64625,194180673.57,126217437.82,367.3438,378797.95,66846.7,85.0,15.0,Cubierta (85.0% Contratos / 15.0% Bolsa),1336.93393875,491114.3934093922,755560.605248212,695115.756828355,-60444.84841985698,60444.84841985698,8.000000000000004
2026-10-08,8,2026-10-01,True,CARIBE_SOL,27208432.47,445644.64625,194180673.57,126217437.82,367.3438,378797.95,66846.7,85.0,15.0,Cubierta (85.0% Contratos / 15.0% Bolsa),1336.93393875,491114.3934093922,755560.605248212,695115.756828355,-60444.84841985698,60444.84841985698,8.000000000000004
2026-10-08,8,2026-10-01,True,VALLE,22056798.84,445644.64625,194180673.57,126217437.82,367.3438,378797.95,66846.7,85.0,15.0,Cubierta (85.0% Contratos / 15.0% Bolsa),1336.93393875,491114.3934093922,755560.605248212,695115.756828355,-60444.84841985698,60444.84841985698,8.000000000000004
2026-10-08,8,2026-10-01,True,SANTANDER,17044202.56,445644.64625,194180673.57,126217437.82,367.3438,378797.95,66846.7,85.0,15.0,Cubierta (85.0% Contratos / 15.0% Bolsa),1336.93393875,491114.3934093922,755560.605248212,695115.756828355,-60444.84841985698,60444.84841985698,8.000000000000004
2026-10-08,8,2026-10-01,True,CUNDINAMARCA,11052174.87,445644.64625,194180673.57,126217437.82,367.3438,378797.95,66846.7,85.0,15.0,Cubierta (85.0% Contratos / 15.0% Bolsa),1336.93393875,491114.3934093922,755560.605248212,695115.756828355,-60444.84841985698,60444.84841985698,8.000000000000004
2026-10-08,8,2026-10-01,True,TOLIMA,9257586.98,445644.64625,194180673.57,126217437.82,367.3438,378797.95,66846.7,85.0,15.0,Cubierta (85.0% Contratos / 15.0% Bolsa),1336.93393875,491114.3934093922,755560.605248212,695115.756828355,-60444.84841985698,60444.84841985698,8.000000000000004
2026-10-09,9,2026-10-01,True,ANTIOQUIA,30814135.25,447330.33125,194915177.06,126694865.09,368.0292,380230.78,67099.55,85.0,15.0,Cubierta (85.0% Contratos / 15.0% Bolsa),1341.99099375,493891.8718370175,759833.6489740296,699046.9570561072,-60786.69191792235,60786.69191792235,7.999999999999997
2026-10-09,9,2026-10-01,True,BOGOTA,43585568.91,447330.33125,194915177.06,126694865.09,368.0292,380230.78,67099.55,85.0,15.0,Cubierta (85.0% Contratos / 15.0% Bolsa),1341.99099375,493891.8718370175,759833.6489740296,699046.9570561072,-60786.69191792235,60786.69191792235,7.999999999999997
2026-10-09,9,2026-10-01,True,CARIBE_MAR,34073268.82,447330.33125,194915177.06,126694865.09,368.0292,380230.78,67099.55,85.0,15.0,Cubierta (85.0% Contratos / 15.0% Bolsa),1341.99099375,493891.8718370175,759833.6489740296,699046.9570561072,-60786.69191792235,60786.69191792235,7.999999999999997
2026-10-09,9,2026-10-01,True,CARIBE_SOL,26652141.12,447330.33125,194915177.06,126694865.09,368.0292,380230.78,67099.55,85.0,15.0,Cubierta (85.0% Contratos / 15.0% Bolsa),1341.99099375,493891.8718370175,759833.6489740296,699046.9570561072,-60786.69191792235,60786.69191792235,7.999999999999997
2026-10-09,9,2026-10-01,True,VALLE,22113292.49,447330.33125,194915177.06,126694865.09,368.0292,380230.78,67099.55,85.0,15.0,Cubierta (85.0% Contratos / 15.0% Bolsa),1341.99099375,493891.8718370175,759833.6489740296,699046.9570561072,-60786.69191792235,60786.69191792235,7.999999999999997
2026-10-09,9,2026-10-01,True,SANTANDER,17277087.79,447330.33125,194915177.06,126694865.09,368.0292,380230.78,67099.55,85.0,15.0,Cubierta (85.0% Contratos / 15.0% Bolsa),1341.99099375,493891.8718370175,759833.6489740296,699046.9570561072,-60786.69191792235,60786.69191792235,7.999999999999997
2026-10-09,9,2026-10-01,True,CUNDINAMARCA,11182999.84,447330.33125,194915177.06,126694865.09,368.0292,380230.78,67099.55,85.0,15.0,Cubierta (85.0% Contratos / 15.0% Bolsa),1341.99099375,493891.8718370175,759833.6489740296,699046.9570561072,-60786.69191792235,60786.69191792235,7.999999999999997
2026-10-09,9,2026-10-01,True,TOLIMA,9216682.84,447330.33125,194915177.06,126694865.09,368.0292,380230.78,67099.55,85.0,15.0,Cubierta (85.0% Contratos / 15.0% Bolsa),1341.99099375,493891.8718370175,759833.6489740296,699046.9570561072,-60786.69191792235,60786.69191792235,7.999999999999997
2026-10-10,10,2026-10-01,True,ANTIOQUIA,25724936.68,318630.90625,164667134.7,107033637.56,368.7374,270836.27,47794.64,85.0,15.0,Cubierta (85.0% Contratos / 15.0% Bolsa),955.89271875,352473.3957908062,542266.7627297548,498885.4217113744,-43381.341018380364,43381.341018380364,7.9999999999999964
2026-10-10,10,2026-10-01,True,BOGOTA,36543743.71,318630.90625,164667134.7,107033637.56,368.7374,270836.27,47794.64,85.0,15.0,Cubierta (85.0% Contratos / 15.0% Bolsa),955.89271875,352473.3957908062,542266.7627297548,498885.4217113744,-43381.341018380364,43381.341018380364,7.9999999999999964
2026-10-10,10,2026-10-01,True,CARIBE_MAR,29607352.78,318630.90625,164667134.7,107033637.56,368.7374,270836.27,47794.64,85.0,15.0,Cubierta (85.0% Contratos / 15.0% Bolsa),955.89271875,352473.3957908062,542266.7627297548,498885.4217113744,-43381.341018380364,43381.341018380364,7.9999999999999964
2026-10-10,10,2026-10-01,True,CARIBE_SOL,22839813.79,318630.90625,164667134.7,107033637.56,368.7374,270836.27,47794.64,85.0,15.0,Cubierta (85.0% Contratos / 15.0% Bolsa),955.89271875,352473.3957908062,542266.7627297548,498885.4217113744,-43381.341018380364,43381.341018380364,7.9999999999999964
2026-10-10,10,2026-10-01,True,VALLE,18538424.45,318630.90625,164667134.7,107033637.56,368.7374,270836.27,47794.64,85.0,15.0,Cubierta (85.0% Contratos / 15.0% Bolsa),955.89271875,352473.3957908062,542266.7627297548,498885.4217113744,-43381.341018380364,43381.341018380364,7.9999999999999964
2026-10-10,10,2026-10-01,True,SANTANDER,14348293.81,318630.90625,164667134.7,107033637.56,368.7374,270836.27,47794.64,85.0,15.0,Cubierta (85.0% Contratos / 15.0% Bolsa),955.89271875,352473.3957908062,542266.7627297548,498885.4217113744,-43381.341018380364,43381.341018380364,7.9999999999999964
2026-10-10,10,2026-10-01,True,CUNDINAMARCA,9253435.82,318630.90625,164667134.7,107033637.56,368.7374,270836.27,47794.64,85.0,15.0,Cubierta (85.0% Contratos / 15.0% Bolsa),955.89271875,352473.3957908062,542266.7627297548,498885.4217113744,-43381.341018380364,43381.341018380364,7.9999999999999964
2026-10-10,10,2026-10-01,True,TOLIMA,7811133.66,318630.90625,164667134.7,107033637.56,368.7374,270836.27,47794.64,85.0,15.0,Cubierta (85.0% Contratos / 15.0% Bolsa),955.89271875,352473.3957908062,542266.7627297548,498885.4217113744,-43381.341018380364,43381.341018380364,7.9999999999999964
2026-10-11,11,2026-10-01,True,ANTIOQUIA,25953950.03,316160.2275,163390298.57000002,106203694.07,369.457,268736.19,47424.03,85.0,15.0,Cubierta (85.0% Contratos / 15.0% Bolsa),948.4806825,350422.82751440245,539112.0423323881,495983.0789457971,-43128.963386591,43128.963386591,7.99999999999999
2026-10-11,11,2026-10-01,True,BOGOTA,36220581.36,316160.2275,163390298.57000002,106203694.07,369.457,268736.19,47424.03,85.0,15.0,Cubierta (85.0% Contratos / 15.0% Bolsa),948.4806825,350422.82751440245,539112.0423323881,495983.0789457971,-43128.963386591,43128.963386591,7.99999999999999
2026-10-11,11,2026-10-01,True,CARIBE_MAR,28930082.12,316160.2275,163390298.57000002,106203694.07,369.457,268736.19,47424.03,85.0,15.0,Cubierta (85.0% Contratos / 15.0% Bolsa),948.4806825,350422.82751440245,539112.0423323881,495983.0789457971,-43128.963386591,43128.963386591,7.99999999999999
2026-10-11,11,2026-10-01,True,CARIBE_SOL,22574487.77,316160.2275,163390298.57000002,106203694.07,369.457,268736.19,47424.03,85.0,15.0,Cubierta (85.0% Contratos / 15.0% Bolsa),948.4806825,350422.82751440245,539112.0423323881,495983.0789457971,-43128.963386591,43128.963386591,7.99999999999999
2026-10-11,11,2026-10-01,True,VALLE,18305696.62,316160.2275,163390298.57000002,106203694.07,369.457,268736.19,47424.03,85.0,15.0,Cubierta (85.0% Contratos / 15.0% Bolsa),948.4806825,350422.82751440245,539112.0423323881,495983.0789457971,-43128.963386591,43128.963386591,7.99999999999999
2026-10-11,11,2026-10-01,True,SANTANDER,14496035.05,316160.2275,163390298.57000002,106203694.07,369.457,268736.19,47424.03,85.0,15.0,Cubierta (85.0% Contratos / 15.0% Bolsa),948.4806825,350422.82751440245,539112.0423323881,495983.0789457971,-43128.963386591,43128.963386591,7.99999999999999
2026-10-11,11,2026-10-01,True,CUNDINAMARCA,9151316.82,316160.2275,163390298.57000002,106203694.07,369.457,268736.19,47424.03,85.0,15.0,Cubierta (85.0% Contratos / 15.0% Bolsa),948.4806825,350422.82751440245,539112.0423323881,495983.0789457971,-43128.963386591,43128.963386591,7.99999999999999
2026-10-11,11,2026-10-01,True,TOLIMA,7758148.8,316160.2275,163390298.57000002,106203694.07,369.457,268736.19,47424.03,85.0,15.0,Cubierta (85.0% Contratos / 15.0% Bolsa),948.4806825,350422.82751440245,539112.0423323881,495983.0789457971,-43128.963386591,43128.963386591,7.99999999999999
2026-10-12,12,2026-10-01,True,ANTIOQUIA,30847527.39,446643.54625,194615924.39000002,126500350.85,370.1764,379647.01,66996.53,85.0,15.0,Cubierta (85.0% Contratos / 15.0% Bolsa),1339.93063875,496010.7001021755,763093.3847936911,702045.9140101959,-61047.47078349523,61047.47078349523,7.999999999999992
2026-10-12,12,2026-10-01,True,BOGOTA,42897596.8,446643.54625,194615924.39000002,126500350.85,370.1764,379647.01,66996.53,85.0,15.0,Cubierta (85.0% Contratos / 15.0% Bolsa),1339.93063875,496010.7001021755,763093.3847936911,702045.9140101959,-61047.47078349523,61047.47078349523,7.999999999999992
2026-10-12,12,2026-10-01,True,CARIBE_MAR,34391650.96,446643.54625,194615924.39000002,126500350.85,370.1764,379647.01,66996.53,85.0,15.0,Cubierta (85.0% Contratos / 15.0% Bolsa),1339.93063875,496010.7001021755,763093.3847936911,702045.9140101959,-61047.47078349523,61047.47078349523,7.999999999999992
2026-10-12,12,2026-10-01,True,CARIBE_SOL,27134030.49,446643.54625,194615924.39000002,126500350.85,370.1764,379647.01,66996.53,85.0,15.0,Cubierta (85.0% Contratos / 15.0% Bolsa),1339.93063875,496010.7001021755,763093.3847936911,702045.9140101959,-61047.47078349523,61047.47078349523,7.999999999999992
2026-10-12,12,2026-10-01,True,VALLE,22028590.04,446643.54625,194615924.39000002,126500350.85,370.1764,379647.01,66996.53,85.0,15.0,Cubierta (85.0% Contratos / 15.0% Bolsa),1339.93063875,496010.7001021755,763093.3847936911,702045.9140101959,-61047.47078349523,61047.47078349523,7.999999999999992
2026-10-12,12,2026-10-01,True,SANTANDER,17116413.78,446643.54625,194615924.39000002,126500350.85,370.1764,379647.01,66996.53,85.0,15.0,Cubierta (85.0% Contratos / 15.0% Bolsa),1339.93063875,496010.7001021755,763093.3847936911,702045.9140101959,-61047.47078349523,61047.47078349523,7.999999999999992
2026-10-12,12,2026-10-01,True,CUNDINAMARCA,10974570.94,446643.54625,194615924.39000002,126500350.85,370.1764,379647.01,66996.53,85.0,15.0,Cubierta (85.0% Contratos / 15.0% Bolsa),1339.93063875,496010.7001021755,763093.3847936911,702045.9140101959,-61047.47078349523,61047.47078349523,7.999999999999992
2026-10-12,12,2026-10-01,True,TOLIMA,9225543.99,446643.54625,194615924.39000002,126500350.85,370.1764,379647.01,66996.53,85.0,15.0,Cubierta (85.0% Contratos / 15.0% Bolsa),1339.93063875,496010.7001021755,763093.3847936911,702045.9140101959,-61047.47078349523,61047.47078349523,7.999999999999992
2026-10-13,13,2026-10-01,True,ANTIOQUIA,30769063.86,446678.44125,194631128.95,126510233.82,370.884,379676.68,67001.77,85.0,15.0,Cubierta (85.0% Contratos / 15.0% Bolsa),1340.0353237499999,496997.66101369495,764611.7861598057,703442.8432670214,-61168.94289278437,61168.94289278437,7.999999999999989
2026-10-13,13,2026-10-01,True,BOGOTA,42764712.7,446678.44125,194631128.95,126510233.82,370.884,379676.68,67001.77,85.0,15.0,Cubierta (85.0% Contratos / 15.0% Bolsa),1340.0353237499999,496997.66101369495,764611.7861598057,703442.8432670214,-61168.94289278437,61168.94289278437,7.999999999999989
2026-10-13,13,2026-10-01,True,CARIBE_MAR,34752042.22,446678.44125,194631128.95,126510233.82,370.884,379676.68,67001.77,85.0,15.0,Cubierta (85.0% Contratos / 15.0% Bolsa),1340.0353237499999,496997.66101369495,764611.7861598057,703442.8432670214,-61168.94289278437,61168.94289278437,7.999999999999989
2026-10-13,13,2026-10-01,True,CARIBE_SOL,26958450.16,446678.44125,194631128.95,126510233.82,370.884,379676.68,67001.77,85.0,15.0,Cubierta (85.0% Contratos / 15.0% Bolsa),1340.0353237499999,496997.66101369495,764611.7861598057,703442.8432670214,-61168.94289278437,61168.94289278437,7.999999999999989
2026-10-13,13,2026-10-01,True,VALLE,22025221.01,446678.44125,194631128.95,126510233.82,370.884,379676.68,67001.77,85.0,15.0,Cubierta (85.0% Contratos / 15.0% Bolsa),1340.0353237499999,496997.66101369495,764611.7861598057,703442.8432670214,-61168.94289278437,61168.94289278437,7.999999999999989
2026-10-13,13,2026-10-01,True,SANTANDER,17183742.34,446678.44125,194631128.95,126510233.82,370.884,379676.68,67001.77,85.0,15.0,Cubierta (85.0% Contratos / 15.0% Bolsa),1340.0353237499999,496997.66101369495,764611.7861598057,703442.8432670214,-61168.94289278437,61168.94289278437,7.999999999999989
2026-10-13,13,2026-10-01,True,CUNDINAMARCA,10921391.15,446678.44125,194631128.95,126510233.82,370.884,379676.68,67001.77,85.0,15.0,Cubierta (85.0% Contratos / 15.0% Bolsa),1340.0353237499999,496997.66101369495,764611.7861598057,703442.8432670214,-61168.94289278437,61168.94289278437,7.999999999999989
2026-10-13,13,2026-10-01,True,TOLIMA,9256505.51,446678.44125,194631128.95,126510233.82,370.884,379676.68,67001.77,85.0,15.0,Cubierta (85.0% Contratos / 15.0% Bolsa),1340.0353237499999,496997.66101369495,764611.7861598057,703442.8432670214,-61168.94289278437,61168.94289278437,7.999999999999989
2026-10-14,14,2026-10-01,True,ANTIOQUIA,30483639.24,444138.17125,193524257.53000003,125790767.39,371.5684,377517.45,66620.73,85.0,15.0,Cubierta (85.0% Contratos / 15.0% Bolsa),1332.41451375,495083.12901086546,761666.3523516562,700733.0441635237,-60933.308188132476,60933.308188132476,7.999999999999997
2026-10-14,14,2026-10-01,True,BOGOTA,43167704.83,444138.17125,193524257.53000003,125790767.39,371.5684,377517.45,66620.73,85.0,15.0,Cubierta (85.0% Contratos / 15.0% Bolsa),1332.41451375,495083.12901086546,761666.3523516562,700733.0441635237,-60933.308188132476,60933.308188132476,7.999999999999997
2026-10-14,14,2026-10-01,True,CARIBE_MAR,33673661.68,444138.17125,193524257.53000003,125790767.39,371.5684,377517.45,66620.73,85.0,15.0,Cubierta (85.0% Contratos / 15.0% Bolsa),1332.41451375,495083.12901086546,761666.3523516562,700733.0441635237,-60933.308188132476,60933.308188132476,7.999999999999997
2026-10-14,14,2026-10-01,True,CARIBE_SOL,27171337.84,444138.17125,193524257.53000003,125790767.39,371.5684,377517.45,66620.73,85.0,15.0,Cubierta (85.0% Contratos / 15.0% Bolsa),1332.41451375,495083.12901086546,761666.3523516562,700733.0441635237,-60933.308188132476,60933.308188132476,7.999999999999997
2026-10-14,14,2026-10-01,True,VALLE,22054933.16,444138.17125,193524257.53000003,125790767.39,371.5684,377517.45,66620.73,85.0,15.0,Cubierta (85.0% Contratos / 15.0% Bolsa),1332.41451375,495083.12901086546,761666.3523516562,700733.0441635237,-60933.308188132476,60933.308188132476,7.999999999999997
2026-10-14,14,2026-10-01,True,SANTANDER,16989526.42,444138.17125,193524257.53000003,125790767.39,371.5684,377517.45,66620.73,85.0,15.0,Cubierta (85.0% Contratos / 15.0% Bolsa),1332.41451375,495083.12901086546,761666.3523516562,700733.0441635237,-60933.308188132476,60933.308188132476,7.999999999999997
2026-10-14,14,2026-10-01,True,CUNDINAMARCA,10828090.62,444138.17125,193524257.53000003,125790767.39,371.5684,377517.45,66620.73,85.0,15.0,Cubierta (85.0% Contratos / 15.0% Bolsa),1332.41451375,495083.12901086546,761666.3523516562,700733.0441635237,-60933.308188132476,60933.308188132476,7.999999999999997
2026-10-14,14,2026-10-01,True,TOLIMA,9155363.74,444138.17125,193524257.53000003,125790767.39,371.5684,377517.45,66620.73,85.0,15.0,Cubierta (85.0% Contratos / 15.0% Bolsa),1332.41451375,495083.12901086546,761666.3523516562,700733.0441635237,-60933.308188132476,60933.308188132476,7.999999999999997
2026-10-15,15,2026-10-01,True,ANTIOQUIA,30551973.69,447031.16875,194784823.05,126610134.98,372.2187,379976.49,67054.68,85.0,15.0,Cubierta (85.0% Contratos / 15.0% Bolsa),1341.09350625,499180.0814748169,767969.356130267,706531.8076398456,-61437.54849042138,61437.54849042138,8.000000000000004
2026-10-15,15,2026-10-01,True,BOGOTA,42731818.46,447031.16875,194784823.05,126610134.98,372.2187,379976.49,67054.68,85.0,15.0,Cubierta (85.0% Contratos / 15.0% Bolsa),1341.09350625,499180.0814748169,767969.356130267,706531.8076398456,-61437.54849042138,61437.54849042138,8.000000000000004
2026-10-15,15,2026-10-01,True,CARIBE_MAR,34288175.65,447031.16875,194784823.05,126610134.98,372.2187,379976.49,67054.68,85.0,15.0,Cubierta (85.0% Contratos / 15.0% Bolsa),1341.09350625,499180.0814748169,767969.356130267,706531.8076398456,-61437.54849042138,61437.54849042138,8.000000000000004
2026-10-15,15,2026-10-01,True,CARIBE_SOL,27135120.86,447031.16875,194784823.05,126610134.98,372.2187,379976.49,67054.68,85.0,15.0,Cubierta (85.0% Contratos / 15.0% Bolsa),1341.09350625,499180.0814748169,767969.356130267,706531.8076398456,-61437.54849042138,61437.54849042138,8.000000000000004
2026-10-15,15,2026-10-01,True,VALLE,22626946.56,447031.16875,194784823.05,126610134.98,372.2187,379976.49,67054.68,85.0,15.0,Cubierta (85.0% Contratos / 15.0% Bolsa),1341.09350625,499180.0814748169,767969.356130267,706531.8076398456,-61437.54849042138,61437.54849042138,8.000000000000004
2026-10-15,15,2026-10-01,True,SANTANDER,17163415.9,447031.16875,194784823.05,126610134.98,372.2187,379976.49,67054.68,85.0,15.0,Cubierta (85.0% Contratos / 15.0% Bolsa),1341.09350625,499180.0814748169,767969.356130267,706531.8076398456,-61437.54849042138,61437.54849042138,8.000000000000004
2026-10-15,15,2026-10-01,True,CUNDINAMARCA,11103452.61,447031.16875,194784823.05,126610134.98,372.2187,379976.49,67054.68,85.0,15.0,Cubierta (85.0% Contratos / 15.0% Bolsa),1341.09350625,499180.0814748169,767969.356130267,706531.8076398456,-61437.54849042138,61437.54849042138,8.000000000000004
2026-10-15,15,2026-10-01,True,TOLIMA,9183919.32,447031.16875,194784823.05,126610134.98,372.2187,379976.49,67054.68,85.0,15.0,Cubierta (85.0% Contratos / 15.0% Bolsa),1341.09350625,499180.0814748169,767969.356130267,706531.8076398456,-61437.54849042138,61437.54849042138,8.000000000000004
2026-10-16,16,2026-10-01,True,ANTIOQUIA,30670298.31,444585.875,193719335.43,125917568.03,372.8248,377897.99,66687.88,85.0,15.0,Cubierta (85.0% Contratos / 15.0% Bolsa),1333.757625,497257.91978909995,765012.1842878852,703811.2095448545,-61200.97474303073,61200.97474303073,7.999999999999989
2026-10-16,16,2026-10-01,True,BOGOTA,42937776.75,444585.875,193719335.43,125917568.03,372.8248,377897.99,66687.88,85.0,15.0,Cubierta (85.0% Contratos / 15.0% Bolsa),1333.757625,497257.91978909995,765012.1842878852,703811.2095448545,-61200.97474303073,61200.97474303073,7.999999999999989
2026-10-16,16,2026-10-01,True,CARIBE_MAR,33636006.67,444585.875,193719335.43,125917568.03,372.8248,377897.99,66687.88,85.0,15.0,Cubierta (85.0% Contratos / 15.0% Bolsa),1333.757625,497257.91978909995,765012.1842878852,703811.2095448545,-61200.97474303073,61200.97474303073,7.999999999999989
2026-10-16,16,2026-10-01,True,CARIBE_SOL,26782490.97,444585.875,193719335.43,125917568.03,372.8248,377897.99,66687.88,85.0,15.0,Cubierta (85.0% Contratos / 15.0% Bolsa),1333.757625,497257.91978909995,765012.1842878852,703811.2095448545,-61200.97474303073,61200.97474303073,7.999999999999989
2026-10-16,16,2026-10-01,True,VALLE,22253336.22,444585.875,193719335.43,125917568.03,372.8248,377897.99,66687.88,85.0,15.0,Cubierta (85.0% Contratos / 15.0% Bolsa),1333.757625,497257.91978909995,765012.1842878852,703811.2095448545,-61200.97474303073,61200.97474303073,7.999999999999989
2026-10-16,16,2026-10-01,True,SANTANDER,17129779.09,444585.875,193719335.43,125917568.03,372.8248,377897.99,66687.88,85.0,15.0,Cubierta (85.0% Contratos / 15.0% Bolsa),1333.757625,497257.91978909995,765012.1842878852,703811.2095448545,-61200.97474303073,61200.97474303073,7.999999999999989
2026-10-16,16,2026-10-01,True,CUNDINAMARCA,11121945.72,444585.875,193719335.43,125917568.03,372.8248,377897.99,66687.88,85.0,15.0,Cubierta (85.0% Contratos / 15.0% Bolsa),1333.757625,497257.91978909995,765012.1842878852,703811.2095448545,-61200.97474303073,61200.97474303073,7.999999999999989
2026-10-16,16,2026-10-01,True,TOLIMA,9187701.7,444585.875,193719335.43,125917568.03,372.8248,377897.99,66687.88,85.0,15.0,Cubierta (85.0% Contratos / 15.0% Bolsa),1333.757625,497257.91978909995,765012.1842878852,703811.2095448545,-61200.97474303073,61200.97474303073,7.999999999999989
2026-10-17,17,2026-10-01,True,ANTIOQUIA,25551146.74,316797.3875,163719580.06,106417727.04,373.3774,269277.78,47519.61,85.0,15.0,Cubierta (85.0% Contratos / 15.0% Bolsa),950.3921625,354854.9546146275,545930.6994019891,502256.24344983,-43674.45595215913,43674.45595215913,8.0
2026-10-17,17,2026-10-01,True,BOGOTA,35699994.36,316797.3875,163719580.06,106417727.04,373.3774,269277.78,47519.61,85.0,15.0,Cubierta (85.0% Contratos / 15.0% Bolsa),950.3921625,354854.9546146275,545930.6994019891,502256.24344983,-43674.45595215913,43674.45595215913,8.0
2026-10-17,17,2026-10-01,True,CARIBE_MAR,29242874.03,316797.3875,163719580.06,106417727.04,373.3774,269277.78,47519.61,85.0,15.0,Cubierta (85.0% Contratos / 15.0% Bolsa),950.3921625,354854.9546146275,545930.6994019891,502256.24344983,-43674.45595215913,43674.45595215913,8.0
2026-10-17,17,2026-10-01,True,CARIBE_SOL,22680384.58,316797.3875,163719580.06,106417727.04,373.3774,269277.78,47519.61,85.0,15.0,Cubierta (85.0% Contratos / 15.0% Bolsa),950.3921625,354854.9546146275,545930.6994019891,502256.24344983,-43674.45595215913,43674.45595215913,8.0
2026-10-17,17,2026-10-01,True,VALLE,18749141.1,316797.3875,163719580.06,106417727.04,373.3774,269277.78,47519.61,85.0,15.0,Cubierta (85.0% Contratos / 15.0% Bolsa),950.3921625,354854.9546146275,545930.6994019891,502256.24344983,-43674.45595215913,43674.45595215913,8.0
2026-10-17,17,2026-10-01,True,SANTANDER,14772123.59,316797.3875,163719580.06,106417727.04,373.3774,269277.78,47519.61,85.0,15.0,Cubierta (85.0% Contratos / 15.0% Bolsa),950.3921625,354854.9546146275,545930.6994019891,502256.24344983,-43674.45595215913,43674.45595215913,8.0
2026-10-17,17,2026-10-01,True,CUNDINAMARCA,9233932.43,316797.3875,163719580.06,106417727.04,373.3774,269277.78,47519.61,85.0,15.0,Cubierta (85.0% Contratos / 15.0% Bolsa),950.3921625,354854.9546146275,545930.6994019891,502256.24344983,-43674.45595215913,43674.45595215913,8.0
2026-10-17,17,2026-10-01,True,TOLIMA,7789983.23,316797.3875,163719580.06,106417727.04,373.3774,269277.78,47519.61,85.0,15.0,Cubierta (85.0% Contratos / 15.0% Bolsa),950.3921625,354854.9546146275,545930.6994019891,502256.24344983,-43674.45595215913,43674.45595215913,8.0
2026-10-18,18,2026-10-01,True,ANTIOQUIA,26103459.48,317084.29375,163867852.0,106514103.8,373.8682,269521.65,47562.64,85.0,15.0,Cubierta (85.0% Contratos / 15.0% Bolsa),951.2528812500001,355643.20245775126,547143.3883965403,503371.9173248171,-43771.47107172321,43771.47107172321,7.999999999999997
2026-10-18,18,2026-10-01,True,BOGOTA,36106626.59,317084.29375,163867852.0,106514103.8,373.8682,269521.65,47562.64,85.0,15.0,Cubierta (85.0% Contratos / 15.0% Bolsa),951.2528812500001,355643.20245775126,547143.3883965403,503371.9173248171,-43771.47107172321,43771.47107172321,7.999999999999997
2026-10-18,18,2026-10-01,True,CARIBE_MAR,29079183.96,317084.29375,163867852.0,106514103.8,373.8682,269521.65,47562.64,85.0,15.0,Cubierta (85.0% Contratos / 15.0% Bolsa),951.2528812500001,355643.20245775126,547143.3883965403,503371.9173248171,-43771.47107172321,43771.47107172321,7.999999999999997
2026-10-18,18,2026-10-01,True,CARIBE_SOL,22539136.62,317084.29375,163867852.0,106514103.8,373.8682,269521.65,47562.64,85.0,15.0,Cubierta (85.0% Contratos / 15.0% Bolsa),951.2528812500001,355643.20245775126,547143.3883965403,503371.9173248171,-43771.47107172321,43771.47107172321,7.999999999999997
2026-10-18,18,2026-10-01,True,VALLE,18566770.87,317084.29375,163867852.0,106514103.8,373.8682,269521.65,47562.64,85.0,15.0,Cubierta (85.0% Contratos / 15.0% Bolsa),951.2528812500001,355643.20245775126,547143.3883965403,503371.9173248171,-43771.47107172321,43771.47107172321,7.999999999999997
2026-10-18,18,2026-10-01,True,SANTANDER,14354848.47,317084.29375,163867852.0,106514103.8,373.8682,269521.65,47562.64,85.0,15.0,Cubierta (85.0% Contratos / 15.0% Bolsa),951.2528812500001,355643.20245775126,547143.3883965403,503371.9173248171,-43771.47107172321,43771.47107172321,7.999999999999997
2026-10-18,18,2026-10-01,True,CUNDINAMARCA,9396650.35,317084.29375,163867852.0,106514103.8,373.8682,269521.65,47562.64,85.0,15.0,Cubierta (85.0% Contratos / 15.0% Bolsa),951.2528812500001,355643.20245775126,547143.3883965403,503371.9173248171,-43771.47107172321,43771.47107172321,7.999999999999997
2026-10-18,18,2026-10-01,True,TOLIMA,7721175.66,317084.29375,163867852.0,106514103.8,373.8682,269521.65,47562.64,85.0,15.0,Cubierta (85.0% Contratos / 15.0% Bolsa),951.2528812500001,355643.20245775126,547143.3883965403,503371.9173248171,-43771.47107172321,43771.47107172321,7.999999999999997
2026-10-19,19,2026-10-01,True,ANTIOQUIA,30793208.55,447617.2625,195040201.46999997,126776130.96,374.2904,380474.67,67142.59,85.0,15.0,Cubierta (85.0% Contratos / 15.0% Bolsa),1342.8517875,502616.53268408997,773256.2041019219,711395.7077737681,-61860.496328153764,61860.496328153764,8.000000000000002
2026-10-19,19,2026-10-01,True,BOGOTA,42639770.14,447617.2625,195040201.46999997,126776130.96,374.2904,380474.67,67142.59,85.0,15.0,Cubierta (85.0% Contratos / 15.0% Bolsa),1342.8517875,502616.53268408997,773256.2041019219,711395.7077737681,-61860.496328153764,61860.496328153764,8.000000000000002
2026-10-19,19,2026-10-01,True,CARIBE_MAR,34560860.41,447617.2625,195040201.46999997,126776130.96,374.2904,380474.67,67142.59,85.0,15.0,Cubierta (85.0% Contratos / 15.0% Bolsa),1342.8517875,502616.53268408997,773256.2041019219,711395.7077737681,-61860.496328153764,61860.496328153764,8.000000000000002
2026-10-19,19,2026-10-01,True,CARIBE_SOL,27125589.23,447617.2625,195040201.46999997,126776130.96,374.2904,380474.67,67142.59,85.0,15.0,Cubierta (85.0% Contratos / 15.0% Bolsa),1342.8517875,502616.53268408997,773256.2041019219,711395.7077737681,-61860.496328153764,61860.496328153764,8.000000000000002
2026-10-19,19,2026-10-01,True,VALLE,22241225.28,447617.2625,195040201.46999997,126776130.96,374.2904,380474.67,67142.59,85.0,15.0,Cubierta (85.0% Contratos / 15.0% Bolsa),1342.8517875,502616.53268408997,773256.2041019219,711395.7077737681,-61860.496328153764,61860.496328153764,8.000000000000002
2026-10-19,19,2026-10-01,True,SANTANDER,17331220.35,447617.2625,195040201.46999997,126776130.96,374.2904,380474.67,67142.59,85.0,15.0,Cubierta (85.0% Contratos / 15.0% Bolsa),1342.8517875,502616.53268408997,773256.2041019219,711395.7077737681,-61860.496328153764,61860.496328153764,8.000000000000002
2026-10-19,19,2026-10-01,True,CUNDINAMARCA,11046559.95,447617.2625,195040201.46999997,126776130.96,374.2904,380474.67,67142.59,85.0,15.0,Cubierta (85.0% Contratos / 15.0% Bolsa),1342.8517875,502616.53268408997,773256.2041019219,711395.7077737681,-61860.496328153764,61860.496328153764,8.000000000000002
2026-10-19,19,2026-10-01,True,TOLIMA,9301767.56,447617.2625,195040201.46999997,126776130.96,374.2904,380474.67,67142.59,85.0,15.0,Cubierta (85.0% Contratos / 15.0% Bolsa),1342.8517875,502616.53268408997,773256.2041019219,711395.7077737681,-61860.496328153764,61860.496328153764,8.000000000000002
2026-10-20,20,2026-10-01,True,ANTIOQUIA,31044231.94,447953.14875,195186557.01999998,126871262.06,374.6383,380760.18,67192.97,85.0,15.0,Cubierta (85.0% Contratos / 15.0% Bolsa),1343.85944625,503461.2183820414,774555.7206060711,712591.2629575854,-61964.457648485666,61964.457648485666,7.999999999999997
2026-10-20,20,2026-10-01,True,BOGOTA,42931033.75,447953.14875,195186557.01999998,126871262.06,374.6383,380760.18,67192.97,85.0,15.0,Cubierta (85.0% Contratos / 15.0% Bolsa),1343.85944625,503461.2183820414,774555.7206060711,712591.2629575854,-61964.457648485666,61964.457648485666,7.999999999999997
2026-10-20,20,2026-10-01,True,CARIBE_MAR,34638029.5,447953.14875,195186557.01999998,126871262.06,374.6383,380760.18,67192.97,85.0,15.0,Cubierta (85.0% Contratos / 15.0% Bolsa),1343.85944625,503461.2183820414,774555.7206060711,712591.2629575854,-61964.457648485666,61964.457648485666,7.999999999999997
2026-10-20,20,2026-10-01,True,CARIBE_SOL,27183125.48,447953.14875,195186557.01999998,126871262.06,374.6383,380760.18,67192.97,85.0,15.0,Cubierta (85.0% Contratos / 15.0% Bolsa),1343.85944625,503461.2183820414,774555.7206060711,712591.2629575854,-61964.457648485666,61964.457648485666,7.999999999999997
2026-10-20,20,2026-10-01,True,VALLE,22149781.7,447953.14875,195186557.01999998,126871262.06,374.6383,380760.18,67192.97,85.0,15.0,Cubierta (85.0% Contratos / 15.0% Bolsa),1343.85944625,503461.2183820414,774555.7206060711,712591.2629575854,-61964.457648485666,61964.457648485666,7.999999999999997
2026-10-20,20,2026-10-01,True,SANTANDER,17095764.56,447953.14875,195186557.01999998,126871262.06,374.6383,380760.18,67192.97,85.0,15.0,Cubierta (85.0% Contratos / 15.0% Bolsa),1343.85944625,503461.2183820414,774555.7206060711,712591.2629575854,-61964.457648485666,61964.457648485666,7.999999999999997
2026-10-20,20,2026-10-01,True,CUNDINAMARCA,11065580.47,447953.14875,195186557.01999998,126871262.06,374.6383,380760.18,67192.97,85.0,15.0,Cubierta (85.0% Contratos / 15.0% Bolsa),1343.85944625,503461.2183820414,774555.7206060711,712591.2629575854,-61964.457648485666,61964.457648485666,7.999999999999997
2026-10-20,20,2026-10-01,True,TOLIMA,9079009.62,447953.14875,195186557.01999998,126871262.06,374.6383,380760.18,67192.97,85.0,15.0,Cubierta (85.0% Contratos / 15.0% Bolsa),1343.85944625,503461.2183820414,774555.7206060711,712591.2629575854,-61964.457648485666,61964.457648485666,7.999999999999997
2026-10-21,21,2026-10-01,True,ANTIOQUIA,30517525.79,447539.22625,195006198.73000002,126754029.17,374.9079,380408.34,67130.88,85.0,15.0,Cubierta (85.0% Contratos / 15.0% Bolsa),1342.61767875,503357.9744430371,774396.8837860113,712445.1330831303,-61951.750702880905,61951.750702880905,8.0
2026-10-21,21,2026-10-01,True,BOGOTA,43260441.98,447539.22625,195006198.73000002,126754029.17,374.9079,380408.34,67130.88,85.0,15.0,Cubierta (85.0% Contratos / 15.0% Bolsa),1342.61767875,503357.9744430371,774396.8837860113,712445.1330831303,-61951.750702880905,61951.750702880905,8.0
2026-10-21,21,2026-10-01,True,CARIBE_MAR,33993921.85,447539.22625,195006198.73000002,126754029.17,374.9079,380408.34,67130.88,85.0,15.0,Cubierta (85.0% Contratos / 15.0% Bolsa),1342.61767875,503357.9744430371,774396.8837860113,712445.1330831303,-61951.750702880905,61951.750702880905,8.0
2026-10-21,21,2026-10-01,True,CARIBE_SOL,27244418.68,447539.22625,195006198.73000002,126754029.17,374.9079,380408.34,67130.88,85.0,15.0,Cubierta (85.0% Contratos / 15.0% Bolsa),1342.61767875,503357.9744430371,774396.8837860113,712445.1330831303,-61951.750702880905,61951.750702880905,8.0
2026-10-21,21,2026-10-01,True,VALLE,22407731.23,447539.22625,195006198.73000002,126754029.17,374.9079,380408.34,67130.88,85.0,15.0,Cubierta (85.0% Contratos / 15.0% Bolsa),1342.61767875,503357.9744430371,774396.8837860113,712445.1330831303,-61951.750702880905,61951.750702880905,8.0
2026-10-21,21,2026-10-01,True,SANTANDER,17363572.04,447539.22625,195006198.73000002,126754029.17,374.9079,380408.34,67130.88,85.0,15.0,Cubierta (85.0% Contratos / 15.0% Bolsa),1342.61767875,503357.9744430371,774396.8837860113,712445.1330831303,-61951.750702880905,61951.750702880905,8.0
2026-10-21,21,2026-10-01,True,CUNDINAMARCA,11053634.8,447539.22625,195006198.73000002,126754029.17,374.9079,380408.34,67130.88,85.0,15.0,Cubierta (85.0% Contratos / 15.0% Bolsa),1342.61767875,503357.9744430371,774396.8837860113,712445.1330831303,-61951.750702880905,61951.750702880905,8.0
2026-10-21,21,2026-10-01,True,TOLIMA,9164952.36,447539.22625,195006198.73000002,126754029.17,374.9079,380408.34,67130.88,85.0,15.0,Cubierta (85.0% Contratos / 15.0% Bolsa),1342.61767875,503357.9744430371,774396.8837860113,712445.1330831303,-61951.750702880905,61951.750702880905,8.0
2026-10-22,22,2026-10-01,True,ANTIOQUIA,30352933.82,445800.37625,194248530.08,126261544.55,375.0969,378930.32,66870.06,85.0,15.0,Cubierta (85.0% Contratos / 15.0% Bolsa),1337.40112875,501655.0174506259,771776.9499362649,710034.7939413637,-61742.1559949012,61742.1559949012,8.000000000000002
2026-10-22,22,2026-10-01,True,BOGOTA,42403769.84,445800.37625,194248530.08,126261544.55,375.0969,378930.32,66870.06,85.0,15.0,Cubierta (85.0% Contratos / 15.0% Bolsa),1337.40112875,501655.0174506259,771776.9499362649,710034.7939413637,-61742.1559949012,61742.1559949012,8.000000000000002
2026-10-22,22,2026-10-01,True,CARIBE_MAR,34769444.09,445800.37625,194248530.08,126261544.55,375.0969,378930.32,66870.06,85.0,15.0,Cubierta (85.0% Contratos / 15.0% Bolsa),1337.40112875,501655.0174506259,771776.9499362649,710034.7939413637,-61742.1559949012,61742.1559949012,8.000000000000002
2026-10-22,22,2026-10-01,True,CARIBE_SOL,26757089.43,445800.37625,194248530.08,126261544.55,375.0969,378930.32,66870.06,85.0,15.0,Cubierta (85.0% Contratos / 15.0% Bolsa),1337.40112875,501655.0174506259,771776.9499362649,710034.7939413637,-61742.1559949012,61742.1559949012,8.000000000000002
2026-10-22,22,2026-10-01,True,VALLE,22281815.12,445800.37625,194248530.08,126261544.55,375.0969,378930.32,66870.06,85.0,15.0,Cubierta (85.0% Contratos / 15.0% Bolsa),1337.40112875,501655.0174506259,771776.9499362649,710034.7939413637,-61742.1559949012,61742.1559949012,8.000000000000002
2026-10-22,22,2026-10-01,True,SANTANDER,17460947.81,445800.37625,194248530.08,126261544.55,375.0969,378930.32,66870.06,85.0,15.0,Cubierta (85.0% Contratos / 15.0% Bolsa),1337.40112875,501655.0174506259,771776.9499362649,710034.7939413637,-61742.1559949012,61742.1559949012,8.000000000000002
2026-10-22,22,2026-10-01,True,CUNDINAMARCA,10986261.67,445800.37625,194248530.08,126261544.55,375.0969,378930.32,66870.06,85.0,15.0,Cubierta (85.0% Contratos / 15.0% Bolsa),1337.40112875,501655.0174506259,771776.9499362649,710034.7939413637,-61742.1559949012,61742.1559949012,8.000000000000002
2026-10-22,22,2026-10-01,True,TOLIMA,9236268.3,445800.37625,194248530.08,126261544.55,375.0969,378930.32,66870.06,85.0,15.0,Cubierta (85.0% Contratos / 15.0% Bolsa),1337.40112875,501655.0174506259,771776.9499362649,710034.7939413637,-61742.1559949012,61742.1559949012,8.000000000000002
2026-10-23,23,2026-10-01,True,ANTIOQUIA,30714590.93,447489.9275,194984717.87,126740066.62,375.2043,380366.44,67123.49,85.0,15.0,Cubierta (85.0% Contratos / 15.0% Bolsa),1342.4697825,503700.4350140648,774923.74614797,712929.8464561324,-61993.89969183761,61993.89969183761,8.000000000000002
2026-10-23,23,2026-10-01,True,BOGOTA,43298937.94,447489.9275,194984717.87,126740066.62,375.2043,380366.44,67123.49,85.0,15.0,Cubierta (85.0% Contratos / 15.0% Bolsa),1342.4697825,503700.4350140648,774923.74614797,712929.8464561324,-61993.89969183761,61993.89969183761,8.000000000000002
2026-10-23,23,2026-10-01,True,CARIBE_MAR,34381743.07,447489.9275,194984717.87,126740066.62,375.2043,380366.44,67123.49,85.0,15.0,Cubierta (85.0% Contratos / 15.0% Bolsa),1342.4697825,503700.4350140648,774923.74614797,712929.8464561324,-61993.89969183761,61993.89969183761,8.000000000000002
2026-10-23,23,2026-10-01,True,CARIBE_SOL,27038311.06,447489.9275,194984717.87,126740066.62,375.2043,380366.44,67123.49,85.0,15.0,Cubierta (85.0% Contratos / 15.0% Bolsa),1342.4697825,503700.4350140648,774923.74614797,712929.8464561324,-61993.89969183761,61993.89969183761,8.000000000000002
2026-10-23,23,2026-10-01,True,VALLE,22073793.38,447489.9275,194984717.87,126740066.62,375.2043,380366.44,67123.49,85.0,15.0,Cubierta (85.0% Contratos / 15.0% Bolsa),1342.4697825,503700.4350140648,774923.74614797,712929.8464561324,-61993.89969183761,61993.89969183761,8.000000000000002
2026-10-23,23,2026-10-01,True,SANTANDER,17212043.71,447489.9275,194984717.87,126740066.62,375.2043,380366.44,67123.49,85.0,15.0,Cubierta (85.0% Contratos / 15.0% Bolsa),1342.4697825,503700.4350140648,774923.74614797,712929.8464561324,-61993.89969183761,61993.89969183761,8.000000000000002
2026-10-23,23,2026-10-01,True,CUNDINAMARCA,11008393.13,447489.9275,194984717.87,126740066.62,375.2043,380366.44,67123.49,85.0,15.0,Cubierta (85.0% Contratos / 15.0% Bolsa),1342.4697825,503700.4350140648,774923.74614797,712929.8464561324,-61993.89969183761,61993.89969183761,8.000000000000002
2026-10-23,23,2026-10-01,True,TOLIMA,9256904.65,447489.9275,194984717.87,126740066.62,375.2043,380366.44,67123.49,85.0,15.0,Cubierta (85.0% Contratos / 15.0% Bolsa),1342.4697825,503700.4350140648,774923.74614797,712929.8464561324,-61993.89969183761,61993.89969183761,8.000000000000002
2026-10-24,24,2026-10-01,True,ANTIOQUIA,25766771.28,317865.635,164271646.29000002,106776570.09,375.2312,270185.79,47679.85,85.0,15.0,Cubierta (85.0% Contratos / 15.0% Bolsa),953.596905,357819.310979436,550491.2476529375,506451.94784070255,-44039.299812234996,44039.299812234996,7.999999999999999
2026-10-24,24,2026-10-01,True,BOGOTA,36739946.73,317865.635,164271646.29000002,106776570.09,375.2312,270185.79,47679.85,85.0,15.0,Cubierta (85.0% Contratos / 15.0% Bolsa),953.596905,357819.310979436,550491.2476529375,506451.94784070255,-44039.299812234996,44039.299812234996,7.999999999999999
2026-10-24,24,2026-10-01,True,CARIBE_MAR,28663408.96,317865.635,164271646.29000002,106776570.09,375.2312,270185.79,47679.85,85.0,15.0,Cubierta (85.0% Contratos / 15.0% Bolsa),953.596905,357819.310979436,550491.2476529375,506451.94784070255,-44039.299812234996,44039.299812234996,7.999999999999999
2026-10-24,24,2026-10-01,True,CARIBE_SOL,22583406.56,317865.635,164271646.29000002,106776570.09,375.2312,270185.79,47679.85,85.0,15.0,Cubierta (85.0% Contratos / 15.0% Bolsa),953.596905,357819.310979436,550491.2476529375,506451.94784070255,-44039.299812234996,44039.299812234996,7.999999999999999
2026-10-24,24,2026-10-01,True,VALLE,18865443.94,317865.635,164271646.29000002,106776570.09,375.2312,270185.79,47679.85,85.0,15.0,Cubierta (85.0% Contratos / 15.0% Bolsa),953.596905,357819.310979436,550491.2476529375,506451.94784070255,-44039.299812234996,44039.299812234996,7.999999999999999
2026-10-24,24,2026-10-01,True,SANTANDER,14540189.96,317865.635,164271646.29000002,106776570.09,375.2312,270185.79,47679.85,85.0,15.0,Cubierta (85.0% Contratos / 15.0% Bolsa),953.596905,357819.310979436,550491.2476529375,506451.94784070255,-44039.299812234996,44039.299812234996,7.999999999999999
2026-10-24,24,2026-10-01,True,CUNDINAMARCA,9200196.52,317865.635,164271646.29000002,106776570.09,375.2312,270185.79,47679.85,85.0,15.0,Cubierta (85.0% Contratos / 15.0% Bolsa),953.596905,357819.310979436,550491.2476529375,506451.94784070255,-44039.299812234996,44039.299812234996,7.999999999999999
2026-10-24,24,2026-10-01,True,TOLIMA,7912282.34,317865.635,164271646.29000002,106776570.09,375.2312,270185.79,47679.85,85.0,15.0,Cubierta (85.0% Contratos / 15.0% Bolsa),953.596905,357819.310979436,550491.2476529375,506451.94784070255,-44039.299812234996,44039.299812234996,7.999999999999999
2026-10-25,25,2026-10-01,True,ANTIOQUIA,25797822.67,317791.5675,164233368.26,106751689.37,375.1799,270122.83,47668.74,85.0,15.0,Cubierta (85.0% Contratos / 15.0% Bolsa),953.3747025,357687.02554647974,550287.7316048141,506264.713076429,-44023.01852838509,44023.01852838509,7.999999999999993
2026-10-25,25,2026-10-01,True,BOGOTA,36151952.15,317791.5675,164233368.26,106751689.37,375.1799,270122.83,47668.74,85.0,15.0,Cubierta (85.0% Contratos / 15.0% Bolsa),953.3747025,357687.02554647974,550287.7316048141,506264.713076429,-44023.01852838509,44023.01852838509,7.999999999999993
2026-10-25,25,2026-10-01,True,CARIBE_MAR,29020440.96,317791.5675,164233368.26,106751689.37,375.1799,270122.83,47668.74,85.0,15.0,Cubierta (85.0% Contratos / 15.0% Bolsa),953.3747025,357687.02554647974,550287.7316048141,506264.713076429,-44023.01852838509,44023.01852838509,7.999999999999993
2026-10-25,25,2026-10-01,True,CARIBE_SOL,22599088.81,317791.5675,164233368.26,106751689.37,375.1799,270122.83,47668.74,85.0,15.0,Cubierta (85.0% Contratos / 15.0% Bolsa),953.3747025,357687.02554647974,550287.7316048141,506264.713076429,-44023.01852838509,44023.01852838509,7.999999999999993
2026-10-25,25,2026-10-01,True,VALLE,18861945.17,317791.5675,164233368.26,106751689.37,375.1799,270122.83,47668.74,85.0,15.0,Cubierta (85.0% Contratos / 15.0% Bolsa),953.3747025,357687.02554647974,550287.7316048141,506264.713076429,-44023.01852838509,44023.01852838509,7.999999999999993
2026-10-25,25,2026-10-01,True,SANTANDER,14593817.0,317791.5675,164233368.26,106751689.37,375.1799,270122.83,47668.74,85.0,15.0,Cubierta (85.0% Contratos / 15.0% Bolsa),953.3747025,357687.02554647974,550287.7316048141,506264.713076429,-44023.01852838509,44023.01852838509,7.999999999999993
2026-10-25,25,2026-10-01,True,CUNDINAMARCA,9419747.58,317791.5675,164233368.26,106751689.37,375.1799,270122.83,47668.74,85.0,15.0,Cubierta (85.0% Contratos / 15.0% Bolsa),953.3747025,357687.02554647974,550287.7316048141,506264.713076429,-44023.01852838509,44023.01852838509,7.999999999999993
2026-10-25,25,2026-10-01,True,TOLIMA,7788553.92,317791.5675,164233368.26,106751689.37,375.1799,270122.83,47668.74,85.0,15.0,Cubierta (85.0% Contratos / 15.0% Bolsa),953.3747025,357687.02554647974,550287.7316048141,506264.713076429,-44023.01852838509,44023.01852838509,7.999999999999993
2026-10-26,26,2026-10-01,True,ANTIOQUIA,30827984.37,446844.83125,194703630.06000003,126557359.54,375.0546,379818.11,67026.72,85.0,15.0,Cubierta (85.0% Contratos / 15.0% Bolsa),1340.53449375,502773.6283396087,773497.8897471325,711618.058567362,-61879.831179770525,61879.831179770525,7.99999999999999
2026-10-26,26,2026-10-01,True,BOGOTA,42597301.29,446844.83125,194703630.06000003,126557359.54,375.0546,379818.11,67026.72,85.0,15.0,Cubierta (85.0% Contratos / 15.0% Bolsa),1340.53449375,502773.6283396087,773497.8897471325,711618.058567362,-61879.831179770525,61879.831179770525,7.99999999999999
2026-10-26,26,2026-10-01,True,CARIBE_MAR,34862799.43,446844.83125,194703630.06000003,126557359.54,375.0546,379818.11,67026.72,85.0,15.0,Cubierta (85.0% Contratos / 15.0% Bolsa),1340.53449375,502773.6283396087,773497.8897471325,711618.058567362,-61879.831179770525,61879.831179770525,7.99999999999999
2026-10-26,26,2026-10-01,True,CARIBE_SOL,27044303.99,446844.83125,194703630.06000003,126557359.54,375.0546,379818.11,67026.72,85.0,15.0,Cubierta (85.0% Contratos / 15.0% Bolsa),1340.53449375,502773.6283396087,773497.8897471325,711618.058567362,-61879.831179770525,61879.831179770525,7.99999999999999
2026-10-26,26,2026-10-01,True,VALLE,22050505.64,446844.83125,194703630.06000003,126557359.54,375.0546,379818.11,67026.72,85.0,15.0,Cubierta (85.0% Contratos / 15.0% Bolsa),1340.53449375,502773.6283396087,773497.8897471325,711618.058567362,-61879.831179770525,61879.831179770525,7.99999999999999
2026-10-26,26,2026-10-01,True,SANTANDER,16977808.18,446844.83125,194703630.06000003,126557359.54,375.0546,379818.11,67026.72,85.0,15.0,Cubierta (85.0% Contratos / 15.0% Bolsa),1340.53449375,502773.6283396087,773497.8897471325,711618.058567362,-61879.831179770525,61879.831179770525,7.99999999999999
2026-10-26,26,2026-10-01,True,CUNDINAMARCA,11109617.04,446844.83125,194703630.06000003,126557359.54,375.0546,379818.11,67026.72,85.0,15.0,Cubierta (85.0% Contratos / 15.0% Bolsa),1340.53449375,502773.6283396087,773497.8897471325,711618.058567362,-61879.831179770525,61879.831179770525,7.99999999999999
2026-10-26,26,2026-10-01,True,TOLIMA,9233310.12,446844.83125,194703630.06000003,126557359.54,375.0546,379818.11,67026.72,85.0,15.0,Cubierta (85.0% Contratos / 15.0% Bolsa),1340.53449375,502773.6283396087,773497.8897471325,711618.058567362,-61879.831179770525,61879.831179770525,7.99999999999999
2026-10-27,27,2026-10-01,True,ANTIOQUIA,30851226.74,444898.2825,193855460.99,126006049.64,374.8608,378163.54,66734.74,85.0,15.0,Cubierta (85.0% Contratos / 15.0% Bolsa),1334.6948475,500324.7782897279,769730.4281594234,708151.9939066696,-61578.434252753854,61578.434252753854,7.999999999999997
2026-10-27,27,2026-10-01,True,BOGOTA,42337285.4,444898.2825,193855460.99,126006049.64,374.8608,378163.54,66734.74,85.0,15.0,Cubierta (85.0% Contratos / 15.0% Bolsa),1334.6948475,500324.7782897279,769730.4281594234,708151.9939066696,-61578.434252753854,61578.434252753854,7.999999999999997
2026-10-27,27,2026-10-01,True,CARIBE_MAR,34042981.44,444898.2825,193855460.99,126006049.64,374.8608,378163.54,66734.74,85.0,15.0,Cubierta (85.0% Contratos / 15.0% Bolsa),1334.6948475,500324.7782897279,769730.4281594234,708151.9939066696,-61578.434252753854,61578.434252753854,7.999999999999997
2026-10-27,27,2026-10-01,True,CARIBE_SOL,26844390.27,444898.2825,193855460.99,126006049.64,374.8608,378163.54,66734.74,85.0,15.0,Cubierta (85.0% Contratos / 15.0% Bolsa),1334.6948475,500324.7782897279,769730.4281594234,708151.9939066696,-61578.434252753854,61578.434252753854,7.999999999999997
2026-10-27,27,2026-10-01,True,VALLE,22108467.59,444898.2825,193855460.99,126006049.64,374.8608,378163.54,66734.74,85.0,15.0,Cubierta (85.0% Contratos / 15.0% Bolsa),1334.6948475,500324.7782897279,769730.4281594234,708151.9939066696,-61578.434252753854,61578.434252753854,7.999999999999997
2026-10-27,27,2026-10-01,True,SANTANDER,17322220.77,444898.2825,193855460.99,126006049.64,374.8608,378163.54,66734.74,85.0,15.0,Cubierta (85.0% Contratos / 15.0% Bolsa),1334.6948475,500324.7782897279,769730.4281594234,708151.9939066696,-61578.434252753854,61578.434252753854,7.999999999999997
2026-10-27,27,2026-10-01,True,CUNDINAMARCA,11126097.9,444898.2825,193855460.99,126006049.64,374.8608,378163.54,66734.74,85.0,15.0,Cubierta (85.0% Contratos / 15.0% Bolsa),1334.6948475,500324.7782897279,769730.4281594234,708151.9939066696,-61578.434252753854,61578.434252753854,7.999999999999997
2026-10-27,27,2026-10-01,True,TOLIMA,9222790.88,444898.2825,193855460.99,126006049.64,374.8608,378163.54,66734.74,85.0,15.0,Cubierta (85.0% Contratos / 15.0% Bolsa),1334.6948475,500324.7782897279,769730.4281594234,708151.9939066696,-61578.434252753854,61578.434252753854,7.999999999999997
2026-10-28,28,2026-10-01,True,ANTIOQUIA,30933745.44,449674.69625,195936686.83,127358846.44,374.6057,382223.49,67451.2,85.0,15.0,Cubierta (85.0% Contratos / 15.0% Bolsa),1349.02408875,505352.1130830559,777464.7893554954,715267.6062070557,-62197.183148439624,62197.183148439624,7.999999999999999
2026-10-28,28,2026-10-01,True,BOGOTA,42834385.26,449674.69625,195936686.83,127358846.44,374.6057,382223.49,67451.2,85.0,15.0,Cubierta (85.0% Contratos / 15.0% Bolsa),1349.02408875,505352.1130830559,777464.7893554954,715267.6062070557,-62197.183148439624,62197.183148439624,7.999999999999999
2026-10-28,28,2026-10-01,True,CARIBE_MAR,34956574.89,449674.69625,195936686.83,127358846.44,374.6057,382223.49,67451.2,85.0,15.0,Cubierta (85.0% Contratos / 15.0% Bolsa),1349.02408875,505352.1130830559,777464.7893554954,715267.6062070557,-62197.183148439624,62197.183148439624,7.999999999999999
2026-10-28,28,2026-10-01,True,CARIBE_SOL,27293328.55,449674.69625,195936686.83,127358846.44,374.6057,382223.49,67451.2,85.0,15.0,Cubierta (85.0% Contratos / 15.0% Bolsa),1349.02408875,505352.1130830559,777464.7893554954,715267.6062070557,-62197.183148439624,62197.183148439624,7.999999999999999
2026-10-28,28,2026-10-01,True,VALLE,22218811.52,449674.69625,195936686.83,127358846.44,374.6057,382223.49,67451.2,85.0,15.0,Cubierta (85.0% Contratos / 15.0% Bolsa),1349.02408875,505352.1130830559,777464.7893554954,715267.6062070557,-62197.183148439624,62197.183148439624,7.999999999999999
2026-10-28,28,2026-10-01,True,SANTANDER,17205829.83,449674.69625,195936686.83,127358846.44,374.6057,382223.49,67451.2,85.0,15.0,Cubierta (85.0% Contratos / 15.0% Bolsa),1349.02408875,505352.1130830559,777464.7893554954,715267.6062070557,-62197.183148439624,62197.183148439624,7.999999999999999
2026-10-28,28,2026-10-01,True,CUNDINAMARCA,11153655.55,449674.69625,195936686.83,127358846.44,374.6057,382223.49,67451.2,85.0,15.0,Cubierta (85.0% Contratos / 15.0% Bolsa),1349.02408875,505352.1130830559,777464.7893554954,715267.6062070557,-62197.183148439624,62197.183148439624,7.999999999999999
2026-10-28,28,2026-10-01,True,TOLIMA,9340355.79,449674.69625,195936686.83,127358846.44,374.6057,382223.49,67451.2,85.0,15.0,Cubierta (85.0% Contratos / 15.0% Bolsa),1349.02408875,505352.1130830559,777464.7893554954,715267.6062070557,-62197.183148439624,62197.183148439624,7.999999999999999
2026-10-29,29,2026-10-01,True,ANTIOQUIA,30738349.21,447034.52125,194786283.61,126611084.35,374.2975,379979.34,67055.18,85.0,15.0,Cubierta (85.0% Contratos / 15.0% Bolsa),1341.10356375,501971.7111527156,772264.1709828298,710483.0373042034,-61781.133678626386,61781.133678626386,8.0
2026-10-29,29,2026-10-01,True,BOGOTA,43352596.33,447034.52125,194786283.61,126611084.35,374.2975,379979.34,67055.18,85.0,15.0,Cubierta (85.0% Contratos / 15.0% Bolsa),1341.10356375,501971.7111527156,772264.1709828298,710483.0373042034,-61781.133678626386,61781.133678626386,8.0
2026-10-29,29,2026-10-01,True,CARIBE_MAR,34214229.87,447034.52125,194786283.61,126611084.35,374.2975,379979.34,67055.18,85.0,15.0,Cubierta (85.0% Contratos / 15.0% Bolsa),1341.10356375,501971.7111527156,772264.1709828298,710483.0373042034,-61781.133678626386,61781.133678626386,8.0
2026-10-29,29,2026-10-01,True,CARIBE_SOL,27158001.55,447034.52125,194786283.61,126611084.35,374.2975,379979.34,67055.18,85.0,15.0,Cubierta (85.0% Contratos / 15.0% Bolsa),1341.10356375,501971.7111527156,772264.1709828298,710483.0373042034,-61781.133678626386,61781.133678626386,8.0
2026-10-29,29,2026-10-01,True,VALLE,21839929.13,447034.52125,194786283.61,126611084.35,374.2975,379979.34,67055.18,85.0,15.0,Cubierta (85.0% Contratos / 15.0% Bolsa),1341.10356375,501971.7111527156,772264.1709828298,710483.0373042034,-61781.133678626386,61781.133678626386,8.0
2026-10-29,29,2026-10-01,True,SANTANDER,17187490.55,447034.52125,194786283.61,126611084.35,374.2975,379979.34,67055.18,85.0,15.0,Cubierta (85.0% Contratos / 15.0% Bolsa),1341.10356375,501971.7111527156,772264.1709828298,710483.0373042034,-61781.133678626386,61781.133678626386,8.0
2026-10-29,29,2026-10-01,True,CUNDINAMARCA,11034276.55,447034.52125,194786283.61,126611084.35,374.2975,379979.34,67055.18,85.0,15.0,Cubierta (85.0% Contratos / 15.0% Bolsa),1341.10356375,501971.7111527156,772264.1709828298,710483.0373042034,-61781.133678626386,61781.133678626386,8.0
2026-10-29,29,2026-10-01,True,TOLIMA,9261410.42,447034.52125,194786283.61,126611084.35,374.2975,379979.34,67055.18,85.0,15.0,Cubierta (85.0% Contratos / 15.0% Bolsa),1341.10356375,501971.7111527156,772264.1709828298,710483.0373042034,-61781.133678626386,61781.133678626386,8.0
2026-10-30,30,2026-10-01,True,ANTIOQUIA,30498070.63,447073.80625,194803401.53000003,126622210.99,373.9454,380012.74,67061.07,85.0,15.0,Cubierta (85.0% Contratos / 15.0% Bolsa),1341.22141875,501543.5799230363,771605.5076013241,709877.0669932183,-61728.440608105855,61728.440608105855,7.99999999999999
2026-10-30,30,2026-10-01,True,BOGOTA,43242678.76,447073.80625,194803401.53000003,126622210.99,373.9454,380012.74,67061.07,85.0,15.0,Cubierta (85.0% Contratos / 15.0% Bolsa),1341.22141875,501543.5799230363,771605.5076013241,709877.0669932183,-61728.440608105855,61728.440608105855,7.99999999999999
2026-10-30,30,2026-10-01,True,CARIBE_MAR,34352872.81,447073.80625,194803401.53000003,126622210.99,373.9454,380012.74,67061.07,85.0,15.0,Cubierta (85.0% Contratos / 15.0% Bolsa),1341.22141875,501543.5799230363,771605.5076013241,709877.0669932183,-61728.440608105855,61728.440608105855,7.99999999999999
2026-10-30,30,2026-10-01,True,CARIBE_SOL,26946850.45,447073.80625,194803401.53000003,126622210.99,373.9454,380012.74,67061.07,85.0,15.0,Cubierta (85.0% Contratos / 15.0% Bolsa),1341.22141875,501543.5799230363,771605.5076013241,709877.0669932183,-61728.440608105855,61728.440608105855,7.99999999999999
2026-10-30,30,2026-10-01,True,VALLE,22182280.46,447073.80625,194803401.53000003,126622210.99,373.9454,380012.74,67061.07,85.0,15.0,Cubierta (85.0% Contratos / 15.0% Bolsa),1341.22141875,501543.5799230363,771605.5076013241,709877.0669932183,-61728.440608105855,61728.440608105855,7.99999999999999
2026-10-30,30,2026-10-01,True,SANTANDER,17172838.47,447073.80625,194803401.53000003,126622210.99,373.9454,380012.74,67061.07,85.0,15.0,Cubierta (85.0% Contratos / 15.0% Bolsa),1341.22141875,501543.5799230363,771605.5076013241,709877.0669932183,-61728.440608105855,61728.440608105855,7.99999999999999
2026-10-30,30,2026-10-01,True,CUNDINAMARCA,11155696.08,447073.80625,194803401.53000003,126622210.99,373.9454,380012.74,67061.07,85.0,15.0,Cubierta (85.0% Contratos / 15.0% Bolsa),1341.22141875,501543.5799230363,771605.5076013241,709877.0669932183,-61728.440608105855,61728.440608105855,7.99999999999999
2026-10-30,30,2026-10-01,True,TOLIMA,9252113.87,447073.80625,194803401.53000003,126622210.99,373.9454,380012.74,67061.07,85.0,15.0,Cubierta (85.0% Contratos / 15.0% Bolsa),1341.22141875,501543.5799230363,771605.5076013241,709877.0669932183,-61728.440608105855,61728.440608105855,7.99999999999999
2026-10-31,31,2026-10-01,True,ANTIOQUIA,25714225.36,317705.34875,164188810.82000002,106722727.03,373.5597,270049.55,47655.8,85.0,15.0,Cubierta (85.0% Contratos / 15.0% Bolsa),953.1160462500001,356045.7443023362,547762.6835574534,503941.6688728572,-43821.01468459627,43821.01468459627,8.0
2026-10-31,31,2026-10-01,True,BOGOTA,36247831.9,317705.34875,164188810.82000002,106722727.03,373.5597,270049.55,47655.8,85.0,15.0,Cubierta (85.0% Contratos / 15.0% Bolsa),953.1160462500001,356045.7443023362,547762.6835574534,503941.6688728572,-43821.01468459627,43821.01468459627,8.0
2026-10-31,31,2026-10-01,True,CARIBE_MAR,28955161.91,317705.34875,164188810.82000002,106722727.03,373.5597,270049.55,47655.8,85.0,15.0,Cubierta (85.0% Contratos / 15.0% Bolsa),953.1160462500001,356045.7443023362,547762.6835574534,503941.6688728572,-43821.01468459627,43821.01468459627,8.0
2026-10-31,31,2026-10-01,True,CARIBE_SOL,22749961.05,317705.34875,164188810.82000002,106722727.03,373.5597,270049.55,47655.8,85.0,15.0,Cubierta (85.0% Contratos / 15.0% Bolsa),953.1160462500001,356045.7443023362,547762.6835574534,503941.6688728572,-43821.01468459627,43821.01468459627,8.0
2026-10-31,31,2026-10-01,True,VALLE,18780009.7,317705.34875,164188810.82000002,106722727.03,373.5597,270049.55,47655.8,85.0,15.0,Cubierta (85.0% Contratos / 15.0% Bolsa),953.1160462500001,356045.7443023362,547762.6835574534,503941.6688728572,-43821.01468459627,43821.01468459627,8.0
2026-10-31,31,2026-10-01,True,SANTANDER,14656155.75,317705.34875,164188810.82000002,106722727.03,373.5597,270049.55,47655.8,85.0,15.0,Cubierta (85.0% Contratos / 15.0% Bolsa),953.1160462500001,356045.7443023362,547762.6835574534,503941.6688728572,-43821.01468459627,43821.01468459627,8.0
2026-10-31,31,2026-10-01,True,CUNDINAMARCA,9330465.03,317705.34875,164188810.82000002,106722727.03,373.5597,270049.55,47655.8,85.0,15.0,Cubierta (85.0% Contratos / 15.0% Bolsa),953.1160462500001,356045.7443023362,547762.6835574534,503941.6688728572,-43821.01468459627,43821.01468459627,8.0
2026-10-31,31,2026-10-01,True,TOLIMA,7755000.12,317705.34875,164188810.82000002,106722727.03,373.5597,270049.55,47655.8,85.0,15.0,Cubierta (85.0% Contratos / 15.0% Bolsa),953.1160462500001,356045.7443023362,547762.6835574534,503941.6688728572,-43821.01468459627,43821.01468459627,8.0
2026-11-01,1,2026-11-01,True,ANTIOQUIA,25769158.19,317079.55,163865400.66,106512510.43,373.1514,269517.62,47561.93,85.0,15.0,Cubierta (85.0% Contratos / 15.0% Bolsa),951.23865,354956.03398161003,546086.2061204268,502399.30963079265,-43686.89648963412,43686.89648963412,7.9999999999999964
2026-11-01,1,2026-11-01,True,BOGOTA,36012584.46,317079.55,163865400.66,106512510.43,373.1514,269517.62,47561.93,85.0,15.0,Cubierta (85.0% Contratos / 15.0% Bolsa),951.23865,354956.03398161003,546086.2061204268,502399.30963079265,-43686.89648963412,43686.89648963412,7.9999999999999964
2026-11-01,1,2026-11-01,True,CARIBE_MAR,29077815.19,317079.55,163865400.66,106512510.43,373.1514,269517.62,47561.93,85.0,15.0,Cubierta (85.0% Contratos / 15.0% Bolsa),951.23865,354956.03398161003,546086.2061204268,502399.30963079265,-43686.89648963412,43686.89648963412,7.9999999999999964
2026-11-01,1,2026-11-01,True,CARIBE_SOL,22904242.36,317079.55,163865400.66,106512510.43,373.1514,269517.62,47561.93,85.0,15.0,Cubierta (85.0% Contratos / 15.0% Bolsa),951.23865,354956.03398161003,546086.2061204268,502399.30963079265,-43686.89648963412,43686.89648963412,7.9999999999999964
2026-11-01,1,2026-11-01,True,VALLE,18430136.83,317079.55,163865400.66,106512510.43,373.1514,269517.62,47561.93,85.0,15.0,Cubierta (85.0% Contratos / 15.0% Bolsa),951.23865,354956.03398161003,546086.2061204268,502399.30963079265,-43686.89648963412,43686.89648963412,7.9999999999999964
2026-11-01,1,2026-11-01,True,SANTANDER,14512982.22,317079.55,163865400.66,106512510.43,373.1514,269517.62,47561.93,85.0,15.0,Cubierta (85.0% Contratos / 15.0% Bolsa),951.23865,354956.03398161003,546086.2061204268,502399.30963079265,-43686.89648963412,43686.89648963412,7.9999999999999964
2026-11-01,1,2026-11-01,True,CUNDINAMARCA,9365628.26,317079.55,163865400.66,106512510.43,373.1514,269517.62,47561.93,85.0,15.0,Cubierta (85.0% Contratos / 15.0% Bolsa),951.23865,354956.03398161003,546086.2061204268,502399.30963079265,-43686.89648963412,43686.89648963412,7.9999999999999964
2026-11-01,1,2026-11-01,True,TOLIMA,7792853.15,317079.55,163865400.66,106512510.43,373.1514,269517.62,47561.93,85.0,15.0,Cubierta (85.0% Contratos / 15.0% Bolsa),951.23865,354956.03398161003,546086.2061204268,502399.30963079265,-43686.89648963412,43686.89648963412,7.9999999999999964
2026-11-02,2,2026-11-01,True,ANTIOQUIA,30931427.82,449162.0425,195713308.45000002,127213650.49,372.7317,381787.74,67374.31,85.0,15.0,Cubierta (85.0% Contratos / 15.0% Bolsa),1347.4861275,502250.79502949177,772693.5308297876,710878.0483634046,-61815.48246638302,61815.48246638302,8.000000000000002
2026-11-02,2,2026-11-01,True,BOGOTA,43105532.4,449162.0425,195713308.45000002,127213650.49,372.7317,381787.74,67374.31,85.0,15.0,Cubierta (85.0% Contratos / 15.0% Bolsa),1347.4861275,502250.79502949177,772693.5308297876,710878.0483634046,-61815.48246638302,61815.48246638302,8.000000000000002
2026-11-02,2,2026-11-01,True,CARIBE_MAR,34898896.68,449162.0425,195713308.45000002,127213650.49,372.7317,381787.74,67374.31,85.0,15.0,Cubierta (85.0% Contratos / 15.0% Bolsa),1347.4861275,502250.79502949177,772693.5308297876,710878.0483634046,-61815.48246638302,61815.48246638302,8.000000000000002
2026-11-02,2,2026-11-01,True,CARIBE_SOL,27211179.62,449162.0425,195713308.45000002,127213650.49,372.7317,381787.74,67374.31,85.0,15.0,Cubierta (85.0% Contratos / 15.0% Bolsa),1347.4861275,502250.79502949177,772693.5308297876,710878.0483634046,-61815.48246638302,61815.48246638302,8.000000000000002
2026-11-02,2,2026-11-01,True,VALLE,22046206.61,449162.0425,195713308.45000002,127213650.49,372.7317,381787.74,67374.31,85.0,15.0,Cubierta (85.0% Contratos / 15.0% Bolsa),1347.4861275,502250.79502949177,772693.5308297876,710878.0483634046,-61815.48246638302,61815.48246638302,8.000000000000002
2026-11-02,2,2026-11-01,True,SANTANDER,17055923.67,449162.0425,195713308.45000002,127213650.49,372.7317,381787.74,67374.31,85.0,15.0,Cubierta (85.0% Contratos / 15.0% Bolsa),1347.4861275,502250.79502949177,772693.5308297876,710878.0483634046,-61815.48246638302,61815.48246638302,8.000000000000002
2026-11-02,2,2026-11-01,True,CUNDINAMARCA,11200022.28,449162.0425,195713308.45000002,127213650.49,372.7317,381787.74,67374.31,85.0,15.0,Cubierta (85.0% Contratos / 15.0% Bolsa),1347.4861275,502250.79502949177,772693.5308297876,710878.0483634046,-61815.48246638302,61815.48246638302,8.000000000000002
2026-11-02,2,2026-11-01,True,TOLIMA,9264119.37,449162.0425,195713308.45000002,127213650.49,372.7317,381787.74,67374.31,85.0,15.0,Cubierta (85.0% Contratos / 15.0% Bolsa),1347.4861275,502250.79502949177,772693.5308297876,710878.0483634046,-61815.48246638302,61815.48246638302,8.000000000000002
2026-11-03,3,2026-11-01,True,ANTIOQUIA,30567777.57,446633.13375,194611387.37000003,126497401.79,372.3124,379638.16,66994.97,85.0,15.0,Cubierta (85.0% Contratos / 15.0% Bolsa),1339.89940125,498861.1618379505,767478.7105229576,706080.4136811211,-61398.296841836534,61398.296841836534,7.99999999999999
2026-11-03,3,2026-11-01,True,BOGOTA,42817151.56,446633.13375,194611387.37000003,126497401.79,372.3124,379638.16,66994.97,85.0,15.0,Cubierta (85.0% Contratos / 15.0% Bolsa),1339.89940125,498861.1618379505,767478.7105229576,706080.4136811211,-61398.296841836534,61398.296841836534,7.99999999999999
2026-11-03,3,2026-11-01,True,CARIBE_MAR,34346006.75,446633.13375,194611387.37000003,126497401.79,372.3124,379638.16,66994.97,85.0,15.0,Cubierta (85.0% Contratos / 15.0% Bolsa),1339.89940125,498861.1618379505,767478.7105229576,706080.4136811211,-61398.296841836534,61398.296841836534,7.99999999999999
2026-11-03,3,2026-11-01,True,CARIBE_SOL,27320120.21,446633.13375,194611387.37000003,126497401.79,372.3124,379638.16,66994.97,85.0,15.0,Cubierta (85.0% Contratos / 15.0% Bolsa),1339.89940125,498861.1618379505,767478.7105229576,706080.4136811211,-61398.296841836534,61398.296841836534,7.99999999999999
2026-11-03,3,2026-11-01,True,VALLE,22025931.81,446633.13375,194611387.37000003,126497401.79,372.3124,379638.16,66994.97,85.0,15.0,Cubierta (85.0% Contratos / 15.0% Bolsa),1339.89940125,498861.1618379505,767478.7105229576,706080.4136811211,-61398.296841836534,61398.296841836534,7.99999999999999
2026-11-03,3,2026-11-01,True,SANTANDER,17290479.28,446633.13375,194611387.37000003,126497401.79,372.3124,379638.16,66994.97,85.0,15.0,Cubierta (85.0% Contratos / 15.0% Bolsa),1339.89940125,498861.1618379505,767478.7105229576,706080.4136811211,-61398.296841836534,61398.296841836534,7.99999999999999
2026-11-03,3,2026-11-01,True,CUNDINAMARCA,11021504.11,446633.13375,194611387.37000003,126497401.79,372.3124,379638.16,66994.97,85.0,15.0,Cubierta (85.0% Contratos / 15.0% Bolsa),1339.89940125,498861.1618379505,767478.7105229576,706080.4136811211,-61398.296841836534,61398.296841836534,7.99999999999999
2026-11-03,3,2026-11-01,True,TOLIMA,9222416.08,446633.13375,194611387.37000003,126497401.79,372.3124,379638.16,66994.97,85.0,15.0,Cubierta (85.0% Contratos / 15.0% Bolsa),1339.89940125,498861.1618379505,767478.7105229576,706080.4136811211,-61398.296841836534,61398.296841836534,7.99999999999999
2026-11-04,4,2026-11-01,True,ANTIOQUIA,31019272.82,448634.45875,195483424.42000002,127064225.87,371.905,381339.29,67295.17,85.0,15.0,Cubierta (85.0% Contratos / 15.0% Bolsa),1345.90337625,500548.1951442562,770074.1463939603,708468.2146824435,-61605.93171151681,61605.93171151681,7.999999999999997
2026-11-04,4,2026-11-01,True,BOGOTA,43250997.84,448634.45875,195483424.42000002,127064225.87,371.905,381339.29,67295.17,85.0,15.0,Cubierta (85.0% Contratos / 15.0% Bolsa),1345.90337625,500548.1951442562,770074.1463939603,708468.2146824435,-61605.93171151681,61605.93171151681,7.999999999999997
2026-11-04,4,2026-11-01,True,CARIBE_MAR,34460085.87,448634.45875,195483424.42000002,127064225.87,371.905,381339.29,67295.17,85.0,15.0,Cubierta (85.0% Contratos / 15.0% Bolsa),1345.90337625,500548.1951442562,770074.1463939603,708468.2146824435,-61605.93171151681,61605.93171151681,7.999999999999997
2026-11-04,4,2026-11-01,True,CARIBE_SOL,27056740.97,448634.45875,195483424.42000002,127064225.87,371.905,381339.29,67295.17,85.0,15.0,Cubierta (85.0% Contratos / 15.0% Bolsa),1345.90337625,500548.1951442562,770074.1463939603,708468.2146824435,-61605.93171151681,61605.93171151681,7.999999999999997
2026-11-04,4,2026-11-01,True,VALLE,21977284.24,448634.45875,195483424.42000002,127064225.87,371.905,381339.29,67295.17,85.0,15.0,Cubierta (85.0% Contratos / 15.0% Bolsa),1345.90337625,500548.1951442562,770074.1463939603,708468.2146824435,-61605.93171151681,61605.93171151681,7.999999999999997
2026-11-04,4,2026-11-01,True,SANTANDER,17153451.24,448634.45875,195483424.42000002,127064225.87,371.905,381339.29,67295.17,85.0,15.0,Cubierta (85.0% Contratos / 15.0% Bolsa),1345.90337625,500548.1951442562,770074.1463939603,708468.2146824435,-61605.93171151681,61605.93171151681,7.999999999999997
2026-11-04,4,2026-11-01,True,CUNDINAMARCA,11189003.21,448634.45875,195483424.42000002,127064225.87,371.905,381339.29,67295.17,85.0,15.0,Cubierta (85.0% Contratos / 15.0% Bolsa),1345.90337625,500548.1951442562,770074.1463939603,708468.2146824435,-61605.93171151681,61605.93171151681,7.999999999999997
2026-11-04,4,2026-11-01,True,TOLIMA,9376588.23,448634.45875,195483424.42000002,127064225.87,371.905,381339.29,67295.17,85.0,15.0,Cubierta (85.0% Contratos / 15.0% Bolsa),1345.90337625,500548.1951442562,770074.1463939603,708468.2146824435,-61605.93171151681,61605.93171151681,7.999999999999997
2026-11-05,5,2026-11-01,True,ANTIOQUIA,31136544.1,448705.65625,195514447.42000002,127084390.82,371.5208,381399.81,67305.85,85.0,15.0,Cubierta (85.0% Contratos / 15.0% Bolsa),1346.11696875,500110.453123575,769400.6971313552,707848.6413608468,-61552.05577050836,61552.05577050836,7.999999999999993
2026-11-05,5,2026-11-01,True,BOGOTA,42863702.49,448705.65625,195514447.42000002,127084390.82,371.5208,381399.81,67305.85,85.0,15.0,Cubierta (85.0% Contratos / 15.0% Bolsa),1346.11696875,500110.453123575,769400.6971313552,707848.6413608468,-61552.05577050836,61552.05577050836,7.999999999999993
2026-11-05,5,2026-11-01,True,CARIBE_MAR,34736751.65,448705.65625,195514447.42000002,127084390.82,371.5208,381399.81,67305.85,85.0,15.0,Cubierta (85.0% Contratos / 15.0% Bolsa),1346.11696875,500110.453123575,769400.6971313552,707848.6413608468,-61552.05577050836,61552.05577050836,7.999999999999993
2026-11-05,5,2026-11-01,True,CARIBE_SOL,26977498.97,448705.65625,195514447.42000002,127084390.82,371.5208,381399.81,67305.85,85.0,15.0,Cubierta (85.0% Contratos / 15.0% Bolsa),1346.11696875,500110.453123575,769400.6971313552,707848.6413608468,-61552.05577050836,61552.05577050836,7.999999999999993
2026-11-05,5,2026-11-01,True,VALLE,22194168.11,448705.65625,195514447.42000002,127084390.82,371.5208,381399.81,67305.85,85.0,15.0,Cubierta (85.0% Contratos / 15.0% Bolsa),1346.11696875,500110.453123575,769400.6971313552,707848.6413608468,-61552.05577050836,61552.05577050836,7.999999999999993
2026-11-05,5,2026-11-01,True,SANTANDER,17448857.16,448705.65625,195514447.42000002,127084390.82,371.5208,381399.81,67305.85,85.0,15.0,Cubierta (85.0% Contratos / 15.0% Bolsa),1346.11696875,500110.453123575,769400.6971313552,707848.6413608468,-61552.05577050836,61552.05577050836,7.999999999999993
2026-11-05,5,2026-11-01,True,CUNDINAMARCA,10929524.08,448705.65625,195514447.42000002,127084390.82,371.5208,381399.81,67305.85,85.0,15.0,Cubierta (85.0% Contratos / 15.0% Bolsa),1346.11696875,500110.453123575,769400.6971313552,707848.6413608468,-61552.05577050836,61552.05577050836,7.999999999999993
2026-11-05,5,2026-11-01,True,TOLIMA,9227400.86,448705.65625,195514447.42000002,127084390.82,371.5208,381399.81,67305.85,85.0,15.0,Cubierta (85.0% Contratos / 15.0% Bolsa),1346.11696875,500110.453123575,769400.6971313552,707848.6413608468,-61552.05577050836,61552.05577050836,7.999999999999993
2026-11-06,6,2026-11-01,True,ANTIOQUIA,31282891.22,451662.05,196802636.37,127921713.64,371.1708,383912.74,67749.31,85.0,15.0,Cubierta (85.0% Contratos / 15.0% Bolsa),1354.98615,502931.29328442,773740.4512098242,711841.2151130383,-61899.23609678587,61899.23609678587,7.999999999999992
2026-11-06,6,2026-11-01,True,BOGOTA,43627615.86,451662.05,196802636.37,127921713.64,371.1708,383912.74,67749.31,85.0,15.0,Cubierta (85.0% Contratos / 15.0% Bolsa),1354.98615,502931.29328442,773740.4512098242,711841.2151130383,-61899.23609678587,61899.23609678587,7.999999999999992
2026-11-06,6,2026-11-01,True,CARIBE_MAR,34717454.53,451662.05,196802636.37,127921713.64,371.1708,383912.74,67749.31,85.0,15.0,Cubierta (85.0% Contratos / 15.0% Bolsa),1354.98615,502931.29328442,773740.4512098242,711841.2151130383,-61899.23609678587,61899.23609678587,7.999999999999992
2026-11-06,6,2026-11-01,True,CARIBE_SOL,27614833.02,451662.05,196802636.37,127921713.64,371.1708,383912.74,67749.31,85.0,15.0,Cubierta (85.0% Contratos / 15.0% Bolsa),1354.98615,502931.29328442,773740.4512098242,711841.2151130383,-61899.23609678587,61899.23609678587,7.999999999999992
2026-11-06,6,2026-11-01,True,VALLE,22095986.04,451662.05,196802636.37,127921713.64,371.1708,383912.74,67749.31,85.0,15.0,Cubierta (85.0% Contratos / 15.0% Bolsa),1354.98615,502931.29328442,773740.4512098242,711841.2151130383,-61899.23609678587,61899.23609678587,7.999999999999992
2026-11-06,6,2026-11-01,True,SANTANDER,17140569.24,451662.05,196802636.37,127921713.64,371.1708,383912.74,67749.31,85.0,15.0,Cubierta (85.0% Contratos / 15.0% Bolsa),1354.98615,502931.29328442,773740.4512098242,711841.2151130383,-61899.23609678587,61899.23609678587,7.999999999999992
2026-11-06,6,2026-11-01,True,CUNDINAMARCA,11105545.24,451662.05,196802636.37,127921713.64,371.1708,383912.74,67749.31,85.0,15.0,Cubierta (85.0% Contratos / 15.0% Bolsa),1354.98615,502931.29328442,773740.4512098242,711841.2151130383,-61899.23609678587,61899.23609678587,7.999999999999992
2026-11-06,6,2026-11-01,True,TOLIMA,9217741.22,451662.05,196802636.37,127921713.64,371.1708,383912.74,67749.31,85.0,15.0,Cubierta (85.0% Contratos / 15.0% Bolsa),1354.98615,502931.29328442,773740.4512098242,711841.2151130383,-61899.23609678587,61899.23609678587,7.999999999999992
2026-11-07,7,2026-11-01,True,ANTIOQUIA,25633471.67,317259.64,163958470.10000002,106573005.57,370.8651,269670.69,47588.95,85.0,15.0,Cubierta (85.0% Contratos / 15.0% Bolsa),951.7789200000001,352981.584343692,543048.5912725101,499604.70397070935,-43443.88730180077,43443.88730180077,7.999999999999993
2026-11-07,7,2026-11-01,True,BOGOTA,35926448.85,317259.64,163958470.10000002,106573005.57,370.8651,269670.69,47588.95,85.0,15.0,Cubierta (85.0% Contratos / 15.0% Bolsa),951.7789200000001,352981.584343692,543048.5912725101,499604.70397070935,-43443.88730180077,43443.88730180077,7.999999999999993
2026-11-07,7,2026-11-01,True,CARIBE_MAR,28981946.66,317259.64,163958470.10000002,106573005.57,370.8651,269670.69,47588.95,85.0,15.0,Cubierta (85.0% Contratos / 15.0% Bolsa),951.7789200000001,352981.584343692,543048.5912725101,499604.70397070935,-43443.88730180077,43443.88730180077,7.999999999999993
2026-11-07,7,2026-11-01,True,CARIBE_SOL,22864060.16,317259.64,163958470.10000002,106573005.57,370.8651,269670.69,47588.95,85.0,15.0,Cubierta (85.0% Contratos / 15.0% Bolsa),951.7789200000001,352981.584343692,543048.5912725101,499604.70397070935,-43443.88730180077,43443.88730180077,7.999999999999993
2026-11-07,7,2026-11-01,True,VALLE,18725219.46,317259.64,163958470.10000002,106573005.57,370.8651,269670.69,47588.95,85.0,15.0,Cubierta (85.0% Contratos / 15.0% Bolsa),951.7789200000001,352981.584343692,543048.5912725101,499604.70397070935,-43443.88730180077,43443.88730180077,7.999999999999993
2026-11-07,7,2026-11-01,True,SANTANDER,14509026.81,317259.64,163958470.10000002,106573005.57,370.8651,269670.69,47588.95,85.0,15.0,Cubierta (85.0% Contratos / 15.0% Bolsa),951.7789200000001,352981.584343692,543048.5912725101,499604.70397070935,-43443.88730180077,43443.88730180077,7.999999999999993
2026-11-07,7,2026-11-01,True,CUNDINAMARCA,9472405.88,317259.64,163958470.10000002,106573005.57,370.8651,269670.69,47588.95,85.0,15.0,Cubierta (85.0% Contratos / 15.0% Bolsa),951.7789200000001,352981.584343692,543048.5912725101,499604.70397070935,-43443.88730180077,43443.88730180077,7.999999999999993
2026-11-07,7,2026-11-01,True,TOLIMA,7845890.61,317259.64,163958470.10000002,106573005.57,370.8651,269670.69,47588.95,85.0,15.0,Cubierta (85.0% Contratos / 15.0% Bolsa),951.7789200000001,352981.584343692,543048.5912725101,499604.70397070935,-43443.88730180077,43443.88730180077,7.999999999999993
2026-11-08,8,2026-11-01,True,ANTIOQUIA,25793803.35,317605.305,164137108.73000002,106689120.67,370.6131,269964.51,47640.8,85.0,15.0,Cubierta (85.0% Contratos / 15.0% Bolsa),952.815915,353126.05998748646,543270.8615421244,499809.19261875446,-43461.66892336996,43461.66892336996,8.0
2026-11-08,8,2026-11-01,True,BOGOTA,36079381.45,317605.305,164137108.73000002,106689120.67,370.6131,269964.51,47640.8,85.0,15.0,Cubierta (85.0% Contratos / 15.0% Bolsa),952.815915,353126.05998748646,543270.8615421244,499809.19261875446,-43461.66892336996,43461.66892336996,8.0
2026-11-08,8,2026-11-01,True,CARIBE_MAR,29175973.66,317605.305,164137108.73000002,106689120.67,370.6131,269964.51,47640.8,85.0,15.0,Cubierta (85.0% Contratos / 15.0% Bolsa),952.815915,353126.05998748646,543270.8615421244,499809.19261875446,-43461.66892336996,43461.66892336996,8.0
2026-11-08,8,2026-11-01,True,CARIBE_SOL,22769572.49,317605.305,164137108.73000002,106689120.67,370.6131,269964.51,47640.8,85.0,15.0,Cubierta (85.0% Contratos / 15.0% Bolsa),952.815915,353126.05998748646,543270.8615421244,499809.19261875446,-43461.66892336996,43461.66892336996,8.0
2026-11-08,8,2026-11-01,True,VALLE,18688814.29,317605.305,164137108.73000002,106689120.67,370.6131,269964.51,47640.8,85.0,15.0,Cubierta (85.0% Contratos / 15.0% Bolsa),952.815915,353126.05998748646,543270.8615421244,499809.19261875446,-43461.66892336996,43461.66892336996,8.0
2026-11-08,8,2026-11-01,True,SANTANDER,14581386.08,317605.305,164137108.73000002,106689120.67,370.6131,269964.51,47640.8,85.0,15.0,Cubierta (85.0% Contratos / 15.0% Bolsa),952.815915,353126.05998748646,543270.8615421244,499809.19261875446,-43461.66892336996,43461.66892336996,8.0
2026-11-08,8,2026-11-01,True,CUNDINAMARCA,9330643.31,317605.305,164137108.73000002,106689120.67,370.6131,269964.51,47640.8,85.0,15.0,Cubierta (85.0% Contratos / 15.0% Bolsa),952.815915,353126.05998748646,543270.8615421244,499809.19261875446,-43461.66892336996,43461.66892336996,8.0
2026-11-08,8,2026-11-01,True,TOLIMA,7717534.1,317605.305,164137108.73000002,106689120.67,370.6131,269964.51,47640.8,85.0,15.0,Cubierta (85.0% Contratos / 15.0% Bolsa),952.815915,353126.05998748646,543270.8615421244,499809.19261875446,-43461.66892336996,43461.66892336996,8.0
2026-11-09,9,2026-11-01,True,ANTIOQUIA,30817655.69,447878.01625,195153819.83,126849982.89,370.4228,380696.31,67181.7,85.0,15.0,Cubierta (85.0% Contratos / 15.0% Bolsa),1343.63404875,497712.68651331146,765711.8254020765,704454.8793699103,-61256.94603216613,61256.94603216613,8.000000000000002
2026-11-09,9,2026-11-01,True,BOGOTA,43539753.08,447878.01625,195153819.83,126849982.89,370.4228,380696.31,67181.7,85.0,15.0,Cubierta (85.0% Contratos / 15.0% Bolsa),1343.63404875,497712.68651331146,765711.8254020765,704454.8793699103,-61256.94603216613,61256.94603216613,8.000000000000002
2026-11-09,9,2026-11-01,True,CARIBE_MAR,34278901.5,447878.01625,195153819.83,126849982.89,370.4228,380696.31,67181.7,85.0,15.0,Cubierta (85.0% Contratos / 15.0% Bolsa),1343.63404875,497712.68651331146,765711.8254020765,704454.8793699103,-61256.94603216613,61256.94603216613,8.000000000000002
2026-11-09,9,2026-11-01,True,CARIBE_SOL,26782532.94,447878.01625,195153819.83,126849982.89,370.4228,380696.31,67181.7,85.0,15.0,Cubierta (85.0% Contratos / 15.0% Bolsa),1343.63404875,497712.68651331146,765711.8254020765,704454.8793699103,-61256.94603216613,61256.94603216613,8.000000000000002
2026-11-09,9,2026-11-01,True,VALLE,22065466.19,447878.01625,195153819.83,126849982.89,370.4228,380696.31,67181.7,85.0,15.0,Cubierta (85.0% Contratos / 15.0% Bolsa),1343.63404875,497712.68651331146,765711.8254020765,704454.8793699103,-61256.94603216613,61256.94603216613,8.000000000000002
2026-11-09,9,2026-11-01,True,SANTANDER,17122435.37,447878.01625,195153819.83,126849982.89,370.4228,380696.31,67181.7,85.0,15.0,Cubierta (85.0% Contratos / 15.0% Bolsa),1343.63404875,497712.68651331146,765711.8254020765,704454.8793699103,-61256.94603216613,61256.94603216613,8.000000000000002
2026-11-09,9,2026-11-01,True,CUNDINAMARCA,11280042.87,447878.01625,195153819.83,126849982.89,370.4228,380696.31,67181.7,85.0,15.0,Cubierta (85.0% Contratos / 15.0% Bolsa),1343.63404875,497712.68651331146,765711.8254020765,704454.8793699103,-61256.94603216613,61256.94603216613,8.000000000000002
2026-11-09,9,2026-11-01,True,TOLIMA,9267032.19,447878.01625,195153819.83,126849982.89,370.4228,380696.31,67181.7,85.0,15.0,Cubierta (85.0% Contratos / 15.0% Bolsa),1343.63404875,497712.68651331146,765711.8254020765,704454.8793699103,-61256.94603216613,61256.94603216613,8.000000000000002
2026-11-10,10,2026-11-01,True,ANTIOQUIA,31051791.42,449059.395,195668581.86,127184578.21,370.3013,381700.49,67358.91,85.0,15.0,Cubierta (85.0% Contratos / 15.0% Bolsa),1347.178185,498861.83323714056,767479.7434357206,706081.363960863,-61398.37947485759,61398.37947485759,7.999999999999993
2026-11-10,10,2026-11-01,True,BOGOTA,42999412.83,449059.395,195668581.86,127184578.21,370.3013,381700.49,67358.91,85.0,15.0,Cubierta (85.0% Contratos / 15.0% Bolsa),1347.178185,498861.83323714056,767479.7434357206,706081.363960863,-61398.37947485759,61398.37947485759,7.999999999999993
2026-11-10,10,2026-11-01,True,CARIBE_MAR,34668801.07,449059.395,195668581.86,127184578.21,370.3013,381700.49,67358.91,85.0,15.0,Cubierta (85.0% Contratos / 15.0% Bolsa),1347.178185,498861.83323714056,767479.7434357206,706081.363960863,-61398.37947485759,61398.37947485759,7.999999999999993
2026-11-10,10,2026-11-01,True,CARIBE_SOL,27010442.19,449059.395,195668581.86,127184578.21,370.3013,381700.49,67358.91,85.0,15.0,Cubierta (85.0% Contratos / 15.0% Bolsa),1347.178185,498861.83323714056,767479.7434357206,706081.363960863,-61398.37947485759,61398.37947485759,7.999999999999993
2026-11-10,10,2026-11-01,True,VALLE,22155036.21,449059.395,195668581.86,127184578.21,370.3013,381700.49,67358.91,85.0,15.0,Cubierta (85.0% Contratos / 15.0% Bolsa),1347.178185,498861.83323714056,767479.7434357206,706081.363960863,-61398.37947485759,61398.37947485759,7.999999999999993
2026-11-10,10,2026-11-01,True,SANTANDER,17385256.15,449059.395,195668581.86,127184578.21,370.3013,381700.49,67358.91,85.0,15.0,Cubierta (85.0% Contratos / 15.0% Bolsa),1347.178185,498861.83323714056,767479.7434357206,706081.363960863,-61398.37947485759,61398.37947485759,7.999999999999993
2026-11-10,10,2026-11-01,True,CUNDINAMARCA,11238138.15,449059.395,195668581.86,127184578.21,370.3013,381700.49,67358.91,85.0,15.0,Cubierta (85.0% Contratos / 15.0% Bolsa),1347.178185,498861.83323714056,767479.7434357206,706081.363960863,-61398.37947485759,61398.37947485759,7.999999999999993
2026-11-10,10,2026-11-01,True,TOLIMA,9159703.84,449059.395,195668581.86,127184578.21,370.3013,381700.49,67358.91,85.0,15.0,Cubierta (85.0% Contratos / 15.0% Bolsa),1347.178185,498861.83323714056,767479.7434357206,706081.363960863,-61398.37947485759,61398.37947485759,7.999999999999993
2026-11-11,11,2026-11-01,True,ANTIOQUIA,30883650.04,450668.0225,196369508.8,127640180.72,370.2541,383067.82,67600.2,85.0,15.0,Cubierta (85.0% Contratos / 15.0% Bolsa),1352.0040675,500585.04920855176,770130.8449362336,708520.3773413349,-61610.467594898655,61610.467594898655,7.9999999999999964
2026-11-11,11,2026-11-01,True,BOGOTA,43562334.21,450668.0225,196369508.8,127640180.72,370.2541,383067.82,67600.2,85.0,15.0,Cubierta (85.0% Contratos / 15.0% Bolsa),1352.0040675,500585.04920855176,770130.8449362336,708520.3773413349,-61610.467594898655,61610.467594898655,7.9999999999999964
2026-11-11,11,2026-11-01,True,CARIBE_MAR,34849520.15,450668.0225,196369508.8,127640180.72,370.2541,383067.82,67600.2,85.0,15.0,Cubierta (85.0% Contratos / 15.0% Bolsa),1352.0040675,500585.04920855176,770130.8449362336,708520.3773413349,-61610.467594898655,61610.467594898655,7.9999999999999964
2026-11-11,11,2026-11-01,True,CARIBE_SOL,27075155.27,450668.0225,196369508.8,127640180.72,370.2541,383067.82,67600.2,85.0,15.0,Cubierta (85.0% Contratos / 15.0% Bolsa),1352.0040675,500585.04920855176,770130.8449362336,708520.3773413349,-61610.467594898655,61610.467594898655,7.9999999999999964
2026-11-11,11,2026-11-01,True,VALLE,22164122.96,450668.0225,196369508.8,127640180.72,370.2541,383067.82,67600.2,85.0,15.0,Cubierta (85.0% Contratos / 15.0% Bolsa),1352.0040675,500585.04920855176,770130.8449362336,708520.3773413349,-61610.467594898655,61610.467594898655,7.9999999999999964
2026-11-11,11,2026-11-01,True,SANTANDER,17459018.23,450668.0225,196369508.8,127640180.72,370.2541,383067.82,67600.2,85.0,15.0,Cubierta (85.0% Contratos / 15.0% Bolsa),1352.0040675,500585.04920855176,770130.8449362336,708520.3773413349,-61610.467594898655,61610.467594898655,7.9999999999999964
2026-11-11,11,2026-11-01,True,CUNDINAMARCA,11121367.17,450668.0225,196369508.8,127640180.72,370.2541,383067.82,67600.2,85.0,15.0,Cubierta (85.0% Contratos / 15.0% Bolsa),1352.0040675,500585.04920855176,770130.8449362336,708520.3773413349,-61610.467594898655,61610.467594898655,7.9999999999999964
2026-11-11,11,2026-11-01,True,TOLIMA,9254340.77,450668.0225,196369508.8,127640180.72,370.2541,383067.82,67600.2,85.0,15.0,Cubierta (85.0% Contratos / 15.0% Bolsa),1352.0040675,500585.04920855176,770130.8449362336,708520.3773413349,-61610.467594898655,61610.467594898655,7.9999999999999964
2026-11-12,12,2026-11-01,True,ANTIOQUIA,30362226.64,448010.6075,195211593.82999995,126887535.99,370.2852,380809.02,67201.59,85.0,15.0,Cubierta (85.0% Contratos / 15.0% Bolsa),1344.0318225,497675.092200777,765653.9879981781,704401.6689583239,-61252.31903985422,61252.31903985422,7.9999999999999964
2026-11-12,12,2026-11-01,True,BOGOTA,43331496.71,448010.6075,195211593.82999995,126887535.99,370.2852,380809.02,67201.59,85.0,15.0,Cubierta (85.0% Contratos / 15.0% Bolsa),1344.0318225,497675.092200777,765653.9879981781,704401.6689583239,-61252.31903985422,61252.31903985422,7.9999999999999964
2026-11-12,12,2026-11-01,True,CARIBE_MAR,34562473.31,448010.6075,195211593.82999995,126887535.99,370.2852,380809.02,67201.59,85.0,15.0,Cubierta (85.0% Contratos / 15.0% Bolsa),1344.0318225,497675.092200777,765653.9879981781,704401.6689583239,-61252.31903985422,61252.31903985422,7.9999999999999964
2026-11-12,12,2026-11-01,True,CARIBE_SOL,27167565.76,448010.6075,195211593.82999995,126887535.99,370.2852,380809.02,67201.59,85.0,15.0,Cubierta (85.0% Contratos / 15.0% Bolsa),1344.0318225,497675.092200777,765653.9879981781,704401.6689583239,-61252.31903985422,61252.31903985422,7.9999999999999964
2026-11-12,12,2026-11-01,True,VALLE,22166065.44,448010.6075,195211593.82999995,126887535.99,370.2852,380809.02,67201.59,85.0,15.0,Cubierta (85.0% Contratos / 15.0% Bolsa),1344.0318225,497675.092200777,765653.9879981781,704401.6689583239,-61252.31903985422,61252.31903985422,7.9999999999999964
2026-11-12,12,2026-11-01,True,SANTANDER,17192389.79,448010.6075,195211593.82999995,126887535.99,370.2852,380809.02,67201.59,85.0,15.0,Cubierta (85.0% Contratos / 15.0% Bolsa),1344.0318225,497675.092200777,765653.9879981781,704401.6689583239,-61252.31903985422,61252.31903985422,7.9999999999999964
2026-11-12,12,2026-11-01,True,CUNDINAMARCA,11012038.26,448010.6075,195211593.82999995,126887535.99,370.2852,380809.02,67201.59,85.0,15.0,Cubierta (85.0% Contratos / 15.0% Bolsa),1344.0318225,497675.092200777,765653.9879981781,704401.6689583239,-61252.31903985422,61252.31903985422,7.9999999999999964
2026-11-12,12,2026-11-01,True,TOLIMA,9417337.92,448010.6075,195211593.82999995,126887535.99,370.2852,380809.02,67201.59,85.0,15.0,Cubierta (85.0% Contratos / 15.0% Bolsa),1344.0318225,497675.092200777,765653.9879981781,704401.6689583239,-61252.31903985422,61252.31903985422,7.9999999999999964
2026-11-13,13,2026-11-01,True,ANTIOQUIA,30661258.77,446857.3475,194709083.62999997,126560904.36,370.3969,379828.75,67028.6,85.0,15.0,Cubierta (85.0% Contratos / 15.0% Bolsa),1340.5720425,496543.72876866825,763913.4288718561,702800.3545621076,-61113.07430974848,61113.07430974848,7.999999999999999
2026-11-13,13,2026-11-01,True,BOGOTA,42744298.01,446857.3475,194709083.62999997,126560904.36,370.3969,379828.75,67028.6,85.0,15.0,Cubierta (85.0% Contratos / 15.0% Bolsa),1340.5720425,496543.72876866825,763913.4288718561,702800.3545621076,-61113.07430974848,61113.07430974848,7.999999999999999
2026-11-13,13,2026-11-01,True,CARIBE_MAR,34401741.54,446857.3475,194709083.62999997,126560904.36,370.3969,379828.75,67028.6,85.0,15.0,Cubierta (85.0% Contratos / 15.0% Bolsa),1340.5720425,496543.72876866825,763913.4288718561,702800.3545621076,-61113.07430974848,61113.07430974848,7.999999999999999
2026-11-13,13,2026-11-01,True,CARIBE_SOL,27190394.86,446857.3475,194709083.62999997,126560904.36,370.3969,379828.75,67028.6,85.0,15.0,Cubierta (85.0% Contratos / 15.0% Bolsa),1340.5720425,496543.72876866825,763913.4288718561,702800.3545621076,-61113.07430974848,61113.07430974848,7.999999999999999
2026-11-13,13,2026-11-01,True,VALLE,22126795.2,446857.3475,194709083.62999997,126560904.36,370.3969,379828.75,67028.6,85.0,15.0,Cubierta (85.0% Contratos / 15.0% Bolsa),1340.5720425,496543.72876866825,763913.4288718561,702800.3545621076,-61113.07430974848,61113.07430974848,7.999999999999999
2026-11-13,13,2026-11-01,True,SANTANDER,17325431.14,446857.3475,194709083.62999997,126560904.36,370.3969,379828.75,67028.6,85.0,15.0,Cubierta (85.0% Contratos / 15.0% Bolsa),1340.5720425,496543.72876866825,763913.4288718561,702800.3545621076,-61113.07430974848,61113.07430974848,7.999999999999999
2026-11-13,13,2026-11-01,True,CUNDINAMARCA,11144799.23,446857.3475,194709083.62999997,126560904.36,370.3969,379828.75,67028.6,85.0,15.0,Cubierta (85.0% Contratos / 15.0% Bolsa),1340.5720425,496543.72876866825,763913.4288718561,702800.3545621076,-61113.07430974848,61113.07430974848,7.999999999999999
2026-11-13,13,2026-11-01,True,TOLIMA,9114364.88,446857.3475,194709083.62999997,126560904.36,370.3969,379828.75,67028.6,85.0,15.0,Cubierta (85.0% Contratos / 15.0% Bolsa),1340.5720425,496543.72876866825,763913.4288718561,702800.3545621076,-61113.07430974848,61113.07430974848,7.999999999999999
2026-11-14,14,2026-11-01,True,ANTIOQUIA,25771600.69,319565.62375,165150193.12,107347625.53,370.5902,271630.78,47934.84,85.0,15.0,Cubierta (85.0% Contratos / 15.0% Bolsa),958.6968712500001,355283.66525591176,546590.2542296808,502863.0338913063,-43727.220338374435,43727.220338374435,7.9999999999999964
2026-11-14,14,2026-11-01,True,BOGOTA,36157383.49,319565.62375,165150193.12,107347625.53,370.5902,271630.78,47934.84,85.0,15.0,Cubierta (85.0% Contratos / 15.0% Bolsa),958.6968712500001,355283.66525591176,546590.2542296808,502863.0338913063,-43727.220338374435,43727.220338374435,7.9999999999999964
2026-11-14,14,2026-11-01,True,CARIBE_MAR,29417286.94,319565.62375,165150193.12,107347625.53,370.5902,271630.78,47934.84,85.0,15.0,Cubierta (85.0% Contratos / 15.0% Bolsa),958.6968712500001,355283.66525591176,546590.2542296808,502863.0338913063,-43727.220338374435,43727.220338374435,7.9999999999999964
2026-11-14,14,2026-11-01,True,CARIBE_SOL,23192274.94,319565.62375,165150193.12,107347625.53,370.5902,271630.78,47934.84,85.0,15.0,Cubierta (85.0% Contratos / 15.0% Bolsa),958.6968712500001,355283.66525591176,546590.2542296808,502863.0338913063,-43727.220338374435,43727.220338374435,7.9999999999999964
2026-11-14,14,2026-11-01,True,VALLE,18740562.07,319565.62375,165150193.12,107347625.53,370.5902,271630.78,47934.84,85.0,15.0,Cubierta (85.0% Contratos / 15.0% Bolsa),958.6968712500001,355283.66525591176,546590.2542296808,502863.0338913063,-43727.220338374435,43727.220338374435,7.9999999999999964
2026-11-14,14,2026-11-01,True,SANTANDER,14601825.46,319565.62375,165150193.12,107347625.53,370.5902,271630.78,47934.84,85.0,15.0,Cubierta (85.0% Contratos / 15.0% Bolsa),958.6968712500001,355283.66525591176,546590.2542296808,502863.0338913063,-43727.220338374435,43727.220338374435,7.9999999999999964
2026-11-14,14,2026-11-01,True,CUNDINAMARCA,9437174.33,319565.62375,165150193.12,107347625.53,370.5902,271630.78,47934.84,85.0,15.0,Cubierta (85.0% Contratos / 15.0% Bolsa),958.6968712500001,355283.66525591176,546590.2542296808,502863.0338913063,-43727.220338374435,43727.220338374435,7.9999999999999964
2026-11-14,14,2026-11-01,True,TOLIMA,7832085.2,319565.62375,165150193.12,107347625.53,370.5902,271630.78,47934.84,85.0,15.0,Cubierta (85.0% Contratos / 15.0% Bolsa),958.6968712500001,355283.66525591176,546590.2542296808,502863.0338913063,-43727.220338374435,43727.220338374435,7.9999999999999964
2026-11-15,15,2026-11-01,True,ANTIOQUIA,25966830.32,318912.6475,164812737.98,107128279.69,370.8641,271075.75,47836.9,85.0,15.0,Cubierta (85.0% Contratos / 15.0% Bolsa),956.7379425,354819.7559811143,545876.5476479662,502206.4238361289,-43670.123811837286,43670.123811837286,7.999999999999999
2026-11-15,15,2026-11-01,True,BOGOTA,36164786.49,318912.6475,164812737.98,107128279.69,370.8641,271075.75,47836.9,85.0,15.0,Cubierta (85.0% Contratos / 15.0% Bolsa),956.7379425,354819.7559811143,545876.5476479662,502206.4238361289,-43670.123811837286,43670.123811837286,7.999999999999999
2026-11-15,15,2026-11-01,True,CARIBE_MAR,28952959.49,318912.6475,164812737.98,107128279.69,370.8641,271075.75,47836.9,85.0,15.0,Cubierta (85.0% Contratos / 15.0% Bolsa),956.7379425,354819.7559811143,545876.5476479662,502206.4238361289,-43670.123811837286,43670.123811837286,7.999999999999999
2026-11-15,15,2026-11-01,True,CARIBE_SOL,23167381.74,318912.6475,164812737.98,107128279.69,370.8641,271075.75,47836.9,85.0,15.0,Cubierta (85.0% Contratos / 15.0% Bolsa),956.7379425,354819.7559811143,545876.5476479662,502206.4238361289,-43670.123811837286,43670.123811837286,7.999999999999999
2026-11-15,15,2026-11-01,True,VALLE,18732304.25,318912.6475,164812737.98,107128279.69,370.8641,271075.75,47836.9,85.0,15.0,Cubierta (85.0% Contratos / 15.0% Bolsa),956.7379425,354819.7559811143,545876.5476479662,502206.4238361289,-43670.123811837286,43670.123811837286,7.999999999999999
2026-11-15,15,2026-11-01,True,SANTANDER,14694786.67,318912.6475,164812737.98,107128279.69,370.8641,271075.75,47836.9,85.0,15.0,Cubierta (85.0% Contratos / 15.0% Bolsa),956.7379425,354819.7559811143,545876.5476479662,502206.4238361289,-43670.123811837286,43670.123811837286,7.999999999999999
2026-11-15,15,2026-11-01,True,CUNDINAMARCA,9292371.09,318912.6475,164812737.98,107128279.69,370.8641,271075.75,47836.9,85.0,15.0,Cubierta (85.0% Contratos / 15.0% Bolsa),956.7379425,354819.7559811143,545876.5476479662,502206.4238361289,-43670.123811837286,43670.123811837286,7.999999999999999
2026-11-15,15,2026-11-01,True,TOLIMA,7841317.93,318912.6475,164812737.98,107128279.69,370.8641,271075.75,47836.9,85.0,15.0,Cubierta (85.0% Contratos / 15.0% Bolsa),956.7379425,354819.7559811143,545876.5476479662,502206.4238361289,-43670.123811837286,43670.123811837286,7.999999999999999
2026-11-16,16,2026-11-01,True,ANTIOQUIA,31438794.8,449369.99625,195803920.14000002,127272548.09,371.2161,381964.5,67405.5,85.0,15.0,Cubierta (85.0% Contratos / 15.0% Bolsa),1348.1099887500002,500440.13239481894,769907.8959980785,708315.2643182323,-61592.63167984621,61592.63167984621,7.99999999999999
2026-11-16,16,2026-11-01,True,BOGOTA,43032005.6,449369.99625,195803920.14000002,127272548.09,371.2161,381964.5,67405.5,85.0,15.0,Cubierta (85.0% Contratos / 15.0% Bolsa),1348.1099887500002,500440.13239481894,769907.8959980785,708315.2643182323,-61592.63167984621,61592.63167984621,7.99999999999999
2026-11-16,16,2026-11-01,True,CARIBE_MAR,34034879.27,449369.99625,195803920.14000002,127272548.09,371.2161,381964.5,67405.5,85.0,15.0,Cubierta (85.0% Contratos / 15.0% Bolsa),1348.1099887500002,500440.13239481894,769907.8959980785,708315.2643182323,-61592.63167984621,61592.63167984621,7.99999999999999
2026-11-16,16,2026-11-01,True,CARIBE_SOL,27009880.74,449369.99625,195803920.14000002,127272548.09,371.2161,381964.5,67405.5,85.0,15.0,Cubierta (85.0% Contratos / 15.0% Bolsa),1348.1099887500002,500440.13239481894,769907.8959980785,708315.2643182323,-61592.63167984621,61592.63167984621,7.99999999999999
2026-11-16,16,2026-11-01,True,VALLE,22558890.11,449369.99625,195803920.14000002,127272548.09,371.2161,381964.5,67405.5,85.0,15.0,Cubierta (85.0% Contratos / 15.0% Bolsa),1348.1099887500002,500440.13239481894,769907.8959980785,708315.2643182323,-61592.63167984621,61592.63167984621,7.99999999999999
2026-11-16,16,2026-11-01,True,SANTANDER,17436672.58,449369.99625,195803920.14000002,127272548.09,371.2161,381964.5,67405.5,85.0,15.0,Cubierta (85.0% Contratos / 15.0% Bolsa),1348.1099887500002,500440.13239481894,769907.8959980785,708315.2643182323,-61592.63167984621,61592.63167984621,7.99999999999999
2026-11-16,16,2026-11-01,True,CUNDINAMARCA,10990235.63,449369.99625,195803920.14000002,127272548.09,371.2161,381964.5,67405.5,85.0,15.0,Cubierta (85.0% Contratos / 15.0% Bolsa),1348.1099887500002,500440.13239481894,769907.8959980785,708315.2643182323,-61592.63167984621,61592.63167984621,7.99999999999999
2026-11-16,16,2026-11-01,True,TOLIMA,9302561.41,449369.99625,195803920.14000002,127272548.09,371.2161,381964.5,67405.5,85.0,15.0,Cubierta (85.0% Contratos / 15.0% Bolsa),1348.1099887500002,500440.13239481894,769907.8959980785,708315.2643182323,-61592.63167984621,61592.63167984621,7.99999999999999
2026-11-17,17,2026-11-01,True,ANTIOQUIA,30873521.77,451147.835,196578577.4,127776075.31,371.642,383475.66,67672.18,85.0,15.0,Cubierta (85.0% Contratos / 15.0% Bolsa),1353.4435050000002,502996.4510852101,773840.6939772463,711933.4384590667,-61907.25551817962,61907.25551817962,7.999999999999989
2026-11-17,17,2026-11-01,True,BOGOTA,43827025.66,451147.835,196578577.4,127776075.31,371.642,383475.66,67672.18,85.0,15.0,Cubierta (85.0% Contratos / 15.0% Bolsa),1353.4435050000002,502996.4510852101,773840.6939772463,711933.4384590667,-61907.25551817962,61907.25551817962,7.999999999999989
2026-11-17,17,2026-11-01,True,CARIBE_MAR,34412498.51,451147.835,196578577.4,127776075.31,371.642,383475.66,67672.18,85.0,15.0,Cubierta (85.0% Contratos / 15.0% Bolsa),1353.4435050000002,502996.4510852101,773840.6939772463,711933.4384590667,-61907.25551817962,61907.25551817962,7.999999999999989
2026-11-17,17,2026-11-01,True,CARIBE_SOL,27324699.79,451147.835,196578577.4,127776075.31,371.642,383475.66,67672.18,85.0,15.0,Cubierta (85.0% Contratos / 15.0% Bolsa),1353.4435050000002,502996.4510852101,773840.6939772463,711933.4384590667,-61907.25551817962,61907.25551817962,7.999999999999989
2026-11-17,17,2026-11-01,True,VALLE,22406025.08,451147.835,196578577.4,127776075.31,371.642,383475.66,67672.18,85.0,15.0,Cubierta (85.0% Contratos / 15.0% Bolsa),1353.4435050000002,502996.4510852101,773840.6939772463,711933.4384590667,-61907.25551817962,61907.25551817962,7.999999999999989
2026-11-17,17,2026-11-01,True,SANTANDER,17318257.1,451147.835,196578577.4,127776075.31,371.642,383475.66,67672.18,85.0,15.0,Cubierta (85.0% Contratos / 15.0% Bolsa),1353.4435050000002,502996.4510852101,773840.6939772463,711933.4384590667,-61907.25551817962,61907.25551817962,7.999999999999989
2026-11-17,17,2026-11-01,True,CUNDINAMARCA,11207694.96,451147.835,196578577.4,127776075.31,371.642,383475.66,67672.18,85.0,15.0,Cubierta (85.0% Contratos / 15.0% Bolsa),1353.4435050000002,502996.4510852101,773840.6939772463,711933.4384590667,-61907.25551817962,61907.25551817962,7.999999999999989
2026-11-17,17,2026-11-01,True,TOLIMA,9208854.53,451147.835,196578577.4,127776075.31,371.642,383475.66,67672.18,85.0,15.0,Cubierta (85.0% Contratos / 15.0% Bolsa),1353.4435050000002,502996.4510852101,773840.6939772463,711933.4384590667,-61907.25551817962,61907.25551817962,7.999999999999989
2026-11-18,18,2026-11-01,True,ANTIOQUIA,30685797.74,450731.775,196397287.74000004,127658237.03,372.1363,383122.01,67609.77,85.0,15.0,Cubierta (85.0% Contratos / 15.0% Bolsa),1352.1953250000001,503200.9651227976,774155.3309642146,712222.9044870775,-61932.42647713714,61932.42647713714,7.9999999999999964
2026-11-18,18,2026-11-01,True,BOGOTA,43314939.62,450731.775,196397287.74000004,127658237.03,372.1363,383122.01,67609.77,85.0,15.0,Cubierta (85.0% Contratos / 15.0% Bolsa),1352.1953250000001,503200.9651227976,774155.3309642146,712222.9044870775,-61932.42647713714,61932.42647713714,7.9999999999999964
2026-11-18,18,2026-11-01,True,CARIBE_MAR,34618101.58,450731.775,196397287.74000004,127658237.03,372.1363,383122.01,67609.77,85.0,15.0,Cubierta (85.0% Contratos / 15.0% Bolsa),1352.1953250000001,503200.9651227976,774155.3309642146,712222.9044870775,-61932.42647713714,61932.42647713714,7.9999999999999964
2026-11-18,18,2026-11-01,True,CARIBE_SOL,27253088.28,450731.775,196397287.74000004,127658237.03,372.1363,383122.01,67609.77,85.0,15.0,Cubierta (85.0% Contratos / 15.0% Bolsa),1352.1953250000001,503200.9651227976,774155.3309642146,712222.9044870775,-61932.42647713714,61932.42647713714,7.9999999999999964
2026-11-18,18,2026-11-01,True,VALLE,22528369.39,450731.775,196397287.74000004,127658237.03,372.1363,383122.01,67609.77,85.0,15.0,Cubierta (85.0% Contratos / 15.0% Bolsa),1352.1953250000001,503200.9651227976,774155.3309642146,712222.9044870775,-61932.42647713714,61932.42647713714,7.9999999999999964
2026-11-18,18,2026-11-01,True,SANTANDER,17543507.02,450731.775,196397287.74000004,127658237.03,372.1363,383122.01,67609.77,85.0,15.0,Cubierta (85.0% Contratos / 15.0% Bolsa),1352.1953250000001,503200.9651227976,774155.3309642146,712222.9044870775,-61932.42647713714,61932.42647713714,7.9999999999999964
2026-11-18,18,2026-11-01,True,CUNDINAMARCA,11269778.49,450731.775,196397287.74000004,127658237.03,372.1363,383122.01,67609.77,85.0,15.0,Cubierta (85.0% Contratos / 15.0% Bolsa),1352.1953250000001,503200.9651227976,774155.3309642146,712222.9044870775,-61932.42647713714,61932.42647713714,7.9999999999999964
2026-11-18,18,2026-11-01,True,TOLIMA,9183705.62,450731.775,196397287.74000004,127658237.03,372.1363,383122.01,67609.77,85.0,15.0,Cubierta (85.0% Contratos / 15.0% Bolsa),1352.1953250000001,503200.9651227976,774155.3309642146,712222.9044870775,-61932.42647713714,61932.42647713714,7.9999999999999964
2026-11-19,19,2026-11-01,True,ANTIOQUIA,30869545.52,451771.105,196850154.5,127952600.42,372.6919,384005.44,67765.67,85.0,15.0,Cubierta (85.0% Contratos / 15.0% Bolsa),1355.3133149999999,505114.2944626484,777098.9145882872,714931.0014212243,-62167.913167062914,62167.913167062914,7.999999999999992
2026-11-19,19,2026-11-01,True,BOGOTA,43325602.84,451771.105,196850154.5,127952600.42,372.6919,384005.44,67765.67,85.0,15.0,Cubierta (85.0% Contratos / 15.0% Bolsa),1355.3133149999999,505114.2944626484,777098.9145882872,714931.0014212243,-62167.913167062914,62167.913167062914,7.999999999999992
2026-11-19,19,2026-11-01,True,CARIBE_MAR,34956077.93,451771.105,196850154.5,127952600.42,372.6919,384005.44,67765.67,85.0,15.0,Cubierta (85.0% Contratos / 15.0% Bolsa),1355.3133149999999,505114.2944626484,777098.9145882872,714931.0014212243,-62167.913167062914,62167.913167062914,7.999999999999992
2026-11-19,19,2026-11-01,True,CARIBE_SOL,27198226.68,451771.105,196850154.5,127952600.42,372.6919,384005.44,67765.67,85.0,15.0,Cubierta (85.0% Contratos / 15.0% Bolsa),1355.3133149999999,505114.2944626484,777098.9145882872,714931.0014212243,-62167.913167062914,62167.913167062914,7.999999999999992
2026-11-19,19,2026-11-01,True,VALLE,22428141.58,451771.105,196850154.5,127952600.42,372.6919,384005.44,67765.67,85.0,15.0,Cubierta (85.0% Contratos / 15.0% Bolsa),1355.3133149999999,505114.2944626484,777098.9145882872,714931.0014212243,-62167.913167062914,62167.913167062914,7.999999999999992
2026-11-19,19,2026-11-01,True,SANTANDER,17558080.51,451771.105,196850154.5,127952600.42,372.6919,384005.44,67765.67,85.0,15.0,Cubierta (85.0% Contratos / 15.0% Bolsa),1355.3133149999999,505114.2944626484,777098.9145882872,714931.0014212243,-62167.913167062914,62167.913167062914,7.999999999999992
2026-11-19,19,2026-11-01,True,CUNDINAMARCA,11088664.64,451771.105,196850154.5,127952600.42,372.6919,384005.44,67765.67,85.0,15.0,Cubierta (85.0% Contratos / 15.0% Bolsa),1355.3133149999999,505114.2944626484,777098.9145882872,714931.0014212243,-62167.913167062914,62167.913167062914,7.999999999999992
2026-11-19,19,2026-11-01,True,TOLIMA,9425814.8,451771.105,196850154.5,127952600.42,372.6919,384005.44,67765.67,85.0,15.0,Cubierta (85.0% Contratos / 15.0% Bolsa),1355.3133149999999,505114.2944626484,777098.9145882872,714931.0014212243,-62167.913167062914,62167.913167062914,7.999999999999992
2026-11-20,20,2026-11-01,True,ANTIOQUIA,31248717.02,452660.9925,197237905.25999996,128204638.42,373.3006,384761.84,67899.15,85.0,15.0,Cubierta (85.0% Contratos / 15.0% Bolsa),1357.9829775,506935.8602905365,779901.3235178187,717509.2176363933,-62392.105881425436,62392.105881425436,7.999999999999992
2026-11-20,20,2026-11-01,True,BOGOTA,43500431.86,452660.9925,197237905.25999996,128204638.42,373.3006,384761.84,67899.15,85.0,15.0,Cubierta (85.0% Contratos / 15.0% Bolsa),1357.9829775,506935.8602905365,779901.3235178187,717509.2176363933,-62392.105881425436,62392.105881425436,7.999999999999992
2026-11-20,20,2026-11-01,True,CARIBE_MAR,34680230.19,452660.9925,197237905.25999996,128204638.42,373.3006,384761.84,67899.15,85.0,15.0,Cubierta (85.0% Contratos / 15.0% Bolsa),1357.9829775,506935.8602905365,779901.3235178187,717509.2176363933,-62392.105881425436,62392.105881425436,7.999999999999992
2026-11-20,20,2026-11-01,True,CARIBE_SOL,27664894.07,452660.9925,197237905.25999996,128204638.42,373.3006,384761.84,67899.15,85.0,15.0,Cubierta (85.0% Contratos / 15.0% Bolsa),1357.9829775,506935.8602905365,779901.3235178187,717509.2176363933,-62392.105881425436,62392.105881425436,7.999999999999992
2026-11-20,20,2026-11-01,True,VALLE,22409752.04,452660.9925,197237905.25999996,128204638.42,373.3006,384761.84,67899.15,85.0,15.0,Cubierta (85.0% Contratos / 15.0% Bolsa),1357.9829775,506935.8602905365,779901.3235178187,717509.2176363933,-62392.105881425436,62392.105881425436,7.999999999999992
2026-11-20,20,2026-11-01,True,SANTANDER,17266442.57,452660.9925,197237905.25999996,128204638.42,373.3006,384761.84,67899.15,85.0,15.0,Cubierta (85.0% Contratos / 15.0% Bolsa),1357.9829775,506935.8602905365,779901.3235178187,717509.2176363933,-62392.105881425436,62392.105881425436,7.999999999999992
2026-11-20,20,2026-11-01,True,CUNDINAMARCA,11179730.7,452660.9925,197237905.25999996,128204638.42,373.3006,384761.84,67899.15,85.0,15.0,Cubierta (85.0% Contratos / 15.0% Bolsa),1357.9829775,506935.8602905365,779901.3235178187,717509.2176363933,-62392.105881425436,62392.105881425436,7.999999999999992
2026-11-20,20,2026-11-01,True,TOLIMA,9287706.81,452660.9925,197237905.25999996,128204638.42,373.3006,384761.84,67899.15,85.0,15.0,Cubierta (85.0% Contratos / 15.0% Bolsa),1357.9829775,506935.8602905365,779901.3235178187,717509.2176363933,-62392.105881425436,62392.105881425436,7.999999999999992
2026-11-21,21,2026-11-01,True,ANTIOQUIA,26370591.12,319598.555,165167211.60999998,107358687.55,373.953,271658.77,47939.78,85.0,15.0,Cubierta (85.0% Contratos / 15.0% Bolsa),958.795665,358544.51531374495,551606.9466185478,507478.390889064,-44128.55572948378,44128.55572948378,7.999999999999992
2026-11-21,21,2026-11-01,True,BOGOTA,36004213.76,319598.555,165167211.60999998,107358687.55,373.953,271658.77,47939.78,85.0,15.0,Cubierta (85.0% Contratos / 15.0% Bolsa),958.795665,358544.51531374495,551606.9466185478,507478.390889064,-44128.55572948378,44128.55572948378,7.999999999999992
2026-11-21,21,2026-11-01,True,CARIBE_MAR,29162716.62,319598.555,165167211.60999998,107358687.55,373.953,271658.77,47939.78,85.0,15.0,Cubierta (85.0% Contratos / 15.0% Bolsa),958.795665,358544.51531374495,551606.9466185478,507478.390889064,-44128.55572948378,44128.55572948378,7.999999999999992
2026-11-21,21,2026-11-01,True,CARIBE_SOL,22855754.82,319598.555,165167211.60999998,107358687.55,373.953,271658.77,47939.78,85.0,15.0,Cubierta (85.0% Contratos / 15.0% Bolsa),958.795665,358544.51531374495,551606.9466185478,507478.390889064,-44128.55572948378,44128.55572948378,7.999999999999992
2026-11-21,21,2026-11-01,True,VALLE,18730516.12,319598.555,165167211.60999998,107358687.55,373.953,271658.77,47939.78,85.0,15.0,Cubierta (85.0% Contratos / 15.0% Bolsa),958.795665,358544.51531374495,551606.9466185478,507478.390889064,-44128.55572948378,44128.55572948378,7.999999999999992
2026-11-21,21,2026-11-01,True,SANTANDER,14645672.36,319598.555,165167211.60999998,107358687.55,373.953,271658.77,47939.78,85.0,15.0,Cubierta (85.0% Contratos / 15.0% Bolsa),958.795665,358544.51531374495,551606.9466185478,507478.390889064,-44128.55572948378,44128.55572948378,7.999999999999992
2026-11-21,21,2026-11-01,True,CUNDINAMARCA,9498226.39,319598.555,165167211.60999998,107358687.55,373.953,271658.77,47939.78,85.0,15.0,Cubierta (85.0% Contratos / 15.0% Bolsa),958.795665,358544.51531374495,551606.9466185478,507478.390889064,-44128.55572948378,44128.55572948378,7.999999999999992
2026-11-21,21,2026-11-01,True,TOLIMA,7899520.42,319598.555,165167211.60999998,107358687.55,373.953,271658.77,47939.78,85.0,15.0,Cubierta (85.0% Contratos / 15.0% Bolsa),958.795665,358544.51531374495,551606.9466185478,507478.390889064,-44128.55572948378,44128.55572948378,7.999999999999992
2026-11-22,22,2026-11-01,True,ANTIOQUIA,26216674.02,323174.2775,167015130.18999997,108559834.62,374.639,274698.14,48476.14,85.0,15.0,Cubierta (85.0% Contratos / 15.0% Bolsa),969.5228325,363221.06444496755,558801.6376256582,514097.50661560555,-44704.13101005263,44704.13101005263,7.9999999999999964
2026-11-22,22,2026-11-01,True,BOGOTA,37159626.05,323174.2775,167015130.18999997,108559834.62,374.639,274698.14,48476.14,85.0,15.0,Cubierta (85.0% Contratos / 15.0% Bolsa),969.5228325,363221.06444496755,558801.6376256582,514097.50661560555,-44704.13101005263,44704.13101005263,7.9999999999999964
2026-11-22,22,2026-11-01,True,CARIBE_MAR,29681159.04,323174.2775,167015130.18999997,108559834.62,374.639,274698.14,48476.14,85.0,15.0,Cubierta (85.0% Contratos / 15.0% Bolsa),969.5228325,363221.06444496755,558801.6376256582,514097.50661560555,-44704.13101005263,44704.13101005263,7.9999999999999964
2026-11-22,22,2026-11-01,True,CARIBE_SOL,23329047.36,323174.2775,167015130.18999997,108559834.62,374.639,274698.14,48476.14,85.0,15.0,Cubierta (85.0% Contratos / 15.0% Bolsa),969.5228325,363221.06444496755,558801.6376256582,514097.50661560555,-44704.13101005263,44704.13101005263,7.9999999999999964
2026-11-22,22,2026-11-01,True,VALLE,18932027.02,323174.2775,167015130.18999997,108559834.62,374.639,274698.14,48476.14,85.0,15.0,Cubierta (85.0% Contratos / 15.0% Bolsa),969.5228325,363221.06444496755,558801.6376256582,514097.50661560555,-44704.13101005263,44704.13101005263,7.9999999999999964
2026-11-22,22,2026-11-01,True,SANTANDER,14648347.1,323174.2775,167015130.18999997,108559834.62,374.639,274698.14,48476.14,85.0,15.0,Cubierta (85.0% Contratos / 15.0% Bolsa),969.5228325,363221.06444496755,558801.6376256582,514097.50661560555,-44704.13101005263,44704.13101005263,7.9999999999999964
2026-11-22,22,2026-11-01,True,CUNDINAMARCA,9186559.85,323174.2775,167015130.18999997,108559834.62,374.639,274698.14,48476.14,85.0,15.0,Cubierta (85.0% Contratos / 15.0% Bolsa),969.5228325,363221.06444496755,558801.6376256582,514097.50661560555,-44704.13101005263,44704.13101005263,7.9999999999999964
2026-11-22,22,2026-11-01,True,TOLIMA,7861689.75,323174.2775,167015130.18999997,108559834.62,374.639,274698.14,48476.14,85.0,15.0,Cubierta (85.0% Contratos / 15.0% Bolsa),969.5228325,363221.06444496755,558801.6376256582,514097.50661560555,-44704.13101005263,44704.13101005263,7.9999999999999964
2026-11-23,23,2026-11-01,True,ANTIOQUIA,31002206.01,451983.48625,196942695.51000002,128012752.08,375.3474,384185.96,67797.52,85.0,15.0,Cubierta (85.0% Contratos / 15.0% Bolsa),1355.95045875,508952.4792206198,783003.8141947439,720363.5090591644,-62640.30513557943,62640.30513557943,7.99999999999999
2026-11-23,23,2026-11-01,True,BOGOTA,43540734.45,451983.48625,196942695.51000002,128012752.08,375.3474,384185.96,67797.52,85.0,15.0,Cubierta (85.0% Contratos / 15.0% Bolsa),1355.95045875,508952.4792206198,783003.8141947439,720363.5090591644,-62640.30513557943,62640.30513557943,7.99999999999999
2026-11-23,23,2026-11-01,True,CARIBE_MAR,35260197.05,451983.48625,196942695.51000002,128012752.08,375.3474,384185.96,67797.52,85.0,15.0,Cubierta (85.0% Contratos / 15.0% Bolsa),1355.95045875,508952.4792206198,783003.8141947439,720363.5090591644,-62640.30513557943,62640.30513557943,7.99999999999999
2026-11-23,23,2026-11-01,True,CARIBE_SOL,27132666.75,451983.48625,196942695.51000002,128012752.08,375.3474,384185.96,67797.52,85.0,15.0,Cubierta (85.0% Contratos / 15.0% Bolsa),1355.95045875,508952.4792206198,783003.8141947439,720363.5090591644,-62640.30513557943,62640.30513557943,7.99999999999999
2026-11-23,23,2026-11-01,True,VALLE,22361937.05,451983.48625,196942695.51000002,128012752.08,375.3474,384185.96,67797.52,85.0,15.0,Cubierta (85.0% Contratos / 15.0% Bolsa),1355.95045875,508952.4792206198,783003.8141947439,720363.5090591644,-62640.30513557943,62640.30513557943,7.99999999999999
2026-11-23,23,2026-11-01,True,SANTANDER,17332860.49,451983.48625,196942695.51000002,128012752.08,375.3474,384185.96,67797.52,85.0,15.0,Cubierta (85.0% Contratos / 15.0% Bolsa),1355.95045875,508952.4792206198,783003.8141947439,720363.5090591644,-62640.30513557943,62640.30513557943,7.99999999999999
2026-11-23,23,2026-11-01,True,CUNDINAMARCA,11062237.02,451983.48625,196942695.51000002,128012752.08,375.3474,384185.96,67797.52,85.0,15.0,Cubierta (85.0% Contratos / 15.0% Bolsa),1355.95045875,508952.4792206198,783003.8141947439,720363.5090591644,-62640.30513557943,62640.30513557943,7.99999999999999
2026-11-23,23,2026-11-01,True,TOLIMA,9249856.69,451983.48625,196942695.51000002,128012752.08,375.3474,384185.96,67797.52,85.0,15.0,Cubierta (85.0% Contratos / 15.0% Bolsa),1355.95045875,508952.4792206198,783003.8141947439,720363.5090591644,-62640.30513557943,62640.30513557943,7.99999999999999
2026-11-24,24,2026-11-01,True,ANTIOQUIA,31053567.38,451592.83125,196772475.56,127902109.11,376.0671,383853.91,67738.92,85.0,15.0,Cubierta (85.0% Contratos / 15.0% Bolsa),1354.77849375,509487.6192869306,783827.1066197911,721120.9380902079,-62706.16852958326,62706.16852958326,7.9999999999999964
2026-11-24,24,2026-11-01,True,BOGOTA,43534888.51,451592.83125,196772475.56,127902109.11,376.0671,383853.91,67738.92,85.0,15.0,Cubierta (85.0% Contratos / 15.0% Bolsa),1354.77849375,509487.6192869306,783827.1066197911,721120.9380902079,-62706.16852958326,62706.16852958326,7.9999999999999964
2026-11-24,24,2026-11-01,True,CARIBE_MAR,34635574.84,451592.83125,196772475.56,127902109.11,376.0671,383853.91,67738.92,85.0,15.0,Cubierta (85.0% Contratos / 15.0% Bolsa),1354.77849375,509487.6192869306,783827.1066197911,721120.9380902079,-62706.16852958326,62706.16852958326,7.9999999999999964
2026-11-24,24,2026-11-01,True,CARIBE_SOL,27288679.37,451592.83125,196772475.56,127902109.11,376.0671,383853.91,67738.92,85.0,15.0,Cubierta (85.0% Contratos / 15.0% Bolsa),1354.77849375,509487.6192869306,783827.1066197911,721120.9380902079,-62706.16852958326,62706.16852958326,7.9999999999999964
2026-11-24,24,2026-11-01,True,VALLE,22365700.13,451592.83125,196772475.56,127902109.11,376.0671,383853.91,67738.92,85.0,15.0,Cubierta (85.0% Contratos / 15.0% Bolsa),1354.77849375,509487.6192869306,783827.1066197911,721120.9380902079,-62706.16852958326,62706.16852958326,7.9999999999999964
2026-11-24,24,2026-11-01,True,SANTANDER,17548127.87,451592.83125,196772475.56,127902109.11,376.0671,383853.91,67738.92,85.0,15.0,Cubierta (85.0% Contratos / 15.0% Bolsa),1354.77849375,509487.6192869306,783827.1066197911,721120.9380902079,-62706.16852958326,62706.16852958326,7.9999999999999964
2026-11-24,24,2026-11-01,True,CUNDINAMARCA,11139800.47,451592.83125,196772475.56,127902109.11,376.0671,383853.91,67738.92,85.0,15.0,Cubierta (85.0% Contratos / 15.0% Bolsa),1354.77849375,509487.6192869306,783827.1066197911,721120.9380902079,-62706.16852958326,62706.16852958326,7.9999999999999964
2026-11-24,24,2026-11-01,True,TOLIMA,9206136.99,451592.83125,196772475.56,127902109.11,376.0671,383853.91,67738.92,85.0,15.0,Cubierta (85.0% Contratos / 15.0% Bolsa),1354.77849375,509487.6192869306,783827.1066197911,721120.9380902079,-62706.16852958326,62706.16852958326,7.9999999999999964
2026-11-25,25,2026-11-01,True,ANTIOQUIA,30934566.89,449517.0475,195867994.51999998,127314196.44,376.7864,382089.49,67427.56,85.0,15.0,Cubierta (85.0% Contratos / 15.0% Bolsa),1348.5511425,508115.730198462,781716.5079853537,719179.1873465255,-62537.32063882821,62537.32063882821,7.999999999999989
2026-11-25,25,2026-11-01,True,BOGOTA,43087413.76,449517.0475,195867994.51999998,127314196.44,376.7864,382089.49,67427.56,85.0,15.0,Cubierta (85.0% Contratos / 15.0% Bolsa),1348.5511425,508115.730198462,781716.5079853537,719179.1873465255,-62537.32063882821,62537.32063882821,7.999999999999989
2026-11-25,25,2026-11-01,True,CARIBE_MAR,34388228.32,449517.0475,195867994.51999998,127314196.44,376.7864,382089.49,67427.56,85.0,15.0,Cubierta (85.0% Contratos / 15.0% Bolsa),1348.5511425,508115.730198462,781716.5079853537,719179.1873465255,-62537.32063882821,62537.32063882821,7.999999999999989
2026-11-25,25,2026-11-01,True,CARIBE_SOL,27222598.77,449517.0475,195867994.51999998,127314196.44,376.7864,382089.49,67427.56,85.0,15.0,Cubierta (85.0% Contratos / 15.0% Bolsa),1348.5511425,508115.730198462,781716.5079853537,719179.1873465255,-62537.32063882821,62537.32063882821,7.999999999999989
2026-11-25,25,2026-11-01,True,VALLE,22252181.25,449517.0475,195867994.51999998,127314196.44,376.7864,382089.49,67427.56,85.0,15.0,Cubierta (85.0% Contratos / 15.0% Bolsa),1348.5511425,508115.730198462,781716.5079853537,719179.1873465255,-62537.32063882821,62537.32063882821,7.999999999999989
2026-11-25,25,2026-11-01,True,SANTANDER,17426897.26,449517.0475,195867994.51999998,127314196.44,376.7864,382089.49,67427.56,85.0,15.0,Cubierta (85.0% Contratos / 15.0% Bolsa),1348.5511425,508115.730198462,781716.5079853537,719179.1873465255,-62537.32063882821,62537.32063882821,7.999999999999989
2026-11-25,25,2026-11-01,True,CUNDINAMARCA,11182851.92,449517.0475,195867994.51999998,127314196.44,376.7864,382089.49,67427.56,85.0,15.0,Cubierta (85.0% Contratos / 15.0% Bolsa),1348.5511425,508115.730198462,781716.5079853537,719179.1873465255,-62537.32063882821,62537.32063882821,7.999999999999989
2026-11-25,25,2026-11-01,True,TOLIMA,9373256.35,449517.0475,195867994.51999998,127314196.44,376.7864,382089.49,67427.56,85.0,15.0,Cubierta (85.0% Contratos / 15.0% Bolsa),1348.5511425,508115.730198462,781716.5079853537,719179.1873465255,-62537.32063882821,62537.32063882821,7.999999999999989
2026-11-26,26,2026-11-01,True,ANTIOQUIA,31031586.15,451407.56625,196691749.94000003,127849637.46,377.4937,383696.43,67711.13,85.0,15.0,Cubierta (85.0% Contratos / 15.0% Bolsa),1354.22269875,511210.5371751229,786477.7495063408,723559.5295458336,-62918.21996050724,62918.21996050724,7.9999999999999964
2026-11-26,26,2026-11-01,True,BOGOTA,42952507.38,451407.56625,196691749.94000003,127849637.46,377.4937,383696.43,67711.13,85.0,15.0,Cubierta (85.0% Contratos / 15.0% Bolsa),1354.22269875,511210.5371751229,786477.7495063408,723559.5295458336,-62918.21996050724,62918.21996050724,7.9999999999999964
2026-11-26,26,2026-11-01,True,CARIBE_MAR,34842067.66,451407.56625,196691749.94000003,127849637.46,377.4937,383696.43,67711.13,85.0,15.0,Cubierta (85.0% Contratos / 15.0% Bolsa),1354.22269875,511210.5371751229,786477.7495063408,723559.5295458336,-62918.21996050724,62918.21996050724,7.9999999999999964
2026-11-26,26,2026-11-01,True,CARIBE_SOL,27398319.4,451407.56625,196691749.94000003,127849637.46,377.4937,383696.43,67711.13,85.0,15.0,Cubierta (85.0% Contratos / 15.0% Bolsa),1354.22269875,511210.5371751229,786477.7495063408,723559.5295458336,-62918.21996050724,62918.21996050724,7.9999999999999964
2026-11-26,26,2026-11-01,True,VALLE,22337942.71,451407.56625,196691749.94000003,127849637.46,377.4937,383696.43,67711.13,85.0,15.0,Cubierta (85.0% Contratos / 15.0% Bolsa),1354.22269875,511210.5371751229,786477.7495063408,723559.5295458336,-62918.21996050724,62918.21996050724,7.9999999999999964
2026-11-26,26,2026-11-01,True,SANTANDER,17561363.06,451407.56625,196691749.94000003,127849637.46,377.4937,383696.43,67711.13,85.0,15.0,Cubierta (85.0% Contratos / 15.0% Bolsa),1354.22269875,511210.5371751229,786477.7495063408,723559.5295458336,-62918.21996050724,62918.21996050724,7.9999999999999964
2026-11-26,26,2026-11-01,True,CUNDINAMARCA,11196895.3,451407.56625,196691749.94000003,127849637.46,377.4937,383696.43,67711.13,85.0,15.0,Cubierta (85.0% Contratos / 15.0% Bolsa),1354.22269875,511210.5371751229,786477.7495063408,723559.5295458336,-62918.21996050724,62918.21996050724,7.9999999999999964
2026-11-26,26,2026-11-01,True,TOLIMA,9371068.28,451407.56625,196691749.94000003,127849637.46,377.4937,383696.43,67711.13,85.0,15.0,Cubierta (85.0% Contratos / 15.0% Bolsa),1354.22269875,511210.5371751229,786477.7495063408,723559.5295458336,-62918.21996050724,62918.21996050724,7.9999999999999964
2026-11-27,27,2026-11-01,True,ANTIOQUIA,30961213.68,449586.9275,195898443.28,127333988.13,378.1776,382148.89,67438.04,85.0,15.0,Cubierta (85.0% Contratos / 15.0% Bolsa),1348.7607825,510071.11569997197,784724.7933968977,721946.8099251459,-62777.983471751795,62777.983471751795,7.999999999999997
2026-11-27,27,2026-11-01,True,BOGOTA,43140221.53,449586.9275,195898443.28,127333988.13,378.1776,382148.89,67438.04,85.0,15.0,Cubierta (85.0% Contratos / 15.0% Bolsa),1348.7607825,510071.11569997197,784724.7933968977,721946.8099251459,-62777.983471751795,62777.983471751795,7.999999999999997
2026-11-27,27,2026-11-01,True,CARIBE_MAR,34684103.75,449586.9275,195898443.28,127333988.13,378.1776,382148.89,67438.04,85.0,15.0,Cubierta (85.0% Contratos / 15.0% Bolsa),1348.7607825,510071.11569997197,784724.7933968977,721946.8099251459,-62777.983471751795,62777.983471751795,7.999999999999997
2026-11-27,27,2026-11-01,True,CARIBE_SOL,26913607.77,449586.9275,195898443.28,127333988.13,378.1776,382148.89,67438.04,85.0,15.0,Cubierta (85.0% Contratos / 15.0% Bolsa),1348.7607825,510071.11569997197,784724.7933968977,721946.8099251459,-62777.983471751795,62777.983471751795,7.999999999999997
2026-11-27,27,2026-11-01,True,VALLE,22376767.41,449586.9275,195898443.28,127333988.13,378.1776,382148.89,67438.04,85.0,15.0,Cubierta (85.0% Contratos / 15.0% Bolsa),1348.7607825,510071.11569997197,784724.7933968977,721946.8099251459,-62777.983471751795,62777.983471751795,7.999999999999997
2026-11-27,27,2026-11-01,True,SANTANDER,17441295.3,449586.9275,195898443.28,127333988.13,378.1776,382148.89,67438.04,85.0,15.0,Cubierta (85.0% Contratos / 15.0% Bolsa),1348.7607825,510071.11569997197,784724.7933968977,721946.8099251459,-62777.983471751795,62777.983471751795,7.999999999999997
2026-11-27,27,2026-11-01,True,CUNDINAMARCA,11199908.42,449586.9275,195898443.28,127333988.13,378.1776,382148.89,67438.04,85.0,15.0,Cubierta (85.0% Contratos / 15.0% Bolsa),1348.7607825,510071.11569997197,784724.7933968977,721946.8099251459,-62777.983471751795,62777.983471751795,7.999999999999997
2026-11-27,27,2026-11-01,True,TOLIMA,9181325.42,449586.9275,195898443.28,127333988.13,378.1776,382148.89,67438.04,85.0,15.0,Cubierta (85.0% Contratos / 15.0% Bolsa),1348.7607825,510071.11569997197,784724.7933968977,721946.8099251459,-62777.983471751795,62777.983471751795,7.999999999999997
2026-11-28,28,2026-11-01,True,ANTIOQUIA,26509346.37,322022.16125,166419721.29,108172818.84,378.8272,273718.84,48303.32,85.0,15.0,Cubierta (85.0% Contratos / 15.0% Bolsa),966.0664837500001,365972.261052858,563034.2477658202,517991.5079445547,-45042.73982126557,45042.73982126557,7.99999999999999
2026-11-28,28,2026-11-01,True,BOGOTA,37011552.26,322022.16125,166419721.29,108172818.84,378.8272,273718.84,48303.32,85.0,15.0,Cubierta (85.0% Contratos / 15.0% Bolsa),966.0664837500001,365972.261052858,563034.2477658202,517991.5079445547,-45042.73982126557,45042.73982126557,7.99999999999999
2026-11-28,28,2026-11-01,True,CARIBE_MAR,29201635.3,322022.16125,166419721.29,108172818.84,378.8272,273718.84,48303.32,85.0,15.0,Cubierta (85.0% Contratos / 15.0% Bolsa),966.0664837500001,365972.261052858,563034.2477658202,517991.5079445547,-45042.73982126557,45042.73982126557,7.99999999999999
2026-11-28,28,2026-11-01,True,CARIBE_SOL,23027030.53,322022.16125,166419721.29,108172818.84,378.8272,273718.84,48303.32,85.0,15.0,Cubierta (85.0% Contratos / 15.0% Bolsa),966.0664837500001,365972.261052858,563034.2477658202,517991.5079445547,-45042.73982126557,45042.73982126557,7.99999999999999
2026-11-28,28,2026-11-01,True,VALLE,18893157.46,322022.16125,166419721.29,108172818.84,378.8272,273718.84,48303.32,85.0,15.0,Cubierta (85.0% Contratos / 15.0% Bolsa),966.0664837500001,365972.261052858,563034.2477658202,517991.5079445547,-45042.73982126557,45042.73982126557,7.99999999999999
2026-11-28,28,2026-11-01,True,SANTANDER,14532562.53,322022.16125,166419721.29,108172818.84,378.8272,273718.84,48303.32,85.0,15.0,Cubierta (85.0% Contratos / 15.0% Bolsa),966.0664837500001,365972.261052858,563034.2477658202,517991.5079445547,-45042.73982126557,45042.73982126557,7.99999999999999
2026-11-28,28,2026-11-01,True,CUNDINAMARCA,9452187.37,322022.16125,166419721.29,108172818.84,378.8272,273718.84,48303.32,85.0,15.0,Cubierta (85.0% Contratos / 15.0% Bolsa),966.0664837500001,365972.261052858,563034.2477658202,517991.5079445547,-45042.73982126557,45042.73982126557,7.99999999999999
2026-11-28,28,2026-11-01,True,TOLIMA,7792249.47,322022.16125,166419721.29,108172818.84,378.8272,273718.84,48303.32,85.0,15.0,Cubierta (85.0% Contratos / 15.0% Bolsa),966.0664837500001,365972.261052858,563034.2477658202,517991.5079445547,-45042.73982126557,45042.73982126557,7.99999999999999
2026-11-29,29,2026-11-01,True,ANTIOQUIA,26162967.8,321628.115,166216080.0,108040452.0,379.4325,273383.9,48244.22,85.0,15.0,Cubierta (85.0% Contratos / 15.0% Bolsa),964.8843449999999,366108.4792342125,563243.8142064807,518184.3090699623,-45059.50513651845,45059.50513651845,7.999999999999997
2026-11-29,29,2026-11-01,True,BOGOTA,36699352.44,321628.115,166216080.0,108040452.0,379.4325,273383.9,48244.22,85.0,15.0,Cubierta (85.0% Contratos / 15.0% Bolsa),964.8843449999999,366108.4792342125,563243.8142064807,518184.3090699623,-45059.50513651845,45059.50513651845,7.999999999999997
2026-11-29,29,2026-11-01,True,CARIBE_MAR,29557671.76,321628.115,166216080.0,108040452.0,379.4325,273383.9,48244.22,85.0,15.0,Cubierta (85.0% Contratos / 15.0% Bolsa),964.8843449999999,366108.4792342125,563243.8142064807,518184.3090699623,-45059.50513651845,45059.50513651845,7.999999999999997
2026-11-29,29,2026-11-01,True,CARIBE_SOL,22982230.93,321628.115,166216080.0,108040452.0,379.4325,273383.9,48244.22,85.0,15.0,Cubierta (85.0% Contratos / 15.0% Bolsa),964.8843449999999,366108.4792342125,563243.8142064807,518184.3090699623,-45059.50513651845,45059.50513651845,7.999999999999997
2026-11-29,29,2026-11-01,True,VALLE,19029501.09,321628.115,166216080.0,108040452.0,379.4325,273383.9,48244.22,85.0,15.0,Cubierta (85.0% Contratos / 15.0% Bolsa),964.8843449999999,366108.4792342125,563243.8142064807,518184.3090699623,-45059.50513651845,45059.50513651845,7.999999999999997
2026-11-29,29,2026-11-01,True,SANTANDER,14502279.57,321628.115,166216080.0,108040452.0,379.4325,273383.9,48244.22,85.0,15.0,Cubierta (85.0% Contratos / 15.0% Bolsa),964.8843449999999,366108.4792342125,563243.8142064807,518184.3090699623,-45059.50513651845,45059.50513651845,7.999999999999997
2026-11-29,29,2026-11-01,True,CUNDINAMARCA,9430417.28,321628.115,166216080.0,108040452.0,379.4325,273383.9,48244.22,85.0,15.0,Cubierta (85.0% Contratos / 15.0% Bolsa),964.8843449999999,366108.4792342125,563243.8142064807,518184.3090699623,-45059.50513651845,45059.50513651845,7.999999999999997
2026-11-29,29,2026-11-01,True,TOLIMA,7851659.13,321628.115,166216080.0,108040452.0,379.4325,273383.9,48244.22,85.0,15.0,Cubierta (85.0% Contratos / 15.0% Bolsa),964.8843449999999,366108.4792342125,563243.8142064807,518184.3090699623,-45059.50513651845,45059.50513651845,7.999999999999997
2026-11-30,30,2026-11-01,True,ANTIOQUIA,31092257.78,451696.83375,196817792.53000003,127931565.14,379.984,383942.31,67754.53,85.0,15.0,Cubierta (85.0% Contratos / 15.0% Bolsa),1355.09050125,514912.70902698,792173.3985309108,728799.526648438,-63373.871882472886,63373.871882472886,8.000000000000004
2026-11-30,30,2026-11-01,True,BOGOTA,43415661.1,451696.83375,196817792.53000003,127931565.14,379.984,383942.31,67754.53,85.0,15.0,Cubierta (85.0% Contratos / 15.0% Bolsa),1355.09050125,514912.70902698,792173.3985309108,728799.526648438,-63373.871882472886,63373.871882472886,8.000000000000004
2026-11-30,30,2026-11-01,True,CARIBE_MAR,34942038.75,451696.83375,196817792.53000003,127931565.14,379.984,383942.31,67754.53,85.0,15.0,Cubierta (85.0% Contratos / 15.0% Bolsa),1355.09050125,514912.70902698,792173.3985309108,728799.526648438,-63373.871882472886,63373.871882472886,8.000000000000004
2026-11-30,30,2026-11-01,True,CARIBE_SOL,26998919.05,451696.83375,196817792.53000003,127931565.14,379.984,383942.31,67754.53,85.0,15.0,Cubierta (85.0% Contratos / 15.0% Bolsa),1355.09050125,514912.70902698,792173.3985309108,728799.526648438,-63373.871882472886,63373.871882472886,8.000000000000004
2026-11-30,30,2026-11-01,True,VALLE,22358522.99,451696.83375,196817792.53000003,127931565.14,379.984,383942.31,67754.53,85.0,15.0,Cubierta (85.0% Contratos / 15.0% Bolsa),1355.09050125,514912.70902698,792173.3985309108,728799.526648438,-63373.871882472886,63373.871882472886,8.000000000000004
2026-11-30,30,2026-11-01,True,SANTANDER,17407279.39,451696.83375,196817792.53000003,127931565.14,379.984,383942.31,67754.53,85.0,15.0,Cubierta (85.0% Contratos / 15.0% Bolsa),1355.09050125,514912.70902698,792173.3985309108,728799.526648438,-63373.871882472886,63373.871882472886,8.000000000000004
2026-11-30,30,2026-11-01,True,CUNDINAMARCA,11179962.58,451696.83375,196817792.53000003,127931565.14,379.984,383942.31,67754.53,85.0,15.0,Cubierta (85.0% Contratos / 15.0% Bolsa),1355.09050125,514912.70902698,792173.3985309108,728799.526648438,-63373.871882472886,63373.871882472886,8.000000000000004
2026-11-30,30,2026-11-01,True,TOLIMA,9423150.89,451696.83375,196817792.53000003,127931565.14,379.984,383942.31,67754.53,85.0,15.0,Cubierta (85.0% Contratos / 15.0% Bolsa),1355.09050125,514912.70902698,792173.3985309108,728799.526648438,-63373.871882472886,63373.871882472886,8.000000000000004
2026-12-01,1,2026-12-01,True,ANTIOQUIA,30903637.0,451691.86625,196815627.73,127930158.02,380.4737,383938.09,67753.78,85.0,15.0,Cubierta (85.0% Contratos / 15.0% Bolsa),1355.0755987500002,515570.62683612795,793185.5797757898,729730.7333937266,-63454.846382063115,63454.846382063115,7.999999999999992
2026-12-01,1,2026-12-01,True,BOGOTA,43361517.1,451691.86625,196815627.73,127930158.02,380.4737,383938.09,67753.78,85.0,15.0,Cubierta (85.0% Contratos / 15.0% Bolsa),1355.0755987500002,515570.62683612795,793185.5797757898,729730.7333937266,-63454.846382063115,63454.846382063115,7.999999999999992
2026-12-01,1,2026-12-01,True,CARIBE_MAR,34935525.17,451691.86625,196815627.73,127930158.02,380.4737,383938.09,67753.78,85.0,15.0,Cubierta (85.0% Contratos / 15.0% Bolsa),1355.0755987500002,515570.62683612795,793185.5797757898,729730.7333937266,-63454.846382063115,63454.846382063115,7.999999999999992
2026-12-01,1,2026-12-01,True,CARIBE_SOL,27492209.03,451691.86625,196815627.73,127930158.02,380.4737,383938.09,67753.78,85.0,15.0,Cubierta (85.0% Contratos / 15.0% Bolsa),1355.0755987500002,515570.62683612795,793185.5797757898,729730.7333937266,-63454.846382063115,63454.846382063115,7.999999999999992
2026-12-01,1,2026-12-01,True,VALLE,22257817.12,451691.86625,196815627.73,127930158.02,380.4737,383938.09,67753.78,85.0,15.0,Cubierta (85.0% Contratos / 15.0% Bolsa),1355.0755987500002,515570.62683612795,793185.5797757898,729730.7333937266,-63454.846382063115,63454.846382063115,7.999999999999992
2026-12-01,1,2026-12-01,True,SANTANDER,17394749.95,451691.86625,196815627.73,127930158.02,380.4737,383938.09,67753.78,85.0,15.0,Cubierta (85.0% Contratos / 15.0% Bolsa),1355.0755987500002,515570.62683612795,793185.5797757898,729730.7333937266,-63454.846382063115,63454.846382063115,7.999999999999992
2026-12-01,1,2026-12-01,True,CUNDINAMARCA,11163683.91,451691.86625,196815627.73,127930158.02,380.4737,383938.09,67753.78,85.0,15.0,Cubierta (85.0% Contratos / 15.0% Bolsa),1355.0755987500002,515570.62683612795,793185.5797757898,729730.7333937266,-63454.846382063115,63454.846382063115,7.999999999999992
2026-12-01,1,2026-12-01,True,TOLIMA,9306488.45,451691.86625,196815627.73,127930158.02,380.4737,383938.09,67753.78,85.0,15.0,Cubierta (85.0% Contratos / 15.0% Bolsa),1355.0755987500002,515570.62683612795,793185.5797757898,729730.7333937266,-63454.846382063115,63454.846382063115,7.999999999999992
2026-12-02,2,2026-12-01,True,ANTIOQUIA,31251551.52,455046.06875,198277154.39000002,128880150.35,380.8945,386789.16,68256.91,85.0,15.0,Cubierta (85.0% Contratos / 15.0% Bolsa),1365.13820625,519973.6345004906,799959.4377147871,735962.6826976042,-63996.755017182906,63996.755017182906,7.999999999999992
2026-12-02,2,2026-12-01,True,BOGOTA,44010764.93,455046.06875,198277154.39000002,128880150.35,380.8945,386789.16,68256.91,85.0,15.0,Cubierta (85.0% Contratos / 15.0% Bolsa),1365.13820625,519973.6345004906,799959.4377147871,735962.6826976042,-63996.755017182906,63996.755017182906,7.999999999999992
2026-12-02,2,2026-12-01,True,CARIBE_MAR,34639448.07,455046.06875,198277154.39000002,128880150.35,380.8945,386789.16,68256.91,85.0,15.0,Cubierta (85.0% Contratos / 15.0% Bolsa),1365.13820625,519973.6345004906,799959.4377147871,735962.6826976042,-63996.755017182906,63996.755017182906,7.999999999999992
2026-12-02,2,2026-12-01,True,CARIBE_SOL,27787545.58,455046.06875,198277154.39000002,128880150.35,380.8945,386789.16,68256.91,85.0,15.0,Cubierta (85.0% Contratos / 15.0% Bolsa),1365.13820625,519973.6345004906,799959.4377147871,735962.6826976042,-63996.755017182906,63996.755017182906,7.999999999999992
2026-12-02,2,2026-12-01,True,VALLE,22688182.63,455046.06875,198277154.39000002,128880150.35,380.8945,386789.16,68256.91,85.0,15.0,Cubierta (85.0% Contratos / 15.0% Bolsa),1365.13820625,519973.6345004906,799959.4377147871,735962.6826976042,-63996.755017182906,63996.755017182906,7.999999999999992
2026-12-02,2,2026-12-01,True,SANTANDER,17231617.23,455046.06875,198277154.39000002,128880150.35,380.8945,386789.16,68256.91,85.0,15.0,Cubierta (85.0% Contratos / 15.0% Bolsa),1365.13820625,519973.6345004906,799959.4377147871,735962.6826976042,-63996.755017182906,63996.755017182906,7.999999999999992
2026-12-02,2,2026-12-01,True,CUNDINAMARCA,11399528.85,455046.06875,198277154.39000002,128880150.35,380.8945,386789.16,68256.91,85.0,15.0,Cubierta (85.0% Contratos / 15.0% Bolsa),1365.13820625,519973.6345004906,799959.4377147871,735962.6826976042,-63996.755017182906,63996.755017182906,7.999999999999992
2026-12-02,2,2026-12-01,True,TOLIMA,9268515.58,455046.06875,198277154.39000002,128880150.35,380.8945,386789.16,68256.91,85.0,15.0,Cubierta (85.0% Contratos / 15.0% Bolsa),1365.13820625,519973.6345004906,799959.4377147871,735962.6826976042,-63996.755017182906,63996.755017182906,7.999999999999992
2026-12-03,3,2026-12-01,True,ANTIOQUIA,31010377.39,453078.81375,197419962.51000002,128322975.63,381.2411,385116.99,67961.82,85.0,15.0,Cubierta (85.0% Contratos / 15.0% Bolsa),1359.2364412499999,518196.79602223536,797225.8400435273,733447.7728400452,-63778.06720348215,63778.06720348215,7.9999999999999964
2026-12-03,3,2026-12-01,True,BOGOTA,43894872.05,453078.81375,197419962.51000002,128322975.63,381.2411,385116.99,67961.82,85.0,15.0,Cubierta (85.0% Contratos / 15.0% Bolsa),1359.2364412499999,518196.79602223536,797225.8400435273,733447.7728400452,-63778.06720348215,63778.06720348215,7.9999999999999964
2026-12-03,3,2026-12-01,True,CARIBE_MAR,34982338.86,453078.81375,197419962.51000002,128322975.63,381.2411,385116.99,67961.82,85.0,15.0,Cubierta (85.0% Contratos / 15.0% Bolsa),1359.2364412499999,518196.79602223536,797225.8400435273,733447.7728400452,-63778.06720348215,63778.06720348215,7.9999999999999964
2026-12-03,3,2026-12-01,True,CARIBE_SOL,27310304.44,453078.81375,197419962.51000002,128322975.63,381.2411,385116.99,67961.82,85.0,15.0,Cubierta (85.0% Contratos / 15.0% Bolsa),1359.2364412499999,518196.79602223536,797225.8400435273,733447.7728400452,-63778.06720348215,63778.06720348215,7.9999999999999964
2026-12-03,3,2026-12-01,True,VALLE,22394066.91,453078.81375,197419962.51000002,128322975.63,381.2411,385116.99,67961.82,85.0,15.0,Cubierta (85.0% Contratos / 15.0% Bolsa),1359.2364412499999,518196.79602223536,797225.8400435273,733447.7728400452,-63778.06720348215,63778.06720348215,7.9999999999999964
2026-12-03,3,2026-12-01,True,SANTANDER,17298460.93,453078.81375,197419962.51000002,128322975.63,381.2411,385116.99,67961.82,85.0,15.0,Cubierta (85.0% Contratos / 15.0% Bolsa),1359.2364412499999,518196.79602223536,797225.8400435273,733447.7728400452,-63778.06720348215,63778.06720348215,7.9999999999999964
2026-12-03,3,2026-12-01,True,CUNDINAMARCA,11172050.02,453078.81375,197419962.51000002,128322975.63,381.2411,385116.99,67961.82,85.0,15.0,Cubierta (85.0% Contratos / 15.0% Bolsa),1359.2364412499999,518196.79602223536,797225.8400435273,733447.7728400452,-63778.06720348215,63778.06720348215,7.9999999999999964
2026-12-03,3,2026-12-01,True,TOLIMA,9357491.91,453078.81375,197419962.51000002,128322975.63,381.2411,385116.99,67961.82,85.0,15.0,Cubierta (85.0% Contratos / 15.0% Bolsa),1359.2364412499999,518196.79602223536,797225.8400435273,733447.7728400452,-63778.06720348215,63778.06720348215,7.9999999999999964
2026-12-04,4,2026-12-01,True,ANTIOQUIA,30847375.54,450575.11875,196329027.98,127613868.19,381.5093,382988.85,67586.27,85.0,15.0,Cubierta (85.0% Contratos / 15.0% Bolsa),1351.72535625,515695.7944551881,793378.1452970229,729907.893673261,-63470.25162376184,63470.25162376184,8.000000000000002
2026-12-04,4,2026-12-01,True,BOGOTA,43107453.51,450575.11875,196329027.98,127613868.19,381.5093,382988.85,67586.27,85.0,15.0,Cubierta (85.0% Contratos / 15.0% Bolsa),1351.72535625,515695.7944551881,793378.1452970229,729907.893673261,-63470.25162376184,63470.25162376184,8.000000000000002
2026-12-04,4,2026-12-01,True,CARIBE_MAR,34824234.71,450575.11875,196329027.98,127613868.19,381.5093,382988.85,67586.27,85.0,15.0,Cubierta (85.0% Contratos / 15.0% Bolsa),1351.72535625,515695.7944551881,793378.1452970229,729907.893673261,-63470.25162376184,63470.25162376184,8.000000000000002
2026-12-04,4,2026-12-01,True,CARIBE_SOL,27074892.88,450575.11875,196329027.98,127613868.19,381.5093,382988.85,67586.27,85.0,15.0,Cubierta (85.0% Contratos / 15.0% Bolsa),1351.72535625,515695.7944551881,793378.1452970229,729907.893673261,-63470.25162376184,63470.25162376184,8.000000000000002
2026-12-04,4,2026-12-01,True,VALLE,22240502.63,450575.11875,196329027.98,127613868.19,381.5093,382988.85,67586.27,85.0,15.0,Cubierta (85.0% Contratos / 15.0% Bolsa),1351.72535625,515695.7944551881,793378.1452970229,729907.893673261,-63470.25162376184,63470.25162376184,8.000000000000002
2026-12-04,4,2026-12-01,True,SANTANDER,17639355.32,450575.11875,196329027.98,127613868.19,381.5093,382988.85,67586.27,85.0,15.0,Cubierta (85.0% Contratos / 15.0% Bolsa),1351.72535625,515695.7944551881,793378.1452970229,729907.893673261,-63470.25162376184,63470.25162376184,8.000000000000002
2026-12-04,4,2026-12-01,True,CUNDINAMARCA,11258019.62,450575.11875,196329027.98,127613868.19,381.5093,382988.85,67586.27,85.0,15.0,Cubierta (85.0% Contratos / 15.0% Bolsa),1351.72535625,515695.7944551881,793378.1452970229,729907.893673261,-63470.25162376184,63470.25162376184,8.000000000000002
2026-12-04,4,2026-12-01,True,TOLIMA,9337193.77,450575.11875,196329027.98,127613868.19,381.5093,382988.85,67586.27,85.0,15.0,Cubierta (85.0% Contratos / 15.0% Bolsa),1351.72535625,515695.7944551881,793378.1452970229,729907.893673261,-63470.25162376184,63470.25162376184,8.000000000000002
2026-12-05,5,2026-12-01,True,ANTIOQUIA,26565041.33,322801.52375,166822493.09000003,108434620.51,381.6968,274381.3,48420.23,85.0,15.0,Cubierta (85.0% Contratos / 15.0% Bolsa),968.40457125,369636.925951497,568672.1937636674,523178.418262574,-45493.77550109336,45493.77550109336,7.999999999999995
2026-12-05,5,2026-12-01,True,BOGOTA,36873901.36,322801.52375,166822493.09000003,108434620.51,381.6968,274381.3,48420.23,85.0,15.0,Cubierta (85.0% Contratos / 15.0% Bolsa),968.40457125,369636.925951497,568672.1937636674,523178.418262574,-45493.77550109336,45493.77550109336,7.999999999999995
2026-12-05,5,2026-12-01,True,CARIBE_MAR,29349801.42,322801.52375,166822493.09000003,108434620.51,381.6968,274381.3,48420.23,85.0,15.0,Cubierta (85.0% Contratos / 15.0% Bolsa),968.40457125,369636.925951497,568672.1937636674,523178.418262574,-45493.77550109336,45493.77550109336,7.999999999999995
2026-12-05,5,2026-12-01,True,CARIBE_SOL,22900220.77,322801.52375,166822493.09000003,108434620.51,381.6968,274381.3,48420.23,85.0,15.0,Cubierta (85.0% Contratos / 15.0% Bolsa),968.40457125,369636.925951497,568672.1937636674,523178.418262574,-45493.77550109336,45493.77550109336,7.999999999999995
2026-12-05,5,2026-12-01,True,VALLE,18927519.27,322801.52375,166822493.09000003,108434620.51,381.6968,274381.3,48420.23,85.0,15.0,Cubierta (85.0% Contratos / 15.0% Bolsa),968.40457125,369636.925951497,568672.1937636674,523178.418262574,-45493.77550109336,45493.77550109336,7.999999999999995
2026-12-05,5,2026-12-01,True,SANTANDER,14773764.75,322801.52375,166822493.09000003,108434620.51,381.6968,274381.3,48420.23,85.0,15.0,Cubierta (85.0% Contratos / 15.0% Bolsa),968.40457125,369636.925951497,568672.1937636674,523178.418262574,-45493.77550109336,45493.77550109336,7.999999999999995
2026-12-05,5,2026-12-01,True,CUNDINAMARCA,9548294.83,322801.52375,166822493.09000003,108434620.51,381.6968,274381.3,48420.23,85.0,15.0,Cubierta (85.0% Contratos / 15.0% Bolsa),968.40457125,369636.925951497,568672.1937636674,523178.418262574,-45493.77550109336,45493.77550109336,7.999999999999995
2026-12-05,5,2026-12-01,True,TOLIMA,7883949.36,322801.52375,166822493.09000003,108434620.51,381.6968,274381.3,48420.23,85.0,15.0,Cubierta (85.0% Contratos / 15.0% Bolsa),968.40457125,369636.925951497,568672.1937636674,523178.418262574,-45493.77550109336,45493.77550109336,7.999999999999995
2026-12-06,6,2026-12-01,True,ANTIOQUIA,26356433.51,321365.665,166080447.14,107952290.64,381.8028,273160.82,48204.85,85.0,15.0,Cubierta (85.0% Contratos / 15.0% Bolsa),964.096995,368094.93216258596,566299.8956399935,520995.903988794,-45303.99165119947,45303.99165119947,7.999999999999997
2026-12-06,6,2026-12-01,True,BOGOTA,36601847.68,321365.665,166080447.14,107952290.64,381.8028,273160.82,48204.85,85.0,15.0,Cubierta (85.0% Contratos / 15.0% Bolsa),964.096995,368094.93216258596,566299.8956399935,520995.903988794,-45303.99165119947,45303.99165119947,7.999999999999997
2026-12-06,6,2026-12-01,True,CARIBE_MAR,29028118.88,321365.665,166080447.14,107952290.64,381.8028,273160.82,48204.85,85.0,15.0,Cubierta (85.0% Contratos / 15.0% Bolsa),964.096995,368094.93216258596,566299.8956399935,520995.903988794,-45303.99165119947,45303.99165119947,7.999999999999997
2026-12-06,6,2026-12-01,True,CARIBE_SOL,23117667.07,321365.665,166080447.14,107952290.64,381.8028,273160.82,48204.85,85.0,15.0,Cubierta (85.0% Contratos / 15.0% Bolsa),964.096995,368094.93216258596,566299.8956399935,520995.903988794,-45303.99165119947,45303.99165119947,7.999999999999997
2026-12-06,6,2026-12-01,True,VALLE,18853801.9,321365.665,166080447.14,107952290.64,381.8028,273160.82,48204.85,85.0,15.0,Cubierta (85.0% Contratos / 15.0% Bolsa),964.096995,368094.93216258596,566299.8956399935,520995.903988794,-45303.99165119947,45303.99165119947,7.999999999999997
2026-12-06,6,2026-12-01,True,SANTANDER,14764486.13,321365.665,166080447.14,107952290.64,381.8028,273160.82,48204.85,85.0,15.0,Cubierta (85.0% Contratos / 15.0% Bolsa),964.096995,368094.93216258596,566299.8956399935,520995.903988794,-45303.99165119947,45303.99165119947,7.999999999999997
2026-12-06,6,2026-12-01,True,CUNDINAMARCA,9445462.23,321365.665,166080447.14,107952290.64,381.8028,273160.82,48204.85,85.0,15.0,Cubierta (85.0% Contratos / 15.0% Bolsa),964.096995,368094.93216258596,566299.8956399935,520995.903988794,-45303.99165119947,45303.99165119947,7.999999999999997
2026-12-06,6,2026-12-01,True,TOLIMA,7912629.74,321365.665,166080447.14,107952290.64,381.8028,273160.82,48204.85,85.0,15.0,Cubierta (85.0% Contratos / 15.0% Bolsa),964.096995,368094.93216258596,566299.8956399935,520995.903988794,-45303.99165119947,45303.99165119947,7.999999999999997
2026-12-07,7,2026-12-01,True,ANTIOQUIA,31449738.1,454666.7625,198111879.16000003,128772721.45,381.8283,386466.75,68200.01,85.0,15.0,Cubierta (85.0% Contratos / 15.0% Bolsa),1364.0002875,520813.9109756363,801252.1707566371,737151.9970961062,-64100.17366053094,64100.17366053094,7.9999999999999964
2026-12-07,7,2026-12-01,True,BOGOTA,43385837.73,454666.7625,198111879.16000003,128772721.45,381.8283,386466.75,68200.01,85.0,15.0,Cubierta (85.0% Contratos / 15.0% Bolsa),1364.0002875,520813.9109756363,801252.1707566371,737151.9970961062,-64100.17366053094,64100.17366053094,7.9999999999999964
2026-12-07,7,2026-12-01,True,CARIBE_MAR,35146425.01,454666.7625,198111879.16000003,128772721.45,381.8283,386466.75,68200.01,85.0,15.0,Cubierta (85.0% Contratos / 15.0% Bolsa),1364.0002875,520813.9109756363,801252.1707566371,737151.9970961062,-64100.17366053094,64100.17366053094,7.9999999999999964
2026-12-07,7,2026-12-01,True,CARIBE_SOL,27648245.21,454666.7625,198111879.16000003,128772721.45,381.8283,386466.75,68200.01,85.0,15.0,Cubierta (85.0% Contratos / 15.0% Bolsa),1364.0002875,520813.9109756363,801252.1707566371,737151.9970961062,-64100.17366053094,64100.17366053094,7.9999999999999964
2026-12-07,7,2026-12-01,True,VALLE,22281067.32,454666.7625,198111879.16000003,128772721.45,381.8283,386466.75,68200.01,85.0,15.0,Cubierta (85.0% Contratos / 15.0% Bolsa),1364.0002875,520813.9109756363,801252.1707566371,737151.9970961062,-64100.17366053094,64100.17366053094,7.9999999999999964
2026-12-07,7,2026-12-01,True,SANTANDER,17596714.77,454666.7625,198111879.16000003,128772721.45,381.8283,386466.75,68200.01,85.0,15.0,Cubierta (85.0% Contratos / 15.0% Bolsa),1364.0002875,520813.9109756363,801252.1707566371,737151.9970961062,-64100.17366053094,64100.17366053094,7.9999999999999964
2026-12-07,7,2026-12-01,True,CUNDINAMARCA,11287415.16,454666.7625,198111879.16000003,128772721.45,381.8283,386466.75,68200.01,85.0,15.0,Cubierta (85.0% Contratos / 15.0% Bolsa),1364.0002875,520813.9109756363,801252.1707566371,737151.9970961062,-64100.17366053094,64100.17366053094,7.9999999999999964
2026-12-07,7,2026-12-01,True,TOLIMA,9316435.86,454666.7625,198111879.16000003,128772721.45,381.8283,386466.75,68200.01,85.0,15.0,Cubierta (85.0% Contratos / 15.0% Bolsa),1364.0002875,520813.9109756363,801252.1707566371,737151.9970961062,-64100.17366053094,64100.17366053094,7.9999999999999964
2026-12-08,8,2026-12-01,True,ANTIOQUIA,31332968.57,451438.7775,196705349.49999997,127858477.17,381.7756,383722.96,67715.82,85.0,15.0,Cubierta (85.0% Contratos / 15.0% Bolsa),1354.3163325,517044.930429987,795453.7391541637,731817.4400218307,-63636.29913233302,63636.29913233302,7.99999999999999
2026-12-08,8,2026-12-01,True,BOGOTA,43094994.11,451438.7775,196705349.49999997,127858477.17,381.7756,383722.96,67715.82,85.0,15.0,Cubierta (85.0% Contratos / 15.0% Bolsa),1354.3163325,517044.930429987,795453.7391541637,731817.4400218307,-63636.29913233302,63636.29913233302,7.99999999999999
2026-12-08,8,2026-12-01,True,CARIBE_MAR,34594826.73,451438.7775,196705349.49999997,127858477.17,381.7756,383722.96,67715.82,85.0,15.0,Cubierta (85.0% Contratos / 15.0% Bolsa),1354.3163325,517044.930429987,795453.7391541637,731817.4400218307,-63636.29913233302,63636.29913233302,7.99999999999999
2026-12-08,8,2026-12-01,True,CARIBE_SOL,27203947.84,451438.7775,196705349.49999997,127858477.17,381.7756,383722.96,67715.82,85.0,15.0,Cubierta (85.0% Contratos / 15.0% Bolsa),1354.3163325,517044.930429987,795453.7391541637,731817.4400218307,-63636.29913233302,63636.29913233302,7.99999999999999
2026-12-08,8,2026-12-01,True,VALLE,22303131.64,451438.7775,196705349.49999997,127858477.17,381.7756,383722.96,67715.82,85.0,15.0,Cubierta (85.0% Contratos / 15.0% Bolsa),1354.3163325,517044.930429987,795453.7391541637,731817.4400218307,-63636.29913233302,63636.29913233302,7.99999999999999
2026-12-08,8,2026-12-01,True,SANTANDER,17517389.58,451438.7775,196705349.49999997,127858477.17,381.7756,383722.96,67715.82,85.0,15.0,Cubierta (85.0% Contratos / 15.0% Bolsa),1354.3163325,517044.930429987,795453.7391541637,731817.4400218307,-63636.29913233302,63636.29913233302,7.99999999999999
2026-12-08,8,2026-12-01,True,CUNDINAMARCA,11329349.15,451438.7775,196705349.49999997,127858477.17,381.7756,383722.96,67715.82,85.0,15.0,Cubierta (85.0% Contratos / 15.0% Bolsa),1354.3163325,517044.930429987,795453.7391541637,731817.4400218307,-63636.29913233302,63636.29913233302,7.99999999999999
2026-12-08,8,2026-12-01,True,TOLIMA,9328741.88,451438.7775,196705349.49999997,127858477.17,381.7756,383722.96,67715.82,85.0,15.0,Cubierta (85.0% Contratos / 15.0% Bolsa),1354.3163325,517044.930429987,795453.7391541637,731817.4400218307,-63636.29913233302,63636.29913233302,7.99999999999999
2026-12-09,9,2026-12-01,True,ANTIOQUIA,30936171.3,451004.645,196516185.26000002,127735520.42,381.6491,383353.95,67650.7,85.0,15.0,Cubierta (85.0% Contratos / 15.0% Bolsa),1353.0139350000002,516376.55058020854,794425.4624248708,730871.4254308812,-63554.036993989605,63554.036993989605,7.999999999999992
2026-12-09,9,2026-12-01,True,BOGOTA,43442601.0,451004.645,196516185.26000002,127735520.42,381.6491,383353.95,67650.7,85.0,15.0,Cubierta (85.0% Contratos / 15.0% Bolsa),1353.0139350000002,516376.55058020854,794425.4624248708,730871.4254308812,-63554.036993989605,63554.036993989605,7.999999999999992
2026-12-09,9,2026-12-01,True,CARIBE_MAR,34427651.78,451004.645,196516185.26000002,127735520.42,381.6491,383353.95,67650.7,85.0,15.0,Cubierta (85.0% Contratos / 15.0% Bolsa),1353.0139350000002,516376.55058020854,794425.4624248708,730871.4254308812,-63554.036993989605,63554.036993989605,7.999999999999992
2026-12-09,9,2026-12-01,True,CARIBE_SOL,27200294.11,451004.645,196516185.26000002,127735520.42,381.6491,383353.95,67650.7,85.0,15.0,Cubierta (85.0% Contratos / 15.0% Bolsa),1353.0139350000002,516376.55058020854,794425.4624248708,730871.4254308812,-63554.036993989605,63554.036993989605,7.999999999999992
2026-12-09,9,2026-12-01,True,VALLE,22398491.4,451004.645,196516185.26000002,127735520.42,381.6491,383353.95,67650.7,85.0,15.0,Cubierta (85.0% Contratos / 15.0% Bolsa),1353.0139350000002,516376.55058020854,794425.4624248708,730871.4254308812,-63554.036993989605,63554.036993989605,7.999999999999992
2026-12-09,9,2026-12-01,True,SANTANDER,17457349.0,451004.645,196516185.26000002,127735520.42,381.6491,383353.95,67650.7,85.0,15.0,Cubierta (85.0% Contratos / 15.0% Bolsa),1353.0139350000002,516376.55058020854,794425.4624248708,730871.4254308812,-63554.036993989605,63554.036993989605,7.999999999999992
2026-12-09,9,2026-12-01,True,CUNDINAMARCA,11312868.74,451004.645,196516185.26000002,127735520.42,381.6491,383353.95,67650.7,85.0,15.0,Cubierta (85.0% Contratos / 15.0% Bolsa),1353.0139350000002,516376.55058020854,794425.4624248708,730871.4254308812,-63554.036993989605,63554.036993989605,7.999999999999992
2026-12-09,9,2026-12-01,True,TOLIMA,9340757.93,451004.645,196516185.26000002,127735520.42,381.6491,383353.95,67650.7,85.0,15.0,Cubierta (85.0% Contratos / 15.0% Bolsa),1353.0139350000002,516376.55058020854,794425.4624248708,730871.4254308812,-63554.036993989605,63554.036993989605,7.999999999999992
2026-12-10,10,2026-12-01,True,ANTIOQUIA,30899974.38,451260.5775,196627702.67000002,127808006.74,381.4542,383571.49,67689.09,85.0,15.0,Cubierta (85.0% Contratos / 15.0% Bolsa),1353.7817325,516405.72774540156,794470.3503495684,730912.722321603,-63557.62802796543,63557.62802796543,7.999999999999995
2026-12-10,10,2026-12-01,True,BOGOTA,43486052.97,451260.5775,196627702.67000002,127808006.74,381.4542,383571.49,67689.09,85.0,15.0,Cubierta (85.0% Contratos / 15.0% Bolsa),1353.7817325,516405.72774540156,794470.3503495684,730912.722321603,-63557.62802796543,63557.62802796543,7.999999999999995
2026-12-10,10,2026-12-01,True,CARIBE_MAR,34924911.15,451260.5775,196627702.67000002,127808006.74,381.4542,383571.49,67689.09,85.0,15.0,Cubierta (85.0% Contratos / 15.0% Bolsa),1353.7817325,516405.72774540156,794470.3503495684,730912.722321603,-63557.62802796543,63557.62802796543,7.999999999999995
2026-12-10,10,2026-12-01,True,CARIBE_SOL,26897105.89,451260.5775,196627702.67000002,127808006.74,381.4542,383571.49,67689.09,85.0,15.0,Cubierta (85.0% Contratos / 15.0% Bolsa),1353.7817325,516405.72774540156,794470.3503495684,730912.722321603,-63557.62802796543,63557.62802796543,7.999999999999995
2026-12-10,10,2026-12-01,True,VALLE,22232984.67,451260.5775,196627702.67000002,127808006.74,381.4542,383571.49,67689.09,85.0,15.0,Cubierta (85.0% Contratos / 15.0% Bolsa),1353.7817325,516405.72774540156,794470.3503495684,730912.722321603,-63557.62802796543,63557.62802796543,7.999999999999995
2026-12-10,10,2026-12-01,True,SANTANDER,17630424.54,451260.5775,196627702.67000002,127808006.74,381.4542,383571.49,67689.09,85.0,15.0,Cubierta (85.0% Contratos / 15.0% Bolsa),1353.7817325,516405.72774540156,794470.3503495684,730912.722321603,-63557.62802796543,63557.62802796543,7.999999999999995
2026-12-10,10,2026-12-01,True,CUNDINAMARCA,11159601.02,451260.5775,196627702.67000002,127808006.74,381.4542,383571.49,67689.09,85.0,15.0,Cubierta (85.0% Contratos / 15.0% Bolsa),1353.7817325,516405.72774540156,794470.3503495684,730912.722321603,-63557.62802796543,63557.62802796543,7.999999999999995
2026-12-10,10,2026-12-01,True,TOLIMA,9396648.05,451260.5775,196627702.67000002,127808006.74,381.4542,383571.49,67689.09,85.0,15.0,Cubierta (85.0% Contratos / 15.0% Bolsa),1353.7817325,516405.72774540156,794470.3503495684,730912.722321603,-63557.62802796543,63557.62802796543,7.999999999999995
2026-12-11,11,2026-12-01,True,ANTIOQUIA,31126064.15,452303.65875,197082204.23000002,128103432.75,381.1981,384458.11,67845.55,85.0,15.0,Cubierta (85.0% Contratos / 15.0% Bolsa),1356.91097625,517251.8860156451,795772.1323286559,732110.3617423634,-63661.77058629249,63661.77058629249,8.000000000000004
2026-12-11,11,2026-12-01,True,BOGOTA,43352196.81,452303.65875,197082204.23000002,128103432.75,381.1981,384458.11,67845.55,85.0,15.0,Cubierta (85.0% Contratos / 15.0% Bolsa),1356.91097625,517251.8860156451,795772.1323286559,732110.3617423634,-63661.77058629249,63661.77058629249,8.000000000000004
2026-12-11,11,2026-12-01,True,CARIBE_MAR,34515197.39,452303.65875,197082204.23000002,128103432.75,381.1981,384458.11,67845.55,85.0,15.0,Cubierta (85.0% Contratos / 15.0% Bolsa),1356.91097625,517251.8860156451,795772.1323286559,732110.3617423634,-63661.77058629249,63661.77058629249,8.000000000000004
2026-12-11,11,2026-12-01,True,CARIBE_SOL,27773928.88,452303.65875,197082204.23000002,128103432.75,381.1981,384458.11,67845.55,85.0,15.0,Cubierta (85.0% Contratos / 15.0% Bolsa),1356.91097625,517251.8860156451,795772.1323286559,732110.3617423634,-63661.77058629249,63661.77058629249,8.000000000000004
2026-12-11,11,2026-12-01,True,VALLE,22504698.47,452303.65875,197082204.23000002,128103432.75,381.1981,384458.11,67845.55,85.0,15.0,Cubierta (85.0% Contratos / 15.0% Bolsa),1356.91097625,517251.8860156451,795772.1323286559,732110.3617423634,-63661.77058629249,63661.77058629249,8.000000000000004
2026-12-11,11,2026-12-01,True,SANTANDER,17337352.1,452303.65875,197082204.23000002,128103432.75,381.1981,384458.11,67845.55,85.0,15.0,Cubierta (85.0% Contratos / 15.0% Bolsa),1356.91097625,517251.8860156451,795772.1323286559,732110.3617423634,-63661.77058629249,63661.77058629249,8.000000000000004
2026-12-11,11,2026-12-01,True,CUNDINAMARCA,11156667.85,452303.65875,197082204.23000002,128103432.75,381.1981,384458.11,67845.55,85.0,15.0,Cubierta (85.0% Contratos / 15.0% Bolsa),1356.91097625,517251.8860156451,795772.1323286559,732110.3617423634,-63661.77058629249,63661.77058629249,8.000000000000004
2026-12-11,11,2026-12-01,True,TOLIMA,9316098.58,452303.65875,197082204.23000002,128103432.75,381.1981,384458.11,67845.55,85.0,15.0,Cubierta (85.0% Contratos / 15.0% Bolsa),1356.91097625,517251.8860156451,795772.1323286559,732110.3617423634,-63661.77058629249,63661.77058629249,8.000000000000004
2026-12-12,12,2026-12-01,True,ANTIOQUIA,25978334.97,322358.75,166593669.46999997,108285885.16,380.8889,274004.94,48353.81,85.0,15.0,Cubierta (85.0% Contratos / 15.0% Bolsa),967.0762500000001,368348.609078625,566690.1677897193,521354.95436654176,-45335.21342317754,45335.21342317754,8.0
2026-12-12,12,2026-12-01,True,BOGOTA,36976436.91,322358.75,166593669.46999997,108285885.16,380.8889,274004.94,48353.81,85.0,15.0,Cubierta (85.0% Contratos / 15.0% Bolsa),967.0762500000001,368348.609078625,566690.1677897193,521354.95436654176,-45335.21342317754,45335.21342317754,8.0
2026-12-12,12,2026-12-01,True,CARIBE_MAR,29461451.08,322358.75,166593669.46999997,108285885.16,380.8889,274004.94,48353.81,85.0,15.0,Cubierta (85.0% Contratos / 15.0% Bolsa),967.0762500000001,368348.609078625,566690.1677897193,521354.95436654176,-45335.21342317754,45335.21342317754,8.0
2026-12-12,12,2026-12-01,True,CARIBE_SOL,23061166.4,322358.75,166593669.46999997,108285885.16,380.8889,274004.94,48353.81,85.0,15.0,Cubierta (85.0% Contratos / 15.0% Bolsa),967.0762500000001,368348.609078625,566690.1677897193,521354.95436654176,-45335.21342317754,45335.21342317754,8.0
2026-12-12,12,2026-12-01,True,VALLE,19062387.17,322358.75,166593669.46999997,108285885.16,380.8889,274004.94,48353.81,85.0,15.0,Cubierta (85.0% Contratos / 15.0% Bolsa),967.0762500000001,368348.609078625,566690.1677897193,521354.95436654176,-45335.21342317754,45335.21342317754,8.0
2026-12-12,12,2026-12-01,True,SANTANDER,14776699.21,322358.75,166593669.46999997,108285885.16,380.8889,274004.94,48353.81,85.0,15.0,Cubierta (85.0% Contratos / 15.0% Bolsa),967.0762500000001,368348.609078625,566690.1677897193,521354.95436654176,-45335.21342317754,45335.21342317754,8.0
2026-12-12,12,2026-12-01,True,CUNDINAMARCA,9388495.85,322358.75,166593669.46999997,108285885.16,380.8889,274004.94,48353.81,85.0,15.0,Cubierta (85.0% Contratos / 15.0% Bolsa),967.0762500000001,368348.609078625,566690.1677897193,521354.95436654176,-45335.21342317754,45335.21342317754,8.0
2026-12-12,12,2026-12-01,True,TOLIMA,7888697.88,322358.75,166593669.46999997,108285885.16,380.8889,274004.94,48353.81,85.0,15.0,Cubierta (85.0% Contratos / 15.0% Bolsa),967.0762500000001,368348.609078625,566690.1677897193,521354.95436654176,-45335.21342317754,45335.21342317754,8.0
2026-12-13,13,2026-12-01,True,ANTIOQUIA,26397311.28,322971.55625,166910364.79000002,108491737.11,380.5362,274525.82,48445.73,85.0,15.0,Cubierta (85.0% Contratos / 15.0% Bolsa),968.9146687500001,368707.1061703838,567241.70181889,521862.36567337887,-45379.33614551119,45379.33614551119,7.999999999999997
2026-12-13,13,2026-12-01,True,BOGOTA,36996092.29,322971.55625,166910364.79000002,108491737.11,380.5362,274525.82,48445.73,85.0,15.0,Cubierta (85.0% Contratos / 15.0% Bolsa),968.9146687500001,368707.1061703838,567241.70181889,521862.36567337887,-45379.33614551119,45379.33614551119,7.999999999999997
2026-12-13,13,2026-12-01,True,CARIBE_MAR,29577803.13,322971.55625,166910364.79000002,108491737.11,380.5362,274525.82,48445.73,85.0,15.0,Cubierta (85.0% Contratos / 15.0% Bolsa),968.9146687500001,368707.1061703838,567241.70181889,521862.36567337887,-45379.33614551119,45379.33614551119,7.999999999999997
2026-12-13,13,2026-12-01,True,CARIBE_SOL,23302594.87,322971.55625,166910364.79000002,108491737.11,380.5362,274525.82,48445.73,85.0,15.0,Cubierta (85.0% Contratos / 15.0% Bolsa),968.9146687500001,368707.1061703838,567241.70181889,521862.36567337887,-45379.33614551119,45379.33614551119,7.999999999999997
2026-12-13,13,2026-12-01,True,VALLE,18705304.85,322971.55625,166910364.79000002,108491737.11,380.5362,274525.82,48445.73,85.0,15.0,Cubierta (85.0% Contratos / 15.0% Bolsa),968.9146687500001,368707.1061703838,567241.70181889,521862.36567337887,-45379.33614551119,45379.33614551119,7.999999999999997
2026-12-13,13,2026-12-01,True,SANTANDER,14613951.36,322971.55625,166910364.79000002,108491737.11,380.5362,274525.82,48445.73,85.0,15.0,Cubierta (85.0% Contratos / 15.0% Bolsa),968.9146687500001,368707.1061703838,567241.70181889,521862.36567337887,-45379.33614551119,45379.33614551119,7.999999999999997
2026-12-13,13,2026-12-01,True,CUNDINAMARCA,9530951.75,322971.55625,166910364.79000002,108491737.11,380.5362,274525.82,48445.73,85.0,15.0,Cubierta (85.0% Contratos / 15.0% Bolsa),968.9146687500001,368707.1061703838,567241.70181889,521862.36567337887,-45379.33614551119,45379.33614551119,7.999999999999997
2026-12-13,13,2026-12-01,True,TOLIMA,7786355.26,322971.55625,166910364.79000002,108491737.11,380.5362,274525.82,48445.73,85.0,15.0,Cubierta (85.0% Contratos / 15.0% Bolsa),968.9146687500001,368707.1061703838,567241.70181889,521862.36567337887,-45379.33614551119,45379.33614551119,7.999999999999997
2026-12-14,14,2026-12-01,True,ANTIOQUIA,31135255.65,453998.00875,197820483.35,128583314.18,380.15,385898.31,68099.7,85.0,15.0,Cubierta (85.0% Contratos / 15.0% Bolsa),1361.99402625,517762.0290789374,796556.9677982626,732832.4103744016,-63724.557423861,63724.557423861,7.999999999999999
2026-12-14,14,2026-12-01,True,BOGOTA,43596344.17,453998.00875,197820483.35,128583314.18,380.15,385898.31,68099.7,85.0,15.0,Cubierta (85.0% Contratos / 15.0% Bolsa),1361.99402625,517762.0290789374,796556.9677982626,732832.4103744016,-63724.557423861,63724.557423861,7.999999999999999
2026-12-14,14,2026-12-01,True,CARIBE_MAR,34969297.64,453998.00875,197820483.35,128583314.18,380.15,385898.31,68099.7,85.0,15.0,Cubierta (85.0% Contratos / 15.0% Bolsa),1361.99402625,517762.0290789374,796556.9677982626,732832.4103744016,-63724.557423861,63724.557423861,7.999999999999999
2026-12-14,14,2026-12-01,True,CARIBE_SOL,27568634.81,453998.00875,197820483.35,128583314.18,380.15,385898.31,68099.7,85.0,15.0,Cubierta (85.0% Contratos / 15.0% Bolsa),1361.99402625,517762.0290789374,796556.9677982626,732832.4103744016,-63724.557423861,63724.557423861,7.999999999999999
2026-12-14,14,2026-12-01,True,VALLE,22480200.3,453998.00875,197820483.35,128583314.18,380.15,385898.31,68099.7,85.0,15.0,Cubierta (85.0% Contratos / 15.0% Bolsa),1361.99402625,517762.0290789374,796556.9677982626,732832.4103744016,-63724.557423861,63724.557423861,7.999999999999999
2026-12-14,14,2026-12-01,True,SANTANDER,17497631.32,453998.00875,197820483.35,128583314.18,380.15,385898.31,68099.7,85.0,15.0,Cubierta (85.0% Contratos / 15.0% Bolsa),1361.99402625,517762.0290789374,796556.9677982626,732832.4103744016,-63724.557423861,63724.557423861,7.999999999999999
2026-12-14,14,2026-12-01,True,CUNDINAMARCA,11262484.08,453998.00875,197820483.35,128583314.18,380.15,385898.31,68099.7,85.0,15.0,Cubierta (85.0% Contratos / 15.0% Bolsa),1361.99402625,517762.0290789374,796556.9677982626,732832.4103744016,-63724.557423861,63724.557423861,7.999999999999999
2026-12-14,14,2026-12-01,True,TOLIMA,9310635.38,453998.00875,197820483.35,128583314.18,380.15,385898.31,68099.7,85.0,15.0,Cubierta (85.0% Contratos / 15.0% Bolsa),1361.99402625,517762.0290789374,796556.9677982626,732832.4103744016,-63724.557423861,63724.557423861,7.999999999999999
2026-12-15,15,2026-12-01,True,ANTIOQUIA,31371977.94,454865.5475,198198495.85999998,128829022.31,379.7413,386635.72,68229.83,85.0,15.0,Cubierta (85.0% Contratos / 15.0% Bolsa),1364.5966425,518193.70299858524,797221.0815300967,733443.395007689,-63777.68652240769,63777.68652240769,7.999999999999995
2026-12-15,15,2026-12-01,True,BOGOTA,44103582.83,454865.5475,198198495.85999998,128829022.31,379.7413,386635.72,68229.83,85.0,15.0,Cubierta (85.0% Contratos / 15.0% Bolsa),1364.5966425,518193.70299858524,797221.0815300967,733443.395007689,-63777.68652240769,63777.68652240769,7.999999999999995
2026-12-15,15,2026-12-01,True,CARIBE_MAR,34811227.96,454865.5475,198198495.85999998,128829022.31,379.7413,386635.72,68229.83,85.0,15.0,Cubierta (85.0% Contratos / 15.0% Bolsa),1364.5966425,518193.70299858524,797221.0815300967,733443.395007689,-63777.68652240769,63777.68652240769,7.999999999999995
2026-12-15,15,2026-12-01,True,CARIBE_SOL,27358014.31,454865.5475,198198495.85999998,128829022.31,379.7413,386635.72,68229.83,85.0,15.0,Cubierta (85.0% Contratos / 15.0% Bolsa),1364.5966425,518193.70299858524,797221.0815300967,733443.395007689,-63777.68652240769,63777.68652240769,7.999999999999995
2026-12-15,15,2026-12-01,True,VALLE,22527332.08,454865.5475,198198495.85999998,128829022.31,379.7413,386635.72,68229.83,85.0,15.0,Cubierta (85.0% Contratos / 15.0% Bolsa),1364.5966425,518193.70299858524,797221.0815300967,733443.395007689,-63777.68652240769,63777.68652240769,7.999999999999995
2026-12-15,15,2026-12-01,True,SANTANDER,17449460.2,454865.5475,198198495.85999998,128829022.31,379.7413,386635.72,68229.83,85.0,15.0,Cubierta (85.0% Contratos / 15.0% Bolsa),1364.5966425,518193.70299858524,797221.0815300967,733443.395007689,-63777.68652240769,63777.68652240769,7.999999999999995
2026-12-15,15,2026-12-01,True,CUNDINAMARCA,11259595.88,454865.5475,198198495.85999998,128829022.31,379.7413,386635.72,68229.83,85.0,15.0,Cubierta (85.0% Contratos / 15.0% Bolsa),1364.5966425,518193.70299858524,797221.0815300967,733443.395007689,-63777.68652240769,63777.68652240769,7.999999999999995
2026-12-15,15,2026-12-01,True,TOLIMA,9317304.66,454865.5475,198198495.85999998,128829022.31,379.7413,386635.72,68229.83,85.0,15.0,Cubierta (85.0% Contratos / 15.0% Bolsa),1364.5966425,518193.70299858524,797221.0815300967,733443.395007689,-63777.68652240769,63777.68652240769,7.999999999999995
2026-12-16,16,2026-12-01,True,ANTIOQUIA,30992502.86,455167.82625,198330207.45000002,128914634.84,379.3216,386892.65,68275.17,85.0,15.0,Cubierta (85.0% Contratos / 15.0% Bolsa),1365.5034787499999,517964.96436501597,796869.1759616319,733119.6418847014,-63749.53407693049,63749.53407693049,7.999999999999992
2026-12-16,16,2026-12-01,True,BOGOTA,43769687.76,455167.82625,198330207.45000002,128914634.84,379.3216,386892.65,68275.17,85.0,15.0,Cubierta (85.0% Contratos / 15.0% Bolsa),1365.5034787499999,517964.96436501597,796869.1759616319,733119.6418847014,-63749.53407693049,63749.53407693049,7.999999999999992
2026-12-16,16,2026-12-01,True,CARIBE_MAR,35410064.52,455167.82625,198330207.45000002,128914634.84,379.3216,386892.65,68275.17,85.0,15.0,Cubierta (85.0% Contratos / 15.0% Bolsa),1365.5034787499999,517964.96436501597,796869.1759616319,733119.6418847014,-63749.53407693049,63749.53407693049,7.999999999999992
2026-12-16,16,2026-12-01,True,CARIBE_SOL,27601544.82,455167.82625,198330207.45000002,128914634.84,379.3216,386892.65,68275.17,85.0,15.0,Cubierta (85.0% Contratos / 15.0% Bolsa),1365.5034787499999,517964.96436501597,796869.1759616319,733119.6418847014,-63749.53407693049,63749.53407693049,7.999999999999992
2026-12-16,16,2026-12-01,True,VALLE,22363282.69,455167.82625,198330207.45000002,128914634.84,379.3216,386892.65,68275.17,85.0,15.0,Cubierta (85.0% Contratos / 15.0% Bolsa),1365.5034787499999,517964.96436501597,796869.1759616319,733119.6418847014,-63749.53407693049,63749.53407693049,7.999999999999992
2026-12-16,16,2026-12-01,True,SANTANDER,17458717.53,455167.82625,198330207.45000002,128914634.84,379.3216,386892.65,68275.17,85.0,15.0,Cubierta (85.0% Contratos / 15.0% Bolsa),1365.5034787499999,517964.96436501597,796869.1759616319,733119.6418847014,-63749.53407693049,63749.53407693049,7.999999999999992
2026-12-16,16,2026-12-01,True,CUNDINAMARCA,11266156.78,455167.82625,198330207.45000002,128914634.84,379.3216,386892.65,68275.17,85.0,15.0,Cubierta (85.0% Contratos / 15.0% Bolsa),1365.5034787499999,517964.96436501597,796869.1759616319,733119.6418847014,-63749.53407693049,63749.53407693049,7.999999999999992
2026-12-16,16,2026-12-01,True,TOLIMA,9468250.49,455167.82625,198330207.45000002,128914634.84,379.3216,386892.65,68275.17,85.0,15.0,Cubierta (85.0% Contratos / 15.0% Bolsa),1365.5034787499999,517964.96436501597,796869.1759616319,733119.6418847014,-63749.53407693049,63749.53407693049,7.999999999999992
2026-12-17,17,2026-12-01,True,ANTIOQUIA,31654609.85,454818.875,198178159.12000006,128815803.43,378.9024,386596.04,68222.83,85.0,15.0,Cubierta (85.0% Contratos / 15.0% Bolsa),1364.456625,516995.8899084,795378.2921544204,731748.0287820668,-63630.26337235363,63630.26337235363,7.999999999999999
2026-12-17,17,2026-12-01,True,BOGOTA,44050804.26,454818.875,198178159.12000006,128815803.43,378.9024,386596.04,68222.83,85.0,15.0,Cubierta (85.0% Contratos / 15.0% Bolsa),1364.456625,516995.8899084,795378.2921544204,731748.0287820668,-63630.26337235363,63630.26337235363,7.999999999999999
2026-12-17,17,2026-12-01,True,CARIBE_MAR,34728801.95,454818.875,198178159.12000006,128815803.43,378.9024,386596.04,68222.83,85.0,15.0,Cubierta (85.0% Contratos / 15.0% Bolsa),1364.456625,516995.8899084,795378.2921544204,731748.0287820668,-63630.26337235363,63630.26337235363,7.999999999999999
2026-12-17,17,2026-12-01,True,CARIBE_SOL,27380566.3,454818.875,198178159.12000006,128815803.43,378.9024,386596.04,68222.83,85.0,15.0,Cubierta (85.0% Contratos / 15.0% Bolsa),1364.456625,516995.8899084,795378.2921544204,731748.0287820668,-63630.26337235363,63630.26337235363,7.999999999999999
2026-12-17,17,2026-12-01,True,VALLE,22366076.11,454818.875,198178159.12000006,128815803.43,378.9024,386596.04,68222.83,85.0,15.0,Cubierta (85.0% Contratos / 15.0% Bolsa),1364.456625,516995.8899084,795378.2921544204,731748.0287820668,-63630.26337235363,63630.26337235363,7.999999999999999
2026-12-17,17,2026-12-01,True,SANTANDER,17551817.46,454818.875,198178159.12000006,128815803.43,378.9024,386596.04,68222.83,85.0,15.0,Cubierta (85.0% Contratos / 15.0% Bolsa),1364.456625,516995.8899084,795378.2921544204,731748.0287820668,-63630.26337235363,63630.26337235363,7.999999999999999
2026-12-17,17,2026-12-01,True,CUNDINAMARCA,11083741.33,454818.875,198178159.12000006,128815803.43,378.9024,386596.04,68222.83,85.0,15.0,Cubierta (85.0% Contratos / 15.0% Bolsa),1364.456625,516995.8899084,795378.2921544204,731748.0287820668,-63630.26337235363,63630.26337235363,7.999999999999999
2026-12-17,17,2026-12-01,True,TOLIMA,9361741.86,454818.875,198178159.12000006,128815803.43,378.9024,386596.04,68222.83,85.0,15.0,Cubierta (85.0% Contratos / 15.0% Bolsa),1364.456625,516995.8899084,795378.2921544204,731748.0287820668,-63630.26337235363,63630.26337235363,7.999999999999999
2026-12-18,18,2026-12-01,True,ANTIOQUIA,30654776.73,455527.34125,198486858.99,129016458.34,378.4953,387198.24,68329.1,85.0,15.0,Cubierta (85.0% Contratos / 15.0% Bolsa),1366.58202375,517244.87305386335,795761.3431813775,732100.4357268673,-63660.90745451022,63660.90745451022,8.000000000000004
2026-12-18,18,2026-12-01,True,BOGOTA,44486815.77,455527.34125,198486858.99,129016458.34,378.4953,387198.24,68329.1,85.0,15.0,Cubierta (85.0% Contratos / 15.0% Bolsa),1366.58202375,517244.87305386335,795761.3431813775,732100.4357268673,-63660.90745451022,63660.90745451022,8.000000000000004
2026-12-18,18,2026-12-01,True,CARIBE_MAR,34642678.42,455527.34125,198486858.99,129016458.34,378.4953,387198.24,68329.1,85.0,15.0,Cubierta (85.0% Contratos / 15.0% Bolsa),1366.58202375,517244.87305386335,795761.3431813775,732100.4357268673,-63660.90745451022,63660.90745451022,8.000000000000004
2026-12-18,18,2026-12-01,True,CARIBE_SOL,27649694.41,455527.34125,198486858.99,129016458.34,378.4953,387198.24,68329.1,85.0,15.0,Cubierta (85.0% Contratos / 15.0% Bolsa),1366.58202375,517244.87305386335,795761.3431813775,732100.4357268673,-63660.90745451022,63660.90745451022,8.000000000000004
2026-12-18,18,2026-12-01,True,VALLE,22768121.96,455527.34125,198486858.99,129016458.34,378.4953,387198.24,68329.1,85.0,15.0,Cubierta (85.0% Contratos / 15.0% Bolsa),1366.58202375,517244.87305386335,795761.3431813775,732100.4357268673,-63660.90745451022,63660.90745451022,8.000000000000004
2026-12-18,18,2026-12-01,True,SANTANDER,17573585.46,455527.34125,198486858.99,129016458.34,378.4953,387198.24,68329.1,85.0,15.0,Cubierta (85.0% Contratos / 15.0% Bolsa),1366.58202375,517244.87305386335,795761.3431813775,732100.4357268673,-63660.90745451022,63660.90745451022,8.000000000000004
2026-12-18,18,2026-12-01,True,CUNDINAMARCA,11261694.26,455527.34125,198486858.99,129016458.34,378.4953,387198.24,68329.1,85.0,15.0,Cubierta (85.0% Contratos / 15.0% Bolsa),1366.58202375,517244.87305386335,795761.3431813775,732100.4357268673,-63660.90745451022,63660.90745451022,8.000000000000004
2026-12-18,18,2026-12-01,True,TOLIMA,9449491.98,455527.34125,198486858.99,129016458.34,378.4953,387198.24,68329.1,85.0,15.0,Cubierta (85.0% Contratos / 15.0% Bolsa),1366.58202375,517244.87305386335,795761.3431813775,732100.4357268673,-63660.90745451022,63660.90745451022,8.000000000000004
2026-12-19,19,2026-12-01,True,ANTIOQUIA,26305253.97,322830.21375,166837320.07000002,108444258.05,378.1116,274405.68,48424.53,85.0,15.0,Cubierta (85.0% Contratos / 15.0% Bolsa),968.49064125,366197.5459480635,563380.8398967198,518310.37270498223,-45070.46719173755,45070.46719173755,7.999999999999995
2026-12-19,19,2026-12-01,True,BOGOTA,36619778.54,322830.21375,166837320.07000002,108444258.05,378.1116,274405.68,48424.53,85.0,15.0,Cubierta (85.0% Contratos / 15.0% Bolsa),968.49064125,366197.5459480635,563380.8398967198,518310.37270498223,-45070.46719173755,45070.46719173755,7.999999999999995
2026-12-19,19,2026-12-01,True,CARIBE_MAR,29392091.08,322830.21375,166837320.07000002,108444258.05,378.1116,274405.68,48424.53,85.0,15.0,Cubierta (85.0% Contratos / 15.0% Bolsa),968.49064125,366197.5459480635,563380.8398967198,518310.37270498223,-45070.46719173755,45070.46719173755,7.999999999999995
2026-12-19,19,2026-12-01,True,CARIBE_SOL,23183376.18,322830.21375,166837320.07000002,108444258.05,378.1116,274405.68,48424.53,85.0,15.0,Cubierta (85.0% Contratos / 15.0% Bolsa),968.49064125,366197.5459480635,563380.8398967198,518310.37270498223,-45070.46719173755,45070.46719173755,7.999999999999995
2026-12-19,19,2026-12-01,True,VALLE,19014431.31,322830.21375,166837320.07000002,108444258.05,378.1116,274405.68,48424.53,85.0,15.0,Cubierta (85.0% Contratos / 15.0% Bolsa),968.49064125,366197.5459480635,563380.8398967198,518310.37270498223,-45070.46719173755,45070.46719173755,7.999999999999995
2026-12-19,19,2026-12-01,True,SANTANDER,14847285.9,322830.21375,166837320.07000002,108444258.05,378.1116,274405.68,48424.53,85.0,15.0,Cubierta (85.0% Contratos / 15.0% Bolsa),968.49064125,366197.5459480635,563380.8398967198,518310.37270498223,-45070.46719173755,45070.46719173755,7.999999999999995
2026-12-19,19,2026-12-01,True,CUNDINAMARCA,9564799.91,322830.21375,166837320.07000002,108444258.05,378.1116,274405.68,48424.53,85.0,15.0,Cubierta (85.0% Contratos / 15.0% Bolsa),968.49064125,366197.5459480635,563380.8398967198,518310.37270498223,-45070.46719173755,45070.46719173755,7.999999999999995
2026-12-19,19,2026-12-01,True,TOLIMA,7910303.18,322830.21375,166837320.07000002,108444258.05,378.1116,274405.68,48424.53,85.0,15.0,Cubierta (85.0% Contratos / 15.0% Bolsa),968.49064125,366197.5459480635,563380.8398967198,518310.37270498223,-45070.46719173755,45070.46719173755,7.999999999999995
2026-12-20,20,2026-12-01,True,ANTIOQUIA,26614304.02,324174.29875,167531937.63,108895759.46,377.7623,275548.15,48626.14,85.0,15.0,Cubierta (85.0% Contratos / 15.0% Bolsa),972.52289625,367382.4860900614,565203.8247513454,519987.5187712378,-45216.30598010763,45216.30598010763,7.999999999999999
2026-12-20,20,2026-12-01,True,BOGOTA,37108822.47,324174.29875,167531937.63,108895759.46,377.7623,275548.15,48626.14,85.0,15.0,Cubierta (85.0% Contratos / 15.0% Bolsa),972.52289625,367382.4860900614,565203.8247513454,519987.5187712378,-45216.30598010763,45216.30598010763,7.999999999999999
2026-12-20,20,2026-12-01,True,CARIBE_MAR,29444080.69,324174.29875,167531937.63,108895759.46,377.7623,275548.15,48626.14,85.0,15.0,Cubierta (85.0% Contratos / 15.0% Bolsa),972.52289625,367382.4860900614,565203.8247513454,519987.5187712378,-45216.30598010763,45216.30598010763,7.999999999999999
2026-12-20,20,2026-12-01,True,CARIBE_SOL,23096516.45,324174.29875,167531937.63,108895759.46,377.7623,275548.15,48626.14,85.0,15.0,Cubierta (85.0% Contratos / 15.0% Bolsa),972.52289625,367382.4860900614,565203.8247513454,519987.5187712378,-45216.30598010763,45216.30598010763,7.999999999999999
2026-12-20,20,2026-12-01,True,VALLE,18817857.15,324174.29875,167531937.63,108895759.46,377.7623,275548.15,48626.14,85.0,15.0,Cubierta (85.0% Contratos / 15.0% Bolsa),972.52289625,367382.4860900614,565203.8247513454,519987.5187712378,-45216.30598010763,45216.30598010763,7.999999999999999
2026-12-20,20,2026-12-01,True,SANTANDER,14990726.7,324174.29875,167531937.63,108895759.46,377.7623,275548.15,48626.14,85.0,15.0,Cubierta (85.0% Contratos / 15.0% Bolsa),972.52289625,367382.4860900614,565203.8247513454,519987.5187712378,-45216.30598010763,45216.30598010763,7.999999999999999
2026-12-20,20,2026-12-01,True,CUNDINAMARCA,9478588.14,324174.29875,167531937.63,108895759.46,377.7623,275548.15,48626.14,85.0,15.0,Cubierta (85.0% Contratos / 15.0% Bolsa),972.52289625,367382.4860900614,565203.8247513454,519987.5187712378,-45216.30598010763,45216.30598010763,7.999999999999999
2026-12-20,20,2026-12-01,True,TOLIMA,7981042.01,324174.29875,167531937.63,108895759.46,377.7623,275548.15,48626.14,85.0,15.0,Cubierta (85.0% Contratos / 15.0% Bolsa),972.52289625,367382.4860900614,565203.8247513454,519987.5187712378,-45216.30598010763,45216.30598010763,7.999999999999999
2026-12-21,21,2026-12-01,True,ANTIOQUIA,30658233.54,454427.84875,198007777.40999997,128705055.32,377.4575,386263.67,68164.18,85.0,15.0,Cubierta (85.0% Contratos / 15.0% Bolsa),1363.28354625,514581.59915865934,791663.9986841013,728330.8787893732,-63333.119894728065,63333.119894728065,7.999999999999995
2026-12-21,21,2026-12-01,True,BOGOTA,43832076.41,454427.84875,198007777.40999997,128705055.32,377.4575,386263.67,68164.18,85.0,15.0,Cubierta (85.0% Contratos / 15.0% Bolsa),1363.28354625,514581.59915865934,791663.9986841013,728330.8787893732,-63333.119894728065,63333.119894728065,7.999999999999995
2026-12-21,21,2026-12-01,True,CARIBE_MAR,35226639.55,454427.84875,198007777.40999997,128705055.32,377.4575,386263.67,68164.18,85.0,15.0,Cubierta (85.0% Contratos / 15.0% Bolsa),1363.28354625,514581.59915865934,791663.9986841013,728330.8787893732,-63333.119894728065,63333.119894728065,7.999999999999995
2026-12-21,21,2026-12-01,True,CARIBE_SOL,27372919.9,454427.84875,198007777.40999997,128705055.32,377.4575,386263.67,68164.18,85.0,15.0,Cubierta (85.0% Contratos / 15.0% Bolsa),1363.28354625,514581.59915865934,791663.9986841013,728330.8787893732,-63333.119894728065,63333.119894728065,7.999999999999995
2026-12-21,21,2026-12-01,True,VALLE,22488395.08,454427.84875,198007777.40999997,128705055.32,377.4575,386263.67,68164.18,85.0,15.0,Cubierta (85.0% Contratos / 15.0% Bolsa),1363.28354625,514581.59915865934,791663.9986841013,728330.8787893732,-63333.119894728065,63333.119894728065,7.999999999999995
2026-12-21,21,2026-12-01,True,SANTANDER,17680485.06,454427.84875,198007777.40999997,128705055.32,377.4575,386263.67,68164.18,85.0,15.0,Cubierta (85.0% Contratos / 15.0% Bolsa),1363.28354625,514581.59915865934,791663.9986841013,728330.8787893732,-63333.119894728065,63333.119894728065,7.999999999999995
2026-12-21,21,2026-12-01,True,CUNDINAMARCA,11354867.82,454427.84875,198007777.40999997,128705055.32,377.4575,386263.67,68164.18,85.0,15.0,Cubierta (85.0% Contratos / 15.0% Bolsa),1363.28354625,514581.59915865934,791663.9986841013,728330.8787893732,-63333.119894728065,63333.119894728065,7.999999999999995
2026-12-21,21,2026-12-01,True,TOLIMA,9394160.05,454427.84875,198007777.40999997,128705055.32,377.4575,386263.67,68164.18,85.0,15.0,Cubierta (85.0% Contratos / 15.0% Bolsa),1363.28354625,514581.59915865934,791663.9986841013,728330.8787893732,-63333.119894728065,63333.119894728065,7.999999999999995
2026-12-22,22,2026-12-01,True,ANTIOQUIA,31436888.92,456110.6275,198741014.15,129181659.2,377.2065,387694.03,68416.59,85.0,15.0,Cubierta (85.0% Contratos / 15.0% Bolsa),1368.3318825000001,516143.6802362363,794067.2003480733,730541.8243202275,-63525.37602784578,63525.37602784578,7.999999999999989
2026-12-22,22,2026-12-01,True,BOGOTA,44465718.64,456110.6275,198741014.15,129181659.2,377.2065,387694.03,68416.59,85.0,15.0,Cubierta (85.0% Contratos / 15.0% Bolsa),1368.3318825000001,516143.6802362363,794067.2003480733,730541.8243202275,-63525.37602784578,63525.37602784578,7.999999999999989
2026-12-22,22,2026-12-01,True,CARIBE_MAR,35232514.94,456110.6275,198741014.15,129181659.2,377.2065,387694.03,68416.59,85.0,15.0,Cubierta (85.0% Contratos / 15.0% Bolsa),1368.3318825000001,516143.6802362363,794067.2003480733,730541.8243202275,-63525.37602784578,63525.37602784578,7.999999999999989
2026-12-22,22,2026-12-01,True,CARIBE_SOL,27274191.12,456110.6275,198741014.15,129181659.2,377.2065,387694.03,68416.59,85.0,15.0,Cubierta (85.0% Contratos / 15.0% Bolsa),1368.3318825000001,516143.6802362363,794067.2003480733,730541.8243202275,-63525.37602784578,63525.37602784578,7.999999999999989
2026-12-22,22,2026-12-01,True,VALLE,22476092.56,456110.6275,198741014.15,129181659.2,377.2065,387694.03,68416.59,85.0,15.0,Cubierta (85.0% Contratos / 15.0% Bolsa),1368.3318825000001,516143.6802362363,794067.2003480733,730541.8243202275,-63525.37602784578,63525.37602784578,7.999999999999989
2026-12-22,22,2026-12-01,True,SANTANDER,17401808.87,456110.6275,198741014.15,129181659.2,377.2065,387694.03,68416.59,85.0,15.0,Cubierta (85.0% Contratos / 15.0% Bolsa),1368.3318825000001,516143.6802362363,794067.2003480733,730541.8243202275,-63525.37602784578,63525.37602784578,7.999999999999989
2026-12-22,22,2026-12-01,True,CUNDINAMARCA,11239309.69,456110.6275,198741014.15,129181659.2,377.2065,387694.03,68416.59,85.0,15.0,Cubierta (85.0% Contratos / 15.0% Bolsa),1368.3318825000001,516143.6802362363,794067.2003480733,730541.8243202275,-63525.37602784578,63525.37602784578,7.999999999999989
2026-12-22,22,2026-12-01,True,TOLIMA,9214489.41,456110.6275,198741014.15,129181659.2,377.2065,387694.03,68416.59,85.0,15.0,Cubierta (85.0% Contratos / 15.0% Bolsa),1368.3318825000001,516143.6802362363,794067.2003480733,730541.8243202275,-63525.37602784578,63525.37602784578,7.999999999999989
2026-12-23,23,2026-12-01,True,ANTIOQUIA,30987952.82,455790.58,198601560.02999997,129091014.02,377.0174,387421.99,68368.59,85.0,15.0,Cubierta (85.0% Contratos / 15.0% Bolsa),1367.37174,515522.938248276,793112.2126865835,729663.2356716569,-63448.97701492661,63448.97701492661,7.999999999999992
2026-12-23,23,2026-12-01,True,BOGOTA,43954908.27,455790.58,198601560.02999997,129091014.02,377.0174,387421.99,68368.59,85.0,15.0,Cubierta (85.0% Contratos / 15.0% Bolsa),1367.37174,515522.938248276,793112.2126865835,729663.2356716569,-63448.97701492661,63448.97701492661,7.999999999999992
2026-12-23,23,2026-12-01,True,CARIBE_MAR,35000120.74,455790.58,198601560.02999997,129091014.02,377.0174,387421.99,68368.59,85.0,15.0,Cubierta (85.0% Contratos / 15.0% Bolsa),1367.37174,515522.938248276,793112.2126865835,729663.2356716569,-63448.97701492661,63448.97701492661,7.999999999999992
2026-12-23,23,2026-12-01,True,CARIBE_SOL,27836692.92,455790.58,198601560.02999997,129091014.02,377.0174,387421.99,68368.59,85.0,15.0,Cubierta (85.0% Contratos / 15.0% Bolsa),1367.37174,515522.938248276,793112.2126865835,729663.2356716569,-63448.97701492661,63448.97701492661,7.999999999999992
2026-12-23,23,2026-12-01,True,VALLE,22596642.96,455790.58,198601560.02999997,129091014.02,377.0174,387421.99,68368.59,85.0,15.0,Cubierta (85.0% Contratos / 15.0% Bolsa),1367.37174,515522.938248276,793112.2126865835,729663.2356716569,-63448.97701492661,63448.97701492661,7.999999999999992
2026-12-23,23,2026-12-01,True,SANTANDER,17617068.92,455790.58,198601560.02999997,129091014.02,377.0174,387421.99,68368.59,85.0,15.0,Cubierta (85.0% Contratos / 15.0% Bolsa),1367.37174,515522.938248276,793112.2126865835,729663.2356716569,-63448.97701492661,63448.97701492661,7.999999999999992
2026-12-23,23,2026-12-01,True,CUNDINAMARCA,11298614.54,455790.58,198601560.02999997,129091014.02,377.0174,387421.99,68368.59,85.0,15.0,Cubierta (85.0% Contratos / 15.0% Bolsa),1367.37174,515522.938248276,793112.2126865835,729663.2356716569,-63448.97701492661,63448.97701492661,7.999999999999992
2026-12-23,23,2026-12-01,True,TOLIMA,9309558.86,455790.58,198601560.02999997,129091014.02,377.0174,387421.99,68368.59,85.0,15.0,Cubierta (85.0% Contratos / 15.0% Bolsa),1367.37174,515522.938248276,793112.2126865835,729663.2356716569,-63448.97701492661,63448.97701492661,7.999999999999992
2026-12-24,24,2026-12-01,True,ANTIOQUIA,31448896.99,455759.25125,198587909.25,129082141.01,376.8972,387395.36,68363.89,85.0,15.0,Cubierta (85.0% Contratos / 15.0% Bolsa),1367.2777537499999,515323.15701066446,792804.8569548383,729380.4683984512,-63424.38855638704,63424.38855638704,7.999999999999997
2026-12-24,24,2026-12-01,True,BOGOTA,43408253.64,455759.25125,198587909.25,129082141.01,376.8972,387395.36,68363.89,85.0,15.0,Cubierta (85.0% Contratos / 15.0% Bolsa),1367.2777537499999,515323.15701066446,792804.8569548383,729380.4683984512,-63424.38855638704,63424.38855638704,7.999999999999997
2026-12-24,24,2026-12-01,True,CARIBE_MAR,35224120.79,455759.25125,198587909.25,129082141.01,376.8972,387395.36,68363.89,85.0,15.0,Cubierta (85.0% Contratos / 15.0% Bolsa),1367.2777537499999,515323.15701066446,792804.8569548383,729380.4683984512,-63424.38855638704,63424.38855638704,7.999999999999997
2026-12-24,24,2026-12-01,True,CARIBE_SOL,27813882.68,455759.25125,198587909.25,129082141.01,376.8972,387395.36,68363.89,85.0,15.0,Cubierta (85.0% Contratos / 15.0% Bolsa),1367.2777537499999,515323.15701066446,792804.8569548383,729380.4683984512,-63424.38855638704,63424.38855638704,7.999999999999997
2026-12-24,24,2026-12-01,True,VALLE,22643104.25,455759.25125,198587909.25,129082141.01,376.8972,387395.36,68363.89,85.0,15.0,Cubierta (85.0% Contratos / 15.0% Bolsa),1367.2777537499999,515323.15701066446,792804.8569548383,729380.4683984512,-63424.38855638704,63424.38855638704,7.999999999999997
2026-12-24,24,2026-12-01,True,SANTANDER,17423113.5,455759.25125,198587909.25,129082141.01,376.8972,387395.36,68363.89,85.0,15.0,Cubierta (85.0% Contratos / 15.0% Bolsa),1367.2777537499999,515323.15701066446,792804.8569548383,729380.4683984512,-63424.38855638704,63424.38855638704,7.999999999999997
2026-12-24,24,2026-12-01,True,CUNDINAMARCA,11324093.54,455759.25125,198587909.25,129082141.01,376.8972,387395.36,68363.89,85.0,15.0,Cubierta (85.0% Contratos / 15.0% Bolsa),1367.2777537499999,515323.15701066446,792804.8569548383,729380.4683984512,-63424.38855638704,63424.38855638704,7.999999999999997
2026-12-24,24,2026-12-01,True,TOLIMA,9302443.86,455759.25125,198587909.25,129082141.01,376.8972,387395.36,68363.89,85.0,15.0,Cubierta (85.0% Contratos / 15.0% Bolsa),1367.2777537499999,515323.15701066446,792804.8569548383,729380.4683984512,-63424.38855638704,63424.38855638704,7.999999999999997
2026-12-25,25,2026-12-01,True,ANTIOQUIA,31424230.94,456817.06625,199048830.43000004,129381739.78,376.8513,388294.51,68522.56,85.0,15.0,Cubierta (85.0% Contratos / 15.0% Bolsa),1370.45119875,516456.3158354958,794548.1782053848,730984.323948954,-63563.85425643076,63563.85425643076,7.999999999999997
2026-12-25,25,2026-12-01,True,BOGOTA,43631230.38,456817.06625,199048830.43000004,129381739.78,376.8513,388294.51,68522.56,85.0,15.0,Cubierta (85.0% Contratos / 15.0% Bolsa),1370.45119875,516456.3158354958,794548.1782053848,730984.323948954,-63563.85425643076,63563.85425643076,7.999999999999997
2026-12-25,25,2026-12-01,True,CARIBE_MAR,35223238.82,456817.06625,199048830.43000004,129381739.78,376.8513,388294.51,68522.56,85.0,15.0,Cubierta (85.0% Contratos / 15.0% Bolsa),1370.45119875,516456.3158354958,794548.1782053848,730984.323948954,-63563.85425643076,63563.85425643076,7.999999999999997
2026-12-25,25,2026-12-01,True,CARIBE_SOL,27766133.89,456817.06625,199048830.43000004,129381739.78,376.8513,388294.51,68522.56,85.0,15.0,Cubierta (85.0% Contratos / 15.0% Bolsa),1370.45119875,516456.3158354958,794548.1782053848,730984.323948954,-63563.85425643076,63563.85425643076,7.999999999999997
2026-12-25,25,2026-12-01,True,VALLE,22540048.62,456817.06625,199048830.43000004,129381739.78,376.8513,388294.51,68522.56,85.0,15.0,Cubierta (85.0% Contratos / 15.0% Bolsa),1370.45119875,516456.3158354958,794548.1782053848,730984.323948954,-63563.85425643076,63563.85425643076,7.999999999999997
2026-12-25,25,2026-12-01,True,SANTANDER,17625603.79,456817.06625,199048830.43000004,129381739.78,376.8513,388294.51,68522.56,85.0,15.0,Cubierta (85.0% Contratos / 15.0% Bolsa),1370.45119875,516456.3158354958,794548.1782053848,730984.323948954,-63563.85425643076,63563.85425643076,7.999999999999997
2026-12-25,25,2026-12-01,True,CUNDINAMARCA,11388332.3,456817.06625,199048830.43000004,129381739.78,376.8513,388294.51,68522.56,85.0,15.0,Cubierta (85.0% Contratos / 15.0% Bolsa),1370.45119875,516456.3158354958,794548.1782053848,730984.323948954,-63563.85425643076,63563.85425643076,7.999999999999997
2026-12-25,25,2026-12-01,True,TOLIMA,9450011.69,456817.06625,199048830.43000004,129381739.78,376.8513,388294.51,68522.56,85.0,15.0,Cubierta (85.0% Contratos / 15.0% Bolsa),1370.45119875,516456.3158354958,794548.1782053848,730984.323948954,-63563.85425643076,63563.85425643076,7.999999999999997
2026-12-26,26,2026-12-01,True,ANTIOQUIA,26444322.55,323738.35875,167306645.51999998,108749319.59,376.8838,275177.6,48560.75,85.0,15.0,Cubierta (85.0% Contratos / 15.0% Bolsa),971.21507625,366035.2285543898,563131.1208425508,518080.63117514673,-45050.489667404036,45050.489667404036,7.9999999999999964
2026-12-26,26,2026-12-01,True,BOGOTA,36847956.61,323738.35875,167306645.51999998,108749319.59,376.8838,275177.6,48560.75,85.0,15.0,Cubierta (85.0% Contratos / 15.0% Bolsa),971.21507625,366035.2285543898,563131.1208425508,518080.63117514673,-45050.489667404036,45050.489667404036,7.9999999999999964
2026-12-26,26,2026-12-01,True,CARIBE_MAR,29366772.34,323738.35875,167306645.51999998,108749319.59,376.8838,275177.6,48560.75,85.0,15.0,Cubierta (85.0% Contratos / 15.0% Bolsa),971.21507625,366035.2285543898,563131.1208425508,518080.63117514673,-45050.489667404036,45050.489667404036,7.9999999999999964
2026-12-26,26,2026-12-01,True,CARIBE_SOL,23301861.68,323738.35875,167306645.51999998,108749319.59,376.8838,275177.6,48560.75,85.0,15.0,Cubierta (85.0% Contratos / 15.0% Bolsa),971.21507625,366035.2285543898,563131.1208425508,518080.63117514673,-45050.489667404036,45050.489667404036,7.9999999999999964
2026-12-26,26,2026-12-01,True,VALLE,19098652.0,323738.35875,167306645.51999998,108749319.59,376.8838,275177.6,48560.75,85.0,15.0,Cubierta (85.0% Contratos / 15.0% Bolsa),971.21507625,366035.2285543898,563131.1208425508,518080.63117514673,-45050.489667404036,45050.489667404036,7.9999999999999964
2026-12-26,26,2026-12-01,True,SANTANDER,14803522.23,323738.35875,167306645.51999998,108749319.59,376.8838,275177.6,48560.75,85.0,15.0,Cubierta (85.0% Contratos / 15.0% Bolsa),971.21507625,366035.2285543898,563131.1208425508,518080.63117514673,-45050.489667404036,45050.489667404036,7.9999999999999964
2026-12-26,26,2026-12-01,True,CUNDINAMARCA,9575510.32,323738.35875,167306645.51999998,108749319.59,376.8838,275177.6,48560.75,85.0,15.0,Cubierta (85.0% Contratos / 15.0% Bolsa),971.21507625,366035.2285543898,563131.1208425508,518080.63117514673,-45050.489667404036,45050.489667404036,7.9999999999999964
2026-12-26,26,2026-12-01,True,TOLIMA,7868047.79,323738.35875,167306645.51999998,108749319.59,376.8838,275177.6,48560.75,85.0,15.0,Cubierta (85.0% Contratos / 15.0% Bolsa),971.21507625,366035.2285543898,563131.1208425508,518080.63117514673,-45050.489667404036,45050.489667404036,7.9999999999999964
2026-12-27,27,2026-12-01,True,ANTIOQUIA,26442505.92,324638.35375,167771758.82999998,109051643.24,376.997,275942.6,48695.75,85.0,15.0,Cubierta (85.0% Contratos / 15.0% Bolsa),973.91506125,367163.05634606624,564866.2405298197,519676.9412874342,-45189.29924238555,45189.29924238555,7.999999999999995
2026-12-27,27,2026-12-01,True,BOGOTA,36709202.6,324638.35375,167771758.82999998,109051643.24,376.997,275942.6,48695.75,85.0,15.0,Cubierta (85.0% Contratos / 15.0% Bolsa),973.91506125,367163.05634606624,564866.2405298197,519676.9412874342,-45189.29924238555,45189.29924238555,7.999999999999995
2026-12-27,27,2026-12-01,True,CARIBE_MAR,29447736.53,324638.35375,167771758.82999998,109051643.24,376.997,275942.6,48695.75,85.0,15.0,Cubierta (85.0% Contratos / 15.0% Bolsa),973.91506125,367163.05634606624,564866.2405298197,519676.9412874342,-45189.29924238555,45189.29924238555,7.999999999999995
2026-12-27,27,2026-12-01,True,CARIBE_SOL,23497001.75,324638.35375,167771758.82999998,109051643.24,376.997,275942.6,48695.75,85.0,15.0,Cubierta (85.0% Contratos / 15.0% Bolsa),973.91506125,367163.05634606624,564866.2405298197,519676.9412874342,-45189.29924238555,45189.29924238555,7.999999999999995
2026-12-27,27,2026-12-01,True,VALLE,19220390.32,324638.35375,167771758.82999998,109051643.24,376.997,275942.6,48695.75,85.0,15.0,Cubierta (85.0% Contratos / 15.0% Bolsa),973.91506125,367163.05634606624,564866.2405298197,519676.9412874342,-45189.29924238555,45189.29924238555,7.999999999999995
2026-12-27,27,2026-12-01,True,SANTANDER,14978826.92,324638.35375,167771758.82999998,109051643.24,376.997,275942.6,48695.75,85.0,15.0,Cubierta (85.0% Contratos / 15.0% Bolsa),973.91506125,367163.05634606624,564866.2405298197,519676.9412874342,-45189.29924238555,45189.29924238555,7.999999999999995
2026-12-27,27,2026-12-01,True,CUNDINAMARCA,9503845.48,324638.35375,167771758.82999998,109051643.24,376.997,275942.6,48695.75,85.0,15.0,Cubierta (85.0% Contratos / 15.0% Bolsa),973.91506125,367163.05634606624,564866.2405298197,519676.9412874342,-45189.29924238555,45189.29924238555,7.999999999999995
2026-12-27,27,2026-12-01,True,TOLIMA,7972249.31,324638.35375,167771758.82999998,109051643.24,376.997,275942.6,48695.75,85.0,15.0,Cubierta (85.0% Contratos / 15.0% Bolsa),973.91506125,367163.05634606624,564866.2405298197,519676.9412874342,-45189.29924238555,45189.29924238555,7.999999999999995
2026-12-28,28,2026-12-01,True,ANTIOQUIA,30908800.4,453783.56875,197727045.21,128522579.39,377.1917,385716.03,68067.54,85.0,15.0,Cubierta (85.0% Contratos / 15.0% Bolsa),1361.35070625,513490.1871866382,789984.9033425454,726786.1110751418,-63198.792267403565,63198.792267403565,7.999999999999992
2026-12-28,28,2026-12-01,True,BOGOTA,44066214.14,453783.56875,197727045.21,128522579.39,377.1917,385716.03,68067.54,85.0,15.0,Cubierta (85.0% Contratos / 15.0% Bolsa),1361.35070625,513490.1871866382,789984.9033425454,726786.1110751418,-63198.792267403565,63198.792267403565,7.999999999999992
2026-12-28,28,2026-12-01,True,CARIBE_MAR,34835407.93,453783.56875,197727045.21,128522579.39,377.1917,385716.03,68067.54,85.0,15.0,Cubierta (85.0% Contratos / 15.0% Bolsa),1361.35070625,513490.1871866382,789984.9033425454,726786.1110751418,-63198.792267403565,63198.792267403565,7.999999999999992
2026-12-28,28,2026-12-01,True,CARIBE_SOL,27545809.26,453783.56875,197727045.21,128522579.39,377.1917,385716.03,68067.54,85.0,15.0,Cubierta (85.0% Contratos / 15.0% Bolsa),1361.35070625,513490.1871866382,789984.9033425454,726786.1110751418,-63198.792267403565,63198.792267403565,7.999999999999992
2026-12-28,28,2026-12-01,True,VALLE,22118879.18,453783.56875,197727045.21,128522579.39,377.1917,385716.03,68067.54,85.0,15.0,Cubierta (85.0% Contratos / 15.0% Bolsa),1361.35070625,513490.1871866382,789984.9033425454,726786.1110751418,-63198.792267403565,63198.792267403565,7.999999999999992
2026-12-28,28,2026-12-01,True,SANTANDER,17506954.41,453783.56875,197727045.21,128522579.39,377.1917,385716.03,68067.54,85.0,15.0,Cubierta (85.0% Contratos / 15.0% Bolsa),1361.35070625,513490.1871866382,789984.9033425454,726786.1110751418,-63198.792267403565,63198.792267403565,7.999999999999992
2026-12-28,28,2026-12-01,True,CUNDINAMARCA,11299069.99,453783.56875,197727045.21,128522579.39,377.1917,385716.03,68067.54,85.0,15.0,Cubierta (85.0% Contratos / 15.0% Bolsa),1361.35070625,513490.1871866382,789984.9033425454,726786.1110751418,-63198.792267403565,63198.792267403565,7.999999999999992
2026-12-28,28,2026-12-01,True,TOLIMA,9445909.9,453783.56875,197727045.21,128522579.39,377.1917,385716.03,68067.54,85.0,15.0,Cubierta (85.0% Contratos / 15.0% Bolsa),1361.35070625,513490.1871866382,789984.9033425454,726786.1110751418,-63198.792267403565,63198.792267403565,7.999999999999992
2026-12-29,29,2026-12-01,True,ANTIOQUIA,31043219.28,457092.145,199168690.89999998,129459649.08,377.467,388528.32,68563.82,85.0,15.0,Cubierta (85.0% Contratos / 15.0% Bolsa),1371.276435,517611.602090145,796325.5417079017,732619.4983712697,-63706.04333663208,63706.04333663208,7.999999999999992
2026-12-29,29,2026-12-01,True,BOGOTA,44148622.53,457092.145,199168690.89999998,129459649.08,377.467,388528.32,68563.82,85.0,15.0,Cubierta (85.0% Contratos / 15.0% Bolsa),1371.276435,517611.602090145,796325.5417079017,732619.4983712697,-63706.04333663208,63706.04333663208,7.999999999999992
2026-12-29,29,2026-12-01,True,CARIBE_MAR,35514622.8,457092.145,199168690.89999998,129459649.08,377.467,388528.32,68563.82,85.0,15.0,Cubierta (85.0% Contratos / 15.0% Bolsa),1371.276435,517611.602090145,796325.5417079017,732619.4983712697,-63706.04333663208,63706.04333663208,7.999999999999992
2026-12-29,29,2026-12-01,True,CARIBE_SOL,27930959.71,457092.145,199168690.89999998,129459649.08,377.467,388528.32,68563.82,85.0,15.0,Cubierta (85.0% Contratos / 15.0% Bolsa),1371.276435,517611.602090145,796325.5417079017,732619.4983712697,-63706.04333663208,63706.04333663208,7.999999999999992
2026-12-29,29,2026-12-01,True,VALLE,22602932.14,457092.145,199168690.89999998,129459649.08,377.467,388528.32,68563.82,85.0,15.0,Cubierta (85.0% Contratos / 15.0% Bolsa),1371.276435,517611.602090145,796325.5417079017,732619.4983712697,-63706.04333663208,63706.04333663208,7.999999999999992
2026-12-29,29,2026-12-01,True,SANTANDER,17398840.02,457092.145,199168690.89999998,129459649.08,377.467,388528.32,68563.82,85.0,15.0,Cubierta (85.0% Contratos / 15.0% Bolsa),1371.276435,517611.602090145,796325.5417079017,732619.4983712697,-63706.04333663208,63706.04333663208,7.999999999999992
2026-12-29,29,2026-12-01,True,CUNDINAMARCA,11147961.81,457092.145,199168690.89999998,129459649.08,377.467,388528.32,68563.82,85.0,15.0,Cubierta (85.0% Contratos / 15.0% Bolsa),1371.276435,517611.602090145,796325.5417079017,732619.4983712697,-63706.04333663208,63706.04333663208,7.999999999999992
2026-12-29,29,2026-12-01,True,TOLIMA,9381532.61,457092.145,199168690.89999998,129459649.08,377.467,388528.32,68563.82,85.0,15.0,Cubierta (85.0% Contratos / 15.0% Bolsa),1371.276435,517611.602090145,796325.5417079017,732619.4983712697,-63706.04333663208,63706.04333663208,7.999999999999992
2026-12-30,30,2026-12-01,True,ANTIOQUIA,31112671.71,455348.705,198409021.9,128965864.24,377.8203,387046.4,68302.31,85.0,15.0,Cubierta (85.0% Contratos / 15.0% Bolsa),1366.046115,516119.9529831345,794030.6968663456,730508.241117038,-63522.45574930764,63522.45574930764,7.999999999999999
2026-12-30,30,2026-12-01,True,BOGOTA,43629403.08,455348.705,198409021.9,128965864.24,377.8203,387046.4,68302.31,85.0,15.0,Cubierta (85.0% Contratos / 15.0% Bolsa),1366.046115,516119.9529831345,794030.6968663456,730508.241117038,-63522.45574930764,63522.45574930764,7.999999999999999
2026-12-30,30,2026-12-01,True,CARIBE_MAR,34964046.4,455348.705,198409021.9,128965864.24,377.8203,387046.4,68302.31,85.0,15.0,Cubierta (85.0% Contratos / 15.0% Bolsa),1366.046115,516119.9529831345,794030.6968663456,730508.241117038,-63522.45574930764,63522.45574930764,7.999999999999999
2026-12-30,30,2026-12-01,True,CARIBE_SOL,27736300.26,455348.705,198409021.9,128965864.24,377.8203,387046.4,68302.31,85.0,15.0,Cubierta (85.0% Contratos / 15.0% Bolsa),1366.046115,516119.9529831345,794030.6968663456,730508.241117038,-63522.45574930764,63522.45574930764,7.999999999999999
2026-12-30,30,2026-12-01,True,VALLE,22970119.09,455348.705,198409021.9,128965864.24,377.8203,387046.4,68302.31,85.0,15.0,Cubierta (85.0% Contratos / 15.0% Bolsa),1366.046115,516119.9529831345,794030.6968663456,730508.241117038,-63522.45574930764,63522.45574930764,7.999999999999999
2026-12-30,30,2026-12-01,True,SANTANDER,17354927.55,455348.705,198409021.9,128965864.24,377.8203,387046.4,68302.31,85.0,15.0,Cubierta (85.0% Contratos / 15.0% Bolsa),1366.046115,516119.9529831345,794030.6968663456,730508.241117038,-63522.45574930764,63522.45574930764,7.999999999999999
2026-12-30,30,2026-12-01,True,CUNDINAMARCA,11290855.91,455348.705,198409021.9,128965864.24,377.8203,387046.4,68302.31,85.0,15.0,Cubierta (85.0% Contratos / 15.0% Bolsa),1366.046115,516119.9529831345,794030.6968663456,730508.241117038,-63522.45574930764,63522.45574930764,7.999999999999999
2026-12-30,30,2026-12-01,True,TOLIMA,9350697.9,455348.705,198409021.9,128965864.24,377.8203,387046.4,68302.31,85.0,15.0,Cubierta (85.0% Contratos / 15.0% Bolsa),1366.046115,516119.9529831345,794030.6968663456,730508.241117038,-63522.45574930764,63522.45574930764,7.999999999999999
2026-12-31,31,2026-12-01,True,ANTIOQUIA,31232529.57,456277.06125,198813534.48999998,129228797.42,378.2475,387835.5,68441.56,85.0,15.0,Cubierta (85.0% Contratos / 15.0% Bolsa),1368.83118375,517756.97317547817,796549.1894914898,732825.2543321706,-63723.9351593192,63723.9351593192,8.000000000000002
2026-12-31,31,2026-12-01,True,BOGOTA,43765483.97,456277.06125,198813534.48999998,129228797.42,378.2475,387835.5,68441.56,85.0,15.0,Cubierta (85.0% Contratos / 15.0% Bolsa),1368.83118375,517756.97317547817,796549.1894914898,732825.2543321706,-63723.9351593192,63723.9351593192,8.000000000000002
2026-12-31,31,2026-12-01,True,CARIBE_MAR,34959272.5,456277.06125,198813534.48999998,129228797.42,378.2475,387835.5,68441.56,85.0,15.0,Cubierta (85.0% Contratos / 15.0% Bolsa),1368.83118375,517756.97317547817,796549.1894914898,732825.2543321706,-63723.9351593192,63723.9351593192,8.000000000000002
2026-12-31,31,2026-12-01,True,CARIBE_SOL,27579057.84,456277.06125,198813534.48999998,129228797.42,378.2475,387835.5,68441.56,85.0,15.0,Cubierta (85.0% Contratos / 15.0% Bolsa),1368.83118375,517756.97317547817,796549.1894914898,732825.2543321706,-63723.9351593192,63723.9351593192,8.000000000000002
2026-12-31,31,2026-12-01,True,VALLE,22830096.62,456277.06125,198813534.48999998,129228797.42,378.2475,387835.5,68441.56,85.0,15.0,Cubierta (85.0% Contratos / 15.0% Bolsa),1368.83118375,517756.97317547817,796549.1894914898,732825.2543321706,-63723.9351593192,63723.9351593192,8.000000000000002
2026-12-31,31,2026-12-01,True,SANTANDER,17753339.03,456277.06125,198813534.48999998,129228797.42,378.2475,387835.5,68441.56,85.0,15.0,Cubierta (85.0% Contratos / 15.0% Bolsa),1368.83118375,517756.97317547817,796549.1894914898,732825.2543321706,-63723.9351593192,63723.9351593192,8.000000000000002
2026-12-31,31,2026-12-01,True,CUNDINAMARCA,11330285.45,456277.06125,198813534.48999998,129228797.42,378.2475,387835.5,68441.56,85.0,15.0,Cubierta (85.0% Contratos / 15.0% Bolsa),1368.83118375,517756.97317547817,796549.1894914898,732825.2543321706,-63723.9351593192,63723.9351593192,8.000000000000002
2026-12-31,31,2026-12-01,True,TOLIMA,9363469.51,456277.06125,198813534.48999998,129228797.42,378.2475,387835.5,68441.56,85.0,15.0,Cubierta (85.0% Contratos / 15.0% Bolsa),1368.83118375,517756.97317547817,796549.1894914898,732825.2543321706,-63723.9351593192,63723.9351593192,8.000000000000002
2027-01-01,1,2027-01-01,True,ANTIOQUIA,30928978.08,454031.755,197835187.42999998,128592871.83,378.743,385926.99,68104.76,85.0,15.0,Cubierta (85.0% Contratos / 15.0% Bolsa),1362.0952650000002,515884.04695189506,793667.7645382908,730174.3433752275,-63493.42116306326,63493.42116306326,8.0
2027-01-01,1,2027-01-01,True,BOGOTA,43572621.61,454031.755,197835187.42999998,128592871.83,378.743,385926.99,68104.76,85.0,15.0,Cubierta (85.0% Contratos / 15.0% Bolsa),1362.0952650000002,515884.04695189506,793667.7645382908,730174.3433752275,-63493.42116306326,63493.42116306326,8.0
2027-01-01,1,2027-01-01,True,CARIBE_MAR,35362510.23,454031.755,197835187.42999998,128592871.83,378.743,385926.99,68104.76,85.0,15.0,Cubierta (85.0% Contratos / 15.0% Bolsa),1362.0952650000002,515884.04695189506,793667.7645382908,730174.3433752275,-63493.42116306326,63493.42116306326,8.0
2027-01-01,1,2027-01-01,True,CARIBE_SOL,27492677.58,454031.755,197835187.42999998,128592871.83,378.743,385926.99,68104.76,85.0,15.0,Cubierta (85.0% Contratos / 15.0% Bolsa),1362.0952650000002,515884.04695189506,793667.7645382908,730174.3433752275,-63493.42116306326,63493.42116306326,8.0
2027-01-01,1,2027-01-01,True,VALLE,22362122.38,454031.755,197835187.42999998,128592871.83,378.743,385926.99,68104.76,85.0,15.0,Cubierta (85.0% Contratos / 15.0% Bolsa),1362.0952650000002,515884.04695189506,793667.7645382908,730174.3433752275,-63493.42116306326,63493.42116306326,8.0
2027-01-01,1,2027-01-01,True,SANTANDER,17583978.82,454031.755,197835187.42999998,128592871.83,378.743,385926.99,68104.76,85.0,15.0,Cubierta (85.0% Contratos / 15.0% Bolsa),1362.0952650000002,515884.04695189506,793667.7645382908,730174.3433752275,-63493.42116306326,63493.42116306326,8.0
2027-01-01,1,2027-01-01,True,CUNDINAMARCA,11237871.63,454031.755,197835187.42999998,128592871.83,378.743,385926.99,68104.76,85.0,15.0,Cubierta (85.0% Contratos / 15.0% Bolsa),1362.0952650000002,515884.04695189506,793667.7645382908,730174.3433752275,-63493.42116306326,63493.42116306326,8.0
2027-01-01,1,2027-01-01,True,TOLIMA,9294427.1,454031.755,197835187.42999998,128592871.83,378.743,385926.99,68104.76,85.0,15.0,Cubierta (85.0% Contratos / 15.0% Bolsa),1362.0952650000002,515884.04695189506,793667.7645382908,730174.3433752275,-63493.42116306326,63493.42116306326,8.0
2027-01-02,2,2027-01-01,True,ANTIOQUIA,26202422.46,324311.51,167602847.54999998,108941850.91,379.2996,275664.78,48646.73,85.0,15.0,Cubierta (85.0% Contratos / 15.0% Bolsa),972.93453,369033.678055188,567744.1200718761,522324.59046612604,-45419.52960575005,45419.52960575005,7.999999999999993
2027-01-02,2,2027-01-01,True,BOGOTA,37232422.5,324311.51,167602847.54999998,108941850.91,379.2996,275664.78,48646.73,85.0,15.0,Cubierta (85.0% Contratos / 15.0% Bolsa),972.93453,369033.678055188,567744.1200718761,522324.59046612604,-45419.52960575005,45419.52960575005,7.999999999999993
2027-01-02,2,2027-01-01,True,CARIBE_MAR,29573377.94,324311.51,167602847.54999998,108941850.91,379.2996,275664.78,48646.73,85.0,15.0,Cubierta (85.0% Contratos / 15.0% Bolsa),972.93453,369033.678055188,567744.1200718761,522324.59046612604,-45419.52960575005,45419.52960575005,7.999999999999993
2027-01-02,2,2027-01-01,True,CARIBE_SOL,23263492.67,324311.51,167602847.54999998,108941850.91,379.2996,275664.78,48646.73,85.0,15.0,Cubierta (85.0% Contratos / 15.0% Bolsa),972.93453,369033.678055188,567744.1200718761,522324.59046612604,-45419.52960575005,45419.52960575005,7.999999999999993
2027-01-02,2,2027-01-01,True,VALLE,18976458.18,324311.51,167602847.54999998,108941850.91,379.2996,275664.78,48646.73,85.0,15.0,Cubierta (85.0% Contratos / 15.0% Bolsa),972.93453,369033.678055188,567744.1200718761,522324.59046612604,-45419.52960575005,45419.52960575005,7.999999999999993
2027-01-02,2,2027-01-01,True,SANTANDER,14895212.78,324311.51,167602847.54999998,108941850.91,379.2996,275664.78,48646.73,85.0,15.0,Cubierta (85.0% Contratos / 15.0% Bolsa),972.93453,369033.678055188,567744.1200718761,522324.59046612604,-45419.52960575005,45419.52960575005,7.999999999999993
2027-01-02,2,2027-01-01,True,CUNDINAMARCA,9508937.98,324311.51,167602847.54999998,108941850.91,379.2996,275664.78,48646.73,85.0,15.0,Cubierta (85.0% Contratos / 15.0% Bolsa),972.93453,369033.678055188,567744.1200718761,522324.59046612604,-45419.52960575005,45419.52960575005,7.999999999999993
2027-01-02,2,2027-01-01,True,TOLIMA,7950523.04,324311.51,167602847.54999998,108941850.91,379.2996,275664.78,48646.73,85.0,15.0,Cubierta (85.0% Contratos / 15.0% Bolsa),972.93453,369033.678055188,567744.1200718761,522324.59046612604,-45419.52960575005,45419.52960575005,7.999999999999993
2027-01-03,3,2027-01-01,True,ANTIOQUIA,26463869.78,324291.15875,167592330.12,108935014.58,379.9092,275647.48,48643.67,85.0,15.0,Cubierta (85.0% Contratos / 15.0% Bolsa),972.8734762500001,369603.5840633565,568620.8985485703,523131.2266646847,-45489.67188388563,45489.67188388563,8.0
2027-01-03,3,2027-01-01,True,BOGOTA,36448546.79,324291.15875,167592330.12,108935014.58,379.9092,275647.48,48643.67,85.0,15.0,Cubierta (85.0% Contratos / 15.0% Bolsa),972.8734762500001,369603.5840633565,568620.8985485703,523131.2266646847,-45489.67188388563,45489.67188388563,8.0
2027-01-03,3,2027-01-01,True,CARIBE_MAR,30160010.78,324291.15875,167592330.12,108935014.58,379.9092,275647.48,48643.67,85.0,15.0,Cubierta (85.0% Contratos / 15.0% Bolsa),972.8734762500001,369603.5840633565,568620.8985485703,523131.2266646847,-45489.67188388563,45489.67188388563,8.0
2027-01-03,3,2027-01-01,True,CARIBE_SOL,23140656.95,324291.15875,167592330.12,108935014.58,379.9092,275647.48,48643.67,85.0,15.0,Cubierta (85.0% Contratos / 15.0% Bolsa),972.8734762500001,369603.5840633565,568620.8985485703,523131.2266646847,-45489.67188388563,45489.67188388563,8.0
2027-01-03,3,2027-01-01,True,VALLE,19055725.19,324291.15875,167592330.12,108935014.58,379.9092,275647.48,48643.67,85.0,15.0,Cubierta (85.0% Contratos / 15.0% Bolsa),972.8734762500001,369603.5840633565,568620.8985485703,523131.2266646847,-45489.67188388563,45489.67188388563,8.0
2027-01-03,3,2027-01-01,True,SANTANDER,14713975.5,324291.15875,167592330.12,108935014.58,379.9092,275647.48,48643.67,85.0,15.0,Cubierta (85.0% Contratos / 15.0% Bolsa),972.8734762500001,369603.5840633565,568620.8985485703,523131.2266646847,-45489.67188388563,45489.67188388563,8.0
2027-01-03,3,2027-01-01,True,CUNDINAMARCA,9617415.19,324291.15875,167592330.12,108935014.58,379.9092,275647.48,48643.67,85.0,15.0,Cubierta (85.0% Contratos / 15.0% Bolsa),972.8734762500001,369603.5840633565,568620.8985485703,523131.2266646847,-45489.67188388563,45489.67188388563,8.0
2027-01-03,3,2027-01-01,True,TOLIMA,7992129.94,324291.15875,167592330.12,108935014.58,379.9092,275647.48,48643.67,85.0,15.0,Cubierta (85.0% Contratos / 15.0% Bolsa),972.8734762500001,369603.5840633565,568620.8985485703,523131.2266646847,-45489.67188388563,45489.67188388563,8.0
2027-01-04,4,2027-01-01,True,ANTIOQUIA,31400067.48,454952.9225,198236567.5,128853768.88,380.5623,386709.98,68242.94,85.0,15.0,Cubierta (85.0% Contratos / 15.0% Bolsa),1364.8587674999999,519413.79173496517,799098.1410997079,735170.2898117313,-63927.851287976606,63927.851287976606,7.9999999999999964
2027-01-04,4,2027-01-01,True,BOGOTA,43823189.37,454952.9225,198236567.5,128853768.88,380.5623,386709.98,68242.94,85.0,15.0,Cubierta (85.0% Contratos / 15.0% Bolsa),1364.8587674999999,519413.79173496517,799098.1410997079,735170.2898117313,-63927.851287976606,63927.851287976606,7.9999999999999964
2027-01-04,4,2027-01-01,True,CARIBE_MAR,34655502.48,454952.9225,198236567.5,128853768.88,380.5623,386709.98,68242.94,85.0,15.0,Cubierta (85.0% Contratos / 15.0% Bolsa),1364.8587674999999,519413.79173496517,799098.1410997079,735170.2898117313,-63927.851287976606,63927.851287976606,7.9999999999999964
2027-01-04,4,2027-01-01,True,CARIBE_SOL,27436046.72,454952.9225,198236567.5,128853768.88,380.5623,386709.98,68242.94,85.0,15.0,Cubierta (85.0% Contratos / 15.0% Bolsa),1364.8587674999999,519413.79173496517,799098.1410997079,735170.2898117313,-63927.851287976606,63927.851287976606,7.9999999999999964
2027-01-04,4,2027-01-01,True,VALLE,22406850.63,454952.9225,198236567.5,128853768.88,380.5623,386709.98,68242.94,85.0,15.0,Cubierta (85.0% Contratos / 15.0% Bolsa),1364.8587674999999,519413.79173496517,799098.1410997079,735170.2898117313,-63927.851287976606,63927.851287976606,7.9999999999999964
2027-01-04,4,2027-01-01,True,SANTANDER,17602818.28,454952.9225,198236567.5,128853768.88,380.5623,386709.98,68242.94,85.0,15.0,Cubierta (85.0% Contratos / 15.0% Bolsa),1364.8587674999999,519413.79173496517,799098.1410997079,735170.2898117313,-63927.851287976606,63927.851287976606,7.9999999999999964
2027-01-04,4,2027-01-01,True,CUNDINAMARCA,11369276.24,454952.9225,198236567.5,128853768.88,380.5623,386709.98,68242.94,85.0,15.0,Cubierta (85.0% Contratos / 15.0% Bolsa),1364.8587674999999,519413.79173496517,799098.1410997079,735170.2898117313,-63927.851287976606,63927.851287976606,7.9999999999999964
2027-01-04,4,2027-01-01,True,TOLIMA,9542816.3,454952.9225,198236567.5,128853768.88,380.5623,386709.98,68242.94,85.0,15.0,Cubierta (85.0% Contratos / 15.0% Bolsa),1364.8587674999999,519413.79173496517,799098.1410997079,735170.2898117313,-63927.851287976606,63927.851287976606,7.9999999999999964
2027-01-05,5,2027-01-01,True,ANTIOQUIA,30835511.23,454488.57125,198034235.59,128722253.13,381.2487,386315.29,68173.29,85.0,15.0,Cubierta (85.0% Contratos / 15.0% Bolsa),1363.46571375,519819.5308617596,799722.3551936826,735744.566778188,-63977.78841549461,63977.78841549461,8.0
2027-01-05,5,2027-01-01,True,BOGOTA,44259804.6,454488.57125,198034235.59,128722253.13,381.2487,386315.29,68173.29,85.0,15.0,Cubierta (85.0% Contratos / 15.0% Bolsa),1363.46571375,519819.5308617596,799722.3551936826,735744.566778188,-63977.78841549461,63977.78841549461,8.0
2027-01-05,5,2027-01-01,True,CARIBE_MAR,34991322.79,454488.57125,198034235.59,128722253.13,381.2487,386315.29,68173.29,85.0,15.0,Cubierta (85.0% Contratos / 15.0% Bolsa),1363.46571375,519819.5308617596,799722.3551936826,735744.566778188,-63977.78841549461,63977.78841549461,8.0
2027-01-05,5,2027-01-01,True,CARIBE_SOL,27142508.71,454488.57125,198034235.59,128722253.13,381.2487,386315.29,68173.29,85.0,15.0,Cubierta (85.0% Contratos / 15.0% Bolsa),1363.46571375,519819.5308617596,799722.3551936826,735744.566778188,-63977.78841549461,63977.78841549461,8.0
2027-01-05,5,2027-01-01,True,VALLE,22435715.72,454488.57125,198034235.59,128722253.13,381.2487,386315.29,68173.29,85.0,15.0,Cubierta (85.0% Contratos / 15.0% Bolsa),1363.46571375,519819.5308617596,799722.3551936826,735744.566778188,-63977.78841549461,63977.78841549461,8.0
2027-01-05,5,2027-01-01,True,SANTANDER,17539474.19,454488.57125,198034235.59,128722253.13,381.2487,386315.29,68173.29,85.0,15.0,Cubierta (85.0% Contratos / 15.0% Bolsa),1363.46571375,519819.5308617596,799722.3551936826,735744.566778188,-63977.78841549461,63977.78841549461,8.0
2027-01-05,5,2027-01-01,True,CUNDINAMARCA,11328999.23,454488.57125,198034235.59,128722253.13,381.2487,386315.29,68173.29,85.0,15.0,Cubierta (85.0% Contratos / 15.0% Bolsa),1363.46571375,519819.5308617596,799722.3551936826,735744.566778188,-63977.78841549461,63977.78841549461,8.0
2027-01-05,5,2027-01-01,True,TOLIMA,9500899.12,454488.57125,198034235.59,128722253.13,381.2487,386315.29,68173.29,85.0,15.0,Cubierta (85.0% Contratos / 15.0% Bolsa),1363.46571375,519819.5308617596,799722.3551936826,735744.566778188,-63977.78841549461,63977.78841549461,8.0
2027-01-06,6,2027-01-01,True,ANTIOQUIA,31571680.63,455227.305,198356123.96,128931480.57,381.9575,386943.21,68284.1,85.0,15.0,Cubierta (85.0% Contratos / 15.0% Bolsa),1365.6819150000001,521632.45004861255,802511.4616381472,738310.5447070955,-64200.91693105176,64200.91693105176,7.999999999999997
2027-01-06,6,2027-01-01,True,BOGOTA,43548179.52,455227.305,198356123.96,128931480.57,381.9575,386943.21,68284.1,85.0,15.0,Cubierta (85.0% Contratos / 15.0% Bolsa),1365.6819150000001,521632.45004861255,802511.4616381472,738310.5447070955,-64200.91693105176,64200.91693105176,7.999999999999997
2027-01-06,6,2027-01-01,True,CARIBE_MAR,35179403.32,455227.305,198356123.96,128931480.57,381.9575,386943.21,68284.1,85.0,15.0,Cubierta (85.0% Contratos / 15.0% Bolsa),1365.6819150000001,521632.45004861255,802511.4616381472,738310.5447070955,-64200.91693105176,64200.91693105176,7.999999999999997
2027-01-06,6,2027-01-01,True,CARIBE_SOL,27662502.73,455227.305,198356123.96,128931480.57,381.9575,386943.21,68284.1,85.0,15.0,Cubierta (85.0% Contratos / 15.0% Bolsa),1365.6819150000001,521632.45004861255,802511.4616381472,738310.5447070955,-64200.91693105176,64200.91693105176,7.999999999999997
2027-01-06,6,2027-01-01,True,VALLE,22232924.74,455227.305,198356123.96,128931480.57,381.9575,386943.21,68284.1,85.0,15.0,Cubierta (85.0% Contratos / 15.0% Bolsa),1365.6819150000001,521632.45004861255,802511.4616381472,738310.5447070955,-64200.91693105176,64200.91693105176,7.999999999999997
2027-01-06,6,2027-01-01,True,SANTANDER,17470811.85,455227.305,198356123.96,128931480.57,381.9575,386943.21,68284.1,85.0,15.0,Cubierta (85.0% Contratos / 15.0% Bolsa),1365.6819150000001,521632.45004861255,802511.4616381472,738310.5447070955,-64200.91693105176,64200.91693105176,7.999999999999997
2027-01-06,6,2027-01-01,True,CUNDINAMARCA,11212864.8,455227.305,198356123.96,128931480.57,381.9575,386943.21,68284.1,85.0,15.0,Cubierta (85.0% Contratos / 15.0% Bolsa),1365.6819150000001,521632.45004861255,802511.4616381472,738310.5447070955,-64200.91693105176,64200.91693105176,7.999999999999997
2027-01-06,6,2027-01-01,True,TOLIMA,9477756.37,455227.305,198356123.96,128931480.57,381.9575,386943.21,68284.1,85.0,15.0,Cubierta (85.0% Contratos / 15.0% Bolsa),1365.6819150000001,521632.45004861255,802511.4616381472,738310.5447070955,-64200.91693105176,64200.91693105176,7.999999999999997
2027-01-07,7,2027-01-01,True,ANTIOQUIA,31046915.38,455257.93,198369468.66000003,128940154.63,382.6772,386969.24,68288.69,85.0,15.0,Cubierta (85.0% Contratos / 15.0% Bolsa),1365.77379,522650.48979058804,804077.6765946687,739751.4624670952,-64326.21412757342,64326.21412757342,7.99999999999999
2027-01-07,7,2027-01-01,True,BOGOTA,44006005.5,455257.93,198369468.66000003,128940154.63,382.6772,386969.24,68288.69,85.0,15.0,Cubierta (85.0% Contratos / 15.0% Bolsa),1365.77379,522650.48979058804,804077.6765946687,739751.4624670952,-64326.21412757342,64326.21412757342,7.99999999999999
2027-01-07,7,2027-01-01,True,CARIBE_MAR,35014715.68,455257.93,198369468.66000003,128940154.63,382.6772,386969.24,68288.69,85.0,15.0,Cubierta (85.0% Contratos / 15.0% Bolsa),1365.77379,522650.48979058804,804077.6765946687,739751.4624670952,-64326.21412757342,64326.21412757342,7.99999999999999
2027-01-07,7,2027-01-01,True,CARIBE_SOL,27768348.86,455257.93,198369468.66000003,128940154.63,382.6772,386969.24,68288.69,85.0,15.0,Cubierta (85.0% Contratos / 15.0% Bolsa),1365.77379,522650.48979058804,804077.6765946687,739751.4624670952,-64326.21412757342,64326.21412757342,7.99999999999999
2027-01-07,7,2027-01-01,True,VALLE,22330343.13,455257.93,198369468.66000003,128940154.63,382.6772,386969.24,68288.69,85.0,15.0,Cubierta (85.0% Contratos / 15.0% Bolsa),1365.77379,522650.48979058804,804077.6765946687,739751.4624670952,-64326.21412757342,64326.21412757342,7.99999999999999
2027-01-07,7,2027-01-01,True,SANTANDER,17549099.69,455257.93,198369468.66000003,128940154.63,382.6772,386969.24,68288.69,85.0,15.0,Cubierta (85.0% Contratos / 15.0% Bolsa),1365.77379,522650.48979058804,804077.6765946687,739751.4624670952,-64326.21412757342,64326.21412757342,7.99999999999999
2027-01-07,7,2027-01-01,True,CUNDINAMARCA,11284796.96,455257.93,198369468.66000003,128940154.63,382.6772,386969.24,68288.69,85.0,15.0,Cubierta (85.0% Contratos / 15.0% Bolsa),1365.77379,522650.48979058804,804077.6765946687,739751.4624670952,-64326.21412757342,64326.21412757342,7.99999999999999
2027-01-07,7,2027-01-01,True,TOLIMA,9369243.46,455257.93,198369468.66000003,128940154.63,382.6772,386969.24,68288.69,85.0,15.0,Cubierta (85.0% Contratos / 15.0% Bolsa),1365.77379,522650.48979058804,804077.6765946687,739751.4624670952,-64326.21412757342,64326.21412757342,7.99999999999999
2027-01-08,8,2027-01-01,True,ANTIOQUIA,31402292.21,456755.9575,199022203.71,129364432.41,383.3964,388242.56,68513.39,85.0,15.0,Cubierta (85.0% Contratos / 15.0% Bolsa),1370.2678725,525355.7693521591,808239.6451665396,743580.4735532164,-64659.17161332315,64659.17161332315,7.999999999999999
2027-01-08,8,2027-01-01,True,BOGOTA,43945596.85,456755.9575,199022203.71,129364432.41,383.3964,388242.56,68513.39,85.0,15.0,Cubierta (85.0% Contratos / 15.0% Bolsa),1370.2678725,525355.7693521591,808239.6451665396,743580.4735532164,-64659.17161332315,64659.17161332315,7.999999999999999
2027-01-08,8,2027-01-01,True,CARIBE_MAR,35461432.83,456755.9575,199022203.71,129364432.41,383.3964,388242.56,68513.39,85.0,15.0,Cubierta (85.0% Contratos / 15.0% Bolsa),1370.2678725,525355.7693521591,808239.6451665396,743580.4735532164,-64659.17161332315,64659.17161332315,7.999999999999999
2027-01-08,8,2027-01-01,True,CARIBE_SOL,27774563.72,456755.9575,199022203.71,129364432.41,383.3964,388242.56,68513.39,85.0,15.0,Cubierta (85.0% Contratos / 15.0% Bolsa),1370.2678725,525355.7693521591,808239.6451665396,743580.4735532164,-64659.17161332315,64659.17161332315,7.999999999999999
2027-01-08,8,2027-01-01,True,VALLE,22544645.01,456755.9575,199022203.71,129364432.41,383.3964,388242.56,68513.39,85.0,15.0,Cubierta (85.0% Contratos / 15.0% Bolsa),1370.2678725,525355.7693521591,808239.6451665396,743580.4735532164,-64659.17161332315,64659.17161332315,7.999999999999999
2027-01-08,8,2027-01-01,True,SANTANDER,17430614.18,456755.9575,199022203.71,129364432.41,383.3964,388242.56,68513.39,85.0,15.0,Cubierta (85.0% Contratos / 15.0% Bolsa),1370.2678725,525355.7693521591,808239.6451665396,743580.4735532164,-64659.17161332315,64659.17161332315,7.999999999999999
2027-01-08,8,2027-01-01,True,CUNDINAMARCA,11162299.9,456755.9575,199022203.71,129364432.41,383.3964,388242.56,68513.39,85.0,15.0,Cubierta (85.0% Contratos / 15.0% Bolsa),1370.2678725,525355.7693521591,808239.6451665396,743580.4735532164,-64659.17161332315,64659.17161332315,7.999999999999999
2027-01-08,8,2027-01-01,True,TOLIMA,9300759.01,456755.9575,199022203.71,129364432.41,383.3964,388242.56,68513.39,85.0,15.0,Cubierta (85.0% Contratos / 15.0% Bolsa),1370.2678725,525355.7693521591,808239.6451665396,743580.4735532164,-64659.17161332315,64659.17161332315,7.999999999999999
2027-01-09,9,2027-01-01,True,ANTIOQUIA,26498631.82,325263.21125,168094682.92,109261543.9,384.1034,276473.73,48789.48,85.0,15.0,Cubierta (85.0% Contratos / 15.0% Bolsa),975.78963375,374804.1160081298,576621.7169250293,530491.979571027,-46129.73735400231,46129.73735400231,7.999999999999995
2027-01-09,9,2027-01-01,True,BOGOTA,37207793.47,325263.21125,168094682.92,109261543.9,384.1034,276473.73,48789.48,85.0,15.0,Cubierta (85.0% Contratos / 15.0% Bolsa),975.78963375,374804.1160081298,576621.7169250293,530491.979571027,-46129.73735400231,46129.73735400231,7.999999999999995
2027-01-09,9,2027-01-01,True,CARIBE_MAR,29831445.0,325263.21125,168094682.92,109261543.9,384.1034,276473.73,48789.48,85.0,15.0,Cubierta (85.0% Contratos / 15.0% Bolsa),975.78963375,374804.1160081298,576621.7169250293,530491.979571027,-46129.73735400231,46129.73735400231,7.999999999999995
2027-01-09,9,2027-01-01,True,CARIBE_SOL,23327403.85,325263.21125,168094682.92,109261543.9,384.1034,276473.73,48789.48,85.0,15.0,Cubierta (85.0% Contratos / 15.0% Bolsa),975.78963375,374804.1160081298,576621.7169250293,530491.979571027,-46129.73735400231,46129.73735400231,7.999999999999995
2027-01-09,9,2027-01-01,True,VALLE,18976403.15,325263.21125,168094682.92,109261543.9,384.1034,276473.73,48789.48,85.0,15.0,Cubierta (85.0% Contratos / 15.0% Bolsa),975.78963375,374804.1160081298,576621.7169250293,530491.979571027,-46129.73735400231,46129.73735400231,7.999999999999995
2027-01-09,9,2027-01-01,True,SANTANDER,14829666.45,325263.21125,168094682.92,109261543.9,384.1034,276473.73,48789.48,85.0,15.0,Cubierta (85.0% Contratos / 15.0% Bolsa),975.78963375,374804.1160081298,576621.7169250293,530491.979571027,-46129.73735400231,46129.73735400231,7.999999999999995
2027-01-09,9,2027-01-01,True,CUNDINAMARCA,9484038.12,325263.21125,168094682.92,109261543.9,384.1034,276473.73,48789.48,85.0,15.0,Cubierta (85.0% Contratos / 15.0% Bolsa),975.78963375,374804.1160081298,576621.7169250293,530491.979571027,-46129.73735400231,46129.73735400231,7.999999999999995
2027-01-09,9,2027-01-01,True,TOLIMA,7939301.06,325263.21125,168094682.92,109261543.9,384.1034,276473.73,48789.48,85.0,15.0,Cubierta (85.0% Contratos / 15.0% Bolsa),975.78963375,374804.1160081298,576621.7169250293,530491.979571027,-46129.73735400231,46129.73735400231,7.999999999999995
2027-01-10,10,2027-01-01,True,ANTIOQUIA,26607737.62,326890.6025,168935712.11999997,109808212.88,384.7867,277857.01,49033.59,85.0,15.0,Cubierta (85.0% Contratos / 15.0% Bolsa),980.6718075,377349.46859096026,580537.643975519,534094.6324574775,-46443.01151804149,46443.01151804149,7.999999999999995
2027-01-10,10,2027-01-01,True,BOGOTA,37515776.23,326890.6025,168935712.11999997,109808212.88,384.7867,277857.01,49033.59,85.0,15.0,Cubierta (85.0% Contratos / 15.0% Bolsa),980.6718075,377349.46859096026,580537.643975519,534094.6324574775,-46443.01151804149,46443.01151804149,7.999999999999995
2027-01-10,10,2027-01-01,True,CARIBE_MAR,29854225.56,326890.6025,168935712.11999997,109808212.88,384.7867,277857.01,49033.59,85.0,15.0,Cubierta (85.0% Contratos / 15.0% Bolsa),980.6718075,377349.46859096026,580537.643975519,534094.6324574775,-46443.01151804149,46443.01151804149,7.999999999999995
2027-01-10,10,2027-01-01,True,CARIBE_SOL,23248841.57,326890.6025,168935712.11999997,109808212.88,384.7867,277857.01,49033.59,85.0,15.0,Cubierta (85.0% Contratos / 15.0% Bolsa),980.6718075,377349.46859096026,580537.643975519,534094.6324574775,-46443.01151804149,46443.01151804149,7.999999999999995
2027-01-10,10,2027-01-01,True,VALLE,19270978.22,326890.6025,168935712.11999997,109808212.88,384.7867,277857.01,49033.59,85.0,15.0,Cubierta (85.0% Contratos / 15.0% Bolsa),980.6718075,377349.46859096026,580537.643975519,534094.6324574775,-46443.01151804149,46443.01151804149,7.999999999999995
2027-01-10,10,2027-01-01,True,SANTANDER,14823389.29,326890.6025,168935712.11999997,109808212.88,384.7867,277857.01,49033.59,85.0,15.0,Cubierta (85.0% Contratos / 15.0% Bolsa),980.6718075,377349.46859096026,580537.643975519,534094.6324574775,-46443.01151804149,46443.01151804149,7.999999999999995
2027-01-10,10,2027-01-01,True,CUNDINAMARCA,9656206.73,326890.6025,168935712.11999997,109808212.88,384.7867,277857.01,49033.59,85.0,15.0,Cubierta (85.0% Contratos / 15.0% Bolsa),980.6718075,377349.46859096026,580537.643975519,534094.6324574775,-46443.01151804149,46443.01151804149,7.999999999999995
2027-01-10,10,2027-01-01,True,TOLIMA,7958556.9,326890.6025,168935712.11999997,109808212.88,384.7867,277857.01,49033.59,85.0,15.0,Cubierta (85.0% Contratos / 15.0% Bolsa),980.6718075,377349.46859096026,580537.643975519,534094.6324574775,-46443.01151804149,46443.01151804149,7.999999999999995
2027-01-11,11,2027-01-01,True,ANTIOQUIA,31087506.46,458675.595,199858646.83,129908120.44,385.4357,389874.26,68801.34,85.0,15.0,Cubierta (85.0% Contratos / 15.0% Bolsa),1376.026785,530369.8470952245,815953.6109125895,750677.3220395823,-65276.28887300717,65276.28887300717,8.000000000000002
2027-01-11,11,2027-01-01,True,BOGOTA,44413856.53,458675.595,199858646.83,129908120.44,385.4357,389874.26,68801.34,85.0,15.0,Cubierta (85.0% Contratos / 15.0% Bolsa),1376.026785,530369.8470952245,815953.6109125895,750677.3220395823,-65276.28887300717,65276.28887300717,8.000000000000002
2027-01-11,11,2027-01-01,True,CARIBE_MAR,35064223.66,458675.595,199858646.83,129908120.44,385.4357,389874.26,68801.34,85.0,15.0,Cubierta (85.0% Contratos / 15.0% Bolsa),1376.026785,530369.8470952245,815953.6109125895,750677.3220395823,-65276.28887300717,65276.28887300717,8.000000000000002
2027-01-11,11,2027-01-01,True,CARIBE_SOL,28058269.37,458675.595,199858646.83,129908120.44,385.4357,389874.26,68801.34,85.0,15.0,Cubierta (85.0% Contratos / 15.0% Bolsa),1376.026785,530369.8470952245,815953.6109125895,750677.3220395823,-65276.28887300717,65276.28887300717,8.000000000000002
2027-01-11,11,2027-01-01,True,VALLE,22718415.35,458675.595,199858646.83,129908120.44,385.4357,389874.26,68801.34,85.0,15.0,Cubierta (85.0% Contratos / 15.0% Bolsa),1376.026785,530369.8470952245,815953.6109125895,750677.3220395823,-65276.28887300717,65276.28887300717,8.000000000000002
2027-01-11,11,2027-01-01,True,SANTANDER,17542068.11,458675.595,199858646.83,129908120.44,385.4357,389874.26,68801.34,85.0,15.0,Cubierta (85.0% Contratos / 15.0% Bolsa),1376.026785,530369.8470952245,815953.6109125895,750677.3220395823,-65276.28887300717,65276.28887300717,8.000000000000002
2027-01-11,11,2027-01-01,True,CUNDINAMARCA,11409361.2,458675.595,199858646.83,129908120.44,385.4357,389874.26,68801.34,85.0,15.0,Cubierta (85.0% Contratos / 15.0% Bolsa),1376.026785,530369.8470952245,815953.6109125895,750677.3220395823,-65276.28887300717,65276.28887300717,8.000000000000002
2027-01-11,11,2027-01-01,True,TOLIMA,9564946.15,458675.595,199858646.83,129908120.44,385.4357,389874.26,68801.34,85.0,15.0,Cubierta (85.0% Contratos / 15.0% Bolsa),1376.026785,530369.8470952245,815953.6109125895,750677.3220395823,-65276.28887300717,65276.28887300717,8.000000000000002
2027-01-12,12,2027-01-01,True,ANTIOQUIA,31741562.72,459466.33,200203194.07,130132076.15,386.0401,390546.38,68919.95,85.0,15.0,Cubierta (85.0% Contratos / 15.0% Bolsa),1378.3989900000001,532117.2839394991,818641.975263228,753150.6172421698,-65491.35802105826,65491.35802105826,8.000000000000002
2027-01-12,12,2027-01-01,True,BOGOTA,43487618.85,459466.33,200203194.07,130132076.15,386.0401,390546.38,68919.95,85.0,15.0,Cubierta (85.0% Contratos / 15.0% Bolsa),1378.3989900000001,532117.2839394991,818641.975263228,753150.6172421698,-65491.35802105826,65491.35802105826,8.000000000000002
2027-01-12,12,2027-01-01,True,CARIBE_MAR,35466107.43,459466.33,200203194.07,130132076.15,386.0401,390546.38,68919.95,85.0,15.0,Cubierta (85.0% Contratos / 15.0% Bolsa),1378.3989900000001,532117.2839394991,818641.975263228,753150.6172421698,-65491.35802105826,65491.35802105826,8.000000000000002
2027-01-12,12,2027-01-01,True,CARIBE_SOL,27935236.03,459466.33,200203194.07,130132076.15,386.0401,390546.38,68919.95,85.0,15.0,Cubierta (85.0% Contratos / 15.0% Bolsa),1378.3989900000001,532117.2839394991,818641.975263228,753150.6172421698,-65491.35802105826,65491.35802105826,8.000000000000002
2027-01-12,12,2027-01-01,True,VALLE,22933734.06,459466.33,200203194.07,130132076.15,386.0401,390546.38,68919.95,85.0,15.0,Cubierta (85.0% Contratos / 15.0% Bolsa),1378.3989900000001,532117.2839394991,818641.975263228,753150.6172421698,-65491.35802105826,65491.35802105826,8.000000000000002
2027-01-12,12,2027-01-01,True,SANTANDER,17637553.2,459466.33,200203194.07,130132076.15,386.0401,390546.38,68919.95,85.0,15.0,Cubierta (85.0% Contratos / 15.0% Bolsa),1378.3989900000001,532117.2839394991,818641.975263228,753150.6172421698,-65491.35802105826,65491.35802105826,8.000000000000002
2027-01-12,12,2027-01-01,True,CUNDINAMARCA,11531880.99,459466.33,200203194.07,130132076.15,386.0401,390546.38,68919.95,85.0,15.0,Cubierta (85.0% Contratos / 15.0% Bolsa),1378.3989900000001,532117.2839394991,818641.975263228,753150.6172421698,-65491.35802105826,65491.35802105826,8.000000000000002
2027-01-12,12,2027-01-01,True,TOLIMA,9469500.79,459466.33,200203194.07,130132076.15,386.0401,390546.38,68919.95,85.0,15.0,Cubierta (85.0% Contratos / 15.0% Bolsa),1378.3989900000001,532117.2839394991,818641.975263228,753150.6172421698,-65491.35802105826,65491.35802105826,8.000000000000002
2027-01-13,13,2027-01-01,True,ANTIOQUIA,31325125.05,457524.51,199357084.78,129582105.11,386.5906,388895.83,68628.68,85.0,15.0,Cubierta (85.0% Contratos / 15.0% Bolsa),1372.5735300000001,530624.024506818,816344.6530685128,751037.0808230318,-65307.57224548096,65307.57224548096,7.999999999999992
2027-01-13,13,2027-01-01,True,BOGOTA,43922440.08,457524.51,199357084.78,129582105.11,386.5906,388895.83,68628.68,85.0,15.0,Cubierta (85.0% Contratos / 15.0% Bolsa),1372.5735300000001,530624.024506818,816344.6530685128,751037.0808230318,-65307.57224548096,65307.57224548096,7.999999999999992
2027-01-13,13,2027-01-01,True,CARIBE_MAR,35524420.46,457524.51,199357084.78,129582105.11,386.5906,388895.83,68628.68,85.0,15.0,Cubierta (85.0% Contratos / 15.0% Bolsa),1372.5735300000001,530624.024506818,816344.6530685128,751037.0808230318,-65307.57224548096,65307.57224548096,7.999999999999992
2027-01-13,13,2027-01-01,True,CARIBE_SOL,27488280.58,457524.51,199357084.78,129582105.11,386.5906,388895.83,68628.68,85.0,15.0,Cubierta (85.0% Contratos / 15.0% Bolsa),1372.5735300000001,530624.024506818,816344.6530685128,751037.0808230318,-65307.57224548096,65307.57224548096,7.999999999999992
2027-01-13,13,2027-01-01,True,VALLE,22623977.91,457524.51,199357084.78,129582105.11,386.5906,388895.83,68628.68,85.0,15.0,Cubierta (85.0% Contratos / 15.0% Bolsa),1372.5735300000001,530624.024506818,816344.6530685128,751037.0808230318,-65307.57224548096,65307.57224548096,7.999999999999992
2027-01-13,13,2027-01-01,True,SANTANDER,17752929.67,457524.51,199357084.78,129582105.11,386.5906,388895.83,68628.68,85.0,15.0,Cubierta (85.0% Contratos / 15.0% Bolsa),1372.5735300000001,530624.024506818,816344.6530685128,751037.0808230318,-65307.57224548096,65307.57224548096,7.999999999999992
2027-01-13,13,2027-01-01,True,CUNDINAMARCA,11165183.37,457524.51,199357084.78,129582105.11,386.5906,388895.83,68628.68,85.0,15.0,Cubierta (85.0% Contratos / 15.0% Bolsa),1372.5735300000001,530624.024506818,816344.6530685128,751037.0808230318,-65307.57224548096,65307.57224548096,7.999999999999992
2027-01-13,13,2027-01-01,True,TOLIMA,9554727.66,457524.51,199357084.78,129582105.11,386.5906,388895.83,68628.68,85.0,15.0,Cubierta (85.0% Contratos / 15.0% Bolsa),1372.5735300000001,530624.024506818,816344.6530685128,751037.0808230318,-65307.57224548096,65307.57224548096,7.999999999999992
2027-01-14,14,2027-01-01,True,ANTIOQUIA,31301632.66,457955.72375,199544977.59,129704235.43,387.0791,389262.37,68693.36,85.0,15.0,Cubierta (85.0% Contratos / 15.0% Bolsa),1373.86717125,531795.2681669958,818146.5664328402,752694.841118213,-65451.72531462717,65451.72531462717,7.999999999999995
2027-01-14,14,2027-01-01,True,BOGOTA,44055227.41,457955.72375,199544977.59,129704235.43,387.0791,389262.37,68693.36,85.0,15.0,Cubierta (85.0% Contratos / 15.0% Bolsa),1373.86717125,531795.2681669958,818146.5664328402,752694.841118213,-65451.72531462717,65451.72531462717,7.999999999999995
2027-01-14,14,2027-01-01,True,CARIBE_MAR,35587557.64,457955.72375,199544977.59,129704235.43,387.0791,389262.37,68693.36,85.0,15.0,Cubierta (85.0% Contratos / 15.0% Bolsa),1373.86717125,531795.2681669958,818146.5664328402,752694.841118213,-65451.72531462717,65451.72531462717,7.999999999999995
2027-01-14,14,2027-01-01,True,CARIBE_SOL,27595306.16,457955.72375,199544977.59,129704235.43,387.0791,389262.37,68693.36,85.0,15.0,Cubierta (85.0% Contratos / 15.0% Bolsa),1373.86717125,531795.2681669958,818146.5664328402,752694.841118213,-65451.72531462717,65451.72531462717,7.999999999999995
2027-01-14,14,2027-01-01,True,VALLE,22633277.47,457955.72375,199544977.59,129704235.43,387.0791,389262.37,68693.36,85.0,15.0,Cubierta (85.0% Contratos / 15.0% Bolsa),1373.86717125,531795.2681669958,818146.5664328402,752694.841118213,-65451.72531462717,65451.72531462717,7.999999999999995
2027-01-14,14,2027-01-01,True,SANTANDER,17533006.02,457955.72375,199544977.59,129704235.43,387.0791,389262.37,68693.36,85.0,15.0,Cubierta (85.0% Contratos / 15.0% Bolsa),1373.86717125,531795.2681669958,818146.5664328402,752694.841118213,-65451.72531462717,65451.72531462717,7.999999999999995
2027-01-14,14,2027-01-01,True,CUNDINAMARCA,11248143.5,457955.72375,199544977.59,129704235.43,387.0791,389262.37,68693.36,85.0,15.0,Cubierta (85.0% Contratos / 15.0% Bolsa),1373.86717125,531795.2681669958,818146.5664328402,752694.841118213,-65451.72531462717,65451.72531462717,7.999999999999995
2027-01-14,14,2027-01-01,True,TOLIMA,9590826.73,457955.72375,199544977.59,129704235.43,387.0791,389262.37,68693.36,85.0,15.0,Cubierta (85.0% Contratos / 15.0% Bolsa),1373.86717125,531795.2681669958,818146.5664328402,752694.841118213,-65451.72531462717,65451.72531462717,7.999999999999995
2027-01-15,15,2027-01-01,True,ANTIOQUIA,31128347.25,457145.03125,199191734.73,129474627.57,387.4987,388573.28,68571.75,85.0,15.0,Cubierta (85.0% Contratos / 15.0% Bolsa),1371.43509375,531429.3159625031,817583.5630476513,752176.8780038393,-65406.68504381203,65406.68504381203,7.99999999999999
2027-01-15,15,2027-01-01,True,BOGOTA,44407239.34,457145.03125,199191734.73,129474627.57,387.4987,388573.28,68571.75,85.0,15.0,Cubierta (85.0% Contratos / 15.0% Bolsa),1371.43509375,531429.3159625031,817583.5630476513,752176.8780038393,-65406.68504381203,65406.68504381203,7.99999999999999
2027-01-15,15,2027-01-01,True,CARIBE_MAR,35209290.01,457145.03125,199191734.73,129474627.57,387.4987,388573.28,68571.75,85.0,15.0,Cubierta (85.0% Contratos / 15.0% Bolsa),1371.43509375,531429.3159625031,817583.5630476513,752176.8780038393,-65406.68504381203,65406.68504381203,7.99999999999999
2027-01-15,15,2027-01-01,True,CARIBE_SOL,27450691.56,457145.03125,199191734.73,129474627.57,387.4987,388573.28,68571.75,85.0,15.0,Cubierta (85.0% Contratos / 15.0% Bolsa),1371.43509375,531429.3159625031,817583.5630476513,752176.8780038393,-65406.68504381203,65406.68504381203,7.99999999999999
2027-01-15,15,2027-01-01,True,VALLE,22824817.4,457145.03125,199191734.73,129474627.57,387.4987,388573.28,68571.75,85.0,15.0,Cubierta (85.0% Contratos / 15.0% Bolsa),1371.43509375,531429.3159625031,817583.5630476513,752176.8780038393,-65406.68504381203,65406.68504381203,7.99999999999999
2027-01-15,15,2027-01-01,True,SANTANDER,17575205.53,457145.03125,199191734.73,129474627.57,387.4987,388573.28,68571.75,85.0,15.0,Cubierta (85.0% Contratos / 15.0% Bolsa),1371.43509375,531429.3159625031,817583.5630476513,752176.8780038393,-65406.68504381203,65406.68504381203,7.99999999999999
2027-01-15,15,2027-01-01,True,CUNDINAMARCA,11245379.7,457145.03125,199191734.73,129474627.57,387.4987,388573.28,68571.75,85.0,15.0,Cubierta (85.0% Contratos / 15.0% Bolsa),1371.43509375,531429.3159625031,817583.5630476513,752176.8780038393,-65406.68504381203,65406.68504381203,7.99999999999999
2027-01-15,15,2027-01-01,True,TOLIMA,9350763.94,457145.03125,199191734.73,129474627.57,387.4987,388573.28,68571.75,85.0,15.0,Cubierta (85.0% Contratos / 15.0% Bolsa),1371.43509375,531429.3159625031,817583.5630476513,752176.8780038393,-65406.68504381203,65406.68504381203,7.99999999999999
2027-01-16,16,2027-01-01,True,ANTIOQUIA,26836096.6,325550.7825,168243298.14000002,109358143.79,387.8439,276718.17,48832.62,85.0,15.0,Cubierta (85.0% Contratos / 15.0% Bolsa),976.6523474999999,378788.6553985552,582751.7775415678,536131.6353382424,-46620.142203325406,46620.142203325406,7.999999999999997
2027-01-16,16,2027-01-01,True,BOGOTA,37202561.1,325550.7825,168243298.14000002,109358143.79,387.8439,276718.17,48832.62,85.0,15.0,Cubierta (85.0% Contratos / 15.0% Bolsa),976.6523474999999,378788.6553985552,582751.7775415678,536131.6353382424,-46620.142203325406,46620.142203325406,7.999999999999997
2027-01-16,16,2027-01-01,True,CARIBE_MAR,29343343.1,325550.7825,168243298.14000002,109358143.79,387.8439,276718.17,48832.62,85.0,15.0,Cubierta (85.0% Contratos / 15.0% Bolsa),976.6523474999999,378788.6553985552,582751.7775415678,536131.6353382424,-46620.142203325406,46620.142203325406,7.999999999999997
2027-01-16,16,2027-01-01,True,CARIBE_SOL,23442767.9,325550.7825,168243298.14000002,109358143.79,387.8439,276718.17,48832.62,85.0,15.0,Cubierta (85.0% Contratos / 15.0% Bolsa),976.6523474999999,378788.6553985552,582751.7775415678,536131.6353382424,-46620.142203325406,46620.142203325406,7.999999999999997
2027-01-16,16,2027-01-01,True,VALLE,19038472.47,325550.7825,168243298.14000002,109358143.79,387.8439,276718.17,48832.62,85.0,15.0,Cubierta (85.0% Contratos / 15.0% Bolsa),976.6523474999999,378788.6553985552,582751.7775415678,536131.6353382424,-46620.142203325406,46620.142203325406,7.999999999999997
2027-01-16,16,2027-01-01,True,SANTANDER,14966775.89,325550.7825,168243298.14000002,109358143.79,387.8439,276718.17,48832.62,85.0,15.0,Cubierta (85.0% Contratos / 15.0% Bolsa),976.6523474999999,378788.6553985552,582751.7775415678,536131.6353382424,-46620.142203325406,46620.142203325406,7.999999999999997
2027-01-16,16,2027-01-01,True,CUNDINAMARCA,9480782.34,325550.7825,168243298.14000002,109358143.79,387.8439,276718.17,48832.62,85.0,15.0,Cubierta (85.0% Contratos / 15.0% Bolsa),976.6523474999999,378788.6553985552,582751.7775415678,536131.6353382424,-46620.142203325406,46620.142203325406,7.999999999999997
2027-01-16,16,2027-01-01,True,TOLIMA,7932498.74,325550.7825,168243298.14000002,109358143.79,387.8439,276718.17,48832.62,85.0,15.0,Cubierta (85.0% Contratos / 15.0% Bolsa),976.6523474999999,378788.6553985552,582751.7775415678,536131.6353382424,-46620.142203325406,46620.142203325406,7.999999999999997
2027-01-17,17,2027-01-01,True,ANTIOQUIA,27024814.17,329159.65375,170108348.51000002,110570426.53,388.1107,279785.71,49373.95,85.0,15.0,Cubierta (85.0% Contratos / 15.0% Bolsa),987.47896125,383251.1508860104,589617.1552172456,542447.7827998659,-47169.372417379636,47169.372417379636,7.999999999999999
2027-01-17,17,2027-01-01,True,BOGOTA,37760658.79,329159.65375,170108348.51000002,110570426.53,388.1107,279785.71,49373.95,85.0,15.0,Cubierta (85.0% Contratos / 15.0% Bolsa),987.47896125,383251.1508860104,589617.1552172456,542447.7827998659,-47169.372417379636,47169.372417379636,7.999999999999999
2027-01-17,17,2027-01-01,True,CARIBE_MAR,30279069.97,329159.65375,170108348.51000002,110570426.53,388.1107,279785.71,49373.95,85.0,15.0,Cubierta (85.0% Contratos / 15.0% Bolsa),987.47896125,383251.1508860104,589617.1552172456,542447.7827998659,-47169.372417379636,47169.372417379636,7.999999999999999
2027-01-17,17,2027-01-01,True,CARIBE_SOL,23449287.68,329159.65375,170108348.51000002,110570426.53,388.1107,279785.71,49373.95,85.0,15.0,Cubierta (85.0% Contratos / 15.0% Bolsa),987.47896125,383251.1508860104,589617.1552172456,542447.7827998659,-47169.372417379636,47169.372417379636,7.999999999999999
2027-01-17,17,2027-01-01,True,VALLE,19265636.06,329159.65375,170108348.51000002,110570426.53,388.1107,279785.71,49373.95,85.0,15.0,Cubierta (85.0% Contratos / 15.0% Bolsa),987.47896125,383251.1508860104,589617.1552172456,542447.7827998659,-47169.372417379636,47169.372417379636,7.999999999999999
2027-01-17,17,2027-01-01,True,SANTANDER,14789075.8,329159.65375,170108348.51000002,110570426.53,388.1107,279785.71,49373.95,85.0,15.0,Cubierta (85.0% Contratos / 15.0% Bolsa),987.47896125,383251.1508860104,589617.1552172456,542447.7827998659,-47169.372417379636,47169.372417379636,7.999999999999999
2027-01-17,17,2027-01-01,True,CUNDINAMARCA,9584410.64,329159.65375,170108348.51000002,110570426.53,388.1107,279785.71,49373.95,85.0,15.0,Cubierta (85.0% Contratos / 15.0% Bolsa),987.47896125,383251.1508860104,589617.1552172456,542447.7827998659,-47169.372417379636,47169.372417379636,7.999999999999999
2027-01-17,17,2027-01-01,True,TOLIMA,7955395.4,329159.65375,170108348.51000002,110570426.53,388.1107,279785.71,49373.95,85.0,15.0,Cubierta (85.0% Contratos / 15.0% Bolsa),987.47896125,383251.1508860104,589617.1552172456,542447.7827998659,-47169.372417379636,47169.372417379636,7.999999999999999
2027-01-18,18,2027-01-01,True,ANTIOQUIA,31481644.59,458892.5525,199953181.94000003,129969568.26,388.2968,390058.67,68833.88,85.0,15.0,Cubierta (85.0% Contratos / 15.0% Bolsa),1376.6776575,534559.529038746,822399.2754505523,756607.3334145081,-65791.9420360442,65791.9420360442,8.000000000000002
2027-01-18,18,2027-01-01,True,BOGOTA,44352641.09,458892.5525,199953181.94000003,129969568.26,388.2968,390058.67,68833.88,85.0,15.0,Cubierta (85.0% Contratos / 15.0% Bolsa),1376.6776575,534559.529038746,822399.2754505523,756607.3334145081,-65791.9420360442,65791.9420360442,8.000000000000002
2027-01-18,18,2027-01-01,True,CARIBE_MAR,35069259.9,458892.5525,199953181.94000003,129969568.26,388.2968,390058.67,68833.88,85.0,15.0,Cubierta (85.0% Contratos / 15.0% Bolsa),1376.6776575,534559.529038746,822399.2754505523,756607.3334145081,-65791.9420360442,65791.9420360442,8.000000000000002
2027-01-18,18,2027-01-01,True,CARIBE_SOL,27892045.68,458892.5525,199953181.94000003,129969568.26,388.2968,390058.67,68833.88,85.0,15.0,Cubierta (85.0% Contratos / 15.0% Bolsa),1376.6776575,534559.529038746,822399.2754505523,756607.3334145081,-65791.9420360442,65791.9420360442,8.000000000000002
2027-01-18,18,2027-01-01,True,VALLE,22872641.66,458892.5525,199953181.94000003,129969568.26,388.2968,390058.67,68833.88,85.0,15.0,Cubierta (85.0% Contratos / 15.0% Bolsa),1376.6776575,534559.529038746,822399.2754505523,756607.3334145081,-65791.9420360442,65791.9420360442,8.000000000000002
2027-01-18,18,2027-01-01,True,SANTANDER,17709590.43,458892.5525,199953181.94000003,129969568.26,388.2968,390058.67,68833.88,85.0,15.0,Cubierta (85.0% Contratos / 15.0% Bolsa),1376.6776575,534559.529038746,822399.2754505523,756607.3334145081,-65791.9420360442,65791.9420360442,8.000000000000002
2027-01-18,18,2027-01-01,True,CUNDINAMARCA,11263646.21,458892.5525,199953181.94000003,129969568.26,388.2968,390058.67,68833.88,85.0,15.0,Cubierta (85.0% Contratos / 15.0% Bolsa),1376.6776575,534559.529038746,822399.2754505523,756607.3334145081,-65791.9420360442,65791.9420360442,8.000000000000002
2027-01-18,18,2027-01-01,True,TOLIMA,9311712.38,458892.5525,199953181.94000003,129969568.26,388.2968,390058.67,68833.88,85.0,15.0,Cubierta (85.0% Contratos / 15.0% Bolsa),1376.6776575,534559.529038746,822399.2754505523,756607.3334145081,-65791.9420360442,65791.9420360442,8.000000000000002
2027-01-19,19,2027-01-01,True,ANTIOQUIA,31765587.45,459723.42875,200315219.75,130204892.84,388.4013,390764.91,68958.51,85.0,15.0,Cubierta (85.0% Contratos / 15.0% Bolsa),1379.1702862500001,535671.5321008721,824110.0493701338,758181.2454205231,-65928.80394961068,65928.80394961068,7.999999999999997
2027-01-19,19,2027-01-01,True,BOGOTA,44205088.19,459723.42875,200315219.75,130204892.84,388.4013,390764.91,68958.51,85.0,15.0,Cubierta (85.0% Contratos / 15.0% Bolsa),1379.1702862500001,535671.5321008721,824110.0493701338,758181.2454205231,-65928.80394961068,65928.80394961068,7.999999999999997
2027-01-19,19,2027-01-01,True,CARIBE_MAR,35002878.74,459723.42875,200315219.75,130204892.84,388.4013,390764.91,68958.51,85.0,15.0,Cubierta (85.0% Contratos / 15.0% Bolsa),1379.1702862500001,535671.5321008721,824110.0493701338,758181.2454205231,-65928.80394961068,65928.80394961068,7.999999999999997
2027-01-19,19,2027-01-01,True,CARIBE_SOL,27837827.32,459723.42875,200315219.75,130204892.84,388.4013,390764.91,68958.51,85.0,15.0,Cubierta (85.0% Contratos / 15.0% Bolsa),1379.1702862500001,535671.5321008721,824110.0493701338,758181.2454205231,-65928.80394961068,65928.80394961068,7.999999999999997
2027-01-19,19,2027-01-01,True,VALLE,23077428.18,459723.42875,200315219.75,130204892.84,388.4013,390764.91,68958.51,85.0,15.0,Cubierta (85.0% Contratos / 15.0% Bolsa),1379.1702862500001,535671.5321008721,824110.0493701338,758181.2454205231,-65928.80394961068,65928.80394961068,7.999999999999997
2027-01-19,19,2027-01-01,True,SANTANDER,17592705.96,459723.42875,200315219.75,130204892.84,388.4013,390764.91,68958.51,85.0,15.0,Cubierta (85.0% Contratos / 15.0% Bolsa),1379.1702862500001,535671.5321008721,824110.0493701338,758181.2454205231,-65928.80394961068,65928.80394961068,7.999999999999997
2027-01-19,19,2027-01-01,True,CUNDINAMARCA,11432640.75,459723.42875,200315219.75,130204892.84,388.4013,390764.91,68958.51,85.0,15.0,Cubierta (85.0% Contratos / 15.0% Bolsa),1379.1702862500001,535671.5321008721,824110.0493701338,758181.2454205231,-65928.80394961068,65928.80394961068,7.999999999999997
2027-01-19,19,2027-01-01,True,TOLIMA,9401063.16,459723.42875,200315219.75,130204892.84,388.4013,390764.91,68958.51,85.0,15.0,Cubierta (85.0% Contratos / 15.0% Bolsa),1379.1702862500001,535671.5321008721,824110.0493701338,758181.2454205231,-65928.80394961068,65928.80394961068,7.999999999999997
2027-01-20,20,2027-01-01,True,ANTIOQUIA,31223706.76,458986.28375,199994023.39000002,129996115.2,388.4253,390138.34,68847.94,85.0,15.0,Cubierta (85.0% Contratos / 15.0% Bolsa),1376.95885125,534845.6548844366,822839.4690751336,757012.3115491229,-65827.15752601065,65827.15752601065,7.9999999999999964
2027-01-20,20,2027-01-01,True,BOGOTA,44734227.67,458986.28375,199994023.39000002,129996115.2,388.4253,390138.34,68847.94,85.0,15.0,Cubierta (85.0% Contratos / 15.0% Bolsa),1376.95885125,534845.6548844366,822839.4690751336,757012.3115491229,-65827.15752601065,65827.15752601065,7.9999999999999964
2027-01-20,20,2027-01-01,True,CARIBE_MAR,35203183.96,458986.28375,199994023.39000002,129996115.2,388.4253,390138.34,68847.94,85.0,15.0,Cubierta (85.0% Contratos / 15.0% Bolsa),1376.95885125,534845.6548844366,822839.4690751336,757012.3115491229,-65827.15752601065,65827.15752601065,7.9999999999999964
2027-01-20,20,2027-01-01,True,CARIBE_SOL,27801934.28,458986.28375,199994023.39000002,129996115.2,388.4253,390138.34,68847.94,85.0,15.0,Cubierta (85.0% Contratos / 15.0% Bolsa),1376.95885125,534845.6548844366,822839.4690751336,757012.3115491229,-65827.15752601065,65827.15752601065,7.9999999999999964
2027-01-20,20,2027-01-01,True,VALLE,22535951.06,458986.28375,199994023.39000002,129996115.2,388.4253,390138.34,68847.94,85.0,15.0,Cubierta (85.0% Contratos / 15.0% Bolsa),1376.95885125,534845.6548844366,822839.4690751336,757012.3115491229,-65827.15752601065,65827.15752601065,7.9999999999999964
2027-01-20,20,2027-01-01,True,SANTANDER,17654679.07,458986.28375,199994023.39000002,129996115.2,388.4253,390138.34,68847.94,85.0,15.0,Cubierta (85.0% Contratos / 15.0% Bolsa),1376.95885125,534845.6548844366,822839.4690751336,757012.3115491229,-65827.15752601065,65827.15752601065,7.9999999999999964
2027-01-20,20,2027-01-01,True,CUNDINAMARCA,11374650.56,458986.28375,199994023.39000002,129996115.2,388.4253,390138.34,68847.94,85.0,15.0,Cubierta (85.0% Contratos / 15.0% Bolsa),1376.95885125,534845.6548844366,822839.4690751336,757012.3115491229,-65827.15752601065,65827.15752601065,7.9999999999999964
2027-01-20,20,2027-01-01,True,TOLIMA,9465690.03,458986.28375,199994023.39000002,129996115.2,388.4253,390138.34,68847.94,85.0,15.0,Cubierta (85.0% Contratos / 15.0% Bolsa),1376.95885125,534845.6548844366,822839.4690751336,757012.3115491229,-65827.15752601065,65827.15752601065,7.9999999999999964
2027-01-21,21,2027-01-01,True,ANTIOQUIA,31345785.78,457919.94125,199529386.24,129694101.06,388.3714,389231.95,68687.99,85.0,15.0,Cubierta (85.0% Contratos / 15.0% Bolsa),1373.75982375,533529.0260135407,820813.8861493627,755148.7752574136,-65665.11089194904,65665.11089194904,8.000000000000004
2027-01-21,21,2027-01-01,True,BOGOTA,44044063.22,457919.94125,199529386.24,129694101.06,388.3714,389231.95,68687.99,85.0,15.0,Cubierta (85.0% Contratos / 15.0% Bolsa),1373.75982375,533529.0260135407,820813.8861493627,755148.7752574136,-65665.11089194904,65665.11089194904,8.000000000000004
2027-01-21,21,2027-01-01,True,CARIBE_MAR,35656331.71,457919.94125,199529386.24,129694101.06,388.3714,389231.95,68687.99,85.0,15.0,Cubierta (85.0% Contratos / 15.0% Bolsa),1373.75982375,533529.0260135407,820813.8861493627,755148.7752574136,-65665.11089194904,65665.11089194904,8.000000000000004
2027-01-21,21,2027-01-01,True,CARIBE_SOL,27254280.95,457919.94125,199529386.24,129694101.06,388.3714,389231.95,68687.99,85.0,15.0,Cubierta (85.0% Contratos / 15.0% Bolsa),1373.75982375,533529.0260135407,820813.8861493627,755148.7752574136,-65665.11089194904,65665.11089194904,8.000000000000004
2027-01-21,21,2027-01-01,True,VALLE,22798028.19,457919.94125,199529386.24,129694101.06,388.3714,389231.95,68687.99,85.0,15.0,Cubierta (85.0% Contratos / 15.0% Bolsa),1373.75982375,533529.0260135407,820813.8861493627,755148.7752574136,-65665.11089194904,65665.11089194904,8.000000000000004
2027-01-21,21,2027-01-01,True,SANTANDER,17722134.29,457919.94125,199529386.24,129694101.06,388.3714,389231.95,68687.99,85.0,15.0,Cubierta (85.0% Contratos / 15.0% Bolsa),1373.75982375,533529.0260135407,820813.8861493627,755148.7752574136,-65665.11089194904,65665.11089194904,8.000000000000004
2027-01-21,21,2027-01-01,True,CUNDINAMARCA,11333573.27,457919.94125,199529386.24,129694101.06,388.3714,389231.95,68687.99,85.0,15.0,Cubierta (85.0% Contratos / 15.0% Bolsa),1373.75982375,533529.0260135407,820813.8861493627,755148.7752574136,-65665.11089194904,65665.11089194904,8.000000000000004
2027-01-21,21,2027-01-01,True,TOLIMA,9375188.83,457919.94125,199529386.24,129694101.06,388.3714,389231.95,68687.99,85.0,15.0,Cubierta (85.0% Contratos / 15.0% Bolsa),1373.75982375,533529.0260135407,820813.8861493627,755148.7752574136,-65665.11089194904,65665.11089194904,8.000000000000004
2027-01-22,22,2027-01-01,True,ANTIOQUIA,31941753.71,463756.84125,202072697.96,131347253.67,388.2435,394193.32,69563.53,85.0,15.0,Cubierta (85.0% Contratos / 15.0% Bolsa),1391.27052375,540151.7375875331,831002.6732368965,764522.4593779448,-66480.2138589517,66480.2138589517,7.999999999999997
2027-01-22,22,2027-01-01,True,BOGOTA,44936680.72,463756.84125,202072697.96,131347253.67,388.2435,394193.32,69563.53,85.0,15.0,Cubierta (85.0% Contratos / 15.0% Bolsa),1391.27052375,540151.7375875331,831002.6732368965,764522.4593779448,-66480.2138589517,66480.2138589517,7.999999999999997
2027-01-22,22,2027-01-01,True,CARIBE_MAR,35316831.87,463756.84125,202072697.96,131347253.67,388.2435,394193.32,69563.53,85.0,15.0,Cubierta (85.0% Contratos / 15.0% Bolsa),1391.27052375,540151.7375875331,831002.6732368965,764522.4593779448,-66480.2138589517,66480.2138589517,7.999999999999997
2027-01-22,22,2027-01-01,True,CARIBE_SOL,28333485.51,463756.84125,202072697.96,131347253.67,388.2435,394193.32,69563.53,85.0,15.0,Cubierta (85.0% Contratos / 15.0% Bolsa),1391.27052375,540151.7375875331,831002.6732368965,764522.4593779448,-66480.2138589517,66480.2138589517,7.999999999999997
2027-01-22,22,2027-01-01,True,VALLE,23098300.64,463756.84125,202072697.96,131347253.67,388.2435,394193.32,69563.53,85.0,15.0,Cubierta (85.0% Contratos / 15.0% Bolsa),1391.27052375,540151.7375875331,831002.6732368965,764522.4593779448,-66480.2138589517,66480.2138589517,7.999999999999997
2027-01-22,22,2027-01-01,True,SANTANDER,17707986.11,463756.84125,202072697.96,131347253.67,388.2435,394193.32,69563.53,85.0,15.0,Cubierta (85.0% Contratos / 15.0% Bolsa),1391.27052375,540151.7375875331,831002.6732368965,764522.4593779448,-66480.2138589517,66480.2138589517,7.999999999999997
2027-01-22,22,2027-01-01,True,CUNDINAMARCA,11359353.63,463756.84125,202072697.96,131347253.67,388.2435,394193.32,69563.53,85.0,15.0,Cubierta (85.0% Contratos / 15.0% Bolsa),1391.27052375,540151.7375875331,831002.6732368965,764522.4593779448,-66480.2138589517,66480.2138589517,7.999999999999997
2027-01-22,22,2027-01-01,True,TOLIMA,9378305.77,463756.84125,202072697.96,131347253.67,388.2435,394193.32,69563.53,85.0,15.0,Cubierta (85.0% Contratos / 15.0% Bolsa),1391.27052375,540151.7375875331,831002.6732368965,764522.4593779448,-66480.2138589517,66480.2138589517,7.999999999999997
2027-01-23,23,2027-01-01,True,ANTIOQUIA,27052283.77,329628.1975,170350489.51000002,110727818.18,388.0475,280183.97,49444.23,85.0,15.0,Cubierta (85.0% Contratos / 15.0% Bolsa),988.8845925,383734.1939081438,590360.2983282186,543131.4744619612,-47228.823866257444,47228.823866257444,7.999999999999992
2027-01-23,23,2027-01-01,True,BOGOTA,37596842.97,329628.1975,170350489.51000002,110727818.18,388.0475,280183.97,49444.23,85.0,15.0,Cubierta (85.0% Contratos / 15.0% Bolsa),988.8845925,383734.1939081438,590360.2983282186,543131.4744619612,-47228.823866257444,47228.823866257444,7.999999999999992
2027-01-23,23,2027-01-01,True,CARIBE_MAR,30009342.37,329628.1975,170350489.51000002,110727818.18,388.0475,280183.97,49444.23,85.0,15.0,Cubierta (85.0% Contratos / 15.0% Bolsa),988.8845925,383734.1939081438,590360.2983282186,543131.4744619612,-47228.823866257444,47228.823866257444,7.999999999999992
2027-01-23,23,2027-01-01,True,CARIBE_SOL,23712343.6,329628.1975,170350489.51000002,110727818.18,388.0475,280183.97,49444.23,85.0,15.0,Cubierta (85.0% Contratos / 15.0% Bolsa),988.8845925,383734.1939081438,590360.2983282186,543131.4744619612,-47228.823866257444,47228.823866257444,7.999999999999992
2027-01-23,23,2027-01-01,True,VALLE,19314309.62,329628.1975,170350489.51000002,110727818.18,388.0475,280183.97,49444.23,85.0,15.0,Cubierta (85.0% Contratos / 15.0% Bolsa),988.8845925,383734.1939081438,590360.2983282186,543131.4744619612,-47228.823866257444,47228.823866257444,7.999999999999992
2027-01-23,23,2027-01-01,True,SANTANDER,15023007.94,329628.1975,170350489.51000002,110727818.18,388.0475,280183.97,49444.23,85.0,15.0,Cubierta (85.0% Contratos / 15.0% Bolsa),988.8845925,383734.1939081438,590360.2983282186,543131.4744619612,-47228.823866257444,47228.823866257444,7.999999999999992
2027-01-23,23,2027-01-01,True,CUNDINAMARCA,9567588.89,329628.1975,170350489.51000002,110727818.18,388.0475,280183.97,49444.23,85.0,15.0,Cubierta (85.0% Contratos / 15.0% Bolsa),988.8845925,383734.1939081438,590360.2983282186,543131.4744619612,-47228.823866257444,47228.823866257444,7.999999999999992
2027-01-23,23,2027-01-01,True,TOLIMA,8074770.35,329628.1975,170350489.51000002,110727818.18,388.0475,280183.97,49444.23,85.0,15.0,Cubierta (85.0% Contratos / 15.0% Bolsa),988.8845925,383734.1939081438,590360.2983282186,543131.4744619612,-47228.823866257444,47228.823866257444,7.999999999999992
2027-01-24,24,2027-01-01,True,ANTIOQUIA,26885597.8,327629.855,169317754.84,110056540.65,387.7904,278485.38,49144.48,85.0,15.0,Cubierta (85.0% Contratos / 15.0% Bolsa),982.889565,381155.13756717596,586392.5193128044,539481.1177677801,-46911.40154502436,46911.40154502436,8.0
2027-01-24,24,2027-01-01,True,BOGOTA,37948498.74,327629.855,169317754.84,110056540.65,387.7904,278485.38,49144.48,85.0,15.0,Cubierta (85.0% Contratos / 15.0% Bolsa),982.889565,381155.13756717596,586392.5193128044,539481.1177677801,-46911.40154502436,46911.40154502436,8.0
2027-01-24,24,2027-01-01,True,CARIBE_MAR,29569889.62,327629.855,169317754.84,110056540.65,387.7904,278485.38,49144.48,85.0,15.0,Cubierta (85.0% Contratos / 15.0% Bolsa),982.889565,381155.13756717596,586392.5193128044,539481.1177677801,-46911.40154502436,46911.40154502436,8.0
2027-01-24,24,2027-01-01,True,CARIBE_SOL,23411076.19,327629.855,169317754.84,110056540.65,387.7904,278485.38,49144.48,85.0,15.0,Cubierta (85.0% Contratos / 15.0% Bolsa),982.889565,381155.13756717596,586392.5193128044,539481.1177677801,-46911.40154502436,46911.40154502436,8.0
2027-01-24,24,2027-01-01,True,VALLE,19071149.14,327629.855,169317754.84,110056540.65,387.7904,278485.38,49144.48,85.0,15.0,Cubierta (85.0% Contratos / 15.0% Bolsa),982.889565,381155.13756717596,586392.5193128044,539481.1177677801,-46911.40154502436,46911.40154502436,8.0
2027-01-24,24,2027-01-01,True,SANTANDER,14863169.22,327629.855,169317754.84,110056540.65,387.7904,278485.38,49144.48,85.0,15.0,Cubierta (85.0% Contratos / 15.0% Bolsa),982.889565,381155.13756717596,586392.5193128044,539481.1177677801,-46911.40154502436,46911.40154502436,8.0
2027-01-24,24,2027-01-01,True,CUNDINAMARCA,9547671.93,327629.855,169317754.84,110056540.65,387.7904,278485.38,49144.48,85.0,15.0,Cubierta (85.0% Contratos / 15.0% Bolsa),982.889565,381155.13756717596,586392.5193128044,539481.1177677801,-46911.40154502436,46911.40154502436,8.0
2027-01-24,24,2027-01-01,True,TOLIMA,8020702.2,327629.855,169317754.84,110056540.65,387.7904,278485.38,49144.48,85.0,15.0,Cubierta (85.0% Contratos / 15.0% Bolsa),982.889565,381155.13756717596,586392.5193128044,539481.1177677801,-46911.40154502436,46911.40154502436,8.0
2027-01-25,25,2027-01-01,True,ANTIOQUIA,31268965.32,459999.6325,200435569.59,130283120.23,387.4804,390999.69,68999.94,85.0,15.0,Cubierta (85.0% Contratos / 15.0% Bolsa),1379.9988975,534722.524802859,822650.0381803447,756838.0351259172,-65812.00305442757,65812.00305442757,7.999999999999999
2027-01-25,25,2027-01-01,True,BOGOTA,44365559.01,459999.6325,200435569.59,130283120.23,387.4804,390999.69,68999.94,85.0,15.0,Cubierta (85.0% Contratos / 15.0% Bolsa),1379.9988975,534722.524802859,822650.0381803447,756838.0351259172,-65812.00305442757,65812.00305442757,7.999999999999999
2027-01-25,25,2027-01-01,True,CARIBE_MAR,35316582.27,459999.6325,200435569.59,130283120.23,387.4804,390999.69,68999.94,85.0,15.0,Cubierta (85.0% Contratos / 15.0% Bolsa),1379.9988975,534722.524802859,822650.0381803447,756838.0351259172,-65812.00305442757,65812.00305442757,7.999999999999999
2027-01-25,25,2027-01-01,True,CARIBE_SOL,28123168.87,459999.6325,200435569.59,130283120.23,387.4804,390999.69,68999.94,85.0,15.0,Cubierta (85.0% Contratos / 15.0% Bolsa),1379.9988975,534722.524802859,822650.0381803447,756838.0351259172,-65812.00305442757,65812.00305442757,7.999999999999999
2027-01-25,25,2027-01-01,True,VALLE,22859254.08,459999.6325,200435569.59,130283120.23,387.4804,390999.69,68999.94,85.0,15.0,Cubierta (85.0% Contratos / 15.0% Bolsa),1379.9988975,534722.524802859,822650.0381803447,756838.0351259172,-65812.00305442757,65812.00305442757,7.999999999999999
2027-01-25,25,2027-01-01,True,SANTANDER,17670413.7,459999.6325,200435569.59,130283120.23,387.4804,390999.69,68999.94,85.0,15.0,Cubierta (85.0% Contratos / 15.0% Bolsa),1379.9988975,534722.524802859,822650.0381803447,756838.0351259172,-65812.00305442757,65812.00305442757,7.999999999999999
2027-01-25,25,2027-01-01,True,CUNDINAMARCA,11327477.41,459999.6325,200435569.59,130283120.23,387.4804,390999.69,68999.94,85.0,15.0,Cubierta (85.0% Contratos / 15.0% Bolsa),1379.9988975,534722.524802859,822650.0381803447,756838.0351259172,-65812.00305442757,65812.00305442757,7.999999999999999
2027-01-25,25,2027-01-01,True,TOLIMA,9504148.93,459999.6325,200435569.59,130283120.23,387.4804,390999.69,68999.94,85.0,15.0,Cubierta (85.0% Contratos / 15.0% Bolsa),1379.9988975,534722.524802859,822650.0381803447,756838.0351259172,-65812.00305442757,65812.00305442757,7.999999999999999
2027-01-26,26,2027-01-01,True,ANTIOQUIA,31679450.79,461996.53,201305677.63,130848690.46,387.1269,392697.05,69299.48,85.0,15.0,Cubierta (85.0% Contratos / 15.0% Bolsa),1385.9895900000001,536553.853408971,825467.4667798781,759430.0694374879,-66037.39734239026,66037.39734239026,8.000000000000002
2027-01-26,26,2027-01-01,True,BOGOTA,44272509.56,461996.53,201305677.63,130848690.46,387.1269,392697.05,69299.48,85.0,15.0,Cubierta (85.0% Contratos / 15.0% Bolsa),1385.9895900000001,536553.853408971,825467.4667798781,759430.0694374879,-66037.39734239026,66037.39734239026,8.000000000000002
2027-01-26,26,2027-01-01,True,CARIBE_MAR,35734965.47,461996.53,201305677.63,130848690.46,387.1269,392697.05,69299.48,85.0,15.0,Cubierta (85.0% Contratos / 15.0% Bolsa),1385.9895900000001,536553.853408971,825467.4667798781,759430.0694374879,-66037.39734239026,66037.39734239026,8.000000000000002
2027-01-26,26,2027-01-01,True,CARIBE_SOL,28129721.36,461996.53,201305677.63,130848690.46,387.1269,392697.05,69299.48,85.0,15.0,Cubierta (85.0% Contratos / 15.0% Bolsa),1385.9895900000001,536553.853408971,825467.4667798781,759430.0694374879,-66037.39734239026,66037.39734239026,8.000000000000002
2027-01-26,26,2027-01-01,True,VALLE,22870026.1,461996.53,201305677.63,130848690.46,387.1269,392697.05,69299.48,85.0,15.0,Cubierta (85.0% Contratos / 15.0% Bolsa),1385.9895900000001,536553.853408971,825467.4667798781,759430.0694374879,-66037.39734239026,66037.39734239026,8.000000000000002
2027-01-26,26,2027-01-01,True,SANTANDER,17704047.28,461996.53,201305677.63,130848690.46,387.1269,392697.05,69299.48,85.0,15.0,Cubierta (85.0% Contratos / 15.0% Bolsa),1385.9895900000001,536553.853408971,825467.4667798781,759430.0694374879,-66037.39734239026,66037.39734239026,8.000000000000002
2027-01-26,26,2027-01-01,True,CUNDINAMARCA,11361585.62,461996.53,201305677.63,130848690.46,387.1269,392697.05,69299.48,85.0,15.0,Cubierta (85.0% Contratos / 15.0% Bolsa),1385.9895900000001,536553.853408971,825467.4667798781,759430.0694374879,-66037.39734239026,66037.39734239026,8.000000000000002
2027-01-26,26,2027-01-01,True,TOLIMA,9553371.45,461996.53,201305677.63,130848690.46,387.1269,392697.05,69299.48,85.0,15.0,Cubierta (85.0% Contratos / 15.0% Bolsa),1385.9895900000001,536553.853408971,825467.4667798781,759430.0694374879,-66037.39734239026,66037.39734239026,8.000000000000002
2027-01-27,27,2027-01-01,True,ANTIOQUIA,31448594.67,459716.34375,200312132.38,130202886.05,386.7403,390758.89,68957.45,85.0,15.0,Cubierta (85.0% Contratos / 15.0% Bolsa),1379.14903125,533372.5100903343,820573.0924277615,754927.2450335406,-65645.84739422088,65645.84739422088,7.999999999999995
2027-01-27,27,2027-01-01,True,BOGOTA,44328862.98,459716.34375,200312132.38,130202886.05,386.7403,390758.89,68957.45,85.0,15.0,Cubierta (85.0% Contratos / 15.0% Bolsa),1379.14903125,533372.5100903343,820573.0924277615,754927.2450335406,-65645.84739422088,65645.84739422088,7.999999999999995
2027-01-27,27,2027-01-01,True,CARIBE_MAR,34903949.91,459716.34375,200312132.38,130202886.05,386.7403,390758.89,68957.45,85.0,15.0,Cubierta (85.0% Contratos / 15.0% Bolsa),1379.14903125,533372.5100903343,820573.0924277615,754927.2450335406,-65645.84739422088,65645.84739422088,7.999999999999995
2027-01-27,27,2027-01-01,True,CARIBE_SOL,28101663.41,459716.34375,200312132.38,130202886.05,386.7403,390758.89,68957.45,85.0,15.0,Cubierta (85.0% Contratos / 15.0% Bolsa),1379.14903125,533372.5100903343,820573.0924277615,754927.2450335406,-65645.84739422088,65645.84739422088,7.999999999999995
2027-01-27,27,2027-01-01,True,VALLE,22585135.62,459716.34375,200312132.38,130202886.05,386.7403,390758.89,68957.45,85.0,15.0,Cubierta (85.0% Contratos / 15.0% Bolsa),1379.14903125,533372.5100903343,820573.0924277615,754927.2450335406,-65645.84739422088,65645.84739422088,7.999999999999995
2027-01-27,27,2027-01-01,True,SANTANDER,17974665.95,459716.34375,200312132.38,130202886.05,386.7403,390758.89,68957.45,85.0,15.0,Cubierta (85.0% Contratos / 15.0% Bolsa),1379.14903125,533372.5100903343,820573.0924277615,754927.2450335406,-65645.84739422088,65645.84739422088,7.999999999999995
2027-01-27,27,2027-01-01,True,CUNDINAMARCA,11344680.48,459716.34375,200312132.38,130202886.05,386.7403,390758.89,68957.45,85.0,15.0,Cubierta (85.0% Contratos / 15.0% Bolsa),1379.14903125,533372.5100903343,820573.0924277615,754927.2450335406,-65645.84739422088,65645.84739422088,7.999999999999995
2027-01-27,27,2027-01-01,True,TOLIMA,9624579.36,459716.34375,200312132.38,130202886.05,386.7403,390758.89,68957.45,85.0,15.0,Cubierta (85.0% Contratos / 15.0% Bolsa),1379.14903125,533372.5100903343,820573.0924277615,754927.2450335406,-65645.84739422088,65645.84739422088,7.999999999999995
2027-01-28,28,2027-01-01,True,ANTIOQUIA,31487581.68,459679.325,200296002.33,130192401.51,386.3313,390727.43,68951.9,85.0,15.0,Cubierta (85.0% Contratos / 15.0% Bolsa),1379.037975,532765.5336311174,819639.2825377417,754068.1399347225,-65571.14260301925,65571.14260301925,7.99999999999999
2027-01-28,28,2027-01-01,True,BOGOTA,44009001.62,459679.325,200296002.33,130192401.51,386.3313,390727.43,68951.9,85.0,15.0,Cubierta (85.0% Contratos / 15.0% Bolsa),1379.037975,532765.5336311174,819639.2825377417,754068.1399347225,-65571.14260301925,65571.14260301925,7.99999999999999
2027-01-28,28,2027-01-01,True,CARIBE_MAR,35560147.45,459679.325,200296002.33,130192401.51,386.3313,390727.43,68951.9,85.0,15.0,Cubierta (85.0% Contratos / 15.0% Bolsa),1379.037975,532765.5336311174,819639.2825377417,754068.1399347225,-65571.14260301925,65571.14260301925,7.99999999999999
2027-01-28,28,2027-01-01,True,CARIBE_SOL,27891440.62,459679.325,200296002.33,130192401.51,386.3313,390727.43,68951.9,85.0,15.0,Cubierta (85.0% Contratos / 15.0% Bolsa),1379.037975,532765.5336311174,819639.2825377417,754068.1399347225,-65571.14260301925,65571.14260301925,7.99999999999999
2027-01-28,28,2027-01-01,True,VALLE,22769353.87,459679.325,200296002.33,130192401.51,386.3313,390727.43,68951.9,85.0,15.0,Cubierta (85.0% Contratos / 15.0% Bolsa),1379.037975,532765.5336311174,819639.2825377417,754068.1399347225,-65571.14260301925,65571.14260301925,7.99999999999999
2027-01-28,28,2027-01-01,True,SANTANDER,17698007.53,459679.325,200296002.33,130192401.51,386.3313,390727.43,68951.9,85.0,15.0,Cubierta (85.0% Contratos / 15.0% Bolsa),1379.037975,532765.5336311174,819639.2825377417,754068.1399347225,-65571.14260301925,65571.14260301925,7.99999999999999
2027-01-28,28,2027-01-01,True,CUNDINAMARCA,11381719.41,459679.325,200296002.33,130192401.51,386.3313,390727.43,68951.9,85.0,15.0,Cubierta (85.0% Contratos / 15.0% Bolsa),1379.037975,532765.5336311174,819639.2825377417,754068.1399347225,-65571.14260301925,65571.14260301925,7.99999999999999
2027-01-28,28,2027-01-01,True,TOLIMA,9498750.15,459679.325,200296002.33,130192401.51,386.3313,390727.43,68951.9,85.0,15.0,Cubierta (85.0% Contratos / 15.0% Bolsa),1379.037975,532765.5336311174,819639.2825377417,754068.1399347225,-65571.14260301925,65571.14260301925,7.99999999999999
2027-01-29,29,2027-01-01,True,ANTIOQUIA,32079677.64,458553.51,199805450.86,129873543.06,385.9115,389770.48,68783.03,85.0,15.0,Cubierta (85.0% Contratos / 15.0% Bolsa),1375.66053,530883.2186230951,816743.4132600114,751403.9401992104,-65339.47306080093,65339.47306080093,8.000000000000004
2027-01-29,29,2027-01-01,True,BOGOTA,43525198.85,458553.51,199805450.86,129873543.06,385.9115,389770.48,68783.03,85.0,15.0,Cubierta (85.0% Contratos / 15.0% Bolsa),1375.66053,530883.2186230951,816743.4132600114,751403.9401992104,-65339.47306080093,65339.47306080093,8.000000000000004
2027-01-29,29,2027-01-01,True,CARIBE_MAR,35350184.13,458553.51,199805450.86,129873543.06,385.9115,389770.48,68783.03,85.0,15.0,Cubierta (85.0% Contratos / 15.0% Bolsa),1375.66053,530883.2186230951,816743.4132600114,751403.9401992104,-65339.47306080093,65339.47306080093,8.000000000000004
2027-01-29,29,2027-01-01,True,CARIBE_SOL,27309542.65,458553.51,199805450.86,129873543.06,385.9115,389770.48,68783.03,85.0,15.0,Cubierta (85.0% Contratos / 15.0% Bolsa),1375.66053,530883.2186230951,816743.4132600114,751403.9401992104,-65339.47306080093,65339.47306080093,8.000000000000004
2027-01-29,29,2027-01-01,True,VALLE,22686230.6,458553.51,199805450.86,129873543.06,385.9115,389770.48,68783.03,85.0,15.0,Cubierta (85.0% Contratos / 15.0% Bolsa),1375.66053,530883.2186230951,816743.4132600114,751403.9401992104,-65339.47306080093,65339.47306080093,8.000000000000004
2027-01-29,29,2027-01-01,True,SANTANDER,17931085.54,458553.51,199805450.86,129873543.06,385.9115,389770.48,68783.03,85.0,15.0,Cubierta (85.0% Contratos / 15.0% Bolsa),1375.66053,530883.2186230951,816743.4132600114,751403.9401992104,-65339.47306080093,65339.47306080093,8.000000000000004
2027-01-29,29,2027-01-01,True,CUNDINAMARCA,11350720.34,458553.51,199805450.86,129873543.06,385.9115,389770.48,68783.03,85.0,15.0,Cubierta (85.0% Contratos / 15.0% Bolsa),1375.66053,530883.2186230951,816743.4132600114,751403.9401992104,-65339.47306080093,65339.47306080093,8.000000000000004
2027-01-29,29,2027-01-01,True,TOLIMA,9572811.11,458553.51,199805450.86,129873543.06,385.9115,389770.48,68783.03,85.0,15.0,Cubierta (85.0% Contratos / 15.0% Bolsa),1375.66053,530883.2186230951,816743.4132600114,751403.9401992104,-65339.47306080093,65339.47306080093,8.000000000000004
2027-01-30,30,2027-01-01,True,ANTIOQUIA,26814557.06,328118.205,169570131.45999998,110220585.45,385.4924,278900.47,49217.73,85.0,15.0,Cubierta (85.0% Contratos / 15.0% Bolsa),984.3546150000001,379461.222987426,583786.4968984358,537083.5771465609,-46702.91975187487,46702.91975187487,8.000000000000002
2027-01-30,30,2027-01-01,True,BOGOTA,37530508.22,328118.205,169570131.45999998,110220585.45,385.4924,278900.47,49217.73,85.0,15.0,Cubierta (85.0% Contratos / 15.0% Bolsa),984.3546150000001,379461.222987426,583786.4968984358,537083.5771465609,-46702.91975187487,46702.91975187487,8.000000000000002
2027-01-30,30,2027-01-01,True,CARIBE_MAR,30066379.86,328118.205,169570131.45999998,110220585.45,385.4924,278900.47,49217.73,85.0,15.0,Cubierta (85.0% Contratos / 15.0% Bolsa),984.3546150000001,379461.222987426,583786.4968984358,537083.5771465609,-46702.91975187487,46702.91975187487,8.000000000000002
2027-01-30,30,2027-01-01,True,CARIBE_SOL,23653726.4,328118.205,169570131.45999998,110220585.45,385.4924,278900.47,49217.73,85.0,15.0,Cubierta (85.0% Contratos / 15.0% Bolsa),984.3546150000001,379461.222987426,583786.4968984358,537083.5771465609,-46702.91975187487,46702.91975187487,8.000000000000002
2027-01-30,30,2027-01-01,True,VALLE,19157483.96,328118.205,169570131.45999998,110220585.45,385.4924,278900.47,49217.73,85.0,15.0,Cubierta (85.0% Contratos / 15.0% Bolsa),984.3546150000001,379461.222987426,583786.4968984358,537083.5771465609,-46702.91975187487,46702.91975187487,8.000000000000002
2027-01-30,30,2027-01-01,True,SANTANDER,14782921.42,328118.205,169570131.45999998,110220585.45,385.4924,278900.47,49217.73,85.0,15.0,Cubierta (85.0% Contratos / 15.0% Bolsa),984.3546150000001,379461.222987426,583786.4968984358,537083.5771465609,-46702.91975187487,46702.91975187487,8.000000000000002
2027-01-30,30,2027-01-01,True,CUNDINAMARCA,9656431.11,328118.205,169570131.45999998,110220585.45,385.4924,278900.47,49217.73,85.0,15.0,Cubierta (85.0% Contratos / 15.0% Bolsa),984.3546150000001,379461.222987426,583786.4968984358,537083.5771465609,-46702.91975187487,46702.91975187487,8.000000000000002
2027-01-30,30,2027-01-01,True,TOLIMA,7908123.43,328118.205,169570131.45999998,110220585.45,385.4924,278900.47,49217.73,85.0,15.0,Cubierta (85.0% Contratos / 15.0% Bolsa),984.3546150000001,379461.222987426,583786.4968984358,537083.5771465609,-46702.91975187487,46702.91975187487,8.000000000000002
2027-01-31,31,2027-01-01,True,ANTIOQUIA,26650899.54,328721.87875,169882107.75,110423370.04,385.0856,279413.6,49308.28,85.0,15.0,Cubierta (85.0% Contratos / 15.0% Bolsa),986.1656362499999,379758.185734713,584243.3626555618,537503.8936431168,-46739.469012444955,46739.469012444955,8.000000000000004
2027-01-31,31,2027-01-01,True,BOGOTA,37814913.88,328721.87875,169882107.75,110423370.04,385.0856,279413.6,49308.28,85.0,15.0,Cubierta (85.0% Contratos / 15.0% Bolsa),986.1656362499999,379758.185734713,584243.3626555618,537503.8936431168,-46739.469012444955,46739.469012444955,8.000000000000004
2027-01-31,31,2027-01-01,True,CARIBE_MAR,30165019.07,328721.87875,169882107.75,110423370.04,385.0856,279413.6,49308.28,85.0,15.0,Cubierta (85.0% Contratos / 15.0% Bolsa),986.1656362499999,379758.185734713,584243.3626555618,537503.8936431168,-46739.469012444955,46739.469012444955,8.000000000000004
2027-01-31,31,2027-01-01,True,CARIBE_SOL,23601127.51,328721.87875,169882107.75,110423370.04,385.0856,279413.6,49308.28,85.0,15.0,Cubierta (85.0% Contratos / 15.0% Bolsa),986.1656362499999,379758.185734713,584243.3626555618,537503.8936431168,-46739.469012444955,46739.469012444955,8.000000000000004
2027-01-31,31,2027-01-01,True,VALLE,19179964.33,328721.87875,169882107.75,110423370.04,385.0856,279413.6,49308.28,85.0,15.0,Cubierta (85.0% Contratos / 15.0% Bolsa),986.1656362499999,379758.185734713,584243.3626555618,537503.8936431168,-46739.469012444955,46739.469012444955,8.000000000000004
2027-01-31,31,2027-01-01,True,SANTANDER,14917488.92,328721.87875,169882107.75,110423370.04,385.0856,279413.6,49308.28,85.0,15.0,Cubierta (85.0% Contratos / 15.0% Bolsa),986.1656362499999,379758.185734713,584243.3626555618,537503.8936431168,-46739.469012444955,46739.469012444955,8.000000000000004
2027-01-31,31,2027-01-01,True,CUNDINAMARCA,9623134.26,328721.87875,169882107.75,110423370.04,385.0856,279413.6,49308.28,85.0,15.0,Cubierta (85.0% Contratos / 15.0% Bolsa),986.1656362499999,379758.185734713,584243.3626555618,537503.8936431168,-46739.469012444955,46739.469012444955,8.000000000000004
2027-01-31,31,2027-01-01,True,TOLIMA,7929560.24,328721.87875,169882107.75,110423370.04,385.0856,279413.6,49308.28,85.0,15.0,Cubierta (85.0% Contratos / 15.0% Bolsa),986.1656362499999,379758.185734713,584243.3626555618,537503.8936431168,-46739.469012444955,46739.469012444955,8.000000000000004
2027-02-01,1,2027-02-01,True,ANTIOQUIA,31232827.77,458167.88625,199637423.39999998,129764325.21,384.7025,389442.7,68725.18,85.0,15.0,Cubierta (85.0% Contratos / 15.0% Bolsa),1374.5036587499999,528774.9937802718,813499.9904311874,748419.9911966925,-65079.999234494986,65079.999234494986,7.999999999999999
2027-02-01,1,2027-02-01,True,BOGOTA,44661271.81,458167.88625,199637423.39999998,129764325.21,384.7025,389442.7,68725.18,85.0,15.0,Cubierta (85.0% Contratos / 15.0% Bolsa),1374.5036587499999,528774.9937802718,813499.9904311874,748419.9911966925,-65079.999234494986,65079.999234494986,7.999999999999999
2027-02-01,1,2027-02-01,True,CARIBE_MAR,34944475.48,458167.88625,199637423.39999998,129764325.21,384.7025,389442.7,68725.18,85.0,15.0,Cubierta (85.0% Contratos / 15.0% Bolsa),1374.5036587499999,528774.9937802718,813499.9904311874,748419.9911966925,-65079.999234494986,65079.999234494986,7.999999999999999
2027-02-01,1,2027-02-01,True,CARIBE_SOL,27834571.89,458167.88625,199637423.39999998,129764325.21,384.7025,389442.7,68725.18,85.0,15.0,Cubierta (85.0% Contratos / 15.0% Bolsa),1374.5036587499999,528774.9937802718,813499.9904311874,748419.9911966925,-65079.999234494986,65079.999234494986,7.999999999999999
2027-02-01,1,2027-02-01,True,VALLE,22647162.26,458167.88625,199637423.39999998,129764325.21,384.7025,389442.7,68725.18,85.0,15.0,Cubierta (85.0% Contratos / 15.0% Bolsa),1374.5036587499999,528774.9937802718,813499.9904311874,748419.9911966925,-65079.999234494986,65079.999234494986,7.999999999999999
2027-02-01,1,2027-02-01,True,SANTANDER,17482071.24,458167.88625,199637423.39999998,129764325.21,384.7025,389442.7,68725.18,85.0,15.0,Cubierta (85.0% Contratos / 15.0% Bolsa),1374.5036587499999,528774.9937802718,813499.9904311874,748419.9911966925,-65079.999234494986,65079.999234494986,7.999999999999999
2027-02-01,1,2027-02-01,True,CUNDINAMARCA,11395071.72,458167.88625,199637423.39999998,129764325.21,384.7025,389442.7,68725.18,85.0,15.0,Cubierta (85.0% Contratos / 15.0% Bolsa),1374.5036587499999,528774.9937802718,813499.9904311874,748419.9911966925,-65079.999234494986,65079.999234494986,7.999999999999999
2027-02-01,1,2027-02-01,True,TOLIMA,9439971.23,458167.88625,199637423.39999998,129764325.21,384.7025,389442.7,68725.18,85.0,15.0,Cubierta (85.0% Contratos / 15.0% Bolsa),1374.5036587499999,528774.9937802718,813499.9904311874,748419.9911966925,-65079.999234494986,65079.999234494986,7.999999999999999
2027-02-02,2,2027-02-01,True,ANTIOQUIA,31602324.68,462088.68875,201345834.05999997,130874792.14,384.3539,392775.39,69313.3,85.0,15.0,Cubierta (85.0% Contratos / 15.0% Bolsa),1386.26606625,532816.7690008458,819718.106148884,754140.6576569733,-65577.4484919107,65577.4484919107,7.999999999999997
2027-02-02,2,2027-02-01,True,BOGOTA,44364418.49,462088.68875,201345834.05999997,130874792.14,384.3539,392775.39,69313.3,85.0,15.0,Cubierta (85.0% Contratos / 15.0% Bolsa),1386.26606625,532816.7690008458,819718.106148884,754140.6576569733,-65577.4484919107,65577.4484919107,7.999999999999997
2027-02-02,2,2027-02-01,True,CARIBE_MAR,35669817.57,462088.68875,201345834.05999997,130874792.14,384.3539,392775.39,69313.3,85.0,15.0,Cubierta (85.0% Contratos / 15.0% Bolsa),1386.26606625,532816.7690008458,819718.106148884,754140.6576569733,-65577.4484919107,65577.4484919107,7.999999999999997
2027-02-02,2,2027-02-01,True,CARIBE_SOL,27984218.08,462088.68875,201345834.05999997,130874792.14,384.3539,392775.39,69313.3,85.0,15.0,Cubierta (85.0% Contratos / 15.0% Bolsa),1386.26606625,532816.7690008458,819718.106148884,754140.6576569733,-65577.4484919107,65577.4484919107,7.999999999999997
2027-02-02,2,2027-02-01,True,VALLE,22853935.89,462088.68875,201345834.05999997,130874792.14,384.3539,392775.39,69313.3,85.0,15.0,Cubierta (85.0% Contratos / 15.0% Bolsa),1386.26606625,532816.7690008458,819718.106148884,754140.6576569733,-65577.4484919107,65577.4484919107,7.999999999999997
2027-02-02,2,2027-02-01,True,SANTANDER,17819415.09,462088.68875,201345834.05999997,130874792.14,384.3539,392775.39,69313.3,85.0,15.0,Cubierta (85.0% Contratos / 15.0% Bolsa),1386.26606625,532816.7690008458,819718.106148884,754140.6576569733,-65577.4484919107,65577.4484919107,7.999999999999997
2027-02-02,2,2027-02-01,True,CUNDINAMARCA,11581821.01,462088.68875,201345834.05999997,130874792.14,384.3539,392775.39,69313.3,85.0,15.0,Cubierta (85.0% Contratos / 15.0% Bolsa),1386.26606625,532816.7690008458,819718.106148884,754140.6576569733,-65577.4484919107,65577.4484919107,7.999999999999997
2027-02-02,2,2027-02-01,True,TOLIMA,9469883.25,462088.68875,201345834.05999997,130874792.14,384.3539,392775.39,69313.3,85.0,15.0,Cubierta (85.0% Contratos / 15.0% Bolsa),1386.26606625,532816.7690008458,819718.106148884,754140.6576569733,-65577.4484919107,65577.4484919107,7.999999999999997
2027-02-03,3,2027-02-01,True,ANTIOQUIA,31873821.2,462267.18875,201423611.60000002,130925347.54,384.0499,392927.11,69340.08,85.0,15.0,Cubierta (85.0% Contratos / 15.0% Bolsa),1386.80156625,532601.0028381558,819386.1582125475,753835.2655555438,-65550.89265700371,65550.89265700371,7.999999999999989
2027-02-03,3,2027-02-01,True,BOGOTA,44592417.99,462267.18875,201423611.60000002,130925347.54,384.0499,392927.11,69340.08,85.0,15.0,Cubierta (85.0% Contratos / 15.0% Bolsa),1386.80156625,532601.0028381558,819386.1582125475,753835.2655555438,-65550.89265700371,65550.89265700371,7.999999999999989
2027-02-03,3,2027-02-01,True,CARIBE_MAR,35317067.92,462267.18875,201423611.60000002,130925347.54,384.0499,392927.11,69340.08,85.0,15.0,Cubierta (85.0% Contratos / 15.0% Bolsa),1386.80156625,532601.0028381558,819386.1582125475,753835.2655555438,-65550.89265700371,65550.89265700371,7.999999999999989
2027-02-03,3,2027-02-01,True,CARIBE_SOL,27772277.17,462267.18875,201423611.60000002,130925347.54,384.0499,392927.11,69340.08,85.0,15.0,Cubierta (85.0% Contratos / 15.0% Bolsa),1386.80156625,532601.0028381558,819386.1582125475,753835.2655555438,-65550.89265700371,65550.89265700371,7.999999999999989
2027-02-03,3,2027-02-01,True,VALLE,22962213.8,462267.18875,201423611.60000002,130925347.54,384.0499,392927.11,69340.08,85.0,15.0,Cubierta (85.0% Contratos / 15.0% Bolsa),1386.80156625,532601.0028381558,819386.1582125475,753835.2655555438,-65550.89265700371,65550.89265700371,7.999999999999989
2027-02-03,3,2027-02-01,True,SANTANDER,17925880.94,462267.18875,201423611.60000002,130925347.54,384.0499,392927.11,69340.08,85.0,15.0,Cubierta (85.0% Contratos / 15.0% Bolsa),1386.80156625,532601.0028381558,819386.1582125475,753835.2655555438,-65550.89265700371,65550.89265700371,7.999999999999989
2027-02-03,3,2027-02-01,True,CUNDINAMARCA,11459126.31,462267.18875,201423611.60000002,130925347.54,384.0499,392927.11,69340.08,85.0,15.0,Cubierta (85.0% Contratos / 15.0% Bolsa),1386.80156625,532601.0028381558,819386.1582125475,753835.2655555438,-65550.89265700371,65550.89265700371,7.999999999999989
2027-02-03,3,2027-02-01,True,TOLIMA,9520806.27,462267.18875,201423611.60000002,130925347.54,384.0499,392927.11,69340.08,85.0,15.0,Cubierta (85.0% Contratos / 15.0% Bolsa),1386.80156625,532601.0028381558,819386.1582125475,753835.2655555438,-65550.89265700371,65550.89265700371,7.999999999999989
2027-02-04,4,2027-02-01,True,ANTIOQUIA,31719829.79,461899.9575,201263597.89999995,130821338.63,383.7999,392614.96,69284.99,85.0,15.0,Cubierta (85.0% Contratos / 15.0% Bolsa),1385.6998725,531831.4724955128,818202.2654089835,752746.0841762648,-65456.181232718634,65456.181232718634,7.999999999999995
2027-02-04,4,2027-02-01,True,BOGOTA,44206492.19,461899.9575,201263597.89999995,130821338.63,383.7999,392614.96,69284.99,85.0,15.0,Cubierta (85.0% Contratos / 15.0% Bolsa),1385.6998725,531831.4724955128,818202.2654089835,752746.0841762648,-65456.181232718634,65456.181232718634,7.999999999999995
2027-02-04,4,2027-02-01,True,CARIBE_MAR,35951658.25,461899.9575,201263597.89999995,130821338.63,383.7999,392614.96,69284.99,85.0,15.0,Cubierta (85.0% Contratos / 15.0% Bolsa),1385.6998725,531831.4724955128,818202.2654089835,752746.0841762648,-65456.181232718634,65456.181232718634,7.999999999999995
2027-02-04,4,2027-02-01,True,CARIBE_SOL,27861728.73,461899.9575,201263597.89999995,130821338.63,383.7999,392614.96,69284.99,85.0,15.0,Cubierta (85.0% Contratos / 15.0% Bolsa),1385.6998725,531831.4724955128,818202.2654089835,752746.0841762648,-65456.181232718634,65456.181232718634,7.999999999999995
2027-02-04,4,2027-02-01,True,VALLE,22892388.48,461899.9575,201263597.89999995,130821338.63,383.7999,392614.96,69284.99,85.0,15.0,Cubierta (85.0% Contratos / 15.0% Bolsa),1385.6998725,531831.4724955128,818202.2654089835,752746.0841762648,-65456.181232718634,65456.181232718634,7.999999999999995
2027-02-04,4,2027-02-01,True,SANTANDER,17622970.92,461899.9575,201263597.89999995,130821338.63,383.7999,392614.96,69284.99,85.0,15.0,Cubierta (85.0% Contratos / 15.0% Bolsa),1385.6998725,531831.4724955128,818202.2654089835,752746.0841762648,-65456.181232718634,65456.181232718634,7.999999999999995
2027-02-04,4,2027-02-01,True,CUNDINAMARCA,11392102.56,461899.9575,201263597.89999995,130821338.63,383.7999,392614.96,69284.99,85.0,15.0,Cubierta (85.0% Contratos / 15.0% Bolsa),1385.6998725,531831.4724955128,818202.2654089835,752746.0841762648,-65456.181232718634,65456.181232718634,7.999999999999995
2027-02-04,4,2027-02-01,True,TOLIMA,9616426.98,461899.9575,201263597.89999995,130821338.63,383.7999,392614.96,69284.99,85.0,15.0,Cubierta (85.0% Contratos / 15.0% Bolsa),1385.6998725,531831.4724955128,818202.2654089835,752746.0841762648,-65456.181232718634,65456.181232718634,7.999999999999995
2027-02-05,5,2027-02-01,True,ANTIOQUIA,31300754.05,458729.5525,199882157.72,129923402.52,383.612,389920.12,68809.43,85.0,15.0,Cubierta (85.0% Contratos / 15.0% Bolsa),1376.1886575,527922.48328089,812188.4358042513,747213.3609399112,-64975.07486434013,64975.07486434013,8.000000000000004
2027-02-05,5,2027-02-01,True,BOGOTA,44127249.19,458729.5525,199882157.72,129923402.52,383.612,389920.12,68809.43,85.0,15.0,Cubierta (85.0% Contratos / 15.0% Bolsa),1376.1886575,527922.48328089,812188.4358042513,747213.3609399112,-64975.07486434013,64975.07486434013,8.000000000000004
2027-02-05,5,2027-02-01,True,CARIBE_MAR,35368166.26,458729.5525,199882157.72,129923402.52,383.612,389920.12,68809.43,85.0,15.0,Cubierta (85.0% Contratos / 15.0% Bolsa),1376.1886575,527922.48328089,812188.4358042513,747213.3609399112,-64975.07486434013,64975.07486434013,8.000000000000004
2027-02-05,5,2027-02-01,True,CARIBE_SOL,27604932.47,458729.5525,199882157.72,129923402.52,383.612,389920.12,68809.43,85.0,15.0,Cubierta (85.0% Contratos / 15.0% Bolsa),1376.1886575,527922.48328089,812188.4358042513,747213.3609399112,-64975.07486434013,64975.07486434013,8.000000000000004
2027-02-05,5,2027-02-01,True,VALLE,22957069.2,458729.5525,199882157.72,129923402.52,383.612,389920.12,68809.43,85.0,15.0,Cubierta (85.0% Contratos / 15.0% Bolsa),1376.1886575,527922.48328089,812188.4358042513,747213.3609399112,-64975.07486434013,64975.07486434013,8.000000000000004
2027-02-05,5,2027-02-01,True,SANTANDER,17698280.87,458729.5525,199882157.72,129923402.52,383.612,389920.12,68809.43,85.0,15.0,Cubierta (85.0% Contratos / 15.0% Bolsa),1376.1886575,527922.48328089,812188.4358042513,747213.3609399112,-64975.07486434013,64975.07486434013,8.000000000000004
2027-02-05,5,2027-02-01,True,CUNDINAMARCA,11391503.59,458729.5525,199882157.72,129923402.52,383.612,389920.12,68809.43,85.0,15.0,Cubierta (85.0% Contratos / 15.0% Bolsa),1376.1886575,527922.48328089,812188.4358042513,747213.3609399112,-64975.07486434013,64975.07486434013,8.000000000000004
2027-02-05,5,2027-02-01,True,TOLIMA,9434202.09,458729.5525,199882157.72,129923402.52,383.612,389920.12,68809.43,85.0,15.0,Cubierta (85.0% Contratos / 15.0% Bolsa),1376.1886575,527922.48328089,812188.4358042513,747213.3609399112,-64975.07486434013,64975.07486434013,8.000000000000004
2027-02-06,6,2027-02-01,True,ANTIOQUIA,26376412.95,326138.08375,168546813.24999997,109555428.61,383.4931,277217.37,48920.71,85.0,15.0,Cubierta (85.0% Contratos / 15.0% Bolsa),978.41425125,375215.1142960414,577254.0220070825,531073.7002465159,-46180.321760566556,46180.321760566556,7.999999999999993
2027-02-06,6,2027-02-01,True,BOGOTA,37355405.28,326138.08375,168546813.24999997,109555428.61,383.4931,277217.37,48920.71,85.0,15.0,Cubierta (85.0% Contratos / 15.0% Bolsa),978.41425125,375215.1142960414,577254.0220070825,531073.7002465159,-46180.321760566556,46180.321760566556,7.999999999999993
2027-02-06,6,2027-02-01,True,CARIBE_MAR,29476026.38,326138.08375,168546813.24999997,109555428.61,383.4931,277217.37,48920.71,85.0,15.0,Cubierta (85.0% Contratos / 15.0% Bolsa),978.41425125,375215.1142960414,577254.0220070825,531073.7002465159,-46180.321760566556,46180.321760566556,7.999999999999993
2027-02-06,6,2027-02-01,True,CARIBE_SOL,23530277.62,326138.08375,168546813.24999997,109555428.61,383.4931,277217.37,48920.71,85.0,15.0,Cubierta (85.0% Contratos / 15.0% Bolsa),978.41425125,375215.1142960414,577254.0220070825,531073.7002465159,-46180.321760566556,46180.321760566556,7.999999999999993
2027-02-06,6,2027-02-01,True,VALLE,19139802.62,326138.08375,168546813.24999997,109555428.61,383.4931,277217.37,48920.71,85.0,15.0,Cubierta (85.0% Contratos / 15.0% Bolsa),978.41425125,375215.1142960414,577254.0220070825,531073.7002465159,-46180.321760566556,46180.321760566556,7.999999999999993
2027-02-06,6,2027-02-01,True,SANTANDER,15106124.41,326138.08375,168546813.24999997,109555428.61,383.4931,277217.37,48920.71,85.0,15.0,Cubierta (85.0% Contratos / 15.0% Bolsa),978.41425125,375215.1142960414,577254.0220070825,531073.7002465159,-46180.321760566556,46180.321760566556,7.999999999999993
2027-02-06,6,2027-02-01,True,CUNDINAMARCA,9644093.45,326138.08375,168546813.24999997,109555428.61,383.4931,277217.37,48920.71,85.0,15.0,Cubierta (85.0% Contratos / 15.0% Bolsa),978.41425125,375215.1142960414,577254.0220070825,531073.7002465159,-46180.321760566556,46180.321760566556,7.999999999999993
2027-02-06,6,2027-02-01,True,TOLIMA,7918670.54,326138.08375,168546813.24999997,109555428.61,383.4931,277217.37,48920.71,85.0,15.0,Cubierta (85.0% Contratos / 15.0% Bolsa),978.41425125,375215.1142960414,577254.0220070825,531073.7002465159,-46180.321760566556,46180.321760566556,7.999999999999993
2027-02-07,7,2027-02-01,True,ANTIOQUIA,26475371.05,327358.93625,169177745.1,109965534.32,383.4485,278255.1,49103.84,85.0,15.0,Cubierta (85.0% Contratos / 15.0% Bolsa),982.07680875,376575.8791999744,579347.5064351569,532999.7059203443,-46347.80051481258,46347.80051481258,8.000000000000004
2027-02-07,7,2027-02-01,True,BOGOTA,37389144.89,327358.93625,169177745.1,109965534.32,383.4485,278255.1,49103.84,85.0,15.0,Cubierta (85.0% Contratos / 15.0% Bolsa),982.07680875,376575.8791999744,579347.5064351569,532999.7059203443,-46347.80051481258,46347.80051481258,8.000000000000004
2027-02-07,7,2027-02-01,True,CARIBE_MAR,30055217.5,327358.93625,169177745.1,109965534.32,383.4485,278255.1,49103.84,85.0,15.0,Cubierta (85.0% Contratos / 15.0% Bolsa),982.07680875,376575.8791999744,579347.5064351569,532999.7059203443,-46347.80051481258,46347.80051481258,8.000000000000004
2027-02-07,7,2027-02-01,True,CARIBE_SOL,23372090.97,327358.93625,169177745.1,109965534.32,383.4485,278255.1,49103.84,85.0,15.0,Cubierta (85.0% Contratos / 15.0% Bolsa),982.07680875,376575.8791999744,579347.5064351569,532999.7059203443,-46347.80051481258,46347.80051481258,8.000000000000004
2027-02-07,7,2027-02-01,True,VALLE,19451772.31,327358.93625,169177745.1,109965534.32,383.4485,278255.1,49103.84,85.0,15.0,Cubierta (85.0% Contratos / 15.0% Bolsa),982.07680875,376575.8791999744,579347.5064351569,532999.7059203443,-46347.80051481258,46347.80051481258,8.000000000000004
2027-02-07,7,2027-02-01,True,SANTANDER,14932844.11,327358.93625,169177745.1,109965534.32,383.4485,278255.1,49103.84,85.0,15.0,Cubierta (85.0% Contratos / 15.0% Bolsa),982.07680875,376575.8791999744,579347.5064351569,532999.7059203443,-46347.80051481258,46347.80051481258,8.000000000000004
2027-02-07,7,2027-02-01,True,CUNDINAMARCA,9486089.59,327358.93625,169177745.1,109965534.32,383.4485,278255.1,49103.84,85.0,15.0,Cubierta (85.0% Contratos / 15.0% Bolsa),982.07680875,376575.8791999744,579347.5064351569,532999.7059203443,-46347.80051481258,46347.80051481258,8.000000000000004
2027-02-07,7,2027-02-01,True,TOLIMA,8015214.68,327358.93625,169177745.1,109965534.32,383.4485,278255.1,49103.84,85.0,15.0,Cubierta (85.0% Contratos / 15.0% Bolsa),982.07680875,376575.8791999744,579347.5064351569,532999.7059203443,-46347.80051481258,46347.80051481258,8.000000000000004
2027-02-08,8,2027-02-01,True,ANTIOQUIA,32148092.57,462034.3575,201322160.32999998,130859404.21,383.4824,392729.2,69305.15,85.0,15.0,Cubierta (85.0% Contratos / 15.0% Bolsa),1386.1030725,531546.132889674,817763.2813968505,752342.2188851024,-65421.06251174805,65421.06251174805,8.000000000000002
2027-02-08,8,2027-02-01,True,BOGOTA,44339686.79,462034.3575,201322160.32999998,130859404.21,383.4824,392729.2,69305.15,85.0,15.0,Cubierta (85.0% Contratos / 15.0% Bolsa),1386.1030725,531546.132889674,817763.2813968505,752342.2188851024,-65421.06251174805,65421.06251174805,8.000000000000002
2027-02-08,8,2027-02-01,True,CARIBE_MAR,35384636.97,462034.3575,201322160.32999998,130859404.21,383.4824,392729.2,69305.15,85.0,15.0,Cubierta (85.0% Contratos / 15.0% Bolsa),1386.1030725,531546.132889674,817763.2813968505,752342.2188851024,-65421.06251174805,65421.06251174805,8.000000000000002
2027-02-08,8,2027-02-01,True,CARIBE_SOL,27792534.56,462034.3575,201322160.32999998,130859404.21,383.4824,392729.2,69305.15,85.0,15.0,Cubierta (85.0% Contratos / 15.0% Bolsa),1386.1030725,531546.132889674,817763.2813968505,752342.2188851024,-65421.06251174805,65421.06251174805,8.000000000000002
2027-02-08,8,2027-02-01,True,VALLE,22965869.17,462034.3575,201322160.32999998,130859404.21,383.4824,392729.2,69305.15,85.0,15.0,Cubierta (85.0% Contratos / 15.0% Bolsa),1386.1030725,531546.132889674,817763.2813968505,752342.2188851024,-65421.06251174805,65421.06251174805,8.000000000000002
2027-02-08,8,2027-02-01,True,SANTANDER,17821841.58,462034.3575,201322160.32999998,130859404.21,383.4824,392729.2,69305.15,85.0,15.0,Cubierta (85.0% Contratos / 15.0% Bolsa),1386.1030725,531546.132889674,817763.2813968505,752342.2188851024,-65421.06251174805,65421.06251174805,8.000000000000002
2027-02-08,8,2027-02-01,True,CUNDINAMARCA,11442916.76,462034.3575,201322160.32999998,130859404.21,383.4824,392729.2,69305.15,85.0,15.0,Cubierta (85.0% Contratos / 15.0% Bolsa),1386.1030725,531546.132889674,817763.2813968505,752342.2188851024,-65421.06251174805,65421.06251174805,8.000000000000002
2027-02-08,8,2027-02-01,True,TOLIMA,9426581.93,462034.3575,201322160.32999998,130859404.21,383.4824,392729.2,69305.15,85.0,15.0,Cubierta (85.0% Contratos / 15.0% Bolsa),1386.1030725,531546.132889674,817763.2813968505,752342.2188851024,-65421.06251174805,65421.06251174805,8.000000000000002
2027-02-09,9,2027-02-01,True,ANTIOQUIA,31538013.88,460475.03,200642714.37999997,130417764.35,383.5971,391403.78,69071.25,85.0,15.0,Cubierta (85.0% Contratos / 15.0% Bolsa),1381.4250900000002,529910.6583912391,815247.1667369992,750027.3933980393,-65219.7733389599,65219.7733389599,7.9999999999999964
2027-02-09,9,2027-02-01,True,BOGOTA,44200744.92,460475.03,200642714.37999997,130417764.35,383.5971,391403.78,69071.25,85.0,15.0,Cubierta (85.0% Contratos / 15.0% Bolsa),1381.4250900000002,529910.6583912391,815247.1667369992,750027.3933980393,-65219.7733389599,65219.7733389599,7.9999999999999964
2027-02-09,9,2027-02-01,True,CARIBE_MAR,35355964.8,460475.03,200642714.37999997,130417764.35,383.5971,391403.78,69071.25,85.0,15.0,Cubierta (85.0% Contratos / 15.0% Bolsa),1381.4250900000002,529910.6583912391,815247.1667369992,750027.3933980393,-65219.7733389599,65219.7733389599,7.9999999999999964
2027-02-09,9,2027-02-01,True,CARIBE_SOL,27976553.84,460475.03,200642714.37999997,130417764.35,383.5971,391403.78,69071.25,85.0,15.0,Cubierta (85.0% Contratos / 15.0% Bolsa),1381.4250900000002,529910.6583912391,815247.1667369992,750027.3933980393,-65219.7733389599,65219.7733389599,7.9999999999999964
2027-02-09,9,2027-02-01,True,VALLE,22814437.39,460475.03,200642714.37999997,130417764.35,383.5971,391403.78,69071.25,85.0,15.0,Cubierta (85.0% Contratos / 15.0% Bolsa),1381.4250900000002,529910.6583912391,815247.1667369992,750027.3933980393,-65219.7733389599,65219.7733389599,7.9999999999999964
2027-02-09,9,2027-02-01,True,SANTANDER,17829948.29,460475.03,200642714.37999997,130417764.35,383.5971,391403.78,69071.25,85.0,15.0,Cubierta (85.0% Contratos / 15.0% Bolsa),1381.4250900000002,529910.6583912391,815247.1667369992,750027.3933980393,-65219.7733389599,65219.7733389599,7.9999999999999964
2027-02-09,9,2027-02-01,True,CUNDINAMARCA,11386031.66,460475.03,200642714.37999997,130417764.35,383.5971,391403.78,69071.25,85.0,15.0,Cubierta (85.0% Contratos / 15.0% Bolsa),1381.4250900000002,529910.6583912391,815247.1667369992,750027.3933980393,-65219.7733389599,65219.7733389599,7.9999999999999964
2027-02-09,9,2027-02-01,True,TOLIMA,9541019.6,460475.03,200642714.37999997,130417764.35,383.5971,391403.78,69071.25,85.0,15.0,Cubierta (85.0% Contratos / 15.0% Bolsa),1381.4250900000002,529910.6583912391,815247.1667369992,750027.3933980393,-65219.7733389599,65219.7733389599,7.9999999999999964
2027-02-10,10,2027-02-01,True,ANTIOQUIA,31918052.24,463972.70625,202166756.45,131408391.69,383.7932,394376.8,69595.91,85.0,15.0,Cubierta (85.0% Contratos / 15.0% Bolsa),1391.91811875,534208.7089330426,821859.5522203164,756110.7880426911,-65748.7641776253,65748.7641776253,7.999999999999999
2027-02-10,10,2027-02-01,True,BOGOTA,44743030.36,463972.70625,202166756.45,131408391.69,383.7932,394376.8,69595.91,85.0,15.0,Cubierta (85.0% Contratos / 15.0% Bolsa),1391.91811875,534208.7089330426,821859.5522203164,756110.7880426911,-65748.7641776253,65748.7641776253,7.999999999999999
2027-02-10,10,2027-02-01,True,CARIBE_MAR,35910295.33,463972.70625,202166756.45,131408391.69,383.7932,394376.8,69595.91,85.0,15.0,Cubierta (85.0% Contratos / 15.0% Bolsa),1391.91811875,534208.7089330426,821859.5522203164,756110.7880426911,-65748.7641776253,65748.7641776253,7.999999999999999
2027-02-10,10,2027-02-01,True,CARIBE_SOL,28077402.18,463972.70625,202166756.45,131408391.69,383.7932,394376.8,69595.91,85.0,15.0,Cubierta (85.0% Contratos / 15.0% Bolsa),1391.91811875,534208.7089330426,821859.5522203164,756110.7880426911,-65748.7641776253,65748.7641776253,7.999999999999999
2027-02-10,10,2027-02-01,True,VALLE,22575666.53,463972.70625,202166756.45,131408391.69,383.7932,394376.8,69595.91,85.0,15.0,Cubierta (85.0% Contratos / 15.0% Bolsa),1391.91811875,534208.7089330426,821859.5522203164,756110.7880426911,-65748.7641776253,65748.7641776253,7.999999999999999
2027-02-10,10,2027-02-01,True,SANTANDER,17846545.91,463972.70625,202166756.45,131408391.69,383.7932,394376.8,69595.91,85.0,15.0,Cubierta (85.0% Contratos / 15.0% Bolsa),1391.91811875,534208.7089330426,821859.5522203164,756110.7880426911,-65748.7641776253,65748.7641776253,7.999999999999999
2027-02-10,10,2027-02-01,True,CUNDINAMARCA,11567460.21,463972.70625,202166756.45,131408391.69,383.7932,394376.8,69595.91,85.0,15.0,Cubierta (85.0% Contratos / 15.0% Bolsa),1391.91811875,534208.7089330426,821859.5522203164,756110.7880426911,-65748.7641776253,65748.7641776253,7.999999999999999
2027-02-10,10,2027-02-01,True,TOLIMA,9528303.69,463972.70625,202166756.45,131408391.69,383.7932,394376.8,69595.91,85.0,15.0,Cubierta (85.0% Contratos / 15.0% Bolsa),1391.91811875,534208.7089330426,821859.5522203164,756110.7880426911,-65748.7641776253,65748.7641776253,7.999999999999999
2027-02-11,11,2027-02-01,True,ANTIOQUIA,32192537.55,462865.84125,201684462.33,131094900.51,384.0699,393435.97,69429.88,85.0,15.0,Cubierta (85.0% Contratos / 15.0% Bolsa),1388.59752375,533318.5120869101,820490.0186234107,754850.8171335378,-65639.20148987288,65639.20148987288,8.000000000000004
2027-02-11,11,2027-02-01,True,BOGOTA,44490276.5,462865.84125,201684462.33,131094900.51,384.0699,393435.97,69429.88,85.0,15.0,Cubierta (85.0% Contratos / 15.0% Bolsa),1388.59752375,533318.5120869101,820490.0186234107,754850.8171335378,-65639.20148987288,65639.20148987288,8.000000000000004
2027-02-11,11,2027-02-01,True,CARIBE_MAR,35573657.94,462865.84125,201684462.33,131094900.51,384.0699,393435.97,69429.88,85.0,15.0,Cubierta (85.0% Contratos / 15.0% Bolsa),1388.59752375,533318.5120869101,820490.0186234107,754850.8171335378,-65639.20148987288,65639.20148987288,8.000000000000004
2027-02-11,11,2027-02-01,True,CARIBE_SOL,27669904.88,462865.84125,201684462.33,131094900.51,384.0699,393435.97,69429.88,85.0,15.0,Cubierta (85.0% Contratos / 15.0% Bolsa),1388.59752375,533318.5120869101,820490.0186234107,754850.8171335378,-65639.20148987288,65639.20148987288,8.000000000000004
2027-02-11,11,2027-02-01,True,VALLE,22763281.85,462865.84125,201684462.33,131094900.51,384.0699,393435.97,69429.88,85.0,15.0,Cubierta (85.0% Contratos / 15.0% Bolsa),1388.59752375,533318.5120869101,820490.0186234107,754850.8171335378,-65639.20148987288,65639.20148987288,8.000000000000004
2027-02-11,11,2027-02-01,True,SANTANDER,17815944.18,462865.84125,201684462.33,131094900.51,384.0699,393435.97,69429.88,85.0,15.0,Cubierta (85.0% Contratos / 15.0% Bolsa),1388.59752375,533318.5120869101,820490.0186234107,754850.8171335378,-65639.20148987288,65639.20148987288,8.000000000000004
2027-02-11,11,2027-02-01,True,CUNDINAMARCA,11639745.14,462865.84125,201684462.33,131094900.51,384.0699,393435.97,69429.88,85.0,15.0,Cubierta (85.0% Contratos / 15.0% Bolsa),1388.59752375,533318.5120869101,820490.0186234107,754850.8171335378,-65639.20148987288,65639.20148987288,8.000000000000004
2027-02-11,11,2027-02-01,True,TOLIMA,9539114.29,462865.84125,201684462.33,131094900.51,384.0699,393435.97,69429.88,85.0,15.0,Cubierta (85.0% Contratos / 15.0% Bolsa),1388.59752375,533318.5120869101,820490.0186234107,754850.8171335378,-65639.20148987288,65639.20148987288,8.000000000000004
2027-02-12,12,2027-02-01,True,ANTIOQUIA,32053562.77,461629.28125,201145656.33,130744676.61,384.4246,392384.89,69244.39,85.0,15.0,Cubierta (85.0% Contratos / 15.0% Bolsa),1384.88784375,532384.9553784563,819053.7775335078,753529.4753308272,-65524.302202680614,65524.302202680614,7.999999999999999
2027-02-12,12,2027-02-01,True,BOGOTA,44075784.8,461629.28125,201145656.33,130744676.61,384.4246,392384.89,69244.39,85.0,15.0,Cubierta (85.0% Contratos / 15.0% Bolsa),1384.88784375,532384.9553784563,819053.7775335078,753529.4753308272,-65524.302202680614,65524.302202680614,7.999999999999999
2027-02-12,12,2027-02-01,True,CARIBE_MAR,35720452.39,461629.28125,201145656.33,130744676.61,384.4246,392384.89,69244.39,85.0,15.0,Cubierta (85.0% Contratos / 15.0% Bolsa),1384.88784375,532384.9553784563,819053.7775335078,753529.4753308272,-65524.302202680614,65524.302202680614,7.999999999999999
2027-02-12,12,2027-02-01,True,CARIBE_SOL,27927886.07,461629.28125,201145656.33,130744676.61,384.4246,392384.89,69244.39,85.0,15.0,Cubierta (85.0% Contratos / 15.0% Bolsa),1384.88784375,532384.9553784563,819053.7775335078,753529.4753308272,-65524.302202680614,65524.302202680614,7.999999999999999
2027-02-12,12,2027-02-01,True,VALLE,22771912.25,461629.28125,201145656.33,130744676.61,384.4246,392384.89,69244.39,85.0,15.0,Cubierta (85.0% Contratos / 15.0% Bolsa),1384.88784375,532384.9553784563,819053.7775335078,753529.4753308272,-65524.302202680614,65524.302202680614,7.999999999999999
2027-02-12,12,2027-02-01,True,SANTANDER,17591937.5,461629.28125,201145656.33,130744676.61,384.4246,392384.89,69244.39,85.0,15.0,Cubierta (85.0% Contratos / 15.0% Bolsa),1384.88784375,532384.9553784563,819053.7775335078,753529.4753308272,-65524.302202680614,65524.302202680614,7.999999999999999
2027-02-12,12,2027-02-01,True,CUNDINAMARCA,11426596.55,461629.28125,201145656.33,130744676.61,384.4246,392384.89,69244.39,85.0,15.0,Cubierta (85.0% Contratos / 15.0% Bolsa),1384.88784375,532384.9553784563,819053.7775335078,753529.4753308272,-65524.302202680614,65524.302202680614,7.999999999999999
2027-02-12,12,2027-02-01,True,TOLIMA,9577524.0,461629.28125,201145656.33,130744676.61,384.4246,392384.89,69244.39,85.0,15.0,Cubierta (85.0% Contratos / 15.0% Bolsa),1384.88784375,532384.9553784563,819053.7775335078,753529.4753308272,-65524.302202680614,65524.302202680614,7.999999999999999
2027-02-13,13,2027-02-01,True,ANTIOQUIA,26735591.2,329170.7025,170114058.11,110574137.77,384.8531,279795.1,49375.61,85.0,15.0,Cubierta (85.0% Contratos / 15.0% Bolsa),987.5121075000001,380047.09585890826,584687.8397908674,537912.812607598,-46775.02718326938,46775.02718326938,7.999999999999999
2027-02-13,13,2027-02-01,True,BOGOTA,37806638.88,329170.7025,170114058.11,110574137.77,384.8531,279795.1,49375.61,85.0,15.0,Cubierta (85.0% Contratos / 15.0% Bolsa),987.5121075000001,380047.09585890826,584687.8397908674,537912.812607598,-46775.02718326938,46775.02718326938,7.999999999999999
2027-02-13,13,2027-02-01,True,CARIBE_MAR,30210364.74,329170.7025,170114058.11,110574137.77,384.8531,279795.1,49375.61,85.0,15.0,Cubierta (85.0% Contratos / 15.0% Bolsa),987.5121075000001,380047.09585890826,584687.8397908674,537912.812607598,-46775.02718326938,46775.02718326938,7.999999999999999
2027-02-13,13,2027-02-01,True,CARIBE_SOL,23281841.58,329170.7025,170114058.11,110574137.77,384.8531,279795.1,49375.61,85.0,15.0,Cubierta (85.0% Contratos / 15.0% Bolsa),987.5121075000001,380047.09585890826,584687.8397908674,537912.812607598,-46775.02718326938,46775.02718326938,7.999999999999999
2027-02-13,13,2027-02-01,True,VALLE,19493492.85,329170.7025,170114058.11,110574137.77,384.8531,279795.1,49375.61,85.0,15.0,Cubierta (85.0% Contratos / 15.0% Bolsa),987.5121075000001,380047.09585890826,584687.8397908674,537912.812607598,-46775.02718326938,46775.02718326938,7.999999999999999
2027-02-13,13,2027-02-01,True,SANTANDER,14895281.34,329170.7025,170114058.11,110574137.77,384.8531,279795.1,49375.61,85.0,15.0,Cubierta (85.0% Contratos / 15.0% Bolsa),987.5121075000001,380047.09585890826,584687.8397908674,537912.812607598,-46775.02718326938,46775.02718326938,7.999999999999999
2027-02-13,13,2027-02-01,True,CUNDINAMARCA,9705877.46,329170.7025,170114058.11,110574137.77,384.8531,279795.1,49375.61,85.0,15.0,Cubierta (85.0% Contratos / 15.0% Bolsa),987.5121075000001,380047.09585890826,584687.8397908674,537912.812607598,-46775.02718326938,46775.02718326938,7.999999999999999
2027-02-13,13,2027-02-01,True,TOLIMA,7984970.06,329170.7025,170114058.11,110574137.77,384.8531,279795.1,49375.61,85.0,15.0,Cubierta (85.0% Contratos / 15.0% Bolsa),987.5121075000001,380047.09585890826,584687.8397908674,537912.812607598,-46775.02718326938,46775.02718326938,7.999999999999999
2027-02-14,14,2027-02-01,True,ANTIOQUIA,26828367.52,328659.54875,169849896.03,110402432.42,385.3496,279360.62,49298.93,85.0,15.0,Cubierta (85.0% Contratos / 15.0% Bolsa),985.9786462500001,379946.4769409791,584533.0414450128,537770.3981294117,-46762.643315601046,46762.643315601046,8.000000000000004
2027-02-14,14,2027-02-01,True,BOGOTA,37517857.25,328659.54875,169849896.03,110402432.42,385.3496,279360.62,49298.93,85.0,15.0,Cubierta (85.0% Contratos / 15.0% Bolsa),985.9786462500001,379946.4769409791,584533.0414450128,537770.3981294117,-46762.643315601046,46762.643315601046,8.000000000000004
2027-02-14,14,2027-02-01,True,CARIBE_MAR,29921722.07,328659.54875,169849896.03,110402432.42,385.3496,279360.62,49298.93,85.0,15.0,Cubierta (85.0% Contratos / 15.0% Bolsa),985.9786462500001,379946.4769409791,584533.0414450128,537770.3981294117,-46762.643315601046,46762.643315601046,8.000000000000004
2027-02-14,14,2027-02-01,True,CARIBE_SOL,23514476.09,328659.54875,169849896.03,110402432.42,385.3496,279360.62,49298.93,85.0,15.0,Cubierta (85.0% Contratos / 15.0% Bolsa),985.9786462500001,379946.4769409791,584533.0414450128,537770.3981294117,-46762.643315601046,46762.643315601046,8.000000000000004
2027-02-14,14,2027-02-01,True,VALLE,19378771.53,328659.54875,169849896.03,110402432.42,385.3496,279360.62,49298.93,85.0,15.0,Cubierta (85.0% Contratos / 15.0% Bolsa),985.9786462500001,379946.4769409791,584533.0414450128,537770.3981294117,-46762.643315601046,46762.643315601046,8.000000000000004
2027-02-14,14,2027-02-01,True,SANTANDER,14888641.22,328659.54875,169849896.03,110402432.42,385.3496,279360.62,49298.93,85.0,15.0,Cubierta (85.0% Contratos / 15.0% Bolsa),985.9786462500001,379946.4769409791,584533.0414450128,537770.3981294117,-46762.643315601046,46762.643315601046,8.000000000000004
2027-02-14,14,2027-02-01,True,CUNDINAMARCA,9745703.91,328659.54875,169849896.03,110402432.42,385.3496,279360.62,49298.93,85.0,15.0,Cubierta (85.0% Contratos / 15.0% Bolsa),985.9786462500001,379946.4769409791,584533.0414450128,537770.3981294117,-46762.643315601046,46762.643315601046,8.000000000000004
2027-02-14,14,2027-02-01,True,TOLIMA,8054356.44,328659.54875,169849896.03,110402432.42,385.3496,279360.62,49298.93,85.0,15.0,Cubierta (85.0% Contratos / 15.0% Bolsa),985.9786462500001,379946.4769409791,584533.0414450128,537770.3981294117,-46762.643315601046,46762.643315601046,8.000000000000004
2027-02-15,15,2027-02-01,True,ANTIOQUIA,32325429.13,462752.16625,201634930.68,131062704.94,385.9073,393339.34,69412.82,85.0,15.0,Cubierta (85.0% Contratos / 15.0% Bolsa),1388.25649875,535738.317140066,824212.795612679,758275.7719636647,-65937.0236490143,65937.0236490143,7.999999999999997
2027-02-15,15,2027-02-01,True,BOGOTA,44708793.69,462752.16625,201634930.68,131062704.94,385.9073,393339.34,69412.82,85.0,15.0,Cubierta (85.0% Contratos / 15.0% Bolsa),1388.25649875,535738.317140066,824212.795612679,758275.7719636647,-65937.0236490143,65937.0236490143,7.999999999999997
2027-02-15,15,2027-02-01,True,CARIBE_MAR,35301097.47,462752.16625,201634930.68,131062704.94,385.9073,393339.34,69412.82,85.0,15.0,Cubierta (85.0% Contratos / 15.0% Bolsa),1388.25649875,535738.317140066,824212.795612679,758275.7719636647,-65937.0236490143,65937.0236490143,7.999999999999997
2027-02-15,15,2027-02-01,True,CARIBE_SOL,27958215.75,462752.16625,201634930.68,131062704.94,385.9073,393339.34,69412.82,85.0,15.0,Cubierta (85.0% Contratos / 15.0% Bolsa),1388.25649875,535738.317140066,824212.795612679,758275.7719636647,-65937.0236490143,65937.0236490143,7.999999999999997
2027-02-15,15,2027-02-01,True,VALLE,22676165.49,462752.16625,201634930.68,131062704.94,385.9073,393339.34,69412.82,85.0,15.0,Cubierta (85.0% Contratos / 15.0% Bolsa),1388.25649875,535738.317140066,824212.795612679,758275.7719636647,-65937.0236490143,65937.0236490143,7.999999999999997
2027-02-15,15,2027-02-01,True,SANTANDER,17795439.54,462752.16625,201634930.68,131062704.94,385.9073,393339.34,69412.82,85.0,15.0,Cubierta (85.0% Contratos / 15.0% Bolsa),1388.25649875,535738.317140066,824212.795612679,758275.7719636647,-65937.0236490143,65937.0236490143,7.999999999999997
2027-02-15,15,2027-02-01,True,CUNDINAMARCA,11432534.68,462752.16625,201634930.68,131062704.94,385.9073,393339.34,69412.82,85.0,15.0,Cubierta (85.0% Contratos / 15.0% Bolsa),1388.25649875,535738.317140066,824212.795612679,758275.7719636647,-65937.0236490143,65937.0236490143,7.999999999999997
2027-02-15,15,2027-02-01,True,TOLIMA,9437254.93,462752.16625,201634930.68,131062704.94,385.9073,393339.34,69412.82,85.0,15.0,Cubierta (85.0% Contratos / 15.0% Bolsa),1388.25649875,535738.317140066,824212.795612679,758275.7719636647,-65937.0236490143,65937.0236490143,7.999999999999997
2027-02-16,16,2027-02-01,True,ANTIOQUIA,31723929.54,462574.10375,201557343.41999996,131012273.22,386.5177,393187.99,69386.12,85.0,15.0,Cubierta (85.0% Contratos / 15.0% Bolsa),1387.72231125,536379.2359830341,825198.824608179,759182.9186395247,-66015.90596865432,66015.90596865432,7.999999999999999
2027-02-16,16,2027-02-01,True,BOGOTA,44619679.5,462574.10375,201557343.41999996,131012273.22,386.5177,393187.99,69386.12,85.0,15.0,Cubierta (85.0% Contratos / 15.0% Bolsa),1387.72231125,536379.2359830341,825198.824608179,759182.9186395247,-66015.90596865432,66015.90596865432,7.999999999999999
2027-02-16,16,2027-02-01,True,CARIBE_MAR,35594132.57,462574.10375,201557343.41999996,131012273.22,386.5177,393187.99,69386.12,85.0,15.0,Cubierta (85.0% Contratos / 15.0% Bolsa),1387.72231125,536379.2359830341,825198.824608179,759182.9186395247,-66015.90596865432,66015.90596865432,7.999999999999999
2027-02-16,16,2027-02-01,True,CARIBE_SOL,27984551.17,462574.10375,201557343.41999996,131012273.22,386.5177,393187.99,69386.12,85.0,15.0,Cubierta (85.0% Contratos / 15.0% Bolsa),1387.72231125,536379.2359830341,825198.824608179,759182.9186395247,-66015.90596865432,66015.90596865432,7.999999999999999
2027-02-16,16,2027-02-01,True,VALLE,22837231.93,462574.10375,201557343.41999996,131012273.22,386.5177,393187.99,69386.12,85.0,15.0,Cubierta (85.0% Contratos / 15.0% Bolsa),1387.72231125,536379.2359830341,825198.824608179,759182.9186395247,-66015.90596865432,66015.90596865432,7.999999999999999
2027-02-16,16,2027-02-01,True,SANTANDER,17771777.29,462574.10375,201557343.41999996,131012273.22,386.5177,393187.99,69386.12,85.0,15.0,Cubierta (85.0% Contratos / 15.0% Bolsa),1387.72231125,536379.2359830341,825198.824608179,759182.9186395247,-66015.90596865432,66015.90596865432,7.999999999999999
2027-02-16,16,2027-02-01,True,CUNDINAMARCA,11429071.13,462574.10375,201557343.41999996,131012273.22,386.5177,393187.99,69386.12,85.0,15.0,Cubierta (85.0% Contratos / 15.0% Bolsa),1387.72231125,536379.2359830341,825198.824608179,759182.9186395247,-66015.90596865432,66015.90596865432,7.999999999999999
2027-02-16,16,2027-02-01,True,TOLIMA,9596970.29,462574.10375,201557343.41999996,131012273.22,386.5177,393187.99,69386.12,85.0,15.0,Cubierta (85.0% Contratos / 15.0% Bolsa),1387.72231125,536379.2359830341,825198.824608179,759182.9186395247,-66015.90596865432,66015.90596865432,7.999999999999999
2027-02-17,17,2027-02-01,True,ANTIOQUIA,31975536.97,463183.6175,201822926.85,131184902.45,387.1715,393706.07,69477.54,85.0,15.0,Cubierta (85.0% Contratos / 15.0% Bolsa),1389.5508525,537994.4878887037,827683.8275368559,761469.1213339075,-66214.70620294847,66214.70620294847,7.999999999999999
2027-02-17,17,2027-02-01,True,BOGOTA,44416978.82,463183.6175,201822926.85,131184902.45,387.1715,393706.07,69477.54,85.0,15.0,Cubierta (85.0% Contratos / 15.0% Bolsa),1389.5508525,537994.4878887037,827683.8275368559,761469.1213339075,-66214.70620294847,66214.70620294847,7.999999999999999
2027-02-17,17,2027-02-01,True,CARIBE_MAR,35519285.2,463183.6175,201822926.85,131184902.45,387.1715,393706.07,69477.54,85.0,15.0,Cubierta (85.0% Contratos / 15.0% Bolsa),1389.5508525,537994.4878887037,827683.8275368559,761469.1213339075,-66214.70620294847,66214.70620294847,7.999999999999999
2027-02-17,17,2027-02-01,True,CARIBE_SOL,27968925.84,463183.6175,201822926.85,131184902.45,387.1715,393706.07,69477.54,85.0,15.0,Cubierta (85.0% Contratos / 15.0% Bolsa),1389.5508525,537994.4878887037,827683.8275368559,761469.1213339075,-66214.70620294847,66214.70620294847,7.999999999999999
2027-02-17,17,2027-02-01,True,VALLE,22860346.42,463183.6175,201822926.85,131184902.45,387.1715,393706.07,69477.54,85.0,15.0,Cubierta (85.0% Contratos / 15.0% Bolsa),1389.5508525,537994.4878887037,827683.8275368559,761469.1213339075,-66214.70620294847,66214.70620294847,7.999999999999999
2027-02-17,17,2027-02-01,True,SANTANDER,18012082.35,463183.6175,201822926.85,131184902.45,387.1715,393706.07,69477.54,85.0,15.0,Cubierta (85.0% Contratos / 15.0% Bolsa),1389.5508525,537994.4878887037,827683.8275368559,761469.1213339075,-66214.70620294847,66214.70620294847,7.999999999999999
2027-02-17,17,2027-02-01,True,CUNDINAMARCA,11529719.85,463183.6175,201822926.85,131184902.45,387.1715,393706.07,69477.54,85.0,15.0,Cubierta (85.0% Contratos / 15.0% Bolsa),1389.5508525,537994.4878887037,827683.8275368559,761469.1213339075,-66214.70620294847,66214.70620294847,7.999999999999999
2027-02-17,17,2027-02-01,True,TOLIMA,9540051.4,463183.6175,201822926.85,131184902.45,387.1715,393706.07,69477.54,85.0,15.0,Cubierta (85.0% Contratos / 15.0% Bolsa),1389.5508525,537994.4878887037,827683.8275368559,761469.1213339075,-66214.70620294847,66214.70620294847,7.999999999999999
2027-02-18,18,2027-02-01,True,ANTIOQUIA,31552169.18,461777.46625,201210224.94000003,130786646.21,387.8584,392510.85,69266.62,85.0,15.0,Cubierta (85.0% Contratos / 15.0% Bolsa),1385.33239875,537312.8076473371,826635.0886945315,760504.281598969,-66130.80709556246,66130.80709556246,7.999999999999993
2027-02-18,18,2027-02-01,True,BOGOTA,44492499.99,461777.46625,201210224.94000003,130786646.21,387.8584,392510.85,69266.62,85.0,15.0,Cubierta (85.0% Contratos / 15.0% Bolsa),1385.33239875,537312.8076473371,826635.0886945315,760504.281598969,-66130.80709556246,66130.80709556246,7.999999999999993
2027-02-18,18,2027-02-01,True,CARIBE_MAR,35537646.6,461777.46625,201210224.94000003,130786646.21,387.8584,392510.85,69266.62,85.0,15.0,Cubierta (85.0% Contratos / 15.0% Bolsa),1385.33239875,537312.8076473371,826635.0886945315,760504.281598969,-66130.80709556246,66130.80709556246,7.999999999999993
2027-02-18,18,2027-02-01,True,CARIBE_SOL,28183741.15,461777.46625,201210224.94000003,130786646.21,387.8584,392510.85,69266.62,85.0,15.0,Cubierta (85.0% Contratos / 15.0% Bolsa),1385.33239875,537312.8076473371,826635.0886945315,760504.281598969,-66130.80709556246,66130.80709556246,7.999999999999993
2027-02-18,18,2027-02-01,True,VALLE,22997736.47,461777.46625,201210224.94000003,130786646.21,387.8584,392510.85,69266.62,85.0,15.0,Cubierta (85.0% Contratos / 15.0% Bolsa),1385.33239875,537312.8076473371,826635.0886945315,760504.281598969,-66130.80709556246,66130.80709556246,7.999999999999993
2027-02-18,18,2027-02-01,True,SANTANDER,17665901.38,461777.46625,201210224.94000003,130786646.21,387.8584,392510.85,69266.62,85.0,15.0,Cubierta (85.0% Contratos / 15.0% Bolsa),1385.33239875,537312.8076473371,826635.0886945315,760504.281598969,-66130.80709556246,66130.80709556246,7.999999999999993
2027-02-18,18,2027-02-01,True,CUNDINAMARCA,11279602.49,461777.46625,201210224.94000003,130786646.21,387.8584,392510.85,69266.62,85.0,15.0,Cubierta (85.0% Contratos / 15.0% Bolsa),1385.33239875,537312.8076473371,826635.0886945315,760504.281598969,-66130.80709556246,66130.80709556246,7.999999999999993
2027-02-18,18,2027-02-01,True,TOLIMA,9500927.68,461777.46625,201210224.94000003,130786646.21,387.8584,392510.85,69266.62,85.0,15.0,Cubierta (85.0% Contratos / 15.0% Bolsa),1385.33239875,537312.8076473371,826635.0886945315,760504.281598969,-66130.80709556246,66130.80709556246,7.999999999999993
2027-02-19,19,2027-02-01,True,ANTIOQUIA,31875742.26,462951.8575,201721942.42999995,131119262.58,388.5675,393509.08,69442.78,85.0,15.0,Cubierta (85.0% Contratos / 15.0% Bolsa),1388.8555724999999,539664.1376673937,830252.5194851317,763832.3179263212,-66420.20155881054,66420.20155881054,8.0
2027-02-19,19,2027-02-01,True,BOGOTA,44187358.43,462951.8575,201721942.42999995,131119262.58,388.5675,393509.08,69442.78,85.0,15.0,Cubierta (85.0% Contratos / 15.0% Bolsa),1388.8555724999999,539664.1376673937,830252.5194851317,763832.3179263212,-66420.20155881054,66420.20155881054,8.0
2027-02-19,19,2027-02-01,True,CARIBE_MAR,36145134.82,462951.8575,201721942.42999995,131119262.58,388.5675,393509.08,69442.78,85.0,15.0,Cubierta (85.0% Contratos / 15.0% Bolsa),1388.8555724999999,539664.1376673937,830252.5194851317,763832.3179263212,-66420.20155881054,66420.20155881054,8.0
2027-02-19,19,2027-02-01,True,CARIBE_SOL,27651944.32,462951.8575,201721942.42999995,131119262.58,388.5675,393509.08,69442.78,85.0,15.0,Cubierta (85.0% Contratos / 15.0% Bolsa),1388.8555724999999,539664.1376673937,830252.5194851317,763832.3179263212,-66420.20155881054,66420.20155881054,8.0
2027-02-19,19,2027-02-01,True,VALLE,22997903.35,462951.8575,201721942.42999995,131119262.58,388.5675,393509.08,69442.78,85.0,15.0,Cubierta (85.0% Contratos / 15.0% Bolsa),1388.8555724999999,539664.1376673937,830252.5194851317,763832.3179263212,-66420.20155881054,66420.20155881054,8.0
2027-02-19,19,2027-02-01,True,SANTANDER,17909615.01,462951.8575,201721942.42999995,131119262.58,388.5675,393509.08,69442.78,85.0,15.0,Cubierta (85.0% Contratos / 15.0% Bolsa),1388.8555724999999,539664.1376673937,830252.5194851317,763832.3179263212,-66420.20155881054,66420.20155881054,8.0
2027-02-19,19,2027-02-01,True,CUNDINAMARCA,11423119.11,462951.8575,201721942.42999995,131119262.58,388.5675,393509.08,69442.78,85.0,15.0,Cubierta (85.0% Contratos / 15.0% Bolsa),1388.8555724999999,539664.1376673937,830252.5194851317,763832.3179263212,-66420.20155881054,66420.20155881054,8.0
2027-02-19,19,2027-02-01,True,TOLIMA,9531125.13,462951.8575,201721942.42999995,131119262.58,388.5675,393509.08,69442.78,85.0,15.0,Cubierta (85.0% Contratos / 15.0% Bolsa),1388.8555724999999,539664.1376673937,830252.5194851317,763832.3179263212,-66420.20155881054,66420.20155881054,8.0
2027-02-20,20,2027-02-01,True,ANTIOQUIA,26769048.26,330196.85,170644366.97,110918838.53,389.2874,280667.32,49529.53,85.0,15.0,Cubierta (85.0% Contratos / 15.0% Bolsa),990.59055,385624.41967406997,593268.337962782,545806.8709257594,-47461.46703702258,47461.46703702258,8.000000000000004
2027-02-20,20,2027-02-01,True,BOGOTA,37402182.81,330196.85,170644366.97,110918838.53,389.2874,280667.32,49529.53,85.0,15.0,Cubierta (85.0% Contratos / 15.0% Bolsa),990.59055,385624.41967406997,593268.337962782,545806.8709257594,-47461.46703702258,47461.46703702258,8.000000000000004
2027-02-20,20,2027-02-01,True,CARIBE_MAR,30124305.65,330196.85,170644366.97,110918838.53,389.2874,280667.32,49529.53,85.0,15.0,Cubierta (85.0% Contratos / 15.0% Bolsa),990.59055,385624.41967406997,593268.337962782,545806.8709257594,-47461.46703702258,47461.46703702258,8.000000000000004
2027-02-20,20,2027-02-01,True,CARIBE_SOL,23847938.41,330196.85,170644366.97,110918838.53,389.2874,280667.32,49529.53,85.0,15.0,Cubierta (85.0% Contratos / 15.0% Bolsa),990.59055,385624.41967406997,593268.337962782,545806.8709257594,-47461.46703702258,47461.46703702258,8.000000000000004
2027-02-20,20,2027-02-01,True,VALLE,19562244.26,330196.85,170644366.97,110918838.53,389.2874,280667.32,49529.53,85.0,15.0,Cubierta (85.0% Contratos / 15.0% Bolsa),990.59055,385624.41967406997,593268.337962782,545806.8709257594,-47461.46703702258,47461.46703702258,8.000000000000004
2027-02-20,20,2027-02-01,True,SANTANDER,15128461.55,330196.85,170644366.97,110918838.53,389.2874,280667.32,49529.53,85.0,15.0,Cubierta (85.0% Contratos / 15.0% Bolsa),990.59055,385624.41967406997,593268.337962782,545806.8709257594,-47461.46703702258,47461.46703702258,8.000000000000004
2027-02-20,20,2027-02-01,True,CUNDINAMARCA,9732076.34,330196.85,170644366.97,110918838.53,389.2874,280667.32,49529.53,85.0,15.0,Cubierta (85.0% Contratos / 15.0% Bolsa),990.59055,385624.41967406997,593268.337962782,545806.8709257594,-47461.46703702258,47461.46703702258,8.000000000000004
2027-02-20,20,2027-02-01,True,TOLIMA,8078109.69,330196.85,170644366.97,110918838.53,389.2874,280667.32,49529.53,85.0,15.0,Cubierta (85.0% Contratos / 15.0% Bolsa),990.59055,385624.41967406997,593268.337962782,545806.8709257594,-47461.46703702258,47461.46703702258,8.000000000000004
2027-02-21,21,2027-02-01,True,ANTIOQUIA,26933045.79,329686.9825,170380869.23,110747565.0,390.0064,280233.94,49453.05,85.0,15.0,Cubierta (85.0% Contratos / 15.0% Bolsa),989.0609475,385740.099515064,593446.3069435729,545970.6023880871,-47475.70455548586,47475.70455548586,8.000000000000004
2027-02-21,21,2027-02-01,True,BOGOTA,37298330.06,329686.9825,170380869.23,110747565.0,390.0064,280233.94,49453.05,85.0,15.0,Cubierta (85.0% Contratos / 15.0% Bolsa),989.0609475,385740.099515064,593446.3069435729,545970.6023880871,-47475.70455548586,47475.70455548586,8.000000000000004
2027-02-21,21,2027-02-01,True,CARIBE_MAR,30507804.13,329686.9825,170380869.23,110747565.0,390.0064,280233.94,49453.05,85.0,15.0,Cubierta (85.0% Contratos / 15.0% Bolsa),989.0609475,385740.099515064,593446.3069435729,545970.6023880871,-47475.70455548586,47475.70455548586,8.000000000000004
2027-02-21,21,2027-02-01,True,CARIBE_SOL,23516185.64,329686.9825,170380869.23,110747565.0,390.0064,280233.94,49453.05,85.0,15.0,Cubierta (85.0% Contratos / 15.0% Bolsa),989.0609475,385740.099515064,593446.3069435729,545970.6023880871,-47475.70455548586,47475.70455548586,8.000000000000004
2027-02-21,21,2027-02-01,True,VALLE,19391935.08,329686.9825,170380869.23,110747565.0,390.0064,280233.94,49453.05,85.0,15.0,Cubierta (85.0% Contratos / 15.0% Bolsa),989.0609475,385740.099515064,593446.3069435729,545970.6023880871,-47475.70455548586,47475.70455548586,8.000000000000004
2027-02-21,21,2027-02-01,True,SANTANDER,15047460.05,329686.9825,170380869.23,110747565.0,390.0064,280233.94,49453.05,85.0,15.0,Cubierta (85.0% Contratos / 15.0% Bolsa),989.0609475,385740.099515064,593446.3069435729,545970.6023880871,-47475.70455548586,47475.70455548586,8.000000000000004
2027-02-21,21,2027-02-01,True,CUNDINAMARCA,9736651.1,329686.9825,170380869.23,110747565.0,390.0064,280233.94,49453.05,85.0,15.0,Cubierta (85.0% Contratos / 15.0% Bolsa),989.0609475,385740.099515064,593446.3069435729,545970.6023880871,-47475.70455548586,47475.70455548586,8.000000000000004
2027-02-21,21,2027-02-01,True,TOLIMA,7949457.38,329686.9825,170380869.23,110747565.0,390.0064,280233.94,49453.05,85.0,15.0,Cubierta (85.0% Contratos / 15.0% Bolsa),989.0609475,385740.099515064,593446.3069435729,545970.6023880871,-47475.70455548586,47475.70455548586,8.000000000000004
2027-02-22,22,2027-02-01,True,ANTIOQUIA,32299088.49,465343.67875,202764130.32999998,131796684.71,390.713,395542.13,69801.55,85.0,15.0,Cubierta (85.0% Contratos / 15.0% Bolsa),1396.0310362500002,545447.4742663463,839149.9604384151,772017.9636033418,-67131.99683507322,67131.99683507322,8.000000000000002
2027-02-22,22,2027-02-01,True,BOGOTA,44205699.32,465343.67875,202764130.32999998,131796684.71,390.713,395542.13,69801.55,85.0,15.0,Cubierta (85.0% Contratos / 15.0% Bolsa),1396.0310362500002,545447.4742663463,839149.9604384151,772017.9636033418,-67131.99683507322,67131.99683507322,8.000000000000002
2027-02-22,22,2027-02-01,True,CARIBE_MAR,35784044.77,465343.67875,202764130.32999998,131796684.71,390.713,395542.13,69801.55,85.0,15.0,Cubierta (85.0% Contratos / 15.0% Bolsa),1396.0310362500002,545447.4742663463,839149.9604384151,772017.9636033418,-67131.99683507322,67131.99683507322,8.000000000000002
2027-02-22,22,2027-02-01,True,CARIBE_SOL,28092486.01,465343.67875,202764130.32999998,131796684.71,390.713,395542.13,69801.55,85.0,15.0,Cubierta (85.0% Contratos / 15.0% Bolsa),1396.0310362500002,545447.4742663463,839149.9604384151,772017.9636033418,-67131.99683507322,67131.99683507322,8.000000000000002
2027-02-22,22,2027-02-01,True,VALLE,23377368.82,465343.67875,202764130.32999998,131796684.71,390.713,395542.13,69801.55,85.0,15.0,Cubierta (85.0% Contratos / 15.0% Bolsa),1396.0310362500002,545447.4742663463,839149.9604384151,772017.9636033418,-67131.99683507322,67131.99683507322,8.000000000000002
2027-02-22,22,2027-02-01,True,SANTANDER,17848117.29,465343.67875,202764130.32999998,131796684.71,390.713,395542.13,69801.55,85.0,15.0,Cubierta (85.0% Contratos / 15.0% Bolsa),1396.0310362500002,545447.4742663463,839149.9604384151,772017.9636033418,-67131.99683507322,67131.99683507322,8.000000000000002
2027-02-22,22,2027-02-01,True,CUNDINAMARCA,11479785.43,465343.67875,202764130.32999998,131796684.71,390.713,395542.13,69801.55,85.0,15.0,Cubierta (85.0% Contratos / 15.0% Bolsa),1396.0310362500002,545447.4742663463,839149.9604384151,772017.9636033418,-67131.99683507322,67131.99683507322,8.000000000000002
2027-02-22,22,2027-02-01,True,TOLIMA,9677540.2,465343.67875,202764130.32999998,131796684.71,390.713,395542.13,69801.55,85.0,15.0,Cubierta (85.0% Contratos / 15.0% Bolsa),1396.0310362500002,545447.4742663463,839149.9604384151,772017.9636033418,-67131.99683507322,67131.99683507322,8.000000000000002
2027-02-23,23,2027-02-01,True,ANTIOQUIA,31926608.07,461801.8625,201220855.3,130793555.94,391.3959,392531.58,69270.28,85.0,15.0,Cubierta (85.0% Contratos / 15.0% Bolsa),1385.4055875,542242.0667845912,834218.5643158772,767481.079170607,-66737.48514527013,66737.48514527013,7.999999999999995
2027-02-23,23,2027-02-01,True,BOGOTA,44566284.14,461801.8625,201220855.3,130793555.94,391.3959,392531.58,69270.28,85.0,15.0,Cubierta (85.0% Contratos / 15.0% Bolsa),1385.4055875,542242.0667845912,834218.5643158772,767481.079170607,-66737.48514527013,66737.48514527013,7.999999999999995
2027-02-23,23,2027-02-01,True,CARIBE_MAR,35492666.96,461801.8625,201220855.3,130793555.94,391.3959,392531.58,69270.28,85.0,15.0,Cubierta (85.0% Contratos / 15.0% Bolsa),1385.4055875,542242.0667845912,834218.5643158772,767481.079170607,-66737.48514527013,66737.48514527013,7.999999999999995
2027-02-23,23,2027-02-01,True,CARIBE_SOL,27694815.03,461801.8625,201220855.3,130793555.94,391.3959,392531.58,69270.28,85.0,15.0,Cubierta (85.0% Contratos / 15.0% Bolsa),1385.4055875,542242.0667845912,834218.5643158772,767481.079170607,-66737.48514527013,66737.48514527013,7.999999999999995
2027-02-23,23,2027-02-01,True,VALLE,22687173.11,461801.8625,201220855.3,130793555.94,391.3959,392531.58,69270.28,85.0,15.0,Cubierta (85.0% Contratos / 15.0% Bolsa),1385.4055875,542242.0667845912,834218.5643158772,767481.079170607,-66737.48514527013,66737.48514527013,7.999999999999995
2027-02-23,23,2027-02-01,True,SANTANDER,17764777.12,461801.8625,201220855.3,130793555.94,391.3959,392531.58,69270.28,85.0,15.0,Cubierta (85.0% Contratos / 15.0% Bolsa),1385.4055875,542242.0667845912,834218.5643158772,767481.079170607,-66737.48514527013,66737.48514527013,7.999999999999995
2027-02-23,23,2027-02-01,True,CUNDINAMARCA,11445712.34,461801.8625,201220855.3,130793555.94,391.3959,392531.58,69270.28,85.0,15.0,Cubierta (85.0% Contratos / 15.0% Bolsa),1385.4055875,542242.0667845912,834218.5643158772,767481.079170607,-66737.48514527013,66737.48514527013,7.999999999999995
2027-02-23,23,2027-02-01,True,TOLIMA,9642818.53,461801.8625,201220855.3,130793555.94,391.3959,392531.58,69270.28,85.0,15.0,Cubierta (85.0% Contratos / 15.0% Bolsa),1385.4055875,542242.0667845912,834218.5643158772,767481.079170607,-66737.48514527013,66737.48514527013,7.999999999999995
2027-02-24,24,2027-02-01,True,ANTIOQUIA,31806745.37,464762.87125,202511055.04999998,131632185.78,392.0442,395048.44,69714.43,85.0,15.0,Cubierta (85.0% Contratos / 15.0% Bolsa),1394.2886137500002,546622.7641467279,840958.0987032453,773681.4508069857,-67276.64789625956,67276.64789625956,7.999999999999992
2027-02-24,24,2027-02-01,True,BOGOTA,44399731.28,464762.87125,202511055.04999998,131632185.78,392.0442,395048.44,69714.43,85.0,15.0,Cubierta (85.0% Contratos / 15.0% Bolsa),1394.2886137500002,546622.7641467279,840958.0987032453,773681.4508069857,-67276.64789625956,67276.64789625956,7.999999999999992
2027-02-24,24,2027-02-01,True,CARIBE_MAR,36184589.96,464762.87125,202511055.04999998,131632185.78,392.0442,395048.44,69714.43,85.0,15.0,Cubierta (85.0% Contratos / 15.0% Bolsa),1394.2886137500002,546622.7641467279,840958.0987032453,773681.4508069857,-67276.64789625956,67276.64789625956,7.999999999999992
2027-02-24,24,2027-02-01,True,CARIBE_SOL,27969970.01,464762.87125,202511055.04999998,131632185.78,392.0442,395048.44,69714.43,85.0,15.0,Cubierta (85.0% Contratos / 15.0% Bolsa),1394.2886137500002,546622.7641467279,840958.0987032453,773681.4508069857,-67276.64789625956,67276.64789625956,7.999999999999992
2027-02-24,24,2027-02-01,True,VALLE,23085821.54,464762.87125,202511055.04999998,131632185.78,392.0442,395048.44,69714.43,85.0,15.0,Cubierta (85.0% Contratos / 15.0% Bolsa),1394.2886137500002,546622.7641467279,840958.0987032453,773681.4508069857,-67276.64789625956,67276.64789625956,7.999999999999992
2027-02-24,24,2027-02-01,True,SANTANDER,17929305.31,464762.87125,202511055.04999998,131632185.78,392.0442,395048.44,69714.43,85.0,15.0,Cubierta (85.0% Contratos / 15.0% Bolsa),1394.2886137500002,546622.7641467279,840958.0987032453,773681.4508069857,-67276.64789625956,67276.64789625956,7.999999999999992
2027-02-24,24,2027-02-01,True,CUNDINAMARCA,11439599.07,464762.87125,202511055.04999998,131632185.78,392.0442,395048.44,69714.43,85.0,15.0,Cubierta (85.0% Contratos / 15.0% Bolsa),1394.2886137500002,546622.7641467279,840958.0987032453,773681.4508069857,-67276.64789625956,67276.64789625956,7.999999999999992
2027-02-24,24,2027-02-01,True,TOLIMA,9695292.51,464762.87125,202511055.04999998,131632185.78,392.0442,395048.44,69714.43,85.0,15.0,Cubierta (85.0% Contratos / 15.0% Bolsa),1394.2886137500002,546622.7641467279,840958.0987032453,773681.4508069857,-67276.64789625956,67276.64789625956,7.999999999999992
2027-02-25,25,2027-02-01,True,ANTIOQUIA,31701722.81,464762.02125,202510684.89999998,131631945.18,392.6476,395047.72,69714.3,85.0,15.0,Cubierta (85.0% Contratos / 15.0% Bolsa),1394.28606375,547463.0766448845,842250.8871779687,774870.8162037312,-67380.07097423752,67380.07097423752,8.000000000000002
2027-02-25,25,2027-02-01,True,BOGOTA,45069928.29,464762.02125,202510684.89999998,131631945.18,392.6476,395047.72,69714.3,85.0,15.0,Cubierta (85.0% Contratos / 15.0% Bolsa),1394.28606375,547463.0766448845,842250.8871779687,774870.8162037312,-67380.07097423752,67380.07097423752,8.000000000000002
2027-02-25,25,2027-02-01,True,CARIBE_MAR,35818341.82,464762.02125,202510684.89999998,131631945.18,392.6476,395047.72,69714.3,85.0,15.0,Cubierta (85.0% Contratos / 15.0% Bolsa),1394.28606375,547463.0766448845,842250.8871779687,774870.8162037312,-67380.07097423752,67380.07097423752,8.000000000000002
2027-02-25,25,2027-02-01,True,CARIBE_SOL,27803900.13,464762.02125,202510684.89999998,131631945.18,392.6476,395047.72,69714.3,85.0,15.0,Cubierta (85.0% Contratos / 15.0% Bolsa),1394.28606375,547463.0766448845,842250.8871779687,774870.8162037312,-67380.07097423752,67380.07097423752,8.000000000000002
2027-02-25,25,2027-02-01,True,VALLE,23220169.36,464762.02125,202510684.89999998,131631945.18,392.6476,395047.72,69714.3,85.0,15.0,Cubierta (85.0% Contratos / 15.0% Bolsa),1394.28606375,547463.0766448845,842250.8871779687,774870.8162037312,-67380.07097423752,67380.07097423752,8.000000000000002
2027-02-25,25,2027-02-01,True,SANTANDER,17765997.15,464762.02125,202510684.89999998,131631945.18,392.6476,395047.72,69714.3,85.0,15.0,Cubierta (85.0% Contratos / 15.0% Bolsa),1394.28606375,547463.0766448845,842250.8871779687,774870.8162037312,-67380.07097423752,67380.07097423752,8.000000000000002
2027-02-25,25,2027-02-01,True,CUNDINAMARCA,11453417.15,464762.02125,202510684.89999998,131631945.18,392.6476,395047.72,69714.3,85.0,15.0,Cubierta (85.0% Contratos / 15.0% Bolsa),1394.28606375,547463.0766448845,842250.8871779687,774870.8162037312,-67380.07097423752,67380.07097423752,8.000000000000002
2027-02-25,25,2027-02-01,True,TOLIMA,9677208.19,464762.02125,202510684.89999998,131631945.18,392.6476,395047.72,69714.3,85.0,15.0,Cubierta (85.0% Contratos / 15.0% Bolsa),1394.28606375,547463.0766448845,842250.8871779687,774870.8162037312,-67380.07097423752,67380.07097423752,8.000000000000002
2027-02-26,26,2027-02-01,True,ANTIOQUIA,31673573.11,462901.0025,201699783.49,131104859.27,393.1971,393465.85,69435.15,85.0,15.0,Cubierta (85.0% Contratos / 15.0% Bolsa),1388.7030075,546033.9953102783,840052.30046774,772848.1164303209,-67204.18403741915,67204.18403741915,7.999999999999993
2027-02-26,26,2027-02-01,True,BOGOTA,44597030.87,462901.0025,201699783.49,131104859.27,393.1971,393465.85,69435.15,85.0,15.0,Cubierta (85.0% Contratos / 15.0% Bolsa),1388.7030075,546033.9953102783,840052.30046774,772848.1164303209,-67204.18403741915,67204.18403741915,7.999999999999993
2027-02-26,26,2027-02-01,True,CARIBE_MAR,35778790.43,462901.0025,201699783.49,131104859.27,393.1971,393465.85,69435.15,85.0,15.0,Cubierta (85.0% Contratos / 15.0% Bolsa),1388.7030075,546033.9953102783,840052.30046774,772848.1164303209,-67204.18403741915,67204.18403741915,7.999999999999993
2027-02-26,26,2027-02-01,True,CARIBE_SOL,27632744.68,462901.0025,201699783.49,131104859.27,393.1971,393465.85,69435.15,85.0,15.0,Cubierta (85.0% Contratos / 15.0% Bolsa),1388.7030075,546033.9953102783,840052.30046774,772848.1164303209,-67204.18403741915,67204.18403741915,7.999999999999993
2027-02-26,26,2027-02-01,True,VALLE,23123818.09,462901.0025,201699783.49,131104859.27,393.1971,393465.85,69435.15,85.0,15.0,Cubierta (85.0% Contratos / 15.0% Bolsa),1388.7030075,546033.9953102783,840052.30046774,772848.1164303209,-67204.18403741915,67204.18403741915,7.999999999999993
2027-02-26,26,2027-02-01,True,SANTANDER,17838394.92,462901.0025,201699783.49,131104859.27,393.1971,393465.85,69435.15,85.0,15.0,Cubierta (85.0% Contratos / 15.0% Bolsa),1388.7030075,546033.9953102783,840052.30046774,772848.1164303209,-67204.18403741915,67204.18403741915,7.999999999999993
2027-02-26,26,2027-02-01,True,CUNDINAMARCA,11353179.66,462901.0025,201699783.49,131104859.27,393.1971,393465.85,69435.15,85.0,15.0,Cubierta (85.0% Contratos / 15.0% Bolsa),1388.7030075,546033.9953102783,840052.30046774,772848.1164303209,-67204.18403741915,67204.18403741915,7.999999999999993
2027-02-26,26,2027-02-01,True,TOLIMA,9702251.73,462901.0025,201699783.49,131104859.27,393.1971,393465.85,69435.15,85.0,15.0,Cubierta (85.0% Contratos / 15.0% Bolsa),1388.7030075,546033.9953102783,840052.30046774,772848.1164303209,-67204.18403741915,67204.18403741915,7.999999999999993
2027-02-27,27,2027-02-01,True,ANTIOQUIA,27161987.19,330791.925,170951899.31999996,111118734.56,393.6845,281173.14,49618.79,85.0,15.0,Cubierta (85.0% Contratos / 15.0% Bolsa),992.375775,390682.9607929875,601050.7089014702,552966.6521893525,-48084.05671211763,48084.05671211763,8.000000000000004
2027-02-27,27,2027-02-01,True,BOGOTA,38000826.81,330791.925,170951899.31999996,111118734.56,393.6845,281173.14,49618.79,85.0,15.0,Cubierta (85.0% Contratos / 15.0% Bolsa),992.375775,390682.9607929875,601050.7089014702,552966.6521893525,-48084.05671211763,48084.05671211763,8.000000000000004
2027-02-27,27,2027-02-01,True,CARIBE_MAR,29931246.6,330791.925,170951899.31999996,111118734.56,393.6845,281173.14,49618.79,85.0,15.0,Cubierta (85.0% Contratos / 15.0% Bolsa),992.375775,390682.9607929875,601050.7089014702,552966.6521893525,-48084.05671211763,48084.05671211763,8.000000000000004
2027-02-27,27,2027-02-01,True,CARIBE_SOL,23478520.78,330791.925,170951899.31999996,111118734.56,393.6845,281173.14,49618.79,85.0,15.0,Cubierta (85.0% Contratos / 15.0% Bolsa),992.375775,390682.9607929875,601050.7089014702,552966.6521893525,-48084.05671211763,48084.05671211763,8.000000000000004
2027-02-27,27,2027-02-01,True,VALLE,19271508.94,330791.925,170951899.31999996,111118734.56,393.6845,281173.14,49618.79,85.0,15.0,Cubierta (85.0% Contratos / 15.0% Bolsa),992.375775,390682.9607929875,601050.7089014702,552966.6521893525,-48084.05671211763,48084.05671211763,8.000000000000004
2027-02-27,27,2027-02-01,True,SANTANDER,15343091.63,330791.925,170951899.31999996,111118734.56,393.6845,281173.14,49618.79,85.0,15.0,Cubierta (85.0% Contratos / 15.0% Bolsa),992.375775,390682.9607929875,601050.7089014702,552966.6521893525,-48084.05671211763,48084.05671211763,8.000000000000004
2027-02-27,27,2027-02-01,True,CUNDINAMARCA,9687018.73,330791.925,170951899.31999996,111118734.56,393.6845,281173.14,49618.79,85.0,15.0,Cubierta (85.0% Contratos / 15.0% Bolsa),992.375775,390682.9607929875,601050.7089014702,552966.6521893525,-48084.05671211763,48084.05671211763,8.000000000000004
2027-02-27,27,2027-02-01,True,TOLIMA,8077698.64,330791.925,170951899.31999996,111118734.56,393.6845,281173.14,49618.79,85.0,15.0,Cubierta (85.0% Contratos / 15.0% Bolsa),992.375775,390682.9607929875,601050.7089014702,552966.6521893525,-48084.05671211763,48084.05671211763,8.000000000000004
2027-02-28,28,2027-02-01,True,ANTIOQUIA,26971248.11,329886.25625,170483853.67000002,110814504.89,394.1028,280403.32,49482.94,85.0,15.0,Cubierta (85.0% Contratos / 15.0% Bolsa),989.6587687499999,390027.2918089275,600041.9873739833,552038.6283840647,-48003.358989918604,48003.358989918604,7.99999999999999
2027-02-28,28,2027-02-01,True,BOGOTA,37886805.33,329886.25625,170483853.67000002,110814504.89,394.1028,280403.32,49482.94,85.0,15.0,Cubierta (85.0% Contratos / 15.0% Bolsa),989.6587687499999,390027.2918089275,600041.9873739833,552038.6283840647,-48003.358989918604,48003.358989918604,7.99999999999999
2027-02-28,28,2027-02-01,True,CARIBE_MAR,30170086.03,329886.25625,170483853.67000002,110814504.89,394.1028,280403.32,49482.94,85.0,15.0,Cubierta (85.0% Contratos / 15.0% Bolsa),989.6587687499999,390027.2918089275,600041.9873739833,552038.6283840647,-48003.358989918604,48003.358989918604,7.99999999999999
2027-02-28,28,2027-02-01,True,CARIBE_SOL,23720827.15,329886.25625,170483853.67000002,110814504.89,394.1028,280403.32,49482.94,85.0,15.0,Cubierta (85.0% Contratos / 15.0% Bolsa),989.6587687499999,390027.2918089275,600041.9873739833,552038.6283840647,-48003.358989918604,48003.358989918604,7.99999999999999
2027-02-28,28,2027-02-01,True,VALLE,19203186.91,329886.25625,170483853.67000002,110814504.89,394.1028,280403.32,49482.94,85.0,15.0,Cubierta (85.0% Contratos / 15.0% Bolsa),989.6587687499999,390027.2918089275,600041.9873739833,552038.6283840647,-48003.358989918604,48003.358989918604,7.99999999999999
2027-02-28,28,2027-02-01,True,SANTANDER,14847704.83,329886.25625,170483853.67000002,110814504.89,394.1028,280403.32,49482.94,85.0,15.0,Cubierta (85.0% Contratos / 15.0% Bolsa),989.6587687499999,390027.2918089275,600041.9873739833,552038.6283840647,-48003.358989918604,48003.358989918604,7.99999999999999
2027-02-28,28,2027-02-01,True,CUNDINAMARCA,9613293.73,329886.25625,170483853.67000002,110814504.89,394.1028,280403.32,49482.94,85.0,15.0,Cubierta (85.0% Contratos / 15.0% Bolsa),989.6587687499999,390027.2918089275,600041.9873739833,552038.6283840647,-48003.358989918604,48003.358989918604,7.99999999999999
2027-02-28,28,2027-02-01,True,TOLIMA,8070701.58,329886.25625,170483853.67000002,110814504.89,394.1028,280403.32,49482.94,85.0,15.0,Cubierta (85.0% Contratos / 15.0% Bolsa),989.6587687499999,390027.2918089275,600041.9873739833,552038.6283840647,-48003.358989918604,48003.358989918604,7.99999999999999
