Período (Mes),Tipo de Registro,Código Agente,Rol PUI,Código Mercado,Mercado Comercialización,Demanda Agente (VR - DemaComeReg) [kWh],Cobertura Energía en Contratos [kWh],Exposición Energía en Bolsa Spot [kWh],Porcentaje Cobertura Contratos [%],Porcentaje Exposición Bolsa Spot [%],Estado Cobertura Demanda,Costo Unitario Prestación (CU - PrecPromCont) [COP/kWh],Demanda Mercado Actual (VR) [kWh],Demanda Mercado Rezago m-1 (VR m-1) [kWh],Volumen Áreas Especiales m-1 (VPUI m-1) [kWh],Costo Unitario Rezago m-1 (CU m-1) [COP/kWh],Demanda Mercado Rezago m-2 (VR m-2) [kWh],Volumen Áreas Especiales Actual (VPUI) [kWh],Cargo Transitorio Unitario (CRPUI) [COP/kWh],Cargo Competitivo Fijo (CFPUI) [COP/kWh],Valor Total PUI Mercado [COP],Giro Obligatorio Total Mercado [COP],Recaudo Real Estimado Mercado [COP],Participación Agente CNIOR [%],Asignación Energía PUI Agente [kWh],Valor Asignación PUI Agente [COP],Egreso Giro Obligatorio al CIOR [COP],Recaudo Real Efectivo Agente [COP],Flujo Neto de Caja PUI [COP],Sobrecosto por Incobrabilidad [COP],Pérdida por Incobrabilidad [%]
2024-01-01,HISTORICO,CBYC,CNIOR,ANTIOQUIA,EPM - ANTIOQUIA,7707187.5,6551109.38,1156078.13,85.0,15.0,Cubierta (85.0% Contratos / 15.0% Bolsa),280.0,25000000.0,25000000.0,2500000.0,277.5,25000000.0,2500000.0,0.0,0.0,0.0,0.0,0.0,6.3238,0.0,0.0,0.0,0.0,0.0,0.0,0.0
2024-01-01,HISTORICO,CBYC,CNIOR,BOGOTA,ENEL - BOGOTA CUNDINAMARCA,7707187.5,6551109.38,1156078.13,85.0,15.0,Cubierta (85.0% Contratos / 15.0% Bolsa),280.0,35000000.0,35000000.0,3500000.0,277.5,35000000.0,3500000.0,0.0,0.0,0.0,0.0,0.0,6.3238,0.0,0.0,0.0,0.0,0.0,0.0,0.0
2024-01-01,HISTORICO,CBYC,CNIOR,CARIBE_MAR,AFINIA - CARIBE MAR,7707187.5,6551109.38,1156078.13,85.0,15.0,Cubierta (85.0% Contratos / 15.0% Bolsa),280.0,28000000.0,28000000.0,2800000.0,277.5,28000000.0,2800000.0,0.0,0.0,0.0,0.0,0.0,6.3238,0.0,0.0,0.0,0.0,0.0,0.0,0.0
2024-01-01,HISTORICO,CBYC,CNIOR,CARIBE_SOL,AIR-E - CARIBE SOL,7707187.5,6551109.38,1156078.13,85.0,15.0,Cubierta (85.0% Contratos / 15.0% Bolsa),280.0,22000000.0,22000000.0,2200000.0,277.5,22000000.0,2200000.0,0.0,0.0,0.0,0.0,0.0,6.3238,0.0,0.0,0.0,0.0,0.0,0.0,0.0
2024-01-01,HISTORICO,CBYC,CNIOR,CUNDINAMARCA,EEC - CUNDINAMARCA,7707187.5,6551109.38,1156078.13,85.0,15.0,Cubierta (85.0% Contratos / 15.0% Bolsa),280.0,9000000.0,9000000.0,900000.0,277.5,9000000.0,900000.0,0.0,0.0,0.0,0.0,0.0,6.3238,0.0,0.0,0.0,0.0,0.0,0.0,0.0
2024-01-01,HISTORICO,CBYC,CNIOR,SANTANDER,ESSA - SANTANDER,7707187.5,6551109.38,1156078.13,85.0,15.0,Cubierta (85.0% Contratos / 15.0% Bolsa),280.0,14000000.0,14000000.0,1400000.0,277.5,14000000.0,1400000.0,0.0,0.0,0.0,0.0,0.0,6.3238,0.0,0.0,0.0,0.0,0.0,0.0,0.0
2024-01-01,HISTORICO,CBYC,CNIOR,TOLIMA,ELET - TOLIMA,7707187.5,6551109.38,1156078.13,85.0,15.0,Cubierta (85.0% Contratos / 15.0% Bolsa),280.0,7500000.0,7500000.0,750000.0,277.5,7500000.0,750000.0,0.0,0.0,0.0,0.0,0.0,6.3238,0.0,0.0,0.0,0.0,0.0,0.0,0.0
2024-01-01,HISTORICO,CBYC,CNIOR,VALLE,CVC - VALLE DEL CAUCA,7707187.5,6551109.38,1156078.13,85.0,15.0,Cubierta (85.0% Contratos / 15.0% Bolsa),280.0,18000000.0,18000000.0,1800000.0,277.5,18000000.0,1800000.0,0.0,0.0,0.0,0.0,0.0,6.3238,0.0,0.0,0.0,0.0,0.0,0.0,0.0
2024-02-01,HISTORICO,CBYC,CNIOR,ANTIOQUIA,EPM - ANTIOQUIA,7758568.75,6594783.44,1163785.31,85.0,15.0,Cubierta (85.0% Contratos / 15.0% Bolsa),295.1221,25250000.0,25000000.0,2500000.0,280.0,25000000.0,2525000.0,0.0,0.0,0.0,0.0,0.0,6.3238,0.0,0.0,0.0,0.0,0.0,0.0,0.0
2024-02-01,HISTORICO,CBYC,CNIOR,BOGOTA,ENEL - BOGOTA CUNDINAMARCA,7758568.75,6594783.44,1163785.31,85.0,15.0,Cubierta (85.0% Contratos / 15.0% Bolsa),295.1221,35350000.0,35000000.0,3500000.0,280.0,35000000.0,3535000.0,0.0,0.0,0.0,0.0,0.0,6.3238,0.0,0.0,0.0,0.0,0.0,0.0,0.0
2024-02-01,HISTORICO,CBYC,CNIOR,CARIBE_MAR,AFINIA - CARIBE MAR,7758568.75,6594783.44,1163785.31,85.0,15.0,Cubierta (85.0% Contratos / 15.0% Bolsa),295.1221,28280000.0,28000000.0,2800000.0,280.0,28000000.0,2828000.0,0.0,0.0,0.0,0.0,0.0,6.3238,0.0,0.0,0.0,0.0,0.0,0.0,0.0
2024-02-01,HISTORICO,CBYC,CNIOR,CARIBE_SOL,AIR-E - CARIBE SOL,7758568.75,6594783.44,1163785.31,85.0,15.0,Cubierta (85.0% Contratos / 15.0% Bolsa),295.1221,22220000.0,22000000.0,2200000.0,280.0,22000000.0,2222000.0,0.0,0.0,0.0,0.0,0.0,6.3238,0.0,0.0,0.0,0.0,0.0,0.0,0.0
2024-02-01,HISTORICO,CBYC,CNIOR,CUNDINAMARCA,EEC - CUNDINAMARCA,7758568.75,6594783.44,1163785.31,85.0,15.0,Cubierta (85.0% Contratos / 15.0% Bolsa),295.1221,9090000.0,9000000.0,900000.0,280.0,9000000.0,909000.0,0.0,0.0,0.0,0.0,0.0,6.3238,0.0,0.0,0.0,0.0,0.0,0.0,0.0
2024-02-01,HISTORICO,CBYC,CNIOR,SANTANDER,ESSA - SANTANDER,7758568.75,6594783.44,1163785.31,85.0,15.0,Cubierta (85.0% Contratos / 15.0% Bolsa),295.1221,14140000.0,14000000.0,1400000.0,280.0,14000000.0,1414000.0,0.0,0.0,0.0,0.0,0.0,6.3238,0.0,0.0,0.0,0.0,0.0,0.0,0.0
2024-02-01,HISTORICO,CBYC,CNIOR,TOLIMA,ELET - TOLIMA,7758568.75,6594783.44,1163785.31,85.0,15.0,Cubierta (85.0% Contratos / 15.0% Bolsa),295.1221,7575000.0,7500000.0,750000.0,280.0,7500000.0,757500.0,0.0,0.0,0.0,0.0,0.0,6.3238,0.0,0.0,0.0,0.0,0.0,0.0,0.0
2024-02-01,HISTORICO,CBYC,CNIOR,VALLE,CVC - VALLE DEL CAUCA,7758568.75,6594783.44,1163785.31,85.0,15.0,Cubierta (85.0% Contratos / 15.0% Bolsa),295.1221,18180000.0,18000000.0,1800000.0,280.0,18000000.0,1818000.0,0.0,0.0,0.0,0.0,0.0,6.3238,0.0,0.0,0.0,0.0,0.0,0.0,0.0
2024-03-01,HISTORICO,CBYC,CNIOR,ANTIOQUIA,EPM - ANTIOQUIA,7809950.0,6638457.5,1171492.5,85.0,15.0,Cubierta (85.0% Contratos / 15.0% Bolsa),298.6395,25500000.0,25250000.0,2525000.0,295.1221,25000000.0,2550000.0,1.017e-05,0.0,254.13,254.13,233.8,6.3238,10.45,3119.62,16.07,14.79,-1.29,1.29,8.0
2024-03-01,HISTORICO,CBYC,CNIOR,BOGOTA,ENEL - BOGOTA CUNDINAMARCA,7809950.0,6638457.5,1171492.5,85.0,15.0,Cubierta (85.0% Contratos / 15.0% Bolsa),298.6395,35700000.0,35350000.0,3535000.0,295.1221,35000000.0,3570000.0,1.017e-05,0.0,355.78,355.78,327.32,6.3238,14.62,4367.47,22.5,20.7,-1.8,1.8,8.0
2024-03-01,HISTORICO,CBYC,CNIOR,CARIBE_MAR,AFINIA - CARIBE MAR,7809950.0,6638457.5,1171492.5,85.0,15.0,Cubierta (85.0% Contratos / 15.0% Bolsa),298.6395,28560000.0,28280000.0,2828000.0,295.1221,28000000.0,2856000.0,1.017e-05,0.0,284.63,284.63,261.86,6.3238,11.7,3493.97,18.0,16.56,-1.44,1.44,8.0
2024-03-01,HISTORICO,CBYC,CNIOR,CARIBE_SOL,AIR-E - CARIBE SOL,7809950.0,6638457.5,1171492.5,85.0,15.0,Cubierta (85.0% Contratos / 15.0% Bolsa),298.6395,22440000.0,22220000.0,2222000.0,295.1221,22000000.0,2244000.0,1.017e-05,0.0,223.64,223.64,205.75,6.3238,9.19,2745.26,14.14,13.01,-1.13,1.13,8.0
2024-03-01,HISTORICO,CBYC,CNIOR,CUNDINAMARCA,EEC - CUNDINAMARCA,7809950.0,6638457.5,1171492.5,85.0,15.0,Cubierta (85.0% Contratos / 15.0% Bolsa),298.6395,9180000.0,9090000.0,909000.0,295.1221,9000000.0,918000.0,1.017e-05,0.0,91.49,91.49,84.17,6.3238,3.76,1123.06,5.79,5.32,-0.46,0.46,8.0
2024-03-01,HISTORICO,CBYC,CNIOR,SANTANDER,ESSA - SANTANDER,7809950.0,6638457.5,1171492.5,85.0,15.0,Cubierta (85.0% Contratos / 15.0% Bolsa),298.6395,14280000.0,14140000.0,1414000.0,295.1221,14000000.0,1428000.0,1.017e-05,0.0,142.31,142.31,130.93,6.3238,5.85,1746.99,9.0,8.28,-0.72,0.72,8.0
2024-03-01,HISTORICO,CBYC,CNIOR,TOLIMA,ELET - TOLIMA,7809950.0,6638457.5,1171492.5,85.0,15.0,Cubierta (85.0% Contratos / 15.0% Bolsa),298.6395,7650000.0,7575000.0,757500.0,295.1221,7500000.0,765000.0,1.017e-05,0.0,76.24,76.24,70.14,6.3238,3.13,935.89,4.82,4.44,-0.39,0.39,8.0
2024-03-01,HISTORICO,CBYC,CNIOR,VALLE,CVC - VALLE DEL CAUCA,7809950.0,6638457.5,1171492.5,85.0,15.0,Cubierta (85.0% Contratos / 15.0% Bolsa),298.6395,18360000.0,18180000.0,1818000.0,295.1221,18000000.0,1836000.0,1.017e-05,0.0,182.98,182.98,168.34,6.3238,7.52,2246.13,11.57,10.65,-0.93,0.93,8.0
2024-04-01,HISTORICO,CBYC,CNIOR,ANTIOQUIA,EPM - ANTIOQUIA,7861331.25,6682131.56,1179199.69,85.0,15.0,Cubierta (85.0% Contratos / 15.0% Bolsa),289.6168,25750000.0,25500000.0,2550000.0,298.6395,25250000.0,2575000.0,1.005e-05,0.0,253.65,253.65,233.36,6.3238,10.43,3019.63,16.04,14.76,-1.28,1.28,8.0
2024-04-01,HISTORICO,CBYC,CNIOR,BOGOTA,ENEL - BOGOTA CUNDINAMARCA,7861331.25,6682131.56,1179199.69,85.0,15.0,Cubierta (85.0% Contratos / 15.0% Bolsa),289.6168,36050000.0,35700000.0,3570000.0,298.6395,35350000.0,3605000.0,1.005e-05,0.0,355.11,355.11,326.7,6.3238,14.6,4227.48,22.46,20.66,-1.8,1.8,8.0
2024-04-01,HISTORICO,CBYC,CNIOR,CARIBE_MAR,AFINIA - CARIBE MAR,7861331.25,6682131.56,1179199.69,85.0,15.0,Cubierta (85.0% Contratos / 15.0% Bolsa),289.6168,28840000.0,28560000.0,2856000.0,298.6395,28280000.0,2884000.0,1.005e-05,0.0,284.09,284.09,261.36,6.3238,11.68,3381.99,17.97,16.53,-1.44,1.44,8.0
2024-04-01,HISTORICO,CBYC,CNIOR,CARIBE_SOL,AIR-E - CARIBE SOL,7861331.25,6682131.56,1179199.69,85.0,15.0,Cubierta (85.0% Contratos / 15.0% Bolsa),289.6168,22660000.0,22440000.0,2244000.0,298.6395,22220000.0,2266000.0,1.005e-05,0.0,223.21,223.21,205.36,6.3238,9.18,2657.27,14.12,12.99,-1.13,1.13,8.0
2024-04-01,HISTORICO,CBYC,CNIOR,CUNDINAMARCA,EEC - CUNDINAMARCA,7861331.25,6682131.56,1179199.69,85.0,15.0,Cubierta (85.0% Contratos / 15.0% Bolsa),289.6168,9270000.0,9180000.0,918000.0,298.6395,9090000.0,927000.0,1.005e-05,0.0,91.31,91.31,84.01,6.3238,3.75,1087.07,5.77,5.31,-0.46,0.46,8.0
2024-04-01,HISTORICO,CBYC,CNIOR,SANTANDER,ESSA - SANTANDER,7861331.25,6682131.56,1179199.69,85.0,15.0,Cubierta (85.0% Contratos / 15.0% Bolsa),289.6168,14420000.0,14280000.0,1428000.0,298.6395,14140000.0,1442000.0,1.005e-05,0.0,142.04,142.04,130.68,6.3238,5.84,1690.99,8.98,8.26,-0.72,0.72,8.0
2024-04-01,HISTORICO,CBYC,CNIOR,TOLIMA,ELET - TOLIMA,7861331.25,6682131.56,1179199.69,85.0,15.0,Cubierta (85.0% Contratos / 15.0% Bolsa),289.6168,7725000.0,7650000.0,765000.0,298.6395,7575000.0,772500.0,1.005e-05,0.0,76.1,76.1,70.01,6.3238,3.13,905.89,4.81,4.43,-0.38,0.38,8.0
2024-04-01,HISTORICO,CBYC,CNIOR,VALLE,CVC - VALLE DEL CAUCA,7861331.25,6682131.56,1179199.69,85.0,15.0,Cubierta (85.0% Contratos / 15.0% Bolsa),289.6168,18540000.0,18360000.0,1836000.0,298.6395,18180000.0,1854000.0,1.005e-05,0.0,182.63,182.63,168.02,6.3238,7.51,2174.13,11.55,10.63,-0.92,0.92,8.0
2024-05-01,HISTORICO,CBYC,CNIOR,ANTIOQUIA,EPM - ANTIOQUIA,7912712.5,6725805.62,1186906.88,85.0,15.0,Cubierta (85.0% Contratos / 15.0% Bolsa),278.648,26000000.0,25750000.0,2575000.0,289.6168,25500000.0,2600000.0,1.036e-05,0.0,264.14,264.14,243.01,6.3238,10.86,3025.44,16.7,15.37,-1.34,1.34,8.0
2024-05-01,HISTORICO,CBYC,CNIOR,BOGOTA,ENEL - BOGOTA CUNDINAMARCA,7912712.5,6725805.62,1186906.88,85.0,15.0,Cubierta (85.0% Contratos / 15.0% Bolsa),278.648,36400000.0,36050000.0,3605000.0,289.6168,35700000.0,3640000.0,1.036e-05,0.0,369.8,369.8,340.22,6.3238,15.2,4235.61,23.39,21.51,-1.87,1.87,8.0
2024-05-01,HISTORICO,CBYC,CNIOR,CARIBE_MAR,AFINIA - CARIBE MAR,7912712.5,6725805.62,1186906.88,85.0,15.0,Cubierta (85.0% Contratos / 15.0% Bolsa),278.648,29120000.0,28840000.0,2884000.0,289.6168,28560000.0,2912000.0,1.036e-05,0.0,295.84,295.84,272.17,6.3238,12.16,3388.49,18.71,17.21,-1.5,1.5,8.0
2024-05-01,HISTORICO,CBYC,CNIOR,CARIBE_SOL,AIR-E - CARIBE SOL,7912712.5,6725805.62,1186906.88,85.0,15.0,Cubierta (85.0% Contratos / 15.0% Bolsa),278.648,22880000.0,22660000.0,2266000.0,289.6168,22440000.0,2288000.0,1.036e-05,0.0,232.45,232.45,213.85,6.3238,9.55,2662.39,14.7,13.52,-1.18,1.18,8.0
2024-05-01,HISTORICO,CBYC,CNIOR,CUNDINAMARCA,EEC - CUNDINAMARCA,7912712.5,6725805.62,1186906.88,85.0,15.0,Cubierta (85.0% Contratos / 15.0% Bolsa),278.648,9360000.0,9270000.0,927000.0,289.6168,9180000.0,936000.0,1.036e-05,0.0,95.09,95.09,87.48,6.3238,3.91,1089.16,6.01,5.53,-0.48,0.48,8.0
2024-05-01,HISTORICO,CBYC,CNIOR,SANTANDER,ESSA - SANTANDER,7912712.5,6725805.62,1186906.88,85.0,15.0,Cubierta (85.0% Contratos / 15.0% Bolsa),278.648,14560000.0,14420000.0,1442000.0,289.6168,14280000.0,1456000.0,1.036e-05,0.0,147.92,147.92,136.09,6.3238,6.08,1694.25,9.35,8.61,-0.75,0.75,8.0
2024-05-01,HISTORICO,CBYC,CNIOR,TOLIMA,ELET - TOLIMA,7912712.5,6725805.62,1186906.88,85.0,15.0,Cubierta (85.0% Contratos / 15.0% Bolsa),278.648,7800000.0,7725000.0,772500.0,289.6168,7650000.0,780000.0,1.036e-05,0.0,79.24,79.24,72.9,6.3238,3.26,907.63,5.01,4.61,-0.4,0.4,8.0
2024-05-01,HISTORICO,CBYC,CNIOR,VALLE,CVC - VALLE DEL CAUCA,7912712.5,6725805.62,1186906.88,85.0,15.0,Cubierta (85.0% Contratos / 15.0% Bolsa),278.648,18720000.0,18540000.0,1854000.0,289.6168,18360000.0,1872000.0,1.036e-05,0.0,190.18,190.18,174.97,6.3238,7.82,2178.32,12.03,11.06,-0.96,0.96,8.0
2024-06-01,HISTORICO,CBYC,CNIOR,ANTIOQUIA,EPM - ANTIOQUIA,7964093.75,6769479.69,1194614.06,85.0,15.0,Cubierta (85.0% Contratos / 15.0% Bolsa),278.1161,26250000.0,26000000.0,2600000.0,278.648,25750000.0,2625000.0,1.077e-05,0.0,277.23,277.23,255.05,6.3238,11.4,3169.3,17.53,16.13,-1.4,1.4,8.0
2024-06-01,HISTORICO,CBYC,CNIOR,BOGOTA,ENEL - BOGOTA CUNDINAMARCA,7964093.75,6769479.69,1194614.06,85.0,15.0,Cubierta (85.0% Contratos / 15.0% Bolsa),278.1161,36750000.0,36400000.0,3640000.0,278.648,36050000.0,3675000.0,1.077e-05,0.0,388.12,388.12,357.07,6.3238,15.95,4437.02,24.54,22.58,-1.96,1.96,8.0
2024-06-01,HISTORICO,CBYC,CNIOR,CARIBE_MAR,AFINIA - CARIBE MAR,7964093.75,6769479.69,1194614.06,85.0,15.0,Cubierta (85.0% Contratos / 15.0% Bolsa),278.1161,29400000.0,29120000.0,2912000.0,278.648,28840000.0,2940000.0,1.077e-05,0.0,310.5,310.5,285.66,6.3238,12.76,3549.62,19.64,18.06,-1.57,1.57,8.0
2024-06-01,HISTORICO,CBYC,CNIOR,CARIBE_SOL,AIR-E - CARIBE SOL,7964093.75,6769479.69,1194614.06,85.0,15.0,Cubierta (85.0% Contratos / 15.0% Bolsa),278.1161,23100000.0,22880000.0,2288000.0,278.648,22660000.0,2310000.0,1.077e-05,0.0,243.96,243.96,224.45,6.3238,10.03,2788.98,15.43,14.19,-1.23,1.23,8.0
2024-06-01,HISTORICO,CBYC,CNIOR,CUNDINAMARCA,EEC - CUNDINAMARCA,7964093.75,6769479.69,1194614.06,85.0,15.0,Cubierta (85.0% Contratos / 15.0% Bolsa),278.1161,9450000.0,9360000.0,936000.0,278.648,9270000.0,945000.0,1.077e-05,0.0,99.8,99.8,91.82,6.3238,4.1,1140.95,6.31,5.81,-0.5,0.5,8.0
2024-06-01,HISTORICO,CBYC,CNIOR,SANTANDER,ESSA - SANTANDER,7964093.75,6769479.69,1194614.06,85.0,15.0,Cubierta (85.0% Contratos / 15.0% Bolsa),278.1161,14700000.0,14560000.0,1456000.0,278.648,14420000.0,1470000.0,1.077e-05,0.0,155.25,155.25,142.83,6.3238,6.38,1774.81,9.82,9.03,-0.79,0.79,8.0
2024-06-01,HISTORICO,CBYC,CNIOR,TOLIMA,ELET - TOLIMA,7964093.75,6769479.69,1194614.06,85.0,15.0,Cubierta (85.0% Contratos / 15.0% Bolsa),278.1161,7875000.0,7800000.0,780000.0,278.648,7725000.0,787500.0,1.077e-05,0.0,83.17,83.17,76.52,6.3238,3.42,950.79,5.26,4.84,-0.42,0.42,8.0
2024-06-01,HISTORICO,CBYC,CNIOR,VALLE,CVC - VALLE DEL CAUCA,7964093.75,6769479.69,1194614.06,85.0,15.0,Cubierta (85.0% Contratos / 15.0% Bolsa),278.1161,18900000.0,18720000.0,1872000.0,278.648,18540000.0,1890000.0,1.077e-05,0.0,199.61,199.61,183.64,6.3238,8.2,2281.9,12.62,11.61,-1.01,1.01,8.0
2024-07-01,HISTORICO,CBYC,CNIOR,ANTIOQUIA,EPM - ANTIOQUIA,8015475.0,6813153.75,1202321.25,85.0,15.0,Cubierta (85.0% Contratos / 15.0% Bolsa),290.8088,26500000.0,26250000.0,2625000.0,278.1161,26000000.0,2650000.0,1.079e-05,0.0,280.46,280.46,258.02,6.3238,11.53,3352.51,17.74,16.32,-1.42,1.42,8.0
2024-07-01,HISTORICO,CBYC,CNIOR,BOGOTA,ENEL - BOGOTA CUNDINAMARCA,8015475.0,6813153.75,1202321.25,85.0,15.0,Cubierta (85.0% Contratos / 15.0% Bolsa),290.8088,37100000.0,36750000.0,3675000.0,278.1161,36400000.0,3710000.0,1.079e-05,0.0,392.64,392.64,361.23,6.3238,16.14,4693.52,24.83,22.84,-1.99,1.99,8.0
2024-07-01,HISTORICO,CBYC,CNIOR,CARIBE_MAR,AFINIA - CARIBE MAR,8015475.0,6813153.75,1202321.25,85.0,15.0,Cubierta (85.0% Contratos / 15.0% Bolsa),290.8088,29680000.0,29400000.0,2940000.0,278.1161,29120000.0,2968000.0,1.079e-05,0.0,314.11,314.11,288.98,6.3238,12.91,3754.82,19.86,18.27,-1.59,1.59,8.0
2024-07-01,HISTORICO,CBYC,CNIOR,CARIBE_SOL,AIR-E - CARIBE SOL,8015475.0,6813153.75,1202321.25,85.0,15.0,Cubierta (85.0% Contratos / 15.0% Bolsa),290.8088,23320000.0,23100000.0,2310000.0,278.1161,22880000.0,2332000.0,1.079e-05,0.0,246.8,246.8,227.06,6.3238,10.14,2950.21,15.61,14.36,-1.25,1.25,8.0
2024-07-01,HISTORICO,CBYC,CNIOR,CUNDINAMARCA,EEC - CUNDINAMARCA,8015475.0,6813153.75,1202321.25,85.0,15.0,Cubierta (85.0% Contratos / 15.0% Bolsa),290.8088,9540000.0,9450000.0,945000.0,278.1161,9360000.0,954000.0,1.079e-05,0.0,100.97,100.97,92.89,6.3238,4.15,1206.91,6.38,5.87,-0.51,0.51,8.0
2024-07-01,HISTORICO,CBYC,CNIOR,SANTANDER,ESSA - SANTANDER,8015475.0,6813153.75,1202321.25,85.0,15.0,Cubierta (85.0% Contratos / 15.0% Bolsa),290.8088,14840000.0,14700000.0,1470000.0,278.1161,14560000.0,1484000.0,1.079e-05,0.0,157.06,157.06,144.49,6.3238,6.46,1877.41,9.93,9.14,-0.79,0.79,8.0
2024-07-01,HISTORICO,CBYC,CNIOR,TOLIMA,ELET - TOLIMA,8015475.0,6813153.75,1202321.25,85.0,15.0,Cubierta (85.0% Contratos / 15.0% Bolsa),290.8088,7950000.0,7875000.0,787500.0,278.1161,7800000.0,795000.0,1.079e-05,0.0,84.14,84.14,77.41,6.3238,3.46,1005.75,5.32,4.9,-0.43,0.43,8.0
2024-07-01,HISTORICO,CBYC,CNIOR,VALLE,CVC - VALLE DEL CAUCA,8015475.0,6813153.75,1202321.25,85.0,15.0,Cubierta (85.0% Contratos / 15.0% Bolsa),290.8088,19080000.0,18900000.0,1890000.0,278.1161,18720000.0,1908000.0,1.079e-05,0.0,201.93,201.93,185.78,6.3238,8.3,2413.81,12.77,11.75,-1.02,1.02,8.0
2024-08-01,HISTORICO,CBYC,CNIOR,ANTIOQUIA,EPM - ANTIOQUIA,8066856.25,6856827.81,1210028.44,85.0,15.0,Cubierta (85.0% Contratos / 15.0% Bolsa),307.3548,26750000.0,26500000.0,2650000.0,290.8088,26250000.0,2675000.0,1.032e-05,0.0,270.8,270.8,249.13,6.3238,11.13,3421.19,17.12,15.75,-1.37,1.37,8.0
2024-08-01,HISTORICO,CBYC,CNIOR,BOGOTA,ENEL - BOGOTA CUNDINAMARCA,8066856.25,6856827.81,1210028.44,85.0,15.0,Cubierta (85.0% Contratos / 15.0% Bolsa),307.3548,37450000.0,37100000.0,3710000.0,290.8088,36750000.0,3745000.0,1.032e-05,0.0,379.12,379.12,348.79,6.3238,15.58,4789.67,23.97,22.06,-1.92,1.92,8.0
2024-08-01,HISTORICO,CBYC,CNIOR,CARIBE_MAR,AFINIA - CARIBE MAR,8066856.25,6856827.81,1210028.44,85.0,15.0,Cubierta (85.0% Contratos / 15.0% Bolsa),307.3548,29960000.0,29680000.0,2968000.0,290.8088,29400000.0,2996000.0,1.032e-05,0.0,303.29,303.29,279.03,6.3238,12.47,3831.74,19.18,17.65,-1.53,1.53,8.0
2024-08-01,HISTORICO,CBYC,CNIOR,CARIBE_SOL,AIR-E - CARIBE SOL,8066856.25,6856827.81,1210028.44,85.0,15.0,Cubierta (85.0% Contratos / 15.0% Bolsa),307.3548,23540000.0,23320000.0,2332000.0,290.8088,23100000.0,2354000.0,1.032e-05,0.0,238.3,238.3,219.24,6.3238,9.8,3010.65,15.07,13.86,-1.21,1.21,8.0
2024-08-01,HISTORICO,CBYC,CNIOR,CUNDINAMARCA,EEC - CUNDINAMARCA,8066856.25,6856827.81,1210028.44,85.0,15.0,Cubierta (85.0% Contratos / 15.0% Bolsa),307.3548,9630000.0,9540000.0,954000.0,290.8088,9450000.0,963000.0,1.032e-05,0.0,97.49,97.49,89.69,6.3238,4.01,1231.63,6.16,5.67,-0.49,0.49,8.0
2024-08-01,HISTORICO,CBYC,CNIOR,SANTANDER,ESSA - SANTANDER,8066856.25,6856827.81,1210028.44,85.0,15.0,Cubierta (85.0% Contratos / 15.0% Bolsa),307.3548,14980000.0,14840000.0,1484000.0,290.8088,14700000.0,1498000.0,1.032e-05,0.0,151.65,151.65,139.51,6.3238,6.23,1915.87,9.59,8.82,-0.77,0.77,8.0
2024-08-01,HISTORICO,CBYC,CNIOR,TOLIMA,ELET - TOLIMA,8066856.25,6856827.81,1210028.44,85.0,15.0,Cubierta (85.0% Contratos / 15.0% Bolsa),307.3548,8025000.0,7950000.0,795000.0,290.8088,7875000.0,802500.0,1.032e-05,0.0,81.24,81.24,74.74,6.3238,3.34,1026.36,5.14,4.73,-0.41,0.41,8.0
2024-08-01,HISTORICO,CBYC,CNIOR,VALLE,CVC - VALLE DEL CAUCA,8066856.25,6856827.81,1210028.44,85.0,15.0,Cubierta (85.0% Contratos / 15.0% Bolsa),307.3548,19260000.0,19080000.0,1908000.0,290.8088,18900000.0,1926000.0,1.032e-05,0.0,194.97,194.97,179.38,6.3238,8.01,2463.26,12.33,11.34,-0.99,0.99,8.0
2024-09-01,HISTORICO,CBYC,CNIOR,ANTIOQUIA,EPM - ANTIOQUIA,8118237.5,6900501.88,1217735.63,85.0,15.0,Cubierta (85.0% Contratos / 15.0% Bolsa),314.8404,27000000.0,26750000.0,2675000.0,307.3548,26500000.0,2700000.0,9.76e-06,0.0,258.66,258.66,237.97,6.3238,10.63,3347.44,16.36,15.05,-1.31,1.31,8.0
2024-09-01,HISTORICO,CBYC,CNIOR,BOGOTA,ENEL - BOGOTA CUNDINAMARCA,8118237.5,6900501.88,1217735.63,85.0,15.0,Cubierta (85.0% Contratos / 15.0% Bolsa),314.8404,37800000.0,37450000.0,3745000.0,307.3548,37100000.0,3780000.0,9.76e-06,0.0,362.12,362.12,333.15,6.3238,14.89,4686.41,22.9,21.07,-1.83,1.83,8.0
2024-09-01,HISTORICO,CBYC,CNIOR,CARIBE_MAR,AFINIA - CARIBE MAR,8118237.5,6900501.88,1217735.63,85.0,15.0,Cubierta (85.0% Contratos / 15.0% Bolsa),314.8404,30240000.0,29960000.0,2996000.0,307.3548,29680000.0,3024000.0,9.76e-06,0.0,289.7,289.7,266.52,6.3238,11.91,3749.13,18.32,16.85,-1.47,1.47,8.0
2024-09-01,HISTORICO,CBYC,CNIOR,CARIBE_SOL,AIR-E - CARIBE SOL,8118237.5,6900501.88,1217735.63,85.0,15.0,Cubierta (85.0% Contratos / 15.0% Bolsa),314.8404,23760000.0,23540000.0,2354000.0,307.3548,23320000.0,2376000.0,9.76e-06,0.0,227.62,227.62,209.41,6.3238,9.36,2945.74,14.39,13.24,-1.15,1.15,8.0
2024-09-01,HISTORICO,CBYC,CNIOR,CUNDINAMARCA,EEC - CUNDINAMARCA,8118237.5,6900501.88,1217735.63,85.0,15.0,Cubierta (85.0% Contratos / 15.0% Bolsa),314.8404,9720000.0,9630000.0,963000.0,307.3548,9540000.0,972000.0,9.76e-06,0.0,93.12,93.12,85.67,6.3238,3.83,1205.08,5.89,5.42,-0.47,0.47,8.0
2024-09-01,HISTORICO,CBYC,CNIOR,SANTANDER,ESSA - SANTANDER,8118237.5,6900501.88,1217735.63,85.0,15.0,Cubierta (85.0% Contratos / 15.0% Bolsa),314.8404,15120000.0,14980000.0,1498000.0,307.3548,14840000.0,1512000.0,9.76e-06,0.0,144.85,144.85,133.26,6.3238,5.95,1874.56,9.16,8.43,-0.73,0.73,8.0
2024-09-01,HISTORICO,CBYC,CNIOR,TOLIMA,ELET - TOLIMA,8118237.5,6900501.88,1217735.63,85.0,15.0,Cubierta (85.0% Contratos / 15.0% Bolsa),314.8404,8100000.0,8025000.0,802500.0,307.3548,7950000.0,810000.0,9.76e-06,0.0,77.6,77.6,71.39,6.3238,3.19,1004.23,4.91,4.51,-0.39,0.39,8.0
2024-09-01,HISTORICO,CBYC,CNIOR,VALLE,CVC - VALLE DEL CAUCA,8118237.5,6900501.88,1217735.63,85.0,15.0,Cubierta (85.0% Contratos / 15.0% Bolsa),314.8404,19440000.0,19260000.0,1926000.0,307.3548,19080000.0,1944000.0,9.76e-06,0.0,186.23,186.23,171.34,6.3238,7.66,2410.15,11.78,10.83,-0.94,0.94,8.0
2024-10-01,HISTORICO,CBYC,CNIOR,ANTIOQUIA,EPM - ANTIOQUIA,8169618.75,6944175.94,1225442.81,85.0,15.0,Cubierta (85.0% Contratos / 15.0% Bolsa),308.6818,27250000.0,27000000.0,2700000.0,314.8404,26750000.0,2725000.0,9.53e-06,0.0,254.89,254.89,234.5,6.3238,10.48,3234.15,16.12,14.83,-1.29,1.29,8.0
2024-10-01,HISTORICO,CBYC,CNIOR,BOGOTA,ENEL - BOGOTA CUNDINAMARCA,8169618.75,6944175.94,1225442.81,85.0,15.0,Cubierta (85.0% Contratos / 15.0% Bolsa),308.6818,38150000.0,37800000.0,3780000.0,314.8404,37450000.0,3815000.0,9.53e-06,0.0,356.85,356.85,328.3,6.3238,14.67,4527.81,22.57,20.76,-1.81,1.81,8.0
2024-10-01,HISTORICO,CBYC,CNIOR,CARIBE_MAR,AFINIA - CARIBE MAR,8169618.75,6944175.94,1225442.81,85.0,15.0,Cubierta (85.0% Contratos / 15.0% Bolsa),308.6818,30520000.0,30240000.0,3024000.0,314.8404,29960000.0,3052000.0,9.53e-06,0.0,285.48,285.48,262.64,6.3238,11.73,3622.25,18.05,16.61,-1.44,1.44,8.0
2024-10-01,HISTORICO,CBYC,CNIOR,CARIBE_SOL,AIR-E - CARIBE SOL,8169618.75,6944175.94,1225442.81,85.0,15.0,Cubierta (85.0% Contratos / 15.0% Bolsa),308.6818,23980000.0,23760000.0,2376000.0,314.8404,23540000.0,2398000.0,9.53e-06,0.0,224.3,224.3,206.36,6.3238,9.22,2846.05,14.18,13.05,-1.13,1.13,8.0
2024-10-01,HISTORICO,CBYC,CNIOR,CUNDINAMARCA,EEC - CUNDINAMARCA,8169618.75,6944175.94,1225442.81,85.0,15.0,Cubierta (85.0% Contratos / 15.0% Bolsa),308.6818,9810000.0,9720000.0,972000.0,314.8404,9630000.0,981000.0,9.53e-06,0.0,91.76,91.76,84.42,6.3238,3.77,1164.29,5.8,5.34,-0.46,0.46,8.0
2024-10-01,HISTORICO,CBYC,CNIOR,SANTANDER,ESSA - SANTANDER,8169618.75,6944175.94,1225442.81,85.0,15.0,Cubierta (85.0% Contratos / 15.0% Bolsa),308.6818,15260000.0,15120000.0,1512000.0,314.8404,14980000.0,1526000.0,9.53e-06,0.0,142.74,142.74,131.32,6.3238,5.87,1811.12,9.03,8.3,-0.72,0.72,8.0
2024-10-01,HISTORICO,CBYC,CNIOR,TOLIMA,ELET - TOLIMA,8169618.75,6944175.94,1225442.81,85.0,15.0,Cubierta (85.0% Contratos / 15.0% Bolsa),308.6818,8175000.0,8100000.0,810000.0,314.8404,8025000.0,817500.0,9.53e-06,0.0,76.47,76.47,70.35,6.3238,3.14,970.25,4.84,4.45,-0.39,0.39,8.0
2024-10-01,HISTORICO,CBYC,CNIOR,VALLE,CVC - VALLE DEL CAUCA,8169618.75,6944175.94,1225442.81,85.0,15.0,Cubierta (85.0% Contratos / 15.0% Bolsa),308.6818,19620000.0,19440000.0,1944000.0,314.8404,19260000.0,1962000.0,9.53e-06,0.0,183.52,183.52,168.84,6.3238,7.54,2328.59,11.61,10.68,-0.93,0.93,8.0
2024-11-01,HISTORICO,CBYC,CNIOR,ANTIOQUIA,EPM - ANTIOQUIA,8221000.0,6987850.0,1233150.0,85.0,15.0,Cubierta (85.0% Contratos / 15.0% Bolsa),296.8397,27500000.0,27250000.0,2725000.0,308.6818,27000000.0,2750000.0,9.72e-06,0.0,262.41,262.41,241.41,6.3238,10.79,3201.77,16.59,15.27,-1.33,1.33,8.0
2024-11-01,HISTORICO,CBYC,CNIOR,BOGOTA,ENEL - BOGOTA CUNDINAMARCA,8221000.0,6987850.0,1233150.0,85.0,15.0,Cubierta (85.0% Contratos / 15.0% Bolsa),296.8397,38500000.0,38150000.0,3815000.0,308.6818,37800000.0,3850000.0,9.72e-06,0.0,367.37,367.37,337.98,6.3238,15.1,4482.48,23.23,21.37,-1.86,1.86,8.0
2024-11-01,HISTORICO,CBYC,CNIOR,CARIBE_MAR,AFINIA - CARIBE MAR,8221000.0,6987850.0,1233150.0,85.0,15.0,Cubierta (85.0% Contratos / 15.0% Bolsa),296.8397,30800000.0,30520000.0,3052000.0,308.6818,30240000.0,3080000.0,9.72e-06,0.0,293.89,293.89,270.38,6.3238,12.08,3585.99,18.59,17.1,-1.49,1.49,8.0
2024-11-01,HISTORICO,CBYC,CNIOR,CARIBE_SOL,AIR-E - CARIBE SOL,8221000.0,6987850.0,1233150.0,85.0,15.0,Cubierta (85.0% Contratos / 15.0% Bolsa),296.8397,24200000.0,23980000.0,2398000.0,308.6818,23760000.0,2420000.0,9.72e-06,0.0,230.92,230.92,212.44,6.3238,9.49,2817.56,14.6,13.43,-1.17,1.17,8.0
2024-11-01,HISTORICO,CBYC,CNIOR,CUNDINAMARCA,EEC - CUNDINAMARCA,8221000.0,6987850.0,1233150.0,85.0,15.0,Cubierta (85.0% Contratos / 15.0% Bolsa),296.8397,9900000.0,9810000.0,981000.0,308.6818,9720000.0,990000.0,9.72e-06,0.0,94.47,94.47,86.91,6.3238,3.88,1152.64,5.97,5.5,-0.48,0.48,8.0
2024-11-01,HISTORICO,CBYC,CNIOR,SANTANDER,ESSA - SANTANDER,8221000.0,6987850.0,1233150.0,85.0,15.0,Cubierta (85.0% Contratos / 15.0% Bolsa),296.8397,15400000.0,15260000.0,1526000.0,308.6818,15120000.0,1540000.0,9.72e-06,0.0,146.95,146.95,135.19,6.3238,6.04,1792.99,9.29,8.55,-0.74,0.74,8.0
2024-11-01,HISTORICO,CBYC,CNIOR,TOLIMA,ELET - TOLIMA,8221000.0,6987850.0,1233150.0,85.0,15.0,Cubierta (85.0% Contratos / 15.0% Bolsa),296.8397,8250000.0,8175000.0,817500.0,308.6818,8100000.0,825000.0,9.72e-06,0.0,78.72,78.72,72.42,6.3238,3.24,960.53,4.98,4.58,-0.4,0.4,8.0
2024-11-01,HISTORICO,CBYC,CNIOR,VALLE,CVC - VALLE DEL CAUCA,8221000.0,6987850.0,1233150.0,85.0,15.0,Cubierta (85.0% Contratos / 15.0% Bolsa),296.8397,19800000.0,19620000.0,1962000.0,308.6818,19440000.0,1980000.0,9.72e-06,0.0,188.93,188.93,173.82,6.3238,7.77,2305.28,11.95,10.99,-0.96,0.96,8.0
2024-12-01,HISTORICO,CBYC,CNIOR,ANTIOQUIA,EPM - ANTIOQUIA,8272381.25,7031524.06,1240857.19,85.0,15.0,Cubierta (85.0% Contratos / 15.0% Bolsa),292.5001,27750000.0,27500000.0,2750000.0,296.8397,27250000.0,2775000.0,1.011e-05,0.0,275.4,275.4,253.37,6.3238,11.32,3311.21,17.42,16.02,-1.39,1.39,8.0
2024-12-01,HISTORICO,CBYC,CNIOR,BOGOTA,ENEL - BOGOTA CUNDINAMARCA,8272381.25,7031524.06,1240857.19,85.0,15.0,Cubierta (85.0% Contratos / 15.0% Bolsa),292.5001,38850000.0,38500000.0,3850000.0,296.8397,38150000.0,3885000.0,1.011e-05,0.0,385.56,385.56,354.72,6.3238,15.85,4635.69,24.38,22.43,-1.95,1.95,8.0
2024-12-01,HISTORICO,CBYC,CNIOR,CARIBE_MAR,AFINIA - CARIBE MAR,8272381.25,7031524.06,1240857.19,85.0,15.0,Cubierta (85.0% Contratos / 15.0% Bolsa),292.5001,31080000.0,30800000.0,3080000.0,296.8397,30520000.0,3108000.0,1.011e-05,0.0,308.45,308.45,283.77,6.3238,12.68,3708.55,19.51,17.95,-1.56,1.56,8.0
2024-12-01,HISTORICO,CBYC,CNIOR,CARIBE_SOL,AIR-E - CARIBE SOL,8272381.25,7031524.06,1240857.19,85.0,15.0,Cubierta (85.0% Contratos / 15.0% Bolsa),292.5001,24420000.0,24200000.0,2420000.0,296.8397,23980000.0,2442000.0,1.011e-05,0.0,242.35,242.35,222.96,6.3238,9.96,2913.86,15.33,14.1,-1.23,1.23,8.0
2024-12-01,HISTORICO,CBYC,CNIOR,CUNDINAMARCA,EEC - CUNDINAMARCA,8272381.25,7031524.06,1240857.19,85.0,15.0,Cubierta (85.0% Contratos / 15.0% Bolsa),292.5001,9990000.0,9900000.0,990000.0,296.8397,9810000.0,999000.0,1.011e-05,0.0,99.14,99.14,91.21,6.3238,4.08,1192.03,6.27,5.77,-0.5,0.5,8.0
2024-12-01,HISTORICO,CBYC,CNIOR,SANTANDER,ESSA - SANTANDER,8272381.25,7031524.06,1240857.19,85.0,15.0,Cubierta (85.0% Contratos / 15.0% Bolsa),292.5001,15540000.0,15400000.0,1540000.0,296.8397,15260000.0,1554000.0,1.011e-05,0.0,154.22,154.22,141.89,6.3238,6.34,1854.28,9.75,8.97,-0.78,0.78,8.0
2024-12-01,HISTORICO,CBYC,CNIOR,TOLIMA,ELET - TOLIMA,8272381.25,7031524.06,1240857.19,85.0,15.0,Cubierta (85.0% Contratos / 15.0% Bolsa),292.5001,8325000.0,8250000.0,825000.0,296.8397,8175000.0,832500.0,1.011e-05,0.0,82.62,82.62,76.01,6.3238,3.4,993.36,5.22,4.81,-0.42,0.42,8.0
2024-12-01,HISTORICO,CBYC,CNIOR,VALLE,CVC - VALLE DEL CAUCA,8272381.25,7031524.06,1240857.19,85.0,15.0,Cubierta (85.0% Contratos / 15.0% Bolsa),292.5001,19980000.0,19800000.0,1980000.0,296.8397,19620000.0,1998000.0,1.011e-05,0.0,198.29,198.29,182.43,6.3238,8.15,2384.07,12.54,11.54,-1.0,1.0,8.0
2025-01-01,HISTORICO,CBYC,CNIOR,ANTIOQUIA,EPM - ANTIOQUIA,8323762.5,7075198.12,1248564.38,85.0,15.0,Cubierta (85.0% Contratos / 15.0% Bolsa),301.9514,28000000.0,27750000.0,2775000.0,292.5001,27500000.0,2800000.0,1.026e-05,0.0,282.05,282.05,259.49,6.3238,11.59,3500.74,17.84,16.41,-1.43,1.43,8.0
2025-01-01,HISTORICO,CBYC,CNIOR,BOGOTA,ENEL - BOGOTA CUNDINAMARCA,8323762.5,7075198.12,1248564.38,85.0,15.0,Cubierta (85.0% Contratos / 15.0% Bolsa),301.9514,39200000.0,38850000.0,3885000.0,292.5001,38500000.0,3920000.0,1.026e-05,0.0,394.87,394.87,363.28,6.3238,16.23,4901.03,24.97,22.97,-2.0,2.0,8.0
2025-01-01,HISTORICO,CBYC,CNIOR,CARIBE_MAR,AFINIA - CARIBE MAR,8323762.5,7075198.12,1248564.38,85.0,15.0,Cubierta (85.0% Contratos / 15.0% Bolsa),301.9514,31360000.0,31080000.0,3108000.0,292.5001,30800000.0,3136000.0,1.026e-05,0.0,315.9,315.9,290.63,6.3238,12.98,3920.83,19.98,18.38,-1.6,1.6,8.0
2025-01-01,HISTORICO,CBYC,CNIOR,CARIBE_SOL,AIR-E - CARIBE SOL,8323762.5,7075198.12,1248564.38,85.0,15.0,Cubierta (85.0% Contratos / 15.0% Bolsa),301.9514,24640000.0,24420000.0,2442000.0,292.5001,24200000.0,2464000.0,1.026e-05,0.0,248.21,248.21,228.35,6.3238,10.2,3080.65,15.7,14.44,-1.26,1.26,8.0
2025-01-01,HISTORICO,CBYC,CNIOR,CUNDINAMARCA,EEC - CUNDINAMARCA,8323762.5,7075198.12,1248564.38,85.0,15.0,Cubierta (85.0% Contratos / 15.0% Bolsa),301.9514,10080000.0,9990000.0,999000.0,292.5001,9900000.0,1008000.0,1.026e-05,0.0,101.54,101.54,93.42,6.3238,4.17,1260.27,6.42,5.91,-0.51,0.51,8.0
2025-01-01,HISTORICO,CBYC,CNIOR,SANTANDER,ESSA - SANTANDER,8323762.5,7075198.12,1248564.38,85.0,15.0,Cubierta (85.0% Contratos / 15.0% Bolsa),301.9514,15680000.0,15540000.0,1554000.0,292.5001,15400000.0,1568000.0,1.026e-05,0.0,157.95,157.95,145.31,6.3238,6.49,1960.41,9.99,9.19,-0.8,0.8,8.0
2025-01-01,HISTORICO,CBYC,CNIOR,TOLIMA,ELET - TOLIMA,8323762.5,7075198.12,1248564.38,85.0,15.0,Cubierta (85.0% Contratos / 15.0% Bolsa),301.9514,8400000.0,8325000.0,832500.0,292.5001,8250000.0,840000.0,1.026e-05,0.0,84.62,84.62,77.85,6.3238,3.48,1050.22,5.35,4.92,-0.43,0.43,8.0
2025-01-01,HISTORICO,CBYC,CNIOR,VALLE,CVC - VALLE DEL CAUCA,8323762.5,7075198.12,1248564.38,85.0,15.0,Cubierta (85.0% Contratos / 15.0% Bolsa),301.9514,20160000.0,19980000.0,1998000.0,292.5001,19800000.0,2016000.0,1.026e-05,0.0,203.08,203.08,186.83,6.3238,8.35,2520.53,12.84,11.81,-1.03,1.03,8.0
2025-02-01,HISTORICO,CBYC,CNIOR,ANTIOQUIA,EPM - ANTIOQUIA,8375143.75,7118872.19,1256271.56,85.0,15.0,Cubierta (85.0% Contratos / 15.0% Bolsa),318.8025,28250000.0,28000000.0,2800000.0,301.9514,27750000.0,2825000.0,9.94e-06,0.0,275.71,275.71,253.65,6.3238,11.33,3612.96,17.44,16.04,-1.39,1.39,8.0
2025-02-01,HISTORICO,CBYC,CNIOR,BOGOTA,ENEL - BOGOTA CUNDINAMARCA,8375143.75,7118872.19,1256271.56,85.0,15.0,Cubierta (85.0% Contratos / 15.0% Bolsa),318.8025,39550000.0,39200000.0,3920000.0,301.9514,38850000.0,3955000.0,9.94e-06,0.0,385.99,385.99,355.11,6.3238,15.87,5058.15,24.41,22.46,-1.95,1.95,8.0
2025-02-01,HISTORICO,CBYC,CNIOR,CARIBE_MAR,AFINIA - CARIBE MAR,8375143.75,7118872.19,1256271.56,85.0,15.0,Cubierta (85.0% Contratos / 15.0% Bolsa),318.8025,31640000.0,31360000.0,3136000.0,301.9514,31080000.0,3164000.0,9.94e-06,0.0,308.79,308.79,284.09,6.3238,12.69,4046.52,19.53,17.97,-1.56,1.56,8.0
2025-02-01,HISTORICO,CBYC,CNIOR,CARIBE_SOL,AIR-E - CARIBE SOL,8375143.75,7118872.19,1256271.56,85.0,15.0,Cubierta (85.0% Contratos / 15.0% Bolsa),318.8025,24860000.0,24640000.0,2464000.0,301.9514,24420000.0,2486000.0,9.94e-06,0.0,242.62,242.62,223.21,6.3238,9.97,3179.41,15.34,14.12,-1.23,1.23,8.0
2025-02-01,HISTORICO,CBYC,CNIOR,CUNDINAMARCA,EEC - CUNDINAMARCA,8375143.75,7118872.19,1256271.56,85.0,15.0,Cubierta (85.0% Contratos / 15.0% Bolsa),318.8025,10170000.0,10080000.0,1008000.0,301.9514,9990000.0,1017000.0,9.94e-06,0.0,99.25,99.25,91.31,6.3238,4.08,1300.67,6.28,5.77,-0.5,0.5,8.0
2025-02-01,HISTORICO,CBYC,CNIOR,SANTANDER,ESSA - SANTANDER,8375143.75,7118872.19,1256271.56,85.0,15.0,Cubierta (85.0% Contratos / 15.0% Bolsa),318.8025,15820000.0,15680000.0,1568000.0,301.9514,15540000.0,1582000.0,9.94e-06,0.0,154.4,154.4,142.04,6.3238,6.35,2023.26,9.76,8.98,-0.78,0.78,8.0
2025-02-01,HISTORICO,CBYC,CNIOR,TOLIMA,ELET - TOLIMA,8375143.75,7118872.19,1256271.56,85.0,15.0,Cubierta (85.0% Contratos / 15.0% Bolsa),318.8025,8475000.0,8400000.0,840000.0,301.9514,8325000.0,847500.0,9.94e-06,0.0,82.71,82.71,76.1,6.3238,3.4,1083.89,5.23,4.81,-0.42,0.42,8.0
2025-02-01,HISTORICO,CBYC,CNIOR,VALLE,CVC - VALLE DEL CAUCA,8375143.75,7118872.19,1256271.56,85.0,15.0,Cubierta (85.0% Contratos / 15.0% Bolsa),318.8025,20340000.0,20160000.0,2016000.0,301.9514,19980000.0,2034000.0,9.94e-06,0.0,198.51,198.51,182.63,6.3238,8.16,2601.33,12.55,11.55,-1.0,1.0,8.0
2025-03-01,HISTORICO,CBYC,CNIOR,ANTIOQUIA,EPM - ANTIOQUIA,8426525.0,7162546.25,1263978.75,85.0,15.0,Cubierta (85.0% Contratos / 15.0% Bolsa),329.8591,28500000.0,28250000.0,2825000.0,318.8025,28000000.0,2850000.0,9.41e-06,0.0,263.49,263.49,242.41,6.3238,10.83,3572.57,16.66,15.33,-1.33,1.33,8.0
2025-03-01,HISTORICO,CBYC,CNIOR,BOGOTA,ENEL - BOGOTA CUNDINAMARCA,8426525.0,7162546.25,1263978.75,85.0,15.0,Cubierta (85.0% Contratos / 15.0% Bolsa),329.8591,39900000.0,39550000.0,3955000.0,318.8025,39200000.0,3990000.0,9.41e-06,0.0,368.88,368.88,339.37,6.3238,15.16,5001.6,23.33,21.46,-1.87,1.87,8.0
2025-03-01,HISTORICO,CBYC,CNIOR,CARIBE_MAR,AFINIA - CARIBE MAR,8426525.0,7162546.25,1263978.75,85.0,15.0,Cubierta (85.0% Contratos / 15.0% Bolsa),329.8591,31920000.0,31640000.0,3164000.0,318.8025,31360000.0,3192000.0,9.41e-06,0.0,295.1,295.1,271.5,6.3238,12.13,4001.28,18.66,17.17,-1.49,1.49,8.0
2025-03-01,HISTORICO,CBYC,CNIOR,CARIBE_SOL,AIR-E - CARIBE SOL,8426525.0,7162546.25,1263978.75,85.0,15.0,Cubierta (85.0% Contratos / 15.0% Bolsa),329.8591,25080000.0,24860000.0,2486000.0,318.8025,24640000.0,2508000.0,9.41e-06,0.0,231.87,231.87,213.32,6.3238,9.53,3143.86,14.66,13.49,-1.17,1.17,8.0
2025-03-01,HISTORICO,CBYC,CNIOR,CUNDINAMARCA,EEC - CUNDINAMARCA,8426525.0,7162546.25,1263978.75,85.0,15.0,Cubierta (85.0% Contratos / 15.0% Bolsa),329.8591,10260000.0,10170000.0,1017000.0,318.8025,10080000.0,1026000.0,9.41e-06,0.0,94.85,94.85,87.27,6.3238,3.9,1286.13,6.0,5.52,-0.48,0.48,8.0
2025-03-01,HISTORICO,CBYC,CNIOR,SANTANDER,ESSA - SANTANDER,8426525.0,7162546.25,1263978.75,85.0,15.0,Cubierta (85.0% Contratos / 15.0% Bolsa),329.8591,15960000.0,15820000.0,1582000.0,318.8025,15680000.0,1596000.0,9.41e-06,0.0,147.55,147.55,135.75,6.3238,6.07,2000.64,9.33,8.58,-0.75,0.75,8.0
2025-03-01,HISTORICO,CBYC,CNIOR,TOLIMA,ELET - TOLIMA,8426525.0,7162546.25,1263978.75,85.0,15.0,Cubierta (85.0% Contratos / 15.0% Bolsa),329.8591,8550000.0,8475000.0,847500.0,318.8025,8400000.0,855000.0,9.41e-06,0.0,79.05,79.05,72.72,6.3238,3.25,1071.77,5.0,4.6,-0.4,0.4,8.0
2025-03-01,HISTORICO,CBYC,CNIOR,VALLE,CVC - VALLE DEL CAUCA,8426525.0,7162546.25,1263978.75,85.0,15.0,Cubierta (85.0% Contratos / 15.0% Bolsa),329.8591,20520000.0,20340000.0,2034000.0,318.8025,20160000.0,2052000.0,9.41e-06,0.0,189.71,189.71,174.53,6.3238,7.8,2572.25,12.0,11.04,-0.96,0.96,8.0
2025-04-01,HISTORICO,CBYC,CNIOR,ANTIOQUIA,EPM - ANTIOQUIA,8477906.25,7206220.31,1271685.94,85.0,15.0,Cubierta (85.0% Contratos / 15.0% Bolsa),327.2543,28750000.0,28500000.0,2850000.0,329.8591,28250000.0,2875000.0,9.09e-06,0.0,256.93,256.93,236.37,6.3238,10.56,3456.14,16.25,14.95,-1.3,1.3,8.0
2025-04-01,HISTORICO,CBYC,CNIOR,BOGOTA,ENEL - BOGOTA CUNDINAMARCA,8477906.25,7206220.31,1271685.94,85.0,15.0,Cubierta (85.0% Contratos / 15.0% Bolsa),327.2543,40250000.0,39900000.0,3990000.0,329.8591,39550000.0,4025000.0,9.09e-06,0.0,359.7,359.7,330.92,6.3238,14.79,4838.6,22.75,20.93,-1.82,1.82,8.0
2025-04-01,HISTORICO,CBYC,CNIOR,CARIBE_MAR,AFINIA - CARIBE MAR,8477906.25,7206220.31,1271685.94,85.0,15.0,Cubierta (85.0% Contratos / 15.0% Bolsa),327.2543,32200000.0,31920000.0,3192000.0,329.8591,31640000.0,3220000.0,9.09e-06,0.0,287.76,287.76,264.74,6.3238,11.83,3870.88,18.2,16.74,-1.46,1.46,8.0
2025-04-01,HISTORICO,CBYC,CNIOR,CARIBE_SOL,AIR-E - CARIBE SOL,8477906.25,7206220.31,1271685.94,85.0,15.0,Cubierta (85.0% Contratos / 15.0% Bolsa),327.2543,25300000.0,25080000.0,2508000.0,329.8591,24860000.0,2530000.0,9.09e-06,0.0,226.1,226.1,208.01,6.3238,9.29,3041.4,14.3,13.15,-1.14,1.14,8.0
2025-04-01,HISTORICO,CBYC,CNIOR,CUNDINAMARCA,EEC - CUNDINAMARCA,8477906.25,7206220.31,1271685.94,85.0,15.0,Cubierta (85.0% Contratos / 15.0% Bolsa),327.2543,10350000.0,10260000.0,1026000.0,329.8591,10170000.0,1035000.0,9.09e-06,0.0,92.49,92.49,85.09,6.3238,3.8,1244.21,5.85,5.38,-0.47,0.47,8.0
2025-04-01,HISTORICO,CBYC,CNIOR,SANTANDER,ESSA - SANTANDER,8477906.25,7206220.31,1271685.94,85.0,15.0,Cubierta (85.0% Contratos / 15.0% Bolsa),327.2543,16100000.0,15960000.0,1596000.0,329.8591,15820000.0,1610000.0,9.09e-06,0.0,143.88,143.88,132.37,6.3238,5.91,1935.44,9.1,8.37,-0.73,0.73,8.0
2025-04-01,HISTORICO,CBYC,CNIOR,TOLIMA,ELET - TOLIMA,8477906.25,7206220.31,1271685.94,85.0,15.0,Cubierta (85.0% Contratos / 15.0% Bolsa),327.2543,8625000.0,8550000.0,855000.0,329.8591,8475000.0,862500.0,9.09e-06,0.0,77.08,77.08,70.91,6.3238,3.17,1036.84,4.87,4.48,-0.39,0.39,8.0
2025-04-01,HISTORICO,CBYC,CNIOR,VALLE,CVC - VALLE DEL CAUCA,8477906.25,7206220.31,1271685.94,85.0,15.0,Cubierta (85.0% Contratos / 15.0% Bolsa),327.2543,20700000.0,20520000.0,2052000.0,329.8591,20340000.0,2070000.0,9.09e-06,0.0,184.99,184.99,170.19,6.3238,7.6,2488.42,11.7,10.76,-0.94,0.94,8.0
2025-05-01,HISTORICO,CBYC,CNIOR,ANTIOQUIA,EPM - ANTIOQUIA,8529287.5,7249894.38,1279393.13,85.0,15.0,Cubierta (85.0% Contratos / 15.0% Bolsa),315.6815,29000000.0,28750000.0,2875000.0,327.2543,28500000.0,2900000.0,9.17e-06,0.0,261.26,261.26,240.36,6.3238,10.74,3390.19,16.52,15.2,-1.32,1.32,8.0
2025-05-01,HISTORICO,CBYC,CNIOR,BOGOTA,ENEL - BOGOTA CUNDINAMARCA,8529287.5,7249894.38,1279393.13,85.0,15.0,Cubierta (85.0% Contratos / 15.0% Bolsa),315.6815,40600000.0,40250000.0,4025000.0,327.2543,39900000.0,4060000.0,9.17e-06,0.0,365.77,365.77,336.51,6.3238,15.04,4746.27,23.13,21.28,-1.85,1.85,8.0
2025-05-01,HISTORICO,CBYC,CNIOR,CARIBE_MAR,AFINIA - CARIBE MAR,8529287.5,7249894.38,1279393.13,85.0,15.0,Cubierta (85.0% Contratos / 15.0% Bolsa),315.6815,32480000.0,32200000.0,3220000.0,327.2543,31920000.0,3248000.0,9.17e-06,0.0,292.62,292.62,269.21,6.3238,12.03,3797.02,18.5,17.02,-1.48,1.48,8.0
2025-05-01,HISTORICO,CBYC,CNIOR,CARIBE_SOL,AIR-E - CARIBE SOL,8529287.5,7249894.38,1279393.13,85.0,15.0,Cubierta (85.0% Contratos / 15.0% Bolsa),315.6815,25520000.0,25300000.0,2530000.0,327.2543,25080000.0,2552000.0,9.17e-06,0.0,229.91,229.91,211.52,6.3238,9.45,2983.37,14.54,13.38,-1.16,1.16,8.0
2025-05-01,HISTORICO,CBYC,CNIOR,CUNDINAMARCA,EEC - CUNDINAMARCA,8529287.5,7249894.38,1279393.13,85.0,15.0,Cubierta (85.0% Contratos / 15.0% Bolsa),315.6815,10440000.0,10350000.0,1035000.0,327.2543,10260000.0,1044000.0,9.17e-06,0.0,94.06,94.06,86.53,6.3238,3.87,1220.47,5.95,5.47,-0.48,0.48,8.0
2025-05-01,HISTORICO,CBYC,CNIOR,SANTANDER,ESSA - SANTANDER,8529287.5,7249894.38,1279393.13,85.0,15.0,Cubierta (85.0% Contratos / 15.0% Bolsa),315.6815,16240000.0,16100000.0,1610000.0,327.2543,15960000.0,1624000.0,9.17e-06,0.0,146.31,146.31,134.6,6.3238,6.01,1898.51,9.25,8.51,-0.74,0.74,8.0
2025-05-01,HISTORICO,CBYC,CNIOR,TOLIMA,ELET - TOLIMA,8529287.5,7249894.38,1279393.13,85.0,15.0,Cubierta (85.0% Contratos / 15.0% Bolsa),315.6815,8700000.0,8625000.0,862500.0,327.2543,8550000.0,870000.0,9.17e-06,0.0,78.38,78.38,72.11,6.3238,3.22,1017.06,4.96,4.56,-0.4,0.4,8.0
2025-05-01,HISTORICO,CBYC,CNIOR,VALLE,CVC - VALLE DEL CAUCA,8529287.5,7249894.38,1279393.13,85.0,15.0,Cubierta (85.0% Contratos / 15.0% Bolsa),315.6815,20880000.0,20700000.0,2070000.0,327.2543,20520000.0,2088000.0,9.17e-06,0.0,188.11,188.11,173.06,6.3238,7.73,2440.94,11.9,10.94,-0.95,0.95,8.0
2025-06-01,HISTORICO,CBYC,CNIOR,ANTIOQUIA,EPM - ANTIOQUIA,8580668.75,7293568.44,1287100.31,85.0,15.0,Cubierta (85.0% Contratos / 15.0% Bolsa),308.079,29250000.0,29000000.0,2900000.0,315.6815,28750000.0,2925000.0,9.5e-06,0.0,273.22,273.22,251.36,6.3238,11.23,3459.93,17.28,15.9,-1.38,1.38,8.0
2025-06-01,HISTORICO,CBYC,CNIOR,BOGOTA,ENEL - BOGOTA CUNDINAMARCA,8580668.75,7293568.44,1287100.31,85.0,15.0,Cubierta (85.0% Contratos / 15.0% Bolsa),308.079,40950000.0,40600000.0,4060000.0,315.6815,40250000.0,4095000.0,9.5e-06,0.0,382.51,382.51,351.91,6.3238,15.72,4843.9,24.19,22.25,-1.94,1.94,8.0
2025-06-01,HISTORICO,CBYC,CNIOR,CARIBE_MAR,AFINIA - CARIBE MAR,8580668.75,7293568.44,1287100.31,85.0,15.0,Cubierta (85.0% Contratos / 15.0% Bolsa),308.079,32760000.0,32480000.0,3248000.0,315.6815,32200000.0,3276000.0,9.5e-06,0.0,306.0,306.0,281.52,6.3238,12.58,3875.12,19.35,17.8,-1.55,1.55,8.0
2025-06-01,HISTORICO,CBYC,CNIOR,CARIBE_SOL,AIR-E - CARIBE SOL,8580668.75,7293568.44,1287100.31,85.0,15.0,Cubierta (85.0% Contratos / 15.0% Bolsa),308.079,25740000.0,25520000.0,2552000.0,315.6815,25300000.0,2574000.0,9.5e-06,0.0,240.43,240.43,221.2,6.3238,9.88,3044.73,15.2,13.99,-1.22,1.22,8.0
2025-06-01,HISTORICO,CBYC,CNIOR,CUNDINAMARCA,EEC - CUNDINAMARCA,8580668.75,7293568.44,1287100.31,85.0,15.0,Cubierta (85.0% Contratos / 15.0% Bolsa),308.079,10530000.0,10440000.0,1044000.0,315.6815,10350000.0,1053000.0,9.5e-06,0.0,98.36,98.36,90.49,6.3238,4.04,1245.57,6.22,5.72,-0.5,0.5,8.0
2025-06-01,HISTORICO,CBYC,CNIOR,SANTANDER,ESSA - SANTANDER,8580668.75,7293568.44,1287100.31,85.0,15.0,Cubierta (85.0% Contratos / 15.0% Bolsa),308.079,16380000.0,16240000.0,1624000.0,315.6815,16100000.0,1638000.0,9.5e-06,0.0,153.0,153.0,140.76,6.3238,6.29,1937.56,9.68,8.9,-0.77,0.77,8.0
2025-06-01,HISTORICO,CBYC,CNIOR,TOLIMA,ELET - TOLIMA,8580668.75,7293568.44,1287100.31,85.0,15.0,Cubierta (85.0% Contratos / 15.0% Bolsa),308.079,8775000.0,8700000.0,870000.0,315.6815,8625000.0,877500.0,9.5e-06,0.0,81.97,81.97,75.41,6.3238,3.37,1037.98,5.18,4.77,-0.41,0.41,8.0
2025-06-01,HISTORICO,CBYC,CNIOR,VALLE,CVC - VALLE DEL CAUCA,8580668.75,7293568.44,1287100.31,85.0,15.0,Cubierta (85.0% Contratos / 15.0% Bolsa),308.079,21060000.0,20880000.0,2088000.0,315.6815,20700000.0,2106000.0,9.5e-06,0.0,196.72,196.72,180.98,6.3238,8.09,2491.15,12.44,11.44,-1.0,1.0,8.0
2025-07-01,HISTORICO,CBYC,CNIOR,ANTIOQUIA,EPM - ANTIOQUIA,8632050.0,7337242.5,1294807.5,85.0,15.0,Cubierta (85.0% Contratos / 15.0% Bolsa),313.7352,29500000.0,29250000.0,2925000.0,308.079,29000000.0,2950000.0,9.74e-06,0.0,282.4,282.4,259.8,6.3238,11.61,3641.79,17.86,16.43,-1.43,1.43,8.0
2025-07-01,HISTORICO,CBYC,CNIOR,BOGOTA,ENEL - BOGOTA CUNDINAMARCA,8632050.0,7337242.5,1294807.5,85.0,15.0,Cubierta (85.0% Contratos / 15.0% Bolsa),313.7352,41300000.0,40950000.0,4095000.0,308.079,40600000.0,4130000.0,9.74e-06,0.0,395.35,395.35,363.72,6.3238,16.25,5098.51,25.0,23.0,-2.0,2.0,8.0
2025-07-01,HISTORICO,CBYC,CNIOR,CARIBE_MAR,AFINIA - CARIBE MAR,8632050.0,7337242.5,1294807.5,85.0,15.0,Cubierta (85.0% Contratos / 15.0% Bolsa),313.7352,33040000.0,32760000.0,3276000.0,308.079,32480000.0,3304000.0,9.74e-06,0.0,316.28,316.28,290.98,6.3238,13.0,4078.81,20.0,18.4,-1.6,1.6,8.0
2025-07-01,HISTORICO,CBYC,CNIOR,CARIBE_SOL,AIR-E - CARIBE SOL,8632050.0,7337242.5,1294807.5,85.0,15.0,Cubierta (85.0% Contratos / 15.0% Bolsa),313.7352,25960000.0,25740000.0,2574000.0,308.079,25520000.0,2596000.0,9.74e-06,0.0,248.51,248.51,228.63,6.3238,10.21,3204.78,15.72,14.46,-1.26,1.26,8.0
2025-07-01,HISTORICO,CBYC,CNIOR,CUNDINAMARCA,EEC - CUNDINAMARCA,8632050.0,7337242.5,1294807.5,85.0,15.0,Cubierta (85.0% Contratos / 15.0% Bolsa),313.7352,10620000.0,10530000.0,1053000.0,308.079,10440000.0,1062000.0,9.74e-06,0.0,101.66,101.66,93.53,6.3238,4.18,1311.04,6.43,5.91,-0.51,0.51,8.0
2025-07-01,HISTORICO,CBYC,CNIOR,SANTANDER,ESSA - SANTANDER,8632050.0,7337242.5,1294807.5,85.0,15.0,Cubierta (85.0% Contratos / 15.0% Bolsa),313.7352,16520000.0,16380000.0,1638000.0,308.079,16240000.0,1652000.0,9.74e-06,0.0,158.14,158.14,145.49,6.3238,6.5,2039.4,10.0,9.2,-0.8,0.8,8.0
2025-07-01,HISTORICO,CBYC,CNIOR,TOLIMA,ELET - TOLIMA,8632050.0,7337242.5,1294807.5,85.0,15.0,Cubierta (85.0% Contratos / 15.0% Bolsa),313.7352,8850000.0,8775000.0,877500.0,308.079,8700000.0,885000.0,9.74e-06,0.0,84.72,84.72,77.94,6.3238,3.48,1092.54,5.36,4.93,-0.43,0.43,8.0
2025-07-01,HISTORICO,CBYC,CNIOR,VALLE,CVC - VALLE DEL CAUCA,8632050.0,7337242.5,1294807.5,85.0,15.0,Cubierta (85.0% Contratos / 15.0% Bolsa),313.7352,21240000.0,21060000.0,2106000.0,308.079,20880000.0,2124000.0,9.74e-06,0.0,203.32,203.32,187.06,6.3238,8.36,2622.09,12.86,11.83,-1.03,1.03,8.0
2025-08-01,HISTORICO,CBYC,CNIOR,ANTIOQUIA,EPM - ANTIOQUIA,8683431.25,7380916.56,1302514.69,85.0,15.0,Cubierta (85.0% Contratos / 15.0% Bolsa),329.7482,29750000.0,29500000.0,2950000.0,313.7352,29250000.0,2975000.0,9.56e-06,0.0,279.69,279.69,257.32,6.3238,11.5,3791.06,17.69,16.27,-1.41,1.41,8.0
2025-08-01,HISTORICO,CBYC,CNIOR,BOGOTA,ENEL - BOGOTA CUNDINAMARCA,8683431.25,7380916.56,1302514.69,85.0,15.0,Cubierta (85.0% Contratos / 15.0% Bolsa),329.7482,41650000.0,41300000.0,4130000.0,313.7352,40950000.0,4165000.0,9.56e-06,0.0,391.57,391.57,360.25,6.3238,16.1,5307.49,24.76,22.78,-1.98,1.98,8.0
2025-08-01,HISTORICO,CBYC,CNIOR,CARIBE_MAR,AFINIA - CARIBE MAR,8683431.25,7380916.56,1302514.69,85.0,15.0,Cubierta (85.0% Contratos / 15.0% Bolsa),329.7482,33320000.0,33040000.0,3304000.0,313.7352,32760000.0,3332000.0,9.56e-06,0.0,313.26,313.26,288.2,6.3238,12.88,4245.99,19.81,18.23,-1.58,1.58,8.0
2025-08-01,HISTORICO,CBYC,CNIOR,CARIBE_SOL,AIR-E - CARIBE SOL,8683431.25,7380916.56,1302514.69,85.0,15.0,Cubierta (85.0% Contratos / 15.0% Bolsa),329.7482,26180000.0,25960000.0,2596000.0,313.7352,25740000.0,2618000.0,9.56e-06,0.0,246.13,246.13,226.44,6.3238,10.12,3336.14,15.56,14.32,-1.25,1.25,8.0
2025-08-01,HISTORICO,CBYC,CNIOR,CUNDINAMARCA,EEC - CUNDINAMARCA,8683431.25,7380916.56,1302514.69,85.0,15.0,Cubierta (85.0% Contratos / 15.0% Bolsa),329.7482,10710000.0,10620000.0,1062000.0,313.7352,10530000.0,1071000.0,9.56e-06,0.0,100.69,100.69,92.63,6.3238,4.14,1364.78,6.37,5.86,-0.51,0.51,8.0
2025-08-01,HISTORICO,CBYC,CNIOR,SANTANDER,ESSA - SANTANDER,8683431.25,7380916.56,1302514.69,85.0,15.0,Cubierta (85.0% Contratos / 15.0% Bolsa),329.7482,16660000.0,16520000.0,1652000.0,313.7352,16380000.0,1666000.0,9.56e-06,0.0,156.63,156.63,144.1,6.3238,6.44,2123.0,9.9,9.11,-0.79,0.79,8.0
2025-08-01,HISTORICO,CBYC,CNIOR,TOLIMA,ELET - TOLIMA,8683431.25,7380916.56,1302514.69,85.0,15.0,Cubierta (85.0% Contratos / 15.0% Bolsa),329.7482,8925000.0,8850000.0,885000.0,313.7352,8775000.0,892500.0,9.56e-06,0.0,83.91,83.91,77.2,6.3238,3.45,1137.32,5.31,4.88,-0.42,0.42,8.0
2025-08-01,HISTORICO,CBYC,CNIOR,VALLE,CVC - VALLE DEL CAUCA,8683431.25,7380916.56,1302514.69,85.0,15.0,Cubierta (85.0% Contratos / 15.0% Bolsa),329.7482,21420000.0,21240000.0,2124000.0,313.7352,21060000.0,2142000.0,9.56e-06,0.0,201.38,201.38,185.27,6.3238,8.28,2729.57,12.73,11.72,-1.02,1.02,8.0
2025-09-01,HISTORICO,CBYC,CNIOR,ANTIOQUIA,EPM - ANTIOQUIA,8734812.5,7424590.62,1310221.88,85.0,15.0,Cubierta (85.0% Contratos / 15.0% Bolsa),343.6942,30000000.0,29750000.0,2975000.0,329.7482,29500000.0,3000000.0,9.1e-06,0.0,268.39,268.39,246.92,6.3238,11.03,3791.65,16.97,15.61,-1.36,1.36,8.0
2025-09-01,HISTORICO,CBYC,CNIOR,BOGOTA,ENEL - BOGOTA CUNDINAMARCA,8734812.5,7424590.62,1310221.88,85.0,15.0,Cubierta (85.0% Contratos / 15.0% Bolsa),343.6942,42000000.0,41650000.0,4165000.0,329.7482,41300000.0,4200000.0,9.1e-06,0.0,375.74,375.74,345.68,6.3238,15.44,5308.3,23.76,21.86,-1.9,1.9,8.0
2025-09-01,HISTORICO,CBYC,CNIOR,CARIBE_MAR,AFINIA - CARIBE MAR,8734812.5,7424590.62,1310221.88,85.0,15.0,Cubierta (85.0% Contratos / 15.0% Bolsa),343.6942,33600000.0,33320000.0,3332000.0,329.7482,33040000.0,3360000.0,9.1e-06,0.0,300.59,300.59,276.55,6.3238,12.36,4246.64,19.01,17.49,-1.52,1.52,8.0
2025-09-01,HISTORICO,CBYC,CNIOR,CARIBE_SOL,AIR-E - CARIBE SOL,8734812.5,7424590.62,1310221.88,85.0,15.0,Cubierta (85.0% Contratos / 15.0% Bolsa),343.6942,26400000.0,26180000.0,2618000.0,329.7482,25960000.0,2640000.0,9.1e-06,0.0,236.18,236.18,217.29,6.3238,9.71,3336.65,14.94,13.74,-1.19,1.19,8.0
2025-09-01,HISTORICO,CBYC,CNIOR,CUNDINAMARCA,EEC - CUNDINAMARCA,8734812.5,7424590.62,1310221.88,85.0,15.0,Cubierta (85.0% Contratos / 15.0% Bolsa),343.6942,10800000.0,10710000.0,1071000.0,329.7482,10620000.0,1080000.0,9.1e-06,0.0,96.62,96.62,88.89,6.3238,3.97,1364.99,6.11,5.62,-0.49,0.49,8.0
2025-09-01,HISTORICO,CBYC,CNIOR,SANTANDER,ESSA - SANTANDER,8734812.5,7424590.62,1310221.88,85.0,15.0,Cubierta (85.0% Contratos / 15.0% Bolsa),343.6942,16800000.0,16660000.0,1666000.0,329.7482,16520000.0,1680000.0,9.1e-06,0.0,150.3,150.3,138.27,6.3238,6.18,2123.32,9.5,8.74,-0.76,0.76,8.0
2025-09-01,HISTORICO,CBYC,CNIOR,TOLIMA,ELET - TOLIMA,8734812.5,7424590.62,1310221.88,85.0,15.0,Cubierta (85.0% Contratos / 15.0% Bolsa),343.6942,9000000.0,8925000.0,892500.0,329.7482,8850000.0,900000.0,9.1e-06,0.0,80.52,80.52,74.07,6.3238,3.31,1137.49,5.09,4.68,-0.41,0.41,8.0
2025-09-01,HISTORICO,CBYC,CNIOR,VALLE,CVC - VALLE DEL CAUCA,8734812.5,7424590.62,1310221.88,85.0,15.0,Cubierta (85.0% Contratos / 15.0% Bolsa),343.6942,21600000.0,21420000.0,2142000.0,329.7482,21240000.0,2160000.0,9.1e-06,0.0,193.24,193.24,177.78,6.3238,7.94,2729.98,12.22,11.24,-0.98,0.98,8.0
2025-10-01,HISTORICO,CBYC,CNIOR,ANTIOQUIA,EPM - ANTIOQUIA,8786193.75,7468264.69,1317929.06,85.0,15.0,Cubierta (85.0% Contratos / 15.0% Bolsa),345.0498,30250000.0,30000000.0,3000000.0,343.6942,29750000.0,3025000.0,8.73e-06,0.0,259.68,259.68,238.9,6.3238,10.67,3683.09,16.42,15.11,-1.31,1.31,8.0
2025-10-01,HISTORICO,CBYC,CNIOR,BOGOTA,ENEL - BOGOTA CUNDINAMARCA,8786193.75,7468264.69,1317929.06,85.0,15.0,Cubierta (85.0% Contratos / 15.0% Bolsa),345.0498,42350000.0,42000000.0,4200000.0,343.6942,41650000.0,4235000.0,8.73e-06,0.0,363.55,363.55,334.47,6.3238,14.94,5156.33,22.99,21.15,-1.84,1.84,8.0
2025-10-01,HISTORICO,CBYC,CNIOR,CARIBE_MAR,AFINIA - CARIBE MAR,8786193.75,7468264.69,1317929.06,85.0,15.0,Cubierta (85.0% Contratos / 15.0% Bolsa),345.0498,33880000.0,33600000.0,3360000.0,343.6942,33320000.0,3388000.0,8.73e-06,0.0,290.84,290.84,267.57,6.3238,11.95,4125.06,18.39,16.92,-1.47,1.47,8.0
2025-10-01,HISTORICO,CBYC,CNIOR,CARIBE_SOL,AIR-E - CARIBE SOL,8786193.75,7468264.69,1317929.06,85.0,15.0,Cubierta (85.0% Contratos / 15.0% Bolsa),345.0498,26620000.0,26400000.0,2640000.0,343.6942,26180000.0,2662000.0,8.73e-06,0.0,228.52,228.52,210.24,6.3238,9.39,3241.12,14.45,13.29,-1.16,1.16,8.0
2025-10-01,HISTORICO,CBYC,CNIOR,CUNDINAMARCA,EEC - CUNDINAMARCA,8786193.75,7468264.69,1317929.06,85.0,15.0,Cubierta (85.0% Contratos / 15.0% Bolsa),345.0498,10890000.0,10800000.0,1080000.0,343.6942,10710000.0,1089000.0,8.73e-06,0.0,93.48,93.48,86.01,6.3238,3.84,1325.91,5.91,5.44,-0.47,0.47,8.0
2025-10-01,HISTORICO,CBYC,CNIOR,SANTANDER,ESSA - SANTANDER,8786193.75,7468264.69,1317929.06,85.0,15.0,Cubierta (85.0% Contratos / 15.0% Bolsa),345.0498,16940000.0,16800000.0,1680000.0,343.6942,16660000.0,1694000.0,8.73e-06,0.0,145.42,145.42,133.79,6.3238,5.98,2062.53,9.2,8.46,-0.74,0.74,8.0
2025-10-01,HISTORICO,CBYC,CNIOR,TOLIMA,ELET - TOLIMA,8786193.75,7468264.69,1317929.06,85.0,15.0,Cubierta (85.0% Contratos / 15.0% Bolsa),345.0498,9075000.0,9000000.0,900000.0,343.6942,8925000.0,907500.0,8.73e-06,0.0,77.9,77.9,71.67,6.3238,3.2,1104.93,4.93,4.53,-0.39,0.39,8.0
2025-10-01,HISTORICO,CBYC,CNIOR,VALLE,CVC - VALLE DEL CAUCA,8786193.75,7468264.69,1317929.06,85.0,15.0,Cubierta (85.0% Contratos / 15.0% Bolsa),345.0498,21780000.0,21600000.0,2160000.0,343.6942,21420000.0,2178000.0,8.73e-06,0.0,186.97,186.97,172.01,6.3238,7.69,2651.83,11.82,10.88,-0.95,0.95,8.0
2025-11-01,HISTORICO,CBYC,CNIOR,ANTIOQUIA,EPM - ANTIOQUIA,8837575.0,7511938.75,1325636.25,85.0,15.0,Cubierta (85.0% Contratos / 15.0% Bolsa),334.8672,30500000.0,30250000.0,3025000.0,345.0498,30000000.0,3050000.0,8.69e-06,0.0,260.83,260.83,239.97,6.3238,10.72,3590.28,16.49,15.18,-1.32,1.32,8.0
2025-11-01,HISTORICO,CBYC,CNIOR,BOGOTA,ENEL - BOGOTA CUNDINAMARCA,8837575.0,7511938.75,1325636.25,85.0,15.0,Cubierta (85.0% Contratos / 15.0% Bolsa),334.8672,42700000.0,42350000.0,4235000.0,345.0498,42000000.0,4270000.0,8.69e-06,0.0,365.16,365.16,335.95,6.3238,15.01,5026.39,23.09,21.25,-1.85,1.85,8.0
2025-11-01,HISTORICO,CBYC,CNIOR,CARIBE_MAR,AFINIA - CARIBE MAR,8837575.0,7511938.75,1325636.25,85.0,15.0,Cubierta (85.0% Contratos / 15.0% Bolsa),334.8672,34160000.0,33880000.0,3388000.0,345.0498,33600000.0,3416000.0,8.69e-06,0.0,292.13,292.13,268.76,6.3238,12.01,4021.11,18.47,17.0,-1.48,1.48,8.0
2025-11-01,HISTORICO,CBYC,CNIOR,CARIBE_SOL,AIR-E - CARIBE SOL,8837575.0,7511938.75,1325636.25,85.0,15.0,Cubierta (85.0% Contratos / 15.0% Bolsa),334.8672,26840000.0,26620000.0,2662000.0,345.0498,26400000.0,2684000.0,8.69e-06,0.0,229.53,229.53,211.17,6.3238,9.43,3159.44,14.52,13.35,-1.16,1.16,8.0
2025-11-01,HISTORICO,CBYC,CNIOR,CUNDINAMARCA,EEC - CUNDINAMARCA,8837575.0,7511938.75,1325636.25,85.0,15.0,Cubierta (85.0% Contratos / 15.0% Bolsa),334.8672,10980000.0,10890000.0,1089000.0,345.0498,10800000.0,1098000.0,8.69e-06,0.0,93.9,93.9,86.39,6.3238,3.86,1292.5,5.94,5.46,-0.48,0.48,8.0
2025-11-01,HISTORICO,CBYC,CNIOR,SANTANDER,ESSA - SANTANDER,8837575.0,7511938.75,1325636.25,85.0,15.0,Cubierta (85.0% Contratos / 15.0% Bolsa),334.8672,17080000.0,16940000.0,1694000.0,345.0498,16800000.0,1708000.0,8.69e-06,0.0,146.07,146.07,134.38,6.3238,6.0,2010.56,9.24,8.5,-0.74,0.74,8.0
2025-11-01,HISTORICO,CBYC,CNIOR,TOLIMA,ELET - TOLIMA,8837575.0,7511938.75,1325636.25,85.0,15.0,Cubierta (85.0% Contratos / 15.0% Bolsa),334.8672,9150000.0,9075000.0,907500.0,345.0498,9000000.0,915000.0,8.69e-06,0.0,78.25,78.25,71.99,6.3238,3.22,1077.08,4.95,4.55,-0.4,0.4,8.0
2025-11-01,HISTORICO,CBYC,CNIOR,VALLE,CVC - VALLE DEL CAUCA,8837575.0,7511938.75,1325636.25,85.0,15.0,Cubierta (85.0% Contratos / 15.0% Bolsa),334.8672,21960000.0,21780000.0,2178000.0,345.0498,21600000.0,2196000.0,8.69e-06,0.0,187.8,187.8,172.78,6.3238,7.72,2585.0,11.88,10.93,-0.95,0.95,8.0
2025-12-01,HISTORICO,CBYC,CNIOR,ANTIOQUIA,EPM - ANTIOQUIA,8888956.25,7555612.81,1333343.44,85.0,15.0,Cubierta (85.0% Contratos / 15.0% Bolsa),324.8067,30750000.0,30500000.0,3050000.0,334.8672,30250000.0,3075000.0,8.96e-06,0.0,271.0,271.0,249.32,6.3238,11.14,3618.21,17.14,15.77,-1.37,1.37,8.0
2025-12-01,HISTORICO,CBYC,CNIOR,BOGOTA,ENEL - BOGOTA CUNDINAMARCA,8888956.25,7555612.81,1333343.44,85.0,15.0,Cubierta (85.0% Contratos / 15.0% Bolsa),324.8067,43050000.0,42700000.0,4270000.0,334.8672,42350000.0,4305000.0,8.96e-06,0.0,379.4,379.4,349.05,6.3238,15.6,5065.49,23.99,22.07,-1.92,1.92,8.0
2025-12-01,HISTORICO,CBYC,CNIOR,CARIBE_MAR,AFINIA - CARIBE MAR,8888956.25,7555612.81,1333343.44,85.0,15.0,Cubierta (85.0% Contratos / 15.0% Bolsa),324.8067,34440000.0,34160000.0,3416000.0,334.8672,33880000.0,3444000.0,8.96e-06,0.0,303.52,303.52,279.24,6.3238,12.48,4052.39,19.19,17.66,-1.54,1.54,8.0
2025-12-01,HISTORICO,CBYC,CNIOR,CARIBE_SOL,AIR-E - CARIBE SOL,8888956.25,7555612.81,1333343.44,85.0,15.0,Cubierta (85.0% Contratos / 15.0% Bolsa),324.8067,27060000.0,26840000.0,2684000.0,334.8672,26620000.0,2706000.0,8.96e-06,0.0,238.48,238.48,219.4,6.3238,9.8,3184.02,15.08,13.87,-1.21,1.21,8.0
2025-12-01,HISTORICO,CBYC,CNIOR,CUNDINAMARCA,EEC - CUNDINAMARCA,8888956.25,7555612.81,1333343.44,85.0,15.0,Cubierta (85.0% Contratos / 15.0% Bolsa),324.8067,11070000.0,10980000.0,1098000.0,334.8672,10890000.0,1107000.0,8.96e-06,0.0,97.56,97.56,89.76,6.3238,4.01,1302.56,6.17,5.68,-0.49,0.49,8.0
2025-12-01,HISTORICO,CBYC,CNIOR,SANTANDER,ESSA - SANTANDER,8888956.25,7555612.81,1333343.44,85.0,15.0,Cubierta (85.0% Contratos / 15.0% Bolsa),324.8067,17220000.0,17080000.0,1708000.0,334.8672,16940000.0,1722000.0,8.96e-06,0.0,151.76,151.76,139.62,6.3238,6.24,2026.2,9.6,8.83,-0.77,0.77,8.0
2025-12-01,HISTORICO,CBYC,CNIOR,TOLIMA,ELET - TOLIMA,8888956.25,7555612.81,1333343.44,85.0,15.0,Cubierta (85.0% Contratos / 15.0% Bolsa),324.8067,9225000.0,9150000.0,915000.0,334.8672,9075000.0,922500.0,8.96e-06,0.0,81.3,81.3,74.8,6.3238,3.34,1085.46,5.14,4.73,-0.41,0.41,8.0
2025-12-01,HISTORICO,CBYC,CNIOR,VALLE,CVC - VALLE DEL CAUCA,8888956.25,7555612.81,1333343.44,85.0,15.0,Cubierta (85.0% Contratos / 15.0% Bolsa),324.8067,22140000.0,21960000.0,2196000.0,334.8672,21780000.0,2214000.0,8.96e-06,0.0,195.12,195.12,179.51,6.3238,8.02,2605.11,12.34,11.35,-0.99,0.99,8.0
2026-01-01,HISTORICO,CBYC,CNIOR,ANTIOQUIA,EPM - ANTIOQUIA,8940337.5,7599286.88,1341050.63,85.0,15.0,Cubierta (85.0% Contratos / 15.0% Bolsa),326.4163,31000000.0,30750000.0,3075000.0,324.8067,30500000.0,3100000.0,9.24e-06,0.0,281.71,281.71,259.17,6.3238,11.58,3779.75,17.81,16.39,-1.43,1.43,8.0
2026-01-01,HISTORICO,CBYC,CNIOR,BOGOTA,ENEL - BOGOTA CUNDINAMARCA,8940337.5,7599286.88,1341050.63,85.0,15.0,Cubierta (85.0% Contratos / 15.0% Bolsa),326.4163,43400000.0,43050000.0,4305000.0,324.8067,42700000.0,4340000.0,9.24e-06,0.0,394.39,394.39,362.84,6.3238,16.21,5291.64,24.94,22.95,-2.0,2.0,8.0
2026-01-01,HISTORICO,CBYC,CNIOR,CARIBE_MAR,AFINIA - CARIBE MAR,8940337.5,7599286.88,1341050.63,85.0,15.0,Cubierta (85.0% Contratos / 15.0% Bolsa),326.4163,34720000.0,34440000.0,3444000.0,324.8067,34160000.0,3472000.0,9.24e-06,0.0,315.51,315.51,290.27,6.3238,12.97,4233.32,19.95,18.36,-1.6,1.6,8.0
2026-01-01,HISTORICO,CBYC,CNIOR,CARIBE_SOL,AIR-E - CARIBE SOL,8940337.5,7599286.88,1341050.63,85.0,15.0,Cubierta (85.0% Contratos / 15.0% Bolsa),326.4163,27280000.0,27060000.0,2706000.0,324.8067,26840000.0,2728000.0,9.24e-06,0.0,247.9,247.9,228.07,6.3238,10.19,3326.18,15.68,14.42,-1.25,1.25,8.0
2026-01-01,HISTORICO,CBYC,CNIOR,CUNDINAMARCA,EEC - CUNDINAMARCA,8940337.5,7599286.88,1341050.63,85.0,15.0,Cubierta (85.0% Contratos / 15.0% Bolsa),326.4163,11160000.0,11070000.0,1107000.0,324.8067,10980000.0,1116000.0,9.24e-06,0.0,101.41,101.41,93.3,6.3238,4.17,1360.71,6.41,5.9,-0.51,0.51,8.0
2026-01-01,HISTORICO,CBYC,CNIOR,SANTANDER,ESSA - SANTANDER,8940337.5,7599286.88,1341050.63,85.0,15.0,Cubierta (85.0% Contratos / 15.0% Bolsa),326.4163,17360000.0,17220000.0,1722000.0,324.8067,17080000.0,1736000.0,9.24e-06,0.0,157.76,157.76,145.13,6.3238,6.48,2116.66,9.98,9.18,-0.8,0.8,8.0
2026-01-01,HISTORICO,CBYC,CNIOR,TOLIMA,ELET - TOLIMA,8940337.5,7599286.88,1341050.63,85.0,15.0,Cubierta (85.0% Contratos / 15.0% Bolsa),326.4163,9300000.0,9225000.0,922500.0,324.8067,9150000.0,930000.0,9.24e-06,0.0,84.51,84.51,77.75,6.3238,3.47,1133.92,5.34,4.92,-0.43,0.43,8.0
2026-01-01,HISTORICO,CBYC,CNIOR,VALLE,CVC - VALLE DEL CAUCA,8940337.5,7599286.88,1341050.63,85.0,15.0,Cubierta (85.0% Contratos / 15.0% Bolsa),326.4163,22320000.0,22140000.0,2214000.0,324.8067,21960000.0,2232000.0,9.24e-06,0.0,202.83,202.83,186.6,6.3238,8.34,2721.42,12.83,11.8,-1.03,1.03,8.0
2026-02-01,HISTORICO,CBYC,CNIOR,ANTIOQUIA,EPM - ANTIOQUIA,8991718.75,7642960.94,1348757.81,85.0,15.0,Cubierta (85.0% Contratos / 15.0% Bolsa),340.5147,31250000.0,31000000.0,3100000.0,326.4163,30750000.0,3125000.0,9.19e-06,0.0,282.61,282.61,260.01,6.3238,11.62,3955.72,17.87,16.44,-1.43,1.43,8.0
2026-02-01,HISTORICO,CBYC,CNIOR,BOGOTA,ENEL - BOGOTA CUNDINAMARCA,8991718.75,7642960.94,1348757.81,85.0,15.0,Cubierta (85.0% Contratos / 15.0% Bolsa),340.5147,43750000.0,43400000.0,4340000.0,326.4163,43050000.0,4375000.0,9.19e-06,0.0,395.66,395.66,364.01,6.3238,16.26,5538.0,25.02,23.02,-2.0,2.0,8.0
2026-02-01,HISTORICO,CBYC,CNIOR,CARIBE_MAR,AFINIA - CARIBE MAR,8991718.75,7642960.94,1348757.81,85.0,15.0,Cubierta (85.0% Contratos / 15.0% Bolsa),340.5147,35000000.0,34720000.0,3472000.0,326.4163,34440000.0,3500000.0,9.19e-06,0.0,316.53,316.53,291.21,6.3238,13.01,4430.4,20.02,18.42,-1.6,1.6,8.0
2026-02-01,HISTORICO,CBYC,CNIOR,CARIBE_SOL,AIR-E - CARIBE SOL,8991718.75,7642960.94,1348757.81,85.0,15.0,Cubierta (85.0% Contratos / 15.0% Bolsa),340.5147,27500000.0,27280000.0,2728000.0,326.4163,27060000.0,2750000.0,9.19e-06,0.0,248.7,248.7,228.8,6.3238,10.22,3481.03,15.73,14.47,-1.26,1.26,8.0
2026-02-01,HISTORICO,CBYC,CNIOR,CUNDINAMARCA,EEC - CUNDINAMARCA,8991718.75,7642960.94,1348757.81,85.0,15.0,Cubierta (85.0% Contratos / 15.0% Bolsa),340.5147,11250000.0,11160000.0,1116000.0,326.4163,11070000.0,1125000.0,9.19e-06,0.0,101.74,101.74,93.6,6.3238,4.18,1424.06,6.43,5.92,-0.51,0.51,8.0
2026-02-01,HISTORICO,CBYC,CNIOR,SANTANDER,ESSA - SANTANDER,8991718.75,7642960.94,1348757.81,85.0,15.0,Cubierta (85.0% Contratos / 15.0% Bolsa),340.5147,17500000.0,17360000.0,1736000.0,326.4163,17220000.0,1750000.0,9.19e-06,0.0,158.26,158.26,145.6,6.3238,6.51,2215.2,10.01,9.21,-0.8,0.8,8.0
2026-02-01,HISTORICO,CBYC,CNIOR,TOLIMA,ELET - TOLIMA,8991718.75,7642960.94,1348757.81,85.0,15.0,Cubierta (85.0% Contratos / 15.0% Bolsa),340.5147,9375000.0,9300000.0,930000.0,326.4163,9225000.0,937500.0,9.19e-06,0.0,84.78,84.78,78.0,6.3238,3.49,1186.71,5.36,4.93,-0.43,0.43,8.0
2026-02-01,HISTORICO,CBYC,CNIOR,VALLE,CVC - VALLE DEL CAUCA,8991718.75,7642960.94,1348757.81,85.0,15.0,Cubierta (85.0% Contratos / 15.0% Bolsa),340.5147,22500000.0,22320000.0,2232000.0,326.4163,22140000.0,2250000.0,9.19e-06,0.0,203.48,203.48,187.2,6.3238,8.36,2848.12,12.87,11.84,-1.03,1.03,8.0
2026-03-01,HISTORICO,CBYC,CNIOR,ANTIOQUIA,EPM - ANTIOQUIA,9043100.0,7686635.0,1356465.0,85.0,15.0,Cubierta (85.0% Contratos / 15.0% Bolsa),356.4384,31500000.0,31250000.0,3125000.0,340.5147,31000000.0,3150000.0,8.81e-06,0.0,273.12,273.12,251.27,6.3238,11.23,4001.53,17.27,15.89,-1.38,1.38,8.0
2026-03-01,HISTORICO,CBYC,CNIOR,BOGOTA,ENEL - BOGOTA CUNDINAMARCA,9043100.0,7686635.0,1356465.0,85.0,15.0,Cubierta (85.0% Contratos / 15.0% Bolsa),356.4384,44100000.0,43750000.0,4375000.0,340.5147,43400000.0,4410000.0,8.81e-06,0.0,382.36,382.36,351.77,6.3238,15.72,5602.14,24.18,22.25,-1.93,1.93,8.0
2026-03-01,HISTORICO,CBYC,CNIOR,CARIBE_MAR,AFINIA - CARIBE MAR,9043100.0,7686635.0,1356465.0,85.0,15.0,Cubierta (85.0% Contratos / 15.0% Bolsa),356.4384,35280000.0,35000000.0,3500000.0,340.5147,34720000.0,3528000.0,8.81e-06,0.0,305.89,305.89,281.42,6.3238,12.57,4481.72,19.34,17.8,-1.55,1.55,8.0
2026-03-01,HISTORICO,CBYC,CNIOR,CARIBE_SOL,AIR-E - CARIBE SOL,9043100.0,7686635.0,1356465.0,85.0,15.0,Cubierta (85.0% Contratos / 15.0% Bolsa),356.4384,27720000.0,27500000.0,2750000.0,340.5147,27280000.0,2772000.0,8.81e-06,0.0,240.34,240.34,221.11,6.3238,9.88,3521.35,15.2,13.98,-1.22,1.22,8.0
2026-03-01,HISTORICO,CBYC,CNIOR,CUNDINAMARCA,EEC - CUNDINAMARCA,9043100.0,7686635.0,1356465.0,85.0,15.0,Cubierta (85.0% Contratos / 15.0% Bolsa),356.4384,11340000.0,11250000.0,1125000.0,340.5147,11160000.0,1134000.0,8.81e-06,0.0,98.32,98.32,90.46,6.3238,4.04,1440.55,6.22,5.72,-0.5,0.5,8.0
2026-03-01,HISTORICO,CBYC,CNIOR,SANTANDER,ESSA - SANTANDER,9043100.0,7686635.0,1356465.0,85.0,15.0,Cubierta (85.0% Contratos / 15.0% Bolsa),356.4384,17640000.0,17500000.0,1750000.0,340.5147,17360000.0,1764000.0,8.81e-06,0.0,152.94,152.94,140.71,6.3238,6.29,2240.86,9.67,8.9,-0.77,0.77,8.0
2026-03-01,HISTORICO,CBYC,CNIOR,TOLIMA,ELET - TOLIMA,9043100.0,7686635.0,1356465.0,85.0,15.0,Cubierta (85.0% Contratos / 15.0% Bolsa),356.4384,9450000.0,9375000.0,937500.0,340.5147,9300000.0,945000.0,8.81e-06,0.0,81.93,81.93,75.38,6.3238,3.37,1200.46,5.18,4.77,-0.41,0.41,8.0
2026-03-01,HISTORICO,CBYC,CNIOR,VALLE,CVC - VALLE DEL CAUCA,9043100.0,7686635.0,1356465.0,85.0,15.0,Cubierta (85.0% Contratos / 15.0% Bolsa),356.4384,22680000.0,22500000.0,2250000.0,340.5147,22320000.0,2268000.0,8.81e-06,0.0,196.64,196.64,180.91,6.3238,8.08,2881.1,12.44,11.44,-0.99,0.99,8.0
2026-04-01,HISTORICO,CBYC,CNIOR,ANTIOQUIA,EPM - ANTIOQUIA,9094481.25,7730309.06,1364172.19,85.0,15.0,Cubierta (85.0% Contratos / 15.0% Bolsa),361.8456,31750000.0,31500000.0,3150000.0,356.4384,31250000.0,3175000.0,8.42e-06,0.0,263.02,263.02,241.98,6.3238,10.81,3912.05,16.63,15.3,-1.33,1.33,8.0
2026-04-01,HISTORICO,CBYC,CNIOR,BOGOTA,ENEL - BOGOTA CUNDINAMARCA,9094481.25,7730309.06,1364172.19,85.0,15.0,Cubierta (85.0% Contratos / 15.0% Bolsa),361.8456,44450000.0,44100000.0,4410000.0,356.4384,43750000.0,4445000.0,8.42e-06,0.0,368.23,368.23,338.77,6.3238,15.14,5476.87,23.29,21.42,-1.86,1.86,8.0
2026-04-01,HISTORICO,CBYC,CNIOR,CARIBE_MAR,AFINIA - CARIBE MAR,9094481.25,7730309.06,1364172.19,85.0,15.0,Cubierta (85.0% Contratos / 15.0% Bolsa),361.8456,35560000.0,35280000.0,3528000.0,356.4384,35000000.0,3556000.0,8.42e-06,0.0,294.58,294.58,271.01,6.3238,12.11,4381.5,18.63,17.14,-1.49,1.49,8.0
2026-04-01,HISTORICO,CBYC,CNIOR,CARIBE_SOL,AIR-E - CARIBE SOL,9094481.25,7730309.06,1364172.19,85.0,15.0,Cubierta (85.0% Contratos / 15.0% Bolsa),361.8456,27940000.0,27720000.0,2772000.0,356.4384,27500000.0,2794000.0,8.42e-06,0.0,231.46,231.46,212.94,6.3238,9.51,3442.61,14.64,13.47,-1.17,1.17,8.0
2026-04-01,HISTORICO,CBYC,CNIOR,CUNDINAMARCA,EEC - CUNDINAMARCA,9094481.25,7730309.06,1364172.19,85.0,15.0,Cubierta (85.0% Contratos / 15.0% Bolsa),361.8456,11430000.0,11340000.0,1134000.0,356.4384,11250000.0,1143000.0,8.42e-06,0.0,94.69,94.69,87.11,6.3238,3.89,1408.34,5.99,5.51,-0.48,0.48,8.0
2026-04-01,HISTORICO,CBYC,CNIOR,SANTANDER,ESSA - SANTANDER,9094481.25,7730309.06,1364172.19,85.0,15.0,Cubierta (85.0% Contratos / 15.0% Bolsa),361.8456,17780000.0,17640000.0,1764000.0,356.4384,17500000.0,1778000.0,8.42e-06,0.0,147.29,147.29,135.51,6.3238,6.05,2190.75,9.31,8.57,-0.75,0.75,8.0
2026-04-01,HISTORICO,CBYC,CNIOR,TOLIMA,ELET - TOLIMA,9094481.25,7730309.06,1364172.19,85.0,15.0,Cubierta (85.0% Contratos / 15.0% Bolsa),361.8456,9525000.0,9450000.0,945000.0,356.4384,9375000.0,952500.0,8.42e-06,0.0,78.91,78.91,72.59,6.3238,3.24,1173.62,4.99,4.59,-0.4,0.4,8.0
2026-04-01,HISTORICO,CBYC,CNIOR,VALLE,CVC - VALLE DEL CAUCA,9094481.25,7730309.06,1364172.19,85.0,15.0,Cubierta (85.0% Contratos / 15.0% Bolsa),361.8456,22860000.0,22680000.0,2268000.0,356.4384,22500000.0,2286000.0,8.42e-06,0.0,189.37,189.37,174.22,6.3238,7.78,2816.68,11.98,11.02,-0.96,0.96,8.0
2026-05-01,HISTORICO,CBYC,CNIOR,ANTIOQUIA,EPM - ANTIOQUIA,9145862.5,7773983.12,1371879.38,85.0,15.0,Cubierta (85.0% Contratos / 15.0% Bolsa),354.0636,32000000.0,31750000.0,3175000.0,361.8456,31500000.0,3200000.0,8.29e-06,0.0,261.16,261.16,240.27,6.3238,10.74,3800.88,16.52,15.19,-1.32,1.32,8.0
2026-05-01,HISTORICO,CBYC,CNIOR,BOGOTA,ENEL - BOGOTA CUNDINAMARCA,9145862.5,7773983.12,1371879.38,85.0,15.0,Cubierta (85.0% Contratos / 15.0% Bolsa),354.0636,44800000.0,44450000.0,4445000.0,361.8456,44100000.0,4480000.0,8.29e-06,0.0,365.63,365.63,336.38,6.3238,15.03,5321.24,23.12,21.27,-1.85,1.85,8.0
2026-05-01,HISTORICO,CBYC,CNIOR,CARIBE_MAR,AFINIA - CARIBE MAR,9145862.5,7773983.12,1371879.38,85.0,15.0,Cubierta (85.0% Contratos / 15.0% Bolsa),354.0636,35840000.0,35560000.0,3556000.0,361.8456,35280000.0,3584000.0,8.29e-06,0.0,292.5,292.5,269.1,6.3238,12.02,4256.99,18.5,17.02,-1.48,1.48,8.0
2026-05-01,HISTORICO,CBYC,CNIOR,CARIBE_SOL,AIR-E - CARIBE SOL,9145862.5,7773983.12,1371879.38,85.0,15.0,Cubierta (85.0% Contratos / 15.0% Bolsa),354.0636,28160000.0,27940000.0,2794000.0,361.8456,27720000.0,2816000.0,8.29e-06,0.0,229.82,229.82,211.44,6.3238,9.45,3344.78,14.53,13.37,-1.16,1.16,8.0
2026-05-01,HISTORICO,CBYC,CNIOR,CUNDINAMARCA,EEC - CUNDINAMARCA,9145862.5,7773983.12,1371879.38,85.0,15.0,Cubierta (85.0% Contratos / 15.0% Bolsa),354.0636,11520000.0,11430000.0,1143000.0,361.8456,11340000.0,1152000.0,8.29e-06,0.0,94.02,94.02,86.5,6.3238,3.86,1368.32,5.95,5.47,-0.48,0.48,8.0
2026-05-01,HISTORICO,CBYC,CNIOR,SANTANDER,ESSA - SANTANDER,9145862.5,7773983.12,1371879.38,85.0,15.0,Cubierta (85.0% Contratos / 15.0% Bolsa),354.0636,17920000.0,17780000.0,1778000.0,361.8456,17640000.0,1792000.0,8.29e-06,0.0,146.25,146.25,134.55,6.3238,6.01,2128.49,9.25,8.51,-0.74,0.74,8.0
2026-05-01,HISTORICO,CBYC,CNIOR,TOLIMA,ELET - TOLIMA,9145862.5,7773983.12,1371879.38,85.0,15.0,Cubierta (85.0% Contratos / 15.0% Bolsa),354.0636,9600000.0,9525000.0,952500.0,361.8456,9450000.0,960000.0,8.29e-06,0.0,78.35,78.35,72.08,6.3238,3.22,1140.26,4.95,4.56,-0.4,0.4,8.0
2026-05-01,HISTORICO,CBYC,CNIOR,VALLE,CVC - VALLE DEL CAUCA,9145862.5,7773983.12,1371879.38,85.0,15.0,Cubierta (85.0% Contratos / 15.0% Bolsa),354.0636,23040000.0,22860000.0,2286000.0,361.8456,22680000.0,2304000.0,8.29e-06,0.0,188.04,188.04,172.99,6.3238,7.73,2736.64,11.89,10.94,-0.95,0.95,8.0
2026-06-01,HISTORICO,CBYC,CNIOR,ANTIOQUIA,EPM - ANTIOQUIA,9197243.75,7817657.19,1379586.56,85.0,15.0,Cubierta (85.0% Contratos / 15.0% Bolsa),342.5455,32250000.0,32000000.0,3200000.0,354.0636,31750000.0,3225000.0,8.47e-06,0.0,269.02,269.02,247.5,6.3238,11.06,3787.88,17.01,15.65,-1.36,1.36,8.0
2026-06-01,HISTORICO,CBYC,CNIOR,BOGOTA,ENEL - BOGOTA CUNDINAMARCA,9197243.75,7817657.19,1379586.56,85.0,15.0,Cubierta (85.0% Contratos / 15.0% Bolsa),342.5455,45150000.0,44800000.0,4480000.0,354.0636,44450000.0,4515000.0,8.47e-06,0.0,376.63,376.63,346.5,6.3238,15.48,5303.04,23.82,21.91,-1.91,1.91,8.0
2026-06-01,HISTORICO,CBYC,CNIOR,CARIBE_MAR,AFINIA - CARIBE MAR,9197243.75,7817657.19,1379586.56,85.0,15.0,Cubierta (85.0% Contratos / 15.0% Bolsa),342.5455,36120000.0,35840000.0,3584000.0,354.0636,35560000.0,3612000.0,8.47e-06,0.0,301.3,301.3,277.2,6.3238,12.39,4242.43,19.05,17.53,-1.52,1.52,8.0
2026-06-01,HISTORICO,CBYC,CNIOR,CARIBE_SOL,AIR-E - CARIBE SOL,9197243.75,7817657.19,1379586.56,85.0,15.0,Cubierta (85.0% Contratos / 15.0% Bolsa),342.5455,28380000.0,28160000.0,2816000.0,354.0636,27940000.0,2838000.0,8.47e-06,0.0,236.74,236.74,217.8,6.3238,9.73,3333.34,14.97,13.77,-1.2,1.2,8.0
2026-06-01,HISTORICO,CBYC,CNIOR,CUNDINAMARCA,EEC - CUNDINAMARCA,9197243.75,7817657.19,1379586.56,85.0,15.0,Cubierta (85.0% Contratos / 15.0% Bolsa),342.5455,11610000.0,11520000.0,1152000.0,354.0636,11430000.0,1161000.0,8.47e-06,0.0,96.85,96.85,89.1,6.3238,3.98,1363.64,6.12,5.63,-0.49,0.49,8.0
2026-06-01,HISTORICO,CBYC,CNIOR,SANTANDER,ESSA - SANTANDER,9197243.75,7817657.19,1379586.56,85.0,15.0,Cubierta (85.0% Contratos / 15.0% Bolsa),342.5455,18060000.0,17920000.0,1792000.0,354.0636,17780000.0,1806000.0,8.47e-06,0.0,150.65,150.65,138.6,6.3238,6.19,2121.21,9.53,8.76,-0.76,0.76,8.0
2026-06-01,HISTORICO,CBYC,CNIOR,TOLIMA,ELET - TOLIMA,9197243.75,7817657.19,1379586.56,85.0,15.0,Cubierta (85.0% Contratos / 15.0% Bolsa),342.5455,9675000.0,9600000.0,960000.0,354.0636,9525000.0,967500.0,8.47e-06,0.0,80.71,80.71,74.25,6.3238,3.32,1136.37,5.1,4.7,-0.41,0.41,8.0
2026-06-01,HISTORICO,CBYC,CNIOR,VALLE,CVC - VALLE DEL CAUCA,9197243.75,7817657.19,1379586.56,85.0,15.0,Cubierta (85.0% Contratos / 15.0% Bolsa),342.5455,23220000.0,23040000.0,2304000.0,354.0636,22860000.0,2322000.0,8.47e-06,0.0,193.69,193.69,178.2,6.3238,7.96,2727.28,12.25,11.27,-0.98,0.98,8.0
2026-07-01,HISTORICO,CBYC,CNIOR,ANTIOQUIA,EPM - ANTIOQUIA,9248625.0,7861331.25,1387293.75,85.0,15.0,Cubierta (85.0% Contratos / 15.0% Bolsa),340.1795,32500000.0,32250000.0,3225000.0,342.5455,32000000.0,3250000.0,8.76e-06,0.0,280.25,280.25,257.83,6.3238,11.52,3918.82,17.72,16.31,-1.42,1.42,8.0
2026-07-01,HISTORICO,CBYC,CNIOR,BOGOTA,ENEL - BOGOTA CUNDINAMARCA,9248625.0,7861331.25,1387293.75,85.0,15.0,Cubierta (85.0% Contratos / 15.0% Bolsa),340.1795,45500000.0,45150000.0,4515000.0,342.5455,44800000.0,4550000.0,8.76e-06,0.0,392.36,392.36,360.97,6.3238,16.13,5486.35,24.81,22.83,-1.98,1.98,8.0
2026-07-01,HISTORICO,CBYC,CNIOR,CARIBE_MAR,AFINIA - CARIBE MAR,9248625.0,7861331.25,1387293.75,85.0,15.0,Cubierta (85.0% Contratos / 15.0% Bolsa),340.1795,36400000.0,36120000.0,3612000.0,342.5455,35840000.0,3640000.0,8.76e-06,0.0,313.89,313.89,288.77,6.3238,12.9,4389.08,19.85,18.26,-1.59,1.59,8.0
2026-07-01,HISTORICO,CBYC,CNIOR,CARIBE_SOL,AIR-E - CARIBE SOL,9248625.0,7861331.25,1387293.75,85.0,15.0,Cubierta (85.0% Contratos / 15.0% Bolsa),340.1795,28600000.0,28380000.0,2838000.0,342.5455,28160000.0,2860000.0,8.76e-06,0.0,246.62,246.62,226.89,6.3238,10.14,3448.57,15.6,14.35,-1.25,1.25,8.0
2026-07-01,HISTORICO,CBYC,CNIOR,CUNDINAMARCA,EEC - CUNDINAMARCA,9248625.0,7861331.25,1387293.75,85.0,15.0,Cubierta (85.0% Contratos / 15.0% Bolsa),340.1795,11700000.0,11610000.0,1161000.0,342.5455,11520000.0,1170000.0,8.76e-06,0.0,100.89,100.89,92.82,6.3238,4.15,1410.78,6.38,5.87,-0.51,0.51,8.0
2026-07-01,HISTORICO,CBYC,CNIOR,SANTANDER,ESSA - SANTANDER,9248625.0,7861331.25,1387293.75,85.0,15.0,Cubierta (85.0% Contratos / 15.0% Bolsa),340.1795,18200000.0,18060000.0,1806000.0,342.5455,17920000.0,1820000.0,8.76e-06,0.0,156.94,156.94,144.39,6.3238,6.45,2194.54,9.92,9.13,-0.79,0.79,8.0
2026-07-01,HISTORICO,CBYC,CNIOR,TOLIMA,ELET - TOLIMA,9248625.0,7861331.25,1387293.75,85.0,15.0,Cubierta (85.0% Contratos / 15.0% Bolsa),340.1795,9750000.0,9675000.0,967500.0,342.5455,9600000.0,975000.0,8.76e-06,0.0,84.08,84.08,77.35,6.3238,3.46,1175.65,5.32,4.89,-0.43,0.43,8.0
2026-07-01,HISTORICO,CBYC,CNIOR,VALLE,CVC - VALLE DEL CAUCA,9248625.0,7861331.25,1387293.75,85.0,15.0,Cubierta (85.0% Contratos / 15.0% Bolsa),340.1795,23400000.0,23220000.0,2322000.0,342.5455,23040000.0,2340000.0,8.76e-06,0.0,201.78,201.78,185.64,6.3238,8.29,2821.55,12.76,11.74,-1.02,1.02,8.0
2026-08-01,HISTORICO,CBYC,CNIOR,ANTIOQUIA,EPM - ANTIOQUIA,9300006.25,7905005.31,1395000.94,85.0,15.0,Cubierta (85.0% Contratos / 15.0% Bolsa),351.4394,32750000.0,32500000.0,3250000.0,340.1795,32250000.0,3275000.0,8.82e-06,0.0,284.41,284.41,261.66,6.3238,11.69,4108.54,17.99,16.55,-1.44,1.44,8.0
2026-08-01,FORECAST,CBYC,CNIOR,ANTIOQUIA,EPM - ANTIOQUIA,1504970.37,1279224.82,225745.56,85.0,15.0,Cubierta (85.0% Contratos / 15.0% Bolsa),363.9117,110855754.59,108638639.5,10863863.95,360.2726,106421524.41,11085575.46,1.05e-05,0.0,225745.56,126386364.26,116275455.12,0.3277,4514.91,1643022.74,2527727.29,2325509.1,-202218.18,202218.18,8.0
2026-08-01,HISTORICO,CBYC,CNIOR,BOGOTA,ENEL - BOGOTA CUNDINAMARCA,9300006.25,7905005.31,1395000.94,85.0,15.0,Cubierta (85.0% Contratos / 15.0% Bolsa),351.4394,45850000.0,45500000.0,4550000.0,340.1795,45150000.0,4585000.0,8.82e-06,0.0,398.17,398.17,366.32,6.3238,16.37,5751.96,25.18,23.17,-2.01,2.01,8.0
2026-08-01,FORECAST,CBYC,CNIOR,BOGOTA,ENEL - BOGOTA CUNDINAMARCA,1504970.37,1279224.82,225745.56,85.0,15.0,Cubierta (85.0% Contratos / 15.0% Bolsa),363.9117,156590532.32,153458721.67,15345872.17,360.2726,150326911.03,15659053.23,1.05e-05,0.0,225745.56,126386364.26,116275455.12,0.3277,4514.91,1643022.74,2527727.29,2325509.1,-202218.18,202218.18,8.0
2026-08-01,HISTORICO,CBYC,CNIOR,CARIBE_MAR,AFINIA - CARIBE MAR,9300006.25,7905005.31,1395000.94,85.0,15.0,Cubierta (85.0% Contratos / 15.0% Bolsa),351.4394,36680000.0,36400000.0,3640000.0,340.1795,36120000.0,3668000.0,8.82e-06,0.0,318.54,318.54,293.05,6.3238,13.09,4601.57,20.14,18.53,-1.61,1.61,8.0
2026-08-01,FORECAST,CBYC,CNIOR,CARIBE_MAR,AFINIA - CARIBE MAR,1504970.37,1279224.82,225745.56,85.0,15.0,Cubierta (85.0% Contratos / 15.0% Bolsa),363.9117,124980981.66,122481362.03,12248136.2,360.2726,119981742.39,12498098.17,1.05e-05,0.0,225745.56,126386364.26,116275455.12,0.3277,4514.91,1643022.74,2527727.29,2325509.1,-202218.18,202218.18,8.0
2026-08-01,HISTORICO,CBYC,CNIOR,CARIBE_SOL,AIR-E - CARIBE SOL,9300006.25,7905005.31,1395000.94,85.0,15.0,Cubierta (85.0% Contratos / 15.0% Bolsa),351.4394,28820000.0,28600000.0,2860000.0,340.1795,28380000.0,2882000.0,8.82e-06,0.0,250.28,250.28,230.26,6.3238,10.29,3615.52,15.83,14.56,-1.27,1.27,8.0
2026-08-01,FORECAST,CBYC,CNIOR,CARIBE_SOL,AIR-E - CARIBE SOL,1504970.37,1279224.82,225745.56,85.0,15.0,Cubierta (85.0% Contratos / 15.0% Bolsa),363.9117,97851651.13,95894618.11,9589461.81,360.2726,93937585.08,9785165.11,1.05e-05,0.0,225745.56,126386364.26,116275455.12,0.3277,4514.91,1643022.74,2527727.29,2325509.1,-202218.18,202218.18,8.0
2026-08-01,HISTORICO,CBYC,CNIOR,CUNDINAMARCA,EEC - CUNDINAMARCA,9300006.25,7905005.31,1395000.94,85.0,15.0,Cubierta (85.0% Contratos / 15.0% Bolsa),351.4394,11790000.0,11700000.0,1170000.0,340.1795,11610000.0,1179000.0,8.82e-06,0.0,102.39,102.39,94.2,6.3238,4.21,1479.08,6.47,5.96,-0.52,0.52,8.0
2026-08-01,FORECAST,CBYC,CNIOR,CUNDINAMARCA,EEC - CUNDINAMARCA,1504970.37,1279224.82,225745.56,85.0,15.0,Cubierta (85.0% Contratos / 15.0% Bolsa),363.9117,40022597.91,39222145.95,3922214.6,360.2726,38421693.99,4002259.79,1.05e-05,0.0,225745.56,126386364.26,116275455.12,0.3277,4514.91,1643022.74,2527727.29,2325509.1,-202218.18,202218.18,8.0
2026-08-01,HISTORICO,CBYC,CNIOR,SANTANDER,ESSA - SANTANDER,9300006.25,7905005.31,1395000.94,85.0,15.0,Cubierta (85.0% Contratos / 15.0% Bolsa),351.4394,18340000.0,18200000.0,1820000.0,340.1795,18060000.0,1834000.0,8.82e-06,0.0,159.27,159.27,146.53,6.3238,6.55,2300.78,10.07,9.27,-0.81,0.81,8.0
2026-08-01,FORECAST,CBYC,CNIOR,SANTANDER,ESSA - SANTANDER,1504970.37,1279224.82,225745.56,85.0,15.0,Cubierta (85.0% Contratos / 15.0% Bolsa),363.9117,62550412.17,61299403.93,6129940.39,360.2726,60048395.68,6255041.22,1.05e-05,0.0,225745.56,126386364.26,116275455.12,0.3277,4514.91,1643022.74,2527727.29,2325509.1,-202218.18,202218.18,8.0
2026-08-01,HISTORICO,CBYC,CNIOR,TOLIMA,ELET - TOLIMA,9300006.25,7905005.31,1395000.94,85.0,15.0,Cubierta (85.0% Contratos / 15.0% Bolsa),351.4394,9825000.0,9750000.0,975000.0,340.1795,9675000.0,982500.0,8.82e-06,0.0,85.32,85.32,78.5,6.3238,3.51,1232.56,5.4,4.96,-0.43,0.43,8.0
2026-08-01,FORECAST,CBYC,CNIOR,TOLIMA,ELET - TOLIMA,1504970.37,1279224.82,225745.56,85.0,15.0,Cubierta (85.0% Contratos / 15.0% Bolsa),363.9117,33492669.42,32822816.03,3282281.6,360.2726,32152962.64,3349266.94,1.05e-05,0.0,225745.56,126386364.26,116275455.12,0.3277,4514.91,1643022.74,2527727.29,2325509.1,-202218.18,202218.18,8.0
2026-08-01,HISTORICO,CBYC,CNIOR,VALLE,CVC - VALLE DEL CAUCA,9300006.25,7905005.31,1395000.94,85.0,15.0,Cubierta (85.0% Contratos / 15.0% Bolsa),351.4394,23580000.0,23400000.0,2340000.0,340.1795,23220000.0,2358000.0,8.82e-06,0.0,204.77,204.77,188.39,6.3238,8.42,2958.15,12.95,11.91,-1.04,1.04,8.0
2026-08-01,FORECAST,CBYC,CNIOR,VALLE,CVC - VALLE DEL CAUCA,1504970.37,1279224.82,225745.56,85.0,15.0,Cubierta (85.0% Contratos / 15.0% Bolsa),363.9117,80250277.38,78645271.83,7864527.18,360.2726,77040266.28,8025027.74,1.05e-05,0.0,225745.56,126386364.26,116275455.12,0.3277,4514.91,1643022.74,2527727.29,2325509.1,-202218.18,202218.18,8.0
2026-09-01,HISTORICO,CBYC,CNIOR,ANTIOQUIA,EPM - ANTIOQUIA,9351387.5,7948679.38,1402708.13,85.0,15.0,Cubierta (85.0% Contratos / 15.0% Bolsa),368.2714,33000000.0,32750000.0,3275000.0,351.4394,32500000.0,3300000.0,8.54e-06,0.0,277.43,277.43,255.24,6.3238,11.4,4199.69,17.54,16.14,-1.4,1.4,8.0
2026-09-01,FORECAST,CBYC,CNIOR,ANTIOQUIA,EPM - ANTIOQUIA,12239147.57,10403275.43,1835872.14,85.0,15.0,Cubierta (85.0% Contratos / 15.0% Bolsa),366.3732,875143221.02,857640356.6,85764035.66,362.7095,840137492.18,87514322.1,1.05e-05,0.0,1835872.14,1034755295.04,951974871.44,0.3401,36717.44,13451818.84,20695105.9,19039497.43,-1655608.47,1655608.47,8.0
2026-09-01,HISTORICO,CBYC,CNIOR,BOGOTA,ENEL - BOGOTA CUNDINAMARCA,9351387.5,7948679.38,1402708.13,85.0,15.0,Cubierta (85.0% Contratos / 15.0% Bolsa),368.2714,46200000.0,45850000.0,4585000.0,351.4394,45500000.0,4620000.0,8.54e-06,0.0,388.4,388.4,357.33,6.3238,15.97,5879.56,24.56,22.6,-1.96,1.96,8.0
2026-09-01,FORECAST,CBYC,CNIOR,BOGOTA,ENEL - BOGOTA CUNDINAMARCA,12239147.57,10403275.43,1835872.14,85.0,15.0,Cubierta (85.0% Contratos / 15.0% Bolsa),366.3732,1221171093.93,1196747672.05,119674767.21,362.7095,1172324250.17,122117109.39,1.05e-05,0.0,1835872.14,1034755295.04,951974871.44,0.3401,36717.44,13451818.84,20695105.9,19039497.43,-1655608.47,1655608.47,8.0
2026-09-01,HISTORICO,CBYC,CNIOR,CARIBE_MAR,AFINIA - CARIBE MAR,9351387.5,7948679.38,1402708.13,85.0,15.0,Cubierta (85.0% Contratos / 15.0% Bolsa),368.2714,36960000.0,36680000.0,3668000.0,351.4394,36400000.0,3696000.0,8.54e-06,0.0,310.72,310.72,285.86,6.3238,12.77,4703.65,19.65,18.08,-1.57,1.57,8.0
2026-09-01,FORECAST,CBYC,CNIOR,CARIBE_MAR,AFINIA - CARIBE MAR,12239147.57,10403275.43,1835872.14,85.0,15.0,Cubierta (85.0% Contratos / 15.0% Bolsa),366.3732,978057116.35,958495974.02,95849597.4,362.7095,938934831.7,97805711.64,1.05e-05,0.0,1835872.14,1034755295.04,951974871.44,0.3401,36717.44,13451818.84,20695105.9,19039497.43,-1655608.47,1655608.47,8.0
2026-09-01,HISTORICO,CBYC,CNIOR,CARIBE_SOL,AIR-E - CARIBE SOL,9351387.5,7948679.38,1402708.13,85.0,15.0,Cubierta (85.0% Contratos / 15.0% Bolsa),368.2714,29040000.0,28820000.0,2882000.0,351.4394,28600000.0,2904000.0,8.54e-06,0.0,244.14,244.14,224.61,6.3238,10.04,3695.72,15.44,14.2,-1.24,1.24,8.0
2026-09-01,FORECAST,CBYC,CNIOR,CARIBE_SOL,AIR-E - CARIBE SOL,12239147.57,10403275.43,1835872.14,85.0,15.0,Cubierta (85.0% Contratos / 15.0% Bolsa),366.3732,767814572.6,752458281.15,75245828.11,362.7095,737101989.7,76781457.26,1.05e-05,0.0,1835872.14,1034755295.04,951974871.44,0.3401,36717.44,13451818.84,20695105.9,19039497.43,-1655608.47,1655608.47,8.0
2026-09-01,HISTORICO,CBYC,CNIOR,CUNDINAMARCA,EEC - CUNDINAMARCA,9351387.5,7948679.38,1402708.13,85.0,15.0,Cubierta (85.0% Contratos / 15.0% Bolsa),368.2714,11880000.0,11790000.0,1179000.0,351.4394,11700000.0,1188000.0,8.54e-06,0.0,99.87,99.87,91.88,6.3238,4.11,1511.89,6.32,5.81,-0.51,0.51,8.0
2026-09-01,FORECAST,CBYC,CNIOR,CUNDINAMARCA,EEC - CUNDINAMARCA,12239147.57,10403275.43,1835872.14,85.0,15.0,Cubierta (85.0% Contratos / 15.0% Bolsa),366.3732,314285089.35,307999387.56,30799938.76,362.7095,301713685.78,31428508.94,1.05e-05,0.0,1835872.14,1034755295.04,951974871.44,0.3401,36717.44,13451818.84,20695105.9,19039497.43,-1655608.47,1655608.47,8.0
2026-09-01,HISTORICO,CBYC,CNIOR,SANTANDER,ESSA - SANTANDER,9351387.5,7948679.38,1402708.13,85.0,15.0,Cubierta (85.0% Contratos / 15.0% Bolsa),368.2714,18480000.0,18340000.0,1834000.0,351.4394,18200000.0,1848000.0,8.54e-06,0.0,155.36,155.36,142.93,6.3238,6.39,2351.82,9.82,9.04,-0.79,0.79,8.0
2026-09-01,FORECAST,CBYC,CNIOR,SANTANDER,ESSA - SANTANDER,12239147.57,10403275.43,1835872.14,85.0,15.0,Cubierta (85.0% Contratos / 15.0% Bolsa),366.3732,488781447.93,479005818.97,47900581.9,362.7095,469230190.01,48878144.79,1.05e-05,0.0,1835872.14,1034755295.04,951974871.44,0.3401,36717.44,13451818.84,20695105.9,19039497.43,-1655608.47,1655608.47,8.0
2026-09-01,HISTORICO,CBYC,CNIOR,TOLIMA,ELET - TOLIMA,9351387.5,7948679.38,1402708.13,85.0,15.0,Cubierta (85.0% Contratos / 15.0% Bolsa),368.2714,9900000.0,9825000.0,982500.0,351.4394,9750000.0,990000.0,8.54e-06,0.0,83.23,83.23,76.57,6.3238,3.42,1259.91,5.26,4.84,-0.42,0.42,8.0
2026-09-01,FORECAST,CBYC,CNIOR,TOLIMA,ELET - TOLIMA,12239147.57,10403275.43,1835872.14,85.0,15.0,Cubierta (85.0% Contratos / 15.0% Bolsa),366.3732,262536510.27,257285780.06,25728578.01,362.7095,252035049.86,26253651.03,1.05e-05,0.0,1835872.14,1034755295.04,951974871.44,0.3401,36717.44,13451818.84,20695105.9,19039497.43,-1655608.47,1655608.47,8.0
2026-09-01,HISTORICO,CBYC,CNIOR,VALLE,CVC - VALLE DEL CAUCA,9351387.5,7948679.38,1402708.13,85.0,15.0,Cubierta (85.0% Contratos / 15.0% Bolsa),368.2714,23760000.0,23580000.0,2358000.0,351.4394,23400000.0,2376000.0,8.54e-06,0.0,199.75,199.75,183.77,6.3238,8.21,3023.77,12.63,11.62,-1.01,1.01,8.0
2026-09-01,FORECAST,CBYC,CNIOR,VALLE,CVC - VALLE DEL CAUCA,12239147.57,10403275.43,1835872.14,85.0,15.0,Cubierta (85.0% Contratos / 15.0% Bolsa),366.3732,628915891.12,616337573.3,61633757.33,362.7095,603759255.48,62891589.11,1.05e-05,0.0,1835872.14,1034755295.04,951974871.44,0.3401,36717.44,13451818.84,20695105.9,19039497.43,-1655608.47,1655608.47,8.0
2026-10-01,HISTORICO,CBYC,CNIOR,ANTIOQUIA,EPM - ANTIOQUIA,9402768.75,7992353.44,1410415.31,85.0,15.0,Cubierta (85.0% Contratos / 15.0% Bolsa),377.4987,33250000.0,33000000.0,3300000.0,368.2714,32750000.0,3325000.0,8.15e-06,0.0,266.79,266.79,245.44,6.3238,10.97,4139.76,16.87,15.52,-1.35,1.35,8.0
2026-10-01,FORECAST,CBYC,CNIOR,ANTIOQUIA,EPM - ANTIOQUIA,12674310.18,10773163.65,1901146.53,85.0,15.0,Cubierta (85.0% Contratos / 15.0% Bolsa),371.1472,907812033.21,889655792.55,88965579.25,367.4357,871499551.88,90781203.32,1.05e-05,0.0,1901146.53,1085625890.15,998775818.94,0.3389,38022.93,14113136.57,21712517.8,19975516.38,-1737001.42,1737001.42,8.0
2026-10-01,HISTORICO,CBYC,CNIOR,BOGOTA,ENEL - BOGOTA CUNDINAMARCA,9402768.75,7992353.44,1410415.31,85.0,15.0,Cubierta (85.0% Contratos / 15.0% Bolsa),377.4987,46550000.0,46200000.0,4620000.0,368.2714,45850000.0,4655000.0,8.15e-06,0.0,373.5,373.5,343.62,6.3238,15.35,5795.66,23.62,21.73,-1.89,1.89,8.0
2026-10-01,FORECAST,CBYC,CNIOR,BOGOTA,ENEL - BOGOTA CUNDINAMARCA,12674310.18,10773163.65,1901146.53,85.0,15.0,Cubierta (85.0% Contratos / 15.0% Bolsa),371.1472,1270918908.23,1245500530.07,124550053.01,367.4357,1220082151.9,127091890.82,1.05e-05,0.0,1901146.53,1085625890.15,998775818.94,0.3389,38022.93,14113136.57,21712517.8,19975516.38,-1737001.42,1737001.42,8.0
2026-10-01,HISTORICO,CBYC,CNIOR,CARIBE_MAR,AFINIA - CARIBE MAR,9402768.75,7992353.44,1410415.31,85.0,15.0,Cubierta (85.0% Contratos / 15.0% Bolsa),377.4987,37240000.0,36960000.0,3696000.0,368.2714,36680000.0,3724000.0,8.15e-06,0.0,298.8,298.8,274.9,6.3238,12.28,4636.53,18.9,17.38,-1.51,1.51,8.0
2026-10-01,FORECAST,CBYC,CNIOR,CARIBE_MAR,AFINIA - CARIBE MAR,12674310.18,10773163.65,1901146.53,85.0,15.0,Cubierta (85.0% Contratos / 15.0% Bolsa),371.1472,1015717906.96,995403548.82,99540354.88,367.4357,975089190.68,101571790.7,1.05e-05,0.0,1901146.53,1085625890.15,998775818.94,0.3389,38022.93,14113136.57,21712517.8,19975516.38,-1737001.42,1737001.42,8.0
2026-10-01,HISTORICO,CBYC,CNIOR,CARIBE_SOL,AIR-E - CARIBE SOL,9402768.75,7992353.44,1410415.31,85.0,15.0,Cubierta (85.0% Contratos / 15.0% Bolsa),377.4987,29260000.0,29040000.0,2904000.0,368.2714,28820000.0,2926000.0,8.15e-06,0.0,234.77,234.77,215.99,6.3238,9.65,3642.98,14.85,13.66,-1.19,1.19,8.0
2026-10-01,FORECAST,CBYC,CNIOR,CARIBE_SOL,AIR-E - CARIBE SOL,12674310.18,10773163.65,1901146.53,85.0,15.0,Cubierta (85.0% Contratos / 15.0% Bolsa),371.1472,797572718.9,781621264.52,78162126.45,367.4357,765669810.14,79757271.89,1.05e-05,0.0,1901146.53,1085625890.15,998775818.94,0.3389,38022.93,14113136.57,21712517.8,19975516.38,-1737001.42,1737001.42,8.0
2026-10-01,HISTORICO,CBYC,CNIOR,CUNDINAMARCA,EEC - CUNDINAMARCA,9402768.75,7992353.44,1410415.31,85.0,15.0,Cubierta (85.0% Contratos / 15.0% Bolsa),377.4987,11970000.0,11880000.0,1188000.0,368.2714,11790000.0,1197000.0,8.15e-06,0.0,96.04,96.04,88.36,6.3238,3.95,1490.31,6.07,5.59,-0.49,0.49,8.0
2026-10-01,FORECAST,CBYC,CNIOR,CUNDINAMARCA,EEC - CUNDINAMARCA,12674310.18,10773163.65,1901146.53,85.0,15.0,Cubierta (85.0% Contratos / 15.0% Bolsa),371.1472,326330435.47,319803826.76,31980382.68,367.4357,313277218.05,32633043.55,1.05e-05,0.0,1901146.53,1085625890.15,998775818.94,0.3389,38022.93,14113136.57,21712517.8,19975516.38,-1737001.42,1737001.42,8.0
2026-10-01,HISTORICO,CBYC,CNIOR,SANTANDER,ESSA - SANTANDER,9402768.75,7992353.44,1410415.31,85.0,15.0,Cubierta (85.0% Contratos / 15.0% Bolsa),377.4987,18620000.0,18480000.0,1848000.0,368.2714,18340000.0,1862000.0,8.15e-06,0.0,149.4,149.4,137.45,6.3238,6.14,2318.26,9.45,8.69,-0.76,0.76,8.0
2026-10-01,FORECAST,CBYC,CNIOR,SANTANDER,ESSA - SANTANDER,12674310.18,10773163.65,1901146.53,85.0,15.0,Cubierta (85.0% Contratos / 15.0% Bolsa),371.1472,509207527.34,499023376.79,49902337.68,367.4357,488839226.25,50920752.73,1.05e-05,0.0,1901146.53,1085625890.15,998775818.94,0.3389,38022.93,14113136.57,21712517.8,19975516.38,-1737001.42,1737001.42,8.0
2026-10-01,HISTORICO,CBYC,CNIOR,TOLIMA,ELET - TOLIMA,9402768.75,7992353.44,1410415.31,85.0,15.0,Cubierta (85.0% Contratos / 15.0% Bolsa),377.4987,9975000.0,9900000.0,990000.0,368.2714,9825000.0,997500.0,8.15e-06,0.0,80.04,80.04,73.63,6.3238,3.29,1241.93,5.06,4.66,-0.4,0.4,8.0
2026-10-01,FORECAST,CBYC,CNIOR,TOLIMA,ELET - TOLIMA,12674310.18,10773163.65,1901146.53,85.0,15.0,Cubierta (85.0% Contratos / 15.0% Bolsa),371.1472,272157672.57,266714519.12,26671451.91,367.4357,261271365.67,27215767.26,1.05e-05,0.0,1901146.53,1085625890.15,998775818.94,0.3389,38022.93,14113136.57,21712517.8,19975516.38,-1737001.42,1737001.42,8.0
2026-10-01,HISTORICO,CBYC,CNIOR,VALLE,CVC - VALLE DEL CAUCA,9402768.75,7992353.44,1410415.31,85.0,15.0,Cubierta (85.0% Contratos / 15.0% Bolsa),377.4987,23940000.0,23760000.0,2376000.0,368.2714,23580000.0,2394000.0,8.15e-06,0.0,192.09,192.09,176.72,6.3238,7.9,2980.62,12.15,11.18,-0.97,0.97,8.0
2026-10-01,FORECAST,CBYC,CNIOR,VALLE,CVC - VALLE DEL CAUCA,12674310.18,10773163.65,1901146.53,85.0,15.0,Cubierta (85.0% Contratos / 15.0% Bolsa),371.1472,654247290.5,641162344.69,64116234.47,367.4357,628077398.88,65424729.05,1.05e-05,0.0,1901146.53,1085625890.15,998775818.94,0.3389,38022.93,14113136.57,21712517.8,19975516.38,-1737001.42,1737001.42,8.0
2026-11-01,HISTORICO,CBYC,CNIOR,ANTIOQUIA,EPM - ANTIOQUIA,9454150.0,8036027.5,1418122.5,85.0,15.0,Cubierta (85.0% Contratos / 15.0% Bolsa),372.9362,33500000.0,33250000.0,3325000.0,377.4987,33000000.0,3350000.0,7.95e-06,0.0,262.25,262.25,241.27,6.3238,10.78,4020.21,16.58,15.26,-1.33,1.33,8.0
2026-11-01,FORECAST,CBYC,CNIOR,ANTIOQUIA,EPM - ANTIOQUIA,12333940.31,10483849.27,1850091.05,85.0,15.0,Cubierta (85.0% Contratos / 15.0% Bolsa),373.3027,885055286.88,867354181.14,86735418.11,369.5696,849653075.4,88505528.69,1.05e-05,0.0,1850091.05,1062445626.55,977449976.43,0.3384,37001.82,13811793.15,21248912.53,19548999.53,-1699913.0,1699913.0,8.0
2026-11-01,HISTORICO,CBYC,CNIOR,BOGOTA,ENEL - BOGOTA CUNDINAMARCA,9454150.0,8036027.5,1418122.5,85.0,15.0,Cubierta (85.0% Contratos / 15.0% Bolsa),372.9362,46900000.0,46550000.0,4655000.0,377.4987,46200000.0,4690000.0,7.95e-06,0.0,367.15,367.15,337.78,6.3238,15.09,5628.3,23.22,21.36,-1.86,1.86,8.0
2026-11-01,FORECAST,CBYC,CNIOR,BOGOTA,ENEL - BOGOTA CUNDINAMARCA,12333940.31,10483849.27,1850091.05,85.0,15.0,Cubierta (85.0% Contratos / 15.0% Bolsa),373.3027,1239312035.69,1214525794.98,121452579.5,369.5696,1189739554.26,123931203.57,1.05e-05,0.0,1850091.05,1062445626.55,977449976.43,0.3384,37001.82,13811793.15,21248912.53,19548999.53,-1699913.0,1699913.0,8.0
2026-11-01,HISTORICO,CBYC,CNIOR,CARIBE_MAR,AFINIA - CARIBE MAR,9454150.0,8036027.5,1418122.5,85.0,15.0,Cubierta (85.0% Contratos / 15.0% Bolsa),372.9362,37520000.0,37240000.0,3724000.0,377.4987,36960000.0,3752000.0,7.95e-06,0.0,293.72,293.72,270.23,6.3238,12.07,4502.64,18.57,17.09,-1.49,1.49,8.0
2026-11-01,FORECAST,CBYC,CNIOR,CARIBE_MAR,AFINIA - CARIBE MAR,12333940.31,10483849.27,1850091.05,85.0,15.0,Cubierta (85.0% Contratos / 15.0% Bolsa),373.3027,991236213.42,971411489.15,97141148.92,369.5696,951586764.88,99123621.34,1.05e-05,0.0,1850091.05,1062445626.55,977449976.43,0.3384,37001.82,13811793.15,21248912.53,19548999.53,-1699913.0,1699913.0,8.0
2026-11-01,HISTORICO,CBYC,CNIOR,CARIBE_SOL,AIR-E - CARIBE SOL,9454150.0,8036027.5,1418122.5,85.0,15.0,Cubierta (85.0% Contratos / 15.0% Bolsa),372.9362,29480000.0,29260000.0,2926000.0,377.4987,29040000.0,2948000.0,7.95e-06,0.0,230.78,230.78,212.32,6.3238,9.49,3537.79,14.59,13.43,-1.17,1.17,8.0
2026-11-01,FORECAST,CBYC,CNIOR,CARIBE_SOL,AIR-E - CARIBE SOL,12333940.31,10483849.27,1850091.05,85.0,15.0,Cubierta (85.0% Contratos / 15.0% Bolsa),373.3027,776330260.4,760803655.19,76080365.52,369.5696,745277049.98,77633026.04,1.05e-05,0.0,1850091.05,1062445626.55,977449976.43,0.3384,37001.82,13811793.15,21248912.53,19548999.53,-1699913.0,1699913.0,8.0
2026-11-01,HISTORICO,CBYC,CNIOR,CUNDINAMARCA,EEC - CUNDINAMARCA,9454150.0,8036027.5,1418122.5,85.0,15.0,Cubierta (85.0% Contratos / 15.0% Bolsa),372.9362,12060000.0,11970000.0,1197000.0,377.4987,11880000.0,1206000.0,7.95e-06,0.0,94.41,94.41,86.86,6.3238,3.88,1447.28,5.97,5.49,-0.48,0.48,8.0
2026-11-01,FORECAST,CBYC,CNIOR,CUNDINAMARCA,EEC - CUNDINAMARCA,12333940.31,10483849.27,1850091.05,85.0,15.0,Cubierta (85.0% Contratos / 15.0% Bolsa),373.3027,318566335.44,312195008.73,31219500.87,369.5696,305823682.02,31856633.54,1.05e-05,0.0,1850091.05,1062445626.55,977449976.43,0.3384,37001.82,13811793.15,21248912.53,19548999.53,-1699913.0,1699913.0,8.0
2026-11-01,HISTORICO,CBYC,CNIOR,SANTANDER,ESSA - SANTANDER,9454150.0,8036027.5,1418122.5,85.0,15.0,Cubierta (85.0% Contratos / 15.0% Bolsa),372.9362,18760000.0,18620000.0,1862000.0,377.4987,18480000.0,1876000.0,7.95e-06,0.0,146.86,146.86,135.11,6.3238,6.04,2251.32,9.29,8.54,-0.74,0.74,8.0
2026-11-01,FORECAST,CBYC,CNIOR,SANTANDER,ESSA - SANTANDER,12333940.31,10483849.27,1850091.05,85.0,15.0,Cubierta (85.0% Contratos / 15.0% Bolsa),373.3027,495639729.56,485726934.97,48572693.5,369.5696,475814140.38,49563972.96,1.05e-05,0.0,1850091.05,1062445626.55,977449976.43,0.3384,37001.82,13811793.15,21248912.53,19548999.53,-1699913.0,1699913.0,8.0
2026-11-01,HISTORICO,CBYC,CNIOR,TOLIMA,ELET - TOLIMA,9454150.0,8036027.5,1418122.5,85.0,15.0,Cubierta (85.0% Contratos / 15.0% Bolsa),372.9362,10050000.0,9975000.0,997500.0,377.4987,9900000.0,1005000.0,7.95e-06,0.0,78.68,78.68,72.38,6.3238,3.23,1206.06,4.98,4.58,-0.4,0.4,8.0
2026-11-01,FORECAST,CBYC,CNIOR,TOLIMA,ELET - TOLIMA,12333940.31,10483849.27,1850091.05,85.0,15.0,Cubierta (85.0% Contratos / 15.0% Bolsa),373.3027,264909989.77,259611789.97,25961179.0,369.5696,254313590.18,26490998.98,1.05e-05,0.0,1850091.05,1062445626.55,977449976.43,0.3384,37001.82,13811793.15,21248912.53,19548999.53,-1699913.0,1699913.0,8.0
2026-11-01,HISTORICO,CBYC,CNIOR,VALLE,CVC - VALLE DEL CAUCA,9454150.0,8036027.5,1418122.5,85.0,15.0,Cubierta (85.0% Contratos / 15.0% Bolsa),372.9362,24120000.0,23940000.0,2394000.0,377.4987,23760000.0,2412000.0,7.95e-06,0.0,188.82,188.82,173.72,6.3238,7.76,2894.55,11.94,10.99,-0.96,0.96,8.0
2026-11-01,FORECAST,CBYC,CNIOR,VALLE,CVC - VALLE DEL CAUCA,12333940.31,10483849.27,1850091.05,85.0,15.0,Cubierta (85.0% Contratos / 15.0% Bolsa),373.3027,637048794.23,624307818.35,62430781.83,369.5696,611566842.46,63704879.42,1.05e-05,0.0,1850091.05,1062445626.55,977449976.43,0.3384,37001.82,13811793.15,21248912.53,19548999.53,-1699913.0,1699913.0,8.0
2026-12-01,HISTORICO,CBYC,CNIOR,ANTIOQUIA,EPM - ANTIOQUIA,9505531.25,8079701.56,1425829.69,85.0,15.0,Cubierta (85.0% Contratos / 15.0% Bolsa),361.0773,33750000.0,33500000.0,3350000.0,372.9362,33250000.0,3375000.0,8.04e-06,0.0,267.47,267.47,246.07,6.3238,10.99,3969.84,16.91,15.56,-1.35,1.35,8.0
2026-12-01,FORECAST,CBYC,CNIOR,ANTIOQUIA,EPM - ANTIOQUIA,13033659.15,11078610.27,1955048.87,85.0,15.0,Cubierta (85.0% Contratos / 15.0% Bolsa),379.3378,929423449.37,910834980.38,91083498.04,375.5444,892246511.4,92942344.94,1.05e-05,0.0,1955048.87,1140946098.68,1049670410.79,0.3405,39100.98,14832299.28,22818921.97,20993408.22,-1825513.76,1825513.76,8.0
2026-12-01,HISTORICO,CBYC,CNIOR,BOGOTA,ENEL - BOGOTA CUNDINAMARCA,9505531.25,8079701.56,1425829.69,85.0,15.0,Cubierta (85.0% Contratos / 15.0% Bolsa),361.0773,47250000.0,46900000.0,4690000.0,372.9362,46550000.0,4725000.0,8.04e-06,0.0,374.46,374.46,344.5,6.3238,15.39,5557.78,23.68,21.79,-1.89,1.89,8.0
2026-12-01,FORECAST,CBYC,CNIOR,BOGOTA,ENEL - BOGOTA CUNDINAMARCA,13033659.15,11078610.27,1955048.87,85.0,15.0,Cubierta (85.0% Contratos / 15.0% Bolsa),379.3378,1300560246.22,1274549041.3,127454904.13,375.5444,1248537836.37,130056024.62,1.05e-05,0.0,1955048.87,1140946098.68,1049670410.79,0.3405,39100.98,14832299.28,22818921.97,20993408.22,-1825513.76,1825513.76,8.0
2026-12-01,HISTORICO,CBYC,CNIOR,CARIBE_MAR,AFINIA - CARIBE MAR,9505531.25,8079701.56,1425829.69,85.0,15.0,Cubierta (85.0% Contratos / 15.0% Bolsa),361.0773,37800000.0,37520000.0,3752000.0,372.9362,37240000.0,3780000.0,8.04e-06,0.0,299.57,299.57,275.6,6.3238,12.31,4446.22,18.94,17.43,-1.52,1.52,8.0
2026-12-01,FORECAST,CBYC,CNIOR,CARIBE_MAR,AFINIA - CARIBE MAR,13033659.15,11078610.27,1955048.87,85.0,15.0,Cubierta (85.0% Contratos / 15.0% Bolsa),379.3378,1039658501.53,1018865331.5,101886533.15,375.5444,998072161.47,103965850.15,1.05e-05,0.0,1955048.87,1140946098.68,1049670410.79,0.3405,39100.98,14832299.28,22818921.97,20993408.22,-1825513.76,1825513.76,8.0
2026-12-01,HISTORICO,CBYC,CNIOR,CARIBE_SOL,AIR-E - CARIBE SOL,9505531.25,8079701.56,1425829.69,85.0,15.0,Cubierta (85.0% Contratos / 15.0% Bolsa),361.0773,29700000.0,29480000.0,2948000.0,372.9362,29260000.0,2970000.0,8.04e-06,0.0,235.38,235.38,216.55,6.3238,9.68,3493.46,14.88,13.69,-1.19,1.19,8.0
2026-12-01,FORECAST,CBYC,CNIOR,CARIBE_SOL,AIR-E - CARIBE SOL,13033659.15,11078610.27,1955048.87,85.0,15.0,Cubierta (85.0% Contratos / 15.0% Bolsa),379.3378,816849161.31,800512178.08,80051217.81,375.5444,784175194.86,81684916.13,1.05e-05,0.0,1955048.87,1140946098.68,1049670410.79,0.3405,39100.98,14832299.28,22818921.97,20993408.22,-1825513.76,1825513.76,8.0
2026-12-01,HISTORICO,CBYC,CNIOR,CUNDINAMARCA,EEC - CUNDINAMARCA,9505531.25,8079701.56,1425829.69,85.0,15.0,Cubierta (85.0% Contratos / 15.0% Bolsa),361.0773,12150000.0,12060000.0,1206000.0,372.9362,11970000.0,1215000.0,8.04e-06,0.0,96.29,96.29,88.59,6.3238,3.96,1429.14,6.09,5.6,-0.49,0.49,8.0
2026-12-01,FORECAST,CBYC,CNIOR,CUNDINAMARCA,EEC - CUNDINAMARCA,13033659.15,11078610.27,1955048.87,85.0,15.0,Cubierta (85.0% Contratos / 15.0% Bolsa),379.3378,334024103.62,327343621.55,32734362.15,375.5444,320663139.48,33402410.36,1.05e-05,0.0,1955048.87,1140946098.68,1049670410.79,0.3405,39100.98,14832299.28,22818921.97,20993408.22,-1825513.76,1825513.76,8.0
2026-12-01,HISTORICO,CBYC,CNIOR,SANTANDER,ESSA - SANTANDER,9505531.25,8079701.56,1425829.69,85.0,15.0,Cubierta (85.0% Contratos / 15.0% Bolsa),361.0773,18900000.0,18760000.0,1876000.0,372.9362,18620000.0,1890000.0,8.04e-06,0.0,149.78,149.78,137.8,6.3238,6.16,2223.11,9.47,8.71,-0.76,0.76,8.0
2026-12-01,FORECAST,CBYC,CNIOR,SANTANDER,ESSA - SANTANDER,13033659.15,11078610.27,1955048.87,85.0,15.0,Cubierta (85.0% Contratos / 15.0% Bolsa),379.3378,520639449.7,510226660.71,51022666.07,375.5444,499813871.71,52063944.97,1.05e-05,0.0,1955048.87,1140946098.68,1049670410.79,0.3405,39100.98,14832299.28,22818921.97,20993408.22,-1825513.76,1825513.76,8.0
2026-12-01,HISTORICO,CBYC,CNIOR,TOLIMA,ELET - TOLIMA,9505531.25,8079701.56,1425829.69,85.0,15.0,Cubierta (85.0% Contratos / 15.0% Bolsa),361.0773,10125000.0,10050000.0,1005000.0,372.9362,9975000.0,1012500.0,8.04e-06,0.0,80.24,80.24,73.82,6.3238,3.3,1190.95,5.07,4.67,-0.41,0.41,8.0
2026-12-01,FORECAST,CBYC,CNIOR,TOLIMA,ELET - TOLIMA,13033659.15,11078610.27,1955048.87,85.0,15.0,Cubierta (85.0% Contratos / 15.0% Bolsa),379.3378,279135446.66,273552737.73,27355273.77,375.5444,267970028.79,27913544.67,1.05e-05,0.0,1955048.87,1140946098.68,1049670410.79,0.3405,39100.98,14832299.28,22818921.97,20993408.22,-1825513.76,1825513.76,8.0
2026-12-01,HISTORICO,CBYC,CNIOR,VALLE,CVC - VALLE DEL CAUCA,9505531.25,8079701.56,1425829.69,85.0,15.0,Cubierta (85.0% Contratos / 15.0% Bolsa),361.0773,24300000.0,24120000.0,2412000.0,372.9362,23940000.0,2430000.0,8.04e-06,0.0,192.58,192.58,177.17,6.3238,7.92,2858.29,12.18,11.2,-0.97,0.97,8.0
2026-12-01,FORECAST,CBYC,CNIOR,VALLE,CVC - VALLE DEL CAUCA,13033659.15,11078610.27,1955048.87,85.0,15.0,Cubierta (85.0% Contratos / 15.0% Bolsa),379.3378,668131931.17,654769292.55,65476929.25,375.5444,641406653.92,66813193.12,1.05e-05,0.0,1955048.87,1140946098.68,1049670410.79,0.3405,39100.98,14832299.28,22818921.97,20993408.22,-1825513.76,1825513.76,8.0
2027-01-01,HISTORICO,CBYC,CNIOR,ANTIOQUIA,EPM - ANTIOQUIA,9556912.5,8123375.62,1433536.88,85.0,15.0,Cubierta (85.0% Contratos / 15.0% Bolsa),355.1233,34000000.0,33750000.0,3375000.0,361.0773,33500000.0,3400000.0,8.31e-06,0.0,278.33,278.33,256.07,6.3238,11.44,4062.93,17.6,16.19,-1.41,1.41,8.0
2027-01-01,FORECAST,CBYC,CNIOR,ANTIOQUIA,EPM - ANTIOQUIA,12861714.13,10932457.01,1929257.12,85.0,15.0,Cubierta (85.0% Contratos / 15.0% Bolsa),385.388,923866663.43,905389330.16,90538933.02,381.5341,886911996.89,92386666.34,1.05e-05,0.0,1929257.12,1143989809.87,1052470625.08,0.3372,38585.14,14871867.53,22879796.2,21049412.5,-1830383.7,1830383.7,8.0
2027-01-01,HISTORICO,CBYC,CNIOR,BOGOTA,ENEL - BOGOTA CUNDINAMARCA,9556912.5,8123375.62,1433536.88,85.0,15.0,Cubierta (85.0% Contratos / 15.0% Bolsa),355.1233,47600000.0,47250000.0,4725000.0,361.0773,46900000.0,4760000.0,8.31e-06,0.0,389.67,389.67,358.49,6.3238,16.02,5688.11,24.64,22.67,-1.97,1.97,8.0
2027-01-01,FORECAST,CBYC,CNIOR,BOGOTA,ENEL - BOGOTA CUNDINAMARCA,12861714.13,10932457.01,1929257.12,85.0,15.0,Cubierta (85.0% Contratos / 15.0% Bolsa),385.388,1294555870.73,1268664753.32,126866475.33,381.5341,1242773635.9,129455587.07,1.05e-05,0.0,1929257.12,1143989809.87,1052470625.08,0.3372,38585.14,14871867.53,22879796.2,21049412.5,-1830383.7,1830383.7,8.0
2027-01-01,HISTORICO,CBYC,CNIOR,CARIBE_MAR,AFINIA - CARIBE MAR,9556912.5,8123375.62,1433536.88,85.0,15.0,Cubierta (85.0% Contratos / 15.0% Bolsa),355.1233,38080000.0,37800000.0,3780000.0,361.0773,37520000.0,3808000.0,8.31e-06,0.0,311.73,311.73,286.8,6.3238,12.81,4550.49,19.71,18.14,-1.58,1.58,8.0
2027-01-01,FORECAST,CBYC,CNIOR,CARIBE_MAR,AFINIA - CARIBE MAR,12861714.13,10932457.01,1929257.12,85.0,15.0,Cubierta (85.0% Contratos / 15.0% Bolsa),385.388,1035553741.99,1014842667.15,101484266.72,381.5341,994131592.31,103555374.2,1.05e-05,0.0,1929257.12,1143989809.87,1052470625.08,0.3372,38585.14,14871867.53,22879796.2,21049412.5,-1830383.7,1830383.7,8.0
2027-01-01,HISTORICO,CBYC,CNIOR,CARIBE_SOL,AIR-E - CARIBE SOL,9556912.5,8123375.62,1433536.88,85.0,15.0,Cubierta (85.0% Contratos / 15.0% Bolsa),355.1233,29920000.0,29700000.0,2970000.0,361.0773,29480000.0,2992000.0,8.31e-06,0.0,244.93,244.93,225.34,6.3238,10.07,3575.38,15.49,14.25,-1.24,1.24,8.0
2027-01-01,FORECAST,CBYC,CNIOR,CARIBE_SOL,AIR-E - CARIBE SOL,12861714.13,10932457.01,1929257.12,85.0,15.0,Cubierta (85.0% Contratos / 15.0% Bolsa),385.388,816186438.72,799862709.95,79986270.99,381.5341,783538981.17,81618643.87,1.05e-05,0.0,1929257.12,1143989809.87,1052470625.08,0.3372,38585.14,14871867.53,22879796.2,21049412.5,-1830383.7,1830383.7,8.0
2027-01-01,HISTORICO,CBYC,CNIOR,CUNDINAMARCA,EEC - CUNDINAMARCA,9556912.5,8123375.62,1433536.88,85.0,15.0,Cubierta (85.0% Contratos / 15.0% Bolsa),355.1233,12240000.0,12150000.0,1215000.0,361.0773,12060000.0,1224000.0,8.31e-06,0.0,100.2,100.2,92.18,6.3238,4.12,1462.66,6.34,5.83,-0.51,0.51,8.0
2027-01-01,FORECAST,CBYC,CNIOR,CUNDINAMARCA,EEC - CUNDINAMARCA,12861714.13,10932457.01,1929257.12,85.0,15.0,Cubierta (85.0% Contratos / 15.0% Bolsa),385.388,334036531.72,327355801.09,32735580.11,381.5341,320675070.45,33403653.17,1.05e-05,0.0,1929257.12,1143989809.87,1052470625.08,0.3372,38585.14,14871867.53,22879796.2,21049412.5,-1830383.7,1830383.7,8.0
2027-01-01,HISTORICO,CBYC,CNIOR,SANTANDER,ESSA - SANTANDER,9556912.5,8123375.62,1433536.88,85.0,15.0,Cubierta (85.0% Contratos / 15.0% Bolsa),355.1233,19040000.0,18900000.0,1890000.0,361.0773,18760000.0,1904000.0,8.31e-06,0.0,155.87,155.87,143.4,6.3238,6.41,2275.24,9.86,9.07,-0.79,0.79,8.0
2027-01-01,FORECAST,CBYC,CNIOR,SANTANDER,ESSA - SANTANDER,12861714.13,10932457.01,1929257.12,85.0,15.0,Cubierta (85.0% Contratos / 15.0% Bolsa),385.388,518884148.19,508506465.23,50850646.52,381.5341,498128782.26,51888414.82,1.05e-05,0.0,1929257.12,1143989809.87,1052470625.08,0.3372,38585.14,14871867.53,22879796.2,21049412.5,-1830383.7,1830383.7,8.0
2027-01-01,HISTORICO,CBYC,CNIOR,TOLIMA,ELET - TOLIMA,9556912.5,8123375.62,1433536.88,85.0,15.0,Cubierta (85.0% Contratos / 15.0% Bolsa),355.1233,10200000.0,10125000.0,1012500.0,361.0773,10050000.0,1020000.0,8.31e-06,0.0,83.5,83.5,76.82,6.3238,3.43,1218.88,5.28,4.86,-0.42,0.42,8.0
2027-01-01,FORECAST,CBYC,CNIOR,TOLIMA,ELET - TOLIMA,12861714.13,10932457.01,1929257.12,85.0,15.0,Cubierta (85.0% Contratos / 15.0% Bolsa),385.388,278444266.62,272875381.29,27287538.13,381.5341,267306495.96,27844426.66,1.05e-05,0.0,1929257.12,1143989809.87,1052470625.08,0.3372,38585.14,14871867.53,22879796.2,21049412.5,-1830383.7,1830383.7,8.0
2027-01-01,HISTORICO,CBYC,CNIOR,VALLE,CVC - VALLE DEL CAUCA,9556912.5,8123375.62,1433536.88,85.0,15.0,Cubierta (85.0% Contratos / 15.0% Bolsa),355.1233,24480000.0,24300000.0,2430000.0,361.0773,24120000.0,2448000.0,8.31e-06,0.0,200.4,200.4,184.37,6.3238,8.24,2925.31,12.67,11.66,-1.01,1.01,8.0
2027-01-01,FORECAST,CBYC,CNIOR,VALLE,CVC - VALLE DEL CAUCA,12861714.13,10932457.01,1929257.12,85.0,15.0,Cubierta (85.0% Contratos / 15.0% Bolsa),385.388,666314357.1,652988069.96,65298807.0,381.5341,639661782.82,66631435.71,1.05e-05,0.0,1929257.12,1143989809.87,1052470625.08,0.3372,38585.14,14871867.53,22879796.2,21049412.5,-1830383.7,1830383.7,8.0
2027-02-01,HISTORICO,CBYC,CNIOR,ANTIOQUIA,EPM - ANTIOQUIA,9608293.75,8167049.69,1441244.06,85.0,15.0,Cubierta (85.0% Contratos / 15.0% Bolsa),362.8469,34250000.0,34000000.0,3400000.0,355.1233,33750000.0,3425000.0,8.45e-06,0.0,285.11,285.11,262.3,6.3238,11.72,4252.4,18.03,16.59,-1.44,1.44,8.0
2027-02-01,FORECAST,CBYC,CNIOR,ANTIOQUIA,EPM - ANTIOQUIA,11854507.96,10076331.76,1778176.19,85.0,15.0,Cubierta (85.0% Contratos / 15.0% Bolsa),387.1475,849135529.78,832152819.18,83215281.92,383.2761,815170108.59,84913552.98,1.05e-05,0.0,1778176.19,1058903688.33,974191393.27,0.3391,35563.52,13765747.95,21178073.77,19483827.87,-1694245.9,1694245.9,8.0
2027-02-01,HISTORICO,CBYC,CNIOR,BOGOTA,ENEL - BOGOTA CUNDINAMARCA,9608293.75,8167049.69,1441244.06,85.0,15.0,Cubierta (85.0% Contratos / 15.0% Bolsa),362.8469,47950000.0,47600000.0,4760000.0,355.1233,47250000.0,4795000.0,8.45e-06,0.0,399.16,399.16,367.22,6.3238,16.41,5953.36,25.24,23.22,-2.02,2.02,8.0
2027-02-01,FORECAST,CBYC,CNIOR,BOGOTA,ENEL - BOGOTA CUNDINAMARCA,11854507.96,10076331.76,1778176.19,85.0,15.0,Cubierta (85.0% Contratos / 15.0% Bolsa),387.1475,1186299607.04,1162573614.9,116257361.49,383.2761,1138847622.76,118629960.7,1.05e-05,0.0,1778176.19,1058903688.33,974191393.27,0.3391,35563.52,13765747.95,21178073.77,19483827.87,-1694245.9,1694245.9,8.0
2027-02-01,HISTORICO,CBYC,CNIOR,CARIBE_MAR,AFINIA - CARIBE MAR,9608293.75,8167049.69,1441244.06,85.0,15.0,Cubierta (85.0% Contratos / 15.0% Bolsa),362.8469,38360000.0,38080000.0,3808000.0,355.1233,37800000.0,3836000.0,8.45e-06,0.0,319.33,319.33,293.78,6.3238,13.13,4762.69,20.19,18.58,-1.62,1.62,8.0
2027-02-01,FORECAST,CBYC,CNIOR,CARIBE_MAR,AFINIA - CARIBE MAR,11854507.96,10076331.76,1778176.19,85.0,15.0,Cubierta (85.0% Contratos / 15.0% Bolsa),387.1475,949439140.88,930450358.06,93045035.81,383.2761,911461575.24,94943914.09,1.05e-05,0.0,1778176.19,1058903688.33,974191393.27,0.3391,35563.52,13765747.95,21178073.77,19483827.87,-1694245.9,1694245.9,8.0
2027-02-01,HISTORICO,CBYC,CNIOR,CARIBE_SOL,AIR-E - CARIBE SOL,9608293.75,8167049.69,1441244.06,85.0,15.0,Cubierta (85.0% Contratos / 15.0% Bolsa),362.8469,30140000.0,29920000.0,2992000.0,355.1233,29700000.0,3014000.0,8.45e-06,0.0,250.9,250.9,230.83,6.3238,10.31,3742.11,15.87,14.6,-1.27,1.27,8.0
2027-02-01,FORECAST,CBYC,CNIOR,CARIBE_SOL,AIR-E - CARIBE SOL,11854507.96,10076331.76,1778176.19,85.0,15.0,Cubierta (85.0% Contratos / 15.0% Bolsa),387.1475,748366520.54,733399190.13,73339919.01,383.2761,718431859.72,74836652.05,1.05e-05,0.0,1778176.19,1058903688.33,974191393.27,0.3391,35563.52,13765747.95,21178073.77,19483827.87,-1694245.9,1694245.9,8.0
2027-02-01,HISTORICO,CBYC,CNIOR,CUNDINAMARCA,EEC - CUNDINAMARCA,9608293.75,8167049.69,1441244.06,85.0,15.0,Cubierta (85.0% Contratos / 15.0% Bolsa),362.8469,12330000.0,12240000.0,1224000.0,355.1233,12150000.0,1233000.0,8.45e-06,0.0,102.64,102.64,94.43,6.3238,4.22,1530.86,6.49,5.97,-0.52,0.52,8.0
2027-02-01,FORECAST,CBYC,CNIOR,CUNDINAMARCA,EEC - CUNDINAMARCA,11854507.96,10076331.76,1778176.19,85.0,15.0,Cubierta (85.0% Contratos / 15.0% Bolsa),387.1475,305155125.23,299052022.73,29905202.27,383.2761,292948920.22,30515512.52,1.05e-05,0.0,1778176.19,1058903688.33,974191393.27,0.3391,35563.52,13765747.95,21178073.77,19483827.87,-1694245.9,1694245.9,8.0
2027-02-01,HISTORICO,CBYC,CNIOR,SANTANDER,ESSA - SANTANDER,9608293.75,8167049.69,1441244.06,85.0,15.0,Cubierta (85.0% Contratos / 15.0% Bolsa),362.8469,19180000.0,19040000.0,1904000.0,355.1233,18900000.0,1918000.0,8.45e-06,0.0,159.66,159.66,146.89,6.3238,6.56,2381.34,10.1,9.29,-0.81,0.81,8.0
2027-02-01,FORECAST,CBYC,CNIOR,SANTANDER,ESSA - SANTANDER,11854507.96,10076331.76,1778176.19,85.0,15.0,Cubierta (85.0% Contratos / 15.0% Bolsa),387.1475,474502528.57,465012478.0,46501247.8,383.2761,455522427.43,47450252.86,1.05e-05,0.0,1778176.19,1058903688.33,974191393.27,0.3391,35563.52,13765747.95,21178073.77,19483827.87,-1694245.9,1694245.9,8.0
2027-02-01,HISTORICO,CBYC,CNIOR,TOLIMA,ELET - TOLIMA,9608293.75,8167049.69,1441244.06,85.0,15.0,Cubierta (85.0% Contratos / 15.0% Bolsa),362.8469,10275000.0,10200000.0,1020000.0,355.1233,10125000.0,1027500.0,8.45e-06,0.0,85.53,85.53,78.69,6.3238,3.52,1275.72,5.41,4.98,-0.43,0.43,8.0
2027-02-01,FORECAST,CBYC,CNIOR,TOLIMA,ELET - TOLIMA,11854507.96,10076331.76,1778176.19,85.0,15.0,Cubierta (85.0% Contratos / 15.0% Bolsa),387.1475,254964033.07,249864752.41,24986475.24,383.2761,244765471.75,25496403.31,1.05e-05,0.0,1778176.19,1058903688.33,974191393.27,0.3391,35563.52,13765747.95,21178073.77,19483827.87,-1694245.9,1694245.9,8.0
2027-02-01,HISTORICO,CBYC,CNIOR,VALLE,CVC - VALLE DEL CAUCA,9608293.75,8167049.69,1441244.06,85.0,15.0,Cubierta (85.0% Contratos / 15.0% Bolsa),362.8469,24660000.0,24480000.0,2448000.0,355.1233,24300000.0,2466000.0,8.45e-06,0.0,205.28,205.28,188.86,6.3238,8.44,3061.73,12.98,11.94,-1.04,1.04,8.0
2027-02-01,FORECAST,CBYC,CNIOR,VALLE,CVC - VALLE DEL CAUCA,11854507.96,10076331.76,1778176.19,85.0,15.0,Cubierta (85.0% Contratos / 15.0% Bolsa),387.1475,610671860.01,598458422.81,59845842.28,383.2761,586244985.61,61067186.0,1.05e-05,0.0,1778176.19,1058903688.33,974191393.27,0.3391,35563.52,13765747.95,21178073.77,19483827.87,-1694245.9,1694245.9,8.0
